scene,cam,frame_idx,sam3_index,cls,score,center_x,center_y,center_z,length,width,height,yaw,below_ground,free_frac,free_m3,pipeline_center_x,pipeline_center_y,pipeline_center_z,pipeline_length,pipeline_width,pipeline_height,pipeline_yaw,pipeline_free_frac,pipeline_free_m3,pipeline_below_ground
scene-0061,CAM_FRONT,0,0,car,0.6132930517196655,42.17544972693217,-18.510757143842664,1.1004954999390102,2.233440895820223,1.347304084345673,1.014402113832635,1.6458454492510115,-0.7851039333457595,0.022377622377622378,0.06400000000000002,42.17544972693217,-18.510757143842664,1.1004954999390102,2.233440895820223,1.347304084345673,1.014402113832635,1.6458454492510115,0.022377622377622378,0.06400000000000002,-0.7851039333457595
scene-0061,CAM_FRONT,0,1,car,0.8632478713989258,38.59873588602805,1.933677900981961,0.9176044532300196,4.020053824424529,2.299976452648841,1.9905453014245635,3.094803104860192,0.07914970073047689,0.009782608695652175,0.18000000000000008,38.59873588602805,1.933677900981961,0.9176044532300196,4.020053824424529,2.299976452648841,1.9905453014245635,3.094803104860192,0.009782608695652175,0.18000000000000008,0.07914970073047689
scene-0061,CAM_FRONT,0,2,car,0.5241636037826538,41.079127257341725,-3.262618053096916,1.1651924520154433,2.7592793932971063,1.236775729429939,0.9204280113007132,3.025546445882331,-0.7523417574174092,0.0,0.0,41.079127257341725,-3.262618053096916,1.1651924520154433,2.7592793932971063,1.236775729429939,0.9204280113007132,3.025546445882331,0.0,0.0,-0.7523417574174092
scene-0061,CAM_FRONT,0,3,car,0.6640419960021973,46.53644337213002,-18.21962962528642,0.9263508062258043,2.310788211557778,1.0439078389919914,0.8033506450235404,2.319872919383253,-0.6655636084183951,0.007065217391304348,0.013000000000000003,46.53644337213002,-18.21962962528642,0.9263508062258043,2.310788211557778,1.0439078389919914,0.8033506450235404,2.319872919383253,0.007065217391304348,0.013000000000000003,-0.6655636084183951
scene-0061,CAM_FRONT,0,4,car,0.5704697966575623,36.90059201779859,-21.256034146525074,0.5359749012965473,1.6121991919517549,1.5220438301681938,0.8404214596121693,0.9471186749460102,-0.4691261953208765,0.0,0.0,36.90059201779859,-21.256034146525074,0.5359749012965473,1.6121991919517549,1.5220438301681938,0.8404214596121693,0.9471186749460102,0.0,0.0,-0.4691261953208765
scene-0061,CAM_FRONT,0,5,car,0.8787879347801208,36.24155137054835,-6.126499219292001,0.8081336555205202,3.706215564461033,2.231535099775113,1.7655981392258815,3.095928949314285,-0.02563548654568293,0.01992901992901993,0.29200000000000004,36.24155137054835,-6.126499219292001,0.8081336555205202,3.706215564461033,2.231535099775113,1.7655981392258815,3.095928949314285,0.01992901992901993,0.29200000000000004,-0.02563548654568293
scene-0061,CAM_FRONT,0,6,car,0.8709677457809448,41.58574749176916,-3.419349402975733,0.7416675152277239,4.068703455195617,2.23314437239313,1.730889140766127,3.0751221737886314,0.07759011627346557,0.0,0.0,41.58574749176916,-3.419349402975733,0.7416675152277239,4.068703455195617,2.23314437239313,1.730889140766127,3.0751221737886314,0.0,0.0,0.07759011627346557
scene-0061,CAM_FRONT,0,0,truck,0.5936508178710938,48.89767909275057,-7.44099165554522,0.8457672920213698,4.114910349487907,2.6580002998991885,2.490515436921645,3.0963203930614513,0.36225145604054976,0.0011924119241192412,0.03300000000000001,48.89767909275057,-7.44099165554522,0.8457672920213698,4.114910349487907,2.6580002998991885,2.490515436921645,3.0963203930614513,0.0011924119241192412,0.03300000000000001,0.36225145604054976
scene-0061,CAM_FRONT,0,0,trailer,0.8324607610702515,15.52264760046609,4.3587709594911,1.8444924693819076,7.4360147594907176,3.220916764385774,3.8232597376599826,3.10594231666352,0.07178016914241203,0.09475017780938834,8.526000000000003,15.52264760046609,4.3587709594911,1.8444924693819076,7.4360147594907176,3.220916764385774,3.8232597376599826,3.10594231666352,0.09475017780938834,8.526000000000003,0.07178016914241203
scene-0061,CAM_FRONT_LEFT,0,0,construction vehicle,0.5747508406639099,13.4655846960768,4.264413389976914,1.7397205395751003,3.5076234070518364,1.8414131163343608,3.16632509503229,-2.6762957784821575,-0.16477543111439807,0.09196428571428572,1.8540000000000005,13.4655846960768,4.264413389976914,1.7397205395751003,3.5076234070518364,1.8414131163343608,3.16632509503229,-2.6762957784821575,0.09196428571428572,1.8540000000000005,-0.16477543111439807
scene-0061,CAM_FRONT_RIGHT,0,0,car,0.5704697966575623,53.06216784038582,-35.744448222771055,0.6664855037102049,4.471385688129781,2.4492703928751354,1.8247882679368583,0.9828226022406317,-0.2072973128493807,0.0,0.0,53.06216784038582,-35.744448222771055,0.6664855037102049,4.471385688129781,2.4492703928751354,1.8247882679368583,0.9828226022406317,0.0,0.0,-0.2072973128493807
scene-0061,CAM_FRONT_RIGHT,0,1,car,0.5345454812049866,47.36164600212444,-20.877981047621702,0.9724503579117013,2.4363349005047183,1.1952664240993016,1.085342518713538,2.456674274132255,-0.40862119309552836,0.010101010101010102,0.03200000000000001,47.36164600212444,-20.877981047621702,0.9724503579117013,2.4363349005047183,1.1952664240993016,1.085342518713538,2.456674274132255,0.010101010101010102,0.03200000000000001,-0.40862119309552836
scene-0061,CAM_FRONT_RIGHT,0,2,car,0.5747508406639099,45.262847041852204,-26.104336351335718,0.27231884688308455,1.8011293846834544,1.0813092584928867,0.9202433670604612,0.8282845110425219,-0.12742002273548336,0.030303030303030304,0.05400000000000001,45.262847041852204,-26.104336351335718,0.27231884688308455,1.8011293846834544,1.0813092584928867,0.9202433670604612,0.8282845110425219,0.030303030303030304,0.05400000000000001,-0.12742002273548336
scene-0061,CAM_BACK,0,0,car,0.921951174736023,-18.93648477527719,-9.048667565944847,0.5617978616507413,4.862658869760098,2.2508762363763957,1.4468785441671965,2.789342811217037,-0.15396473661800059,0.06762580808721004,1.0670000000000004,-18.93648477527719,-9.048667565944847,0.5617978616507413,4.862658869760098,2.2508762363763957,1.4468785441671965,2.789342811217037,0.06762580808721004,1.0670000000000004,-0.15396473661800059
scene-0061,CAM_BACK,0,1,car,0.6213017702102661,-61.41879932859297,-9.479320686552422,2.2273564164009425,3.4092059566152884,2.737287185081499,1.657194987382512,3.0472257040782607,-0.9015652285950013,0.0,0.0,-61.41879932859297,-9.479320686552422,2.2273564164009425,3.4092059566152884,2.737287185081499,1.657194987382512,3.0472257040782607,0.0,0.0,-0.9015652285950013
scene-0061,CAM_BACK,0,0,truck,0.5428571701049805,-44.90252401226098,-12.187662468916885,2.3018903708778757,3.6346463665078197,3.6555399161143214,1.7942484653318982,2.315535891380083,-1.4025768074552625,0.006965298631965299,0.16700000000000004,-44.90252401226098,-12.187662468916885,2.3018903708778757,3.6346463665078197,3.6555399161143214,1.7942484653318982,2.315535891380083,0.006965298631965299,0.16700000000000004,-1.4025768074552625
scene-0061,CAM_BACK,0,1,truck,0.5586206912994385,-75.1744291752278,1.346889247166995,1.4863309059315695,3.8030819673377607,2.313657322678864,2.366284019905377,3.123080786137057,0.5934633853054514,0.0,0.0,-75.1744291752278,1.346889247166995,1.4863309059315695,3.8030819673377607,2.313657322678864,2.366284019905377,3.123080786137057,0.0,0.0,0.5934633853054514
scene-0061,CAM_FRONT,1,0,car,0.5704697966575623,40.31513349909958,-3.4617804904320923,1.310764549005738,1.8532878592365094,1.1415049610333443,0.8057187625147106,-3.1395773855136295,-0.8757670883435518,0.0035885167464114833,0.006000000000000002,40.31513349909958,-3.4617804904320923,1.310764549005738,1.8532878592365094,1.1415049610333443,0.8057187625147106,-3.1395773855136295,0.0035885167464114833,0.006000000000000002,-0.8757670883435518
scene-0061,CAM_FRONT,1,1,car,0.7852349281311035,46.194501862392634,-7.454676226972571,1.1722153836543145,3.7233898242153316,2.493326438260711,2.248297531565541,3.0991673099748778,-0.03503823461653921,0.0007371007371007371,0.015000000000000003,46.194501862392634,-7.454676226972571,1.1722153836543145,3.7233898242153316,2.493326438260711,2.248297531565541,3.0991673099748778,0.0007371007371007371,0.015000000000000003,-0.03503823461653921
scene-0061,CAM_FRONT,1,2,car,0.7620818018913269,61.0529049034643,-30.018306022215743,0.28435921961335775,4.549097890635327,2.5798726279905964,2.1463858493886243,1.3881847585330307,0.7351364468469304,0.0,0.0,61.0529049034643,-30.018306022215743,0.28435921961335775,4.549097890635327,2.5798726279905964,2.1463858493886243,1.3881847585330307,0.0,0.0,0.7351364468469304
scene-0061,CAM_FRONT,1,3,car,0.8787879347801208,36.02422090697157,1.5967487113371437,0.9959952555433942,3.7268481420332904,2.1349202952863853,1.871244656317018,3.0912630693229937,0.046570441526857964,0.02777213303529093,0.4100000000000001,36.02422090697157,1.5967487113371437,0.9959952555433942,3.7268481420332904,2.1349202952863853,1.871244656317018,3.0912630693229937,0.02777213303529093,0.4100000000000001,0.046570441526857964
scene-0061,CAM_FRONT,1,4,car,0.7344398498535156,53.77773069729122,-23.03110705197329,0.946276767466919,2.31460556502903,0.7798678758610649,0.7295433680099369,1.748817297660432,-0.6268594944679244,0.0,0.0,53.77773069729122,-23.03110705197329,0.946276767466919,2.31460556502903,0.7798678758610649,0.7295433680099369,1.748817297660432,0.0,0.0,-0.6268594944679244
scene-0061,CAM_FRONT,1,5,car,0.5311355590820312,86.9229191118328,-14.876281180021776,-5.1524556845635345,0.8067720591561169,0.777614623254351,0.8137056314946305,-2.9064039018599686,5.758367837688398,0.0,0.0,86.9229191118328,-14.876281180021776,-5.1524556845635345,0.8067720591561169,0.777614623254351,0.8137056314946305,-2.9064039018599686,0.0,0.0,5.758367837688398
scene-0061,CAM_FRONT,1,6,car,0.5038759708404541,30.626959490978653,-17.837119503463033,0.8489598039406853,2.446210256419839,1.6661474906812552,0.8626224552878663,2.475030915096804,-0.5806259141339714,0.046296296296296294,0.17000000000000004,30.626959490978653,-17.837119503463033,0.8489598039406853,2.446210256419839,1.6661474906812552,0.8626224552878663,2.475030915096804,0.046296296296296294,0.17000000000000004,-0.5806259141339714
scene-0061,CAM_FRONT,1,7,car,0.8672199249267578,43.96982122384053,-4.071977355614428,0.8707118999612457,4.420740856928589,2.222323024540638,1.7509493803133653,3.0694424757642405,0.04971627055832917,0.0,0.0,43.96982122384053,-4.071977355614428,0.8707118999612457,4.420740856928589,2.222323024540638,1.7509493803133653,3.0694424757642405,0.0,0.0,0.04971627055832917
scene-0061,CAM_FRONT,1,8,car,0.8827838897705078,31.921494042613695,-6.2557051879617145,0.8389359260846718,3.758189828720873,2.2885779991545996,1.7892035907922446,3.0869153048207685,0.028987336949466203,0.005403000254258835,0.085,31.921494042613695,-6.2557051879617145,0.8389359260846718,3.758189828720873,2.2885779991545996,1.7892035907922446,3.0869153048207685,0.005403000254258835,0.085,0.028987336949466203
scene-0061,CAM_FRONT,1,0,trailer,0.7460317611694336,11.152037591291483,4.006644311213141,1.8390164515571974,8.253023527590312,2.683063786177186,4.060569043329827,3.1395421701847352,0.24799965179564332,0.15220774697706815,13.985000000000003,11.152037591291483,4.006644311213141,1.8390164515571974,8.253023527590312,2.683063786177186,4.060569043329827,3.1395421701847352,0.15220774697706815,13.985000000000003,0.24799965179564332
scene-0061,CAM_FRONT_LEFT,1,0,construction vehicle,0.7575758099555969,8.953794048172174,3.8513860957126043,1.6791436031964322,4.611847714412417,2.664890729051521,3.486171823581156,-2.9488709207909327,0.09651436941758629,0.2376581550494594,10.331000000000003,8.953794048172174,3.8513860957126043,1.6791436031964322,4.611847714412417,2.664890729051521,3.486171823581156,-2.9488709207909327,0.2376581550494594,10.331000000000003,0.09651436941758629
scene-0061,CAM_FRONT_RIGHT,1,0,car,0.7104072570800781,59.343123688154726,-28.668554705416202,0.1675170441450955,4.420041180241714,2.377849866202588,1.6740272403731837,0.8214139828667972,0.3813701371853715,0.0,0.0,59.343123688154726,-28.668554705416202,0.1675170441450955,4.420041180241714,2.377849866202588,1.6740272403731837,0.8214139828667972,0.0,0.0,0.3813701371853715
scene-0061,CAM_FRONT_RIGHT,1,1,car,0.5540069937705994,43.624776349123174,-29.516850336610638,0.8966557407709453,3.5007865154417317,2.0570092436550027,1.9173929120838447,1.4702156437481602,-0.37562170738603595,0.0,0.0,43.624776349123174,-29.516850336610638,0.8966557407709453,3.5007865154417317,2.0570092436550027,1.9173929120838447,1.4702156437481602,0.0,0.0,-0.37562170738603595
scene-0061,CAM_FRONT_RIGHT,1,2,car,0.5114504098892212,32.40661896213681,-17.62896708559566,0.7997059936175497,1.4930578987778205,0.7222854286759315,0.6500175022659072,1.534387186247106,-0.6848441911797789,0.04353741496598639,0.03200000000000001,32.40661896213681,-17.62896708559566,0.7997059936175497,1.4930578987778205,0.7222854286759315,0.6500175022659072,1.534387186247106,0.04353741496598639,0.03200000000000001,-0.6848441911797789
scene-0061,CAM_FRONT_RIGHT,1,3,car,0.6952381134033203,43.123820080366414,-30.940068496255805,0.5352667053390452,2.964921596896758,1.6105927114234362,1.2050406847243162,1.6243651668545274,-0.3898773017452739,0.001388888888888889,0.008000000000000002,43.123820080366414,-30.940068496255805,0.5352667053390452,2.964921596896758,1.6105927114234362,1.2050406847243162,1.6243651668545274,0.001388888888888889,0.008000000000000002,-0.3898773017452739
scene-0061,CAM_BACK,1,0,car,0.5151515007019043,-50.415531895939885,-6.341451092423753,2.17910065261695,2.545317342482953,1.9192421654695124,1.4140725334323412,1.22912644735908,-1.757413546333595,0.0,0.0,-50.415531895939885,-6.341451092423753,2.17910065261695,2.545317342482953,1.9192421654695124,1.4140725334323412,1.22912644735908,0.0,0.0,-1.757413546333595
scene-0061,CAM_BACK_LEFT,1,0,bicycle,0.7104072570800781,-10.401407316831298,16.47613397094499,1.217784468496183,1.2632203336497696,0.6206993956160147,0.8443112786878965,-2.71541972670036,-0.09468553796494827,0.1266025641025641,0.07900000000000001,-10.401407316831298,16.47613397094499,1.217784468496183,1.2632203336497696,0.6206993956160147,0.8443112786878965,-2.71541972670036,0.1266025641025641,0.07900000000000001,-0.09468553796494827
scene-0061,CAM_FRONT,2,0,car,0.8904109597206116,27.565649701182938,-6.467592726896008,0.8544604674483438,3.650735551055252,2.2913268161610723,1.6721754958668793,3.0794088356313534,-0.09422736369424833,0.016727725167622866,0.24200000000000008,27.565649701182938,-6.467592726896008,0.8544604674483438,3.650735551055252,2.2913268161610723,1.6721754958668793,3.0794088356313534,0.016727725167622866,0.24200000000000008,-0.09422736369424833
scene-0061,CAM_FRONT,2,1,car,0.518796980381012,86.01524061306685,-12.976103725177607,-0.7578289569181922,1.4804113856758077,1.4943468914841134,0.4479007711886416,1.4428545303318239,1.101850634436036,0.0,0.0,86.01524061306685,-12.976103725177607,-0.7578289569181922,1.4804113856758077,1.4943468914841134,0.4479007711886416,1.4428545303318239,0.0,0.0,1.101850634436036
scene-0061,CAM_FRONT,2,2,car,0.8827838897705078,34.415100020131,1.5277682353283097,0.8407874129324148,4.100132431228367,2.3547983813288695,2.108863822963654,3.124935888126348,0.2094140886888013,0.015437475803329461,0.31900000000000006,34.415100020131,1.5277682353283097,0.8407874129324148,4.100132431228367,2.3547983813288695,2.108863822963654,3.124935888126348,0.015437475803329461,0.31900000000000006,0.2094140886888013
scene-0061,CAM_FRONT,2,3,car,0.7575758099555969,55.94634787803375,-29.856433663943022,0.24022344674144358,4.984545644917393,2.8714106487041064,1.732104288588341,1.5143177826420307,0.30745507704262565,0.0,0.0,55.94634787803375,-29.856433663943022,0.24022344674144358,4.984545644917393,2.8714106487041064,1.732104288588341,1.5143177826420307,0.0,0.0,0.30745507704262565
scene-0061,CAM_FRONT,2,4,car,0.8750000596046448,44.49700183014504,-4.5735448648435115,0.8207101888657081,4.075306137130191,2.3161036578075427,1.7899830846596305,3.0360488486000667,0.08434790741441689,0.0,0.0,44.49700183014504,-4.5735448648435115,0.8207101888657081,4.075306137130191,2.3161036578075427,1.7899830846596305,3.0360488486000667,0.0,0.0,0.08434790741441689
scene-0061,CAM_FRONT,2,5,car,0.5704697966575623,87.2327291814923,-7.52394492805347,-0.023566388261362925,0.951010049909371,0.949798276166085,0.33161961749819846,2.6650796863328083,0.34727515950817334,0.0,0.0,87.2327291814923,-7.52394492805347,-0.023566388261362925,0.951010049909371,0.949798276166085,0.33161961749819846,2.6650796863328083,0.0,0.0,0.34727515950817334
scene-0061,CAM_FRONT,2,6,car,0.6640419960021973,47.27136902751873,-21.983605716750645,1.515103634799059,3.4721249251120128,2.0653008313924914,1.1378836595331991,2.254168177268548,-1.1836269482361947,0.0,0.0,47.27136902751873,-21.983605716750645,1.515103634799059,3.4721249251120128,2.0653008313924914,1.1378836595331991,2.254168177268548,0.0,0.0,-1.1836269482361947
scene-0061,CAM_FRONT,2,0,truck,0.7460317611694336,40.69080387828291,-7.447120518332307,1.1896600986491688,3.512287844946229,2.1562118203546157,2.0224093521341118,3.076931214396635,-0.21410364932008896,0.010454545454545454,0.16100000000000003,40.69080387828291,-7.447120518332307,1.1896600986491688,3.512287844946229,2.1562118203546157,2.0224093521341118,3.076931214396635,0.010454545454545454,0.16100000000000003,-0.21410364932008896
scene-0061,CAM_FRONT,2,1,truck,0.7730495929718018,4.719172194124935,3.5734290068223564,0.833925698388035,7.122481195788426,2.4983171885344735,3.6633280826977175,-3.1320881211981284,1.0199982637963187,0.35721355157974877,23.460000000000004,4.719172194124935,3.5734290068223564,0.833925698388035,7.122481195788426,2.4983171885344735,3.6633280826977175,-3.1320881211981284,0.35721355157974877,23.460000000000004,1.0199982637963187
scene-0061,CAM_FRONT_LEFT,2,0,trailer,0.8904109597206116,5.511099854087044,4.347684280161092,1.6381359705044805,6.462525958622059,3.713356877341138,3.416697489287893,3.0861694571571054,0.09826763735395883,0.2577962577962578,21.08000000000001,5.511099854087044,4.347684280161092,1.6381359705044805,6.462525958622059,3.713356877341138,3.416697489287893,3.0861694571571054,0.2577962577962578,21.08000000000001,0.09826763735395883
scene-0061,CAM_FRONT_RIGHT,2,0,car,0.7575758099555969,41.64269073369259,-22.08068980177546,0.900048800957202,2.839353894856674,1.7965347033306145,1.340630793677063,0.9965356380561635,-0.30934537609304336,0.0035103785103785105,0.023000000000000007,41.64269073369259,-22.08068980177546,0.900048800957202,2.839353894856674,1.7965347033306145,1.340630793677063,0.9965356380561635,0.0035103785103785105,0.023000000000000007,-0.30934537609304336
scene-0061,CAM_FRONT_RIGHT,2,1,car,0.5897435545921326,30.91575344463443,-21.09158451854593,0.5370958617931996,1.2604038072191734,1.112636607549092,1.2692301683659974,1.657401151037903,0.20422757018719295,0.008606777837547068,0.016000000000000004,30.91575344463443,-21.09158451854593,0.5370958617931996,1.2604038072191734,1.112636607549092,1.2692301683659974,1.657401151037903,0.008606777837547068,0.016000000000000004,0.20422757018719295
scene-0061,CAM_FRONT_RIGHT,2,2,car,0.5241636037826538,52.36200670339817,-33.474674223902504,0.08853712210757037,4.925696308300623,2.361308414916426,1.98855596980723,2.9277137078426567,0.576027369210458,0.0,0.0,52.36200670339817,-33.474674223902504,0.08853712210757037,4.925696308300623,2.361308414916426,1.98855596980723,2.9277137078426567,0.0,0.0,0.576027369210458
scene-0061,CAM_FRONT_RIGHT,2,3,car,0.7299578189849854,46.47873003565187,-21.702221902874324,0.6456418340856054,2.3918456029058675,2.4013887250005337,0.8348912309122767,2.6492237865362798,-0.3484099060493584,0.0,0.0,46.47873003565187,-21.702221902874324,0.6456418340856054,2.3918456029058675,2.4013887250005337,0.8348912309122767,2.6492237865362798,0.0,0.0,-0.3484099060493584
scene-0061,CAM_FRONT_RIGHT,2,4,car,0.6521739363670349,39.16909645169707,-31.07803096988798,0.6552820934480756,2.923832021667181,1.722035000864004,1.6146487645118688,1.4638306799839096,-0.2243885504922969,0.0,0.0,39.16909645169707,-31.07803096988798,0.6552820934480756,2.923832021667181,1.722035000864004,1.6146487645118688,1.4638306799839096,0.0,0.0,-0.2243885504922969
scene-0061,CAM_BACK,2,0,car,0.6012461185455322,-61.06883596006145,-19.380454102932475,1.7142474188544952,2.10613012085118,1.2699865902742076,1.0536198256789855,1.419500730328529,-1.452709408099353,0.0,0.0,-61.06883596006145,-19.380454102932475,1.7142474188544952,2.10613012085118,1.2699865902742076,1.0536198256789855,1.419500730328529,0.0,0.0,-1.452709408099353
scene-0061,CAM_FRONT,3,0,car,0.8750000596046448,24.682992133462736,-6.804133860661722,0.9012720228148933,3.8441939694888205,2.3383485641307553,1.6608260855440145,3.1078204876263555,0.021236752646017765,0.014133799973078476,0.21000000000000005,24.682992133462736,-6.804133860661722,0.9012720228148933,3.8441939694888205,2.3383485641307553,1.6608260855440145,3.1078204876263555,0.014133799973078476,0.21000000000000005,0.021236752646017765
scene-0061,CAM_FRONT,3,1,car,0.5936508178710938,43.68380404482556,-22.119098787889655,1.5201404891253383,3.3446285229282395,1.993875721542711,1.1173466957729992,2.5716850246096414,-0.8723632338921132,0.0,0.0,43.68380404482556,-22.119098787889655,1.5201404891253383,3.3446285229282395,1.993875721542711,1.1173466957729992,2.5716850246096414,0.0,0.0,-0.8723632338921132
scene-0061,CAM_FRONT,3,2,car,0.6640419960021973,36.71253326367116,-21.038011907360335,0.9875194973216349,2.598678014114462,1.4196447636569687,1.275663850709187,1.5643882560522817,-0.3533808545712589,0.024513947590870666,0.11600000000000002,36.71253326367116,-21.038011907360335,0.9875194973216349,2.598678014114462,1.4196447636569687,1.275663850709187,1.5643882560522817,0.024513947590870666,0.11600000000000002,-0.3533808545712589
scene-0061,CAM_FRONT,3,3,car,0.8672199249267578,32.6214998668291,1.4139543602597313,0.9843648531569784,4.117722089886236,2.340040691738005,2.1487664904915253,-3.1332689473141784,0.1798344259289637,0.024137756905519364,0.4780000000000001,32.6214998668291,1.4139543602597313,0.9843648531569784,4.117722089886236,2.340040691738005,2.1487664904915253,-3.1332689473141784,0.024137756905519364,0.4780000000000001,0.1798344259289637
scene-0061,CAM_FRONT,3,4,car,0.8160918951034546,45.38145551541281,-5.309946659564403,1.2164843363274493,4.153568502949199,1.7673746588080603,1.4052980995903916,3.039234474442619,-0.27647194806179454,0.0,0.0,45.38145551541281,-5.309946659564403,1.2164843363274493,4.153568502949199,1.7673746588080603,1.4052980995903916,3.039234474442619,0.0,0.0,-0.27647194806179454
scene-0061,CAM_FRONT,3,0,truck,0.8083832263946533,38.53778986713079,-7.8859163962928225,1.6425208963459466,3.647687111975081,1.8997326979198101,1.8634498127946533,3.0204500377407384,-0.5290092739642754,0.017928593413357955,0.233,38.53778986713079,-7.8859163962928225,1.6425208963459466,3.647687111975081,1.8997326979198101,1.8634498127946533,3.0204500377407384,0.017928593413357955,0.233,-0.5290092739642754
scene-0061,CAM_FRONT,3,1,truck,0.8324607610702515,6.757633677281794,4.50264498937709,1.0991628661310073,5.279391910247753,2.711661689288359,3.1985291579780655,-2.8217172852911223,0.6062871789091271,0.09071453529000699,4.154000000000001,6.757633677281794,4.50264498937709,1.0991628661310073,5.279391910247753,2.711661689288359,3.1985291579780655,-2.8217172852911223,0.09071453529000699,4.154000000000001,0.6062871789091271
scene-0061,CAM_FRONT_LEFT,3,0,trailer,0.7770034670829773,4.103955552874889,3.712810174908909,1.5966787007475283,8.79803348405672,2.8451650837204334,4.042621594579428,3.058075133754058,0.454012552155322,0.2817674512987013,27.771000000000004,4.103955552874889,3.712810174908909,1.5966787007475283,8.79803348405672,2.8451650837204334,4.042621594579428,3.058075133754058,0.2817674512987013,27.771000000000004,0.454012552155322
scene-0061,CAM_FRONT_RIGHT,3,0,car,0.6717948913574219,33.25411658383733,-22.029066197096213,0.8014245823945881,2.0236752708020393,1.0468301485998168,0.9571562268771101,0.8631711146698362,-0.25200386014656195,0.0175,0.03500000000000001,33.25411658383733,-22.029066197096213,0.8014245823945881,2.0236752708020393,1.0468301485998168,0.9571562268771101,0.8631711146698362,0.0175,0.03500000000000001,-0.25200386014656195
scene-0061,CAM_FRONT_RIGHT,3,1,car,0.7538461089134216,50.762960253988005,-30.027473828145926,0.6702074535024831,4.026813873952546,2.1765937504465214,1.9573591331273512,1.200815908699821,0.2520680290939836,0.0013636363636363637,0.024000000000000007,50.762960253988005,-30.027473828145926,0.6702074535024831,4.026813873952546,2.1765937504465214,1.9573591331273512,1.200815908699821,0.0013636363636363637,0.024000000000000007,0.2520680290939836
scene-0061,CAM_FRONT_RIGHT,3,2,car,0.5897435545921326,42.57677215996461,-22.044671615704093,1.581759655322732,2.616954731360238,1.6312470446837182,0.8421562177973099,3.1231082951242426,-1.014292345140622,0.0,0.0,42.57677215996461,-22.044671615704093,1.581759655322732,2.616954731360238,1.6312470446837182,0.8421562177973099,3.1231082951242426,0.0,0.0,-1.014292345140622
scene-0061,CAM_FRONT_RIGHT,3,3,car,0.518796980381012,33.149600621086826,-26.687518125212065,0.8512574911451413,2.7581053443243437,1.631754492651602,1.5580800420393162,-2.4739661857732558,-0.34364593596868387,0.008091517857142858,0.058000000000000024,33.149600621086826,-26.687518125212065,0.8512574911451413,2.7581053443243437,1.631754492651602,1.5580800420393162,-2.4739661857732558,0.008091517857142858,0.058000000000000024,-0.34364593596868387
scene-0061,CAM_BACK,3,0,car,0.5460992455482483,-68.31043963534356,-20.497872930047997,0.9783437341106294,2.0628778883327747,1.2651256871102987,0.9710672473703594,1.4145075850587019,-0.6907867890352977,0.0,0.0,-68.31043963534356,-20.497872930047997,0.9783437341106294,2.0628778883327747,1.2651256871102987,0.9710672473703594,1.4145075850587019,0.0,0.0,-0.6907867890352977
scene-0061,CAM_BACK_LEFT,3,0,trailer,0.8324607610702515,0.2120688772672068,3.8722389304011857,1.7099737794356937,4.7908948974083465,2.5209893538834405,3.0206749894270923,-3.060438700347808,-0.1990720671547037,0.3955,14.238000000000003,0.2120688772672068,3.8722389304011857,1.7099737794356937,4.7908948974083465,2.5209893538834405,3.0206749894270923,-3.060438700347808,0.3955,14.238000000000003,-0.1990720671547037
scene-0061,CAM_FRONT,4,0,car,0.9024390578269958,22.094943695978,-7.062115529604099,0.7927723237589744,3.870067098152113,2.217724532936554,1.7221975342549871,3.0889874275297524,0.12990817421110945,0.01103798162621692,0.16100000000000006,22.094943695978,-7.062115529604099,0.7927723237589744,3.870067098152113,2.217724532936554,1.7221975342549871,3.0889874275297524,0.01103798162621692,0.16100000000000006,0.12990817421110945
scene-0061,CAM_FRONT,4,1,car,0.8904109597206116,30.93442395558617,1.4783654195784612,0.995911768304798,4.067532309053934,2.3891963660859634,2.0569529245823395,-3.0673398212899654,0.07473793059487699,0.014130855594270228,0.29200000000000004,30.93442395558617,1.4783654195784612,0.995911768304798,4.067532309053934,2.3891963660859634,2.0569529245823395,-3.0673398212899654,0.014130855594270228,0.29200000000000004,0.07473793059487699
scene-0061,CAM_FRONT,4,2,car,0.5897435545921326,44.45621344541111,-24.922426958568437,1.2874989191394066,3.08284251776675,1.3896454643881029,1.1379180182998292,2.0131386444610753,-0.958003656537191,0.0,0.0,44.45621344541111,-24.922426958568437,1.2874989191394066,3.08284251776675,1.3896454643881029,1.1379180182998292,2.0131386444610753,0.0,0.0,-0.958003656537191
scene-0061,CAM_FRONT,4,3,car,0.8476190567016602,25.632958009383206,-15.290286488505961,-10.962737738261431,8.14859205697007,3.4644335777999036,2.835036129119615,3.0675786204428315,12.533825471352657,0.0,0.0,25.632958009383206,-15.290286488505961,-10.962737738261431,8.14859205697007,3.4644335777999036,2.835036129119615,3.0675786204428315,0.0,0.0,12.533825471352657
scene-0061,CAM_FRONT,4,4,car,0.5460992455482483,32.634790470467195,-8.358536383274025,-0.46760912373860997,0.6071104158385552,0.5397464470346764,0.6678311664639667,2.866444854925876,0.816947438608548,0.0,0.0,32.634790470467195,-8.358536383274025,-0.46760912373860997,0.6071104158385552,0.5397464470346764,0.6678311664639667,2.866444854925876,0.0,0.0,0.816947438608548
scene-0061,CAM_FRONT,4,5,car,0.6640419960021973,73.45629781212,-20.281246543312353,1.2840318943788904,4.558275475513881,2.6218970514276343,2.4315899749125056,2.579635814853601,0.09144962867420992,0.0,0.0,73.45629781212,-20.281246543312353,1.2840318943788904,4.558275475513881,2.6218970514276343,2.4315899749125056,2.579635814853601,0.0,0.0,0.09144962867420992
scene-0061,CAM_FRONT,4,0,truck,0.8518518805503845,36.3893155335444,-8.25332717516938,1.4125882820968794,3.5734090767377253,2.0581291367486108,2.069285967135196,3.0365923161367125,-0.36182066259445156,0.018077601410934743,0.28700000000000003,36.3893155335444,-8.25332717516938,1.4125882820968794,3.5734090767377253,2.0581291367486108,2.069285967135196,3.0365923161367125,0.018077601410934743,0.28700000000000003,-0.36182066259445156
scene-0061,CAM_FRONT_LEFT,4,0,construction vehicle,0.7697842121124268,2.2068261854527056,4.673205337406521,1.2465657564385961,5.213807838036055,2.748426299598696,3.1218505200399855,3.05579232674702,0.2853034611486116,0.15120393346199798,6.581000000000001,2.2068261854527056,4.673205337406521,1.2465657564385961,5.213807838036055,2.748426299598696,3.1218505200399855,3.05579232674702,0.15120393346199798,6.581000000000001,0.2853034611486116
scene-0061,CAM_FRONT_RIGHT,4,0,car,0.8128654956817627,-3.1685229387852902,-1.778391298148173,-0.3633997388893069,3.2119456420388555,1.440435948893601,1.2583025762672495,-2.407568215468216,0.9811053259006477,0.09701236263736264,0.5650000000000002,-3.1685229387852902,-1.778391298148173,-0.3633997388893069,3.2119456420388555,1.440435948893601,1.2583025762672495,-2.407568215468216,0.09701236263736264,0.5650000000000002,0.9811053259006477
scene-0061,CAM_FRONT_RIGHT,4,1,car,0.8439024686813354,47.60455378498105,-31.04238941354286,0.8963288565346953,4.090754521525124,2.387906670901799,1.9872861097239378,1.205318312627084,-0.3061390921352203,0.0008638211382113821,0.017,47.60455378498105,-31.04238941354286,0.8963288565346953,4.090754521525124,2.387906670901799,1.9872861097239378,1.205318312627084,0.0008638211382113821,0.017,-0.3061390921352203
scene-0061,CAM_FRONT_RIGHT,4,2,car,0.6012461185455322,43.44939373038373,-24.069020252425876,1.4605774456441982,2.412738652206478,1.098762660384331,0.8810607902843646,0.8044015883418411,-1.1058065710327165,0.0,0.0,43.44939373038373,-24.069020252425876,1.4605774456441982,2.412738652206478,1.098762660384331,0.8810607902843646,0.8044015883418411,0.0,0.0,-1.1058065710327165
scene-0061,CAM_FRONT_RIGHT,4,3,car,0.7655677795410156,50.49493665991779,-42.63351214725177,0.4289912129157457,4.972444198694157,2.2995958653312414,1.7448090706490953,1.003595441192498,-0.1311829038065606,0.0,0.0,50.49493665991779,-42.63351214725177,0.4289912129157457,4.972444198694157,2.2995958653312414,1.7448090706490953,1.003595441192498,0.0,0.0,-0.1311829038065606
scene-0061,CAM_FRONT_RIGHT,4,4,car,0.5661016702651978,22.511998101852054,-19.50808502202059,1.5616504161129126,1.854938789441365,1.305124514302662,1.043198102639995,-2.402225390753674,-0.5575951575175244,0.04939271255060729,0.12200000000000003,22.511998101852054,-19.50808502202059,1.5616504161129126,1.854938789441365,1.305124514302662,1.043198102639995,-2.402225390753674,0.04939271255060729,0.12200000000000003,-0.5575951575175244
scene-0061,CAM_BACK,4,0,trailer,0.518796980381012,-4.952075015056885,5.863624437276967,1.3439811277670313,6.931821702273137,3.3969514782290586,4.4221562506849175,2.9188626077029594,1.0088336838051333,0.10007362628846005,10.330000000000002,-4.952075015056885,5.863624437276967,1.3439811277670313,6.931821702273137,3.3969514782290586,4.4221562506849175,2.9188626077029594,0.10007362628846005,10.330000000000002,1.0088336838051333
scene-0061,CAM_BACK_LEFT,4,0,trailer,0.6683937907218933,-0.33152147417439837,4.059738443690494,1.8491685563402405,5.694901841532199,3.292402861859265,3.3190459184778542,-3.0302033155734773,-0.24093320345984148,0.3214924363249722,19.956000000000003,-0.33152147417439837,4.059738443690494,1.8491685563402405,5.694901841532199,3.292402861859265,3.3190459184778542,-3.0302033155734773,0.3214924363249722,19.956000000000003,-0.24093320345984148
scene-0061,CAM_FRONT,5,0,car,0.8750000596046448,29.755973558803053,1.5822691403881761,1.0264410444431527,4.340346018892564,2.6323104995555866,1.9892795247899353,-3.0264404039798847,0.14502683413032758,0.011493738819320214,0.25700000000000006,29.755973558803053,1.5822691403881761,1.0264410444431527,4.340346018892564,2.6323104995555866,1.9892795247899353,-3.0264404039798847,0.011493738819320214,0.25700000000000006,0.14502683413032758
scene-0061,CAM_FRONT,5,1,car,0.9101123809814453,20.273685097936223,-7.2210738171732824,0.8734950424888311,3.9384809153035647,2.2598527880219725,1.7127197333261586,3.1256895172476438,0.025179502604805393,0.016328939602596893,0.24900000000000008,20.273685097936223,-7.2210738171732824,0.8734950424888311,3.9384809153035647,2.2598527880219725,1.7127197333261586,3.1256895172476438,0.016328939602596893,0.24900000000000008,0.025179502604805393
scene-0061,CAM_FRONT,5,2,car,0.6012461185455322,99.73430686775194,-11.988531213295529,-0.3849716267879659,1.3646360402912965,1.3872408730664887,0.442095769534149,1.5824405929040195,1.299139633510912,0.0,0.0,99.73430686775194,-11.988531213295529,-0.3849716267879659,1.3646360402912965,1.3872408730664887,0.442095769534149,1.5824405929040195,0.0,0.0,1.299139633510912
scene-0061,CAM_FRONT,5,3,car,0.6908212304115295,50.202293609892266,14.064567076906803,2.2264521253621226,3.630086381558719,1.66434264101553,1.19923097330309,1.4820959324896268,-1.0690414717412784,0.006263616557734205,0.04600000000000001,50.202293609892266,14.064567076906803,2.2264521253621226,3.630086381558719,1.66434264101553,1.19923097330309,1.4820959324896268,0.006263616557734205,0.04600000000000001,-1.0690414717412784
scene-0061,CAM_FRONT,5,4,car,0.859649121761322,49.276001900951044,-7.040582739201479,1.2260534968445234,4.379620635252408,1.888025472003903,1.4806193766307123,3.0242311166222824,-0.19035949089267734,0.0023125996810207335,0.029000000000000005,49.276001900951044,-7.040582739201479,1.2260534968445234,4.379620635252408,1.888025472003903,1.4806193766307123,3.0242311166222824,0.0023125996810207335,0.029000000000000005,-0.19035949089267734
scene-0061,CAM_FRONT,5,5,car,0.7500000596046448,73.47822681117786,-8.814418661643911,1.7529767057371533,1.1452430004824947,1.0302647508104776,1.689728034944825,2.870342266658577,-0.42127437730778583,0.0,0.0,73.47822681117786,-8.814418661643911,1.7529767057371533,1.1452430004824947,1.0302647508104776,1.689728034944825,2.870342266658577,0.0,0.0,-0.42127437730778583
scene-0061,CAM_FRONT,5,6,car,0.5345454812049866,47.43867703099073,-27.575407709857984,0.846987215580044,1.001102867566253,0.9780393840075163,1.4065328225992273,1.4669455542501468,-0.26969656211772586,0.012857142857142857,0.018000000000000006,47.43867703099073,-27.575407709857984,0.846987215580044,1.001102867566253,0.9780393840075163,1.4065328225992273,1.4669455542501468,0.012857142857142857,0.018000000000000006,-0.26969656211772586
scene-0061,CAM_FRONT,5,7,car,0.7887788414955139,51.22618544212808,-15.86318944117977,1.3601637040630257,2.7837951612744405,1.5925464194999641,1.4068550241541828,2.2425121294289068,-0.4388346939066343,0.0,0.0,51.22618544212808,-15.86318944117977,1.3601637040630257,2.7837951612744405,1.5925464194999641,1.4068550241541828,2.2425121294289068,0.0,0.0,-0.4388346939066343
scene-0061,CAM_FRONT,5,0,truck,0.8324607610702515,35.24843823189337,-8.947448674628996,1.2662599637761875,4.058092752161556,2.3357767144508275,2.3289383504120504,2.992594614833765,0.05756199081826541,0.014846235418875928,0.32200000000000006,35.24843823189337,-8.947448674628996,1.2662599637761875,4.058092752161556,2.3357767144508275,2.3289383504120504,2.992594614833765,0.014846235418875928,0.32200000000000006,0.05756199081826541
scene-0061,CAM_FRONT,5,1,truck,0.5395683646202087,67.36922626740369,-14.766683977551397,1.978986345715151,4.869641333959791,1.8794270579766863,2.2417022960592776,-3.1364935928666235,-0.46217018775776264,0.0,0.0,67.36922626740369,-14.766683977551397,1.978986345715151,4.869641333959791,1.8794270579766863,2.2417022960592776,-3.1364935928666235,0.0,0.0,-0.46217018775776264
scene-0061,CAM_FRONT_RIGHT,5,0,car,0.8048780560493469,48.93721138412236,-40.12338087198448,0.8643463930647153,3.857188107391674,1.7915539273672607,1.5685731187044647,0.8880188120398222,-0.3600305392216687,0.006321225071225072,0.07100000000000002,48.93721138412236,-40.12338087198448,0.8643463930647153,3.857188107391674,1.7915539273672607,1.5685731187044647,0.8880188120398222,0.006321225071225072,0.07100000000000002,-0.3600305392216687
scene-0061,CAM_FRONT_RIGHT,5,1,car,0.6363636255264282,31.580877742124944,-27.21451194419656,0.6952330627522599,1.6605364551556256,1.0507308828220445,0.7621349186312123,1.5949901135531923,-0.615175020016854,0.01804812834224599,0.027000000000000007,31.580877742124944,-27.21451194419656,0.6952330627522599,1.6605364551556256,1.0507308828220445,0.7621349186312123,1.5949901135531923,0.01804812834224599,0.027000000000000007,-0.615175020016854
scene-0061,CAM_FRONT_RIGHT,5,2,car,0.8439024686813354,43.753562568022865,-31.377362950944637,1.0429237396572595,4.055833689347552,2.364143742848505,1.9245931886088992,0.7959941065193153,-0.37891361314341354,0.0016581086863500215,0.03100000000000001,43.753562568022865,-31.377362950944637,1.0429237396572595,4.055833689347552,2.364143742848505,1.9245931886088992,0.7959941065193153,0.0016581086863500215,0.03100000000000001,-0.37891361314341354
scene-0061,CAM_FRONT_RIGHT,5,3,car,0.7419355511665344,47.030658730535315,-28.757868809052688,1.3618862901654678,3.388157124572949,1.5081216537898499,1.263431301548608,-2.6638561339104845,-1.0241783281519212,0.005580693815987934,0.03700000000000001,47.030658730535315,-28.757868809052688,1.3618862901654678,3.388157124572949,1.5081216537898499,1.263431301548608,-2.6638561339104845,0.005580693815987934,0.03700000000000001,-1.0241783281519212
scene-0061,CAM_FRONT_RIGHT,5,4,car,0.6800000071525574,25.59790126061306,-26.50820778187581,0.6010598020089183,2.481071921004707,1.444130504229534,1.1281387935663936,1.0153990808178712,-0.33154401292797675,0.005194805194805195,0.020000000000000004,25.59790126061306,-26.50820778187581,0.6010598020089183,2.481071921004707,1.444130504229534,1.1281387935663936,1.0153990808178712,0.005194805194805195,0.020000000000000004,-0.33154401292797675
scene-0061,CAM_BACK,5,0,trailer,0.5857605338096619,-6.060746622852722,5.572380044638716,1.1325795490787576,7.6888689015963765,3.5050771456979435,4.105658338329139,-2.939928800358467,1.0166016608534816,0.07929770577854202,8.762000000000002,-6.060746622852722,5.572380044638716,1.1325795490787576,7.6888689015963765,3.5050771456979435,4.105658338329139,-2.939928800358467,0.07929770577854202,8.762000000000002,1.0166016608534816
scene-0061,CAM_BACK_LEFT,5,0,truck,0.8439024686813354,-1.4330842543607856,4.431653740186931,1.2863017270623525,4.48840532557951,2.891454506554614,2.9719948062298283,3.031684762484422,0.14810183965562906,0.2669476372924649,10.451000000000004,-1.4330842543607856,4.431653740186931,1.2863017270623525,4.48840532557951,2.891454506554614,2.9719948062298283,3.031684762484422,0.2669476372924649,10.451000000000004,0.14810183965562906
scene-0061,CAM_FRONT,6,0,car,0.5038759708404541,75.02371129386225,-14.499647189300989,-0.023678231103726577,1.686945561333502,1.5627908436601174,0.5145251222574332,-3.0812757736823126,0.044739789038587885,0.0,0.0,75.02371129386225,-14.499647189300989,-0.023678231103726577,1.686945561333502,1.5627908436601174,0.5145251222574332,-3.0812757736823126,0.0,0.0,0.044739789038587885
scene-0061,CAM_FRONT,6,1,car,0.7064220309257507,60.98084861674408,-8.511696156830586,1.2133158798171573,2.3608114645255966,1.0494582061590132,0.8846766513381259,2.987683410063682,-0.9267931852992937,0.0,0.0,60.98084861674408,-8.511696156830586,1.2133158798171573,2.3608114645255966,1.0494582061590132,0.8846766513381259,2.987683410063682,0.0,0.0,-0.9267931852992937
scene-0061,CAM_FRONT,6,2,car,0.5586206912994385,23.089421947566724,3.114469509196607,1.856176832982656,1.1841409405290202,0.48206726386247567,0.3967461442389282,1.5221072268566922,-1.636180402732737,0.12083333333333333,0.029000000000000005,23.089421947566724,3.114469509196607,1.856176832982656,1.1841409405290202,0.48206726386247567,0.3967461442389282,1.5221072268566922,0.12083333333333333,0.029000000000000005,-1.636180402732737
scene-0061,CAM_FRONT,6,3,car,0.8552036285400391,27.945363334476124,1.8534058224771757,0.9068362553002898,4.2428738704753,2.4141808074773023,1.9002011349440506,-2.986181954310565,0.04467689754942872,0.01576858813700919,0.30200000000000005,27.945363334476124,1.8534058224771757,0.9068362553002898,4.2428738704753,2.4141808074773023,1.9002011349440506,-2.986181954310565,0.01576858813700919,0.30200000000000005,0.04467689754942872
scene-0061,CAM_FRONT,6,4,car,0.8904109597206116,18.669307960297854,-7.4798431656755575,0.7745496835923472,3.9261209811858286,2.3745540215140633,1.706897425654739,-3.1180699051403367,-0.0004961308439801471,0.035759175465057816,0.5690000000000002,18.669307960297854,-7.4798431656755575,0.7745496835923472,3.9261209811858286,2.3745540215140633,1.706897425654739,-3.1180699051403367,0.035759175465057816,0.5690000000000002,-0.0004961308439801471
scene-0061,CAM_FRONT,6,5,car,0.7419355511665344,45.40468758767066,12.962567389047182,2.112017100724481,2.960746999657255,1.3422420522834813,1.053482600179224,1.8475813135249577,-1.349504666139134,0.010256410256410256,0.04400000000000001,45.40468758767066,12.962567389047182,2.112017100724481,2.960746999657255,1.3422420522834813,1.053482600179224,1.8475813135249577,0.010256410256410256,0.04400000000000001,-1.349504666139134
scene-0061,CAM_FRONT,6,6,car,0.8160918951034546,49.485412065075394,-7.670126745173931,1.1302872245928366,4.100501767944131,1.8659275522057803,1.4112563834010579,3.018721288667277,-0.5669813198557705,0.0,0.0,49.485412065075394,-7.670126745173931,1.1302872245928366,4.100501767944131,1.8659275522057803,1.4112563834010579,3.018721288667277,0.0,0.0,-0.5669813198557705
scene-0061,CAM_FRONT,6,0,bus,0.7852349281311035,63.34405436172588,-15.203307055307508,1.4079096390972354,5.0884124969430005,1.7992515241155829,2.391626323091334,-3.134914617281711,-0.4775249014330991,0.0,0.0,63.34405436172588,-15.203307055307508,1.4079096390972354,5.0884124969430005,1.7992515241155829,2.391626323091334,-3.134914617281711,0.0,0.0,-0.4775249014330991
scene-0061,CAM_FRONT,6,0,truck,0.8012422323226929,33.90526034497241,-9.855719891985979,1.2634947115986404,3.1815593732125294,1.9835514155273608,1.8120267252345328,2.9420037942216744,-0.5325761918921406,0.01032986111111111,0.11900000000000002,33.90526034497241,-9.855719891985979,1.2634947115986404,3.1815593732125294,1.9835514155273608,1.8120267252345328,2.9420037942216744,0.01032986111111111,0.11900000000000002,-0.5325761918921406
scene-0061,CAM_FRONT,6,1,truck,0.5345454812049866,57.779354448292096,21.87775042200347,3.3560739603337355,13.120336577697898,2.328790300512459,3.0648319301008335,1.7091013386726215,-1.0821372328397763,0.0,0.0,57.779354448292096,21.87775042200347,3.3560739603337355,13.120336577697898,2.328790300512459,3.0648319301008335,1.7091013386726215,0.0,0.0,-1.0821372328397763
scene-0061,CAM_FRONT,6,2,truck,0.6213017702102661,58.28710969226304,-15.063230821955969,1.210035089040022,3.0468510279116643,1.7206651210375945,1.6606298315038928,3.127337443675198,-0.6471933345086262,0.0,0.0,58.28710969226304,-15.063230821955969,1.210035089040022,3.0468510279116643,1.7206651210375945,1.6606298315038928,3.127337443675198,0.0,0.0,-0.6471933345086262
scene-0061,CAM_FRONT_RIGHT,6,0,car,0.9024390578269958,17.340452331997685,-7.530566727984288,0.7990066113025586,2.99779552905704,1.7441896951551352,1.5371536356066826,2.7501292460096374,-0.058277217648730506,0.08379084967320262,0.6410000000000002,17.340452331997685,-7.530566727984288,0.7990066113025586,2.99779552905704,1.7441896951551352,1.5371536356066826,2.7501292460096374,0.08379084967320262,0.6410000000000002,-0.058277217648730506
scene-0061,CAM_FRONT_RIGHT,6,1,car,0.8827838897705078,44.889979826243945,-35.667366566877675,0.5082337015856,4.947183562934729,2.8527469206075367,2.003919120712095,0.8288581465765796,0.23418691023452842,0.0011259676284306826,0.03200000000000001,44.889979826243945,-35.667366566877675,0.5082337015856,4.947183562934729,2.8527469206075367,2.003919120712095,0.8288581465765796,0.0011259676284306826,0.03200000000000001,0.23418691023452842
scene-0061,CAM_FRONT_RIGHT,6,2,car,0.8012422323226929,42.07014804165882,-38.04942488056922,-0.20142013915777113,3.8011783606791045,1.7664028319932115,1.4770043351303086,-2.5215827164491085,0.6478322483962042,0.0001949317738791423,0.002,42.07014804165882,-38.04942488056922,-0.20142013915777113,3.8011783606791045,1.7664028319932115,1.4770043351303086,-2.5215827164491085,0.0001949317738791423,0.002,0.6478322483962042
scene-0061,CAM_FRONT_RIGHT,6,3,car,0.7264957427978516,44.62281401448646,-29.71485295605102,1.1559041246107782,3.0956127103597666,1.39873337666873,1.0981989641021648,-3.0821879900283027,-0.8255770390049701,0.0,0.0,44.62281401448646,-29.71485295605102,1.1559041246107782,3.0956127103597666,1.39873337666873,1.0981989641021648,-3.0821879900283027,0.0,0.0,-0.8255770390049701
scene-0061,CAM_FRONT_RIGHT,6,4,car,0.7655677795410156,27.03630037950232,-32.77508057273484,0.43511817874164727,2.6033960655762307,1.3663192176672396,1.2532612408379162,1.546359922629148,-0.13034670944764337,0.0014792899408284023,0.007000000000000002,27.03630037950232,-32.77508057273484,0.43511817874164727,2.6033960655762307,1.3663192176672396,1.2532612408379162,1.546359922629148,0.0014792899408284023,0.007000000000000002,-0.13034670944764337
scene-0061,CAM_FRONT_RIGHT,6,5,car,0.8083832263946533,30.6667512367298,-30.98834623665973,0.6234993243057195,2.5485558103668797,1.5396291192429246,1.281544600171413,-2.416108265768684,-0.3012578817830318,0.0008205128205128205,0.004,30.6667512367298,-30.98834623665973,0.6234993243057195,2.5485558103668797,1.5396291192429246,1.281544600171413,-2.416108265768684,0.0008205128205128205,0.004,-0.3012578817830318
scene-0061,CAM_FRONT_RIGHT,6,6,car,0.5631399154663086,28.51816195843933,-29.63356637902096,1.0940156247417518,2.343635207171617,1.351568950848062,1.280288804401298,-2.413579085117362,-0.772511961266765,0.0,0.0,28.51816195843933,-29.63356637902096,1.0940156247417518,2.343635207171617,1.351568950848062,1.280288804401298,-2.413579085117362,0.0,0.0,-0.772511961266765
scene-0061,CAM_BACK,6,0,truck,0.9298245906829834,-7.472344417537997,4.166929996192361,1.5499295711005283,8.436035214495382,2.4660920312004935,4.557172886780391,-2.9688886216760992,0.7557613692455387,0.1449896480331263,14.006000000000004,-7.472344417537997,4.166929996192361,1.5499295711005283,8.436035214495382,2.4660920312004935,4.557172886780391,-2.9688886216760992,0.1449896480331263,14.006000000000004,0.7557613692455387
scene-0061,CAM_BACK_LEFT,6,0,construction vehicle,0.5276752710342407,-4.914484500713153,4.933710597863755,1.2377207925170048,4.383646816838904,2.8473325656313606,2.8412625430324736,2.7654643969210886,0.18506712405881753,0.16401901669758812,5.658000000000001,-4.914484500713153,4.933710597863755,1.2377207925170048,4.383646816838904,2.8473325656313606,2.8412625430324736,2.7654643969210886,0.16401901669758812,5.658000000000001,0.18506712405881753
scene-0061,CAM_FRONT,7,0,car,0.6483516097068787,58.29769859897676,-8.801234075485954,1.3958242809318782,2.172354455344731,1.5424765550674655,0.5810328492951222,3.0361359764645597,-0.4228147656547394,0.0,0.0,58.29769859897676,-8.801234075485954,1.3958242809318782,2.172354455344731,1.5424765550674655,0.5810328492951222,3.0361359764645597,0.0,0.0,-0.4228147656547394
scene-0061,CAM_FRONT,7,1,car,0.675126850605011,44.68145045461425,6.762708100304301,2.5813371615223795,2.47535010943073,1.126252491790403,0.8649139728800046,1.67247082809964,-1.6380584749862468,0.0048484848484848485,0.012000000000000002,44.68145045461425,6.762708100304301,2.5813371615223795,2.47535010943073,1.126252491790403,0.8649139728800046,1.67247082809964,0.0048484848484848485,0.012000000000000002,-1.6380584749862468
scene-0061,CAM_FRONT,7,2,car,0.8827838897705078,26.047925149372524,2.3560722194568293,1.1460681815338989,4.1532334334002385,2.2777065060743187,1.8375579320304936,-2.8983036233256625,-0.09254722376030555,0.008799171842650104,0.15300000000000005,26.047925149372524,2.3560722194568293,1.1460681815338989,4.1532334334002385,2.2777065060743187,1.8375579320304936,-2.8983036233256625,0.008799171842650104,0.15300000000000005,-0.09254722376030555
scene-0061,CAM_FRONT,7,3,car,0.9139785170555115,17.613974017130495,-7.889984900663822,0.8306725400184655,3.993502733730727,2.338522664700154,1.7700065999372725,-3.125217352224673,0.0990942058043578,0.03894927536231884,0.6450000000000001,17.613974017130495,-7.889984900663822,0.8306725400184655,3.993502733730727,2.338522664700154,1.7700065999372725,-3.125217352224673,0.03894927536231884,0.6450000000000001,0.0990942058043578
scene-0061,CAM_FRONT,7,4,car,0.6483516097068787,16.14765830095174,4.527754206680098,1.8556164704045284,0.6367953506737067,0.3028999384706381,0.22702517663383137,1.6873499226507875,-1.5700997486247068,0.0,0.0,16.14765830095174,4.527754206680098,1.8556164704045284,0.6367953506737067,0.3028999384706381,0.22702517663383137,1.6873499226507875,0.0,0.0,-1.5700997486247068
scene-0061,CAM_FRONT,7,5,car,0.8324607610702515,44.00243184852153,-15.038095394933336,-4.173788054889469,5.758705140088544,2.6048463998159477,2.03272180658663,3.050349382627264,5.30769289395854,0.0,0.0,44.00243184852153,-15.038095394933336,-4.173788054889469,5.758705140088544,2.6048463998159477,2.03272180658663,3.050349382627264,0.0,0.0,5.30769289395854
scene-0061,CAM_FRONT,7,6,car,0.5661016702651978,69.95060102123799,-15.125072202684672,-0.36963010384813155,0.9247961634066257,0.5797177601364716,2.38648133856896,2.7461184842113746,2.308042796905805,0.0,0.0,69.95060102123799,-15.125072202684672,-0.36963010384813155,0.9247961634066257,0.5797177601364716,2.38648133856896,2.7461184842113746,0.0,0.0,2.308042796905805
scene-0061,CAM_FRONT,7,0,motorcycle,0.5775577425956726,23.157379796906525,12.102910081142308,1.816745659289253,1.413350120056709,0.8632210954124595,0.9213721715544725,1.0922213185707093,-0.6153117641019215,0.0,0.0,23.157379796906525,12.102910081142308,1.816745659289253,1.413350120056709,0.8632210954124595,0.9213721715544725,1.0922213185707093,0.0,0.0,-0.6153117641019215
scene-0061,CAM_FRONT,7,0,bus,0.7064220309257507,77.08656832031104,-19.82112764365119,1.6930268620518492,7.425553657823102,2.5945899915172994,3.4600918857416847,-3.0394608438581305,0.7834131190193716,0.0,0.0,77.08656832031104,-19.82112764365119,1.6930268620518492,7.425553657823102,2.5945899915172994,3.4600918857416847,-3.0394608438581305,0.0,0.0,0.7834131190193716
scene-0061,CAM_FRONT,7,0,truck,0.8241757750511169,32.652542132130485,-11.07140079303983,1.2899991823015662,3.529526205994614,1.8851013226269338,1.8820220308098403,2.7833558449246434,-0.32113092288190603,0.018599129402453504,0.23500000000000007,32.652542132130485,-11.07140079303983,1.2899991823015662,3.529526205994614,1.8851013226269338,1.8820220308098403,2.7833558449246434,0.018599129402453504,0.23500000000000007,-0.32113092288190603
scene-0061,CAM_FRONT,7,1,truck,0.5661016702651978,54.52789758606669,18.502343916789606,3.6617350598595175,5.121919330151837,1.8142107381659756,2.94725249321087,1.6814187195274144,-1.1532036180178764,0.0,0.0,54.52789758606669,18.502343916789606,3.6617350598595175,5.121919330151837,1.8142107381659756,2.94725249321087,1.6814187195274144,0.0,0.0,-1.1532036180178764
scene-0061,CAM_FRONT,7,2,truck,0.6831682920455933,64.818639078685,-18.609425118232913,0.6647620114980896,4.2239174432833835,2.5710501293862578,2.2328265294494267,3.1205238040662935,0.9167082984479525,0.0,0.0,64.818639078685,-18.609425118232913,0.6647620114980896,4.2239174432833835,2.5710501293862578,2.2328265294494267,3.1205238040662935,0.0,0.0,0.9167082984479525
scene-0061,CAM_FRONT_LEFT,7,0,motorcycle,0.8358974456787109,36.0841380371402,19.31024599223375,2.0332616681349185,2.1386302998057225,1.3091822246713072,1.39521358162979,1.136258288938723,-0.09289505352089034,0.0,0.0,36.0841380371402,19.31024599223375,2.0332616681349185,2.1386302998057225,1.3091822246713072,1.39521358162979,1.136258288938723,0.0,0.0,-0.09289505352089034
scene-0061,CAM_FRONT_RIGHT,7,0,car,0.5747508406639099,51.014186278296044,-28.583142949707764,1.108543816777947,2.4915393783938953,1.8619293369355248,0.8083232779425621,-2.8029811694764186,-0.8665408458478954,0.0,0.0,51.014186278296044,-28.583142949707764,1.108543816777947,2.4915393783938953,1.8619293369355248,0.8083232779425621,-2.8029811694764186,0.0,0.0,-0.8665408458478954
scene-0061,CAM_FRONT_RIGHT,7,1,car,0.5345454812049866,29.965595379396568,-34.34057151732191,1.2381464179674209,1.7273832455106515,1.2372072696074987,0.5459550687907221,1.6073560164492262,-1.427646657000023,0.0,0.0,29.965595379396568,-34.34057151732191,1.2381464179674209,1.7273832455106515,1.2372072696074987,0.5459550687907221,1.6073560164492262,0.0,0.0,-1.427646657000023
scene-0061,CAM_FRONT_RIGHT,7,2,car,0.9139785170555115,16.927236527257076,-7.866760170121789,0.9105092125462834,3.554392715542228,2.109539369876593,1.6809581905963091,2.863871041990876,-0.2429473342643489,0.04411764705882353,0.5670000000000002,16.927236527257076,-7.866760170121789,0.9105092125462834,3.554392715542228,2.109539369876593,1.6809581905963091,2.863871041990876,0.04411764705882353,0.5670000000000002,-0.2429473342643489
scene-0061,CAM_FRONT_RIGHT,7,3,car,0.859649121761322,40.40740194849123,-36.360047035709606,0.4819036619027679,5.069014470624303,2.757146511122862,1.9806480586088662,0.8576797137817596,0.0551236166177449,0.0025910364145658262,0.07400000000000001,40.40740194849123,-36.360047035709606,0.4819036619027679,5.069014470624303,2.757146511122862,1.9806480586088662,0.8576797137817596,0.0025910364145658262,0.07400000000000001,0.0551236166177449
scene-0061,CAM_FRONT_RIGHT,7,4,car,0.7968254089355469,41.07855460210153,-41.988718760234654,-0.19295341811448785,4.0023387664240815,1.833368660184206,1.478266243686663,1.3401254337565545,0.4615717060306648,0.0,0.0,41.07855460210153,-41.988718760234654,-0.19295341811448785,4.0023387664240815,1.833368660184206,1.478266243686663,1.3401254337565545,0.0,0.0,0.4615717060306648
scene-0061,CAM_FRONT_RIGHT,7,5,car,0.6289855241775513,16.307298671620945,-21.407011245715253,0.701416969305538,1.453509562698999,0.8294585777874985,0.8162025644084581,1.1396231233708698,-0.6893467687777921,0.06458333333333334,0.06200000000000002,16.307298671620945,-21.407011245715253,0.701416969305538,1.453509562698999,0.8294585777874985,0.8162025644084581,1.1396231233708698,0.06458333333333334,0.06200000000000002,-0.6893467687777921
scene-0061,CAM_FRONT_RIGHT,7,6,car,0.675126850605011,34.315255798820694,-40.54629720626129,-0.16025873276770625,3.719623846592448,1.6958180995145895,1.3780432253287502,1.3255192799289928,0.3798390805642988,0.0013627072450601862,0.012000000000000004,34.315255798820694,-40.54629720626129,-0.16025873276770625,3.719623846592448,1.6958180995145895,1.3780432253287502,1.3255192799289928,0.0013627072450601862,0.012000000000000004,0.3798390805642988
scene-0061,CAM_BACK,7,0,truck,0.9375000596046448,-10.397940348906575,4.902406022747077,1.4479933009621273,7.4037881672170345,3.0089949932791766,4.062660768265221,-3.0796739587822395,0.5847958919501999,0.10135135135135136,9.225000000000003,-10.397940348906575,4.902406022747077,1.4479933009621273,7.4037881672170345,3.0089949932791766,4.062660768265221,-3.0796739587822395,0.10135135135135136,9.225000000000003,0.5847958919501999
scene-0061,CAM_FRONT,8,0,car,0.6995305418968201,49.28032377631686,-8.98451038800726,0.4739623399214864,0.6346543749473736,0.6596071626911026,0.9242019242725725,1.3952274294142282,0.08537199216127966,0.0,0.0,49.28032377631686,-8.98451038800726,0.4739623399214864,0.6346543749473736,0.6596071626911026,0.9242019242725725,1.3952274294142282,0.0,0.0,0.08537199216127966
scene-0061,CAM_FRONT,8,1,car,0.9101123809814453,24.425581688875514,2.8500808595485876,1.057887256505743,4.358250147050477,2.474621033677043,1.813224087622143,-2.8142195249193844,-0.10450653247978947,0.025050505050505052,0.49600000000000016,24.425581688875514,2.8500808595485876,1.057887256505743,4.358250147050477,2.474621033677043,1.813224087622143,-2.8142195249193844,0.025050505050505052,0.49600000000000016,-0.10450653247978947
scene-0061,CAM_FRONT,8,2,car,0.7620818018913269,14.933472097062575,4.36421741088398,1.7264383094986857,1.012756457651266,0.4290448883311875,0.3408543970084432,1.7684008775825837,-1.4515149597855865,0.075,0.009000000000000001,14.933472097062575,4.36421741088398,1.7264383094986857,1.012756457651266,0.4290448883311875,0.3408543970084432,1.7684008775825837,0.075,0.009000000000000001,-1.4515149597855865
scene-0061,CAM_FRONT,8,3,car,0.9179486632347107,16.996364219413085,-8.193594062862925,0.8866088198272742,4.043311027398362,2.423432823499615,1.6984341967178176,3.0836230178557122,-0.12966337726632382,0.03057598039215686,0.4990000000000001,16.996364219413085,-8.193594062862925,0.8866088198272742,4.043311027398362,2.423432823499615,1.6984341967178176,3.0836230178557122,0.03057598039215686,0.4990000000000001,-0.12966337726632382
scene-0061,CAM_FRONT,8,4,car,0.8552036285400391,32.520306867949984,-6.003643433255993,1.0115172500025236,2.121040070436056,0.9141015943850666,0.7106541285112185,3.0111514626269873,-0.6631043394420209,0.0,0.0,32.520306867949984,-6.003643433255993,1.0115172500025236,2.121040070436056,0.9141015943850666,0.7106541285112185,3.0111514626269873,0.0,0.0,-0.6631043394420209
scene-0061,CAM_FRONT,8,5,car,0.518796980381012,72.35447492997342,-15.807113611582995,0.5099059015174945,1.4464633367388657,1.4466351109027116,0.36491014915026343,-2.544850055132533,-0.1126537473792219,0.0,0.0,72.35447492997342,-15.807113611582995,0.5099059015174945,1.4464633367388657,1.4466351109027116,0.36491014915026343,-2.544850055132533,0.0,0.0,-0.1126537473792219
scene-0061,CAM_FRONT,8,0,motorcycle,0.6878048777580261,29.742839747243384,17.404741956080287,1.653873502514513,1.1861312950035128,0.8769676223704899,1.1914128378476423,0.8370759177723527,-0.288261337607568,0.041666666666666664,0.054000000000000006,29.742839747243384,17.404741956080287,1.653873502514513,1.1861312950035128,0.8769676223704899,1.1914128378476423,0.8370759177723527,0.041666666666666664,0.054000000000000006,-0.288261337607568
scene-0061,CAM_FRONT,8,0,bus,0.7655677795410156,74.26564921003921,-20.339270586720346,1.3642673983347948,9.110243209966697,2.561458420159301,3.3566422605340707,-3.111570097893886,0.5318096456666765,0.0,0.0,74.26564921003921,-20.339270586720346,1.3642673983347948,9.110243209966697,2.561458420159301,3.3566422605340707,-3.111570097893886,0.0,0.0,0.5318096456666765
scene-0061,CAM_FRONT,8,0,truck,0.7928802371025085,31.66587580996953,-12.45115124965457,1.2481275915489403,3.3380687953818438,1.906637125626941,1.7769420620624095,2.7201062303238284,-0.3760836155189944,0.018784334573808258,0.21200000000000005,31.66587580996953,-12.45115124965457,1.2481275915489403,3.3380687953818438,1.906637125626941,1.7769420620624095,2.7201062303238284,0.018784334573808258,0.21200000000000005,-0.3760836155189944
scene-0061,CAM_FRONT,8,1,truck,0.6132930517196655,32.58734947925771,16.537644141820124,2.6913424332224043,3.645118331358862,1.4617464947713756,1.818841705396105,1.643834644839057,-1.0778269321631457,0.015020576131687243,0.14600000000000005,32.58734947925771,16.537644141820124,2.6913424332224043,3.645118331358862,1.4617464947713756,1.818841705396105,1.643834644839057,0.015020576131687243,0.14600000000000005,-1.0778269321631457
scene-0061,CAM_FRONT,8,2,truck,0.6213017702102661,63.812764494911434,-19.987382062243935,1.2556087670128102,4.243415517736835,2.4578390033107667,2.213373139728529,2.9549894477871326,0.015391119196669134,0.0,0.0,63.812764494911434,-19.987382062243935,1.2556087670128102,4.243415517736835,2.4578390033107667,2.213373139728529,2.9549894477871326,0.0,0.0,0.015391119196669134
scene-0061,CAM_FRONT_LEFT,8,0,motorcycle,0.7064220309257507,63.46102501813724,37.65613009490992,2.1558105277156487,3.3414263251212475,1.8808823562332364,2.1747251539637085,1.1463498863493955,0.665201660739289,0.0,0.0,63.46102501813724,37.65613009490992,2.1558105277156487,3.3414263251212475,1.8808823562332364,2.1747251539637085,1.1463498863493955,0.0,0.0,0.665201660739289
scene-0061,CAM_FRONT_LEFT,8,0,truck,0.6363636255264282,31.82503725432692,16.383992231243298,2.6091588690924272,3.608914218699271,1.445879045040975,1.8985022319230678,1.9153751632138862,-0.9084205576391025,0.02412280701754386,0.23100000000000004,31.82503725432692,16.383992231243298,2.6091588690924272,3.608914218699271,1.445879045040975,1.8985022319230678,1.9153751632138862,0.02412280701754386,0.23100000000000004,-0.9084205576391025
scene-0061,CAM_FRONT_RIGHT,8,0,car,0.5460992455482483,7.20703949274322,-8.490175444748619,-10.471286070023783,13.55197434461394,7.757231695532908,4.123146237826701,-2.699269552871772,12.510452208541817,0.0,0.0,7.20703949274322,-8.490175444748619,-10.471286070023783,13.55197434461394,7.757231695532908,4.123146237826701,-2.699269552871772,0.0,0.0,12.510452208541817
scene-0061,CAM_FRONT_RIGHT,8,1,car,0.8518518805503845,30.482534903140063,-30.724221299493134,0.5402098960251642,4.022488893278467,2.343065179669253,1.6100654688752272,1.3533442338872619,-0.019653203381373885,0.012771739130434783,0.18800000000000006,30.482534903140063,-30.724221299493134,0.5402098960251642,4.022488893278467,2.343065179669253,1.6100654688752272,1.3533442338872619,0.012771739130434783,0.18800000000000006,-0.019653203381373885
scene-0061,CAM_FRONT_RIGHT,8,2,car,0.859649121761322,33.54609726822124,-37.12004791049606,0.025824559598774333,3.534569719100748,1.5551039234443351,1.4354453066333357,1.467819912740395,0.39632164050897023,0.0,0.0,33.54609726822124,-37.12004791049606,0.025824559598774333,3.534569719100748,1.5551039234443351,1.4354453066333357,1.467819912740395,0.0,0.0,0.39632164050897023
scene-0061,CAM_FRONT_RIGHT,8,3,car,0.6717948913574219,4.686952702148622,-1.487729380913958,2.018671467852477,2.7500190018271145,1.0798569604761497,0.6497125797921464,2.5604505753597913,-1.772273487129988,0.3181818181818182,0.5880000000000002,4.686952702148622,-1.487729380913958,2.018671467852477,2.7500190018271145,1.0798569604761497,0.6497125797921464,2.5604505753597913,0.3181818181818182,0.5880000000000002,-1.772273487129988
scene-0061,CAM_FRONT_RIGHT,8,4,car,0.8947368264198303,16.697601142557268,-8.393312116271169,0.9119472641471111,3.853777667675825,2.1524722342942875,1.6264711547401318,2.9361729241570123,-0.05458352212803552,0.023747086247086248,0.32600000000000007,16.697601142557268,-8.393312116271169,0.9119472641471111,3.853777667675825,2.1524722342942875,1.6264711547401318,2.9361729241570123,0.023747086247086248,0.32600000000000007,-0.05458352212803552
scene-0061,CAM_FRONT_RIGHT,8,5,car,0.7538461089134216,30.454447205708817,-46.52298528524635,-0.07034619426449673,4.378314179624759,2.1169745180214363,1.6352314181315295,1.2066614987552218,0.5221544892753909,0.0,0.0,30.454447205708817,-46.52298528524635,-0.07034619426449673,4.378314179624759,2.1169745180214363,1.6352314181315295,1.2066614987552218,0.0,0.0,0.5221544892753909
scene-0061,CAM_FRONT_RIGHT,8,6,car,0.8400000333786011,31.049564624898252,-40.067319424563046,0.18788545096436593,4.6615995475036325,2.1552021007916196,1.640374872955329,0.8711584961959692,0.3006180517784047,0.0015715667311411992,0.026000000000000006,31.049564624898252,-40.067319424563046,0.18788545096436593,4.6615995475036325,2.1552021007916196,1.640374872955329,0.8711584961959692,0.0015715667311411992,0.026000000000000006,0.3006180517784047
scene-0061,CAM_FRONT_RIGHT,8,7,car,0.604938268661499,24.104258455681116,-30.853582215252377,0.9509521356245014,2.8272795889320292,1.7434758137296242,1.4292703572239662,0.9396787171341459,-0.5752033968127808,0.012004801920768308,0.08000000000000002,24.104258455681116,-30.853582215252377,0.9509521356245014,2.8272795889320292,1.7434758137296242,1.4292703572239662,0.9396787171341459,0.012004801920768308,0.08000000000000002,-0.5752033968127808
scene-0061,CAM_BACK,8,0,bicycle,0.5114504098892212,-44.92485179376123,-0.8341152894016508,-0.050511320729071274,0.6389149658030533,0.6129490266229638,0.9474818103626723,1.8406929897149407,0.459312786613685,0.0,0.0,-44.92485179376123,-0.8341152894016508,-0.050511320729071274,0.6389149658030533,0.6129490266229638,0.9474818103626723,1.8406929897149407,0.0,0.0,0.459312786613685
scene-0061,CAM_BACK,8,0,truck,0.9375000596046448,-14.23716659154736,4.970900502690042,1.442585090675275,8.04706027232448,3.1310058550838438,4.31601648266888,-3.085053274232718,0.7083935874706122,0.06643848462115529,7.085000000000002,-14.23716659154736,4.970900502690042,1.442585090675275,8.04706027232448,3.1310058550838438,4.31601648266888,-3.085053274232718,0.06643848462115529,7.085000000000002,0.7083935874706122
scene-0061,CAM_BACK,8,1,truck,0.5857605338096619,-74.33377881144827,-8.121426333537158,1.0880855056446272,1.93326786760597,1.9249834171050395,3.4971409390678825,1.4451328705968818,0.5838093402339948,0.0,0.0,-74.33377881144827,-8.121426333537158,1.0880855056446272,1.93326786760597,1.9249834171050395,3.4971409390678825,1.4451328705968818,0.0,0.0,0.5838093402339948
scene-0061,CAM_FRONT,9,0,car,0.5586206912994385,50.30455302249542,-9.167152631950142,0.6510809194074223,1.4650176335120904,0.7819044611787689,1.1622983846175745,3.10756810312311,0.209216791940519,0.0,0.0,50.30455302249542,-9.167152631950142,0.6510809194074223,1.4650176335120904,0.7819044611787689,1.1622983846175745,3.10756810312311,0.0,0.0,0.209216791940519
scene-0061,CAM_FRONT,9,1,car,0.5345454812049866,68.3831835884492,-16.697966109947394,0.23535633345078077,1.8271616754318245,1.74025098892416,0.4092818700973184,2.8057571565541055,0.35338608184346865,0.0,0.0,68.3831835884492,-16.697966109947394,0.23535633345078077,1.8271616754318245,1.74025098892416,0.4092818700973184,2.8057571565541055,0.0,0.0,0.35338608184346865
scene-0061,CAM_FRONT,9,2,car,0.9101123809814453,22.669786610911803,3.418656859744905,1.1272046613608784,4.357621534047048,2.5351025880170477,1.788100478535487,-2.7498449160412943,-0.1855396390445051,0.026818181818181817,0.5310000000000001,22.669786610911803,3.418656859744905,1.1272046613608784,4.357621534047048,2.5351025880170477,1.788100478535487,-2.7498449160412943,0.026818181818181817,0.5310000000000001,-0.1855396390445051
scene-0061,CAM_FRONT,9,3,car,0.8987342119216919,16.635846238387206,-8.550690758692511,0.9735905709955823,3.7859049082166685,1.9384922440137986,1.7176197887712314,3.0987467307123495,-0.03699748689601168,0.037559067948509044,0.4610000000000001,16.635846238387206,-8.550690758692511,0.9735905709955823,3.7859049082166685,1.9384922440137986,1.7176197887712314,3.0987467307123495,0.037559067948509044,0.4610000000000001,-0.03699748689601168
scene-0061,CAM_FRONT,9,4,car,0.6167664527893066,53.385443514311376,-15.034271245191883,0.557884540784594,2.6386623810351537,0.8614704899252743,0.960023380429698,-3.1280404282546304,0.17373447808359055,0.0,0.0,53.385443514311376,-15.034271245191883,0.557884540784594,2.6386623810351537,0.8614704899252743,0.960023380429698,-3.1280404282546304,0.0,0.0,0.17373447808359055
scene-0061,CAM_FRONT,9,5,car,0.7770034670829773,50.124671346062755,-9.796707489542504,1.208071943746675,3.4784541697674456,1.5590835485610794,1.2131864226377826,2.9680032218419896,-0.33093080600184976,0.0,0.0,50.124671346062755,-9.796707489542504,1.208071943746675,3.4784541697674456,1.5590835485610794,1.2131864226377826,2.9680032218419896,0.0,0.0,-0.33093080600184976
scene-0061,CAM_FRONT,9,6,car,0.7419355511665344,15.797424246673861,4.9496909593403435,1.9359770662401132,1.1109765787086863,0.5096187221789421,0.38146240631319883,1.769736891000379,-1.7100434865390381,0.0,0.0,15.797424246673861,4.9496909593403435,1.9359770662401132,1.1109765787086863,0.5096187221789421,0.38146240631319883,1.769736891000379,0.0,0.0,-1.7100434865390381
scene-0061,CAM_FRONT,9,7,car,0.6246334314346313,59.1550934471834,-19.508446536726773,1.7348754632219565,3.8163529420559072,2.30141634177107,2.139885800603519,3.0306240653052074,-0.3956519802537999,0.0,0.0,59.1550934471834,-19.508446536726773,1.7348754632219565,3.8163529420559072,2.30141634177107,2.139885800603519,3.0306240653052074,0.0,0.0,-0.3956519802537999
scene-0061,CAM_FRONT,9,0,bus,0.7815700173377991,70.09166691773476,-21.06017978933921,1.3998373099615014,8.306294176016308,2.904474336064286,3.9535292578948984,-2.984573674364642,0.9404397754030316,0.0,0.0,70.09166691773476,-21.06017978933921,1.3998373099615014,8.306294176016308,2.904474336064286,3.9535292578948984,-2.984573674364642,0.0,0.0,0.9404397754030316
scene-0061,CAM_FRONT,9,1,bus,0.5586206912994385,31.31540120588114,-14.994002825218708,1.2254029345460518,3.945377997549437,2.562017054544775,2.1327290126248832,1.075126068083553,-0.04245154188726996,0.014980745749976519,0.31900000000000006,31.31540120588114,-14.994002825218708,1.2254029345460518,3.945377997549437,2.562017054544775,2.1327290126248832,1.075126068083553,0.014980745749976519,0.31900000000000006,-0.04245154188726996
scene-0061,CAM_FRONT,9,0,construction vehicle,0.7500000596046448,36.71209042257414,8.204065800341919,4.094084411451594,2.708227943324202,1.6779262001853965,5.991713605097501,2.0590965648727453,-0.972886551125439,0.01140159767610748,0.31400000000000006,36.71209042257414,8.204065800341919,4.094084411451594,2.708227943324202,1.6779262001853965,5.991713605097501,2.0590965648727453,0.01140159767610748,0.31400000000000006,-0.972886551125439
scene-0061,CAM_FRONT_LEFT,9,0,motorcycle,0.7500000596046448,25.66872678006595,16.829375476292146,1.5384268577899944,1.9057772006786138,1.083508832438401,1.2221333068258184,1.230450502133674,-0.26983037344446803,0.07496012759170653,0.18800000000000003,25.66872678006595,16.829375476292146,1.5384268577899944,1.9057772006786138,1.083508832438401,1.2221333068258184,1.230450502133674,0.07496012759170653,0.18800000000000003,-0.26983037344446803
scene-0061,CAM_FRONT_LEFT,9,0,truck,0.6521739363670349,28.63790292480453,15.766774848112748,2.5062119009026507,3.629103707375271,1.3919019379977904,1.643738233694956,2.1859653187915598,-1.1202049080213898,0.035342261904761904,0.2850000000000001,28.63790292480453,15.766774848112748,2.5062119009026507,3.629103707375271,1.3919019379977904,1.643738233694956,2.1859653187915598,0.035342261904761904,0.2850000000000001,-1.1202049080213898
scene-0061,CAM_FRONT_RIGHT,9,0,car,0.6289855241775513,32.323512035023796,-14.585683003448947,1.4845280199037663,2.17015064489137,0.9272863427083351,2.100978171382601,1.2631183010256748,-0.3898108721788125,0.018037518037518036,0.07500000000000001,32.323512035023796,-14.585683003448947,1.4845280199037663,2.17015064489137,0.9272863427083351,2.100978171382601,1.2631183010256748,0.018037518037518036,0.07500000000000001,-0.3898108721788125
scene-0061,CAM_FRONT_RIGHT,9,1,car,0.7852349281311035,26.65095488829864,-33.695197606419036,0.6875592120981089,2.3971464384651178,1.0373751223842476,0.9806508672108816,1.1135681645562303,-0.36348981882736964,0.0,0.0,26.65095488829864,-33.695197606419036,0.6875592120981089,2.3971464384651178,1.0373751223842476,0.9806508672108816,1.1135681645562303,0.0,0.0,-0.36348981882736964
scene-0061,CAM_FRONT_RIGHT,9,2,car,0.7887788414955139,26.839296852460738,-30.657573060145506,0.9594151390619137,3.8658082337580097,2.236598948921035,1.8513687237399776,1.2044380162636634,-0.164191590833473,0.00981474665685192,0.16000000000000003,26.839296852460738,-30.657573060145506,0.9594151390619137,3.8658082337580097,2.236598948921035,1.8513687237399776,1.2044380162636634,0.00981474665685192,0.16000000000000003,-0.164191590833473
scene-0061,CAM_FRONT_RIGHT,9,3,car,0.5151515007019043,26.337611792307754,-15.596236897867811,0.48303966689640543,1.662026384735789,0.42051980733909256,0.3908000155507123,2.571881622012582,-0.3061947638535627,0.0,0.0,26.337611792307754,-15.596236897867811,0.48303966689640543,1.662026384735789,0.42051980733909256,0.3908000155507123,2.571881622012582,0.0,0.0,-0.3061947638535627
scene-0061,CAM_FRONT_RIGHT,9,4,car,0.9101123809814453,16.444144834316333,-8.747304634241539,1.058201615093588,3.9930672425829083,2.3052208190760624,1.7862140263618513,3.1138862667073717,-0.2428663102819174,0.06564009661835749,1.0870000000000002,16.444144834316333,-8.747304634241539,1.058201615093588,3.9930672425829083,2.3052208190760624,1.7862140263618513,3.1138862667073717,0.06564009661835749,1.0870000000000002,-0.2428663102819174
scene-0061,CAM_FRONT_RIGHT,9,5,car,0.7655677795410156,19.251238179904043,-27.89209576193744,0.9180229321510707,2.68467213164931,1.4515187363202955,0.9809017615974147,0.8109464242739657,-0.6679919756115491,0.04049382716049383,0.16400000000000003,19.251238179904043,-27.89209576193744,0.9180229321510707,2.68467213164931,1.4515187363202955,0.9809017615974147,0.8109464242739657,0.04049382716049383,0.16400000000000003,-0.6679919756115491
scene-0061,CAM_FRONT_RIGHT,9,6,car,0.7500000596046448,24.347791657851893,-35.3361116077393,0.6378538006994573,3.4876916842829964,2.2211030858234793,1.8959369937195663,1.1822399711354716,0.08422626508809072,0.01770334928229665,0.25900000000000006,24.347791657851893,-35.3361116077393,0.6378538006994573,3.4876916842829964,2.2211030858234793,1.8959369937195663,1.1822399711354716,0.01770334928229665,0.25900000000000006,0.08422626508809072
scene-0061,CAM_FRONT_RIGHT,9,7,car,0.7387754917144775,38.83779529315433,-27.88755202657858,1.2353949497578403,4.0049462355647325,1.9562863662092909,1.3819022770225473,0.7947680027404443,-0.4957639378992842,0.00625,0.07000000000000002,38.83779529315433,-27.88755202657858,1.2353949497578403,4.0049462355647325,1.9562863662092909,1.3819022770225473,0.7947680027404443,0.00625,0.07000000000000002,-0.4957639378992842
scene-0061,CAM_FRONT_RIGHT,9,8,car,0.7500000596046448,21.76763628133535,-37.36580724564582,0.8771282275052631,2.9616533179140987,1.7246965708533963,1.5123851706586595,-2.363355758937548,-0.4105841154387202,0.001568627450980392,0.012000000000000002,21.76763628133535,-37.36580724564582,0.8771282275052631,2.9616533179140987,1.7246965708533963,1.5123851706586595,-2.363355758937548,0.001568627450980392,0.012000000000000002,-0.4105841154387202
scene-0061,CAM_BACK,9,0,construction vehicle,0.675126850605011,-17.379957852709413,5.015398169634916,1.4824427897664827,7.219524624396486,3.146705907573782,4.024577227176393,-3.0726658383382843,0.49517932283609145,0.04783826164874552,4.271000000000001,-17.379957852709413,5.015398169634916,1.4824427897664827,7.219524624396486,3.146705907573782,4.024577227176393,-3.0726658383382843,0.04783826164874552,4.271000000000001,0.49517932283609145
scene-0061,CAM_FRONT,10,0,car,0.5857605338096619,61.87808448945335,-17.539613172508098,1.1697526603923194,1.8679312585860472,1.353658563196582,0.5827345056654253,-2.69343034404466,-0.6022842355892393,0.0,0.0,61.87808448945335,-17.539613172508098,1.1697526603923194,1.8679312585860472,1.353658563196582,0.5827345056654253,-2.69343034404466,0.0,0.0,-0.6022842355892393
scene-0061,CAM_FRONT,10,1,car,0.5816993117332458,73.16369475754611,-18.505260264493813,0.6409677272280159,1.4554177496024536,1.459256520537778,0.7022824184705745,1.6893163850764337,0.13699000508237513,0.0,0.0,73.16369475754611,-18.505260264493813,0.6409677272280159,1.4554177496024536,1.459256520537778,0.7022824184705745,1.6893163850764337,0.0,0.0,0.13699000508237513
scene-0061,CAM_FRONT,10,2,car,0.9024390578269958,21.214910236553795,3.927500128826275,1.1051162433400152,4.407704616001702,2.4997707739919743,1.815697836137296,-2.669761110491753,-0.17152863894820136,0.027525252525252526,0.5450000000000002,21.214910236553795,3.927500128826275,1.1051162433400152,4.407704616001702,2.4997707739919743,1.815697836137296,-2.669761110491753,0.027525252525252526,0.5450000000000002,-0.17152863894820136
scene-0061,CAM_FRONT,10,3,car,0.9064327478408813,16.896985859854155,-9.223772048027024,1.040318904272473,3.204286785344852,1.8413454179646518,1.5892033941833363,2.9590770281926955,-0.24634327946836432,0.020290798611111112,0.18700000000000006,16.896985859854155,-9.223772048027024,1.040318904272473,3.204286785344852,1.8413454179646518,1.5892033941833363,2.9590770281926955,0.020290798611111112,0.18700000000000006,-0.24634327946836432
scene-0061,CAM_FRONT,10,4,car,0.8476190567016602,8.03404125238167,2.5276529229418436,3.281061946894145,2.5862425170464944,1.0964569401937103,0.8581707257335038,1.6791353896534098,-2.895152162144764,0.16705516705516704,0.4300000000000001,8.03404125238167,2.5276529229418436,3.281061946894145,2.5862425170464944,1.0964569401937103,0.8581707257335038,1.6791353896534098,0.16705516705516704,0.4300000000000001,-2.895152162144764
scene-0061,CAM_FRONT,10,5,car,0.7387754917144775,53.212075719985016,-11.329886518990818,1.0921514125098497,3.610525685321612,1.6667491350398511,1.2780682916656685,2.9276358758457883,-0.17587573864280526,0.0,0.0,53.212075719985016,-11.329886518990818,1.0921514125098497,3.610525685321612,1.6667491350398511,1.2780682916656685,2.9276358758457883,0.0,0.0,-0.17587573864280526
scene-0061,CAM_FRONT,10,0,bus,0.8202247023582458,66.56979524247264,-21.240432118907435,1.755448862993782,7.289099068880667,2.588075623080524,3.5386428563142607,-3.0174643245351773,0.3072795285117369,0.0,0.0,66.56979524247264,-21.240432118907435,1.755448862993782,7.289099068880667,2.588075623080524,3.5386428563142607,-3.0174643245351773,0.0,0.0,0.3072795285117369
scene-0061,CAM_FRONT,10,0,truck,0.5428571701049805,45.19202389493687,20.789058339568612,3.225633249046358,15.348686780532866,4.154386772025376,3.4922438772784594,1.680072641377691,-0.697270740815606,0.00360588679916411,0.8110000000000002,45.19202389493687,20.789058339568612,3.225633249046358,15.348686780532866,4.154386772025376,3.4922438772784594,1.680072641377691,0.00360588679916411,0.8110000000000002,-0.697270740815606
scene-0061,CAM_FRONT,10,0,construction vehicle,0.8904109597206116,32.333510732397514,7.628891147042515,4.373753719229168,3.9127997849625475,2.0727533637132467,5.313920387241949,1.6254460418768395,-1.349561202915322,0.02978782224065243,1.2930000000000004,32.333510732397514,7.628891147042515,4.373753719229168,3.9127997849625475,2.0727533637132467,5.313920387241949,1.6254460418768395,0.02978782224065243,1.2930000000000004,-1.349561202915322
scene-0061,CAM_FRONT_LEFT,10,0,truck,0.7815700173377991,-0.35727493119128034,-1.950527824946787,0.7823249376641247,2.1543385223258227,0.7652717634426566,1.0620958180676523,2.0736633118190975,-0.2847704580526771,0.7112603305785123,1.3770000000000002,-0.35727493119128034,-1.950527824946787,0.7823249376641247,2.1543385223258227,0.7652717634426566,1.0620958180676523,2.0736633118190975,0.7112603305785123,1.3770000000000002,-0.2847704580526771
scene-0061,CAM_FRONT_RIGHT,10,0,car,0.8083832263946533,19.048883943566743,-38.00944046133603,0.8979903467174204,2.654622160927836,1.8558578863737765,1.5570678890566918,0.8842189836398099,-0.13963543546849344,0.0,0.0,19.048883943566743,-38.00944046133603,0.8979903467174204,2.654622160927836,1.8558578863737765,1.5570678890566918,0.8842189836398099,0.0,0.0,-0.13963543546849344
scene-0061,CAM_FRONT_RIGHT,10,1,car,0.6012461185455322,32.906313475831304,-31.18818419139893,0.8627316404661878,2.9175372990412995,0.7445169298595999,0.8461007426280203,2.9801619775223784,-0.29877243183375723,0.012315270935960592,0.020000000000000004,32.906313475831304,-31.18818419139893,0.8627316404661878,2.9175372990412995,0.7445169298595999,0.8461007426280203,2.9801619775223784,0.012315270935960592,0.020000000000000004,-0.29877243183375723
scene-0061,CAM_FRONT_RIGHT,10,2,car,0.9298245906829834,16.50191353749751,-9.514873975066715,1.1682696460440127,4.083567256985946,2.4760350506423388,1.7651066849596746,3.0749256546712984,-0.19225499121056444,0.06493224932249322,1.1980000000000002,16.50191353749751,-9.514873975066715,1.1682696460440127,4.083567256985946,2.4760350506423388,1.7651066849596746,3.0749256546712984,0.06493224932249322,1.1980000000000002,-0.19225499121056444
scene-0061,CAM_FRONT_RIGHT,10,3,car,0.6289855241775513,46.47957092660355,-32.57327277653162,1.3061849568082156,2.365723510747465,2.200806472148802,0.5653876903621664,2.012135222262321,-0.7426941069274253,0.0,0.0,46.47957092660355,-32.57327277653162,1.3061849568082156,2.365723510747465,2.200806472148802,0.5653876903621664,2.012135222262321,0.0,0.0,-0.7426941069274253
scene-0061,CAM_FRONT_RIGHT,10,4,car,0.8672199249267578,23.59342793938251,-39.691334669588635,0.7178097813625066,3.814944154040205,1.8923633524890562,1.5031927303602752,1.2496168279639466,0.020314481235176318,0.004155124653739612,0.04500000000000001,23.59342793938251,-39.691334669588635,0.7178097813625066,3.814944154040205,1.8923633524890562,1.5031927303602752,1.2496168279639466,0.004155124653739612,0.04500000000000001,0.020314481235176318
scene-0061,CAM_FRONT_RIGHT,10,5,car,0.8518518805503845,30.8514955857907,-40.506546486028235,0.6795208368853387,5.281922983954853,2.8564895547557256,2.3486597786620282,1.2003113297211723,0.535423500933434,0.0007354813159458007,0.026000000000000006,30.8514955857907,-40.506546486028235,0.6795208368853387,5.281922983954853,2.8564895547557256,2.3486597786620282,1.2003113297211723,0.0007354813159458007,0.026000000000000006,0.535423500933434
scene-0061,CAM_FRONT_RIGHT,10,6,car,0.6878048777580261,26.152782862789152,-42.96859274311072,0.5873813347010989,3.835609663947068,2.463577828051079,2.130037669705401,1.237517310630523,0.47777171491047465,0.0004511278195488722,0.009000000000000003,26.152782862789152,-42.96859274311072,0.5873813347010989,3.835609663947068,2.463577828051079,2.130037669705401,1.237517310630523,0.0004511278195488722,0.009000000000000003,0.47777171491047465
scene-0061,CAM_FRONT_RIGHT,10,7,car,0.7852349281311035,38.56474871579333,-33.50323058809716,1.4612925274192707,3.3712178024986628,3.3735080170705913,0.9267269136206546,-3.135409748901247,-0.7879018825462756,0.0,0.0,38.56474871579333,-33.50323058809716,1.4612925274192707,3.3712178024986628,3.3735080170705913,0.9267269136206546,-3.135409748901247,0.0,0.0,-0.7879018825462756
scene-0061,CAM_BACK,10,0,construction vehicle,0.5395683646202087,-20.381447641536024,5.335826883938614,1.3903723260990475,7.720565150866687,2.970564343799734,3.990450828074822,-3.095471450655331,0.5227439868217063,0.039891774891774895,3.6860000000000013,-20.381447641536024,5.335826883938614,1.3903723260990475,7.720565150866687,2.970564343799734,3.990450828074822,-3.095471450655331,0.039891774891774895,3.6860000000000013,0.5227439868217063
scene-0061,CAM_FRONT,11,0,car,0.9179486632347107,19.649662505372135,4.384969046421029,1.2591451376198415,4.22081202249673,2.423451130623249,1.8430950114445528,-2.6141849281152507,-0.06448306986295815,0.021108906525573193,0.3830000000000001,19.649662505372135,4.384969046421029,1.2591451376198415,4.22081202249673,2.423451130623249,1.8430950114445528,-2.6141849281152507,0.021108906525573193,0.3830000000000001,-0.06448306986295815
scene-0061,CAM_FRONT,11,1,car,0.5311355590820312,55.240914895611795,-17.73846782198703,1.4799456625189729,2.0403363050026115,1.1884913472493404,0.7151612022890979,2.952067097956753,-0.6089596787412148,0.0,0.0,55.240914895611795,-17.73846782198703,1.4799456625189729,2.0403363050026115,1.1884913472493404,0.7151612022890979,2.952067097956753,0.0,0.0,-0.6089596787412148
scene-0061,CAM_FRONT,11,2,car,0.5586206912994385,22.218060932718696,-12.46591811781733,0.7159842149157115,0.21207863998628795,0.17736792204097496,0.7943752422313566,2.786293801874294,-0.26898220564409603,0.03125,0.0010000000000000002,22.218060932718696,-12.46591811781733,0.7159842149157115,0.21207863998628795,0.17736792204097496,0.7943752422313566,2.786293801874294,0.03125,0.0010000000000000002,-0.26898220564409603
scene-0061,CAM_FRONT,11,3,car,0.8400000333786011,42.227634100678216,14.776790647775996,2.745162982777574,3.063723915583479,1.4100565064285817,1.0787108780516208,1.7539374648938766,-0.8588789472551817,0.003142019271051529,0.015000000000000003,42.227634100678216,14.776790647775996,2.745162982777574,3.063723915583479,1.4100565064285817,1.0787108780516208,1.7539374648938766,0.003142019271051529,0.015000000000000003,-0.8588789472551817
scene-0061,CAM_FRONT,11,4,car,0.6604774594306946,52.30160528485871,7.290056168558087,3.1284041205338706,3.815337565529719,1.7421769448622015,1.3143469271643835,1.7577493464434224,-0.7052594731748236,0.0,0.0,52.30160528485871,7.290056168558087,3.1284041205338706,3.815337565529719,1.7421769448622015,1.3143469271643835,1.7577493464434224,0.0,0.0,-0.7052594731748236
scene-0061,CAM_FRONT,11,5,car,0.5114504098892212,76.90764054920727,-17.215276686618175,1.0940078292448012,1.2295849781700312,1.3241669753741263,1.696892993015803,-2.510101932292398,0.936130313839028,0.0,0.0,76.90764054920727,-17.215276686618175,1.0940078292448012,1.2295849781700312,1.3241669753741263,1.696892993015803,-2.510101932292398,0.0,0.0,0.936130313839028
scene-0061,CAM_FRONT,11,6,car,0.507692277431488,46.24960629767866,-10.942304321575103,1.349912766334942,1.4407800150955765,0.7875123367578389,0.7262248791480659,3.002044534688873,-0.47932441418995564,0.0,0.0,46.24960629767866,-10.942304321575103,1.349912766334942,1.4407800150955765,0.7875123367578389,0.7262248791480659,3.002044534688873,0.0,0.0,-0.47932441418995564
scene-0061,CAM_FRONT,11,0,bus,0.8439024686813354,63.275808731066924,-22.687274703842938,1.9774429497934487,7.635241987899789,2.9316184932706975,3.4198896888923374,-2.971600688009548,0.3422854844926553,0.0,0.0,63.275808731066924,-22.687274703842938,1.9774429497934487,7.635241987899789,2.9316184932706975,3.4198896888923374,-2.971600688009548,0.0,0.0,0.3422854844926553
scene-0061,CAM_FRONT,11,0,truck,0.827957034111023,53.221339927794055,-21.31394789081306,1.951351793174592,5.845403527486681,2.1622642895728,2.597222728093354,3.1045741978259667,-0.20127261706660526,0.0,0.0,53.221339927794055,-21.31394789081306,1.951351793174592,5.845403527486681,2.1622642895728,2.597222728093354,3.1045741978259667,0.0,0.0,-0.20127261706660526
scene-0061,CAM_FRONT,11,1,truck,0.8048780560493469,42.5022278222325,15.644376447025277,3.613372702626094,5.7414227519091705,1.9307724635124046,2.908213993051686,1.70293899159744,-0.8115250559232488,0.00515808577705607,0.16200000000000003,42.5022278222325,15.644376447025277,3.613372702626094,5.7414227519091705,1.9307724635124046,2.908213993051686,1.70293899159744,0.00515808577705607,0.16200000000000003,-0.8115250559232488
scene-0061,CAM_FRONT,11,2,truck,0.827957034111023,6.549927023468566,2.87003870601613,1.742346782861475,0.6086974959068594,0.27272284825968196,0.3181282191458332,1.6583151058933074,-1.5726259886514886,0.3333333333333333,0.018000000000000002,6.549927023468566,2.87003870601613,1.742346782861475,0.6086974959068594,0.27272284825968196,0.3181282191458332,1.6583151058933074,0.3333333333333333,0.018000000000000002,-1.5726259886514886
scene-0061,CAM_FRONT,11,0,construction vehicle,0.8787879347801208,31.517035126932246,7.7660159200462,4.714369609594815,3.9770611149568733,2.841817349840568,5.486596956628677,1.49244802251653,-1.1099130583320207,0.014626623376623377,0.9010000000000002,31.517035126932246,7.7660159200462,4.714369609594815,3.9770611149568733,2.841817349840568,5.486596956628677,1.49244802251653,0.014626623376623377,0.9010000000000002,-1.1099130583320207
scene-0061,CAM_FRONT_LEFT,11,0,motorcycle,0.7887788414955139,20.86881251715796,16.6631855510314,1.7093822350194021,1.8685862045725194,1.010126727393164,1.2572105254585053,1.3448654372292155,-0.3481513686143072,0.03643724696356275,0.09000000000000001,20.87603616233716,16.663320588921373,1.5302238298416468,1.865846458913765,1.010017439136945,1.6155273358140156,1.3170625612220457,0.02993421052631579,0.09100000000000003,0.010165441741203263
scene-0061,CAM_FRONT_LEFT,11,0,trailer,0.5038759708404541,6.568244394442555,3.3899820967069947,1.713428289030443,0.6305937558403198,0.26258043351754345,0.31697894047966146,2.144652792052988,-1.4910883116504527,0.3333333333333333,0.018000000000000002,6.568244394442555,3.3899820967069947,1.713428289030443,0.6305937558403198,0.26258043351754345,0.31697894047966146,2.144652792052988,0.3333333333333333,0.018000000000000002,-1.4910883116504527
scene-0061,CAM_FRONT_LEFT,11,1,trailer,0.518796980381012,42.15194252098475,17.85698075076479,3.1301785801898725,1.4680017034928738,0.28494940794197277,2.571468230646782,1.3467258618213478,-0.7291016094129903,0.003418803418803419,0.004000000000000001,42.15194252098475,17.85698075076479,3.1301785801898725,1.4680017034928738,0.28494940794197277,2.571468230646782,1.3467258618213478,0.003418803418803419,0.004000000000000001,-0.7291016094129903
scene-0061,CAM_FRONT_RIGHT,11,0,car,0.8518518805503845,17.85931076318365,-36.74089941340001,0.7667948922633483,3.8178351670199824,1.9194653929270942,1.4435336685537545,1.1686908136140293,-0.17650931804773506,0.00702413929560744,0.07100000000000002,17.85931076318365,-36.74089941340001,0.7667948922633483,3.8178351670199824,1.9194653929270942,1.4435336685537545,1.1686908136140293,0.00702413929560744,0.07100000000000002,-0.17650931804773506
scene-0061,CAM_FRONT_RIGHT,11,1,car,0.7264957427978516,26.280583475647017,-30.008310571871103,1.2509519983521349,3.1749661095631643,1.4457300964666615,1.158936476431851,-2.5840531332391277,-0.5559803297696932,0.004836309523809524,0.026000000000000006,26.280583475647017,-30.008310571871103,1.2509519983521349,3.1749661095631643,1.4457300964666615,1.158936476431851,-2.5840531332391277,0.004836309523809524,0.026000000000000006,-0.5559803297696932
scene-0061,CAM_FRONT_RIGHT,11,2,car,0.8083832263946533,-5.297159362638439,-3.288628257410005,-4.046399397465521,3.9309682776850483,1.4428678473831273,1.4695588478185004,1.3449282881281248,4.7318081450957035,0.0,0.0,-5.297159362638439,-3.288628257410005,-4.046399397465521,3.9309682776850483,1.4428678473831273,1.4695588478185004,1.3449282881281248,0.0,0.0,4.7318081450957035
scene-0061,CAM_FRONT_RIGHT,11,3,car,0.8632478713989258,35.55274089013195,-57.63931985263991,0.8967379486503817,6.506729106727022,3.0901881822604977,2.5246454677501715,1.107056013790952,0.5434501116292756,0.0,0.0,35.55274089013195,-57.63931985263991,0.8967379486503817,6.506729106727022,3.0901881822604977,2.5246454677501715,1.107056013790952,0.0,0.0,0.5434501116292756
scene-0061,CAM_FRONT_RIGHT,11,4,car,0.7229437232017517,34.4622367673421,-37.136107120080965,1.1223494918584416,2.9648031069812077,1.9213813850270043,1.1140191773092005,2.8066337406393296,-0.31606374200999365,0.0012759170653907496,0.008000000000000002,34.4622367673421,-37.136107120080965,1.1223494918584416,2.9648031069812077,1.9213813850270043,1.1140191773092005,2.8066337406393296,0.0012759170653907496,0.008000000000000002,-0.31606374200999365
scene-0061,CAM_FRONT_RIGHT,11,5,car,0.9375000596046448,16.131659679024313,-10.568669754279204,1.2200027754315368,3.9999161237349554,2.4299623101440995,1.7398666940480796,2.9735341454808024,-0.19429668279821355,0.045588235294117645,0.7440000000000001,16.131659679024313,-10.568669754279204,1.2200027754315368,3.9999161237349554,2.4299623101440995,1.7398666940480796,2.9735341454808024,0.045588235294117645,0.7440000000000001,-0.19429668279821355
scene-0061,CAM_FRONT_RIGHT,11,6,car,0.5661016702651978,41.50321514772283,-32.861092747319354,1.691262607912417,2.4597667638204257,1.7380234814757003,0.7411184891034965,2.9279615649787205,-1.0158563613312497,0.0,0.0,41.50321514772283,-32.861092747319354,1.691262607912417,2.4597667638204257,1.7380234814757003,0.7411184891034965,2.9279615649787205,0.0,0.0,-1.0158563613312497
scene-0061,CAM_FRONT_RIGHT,11,7,car,0.675126850605011,20.330800073845538,-38.947871851474275,0.9481551384779799,3.2243512988221497,1.9359549779707486,1.7380932905149138,1.308623064585565,-0.176023246538356,0.0026122291021671825,0.027000000000000003,20.330800073845538,-38.947871851474275,0.9481551384779799,3.2243512988221497,1.9359549779707486,1.7380932905149138,1.308623064585565,0.0026122291021671825,0.027000000000000003,-0.176023246538356
scene-0061,CAM_BACK,11,0,truck,0.6363636255264282,-41.31991965860653,-1.1016472370067556,-6.504261393421411,2.687092351423553,2.647464355596128,2.7742317969220602,1.5575689893640616,7.5253733017091005,0.0,0.0,-41.31991965860653,-1.1016472370067556,-6.504261393421411,2.687092351423553,2.647464355596128,2.7742317969220602,1.5575689893640616,0.0,0.0,7.5253733017091005
scene-0061,CAM_BACK,11,0,construction vehicle,0.5311355590820312,-23.22311373297956,5.637420552009892,1.2977773436449493,7.110331727251559,3.050151376717716,4.104328280785958,-3.117396632100135,0.5238522879236811,0.023448321716293036,2.1160000000000005,-23.22311373297956,5.637420552009892,1.2977773436449493,7.110331727251559,3.050151376717716,4.104328280785958,-3.117396632100135,0.023448321716293036,2.1160000000000005,0.5238522879236811
scene-0061,CAM_FRONT,12,0,car,0.8439024686813354,52.748219175325026,-15.141915445895984,1.1198759363082478,3.68347842616717,1.7096847919659197,1.2776211935703559,2.9651274214469754,0.02431278757501365,0.0,0.0,52.748219175325026,-15.141915445895984,1.1198759363082478,3.68347842616717,1.7096847919659197,1.2776211935703559,2.9651274214469754,0.0,0.0,0.02431278757501365
scene-0061,CAM_FRONT,12,1,car,0.7697842121124268,50.8756679593608,5.586144343566965,2.888235998127718,3.939506238556091,1.830045966595364,1.350765006950319,1.5474347772385129,-1.0781273279274002,0.0,0.0,50.8756679593608,5.586144343566965,2.888235998127718,3.939506238556091,1.830045966595364,1.350765006950319,1.5474347772385129,0.0,0.0,-1.0781273279274002
scene-0061,CAM_FRONT,12,2,car,0.6444444060325623,54.643454290509155,-20.64356906179834,1.29437431181784,1.647943323628681,0.935735083074448,0.9661346522947587,3.045774921383303,-0.4698115015567673,0.0,0.0,54.643454290509155,-20.64356906179834,1.29437431181784,1.647943323628681,0.935735083074448,0.9661346522947587,3.045774921383303,0.0,0.0,-0.4698115015567673
scene-0061,CAM_FRONT,12,3,car,0.9259259104728699,18.26571725698431,4.644622340039268,1.2851660679859784,4.353846312172891,2.4271270954746775,1.8083183198450066,-2.5916844407726747,-0.04946432674366619,0.02004419191919192,0.3810000000000001,18.26571725698431,4.644622340039268,1.2851660679859784,4.353846312172891,2.4271270954746775,1.8083183198450066,-2.5916844407726747,0.02004419191919192,0.3810000000000001,-0.04946432674366619
scene-0061,CAM_FRONT,12,4,car,0.6908212304115295,55.39147497299317,-15.412417318400307,1.3931686432776713,3.2026198502791914,1.4175787460059048,1.1561558677781691,2.9114817091181187,-0.26592516249451326,0.0,0.0,55.39147497299317,-15.412417318400307,1.3931686432776713,3.2026198502791914,1.4175787460059048,1.1561558677781691,2.9114817091181187,0.0,0.0,-0.26592516249451326
scene-0061,CAM_FRONT,12,5,car,0.8476190567016602,39.54667365774745,14.248204265218744,2.5009770446773185,2.9890990599257687,1.3353311766752043,1.075062350633168,1.7870380281624836,-0.9138918789966599,0.012354312354312355,0.05300000000000001,39.54667365774745,14.248204265218744,2.5009770446773185,2.9890990599257687,1.3353311766752043,1.075062350633168,1.7870380281624836,0.012354312354312355,0.05300000000000001,-0.9138918789966599
scene-0061,CAM_FRONT,12,6,car,0.6363636255264282,41.100888497044465,6.202569217047032,2.6928721843204317,2.314862739733666,1.047640112197648,0.8444972513906892,1.3987514721228353,-1.3147718845451921,0.0,0.0,41.100888497044465,6.202569217047032,2.6928721843204317,2.314862739733666,1.047640112197648,0.8444972513906892,1.3987514721228353,0.0,0.0,-1.3147718845451921
scene-0061,CAM_FRONT,12,0,bus,0.8518518805503845,59.24204644815308,-24.32712713403198,1.5332377145865892,8.29283962262884,2.964564764730895,3.4330109550605847,-3.095649172270155,0.4863116350616994,0.0,0.0,59.24204644815308,-24.32712713403198,1.5332377145865892,8.29283962262884,2.964564764730895,3.4330109550605847,-3.095649172270155,0.0,0.0,0.4863116350616994
scene-0061,CAM_FRONT,12,0,truck,0.8128654956817627,40.38534761918116,13.719977738752792,3.4626706558968645,6.718077725314457,1.9983113660095384,3.3136248193344864,1.5337699357578654,-0.7464593566879953,0.0006105834464043419,0.027000000000000007,40.38534761918116,13.719977738752792,3.4626706558968645,6.718077725314457,1.9983113660095384,3.3136248193344864,1.5337699357578654,0.0006105834464043419,0.027000000000000007,-0.7464593566879953
scene-0061,CAM_FRONT,12,1,truck,0.6878048777580261,50.31928359503586,-23.377147085551147,1.2809108467306534,4.881504377616906,2.515658635101545,2.3413811169719225,-3.0930376670208237,0.028032804521116006,0.0014906832298136647,0.042000000000000016,50.31928359503586,-23.377147085551147,1.2809108467306534,4.881504377616906,2.515658635101545,2.3413811169719225,-3.0930376670208237,0.0014906832298136647,0.042000000000000016,0.028032804521116006
scene-0061,CAM_FRONT,12,2,truck,0.9179486632347107,42.11729300434098,23.12636305510771,3.5261686802663377,5.33015581970826,2.3511431623854833,2.7813765477682555,1.5393217256700744,-0.8489191556955644,0.00581199460916442,0.20700000000000005,42.11729300434098,23.12636305510771,3.5261686802663377,5.33015581970826,2.3511431623854833,2.7813765477682555,1.5393217256700744,0.00581199460916442,0.20700000000000005,-0.8489191556955644
scene-0061,CAM_FRONT,12,0,construction vehicle,0.8476190567016602,27.97507702602592,6.091539150374425,4.901980026814369,3.987992694109503,2.656451494972778,5.147543190594574,1.6974489406208637,-1.6854191868652881,0.025090777051561364,1.3820000000000003,27.97507702602592,6.091539150374425,4.901980026814369,3.987992694109503,2.656451494972778,5.147543190594574,1.6974489406208637,0.025090777051561364,1.3820000000000003,-1.6854191868652881
scene-0061,CAM_FRONT_LEFT,12,0,car,0.5661016702651978,53.36180188983323,24.74131368947082,3.2468093499892685,2.2197911425626913,1.0382796226129898,1.0266622648240613,2.746476213445714,-0.6592842631094644,0.0,0.0,53.36180188983323,24.74131368947082,3.2468093499892685,2.2197911425626913,1.0382796226129898,1.0266622648240613,2.746476213445714,0.0,0.0,-0.6592842631094644
scene-0061,CAM_FRONT_LEFT,12,0,motorcycle,0.8358974456787109,18.744245581333086,15.883223693704146,1.6932245205346497,1.833060602786258,0.966457131944944,1.2521645073213548,1.0003780119450394,-0.27209087098087537,0.020085470085470087,0.04700000000000002,18.744245581333086,15.883223693704146,1.6932245205346497,1.833060602786258,0.966457131944944,1.2521645073213548,1.0003780119450394,0.020085470085470087,0.04700000000000002,-0.27209087098087537
scene-0061,CAM_FRONT_LEFT,12,0,trailer,0.507692277431488,41.586336221720366,23.795247580883316,3.447841523265181,5.534729607979263,2.65279145995072,3.0384591800954848,1.869179167681234,-0.4932488789419258,0.00819304152637486,0.3650000000000001,41.586336221720366,23.795247580883316,3.447841523265181,5.534729607979263,2.65279145995072,3.0384591800954848,1.869179167681234,0.00819304152637486,0.3650000000000001,-0.4932488789419258
scene-0061,CAM_FRONT_RIGHT,12,0,car,0.8048780560493469,14.735842198439006,-41.629213836729704,0.013249926703332804,2.8901633915587617,1.3667375918327735,1.1000514348706627,1.05423326277744,0.05040755180606471,0.008732646663681147,0.039000000000000014,14.735842198439006,-41.629213836729704,0.013249926703332804,2.8901633915587617,1.3667375918327735,1.1000514348706627,1.05423326277744,0.008732646663681147,0.039000000000000014,0.05040755180606471
scene-0061,CAM_FRONT_RIGHT,12,1,car,0.7419355511665344,12.002559411541776,-39.58216268657132,0.5655911516525319,3.8791029970137103,2.267125723068247,1.4485346131047365,1.2202678943029324,-0.32917230577444956,0.0019907628603280775,0.025000000000000005,12.002559411541776,-39.58216268657132,0.5655911516525319,3.8791029970137103,2.267125723068247,1.4485346131047365,1.2202678943029324,0.0019907628603280775,0.025000000000000005,-0.32917230577444956
scene-0061,CAM_FRONT_RIGHT,12,2,car,0.5311355590820312,27.361703064800263,-25.324197126712562,0.8232953223435334,3.6863228635923804,2.0619254614205866,2.3170119969732195,2.1733393545586175,-0.02256894593486558,0.027754462537071232,0.49600000000000016,27.361703064800263,-25.324197126712562,0.8232953223435334,3.6863228635923804,2.0619254614205866,2.3170119969732195,2.1733393545586175,0.027754462537071232,0.49600000000000016,-0.02256894593486558
scene-0061,CAM_FRONT_RIGHT,12,3,car,0.9179486632347107,15.652898601205893,-12.268937601921612,1.0009247778255597,3.8682409533652873,2.3142127194289444,1.7327871257619272,2.808368414705538,-0.19808625441002348,0.07882484097317857,1.2020000000000004,15.652898601205893,-12.268937601921612,1.0009247778255597,3.8682409533652873,2.3142127194289444,1.7327871257619272,2.808368414705538,0.07882484097317857,1.2020000000000004,-0.19808625441002348
scene-0061,CAM_FRONT_RIGHT,12,4,car,0.7730495929718018,8.176468168712718,-16.833236839236204,0.36216557755658363,1.5067746111498153,0.7308915202766606,0.5997355659799679,0.8954673721187477,-0.25950168405577356,0.01904761904761905,0.012000000000000004,8.176468168712718,-16.833236839236204,0.36216557755658363,1.5067746111498153,0.7308915202766606,0.5997355659799679,0.8954673721187477,0.01904761904761905,0.012000000000000004,-0.25950168405577356
scene-0061,CAM_FRONT_RIGHT,12,5,car,0.8324607610702515,22.840855865788633,-31.269418691495407,0.6134475885589759,3.572337788182468,1.6330174788080924,1.228654599365214,0.9880103364802729,-0.4733547506607316,0.022135416666666668,0.15300000000000005,22.840855865788633,-31.269418691495407,0.6134475885589759,3.572337788182468,1.6330174788080924,1.228654599365214,0.9880103364802729,0.022135416666666668,0.15300000000000005,-0.4733547506607316
scene-0061,CAM_FRONT_RIGHT,12,6,car,0.6332378387451172,20.118368215999027,-48.744394419508616,0.4722126082524236,3.3627483845563795,2.15371937510659,1.8179987112374216,0.8850933432953414,-0.05711438617100528,0.0038621509209744503,0.05200000000000001,20.118368215999027,-48.744394419508616,0.4722126082524236,3.3627483845563795,2.15371937510659,1.8179987112374216,0.8850933432953414,0.0038621509209744503,0.05200000000000001,-0.05711438617100528
scene-0061,CAM_FRONT_RIGHT,12,0,truck,0.5395683646202087,49.67072502803821,-23.410531596010447,1.6302478537876772,4.044207719692501,2.220677130079185,2.3289998348427057,3.002117546801397,-0.3726870107634115,0.001432806324110672,0.02900000000000001,49.67072502803821,-23.410531596010447,1.6302478537876772,4.044207719692501,2.220677130079185,2.3289998348427057,3.002117546801397,0.001432806324110672,0.02900000000000001,-0.3726870107634115
scene-0061,CAM_BACK,12,0,truck,0.6878048777580261,-53.81971951259325,-0.2539227094191823,0.6368369962117693,2.494045596732846,1.293433271151013,1.8254937945341263,2.8964369224622963,0.15788418093581758,0.0,0.0,-53.81971951259325,-0.2539227094191823,0.6368369962117693,2.494045596732846,1.293433271151013,1.8254937945341263,2.8964369224622963,0.0,0.0,0.15788418093581758
scene-0061,CAM_BACK,12,0,construction vehicle,0.6404494643211365,-26.283424411691417,6.739854722010171,1.388413081302504,8.052419681742172,3.244310796620092,4.193058307448007,3.1080629170207725,0.712014350300261,0.020475088183421516,2.2290000000000005,-26.283424411691417,6.739854722010171,1.388413081302504,8.052419681742172,3.244310796620092,4.193058307448007,3.1080629170207725,0.020475088183421516,2.2290000000000005,0.712014350300261
scene-0061,CAM_FRONT,13,0,car,0.597484290599823,35.62960688089549,2.5936130555933516,2.7058354872750416,3.161095876182804,1.432811607616145,1.0697715832510246,1.6668588071031636,-0.9209382515577325,0.0008116883116883117,0.004000000000000001,35.62960688089549,2.5936130555933516,2.7058354872750416,3.161095876182804,1.432811607616145,1.0697715832510246,1.6668588071031636,0.0008116883116883117,0.004000000000000001,-0.9209382515577325
scene-0061,CAM_FRONT,13,1,car,0.6521739363670349,51.58768237456717,-23.218319795421614,1.343577025035236,2.4305227939793648,0.8934023005745075,1.1857985689667379,1.2474366390892373,-0.340748643853106,0.0,0.0,51.58768237456717,-23.218319795421614,1.343577025035236,2.4305227939793648,0.8934023005745075,1.1857985689667379,1.2474366390892373,0.0,0.0,-0.340748643853106
scene-0061,CAM_FRONT,13,2,car,0.9298245906829834,16.932115244240563,4.908469011562998,1.492991267681401,4.3871522835701615,2.383836630223679,1.826627724843495,-2.5403193120346854,-0.02075052490000384,0.019255050505050504,0.3660000000000001,16.932115244240563,4.908469011562998,1.492991267681401,4.3871522835701615,2.383836630223679,1.826627724843495,-2.5403193120346854,0.019255050505050504,0.3660000000000001,-0.02075052490000384
scene-0061,CAM_FRONT,13,3,car,0.5460992455482483,55.05902708834647,-23.17622455361738,1.1510724854636094,1.6276779174996747,1.493408910326906,0.7996464793940675,-2.705158506763576,-0.20383786356824185,0.0,0.0,55.05902708834647,-23.17622455361738,1.1510724854636094,1.6276779174996747,1.493408910326906,0.7996464793940675,-2.705158506763576,0.0,0.0,-0.20383786356824185
scene-0061,CAM_FRONT,13,4,car,0.5816993117332458,19.28615130022766,-6.036707644920099,0.9607958768317438,0.7973887664706822,0.3591790677659237,0.35272986298150477,2.5014271485813335,-0.544474119369388,0.0,0.0,19.28615130022766,-6.036707644920099,0.9607958768317438,0.7973887664706822,0.3591790677659237,0.35272986298150477,2.5014271485813335,0.0,0.0,-0.544474119369388
scene-0061,CAM_FRONT,13,5,car,0.5747508406639099,39.660134420938476,4.469711614274711,3.1249445765446064,2.3698466854140516,1.1030947984053725,0.8249194484074591,1.522277997149377,-1.2793011822969316,0.0,0.0,39.660134420938476,4.469711614274711,3.1249445765446064,2.3698466854140516,1.1030947984053725,0.8249194484074591,1.522277997149377,0.0,0.0,-1.2793011822969316
scene-0061,CAM_FRONT,13,6,car,0.6444444060325623,57.59362187436989,-22.84071016346497,1.198835033546609,1.473820915284147,1.4682890513667317,0.5840232712887324,1.4740308285918002,-0.24202758195757101,0.0,0.0,57.59362187436989,-22.84071016346497,1.198835033546609,1.473820915284147,1.4682890513667317,0.5840232712887324,1.4740308285918002,0.0,0.0,-0.24202758195757101
scene-0061,CAM_FRONT,13,7,car,0.6952381134033203,41.422919224026764,-14.315964718489308,1.7813549799074484,1.791563627077629,1.0634264338449348,0.8963236425948888,3.047628972022834,-0.770478164656299,0.0,0.0,41.422919224026764,-14.315964718489308,1.7813549799074484,1.791563627077629,1.0634264338449348,0.8963236425948888,3.047628972022834,0.0,0.0,-0.770478164656299
scene-0061,CAM_FRONT,13,8,car,0.5311355590820312,54.298288310788685,-20.387037229635812,1.288619253510281,1.2348198856666581,0.4790522058437574,0.4496236587461695,1.2071296532685647,-0.3790261111946913,0.0,0.0,54.298288310788685,-20.387037229635812,1.288619253510281,1.2348198856666581,0.4790522058437574,0.4496236587461695,1.2071296532685647,0.0,0.0,-0.3790261111946913
scene-0061,CAM_FRONT,13,0,bus,0.7500000596046448,95.7738394941878,-54.70395914017614,-0.8871185995369832,17.14196456198819,6.613926337690167,7.947691179319414,-3.098062352550136,5.173376510764226,0.0,0.0,95.7738394941878,-54.70395914017614,-0.8871185995369832,17.14196456198819,6.613926337690167,7.947691179319414,-3.098062352550136,0.0,0.0,5.173376510764226
scene-0061,CAM_FRONT,13,0,truck,0.7037037014961243,46.32874318282798,-26.10456910720033,1.333888212453214,4.935580421897704,2.676039144617338,2.5347414225222105,-3.061625281724046,-0.05767562897683787,0.004081632653061225,0.13500000000000006,46.32874318282798,-26.10456910720033,1.333888212453214,4.935580421897704,2.676039144617338,2.5347414225222105,-3.061625281724046,0.004081632653061225,0.13500000000000006,-0.05767562897683787
scene-0061,CAM_FRONT,13,1,truck,0.9179486632347107,40.00281673812398,21.54589560312365,4.109973803356141,5.749554093621896,2.6336634064880897,2.976220816861235,1.5136076311573123,-1.004612237164903,0.0041610436347278455,0.18500000000000005,40.00281673812398,21.54589560312365,4.109973803356141,5.749554093621896,2.6336634064880897,2.976220816861235,1.5136076311573123,0.0041610436347278455,0.18500000000000005,-1.004612237164903
scene-0061,CAM_FRONT,13,2,truck,0.7538461089134216,38.27456953191127,11.79272505515082,3.8293349733204725,7.793369394010929,2.3104189062616314,3.117864107134988,1.5352515167813878,-0.8842020149067871,0.0013845434602797857,0.07700000000000001,38.27456953191127,11.79272505515082,3.8293349733204725,7.793369394010929,2.3104189062616314,3.117864107134988,1.5352515167813878,0.0013845434602797857,0.07700000000000001,-0.8842020149067871
scene-0061,CAM_FRONT,13,0,construction vehicle,0.8904109597206116,25.346470337667917,5.183095392576641,4.963353515387572,3.8412525018177814,2.3613769849869506,5.708227398688596,1.8195638482945211,-1.2255173319314885,0.02017928593413358,1.0490000000000002,25.346470337667917,5.183095392576641,4.963353515387572,3.8412525018177814,2.3613769849869506,5.708227398688596,1.8195638482945211,0.02017928593413358,1.0490000000000002,-1.2255173319314885
scene-0061,CAM_FRONT_LEFT,13,0,motorcycle,0.8358974456787109,16.236511522430614,14.814522001721924,2.1034902531956963,1.6738365164077926,0.9842694557569676,1.2314005786244964,0.9586016383349664,-0.5008179895105842,0.1230392156862745,0.25100000000000006,16.236511522430614,14.814522001721924,2.1034902531956963,1.6738365164077926,0.9842694557569676,1.2314005786244964,0.9586016383349664,0.1230392156862745,0.25100000000000006,-0.5008179895105842
scene-0061,CAM_FRONT_LEFT,13,0,truck,0.9336099624633789,38.9413129043484,21.036815166014616,3.874422256261661,5.660368716298279,2.3663598081363446,2.9276021273483632,1.4941741735042562,-0.71786930812703,0.011267392619479734,0.4470000000000001,38.9413129043484,21.036815166014616,3.874422256261661,5.660368716298279,2.3663598081363446,2.9276021273483632,1.4941741735042562,0.011267392619479734,0.4470000000000001,-0.71786930812703
scene-0061,CAM_FRONT_RIGHT,13,0,car,0.6213017702102661,11.441023184835192,-31.920019162334487,0.17317653982188247,2.996148058452521,1.7224876586100457,1.5730454641370688,0.8460178145285815,-0.16445472537877537,0.0,0.0,11.441023184835192,-31.920019162334487,0.17317653982188247,2.996148058452521,1.7224876586100457,1.5730454641370688,0.8460178145285815,0.0,0.0,-0.16445472537877537
scene-0061,CAM_FRONT_RIGHT,13,1,car,0.5857605338096619,22.882378467549472,-46.63757989926732,-0.24450524257047324,2.33775671903234,2.211949111869231,0.5834780364271843,-2.5232709835602063,-0.4051232461968306,0.0,0.0,22.882378467549472,-46.63757989926732,-0.24450524257047324,2.33775671903234,2.211949111869231,0.5834780364271843,-2.5232709835602063,0.0,0.0,-0.4051232461968306
scene-0061,CAM_FRONT_RIGHT,13,2,car,0.5345454812049866,11.189084986368456,-35.459504912181444,0.5330555809727164,2.846864474545992,1.5163038244044067,1.4723822475015593,1.1230052167893663,-0.6559011412581917,0.0,0.0,11.189084986368456,-35.459504912181444,0.5330555809727164,2.846864474545992,1.5163038244044067,1.4723822475015593,1.1230052167893663,0.0,0.0,-0.6559011412581917
scene-0061,CAM_FRONT_RIGHT,13,3,car,0.5395683646202087,24.169816836668815,-28.518071292610866,0.8240194562762824,3.785687013125422,2.216022068807554,1.9645058559988589,1.5400791940561231,-0.3182242731136602,0.015011961722488039,0.25100000000000006,24.169816836668815,-28.518071292610866,0.8240194562762824,3.785687013125422,2.216022068807554,1.9645058559988589,1.5400791940561231,0.015011961722488039,0.25100000000000006,-0.3182242731136602
scene-0061,CAM_FRONT_RIGHT,13,4,car,0.7460317611694336,8.05155387137967,-40.80842131235722,0.22449566058524234,2.666885303606019,1.7117051714858782,1.2774973089115464,0.9005154522545349,-0.5882182147018569,0.0,0.0,8.05155387137967,-40.80842131235722,0.22449566058524234,2.666885303606019,1.7117051714858782,1.2774973089115464,0.9005154522545349,0.0,0.0,-0.5882182147018569
scene-0061,CAM_FRONT_RIGHT,13,5,car,0.8947368264198303,14.959462115877454,-14.501745562043704,0.9069261076452222,3.8770298678245716,2.348287531232148,1.753556554815881,2.621655429809922,-0.21889921485317987,0.04552211073950204,0.7350000000000001,14.959462115877454,-14.501745562043704,0.9069261076452222,3.8770298678245716,2.348287531232148,1.753556554815881,2.621655429809922,0.04552211073950204,0.7350000000000001,-0.21889921485317987
scene-0061,CAM_FRONT_RIGHT,13,6,car,0.827957034111023,29.884871829475372,-53.88892319486869,-0.38739086815368684,5.844873309792781,2.638700715673018,2.0390205784992363,1.3536199337940105,0.40889368107350155,0.0,0.0,29.884871829475372,-53.88892319486869,-0.38739086815368684,5.844873309792781,2.638700715673018,2.0390205784992363,1.3536199337940105,0.0,0.0,0.40889368107350155
scene-0061,CAM_FRONT_RIGHT,13,7,car,0.7387754917144775,10.557853373204363,-42.24290185944284,-0.39410024666298116,2.6786461651110685,1.239595981502049,0.9511042839628192,1.2597844985018016,-0.1385518330810731,0.0,0.0,10.557853373204363,-42.24290185944284,-0.39410024666298116,2.6786461651110685,1.239595981502049,0.9511042839628192,1.2597844985018016,0.0,0.0,-0.1385518330810731
scene-0061,CAM_FRONT_RIGHT,13,0,bicycle,0.6952381134033203,10.348169565664302,-22.180556188793354,-0.18874244188240574,1.6224367975251894,0.7989077189180019,1.1126566904676594,1.9702053838552989,0.2037168461524903,0.0859375,0.12100000000000002,10.34492343652003,-22.182496963893932,0.15347769427110702,1.6220917607673826,0.7987377979698878,1.797096962774685,1.9537350047625384,0.0920138888888889,0.21200000000000008,0.2037168461524903
scene-0061,CAM_FRONT_RIGHT,13,0,bus,0.6559139490127563,55.70548263666055,-27.91465948011605,1.9244680566678682,7.200363674494071,2.3603734943341017,3.025745623912086,2.8782480156569155,-0.3288591697873562,0.0,0.0,55.70548263666055,-27.91465948011605,1.9244680566678682,7.200363674494071,2.3603734943341017,3.025745623912086,2.8782480156569155,0.0,0.0,-0.3288591697873562
scene-0061,CAM_FRONT_RIGHT,13,0,truck,0.507692277431488,46.30434164622065,-25.918367013729267,1.7041990919700796,4.5309509014493585,2.593578736526908,2.450391206673082,2.922787944195636,-0.6216142173742307,0.0037948717948717947,0.11100000000000002,46.30434164622065,-25.918367013729267,1.7041990919700796,4.5309509014493585,2.593578736526908,2.450391206673082,2.922787944195636,0.0037948717948717947,0.11100000000000002,-0.6216142173742307
scene-0061,CAM_BACK,13,0,truck,0.8709677457809448,-28.19255341158409,8.06003513181947,1.288683430725497,6.813308424332366,3.374512936820431,4.036017623452361,3.0494234366241177,0.5766935766536452,0.02430795847750865,2.2480000000000007,-28.19255341158409,8.06003513181947,1.288683430725497,6.813308424332366,3.374512936820431,4.036017623452361,3.0494234366241177,0.02430795847750865,2.2480000000000007,0.5766935766536452
scene-0061,CAM_BACK,13,1,truck,0.5747508406639099,-57.55763982773677,2.071023525257403,0.33376736022719433,2.22850375188537,2.0428955769859094,1.6552135602317055,2.786220732987807,-0.020256959391431906,0.0,0.0,-57.55763982773677,2.071023525257403,0.33376736022719433,2.22850375188537,2.0428955769859094,1.6552135602317055,2.786220732987807,0.0,0.0,-0.020256959391431906
scene-0061,CAM_BACK_RIGHT,13,0,car,0.5857605338096619,7.821798724699775,-36.15168251393378,-0.016964257820830775,1.224279794932393,0.3109874118652822,0.6037989999677065,2.162064047492575,-0.5128908670389134,0.0,0.0,7.821798724699775,-36.15168251393378,-0.016964257820830775,1.224279794932393,0.3109874118652822,0.6037989999677065,2.162064047492575,0.0,0.0,-0.5128908670389134
scene-0061,CAM_BACK_RIGHT,13,1,car,0.6483516097068787,7.814747970060547,-43.745240936235064,-0.111884584551326,2.137772700061735,1.6411858101608772,0.9021291714108306,0.9027875477269898,-0.41375906309973454,0.0,0.0,7.814747970060547,-43.745240936235064,-0.111884584551326,2.137772700061735,1.6411858101608772,0.9021291714108306,0.9027875477269898,0.0,0.0,-0.41375906309973454
scene-0061,CAM_BACK_RIGHT,13,2,car,0.6878048777580261,9.120660939139357,-44.321375863622805,0.001464024568236022,1.5317382289903705,1.444855180776706,0.7437929598402402,1.3764013315343275,-0.5903016139954975,0.0,0.0,9.120660939139357,-44.321375863622805,0.001464024568236022,1.5317382289903705,1.444855180776706,0.7437929598402402,1.3764013315343275,0.0,0.0,-0.5903016139954975
scene-0061,CAM_FRONT,14,0,car,0.7928802371025085,48.86689762919394,-21.605194349873248,0.3992337152159553,2.43176692252532,1.5323241813399804,1.2462930472183564,2.5918798245061443,0.04585095057366573,0.023842592592592592,0.10300000000000002,48.86689762919394,-21.605194349873248,0.3992337152159553,2.43176692252532,1.5323241813399804,1.2462930472183564,2.5918798245061443,0.023842592592592592,0.10300000000000002,0.04585095057366573
scene-0061,CAM_FRONT,14,1,car,0.5661016702651978,53.319962671834155,-27.927149642112873,-0.057166956405220404,1.884696838601478,1.7460388023770719,0.7749922678854277,-2.781120410116378,0.1151458450552707,0.0,0.0,53.319962671834155,-27.927149642112873,-0.057166956405220404,1.884696838601478,1.7460388023770719,0.7749922678854277,-2.781120410116378,0.0,0.0,0.1151458450552707
scene-0061,CAM_FRONT,14,2,car,0.9532163739204407,15.675557551405102,5.031176927258788,1.2976222767798529,4.1698286732992855,2.3695643366738457,1.8207147295105617,-2.4113600514534874,-0.1558630066071297,0.037698412698412696,0.6840000000000002,15.675557551405102,5.031176927258788,1.2976222767798529,4.1698286732992855,2.3695643366738457,1.8207147295105617,-2.4113600514534874,0.037698412698412696,0.6840000000000002,-0.1558630066071297
scene-0061,CAM_FRONT,14,3,car,0.5508772134780884,35.061800250108114,1.653276722809257,2.182491230855443,2.6684046994212904,1.238604448527738,0.9908398319129561,1.6152361563312494,-0.3710995827593775,0.029938271604938272,0.09700000000000002,35.061800250108114,1.653276722809257,2.182491230855443,2.6684046994212904,1.238604448527738,0.9908398319129561,1.6152361563312494,0.029938271604938272,0.09700000000000002,-0.3710995827593775
scene-0061,CAM_FRONT,14,4,car,0.6404494643211365,56.06891378186606,-27.926285432594128,0.12213248462805293,2.3121317064053457,1.0612063471814193,0.8604559151024116,2.7087650316298912,0.01681812392794413,0.0,0.0,56.06891378186606,-27.926285432594128,0.12213248462805293,2.3121317064053457,1.0612063471814193,0.8604559151024116,2.7087650316298912,0.0,0.0,0.01681812392794413
scene-0061,CAM_FRONT,14,5,car,0.7655677795410156,31.069739977735832,-0.10468841522740117,1.636830267880227,3.327985557821542,1.5203970010532544,1.1877840564496442,1.6245186730209669,-0.009093291840463369,0.017508417508417508,0.10400000000000002,31.069739977735832,-0.10468841522740117,1.636830267880227,3.327985557821542,1.5203970010532544,1.1877840564496442,1.6245186730209669,0.017508417508417508,0.10400000000000002,-0.009093291840463369
scene-0061,CAM_FRONT,14,0,truck,0.6444444060325623,35.77775992817408,10.505233871267283,3.863386316679172,3.948677991411646,2.183961236583258,2.0566203902994573,1.5259591959779983,-1.3605150262917114,0.00937950937950938,0.16900000000000004,35.77775992817408,10.505233871267283,3.863386316679172,3.948677991411646,2.183961236583258,2.0566203902994573,1.5259591959779983,0.00937950937950938,0.16900000000000004,-1.3605150262917114
scene-0061,CAM_FRONT,14,0,construction vehicle,0.8987342119216919,21.95718142949665,3.407332544894671,4.277855003037003,3.6531689425151748,2.1605682440144136,5.5154346775018155,1.632508637286351,-0.9415586557068414,0.04806790261335716,2.1520000000000006,21.95718142949665,3.407332544894671,4.277855003037003,3.6531689425151748,2.1605682440144136,5.5154346775018155,1.632508637286351,0.04806790261335716,2.1520000000000006,-0.9415586557068414
scene-0061,CAM_FRONT,14,1,construction vehicle,0.5311355590820312,38.78403727659091,18.929200432187034,3.423451665109279,5.387459781799613,2.4723643325152267,2.84610837596643,1.3968172833131525,-0.6184169387578384,0.0082010582010582,0.31000000000000005,38.78403727659091,18.929200432187034,3.423451665109279,5.387459781799613,2.4723643325152267,2.84610837596643,1.3968172833131525,0.0082010582010582,0.31000000000000005,-0.6184169387578384
scene-0061,CAM_FRONT_LEFT,14,0,motorcycle,0.827957034111023,14.57539808702072,13.997959320505322,1.6562380288302805,1.6536616513841267,1.1460346761350386,1.2155826818389333,-2.4733938443388794,-0.045486125204820205,0.022281639928698752,0.05000000000000002,14.57539808702072,13.997959320505322,1.6562380288302805,1.6536616513841267,1.1460346761350386,1.2155826818389333,-2.4733938443388794,0.022281639928698752,0.05000000000000002,-0.045486125204820205
scene-0061,CAM_FRONT_LEFT,14,0,trailer,0.5508772134780884,39.04399634113533,19.26108024209626,3.369019689642569,5.9837079753163565,2.4380778317105296,3.1436289532133506,1.1865786149151056,-0.29031062456543477,0.006025985663082437,0.2690000000000001,39.04399634113533,19.26108024209626,3.369019689642569,5.9837079753163565,2.4380778317105296,3.1436289532133506,1.1865786149151056,0.006025985663082437,0.2690000000000001,-0.29031062456543477
scene-0061,CAM_FRONT_RIGHT,14,0,car,0.859649121761322,2.819651079638958,-22.144918679182535,-0.010975851767198508,2.299451347759195,1.0510563629199687,0.806688199859678,0.9325464218262128,-0.08821169598515244,0.09090909090909091,0.18400000000000005,2.819651079638958,-22.144918679182535,-0.010975851767198508,2.299451347759195,1.0510563629199687,0.806688199859678,0.9325464218262128,0.09090909090909091,0.18400000000000005,-0.08821169598515244
scene-0061,CAM_FRONT_RIGHT,14,1,car,0.7815700173377991,48.0412135872099,-20.798932795194684,0.3272156830393883,6.041047214778935,2.7834844071498273,2.1314142462942085,2.7121912219773328,0.4199364724658855,0.007142857142857143,0.25200000000000006,48.0412135872099,-20.798932795194684,0.3272156830393883,6.041047214778935,2.7834844071498273,2.1314142462942085,2.7121912219773328,0.007142857142857143,0.25200000000000006,0.4199364724658855
scene-0061,CAM_FRONT_RIGHT,14,2,car,0.7344398498535156,18.27870596841977,-9.21903678663591,1.1323612724595535,0.4777020279509938,0.4780350829190887,0.27997500088568117,0.9859545593802119,-1.1362634823238342,0.0,0.0,18.27870596841977,-9.21903678663591,1.1323612724595535,0.4777020279509938,0.4780350829190887,0.27997500088568117,0.9859545593802119,0.0,0.0,-1.1362634823238342
scene-0061,CAM_FRONT_RIGHT,14,3,car,0.6908212304115295,75.04406403019391,-36.11728826394225,0.5089243971833747,3.5124752622505753,1.8993051935027054,1.2196129271555487,2.9555583262397396,-0.4150726665004978,0.0,0.0,75.04406403019391,-36.11728826394225,0.5089243971833747,3.5124752622505753,1.8993051935027054,1.2196129271555487,2.9555583262397396,0.0,0.0,-0.4150726665004978
scene-0061,CAM_FRONT_RIGHT,14,4,car,0.7460317611694336,51.64087917956953,-28.46780766716248,0.28174117565242995,2.5479400978730666,0.940346851417587,1.380014743871774,2.928596859706689,-0.04027353760326169,0.0,0.0,51.64087917956953,-28.46780766716248,0.28174117565242995,2.5479400978730666,0.940346851417587,1.380014743871774,2.928596859706689,0.0,0.0,-0.04027353760326169
scene-0061,CAM_FRONT_RIGHT,14,5,car,0.6831682920455933,6.558323248631751,-34.914472336084906,-0.2224892727914265,2.5221539060390974,1.4612070842961558,1.3866862224595695,1.0244608580342365,0.17291174689047395,0.00019047619047619048,0.0010000000000000002,6.558323248631751,-34.914472336084906,-0.2224892727914265,2.5221539060390974,1.4612070842961558,1.3866862224595695,1.0244608580342365,0.00019047619047619048,0.0010000000000000002,0.17291174689047395
scene-0061,CAM_FRONT_RIGHT,14,6,car,0.8552036285400391,13.745347536287122,-34.59975784167075,-0.3291131278958107,4.384211425501039,1.9872935988581162,1.5658316658605467,0.9792240879709516,0.21685255015103522,0.008522727272727272,0.12000000000000002,13.745347536287122,-34.59975784167075,-0.3291131278958107,4.384211425501039,1.9872935988581162,1.5658316658605467,0.9792240879709516,0.008522727272727272,0.12000000000000002,0.21685255015103522
scene-0061,CAM_FRONT_RIGHT,14,7,car,0.9336099624633789,13.840472123437962,-18.15665161896838,0.5952890193307029,3.74433609181332,2.2434219418821764,1.79229585397137,2.3495636881389212,-0.05933017258336015,0.06681681681681682,0.9790000000000003,13.840472123437962,-18.15665161896838,0.5952890193307029,3.74433609181332,2.2434219418821764,1.79229585397137,2.3495636881389212,0.06681681681681682,0.9790000000000003,-0.05933017258336015
scene-0061,CAM_FRONT_RIGHT,14,8,car,0.7928802371025085,11.276086161445853,-43.908515152063664,-0.6619836710621837,4.105400927672058,1.8798745627594755,1.4643749937640547,1.3497542303925567,0.44356136474444297,0.002225074882327771,0.026000000000000006,11.276086161445853,-43.908515152063664,-0.6619836710621837,4.105400927672058,1.8798745627594755,1.4643749937640547,1.3497542303925567,0.002225074882327771,0.026000000000000006,0.44356136474444297
scene-0061,CAM_FRONT_RIGHT,14,9,car,0.8324607610702515,3.2540072583591706,-53.92224853469969,-1.4175299308331049,4.321342313256153,2.413734661066382,2.222423976085506,1.735763211495142,1.661903582884952,0.0,0.0,3.2540072583591706,-53.92224853469969,-1.4175299308331049,4.321342313256153,2.413734661066382,2.222423976085506,1.735763211495142,0.0,0.0,1.661903582884952
scene-0061,CAM_FRONT_RIGHT,14,0,bicycle,0.5114504098892212,5.924837689352203,-23.3614384742521,-0.17017761675688248,0.4431842564751385,0.39658180352092387,0.8275084390489398,2.1836703595490725,-0.02714547237343279,0.0390625,0.005000000000000001,5.840632388012598,-23.247074304328525,0.24185068140005694,0.7297111863732724,0.5075528562517606,1.6904305957016033,2.10495173164321,0.03865546218487395,0.02300000000000001,-0.007712692204040472
scene-0061,CAM_FRONT_RIGHT,14,0,bus,0.8987342119216919,51.33447300145403,-32.07329382413544,1.094234331400419,8.684654766963995,2.8166220111128766,3.1245274497355404,2.7910326405691177,-0.018146262851313377,1.3242226812860851e-05,0.0010000000000000002,51.33447300145403,-32.07329382413544,1.094234331400419,8.684654766963995,2.8166220111128766,3.1245274497355404,2.7910326405691177,1.3242226812860851e-05,0.0010000000000000002,-0.018146262851313377
scene-0061,CAM_FRONT_RIGHT,14,0,truck,0.8128654956817627,41.862222528846566,-28.82614011771969,0.9110025503556249,4.8425813076891515,2.007424661575957,2.698589959877035,2.8919444477278495,-0.013654574020089072,0.005401234567901234,0.14,41.862222528846566,-28.82614011771969,0.9110025503556249,4.8425813076891515,2.007424661575957,2.698589959877035,2.8919444477278495,0.005401234567901234,0.14,-0.013654574020089072
scene-0061,CAM_FRONT_RIGHT,14,0,trailer,0.5704697966575623,19.024148606382347,-32.9259464186497,0.5012305119200297,3.6871458659828455,2.021071343550755,1.8930463927406531,1.3641194105497434,-0.25266983805641696,0.010810810810810811,0.15200000000000005,19.024148606382347,-32.9259464186497,0.5012305119200297,3.6871458659828455,2.021071343550755,1.8930463927406531,1.3641194105497434,0.010810810810810811,0.15200000000000005,-0.25266983805641696
scene-0061,CAM_BACK,14,0,truck,0.8947368264198303,-30.092228870746997,10.187031276523472,1.6841348528267832,6.750677573079571,3.334385019417928,3.8683745535693905,2.976707671349775,0.6349034922161976,0.023881347410759174,2.0900000000000003,-30.092228870746997,10.187031276523472,1.6841348528267832,6.750677573079571,3.334385019417928,3.8683745535693905,2.976707671349775,0.023881347410759174,2.0900000000000003,0.6349034922161976
scene-0061,CAM_BACK_RIGHT,14,0,car,0.7968254089355469,4.4193081686887945,-22.49727666837626,0.4492927345057156,2.1862936098685903,1.2418031826171898,1.1467976695564168,-2.639487789210383,-0.5025970428473192,0.06473829201101929,0.18800000000000006,4.4193081686887945,-22.49727666837626,0.4492927345057156,2.1862936098685903,1.2418031826171898,1.1467976695564168,-2.639487789210383,0.06473829201101929,0.18800000000000006,-0.5025970428473192
scene-0061,CAM_BACK_RIGHT,14,1,car,0.6012461185455322,4.2112980631924035,-22.582569384038244,0.8824851114865716,1.529414740224155,0.8890412624682114,0.7984719115015759,2.626753067330933,-1.1083689610717822,0.05,0.05400000000000002,4.2112980631924035,-22.582569384038244,0.8824851114865716,1.529414740224155,0.8890412624682114,0.7984719115015759,2.626753067330933,0.05,0.05400000000000002,-1.1083689610717822
scene-0061,CAM_BACK_RIGHT,14,2,car,0.8324607610702515,2.4709199025410937,-50.992014262914275,-0.5479309140011807,6.219208377854592,2.662491947944389,2.296275519290579,1.3470105510399266,1.2471135549903116,0.0,0.0,2.4709199025410937,-50.992014262914275,-0.5479309140011807,6.219208377854592,2.662491947944389,2.296275519290579,1.3470105510399266,0.0,0.0,1.2471135549903116
scene-0061,CAM_BACK_RIGHT,14,3,car,0.8904109597206116,2.5739453402692654,-21.650931931051943,0.4727296134457203,1.7371112922384855,1.0056232878676035,0.7219718209651289,2.917222761984702,-0.6855626250060025,0.06470588235294118,0.07700000000000003,2.5739453402692654,-21.650931931051943,0.4727296134457203,1.7371112922384855,1.0056232878676035,0.7219718209651289,2.917222761984702,0.06470588235294118,0.07700000000000003,-0.6855626250060025
scene-0061,CAM_FRONT,15,0,car,0.9532163739204407,14.989344636188708,4.948761223705157,1.2780836955546797,4.167843938170858,2.4637654284461057,1.938924951244939,0.7983926570363159,-0.08069098704971056,0.04807017543859649,0.9590000000000003,14.989344636188708,4.948761223705157,1.2780836955546797,4.167843938170858,2.4637654284461057,1.938924951244939,0.7983926570363159,0.04807017543859649,0.9590000000000003,-0.08069098704971056
scene-0061,CAM_FRONT,15,1,car,0.8865247964859009,29.394371203989625,6.042574285898672,1.9829182060309214,2.5131597062346387,1.0705049367128758,0.8743153008184106,1.5637925299698807,0.056184844616320895,0.02707070707070707,0.06700000000000002,29.394371203989625,6.042574285898672,1.9829182060309214,2.5131597062346387,1.0705049367128758,0.8743153008184106,1.5637925299698807,0.02707070707070707,0.06700000000000002,0.056184844616320895
scene-0061,CAM_FRONT,15,2,car,0.7655677795410156,25.803790064193652,-2.264029749022691,1.8738045126125882,2.525242280183443,1.231090579269587,0.8428509553654802,1.5676155633340718,-0.3871658314996722,0.034583333333333334,0.08300000000000002,25.803790064193652,-2.264029749022691,1.8738045126125882,2.525242280183443,1.231090579269587,0.8428509553654802,1.5676155633340718,0.034583333333333334,0.08300000000000002,-0.3871658314996722
scene-0061,CAM_FRONT,15,3,car,0.6717948913574219,33.61168182501944,-1.232588735623233,2.22608896048537,2.3161225739757105,1.162094987367439,0.7945891282907331,1.5362624460245635,-0.35850731176053596,0.07835144927536232,0.17300000000000004,33.61168182501944,-1.232588735623233,2.22608896048537,2.3161225739757105,1.162094987367439,0.7945891282907331,1.5362624460245635,0.07835144927536232,0.17300000000000004,-0.35850731176053596
scene-0061,CAM_FRONT,15,0,truck,0.7142857313156128,33.51183945146198,5.678804081737732,2.383424117583239,7.803798913175024,2.591772382817304,3.87856517090799,1.1343271603174436,1.5965200412807903,0.0030217974004956255,0.23900000000000005,33.51183945146198,5.678804081737732,2.383424117583239,7.803798913175024,2.591772382817304,3.87856517090799,1.1343271603174436,0.0030217974004956255,0.23900000000000005,1.5965200412807903
scene-0061,CAM_FRONT,15,1,truck,0.8632478713989258,37.97679638584466,16.108345392609024,3.2560926678110658,3.9871072438000343,2.3497160895101246,2.5523502907586777,1.6060570624711357,-0.1999250612271981,0.006438127090301004,0.15400000000000005,37.97679638584466,16.108345392609024,3.2560926678110658,3.9871072438000343,2.3497160895101246,2.5523502907586777,1.6060570624711357,0.006438127090301004,0.15400000000000005,-0.1999250612271981
scene-0061,CAM_FRONT,15,0,construction vehicle,0.9259259104728699,20.295884351651445,1.4663647344658377,4.379260151638677,4.3372163365140795,2.360388462072219,5.799515744709145,2.1481327567720596,-0.8557860441232767,0.04801523656776263,2.874000000000001,20.295884351651445,1.4663647344658377,4.379260151638677,4.3372163365140795,2.360388462072219,5.799515744709145,2.1481327567720596,0.04801523656776263,2.874000000000001,-0.8557860441232767
scene-0061,CAM_FRONT_LEFT,15,0,car,0.8750000596046448,16.22947689459237,6.273343213849485,0.9776431995166549,2.475072166389843,1.466394539813999,1.3716909148561836,1.2329469365147232,-0.05387185498071401,0.02266666666666667,0.11900000000000002,16.22947689459237,6.273343213849485,0.9776431995166549,2.475072166389843,1.466394539813999,1.3716909148561836,1.2329469365147232,0.02266666666666667,0.11900000000000002,-0.05387185498071401
scene-0061,CAM_FRONT_LEFT,15,0,motorcycle,0.8202247023582458,13.699625237830375,13.318752984864057,1.5714401330802317,1.6803177241154401,1.1176275609726964,1.1392819020422325,-2.54626253619458,-0.06985868609125045,0.10257656781720953,0.21100000000000005,13.699625237830375,13.318752984864057,1.5714401330802317,1.6803177241154401,1.1176275609726964,1.1392819020422325,-2.54626253619458,0.10257656781720953,0.21100000000000005,-0.06985868609125045
scene-0061,CAM_FRONT_LEFT,15,0,trailer,0.5897435545921326,38.721197695131856,17.672241509736278,3.35349908332874,3.330520274575427,1.8366024667203753,3.054618676295095,-2.475319972411677,-0.462939966433634,0.006516780710329097,0.12000000000000004,38.721197695131856,17.672241509736278,3.35349908332874,3.330520274575427,1.8366024667203753,3.054618676295095,-2.475319972411677,0.006516780710329097,0.12000000000000004,-0.462939966433634
scene-0061,CAM_FRONT_RIGHT,15,0,car,0.8709677457809448,8.200385867384338,-35.46899885470048,-0.06052000058086593,4.172586189743125,1.7991905414946743,1.4682938093369335,1.1322520348605514,0.21014978393433026,0.006172839506172839,0.07000000000000002,8.200385867384338,-35.46899885470048,-0.06052000058086593,4.172586189743125,1.7991905414946743,1.4682938093369335,1.1322520348605514,0.006172839506172839,0.07000000000000002,0.21014978393433026
scene-0061,CAM_FRONT_RIGHT,15,1,car,0.7299578189849854,62.042292272410265,-38.65014477260134,0.4252691920580896,2.595318186426468,1.1977590690235953,0.9771770145690876,2.7974157549140646,-0.17557408937655028,0.0,0.0,62.042292272410265,-38.65014477260134,0.4252691920580896,2.595318186426468,1.1977590690235953,0.9771770145690876,2.7974157549140646,0.0,0.0,-0.17557408937655028
scene-0061,CAM_FRONT_RIGHT,15,2,car,0.8672199249267578,4.107247265326496,-44.324754321004285,-0.3062593568398182,4.43290939870375,2.0747444721491206,1.581501079520963,1.095584408727921,0.5087735646606024,0.005478896103896104,0.08100000000000003,4.107247265326496,-44.324754321004285,-0.3062593568398182,4.43290939870375,2.0747444721491206,1.581501079520963,1.095584408727921,0.005478896103896104,0.08100000000000003,0.5087735646606024
scene-0061,CAM_FRONT_RIGHT,15,3,car,0.7500000596046448,52.499987631097184,-37.618935606965024,0.1839021955054574,3.2882706838996967,1.7689867487592732,1.7761578813724723,2.6800734360981604,0.39224641657321957,0.0,0.0,52.499987631097184,-37.618935606965024,0.1839021955054574,3.2882706838996967,1.7689867487592732,1.7761578813724723,2.6800734360981604,0.0,0.0,0.39224641657321957
scene-0061,CAM_FRONT_RIGHT,15,4,car,0.6952381134033203,58.413672537666876,-39.70144285926343,0.3895195425260097,2.437866127856445,1.8684637792148528,1.1968686393519885,2.093532388493328,-0.08184317697065141,0.0,0.0,58.413672537666876,-39.70144285926343,0.3895195425260097,2.437866127856445,1.8684637792148528,1.1968686393519885,2.093532388493328,0.0,0.0,-0.08184317697065141
scene-0061,CAM_FRONT_RIGHT,15,5,car,0.6097560524940491,2.359810067910422,-33.9295650348054,-0.41087144353557137,2.088286920022391,1.075440849990931,1.071718677076976,1.691087761518362,0.3195641532364739,0.03620621802439984,0.09200000000000003,2.359810067910422,-33.9295650348054,-0.41087144353557137,2.088286920022391,1.075440849990931,1.071718677076976,1.691087761518362,0.03620621802439984,0.09200000000000003,0.3195641532364739
scene-0061,CAM_FRONT_RIGHT,15,6,car,0.8904109597206116,11.39703203924166,-21.769943814365686,0.4993267820654471,3.6145869146245353,2.153955596658833,1.7511123921975733,2.1361975121343897,-0.009072324944092713,0.03717732884399551,0.5300000000000001,11.39703203924166,-21.769943814365686,0.4993267820654471,3.6145869146245353,2.153955596658833,1.7511123921975733,2.1361975121343897,0.03717732884399551,0.5300000000000001,-0.009072324944092713
scene-0061,CAM_FRONT_RIGHT,15,0,bus,0.9101123809814453,45.31580505733317,-35.98933219317881,1.2094545622387383,7.998452469004796,2.887003832592722,3.2619928870962163,2.7832296498384266,0.08267740582070715,7.836990595611286e-05,0.006000000000000002,45.31580505733317,-35.98933219317881,1.2094545622387383,7.998452469004796,2.887003832592722,3.2619928870962163,2.7832296498384266,7.836990595611286e-05,0.006000000000000002,0.08267740582070715
scene-0061,CAM_FRONT_RIGHT,15,0,truck,0.5114504098892212,13.435448874639304,-40.32973481305937,0.8963194626631817,4.395028919350189,2.261473738690306,2.0213964445376167,1.1861784718960988,-0.40834431912209557,0.006077075098814229,0.12300000000000003,13.435448874639304,-40.32973481305937,0.8963194626631817,4.395028919350189,2.261473738690306,2.0213964445376167,1.1861784718960988,0.006077075098814229,0.12300000000000003,-0.40834431912209557
scene-0061,CAM_FRONT_RIGHT,15,1,truck,0.6012461185455322,36.18628604579402,-32.35492903584916,0.8112685156701848,5.118732765679354,2.0046375559679213,2.53007179128989,2.8258974572642117,0.1174795238727705,0.008666666666666666,0.22100000000000006,36.18628604579402,-32.35492903584916,0.8112685156701848,5.118732765679354,2.0046375559679213,2.53007179128989,2.8258974572642117,0.008666666666666666,0.22100000000000006,0.1174795238727705
scene-0061,CAM_BACK,15,0,construction vehicle,0.7344398498535156,-31.700999054095114,13.309582378090022,1.4449017722482123,7.197197446077585,3.6206197006721124,3.932619120600058,2.8988417635561134,0.9517015268938271,0.015422206394428617,1.5590000000000004,-31.700999054095114,13.309582378090022,1.4449017722482123,7.197197446077585,3.6206197006721124,3.932619120600058,2.8988417635561134,0.015422206394428617,1.5590000000000004,0.9517015268938271
scene-0061,CAM_BACK_RIGHT,15,0,car,0.8324607610702515,-1.3598527396178117,-20.507342714289035,0.6103537341257548,1.5532510875897607,0.9229058492951694,0.9154193946492084,1.1051861067271251,-0.703773079903415,0.023919753086419752,0.031000000000000003,-1.3598527396178117,-20.507342714289035,0.6103537341257548,1.5532510875897607,0.9229058492951694,0.9154193946492084,1.1051861067271251,0.023919753086419752,0.031000000000000003,-0.703773079903415
scene-0061,CAM_BACK_RIGHT,15,1,car,0.8324607610702515,13.739595165650945,-67.81587541817093,-1.8495809414690325,7.030176994436592,4.048955432512898,3.43454448168805,-2.861496048793165,2.811833040711495,0.0,0.0,13.739595165650945,-67.81587541817093,-1.8495809414690325,7.030176994436592,4.048955432512898,3.43454448168805,-2.861496048793165,0.0,0.0,2.811833040711495
scene-0061,CAM_BACK_RIGHT,15,2,car,0.6404494643211365,1.281096930584855,-26.470595329342505,0.5871236241908891,2.7247892836231564,1.566939698088162,1.4252939742597024,1.3915760300176476,-0.5352967635945463,0.008267195767195767,0.05000000000000001,1.281096930584855,-26.470595329342505,0.5871236241908891,2.7247892836231564,1.566939698088162,1.4252939742597024,1.3915760300176476,0.008267195767195767,0.05000000000000001,-0.5352967635945463
scene-0061,CAM_BACK_RIGHT,15,3,car,0.8202247023582458,3.9410713673424778,-44.520663199763646,-0.07638912350531224,4.575056650598,2.06771406715583,1.6050615316430998,1.0205575825208428,0.12229805171089536,0.00511128364389234,0.07900000000000003,3.9410713673424778,-44.520663199763646,-0.07638912350531224,4.575056650598,2.06771406715583,1.6050615316430998,1.0205575825208428,0.00511128364389234,0.07900000000000003,0.12229805171089536
scene-0061,CAM_BACK_RIGHT,15,4,car,0.7697842121124268,-0.6900076736488068,-22.638636826861745,0.4273788516063802,1.94648691978297,1.1096822906055905,0.9487045391272485,1.1071201081312767,-0.557724405567231,0.03668261562998405,0.06900000000000002,-0.6900076736488068,-22.638636826861745,0.4273788516063802,1.94648691978297,1.1096822906055905,0.9487045391272485,1.1071201081312767,0.03668261562998405,0.06900000000000002,-0.557724405567231
scene-0061,CAM_BACK_RIGHT,15,0,bicycle,0.597484290599823,0.8922396642323627,-23.722378699523397,-0.05222182538108899,1.558321113514186,0.5094267084798139,0.7549728355474155,1.3425512018056278,-0.1933894150025519,0.040625,0.026000000000000006,1.0294030837724928,-23.762567594926754,0.19357089418176243,1.564307402566783,0.768042083050914,1.6234463633255491,1.2759585527814354,0.07861328125,0.16100000000000003,-0.004945370676336491
scene-0061,CAM_FRONT,16,0,car,0.8904109597206116,27.91427001030158,3.5197325994129436,1.8390983095523432,3.1370755699085504,1.3266093952308609,1.1502744561541043,1.5194850834545237,-0.4552342939081524,0.015095119933829611,0.07300000000000002,27.91427001030158,3.5197325994129436,1.8390983095523432,3.1370755699085504,1.3266093952308609,1.1502744561541043,1.5194850834545237,0.015095119933829611,0.07300000000000002,-0.4552342939081524
scene-0061,CAM_FRONT,16,1,car,0.7852349281311035,23.071512056611994,-4.496567896827727,1.9005128746777098,2.319711367545516,0.7667786832537118,0.7072837275548556,1.3886033261966142,-0.4721944972284069,0.0,0.0,23.071512056611994,-4.496567896827727,1.9005128746777098,2.319711367545516,0.7667786832537118,0.7072837275548556,1.3886033261966142,0.0,0.0,-0.4721944972284069
scene-0061,CAM_FRONT,16,2,car,0.9336099624633789,14.387910855132965,4.8147497813183735,1.2689393385931091,4.31032857633679,2.4848927143597734,1.930365526911275,-2.403953036629672,-0.02984494999060583,0.053414932680538554,1.0910000000000002,14.387910855132965,4.8147497813183735,1.2689393385931091,4.31032857633679,2.4848927143597734,1.930365526911275,-2.403953036629672,0.053414932680538554,1.0910000000000002,-0.02984494999060583
scene-0061,CAM_FRONT,16,3,car,0.6483516097068787,45.149443556650205,-8.90370964642202,1.527587383217928,5.336034517159257,2.075247033334506,2.6821386265388405,1.4841824253985094,1.9931801588875517,0.0,0.0,45.149443556650205,-8.90370964642202,1.527587383217928,5.336034517159257,2.075247033334506,2.6821386265388405,1.4841824253985094,0.0,0.0,1.9931801588875517
scene-0061,CAM_FRONT,16,0,truck,0.719298243522644,31.873482982406355,3.610748686469517,2.6322637564438174,6.073441485336351,2.0138031130459417,3.0769316078069346,1.0827893659735155,-0.07045427025122653,0.0033315705975674246,0.12600000000000003,31.873482982406355,3.610748686469517,2.6322637564438174,6.073441485336351,2.0138031130459417,3.0769316078069346,1.0827893659735155,0.0033315705975674246,0.12600000000000003,-0.07045427025122653
scene-0061,CAM_FRONT,16,1,truck,0.7104072570800781,38.02718367341416,12.90544028005157,3.90777166397135,4.6418460021599515,4.536706052336417,1.0647237713012165,3.0010339372832613,-1.9928936326145648,0.006851119894598155,0.15600000000000003,38.02718367341416,12.90544028005157,3.90777166397135,4.6418460021599515,4.536706052336417,1.0647237713012165,3.0010339372832613,0.006851119894598155,0.15600000000000003,-1.9928936326145648
scene-0061,CAM_FRONT,16,0,construction vehicle,0.9101123809814453,18.014269331731562,-0.2565755533055418,4.33403433284972,4.212212853326237,2.3475877130990987,5.815433880176896,2.0661782276826504,-0.8890830864258228,0.06139787249232526,3.440000000000001,18.014269331731562,-0.2565755533055418,4.33403433284972,4.212212853326237,2.3475877130990987,5.815433880176896,2.0661782276826504,0.06139787249232526,3.440000000000001,-0.8890830864258228
scene-0061,CAM_FRONT_LEFT,16,0,car,0.9139785170555115,15.577557573444489,6.058447240715957,1.2135174878840798,3.046126542441817,1.7383830887814842,1.708622940092272,-2.76331046609193,-0.046240356550636075,0.01707035755478662,0.14800000000000002,15.577557573444489,6.058447240715957,1.2135174878840798,3.046126542441817,1.7383830887814842,1.708622940092272,-2.76331046609193,0.01707035755478662,0.14800000000000002,-0.046240356550636075
scene-0061,CAM_FRONT_LEFT,16,0,motorcycle,0.8518518805503845,11.990632648978432,11.657350881527567,1.562684072783826,1.9924073161158766,1.2443020806201535,1.2347026754879167,-2.604284444785507,-0.06184729860035354,0.1267361111111111,0.3650000000000001,11.990632648978432,11.657350881527567,1.562684072783826,1.9924073161158766,1.2443020806201535,1.2347026754879167,-2.604284444785507,0.1267361111111111,0.3650000000000001,-0.06184729860035354
scene-0061,CAM_FRONT_RIGHT,16,0,car,0.7655677795410156,6.381197873039991,-21.79373784524881,0.30418592755281904,3.571359631081048,2.048352228335321,1.8493794579747453,1.9319868546575034,0.07350941333106853,0.0441358024691358,0.5720000000000001,6.381197873039991,-21.79373784524881,0.30418592755281904,3.571359631081048,2.048352228335321,1.8493794579747453,1.9319868546575034,0.0441358024691358,0.5720000000000001,0.07350941333106853
scene-0061,CAM_FRONT_RIGHT,16,1,car,0.6952381134033203,4.090220214343021,-53.48238168721799,-1.4568366019376024,3.453866690372564,2.3127277663503314,1.1603222588258326,1.253186456098923,1.2138220030294433,0.0,0.0,4.090220214343021,-53.48238168721799,-1.4568366019376024,3.453866690372564,2.3127277663503314,1.1603222588258326,1.253186456098923,0.0,0.0,1.2138220030294433
scene-0061,CAM_FRONT_RIGHT,16,2,car,0.6132930517196655,43.861649309504685,-40.35559204937789,-0.1715381066421715,2.426003612993945,1.3901628582440733,1.371290459463105,2.5553839218314405,0.14578968202725795,0.0,0.0,43.861649309504685,-40.35559204937789,-0.1715381066421715,2.426003612993945,1.3901628582440733,1.371290459463105,2.5553839218314405,0.0,0.0,0.14578968202725795
scene-0061,CAM_FRONT_RIGHT,16,0,bus,0.9139785170555115,39.33435561291041,-39.95873955122984,0.8917489111227763,7.997068538747605,2.8777779347941035,3.22039022440388,2.7473185100115836,-0.03384708762856947,0.0026939655172413795,0.20000000000000007,39.33435561291041,-39.95873955122984,0.8917489111227763,7.997068538747605,2.8777779347941035,3.22039022440388,2.7473185100115836,0.0026939655172413795,0.20000000000000007,-0.03384708762856947
scene-0061,CAM_FRONT_RIGHT,16,0,truck,0.8518518805503845,30.33154098112424,-35.365655447936135,0.43143798405540457,5.3591299664991325,2.3691790099772945,2.545432416562601,2.7833888493122982,0.10314485334958379,0.01015432098765432,0.32900000000000007,30.33154098112424,-35.365655447936135,0.43143798405540457,5.3591299664991325,2.3691790099772945,2.545432416562601,2.7833888493122982,0.01015432098765432,0.32900000000000007,0.10314485334958379
scene-0061,CAM_BACK,16,0,truck,0.9101123809814453,-32.41250018885464,15.976732971354703,1.710758649483827,6.679107246519493,3.3268457544969428,4.094527223473357,2.8825275123201597,0.8553673289291823,0.004798623291524639,0.43500000000000016,-32.41250018885464,15.976732971354703,1.710758649483827,6.679107246519493,3.3268457544969428,4.094527223473357,2.8825275123201597,0.004798623291524639,0.43500000000000016,0.8553673289291823
scene-0061,CAM_BACK_RIGHT,16,0,car,0.6363636255264282,-9.344112342707723,-41.76261623046756,-0.6738979285115828,3.963394447873352,2.3006832084542737,2.087794539957688,-2.928971142880696,0.7841520958445529,0.0010869565217391304,0.021000000000000005,-9.344112342707723,-41.76261623046756,-0.6738979285115828,3.963394447873352,2.3006832084542737,2.087794539957688,-2.928971142880696,0.0010869565217391304,0.021000000000000005,0.7841520958445529
scene-0061,CAM_BACK_RIGHT,16,1,car,0.8865247964859009,1.744798316060729,-45.08014368463809,-0.5876349944639647,5.974127783962167,2.8023144637802346,1.89437473079717,1.1365703816732449,0.727630213084443,0.0,0.0,1.744798316060729,-45.08014368463809,-0.5876349944639647,5.974127783962167,2.8023144637802346,1.89437473079717,1.1365703816732449,0.0,0.0,0.727630213084443
scene-0061,CAM_BACK_RIGHT,16,2,car,0.7419355511665344,-5.349498887804844,-47.1571837604937,-0.34684370894702915,3.5752817426531536,2.470442216759249,1.99322501041016,1.0665569189456454,0.4382681901080723,0.008722222222222221,0.15700000000000003,-5.349498887804844,-47.1571837604937,-0.34684370894702915,3.5752817426531536,2.470442216759249,1.99322501041016,1.0665569189456454,0.008722222222222221,0.15700000000000003,0.4382681901080723
scene-0061,CAM_BACK_RIGHT,16,3,car,0.8439024686813354,-3.149553765958973,-45.847582270829456,-0.49794537644763726,4.2353073166740955,1.9873430446515705,1.5313319746841365,1.1003544485979049,0.387675809285311,0.003253968253968254,0.04100000000000001,-3.149553765958973,-45.847582270829456,-0.49794537644763726,4.2353073166740955,1.9873430446515705,1.5313319746841365,1.1003544485979049,0.003253968253968254,0.04100000000000001,0.387675809285311
scene-0061,CAM_BACK_RIGHT,16,4,car,0.8202247023582458,-2.976169398065019,-26.935230464665157,0.2847370527597415,2.5584452934829827,1.388913876703553,1.2797594916110495,1.248411521686896,-0.41803779172594524,0.05346576500422654,0.25300000000000006,-2.976169398065019,-26.935230464665157,0.2847370527597415,2.5584452934829827,1.388913876703553,1.2797594916110495,1.248411521686896,0.05346576500422654,0.25300000000000006,-0.41803779172594524
scene-0061,CAM_FRONT,17,0,car,0.7968254089355469,33.24267345430624,-10.935958839124739,1.452346418020692,5.254723229101006,2.3891368491655385,1.7978647437958188,1.4621468669633395,0.6726385957458088,0.017120894479385047,0.3920000000000001,33.24267345430624,-10.935958839124739,1.452346418020692,5.254723229101006,2.3891368491655385,1.7978647437958188,1.4621468669633395,0.017120894479385047,0.3920000000000001,0.6726385957458088
scene-0061,CAM_FRONT,17,1,car,0.9532163739204407,13.79242307089577,4.82333351841483,1.1385230377608706,4.286613165008573,2.469680416267437,1.9343895086531864,0.7986021135509049,-0.02174273837125862,0.04445532435740514,0.9080000000000001,13.79242307089577,4.82333351841483,1.1385230377608706,4.286613165008573,2.469680416267437,1.9343895086531864,0.7986021135509049,0.04445532435740514,0.9080000000000001,-0.02174273837125862
scene-0061,CAM_FRONT,17,2,car,0.9064327478408813,25.70177452912947,1.0991861329765094,1.5238267951555458,2.5070255606618614,1.1245818997801464,1.0797768358051658,1.3848857625324382,-0.42726043974533345,0.05190082644628099,0.15700000000000003,25.70177452912947,1.0991861329765094,1.5238267951555458,2.5070255606618614,1.1245818997801464,1.0797768358051658,1.3848857625324382,0.05190082644628099,0.15700000000000003,-0.42726043974533345
scene-0061,CAM_FRONT,17,3,car,0.5704697966575623,33.864918817219426,-8.658983479514054,2.0301104003201327,2.6324502828879717,1.213283068504893,0.9924012976207013,1.215101277844106,-0.4169839159003459,0.05608974358974359,0.17500000000000004,33.864918817219426,-8.658983479514054,2.0301104003201327,2.6324502828879717,1.213283068504893,0.9924012976207013,1.215101277844106,0.05608974358974359,0.17500000000000004,-0.4169839159003459
scene-0061,CAM_FRONT,17,0,truck,0.5241636037826538,19.375939403835183,-8.606280297352344,1.6873735956513396,2.7402709340665488,1.0785375897567882,1.341982451886746,1.1831560710113704,-0.4296932551373489,0.10722610722610723,0.41400000000000015,19.375939403835183,-8.606280297352344,1.6873735956513396,2.7402709340665488,1.0785375897567882,1.341982451886746,1.1831560710113704,0.10722610722610723,0.41400000000000015,-0.4296932551373489
scene-0061,CAM_FRONT,17,1,truck,0.9298245906829834,35.072469645861,8.487471301693606,2.3410787319888957,5.803008977462209,2.431976165748967,2.952883225558655,1.1593891392031386,-0.12207339469174605,0.013122605363984675,0.5480000000000002,35.072469645861,8.487471301693606,2.3410787319888957,5.803008977462209,2.431976165748967,2.952883225558655,1.1593891392031386,0.013122605363984675,0.5480000000000002,-0.12207339469174605
scene-0061,CAM_FRONT,17,2,truck,0.9024390578269958,30.30647493140294,1.9781421140008297,2.5053463179373985,4.402823009863274,1.7169554708666155,3.0676279216563067,1.0270644643037878,-0.3005397442705,0.013325858202518545,0.3090000000000001,30.30647493140294,1.9781421140008297,2.5053463179373985,4.402823009863274,1.7169554708666155,3.0676279216563067,1.0270644643037878,0.013325858202518545,0.3090000000000001,-0.3005397442705
scene-0061,CAM_FRONT,17,0,construction vehicle,0.9179486632347107,15.491412491286662,-1.592749817031389,4.014475585631547,4.393256038579874,2.2851514144201683,5.781008516727363,2.118744968069195,-0.84224770876048,0.06516628049611557,3.8250000000000006,15.491412491286662,-1.592749817031389,4.014475585631547,4.393256038579874,2.2851514144201683,5.781008516727363,2.118744968069195,0.06516628049611557,3.8250000000000006,-0.84224770876048
scene-0061,CAM_FRONT_LEFT,17,0,car,0.921951174736023,14.780667856725268,5.590128179157038,0.8901894852104838,3.5241726125628077,2.0019521853597664,1.9213799246069498,-2.693022158591278,0.1817567486937144,0.01849624060150376,0.24600000000000005,14.780667856725268,5.590128179157038,0.8901894852104838,3.5241726125628077,2.0019521853597664,1.9213799246069498,-2.693022158591278,0.01849624060150376,0.24600000000000005,0.1817567486937144
scene-0061,CAM_FRONT_RIGHT,17,0,car,0.8947368264198303,3.782442327694474,-29.343996178842243,-0.02718131197037249,3.5898979502393864,2.1524779232926265,1.7224308450524757,1.7196055909725263,0.33139872004653714,0.03297682709447415,0.4440000000000001,3.782442327694474,-29.343996178842243,-0.02718131197037249,3.5898979502393864,2.1524779232926265,1.7224308450524757,1.7196055909725263,0.03297682709447415,0.4440000000000001,0.33139872004653714
scene-0061,CAM_FRONT_RIGHT,17,0,bus,0.8439024686813354,32.30154154976776,-42.19158565714644,0.4591144433198322,7.667518520944192,2.898897483454487,3.2923789687872342,2.7665412147215203,0.6915883345784999,0.0011806375442739079,0.08700000000000002,32.30154154976776,-42.19158565714644,0.4591144433198322,7.667518520944192,2.898897483454487,3.2923789687872342,2.7665412147215203,0.0011806375442739079,0.08700000000000002,0.6915883345784999
scene-0061,CAM_FRONT_RIGHT,17,0,truck,0.518796980381012,19.415767397869512,-8.766089261423458,1.6466026976462989,2.4597448462370117,1.562508312316222,1.4437631123138526,0.8874576367004994,-0.214122672708855,0.09732142857142857,0.5450000000000002,19.415767397869512,-8.766089261423458,1.6466026976462989,2.4597448462370117,1.562508312316222,1.4437631123138526,0.8874576367004994,0.09732142857142857,0.5450000000000002,-0.214122672708855
scene-0061,CAM_FRONT_RIGHT,17,0,construction vehicle,0.5038759708404541,24.523127511703482,-37.81120080907219,0.39791371569583367,5.3552314094397815,2.2896470942954963,2.5532903423628976,2.6978921652937156,0.379880811850819,0.013470828688219992,0.4350000000000001,24.523127511703482,-37.81120080907219,0.39791371569583367,5.3552314094397815,2.2896470942954963,2.5532903423628976,2.6978921652937156,0.013470828688219992,0.4350000000000001,0.379880811850819
scene-0061,CAM_BACK,17,0,truck,0.7064220309257507,-33.4190243613711,18.68618983774245,1.7793573312341442,4.645474386537302,2.9796758742567855,2.8244178796527795,2.624217430106818,0.39265937407610174,0.002329192546583851,0.09000000000000002,-33.4190243613711,18.68618983774245,1.7793573312341442,4.645474386537302,2.9796758742567855,2.8244178796527795,2.624217430106818,0.002329192546583851,0.09000000000000002,0.39265937407610174
scene-0061,CAM_BACK_RIGHT,17,0,car,0.5114504098892212,-46.28406178467378,-63.68533127143,-1.4605378671791658,1.9208425873805908,1.6179270733335507,0.5916021956964084,1.0483389946116732,1.0623155942845721,0.0,0.0,-46.28406178467378,-63.68533127143,-1.4605378671791658,1.9208425873805908,1.6179270733335507,0.5916021956964084,1.0483389946116732,0.0,0.0,1.0623155942845721
scene-0061,CAM_BACK_RIGHT,17,1,car,0.8400000333786011,3.230407534718196,-28.65773205463963,0.45623662243961616,3.474198042100028,2.0834734361408285,1.6882782411207584,1.549968949592856,-0.10805988324215199,0.02529011604641857,0.31600000000000006,3.230407534718196,-28.65773205463963,0.45623662243961616,3.474198042100028,2.0834734361408285,1.6882782411207584,1.549968949592856,0.02529011604641857,0.31600000000000006,-0.10805988324215199
scene-0061,CAM_BACK_RIGHT,17,2,car,0.6213017702102661,-8.420940260871719,-43.191836042576575,0.1439593217075707,1.4580070587144434,1.0419862086684049,1.4289970175939781,2.8441017388090826,0.052975486413453954,0.0,0.0,-8.420940260871719,-43.191836042576575,0.1439593217075707,1.4580070587144434,1.0419862086684049,1.4289970175939781,2.8441017388090826,0.0,0.0,0.052975486413453954
scene-0061,CAM_BACK_RIGHT,17,3,car,0.827957034111023,-7.551847961197641,-26.521970646654843,0.3913612333077473,2.6327734462405914,1.5799758627098477,1.2523670976143186,1.0024033414632474,-0.30227406568802695,0.034023668639053255,0.18400000000000005,-7.551847961197641,-26.521970646654843,0.3913612333077473,2.6327734462405914,1.5799758627098477,1.2523670976143186,1.0024033414632474,0.034023668639053255,0.18400000000000005,-0.30227406568802695
scene-0061,CAM_BACK_RIGHT,17,4,car,0.6332378387451172,-11.715663933263535,-45.27205880862995,0.015435696169287416,3.006437087507571,1.915723453159563,1.7248163714236182,1.0482152845731525,0.3152446391053574,0.012074303405572756,0.11700000000000003,-11.715663933263535,-45.27205880862995,0.015435696169287416,3.006437087507571,1.915723453159563,1.7248163714236182,1.0482152845731525,0.012074303405572756,0.11700000000000003,0.3152446391053574
scene-0061,CAM_BACK_RIGHT,17,0,bicycle,0.6444444060325623,-12.016209268929458,-31.422387015752715,-0.4726011634595302,2.140788148579375,0.9665591473817072,1.5124138585056746,1.1533398960625723,0.6559735413779864,0.0,0.0,-12.016209268929458,-31.422387015752715,-0.4726011634595302,2.140788148579375,0.9665591473817072,1.5124138585056746,1.1533398960625723,0.0,0.0,0.6559735413779864
scene-0061,CAM_BACK_RIGHT,17,0,bus,0.5276752710342407,-3.433251893659184,-47.586795681495424,0.22550264394362174,4.02547484027307,2.446480569677828,2.0957569481703775,1.1169369012181942,0.35243722411777856,0.000992063492063492,0.020000000000000004,-3.433251893659184,-47.586795681495424,0.22550264394362174,4.02547484027307,2.446480569677828,2.0957569481703775,1.1169369012181942,0.000992063492063492,0.020000000000000004,0.35243722411777856
scene-0061,CAM_FRONT,18,0,car,0.8128654956817627,29.473473767111898,-14.071673023962816,1.5438114783947503,4.464584480795834,0.4564871160502584,1.0569794148639395,1.4273193304862308,0.1598052584561649,0.03515151515151515,0.08700000000000001,29.473473767111898,-14.071673023962816,1.5438114783947503,4.464584480795834,0.4564871160502584,1.0569794148639395,1.4273193304862308,0.03515151515151515,0.08700000000000001,0.1598052584561649
scene-0061,CAM_FRONT,18,1,car,0.9569892287254333,13.377239550755165,4.743312000268743,1.175482072550027,4.243610900068367,2.444423261639491,1.8910884297027912,-2.422259796276022,-0.1512664172164918,0.040048036758563076,0.7670000000000002,13.377239550755165,4.743312000268743,1.175482072550027,4.243610900068367,2.444423261639491,1.8910884297027912,-2.422259796276022,0.040048036758563076,0.7670000000000002,-0.1512664172164918
scene-0061,CAM_FRONT,18,2,car,0.9298245906829834,23.41202673758553,-1.3395279089402996,1.418332610528641,2.758783755182347,1.2754106950873698,1.1742376068885667,1.190736681713558,-0.38279653094032984,0.04487179487179487,0.19600000000000006,23.41202673758553,-1.3395279089402996,1.418332610528641,2.758783755182347,1.2754106950873698,1.1742376068885667,1.190736681713558,0.04487179487179487,0.19600000000000006,-0.38279653094032984
scene-0061,CAM_FRONT,18,0,truck,0.9375000596046448,33.708567273922114,5.344982079466033,2.348211316816064,6.068032769236691,2.7079589680242684,3.131283306004087,0.9830923520750458,-0.20461084156365428,0.01561000450476918,0.7970000000000002,33.708567273922114,5.344982079466033,2.348211316816064,6.068032769236691,2.7079589680242684,3.131283306004087,0.9830923520750458,0.01561000450476918,0.7970000000000002,-0.20461084156365428
scene-0061,CAM_FRONT,18,1,truck,0.8947368264198303,28.404642983361825,-1.181248355540119,2.3328771505838612,4.6835762886601024,2.5915541479284343,3.294839940059352,0.9435610769978564,-0.12438793044737362,0.007389773347220156,0.29800000000000004,28.404642983361825,-1.181248355540119,2.3328771505838612,4.6835762886601024,2.5915541479284343,3.294839940059352,0.9435610769978564,0.007389773347220156,0.29800000000000004,-0.12438793044737362
scene-0061,CAM_FRONT,18,0,construction vehicle,0.9298245906829834,12.692829428381536,-2.69193846226615,3.6192815530487605,3.5069945679497883,2.3362502139086168,5.139155364768678,1.1767557017764083,-0.8210089846952595,0.07877237851662404,3.2340000000000004,12.692829428381536,-2.69193846226615,3.6192815530487605,3.5069945679497883,2.3362502139086168,5.139155364768678,1.1767557017764083,0.07877237851662404,3.2340000000000004,-0.8210089846952595
scene-0061,CAM_FRONT_LEFT,18,0,car,0.9139785170555115,13.875999066137553,5.263804515122342,0.875060046191081,3.600359140192623,2.013647607129367,2.0082265970324373,-2.5333877684516453,0.29815818606384614,0.011944444444444445,0.17200000000000004,13.875999066137553,5.263804515122342,0.875060046191081,3.600359140192623,2.013647607129367,2.0082265970324373,-2.5333877684516453,0.011944444444444445,0.17200000000000004,0.29815818606384614
scene-0061,CAM_FRONT_LEFT,18,0,motorcycle,0.7344398498535156,9.00688065756625,9.444561781446787,1.293850970159651,1.9673094158914939,1.2725470433694488,1.3495302155969289,-2.8454924711649743,0.09356580761790889,0.09053254437869822,0.30600000000000005,9.00688065756625,9.444561781446787,1.293850970159651,1.9673094158914939,1.2725470433694488,1.3495302155969289,-2.8454924711649743,0.09053254437869822,0.30600000000000005,0.09356580761790889
scene-0061,CAM_FRONT_RIGHT,18,0,car,0.7264957427978516,30.171656064351836,-14.769845669025052,1.7222635021195494,3.6889760374410905,1.1964461160352933,1.2273554034076717,-2.451055658178604,0.28934362959222115,0.016704204204204206,0.08900000000000002,30.171656064351836,-14.769845669025052,1.7222635021195494,3.6889760374410905,1.1964461160352933,1.2273554034076717,-2.451055658178604,0.016704204204204206,0.08900000000000002,0.28934362959222115
scene-0061,CAM_BACK,18,0,truck,0.5704697966575623,-34.89842404767913,24.215079164270048,0.8526925691384777,5.297842428928412,2.9878537363880877,2.9204169901841177,2.883460484611159,1.5144138284422897,0.001040988939492518,0.048000000000000015,-34.89842404767913,24.215079164270048,0.8526925691384777,5.297842428928412,2.9878537363880877,2.9204169901841177,2.883460484611159,0.001040988939492518,0.048000000000000015,1.5144138284422897
scene-0061,CAM_BACK_RIGHT,18,0,car,0.7104072570800781,-22.526630467626035,-60.217590539640916,-1.7982641341135635,4.255325750064863,2.096972159635348,2.131371808585363,1.1992755541409703,2.3547969703406015,0.0,0.0,-22.526630467626035,-60.217590539640916,-1.7982641341135635,4.255325750064863,2.096972159635348,2.131371808585363,1.1992755541409703,0.0,0.0,2.3547969703406015
scene-0061,CAM_BACK_RIGHT,18,1,car,0.8787879347801208,-13.436836673533563,-43.79746026780471,-0.6862482956449042,5.332886516054238,2.4290828258937616,1.736789507506084,0.8358610854875251,1.1016061152606018,0.0,0.0,-13.436836673533563,-43.79746026780471,-0.6862482956449042,5.332886516054238,2.4290828258937616,1.736789507506084,0.8358610854875251,0.0,0.0,1.1016061152606018
scene-0061,CAM_BACK_RIGHT,18,2,car,0.8827838897705078,-2.3163757493974506,-32.71198100105409,0.3910864563191271,3.4595553284748064,1.9943905827270463,1.6827232112191857,1.2264017158772813,0.033813323919677174,0.00815126050420168,0.09700000000000002,-2.3163757493974506,-32.71198100105409,0.3910864563191271,3.4595553284748064,1.9943905827270463,1.6827232112191857,1.2264017158772813,0.00815126050420168,0.09700000000000002,0.033813323919677174
scene-0061,CAM_BACK_RIGHT,18,3,car,0.7968254089355469,-17.7419561565725,-37.65342327372572,-0.07342657416888143,4.771538326833223,2.5764184728970063,2.369807218644209,1.0220239600464611,0.7338261179773751,0.0014022435897435897,0.04200000000000001,-17.7419561565725,-37.65342327372572,-0.07342657416888143,4.771538326833223,2.5764184728970063,2.369807218644209,1.0220239600464611,0.0014022435897435897,0.04200000000000001,0.7338261179773751
scene-0061,CAM_BACK_RIGHT,18,0,bicycle,0.5936508178710938,-12.798997170466217,-21.419009617258197,-0.0462057256057421,1.4656820857611201,0.7205214997799683,0.9432511934897125,1.286788104143263,0.0945882765437136,0.015873015873015872,0.015000000000000001,-12.698763960354471,-21.46219835629884,0.301243600009634,1.4564761662568273,0.9897885001859703,1.6381498447204648,1.171532652623208,0.0375,0.09000000000000001,0.0945882765437136
scene-0061,CAM_FRONT,19,0,car,0.9298245906829834,20.933322963737616,-3.877017294207039,1.2208471138568926,3.5621233315982215,1.6262741330811856,1.2974587901468748,0.9982689543185146,-0.2403201487932971,0.05982905982905983,0.4480000000000002,20.933322963737616,-3.877017294207039,1.2208471138568926,3.5621233315982215,1.6262741330811856,1.2974587901468748,0.9982689543185146,0.05982905982905983,0.4480000000000002,-0.2403201487932971
scene-0061,CAM_FRONT,19,1,car,0.949367105960846,13.100558204381072,4.604724449612578,1.111057874491859,4.286142992143105,2.6428039964966605,2.002328839844699,-2.4975500469187484,0.06452132914669217,0.054740608228980324,1.2240000000000004,13.100558204381072,4.604724449612578,1.111057874491859,4.286142992143105,2.6428039964966605,2.002328839844699,-2.4975500469187484,0.054740608228980324,1.2240000000000004,0.06452132914669217
scene-0061,CAM_FRONT,19,0,truck,0.9452055096626282,31.813048136059006,2.0907367115225344,2.1728710489330596,6.11128233845529,2.5539300798549895,3.151294587307109,0.8536097170409833,-0.03266518966289733,0.019348991172761665,0.9820000000000002,31.813048136059006,2.0907367115225344,2.1728710489330596,6.11128233845529,2.5539300798549895,3.151294587307109,0.8536097170409833,0.019348991172761665,0.9820000000000002,-0.03266518966289733
scene-0061,CAM_FRONT,19,1,truck,0.9259259104728699,25.27792423556771,-4.182234262275993,1.9465343813927758,6.135656111889695,2.0242919343580326,3.17095024475039,-2.394423774958735,0.03810115591657759,0.01644467213114754,0.6420000000000001,25.27792423556771,-4.182234262275993,1.9465343813927758,6.135656111889695,2.0242919343580326,3.17095024475039,-2.394423774958735,0.01644467213114754,0.6420000000000001,0.03810115591657759
scene-0061,CAM_FRONT,19,0,construction vehicle,0.9139785170555115,10.264034448747012,-3.7215433716382402,3.245056417712525,3.3676476359163345,2.0321931010665075,4.843468868198016,0.8678744995321107,-0.66790242532685,0.10248161764705882,3.3450000000000006,10.264034448747012,-3.7215433716382402,3.245056417712525,3.3676476359163345,2.0321931010665075,4.843468868198016,0.8678744995321107,0.10248161764705882,3.3450000000000006,-0.66790242532685
scene-0061,CAM_FRONT_LEFT,19,0,car,0.8750000596046448,13.457867464322645,5.337899524777549,1.04448537787851,3.335580528948631,1.7230149530816892,1.8055326965849403,-2.490655402086632,-0.0012065631553757061,0.028718558130322838,0.2900000000000001,13.457867464322645,5.337899524777549,1.04448537787851,3.335580528948631,1.7230149530816892,1.8055326965849403,-2.490655402086632,0.028718558130322838,0.2900000000000001,-0.0012065631553757061
scene-0061,CAM_FRONT_LEFT,19,0,motorcycle,0.5241636037826538,6.151539431525687,6.383422452359953,1.5603391126208475,1.5226342581730679,0.864030874102454,1.0539237516430764,-3.0026065304637153,-0.5380124516049123,0.2754208754208754,0.40900000000000003,6.151539431525687,6.383422452359953,1.5603391126208475,1.5226342581730679,0.864030874102454,1.0539237516430764,-3.0026065304637153,0.2754208754208754,0.40900000000000003,-0.5380124516049123
scene-0061,CAM_FRONT_RIGHT,19,0,car,0.8241757750511169,15.0231560630908,-9.791769571660009,1.3697826167621023,3.0027877102238865,1.3842431228283658,0.984439380245344,0.861465384649031,-0.5547533198488876,0.13714285714285715,0.5760000000000002,15.0231560630908,-9.791769571660009,1.3697826167621023,3.0027877102238865,1.3842431228283658,0.984439380245344,0.861465384649031,0.13714285714285715,0.5760000000000002,-0.5547533198488876
scene-0061,CAM_FRONT_RIGHT,19,0,construction vehicle,0.6444444060325623,12.181148399506178,-5.963893589043942,4.610191958279772,1.5497171779024796,0.605834570135365,2.187577556471388,2.600405703948584,-3.26620174614706,0.06666666666666667,0.13200000000000003,12.181148399506178,-5.963893589043942,4.610191958279772,1.5497171779024796,0.605834570135365,2.187577556471388,2.600405703948584,0.06666666666666667,0.13200000000000003,-3.26620174614706
scene-0061,CAM_FRONT_RIGHT,19,1,construction vehicle,0.604938268661499,10.000320646403683,-4.384445286214736,1.6055773330679437,1.3773519660542775,0.46298060720196244,1.2241546524198899,2.2829163257291403,-0.8110501295958833,0.005952380952380952,0.005000000000000001,10.000320646403683,-4.384445286214736,1.6055773330679437,1.3773519660542775,0.46298060720196244,1.2241546524198899,2.2829163257291403,0.005952380952380952,0.005000000000000001,-0.8110501295958833
scene-0061,CAM_FRONT_RIGHT,19,2,construction vehicle,0.7104072570800781,13.097399602772107,-11.92970745762243,1.5284855713725471,3.060270388870494,1.2229179952018612,1.4970243387721118,-2.4708531225450603,-0.5417897545923109,0.13028673835125448,0.7270000000000001,13.097399602772107,-11.92970745762243,1.5284855713725471,3.060270388870494,1.2229179952018612,1.4970243387721118,-2.4708531225450603,0.13028673835125448,0.7270000000000001,-0.5417897545923109
scene-0061,CAM_BACK_RIGHT,19,0,car,0.7064220309257507,-23.62194487596104,-41.24779852547021,0.15397053829089413,2.5850802186992965,1.7243120750514045,1.4975228371217717,-2.525614084969927,-0.2341992215442783,0.0,0.0,-23.62194487596104,-41.24779852547021,0.15397053829089413,2.5850802186992965,1.7243120750514045,1.4975228371217717,-2.525614084969927,0.0,0.0,-0.2341992215442783
scene-0061,CAM_BACK_RIGHT,19,1,car,0.8987342119216919,-20.757981215569185,-30.85287818705443,-0.05076831799354725,3.4862747029047014,2.0053768442051294,1.6221357792068396,0.8972519627502772,0.12944598266334273,0.000625,0.007000000000000002,-20.757981215569185,-30.85287818705443,-0.05076831799354725,3.4862747029047014,2.0053768442051294,1.6221357792068396,0.8972519627502772,0.000625,0.007000000000000002,0.12944598266334273
scene-0061,CAM_BACK_RIGHT,19,2,car,0.6167664527893066,-17.063632653800884,-23.577548881042564,0.7247631205320533,1.3478773008807217,0.8268249999323487,0.677436786054173,0.8265878632933692,-1.0272425281412583,0.038461538461538464,0.02800000000000001,-17.063632653800884,-23.577548881042564,0.7247631205320533,1.3478773008807217,0.8268249999323487,0.677436786054173,0.8265878632933692,0.038461538461538464,0.02800000000000001,-1.0272425281412583
scene-0061,CAM_BACK_RIGHT,19,3,car,0.8947368264198303,-11.067158448514064,-41.95515167490381,-0.13417973295469288,4.149224912445128,2.5153882799643767,2.0331876906001654,0.9871626485501753,0.494382315246658,0.004585365853658536,0.09400000000000001,-11.067158448514064,-41.95515167490381,-0.13417973295469288,4.149224912445128,2.5153882799643767,2.0331876906001654,0.9871626485501753,0.004585365853658536,0.09400000000000001,0.494382315246658
scene-0061,CAM_BACK_RIGHT,19,4,car,0.597484290599823,-18.23751567973626,-43.03004666748973,-1.0688299778239347,2.40657664873617,1.420237577443043,1.7554481595655949,1.7583164746291713,1.163082711705243,0.00033068783068783067,0.0020000000000000005,-18.23751567973626,-43.03004666748973,-1.0688299778239347,2.40657664873617,1.420237577443043,1.7554481595655949,1.7583164746291713,0.00033068783068783067,0.0020000000000000005,1.163082711705243
scene-0061,CAM_BACK_RIGHT,19,5,car,0.5747508406639099,-2.6717775071271976,-39.901559269094335,0.06321289642484829,0.8334586643049597,0.8006157694069245,0.2155413772036472,-2.7683857157594454,-0.5150312957861289,0.0,0.0,-2.6717775071271976,-39.901559269094335,0.06321289642484829,0.8334586643049597,0.8006157694069245,0.2155413772036472,-2.7683857157594454,0.0,0.0,-0.5150312957861289
scene-0061,CAM_BACK_RIGHT,19,6,car,0.8160918951034546,-26.123553051679483,-35.1479791895312,-0.3704695576413731,2.6695139315728156,1.608428474180304,1.4195545484694045,0.9729120199531407,0.2753922004521252,0.013558201058201057,0.08200000000000002,-26.123553051679483,-35.1479791895312,-0.3704695576413731,2.6695139315728156,1.608428474180304,1.4195545484694045,0.9729120199531407,0.013558201058201057,0.08200000000000002,0.2753922004521252
scene-0061,CAM_BACK_RIGHT,19,7,car,0.8904109597206116,-17.961993576706583,-40.16664512609373,-0.5717673808539969,4.660241650555875,2.1045435389696348,1.5551016143566447,0.7992217558457165,0.581827979883363,0.00025329280648429586,0.004000000000000001,-17.961993576706583,-40.16664512609373,-0.5717673808539969,4.660241650555875,2.1045435389696348,1.5551016143566447,0.7992217558457165,0.00025329280648429586,0.004000000000000001,0.581827979883363
scene-0061,CAM_BACK_RIGHT,19,8,car,0.6878048777580261,-21.26308924172297,-40.02250524995393,-0.27257979611431526,2.925780708639465,1.7123582932120098,1.6114517409331377,0.997567104511517,0.27671415103980745,0.0024087221095334685,0.019000000000000003,-21.26308924172297,-40.02250524995393,-0.27257979611431526,2.925780708639465,1.7123582932120098,1.6114517409331377,0.997567104511517,0.0024087221095334685,0.019000000000000003,0.27671415103980745
scene-0061,CAM_FRONT,20,0,car,0.941605806350708,18.156216355690106,-6.284221044574273,0.9031507655210076,4.6376028642492155,1.9885876050513343,1.608425935308329,-2.529890748669365,0.08164809314153398,0.042663043478260866,0.6280000000000001,18.156216355690106,-6.284221044574273,0.9031507655210076,4.6376028642492155,1.9885876050513343,1.608425935308329,-2.529890748669365,0.042663043478260866,0.6280000000000001,0.08164809314153398
scene-0061,CAM_FRONT,20,1,car,0.6908212304115295,38.09846847723021,-5.955480296665689,1.8191032688971653,2.0525693757000747,1.1298216778118402,0.9469004349353054,1.3149198330472665,-1.105466524058106,0.025012025012025013,0.05200000000000002,38.09846847723021,-5.955480296665689,1.8191032688971653,2.0525693757000747,1.1298216778118402,0.9469004349353054,1.3149198330472665,0.025012025012025013,0.05200000000000002,-1.105466524058106
scene-0061,CAM_FRONT,20,2,car,0.9375000596046448,12.48532772519022,4.105068827901111,1.0719121054606,4.128983639220044,2.4659613936830027,1.8330787903768357,-2.596582385546028,-0.09819601599823347,0.04059620596205962,0.7490000000000001,12.48532772519022,4.105068827901111,1.0719121054606,4.128983639220044,2.4659613936830027,1.8330787903768357,-2.596582385546028,0.04059620596205962,0.7490000000000001,-0.09819601599823347
scene-0061,CAM_FRONT,20,0,truck,0.9101123809814453,21.855378143660708,-7.182914241702186,1.7608402144818731,6.965851726584901,2.3431798984711847,3.699735723930589,-2.419724794287563,0.2883449388623962,0.02236024844720497,1.3320000000000003,21.855378143660708,-7.182914241702186,1.7608402144818731,6.965851726584901,2.3431798984711847,3.699735723930589,-2.419724794287563,0.02236024844720497,1.3320000000000003,0.2883449388623962
scene-0061,CAM_FRONT,20,1,truck,0.949367105960846,29.740781481703234,-1.0805807974386294,1.9315777911873244,6.089027702537859,2.4625510695219432,3.168774362881112,-2.4019441564598654,-0.1281700940664554,0.032172131147540986,1.5700000000000005,29.740781481703234,-1.0805807974386294,1.9315777911873244,6.089027702537859,2.4625510695219432,3.168774362881112,-2.4019441564598654,0.032172131147540986,1.5700000000000005,-0.1281700940664554
scene-0061,CAM_FRONT,20,0,construction vehicle,0.7697842121124268,8.38047697866755,-4.729034557952689,1.7338225556983256,4.201307454432743,1.2416306631345269,2.6866541817695317,2.796010061554977,-0.29250913919195476,0.07760141093474426,1.0560000000000003,8.38047697866755,-4.729034557952689,1.7338225556983256,4.201307454432743,1.2416306631345269,2.6866541817695317,2.796010061554977,0.07760141093474426,1.0560000000000003,-0.29250913919195476
scene-0061,CAM_FRONT_LEFT,20,0,car,0.7968254089355469,13.542250315776366,5.124934650632449,0.7747143718929443,2.976834300733035,1.0942822544962125,1.6129178209082693,-2.826432423884231,0.06946930171617383,0.005113636363636364,0.027000000000000007,13.542250315776366,5.124934650632449,0.7747143718929443,2.976834300733035,1.0942822544962125,1.6129178209082693,-2.826432423884231,0.005113636363636364,0.027000000000000007,0.06946930171617383
scene-0061,CAM_FRONT_LEFT,20,0,motorcycle,0.5540069937705994,6.465869739832875,7.905348896473791,1.3028271327928636,1.6605323695893,1.035193502816277,1.3813901235967474,2.7623571683088324,0.032542230152971086,0.1957983193277311,0.46600000000000014,6.465869739832875,7.905348896473791,1.3028271327928636,1.6605323695893,1.035193502816277,1.3813901235967474,2.7623571683088324,0.1957983193277311,0.46600000000000014,0.032542230152971086
scene-0061,CAM_FRONT_RIGHT,20,0,car,0.6683937907218933,13.775856232295185,-13.668025193328079,0.8026918633195805,3.5258062447274208,2.0072148745597644,1.5033222454103137,-2.389742208805054,0.23886270773839002,0.05276190476190476,0.554,13.775856232295185,-13.668025193328079,0.8026918633195805,3.5258062447274208,2.0072148745597644,1.5033222454103137,-2.389742208805054,0.05276190476190476,0.554,0.23886270773839002
scene-0061,CAM_FRONT_RIGHT,20,0,construction vehicle,0.6717948913574219,9.597244799840963,-13.23461048380331,1.508947487006018,2.906402901386111,1.9374546689715473,1.644416032607626,-2.5081420138034347,-0.5525548270759919,0.15176950998185118,1.3380000000000003,9.597244799840963,-13.23461048380331,1.508947487006018,2.906402901386111,1.9374546689715473,1.644416032607626,-2.5081420138034347,0.15176950998185118,1.3380000000000003,-0.5525548270759919
scene-0061,CAM_FRONT_RIGHT,20,1,construction vehicle,0.859649121761322,8.39826348774377,-5.045421304289436,2.8386066033207893,5.085682300390102,2.5461359031983415,4.584794352184751,1.9180514154912782,-0.409942852964841,0.10721227621483376,6.288000000000001,8.39826348774377,-5.045421304289436,2.8386066033207893,5.085682300390102,2.5461359031983415,4.584794352184751,1.9180514154912782,0.10721227621483376,6.288000000000001,-0.409942852964841
scene-0061,CAM_BACK,20,0,car,0.7770034670829773,-29.868565715520642,-26.98000297413873,0.4995670775019776,8.179478019063176,4.9543268072029525,4.125832690504761,-2.569344898708574,1.1599735527330841,0.0024092801903628793,0.40500000000000014,-29.868565715520642,-26.98000297413873,0.4995670775019776,8.179478019063176,4.9543268072029525,4.125832690504761,-2.569344898708574,0.0024092801903628793,0.40500000000000014,1.1599735527330841
scene-0061,CAM_BACK_RIGHT,20,0,car,0.8947368264198303,-77.47250482961661,45.96108323063776,-52.621439197166325,22.070686842727145,12.069322747943787,10.332754268315036,0.7855931515204175,60.895122334894396,0.0,0.0,-77.47250482961661,45.96108323063776,-52.621439197166325,22.070686842727145,12.069322747943787,10.332754268315036,0.7855931515204175,0.0,0.0,60.895122334894396
scene-0061,CAM_BACK_RIGHT,20,1,car,0.8987342119216919,-25.848000099194525,-28.134714547181556,-0.054409093258823704,3.5351772807020723,2.123284139694928,1.8683621823005283,-2.386329899224031,0.5616540050095975,0.005656999641962048,0.07900000000000001,-25.848000099194525,-28.134714547181556,-0.054409093258823704,3.5351772807020723,2.123284139694928,1.8683621823005283,-2.386329899224031,0.005656999641962048,0.07900000000000001,0.5616540050095975
scene-0061,CAM_BACK_RIGHT,20,2,car,0.5775577425956726,-8.306147891869163,-37.044717176384594,0.3335702056130847,1.3542606782453888,1.3265486763293382,0.3514872088579488,-2.488375157157817,-0.6546620117790505,0.0,0.0,-8.306147891869163,-37.044717176384594,0.3335702056130847,1.3542606782453888,1.3265486763293382,0.3514872088579488,-2.488375157157817,0.0,0.0,-0.6546620117790505
scene-0061,CAM_BACK_RIGHT,20,3,car,0.507692277431488,-32.21972832897245,-32.32138870583508,0.4669667965559801,1.551972763621798,1.427145096021789,0.4294212044650064,1.54732168142696,-0.6255452429951993,0.0,0.0,-32.21972832897245,-32.32138870583508,0.4669667965559801,1.551972763621798,1.427145096021789,0.4294212044650064,1.54732168142696,0.0,0.0,-0.6255452429951993
scene-0061,CAM_BACK_RIGHT,20,4,car,0.8083832263946533,-31.420882211713668,-31.802527597459193,0.06712282464969171,2.7600241111295105,1.5271658917199833,1.4143403780805897,-2.3888586845631252,0.25928031698536014,0.0,0.0,-31.420882211713668,-31.802527597459193,0.06712282464969171,2.7600241111295105,1.5271658917199833,1.4143403780805897,-2.3888586845631252,0.0,0.0,0.25928031698536014
scene-0061,CAM_BACK_RIGHT,20,5,car,0.8672199249267578,-28.057078084861224,-41.981881088332344,-0.5316239081134629,5.4238504630819335,2.2716492761479437,1.9320576369717795,-2.360968998010224,1.2059159748045376,0.0,0.0,-28.057078084861224,-41.981881088332344,-0.5316239081134629,5.4238504630819335,2.2716492761479437,1.9320576369717795,-2.360968998010224,0.0,0.0,1.2059159748045376
scene-0061,CAM_BACK_RIGHT,20,0,bicycle,0.6952381134033203,-39.14693256820309,-31.88000658424234,-1.357092516920217,3.205439098744378,1.5978210839455116,2.1872538262662253,1.2250909055777703,2.0840591033340456,8.87784090909091e-05,0.0010000000000000002,-39.14693256820309,-31.88000658424234,-1.357092516920217,3.205439098744378,1.5978210839455116,2.1872538262662253,1.2250909055777703,8.87784090909091e-05,0.0010000000000000002,2.0840591033340456
scene-0061,CAM_FRONT,21,0,car,0.5704697966575623,39.70679184045991,28.721718202997394,1.0260567645375884,0.5334742600843612,0.5309618641058114,0.6750357131818134,-2.626476350680315,0.44811570745553997,0.0,0.0,39.70679184045991,28.721718202997394,1.0260567645375884,0.5334742600843612,0.5309618641058114,0.6750357131818134,-2.626476350680315,0.0,0.0,0.44811570745553997
scene-0061,CAM_FRONT,21,1,car,0.9532163739204407,15.324390858012677,-8.396882290831996,0.7174879385953697,4.460320218415527,2.055774984521644,1.6981725234463882,-2.54265345752502,0.11506569339950712,0.0702769996887644,1.1290000000000004,15.324390858012677,-8.396882290831996,0.7174879385953697,4.460320218415527,2.055774984521644,1.6981725234463882,-2.54265345752502,0.0702769996887644,1.1290000000000004,0.11506569339950712
scene-0061,CAM_FRONT,21,2,car,0.949367105960846,12.025656441602859,3.4753433097797917,1.113097121138456,4.106652714811283,2.4586422787555353,1.8437309777370527,-2.779661282686313,-0.11751931313426367,0.056368563685636856,1.0400000000000003,12.025656441602859,3.4753433097797917,1.113097121138456,4.106652714811283,2.4586422787555353,1.8437309777370527,-2.779661282686313,0.056368563685636856,1.0400000000000003,-0.11751931313426367
scene-0061,CAM_FRONT,21,0,truck,0.9569892287254333,19.560956637732478,-9.544437809607487,1.7786811947198164,6.7127206964231725,2.1814326953594296,3.470213363329317,-2.6538427623933782,-0.03232884512074019,0.01143632486916069,0.5900000000000002,19.560956637732478,-9.544437809607487,1.7786811947198164,6.7127206964231725,2.1814326953594296,3.470213363329317,-2.6538427623933782,0.01143632486916069,0.5900000000000002,-0.03232884512074019
scene-0061,CAM_FRONT,21,1,truck,0.9649122953414917,27.38690970431879,-4.351702167401664,1.8191492289025368,5.998863178368001,2.611628941369027,3.1313598401335865,-2.505525493550439,-0.13006942532706134,0.02901157981803143,1.4030000000000002,27.38690970431879,-4.351702167401664,1.8191492289025368,5.998863178368001,2.611628941369027,3.1313598401335865,-2.505525493550439,0.02901157981803143,1.4030000000000002,-0.13006942532706134
scene-0061,CAM_FRONT_LEFT,21,0,motorcycle,0.6444444060325623,4.150084854999541,5.2863386961164585,1.3812976163876356,1.3333674476827508,0.6415344890261299,0.8925693140677619,2.6404504481220394,-0.37284829508526096,0.5042735042735043,0.3540000000000001,4.150084854999541,5.2863386961164585,1.3812976163876356,1.3333674476827508,0.6415344890261299,0.8925693140677619,2.6404504481220394,0.5042735042735043,0.3540000000000001,-0.37284829508526096
scene-0061,CAM_FRONT_RIGHT,21,0,car,0.5631399154663086,7.134901495740876,-35.83822451666892,-0.2865809393226171,1.4609876933076507,0.9596267627726469,0.6816640256520237,2.5457429091282058,0.16516918655605384,0.0,0.0,7.134901495740876,-35.83822451666892,-0.2865809393226171,1.4609876933076507,0.9596267627726469,0.6816640256520237,2.5457429091282058,0.0,0.0,0.16516918655605384
scene-0061,CAM_FRONT_RIGHT,21,1,car,0.9532163739204407,14.661403186415559,-8.442217746175931,0.9065045534037083,4.778752868395129,2.0304818999323633,1.514328107790737,-2.4921370054970877,-0.0989742170452661,0.09284722222222222,1.3370000000000004,14.661403186415559,-8.442217746175931,0.9065045534037083,4.778752868395129,2.0304818999323633,1.514328107790737,-2.4921370054970877,0.09284722222222222,1.3370000000000004,-0.0989742170452661
scene-0061,CAM_FRONT_RIGHT,21,0,bus,0.7770034670829773,5.761391122889281,-56.46515709626053,-0.4800714129486534,9.42698792997794,2.993384564727698,3.28568372834895,2.5046534747977924,1.3949133515097252,0.0,0.0,5.761391122889281,-56.46515709626053,-0.4800714129486534,9.42698792997794,2.993384564727698,3.28568372834895,2.5046534747977924,0.0,0.0,1.3949133515097252
scene-0061,CAM_FRONT_RIGHT,21,0,truck,0.8128654956817627,17.45634986614767,-10.256761498617388,2.135755000495851,5.613440037913309,1.8854394719374028,2.929249118304604,-2.561514627922056,-0.600029789125684,0.02647783251231527,0.8170000000000002,17.45634986614767,-10.256761498617388,2.135755000495851,5.613440037913309,1.8854394719374028,2.929249118304604,-2.561514627922056,0.02647783251231527,0.8170000000000002,-0.600029789125684
scene-0061,CAM_FRONT_RIGHT,21,0,construction vehicle,0.827957034111023,5.376660542306628,-5.877746439550286,2.5107461397234307,4.80120309045263,2.702540904685648,3.92386165400153,1.906071937090439,-0.49683170292709544,0.1354067742956632,6.844000000000002,5.376660542306628,-5.877746439550286,2.5107461397234307,4.80120309045263,2.702540904685648,3.92386165400153,1.906071937090439,0.1354067742956632,6.844000000000002,-0.49683170292709544
scene-0061,CAM_FRONT_RIGHT,21,1,construction vehicle,0.5241636037826538,5.945300401816927,-14.185623690301579,1.3619550763930932,3.0040807216555043,1.8989248220886026,1.5897035000131996,-2.7316684183000457,-0.7094150931301534,0.13092105263157894,1.1940000000000002,5.945300401816927,-14.185623690301579,1.3619550763930932,3.0040807216555043,1.8989248220886026,1.5897035000131996,-2.7316684183000457,0.13092105263157894,1.1940000000000002,-0.7094150931301534
scene-0061,CAM_BACK,21,0,car,0.5775577425956726,-36.077451828986675,-27.56939227302618,-0.29491528100847497,2.836864731498892,1.8200909954685809,1.2330490666078862,-2.7253625535704398,-0.040494940536062174,0.006448412698412698,0.03900000000000001,-36.077451828986675,-27.56939227302618,-0.29491528100847497,2.836864731498892,1.8200909954685809,1.2330490666078862,-2.7253625535704398,0.006448412698412698,0.03900000000000001,-0.040494940536062174
scene-0061,CAM_BACK,21,1,car,0.6332378387451172,-39.39783160953104,-28.830250001298683,-0.6626971496700518,1.3359351273953521,1.433614335175271,1.4272177825618306,1.5464097277775826,0.3824778634988797,0.0,0.0,-39.39783160953104,-28.830250001298683,-0.6626971496700518,1.3359351273953521,1.433614335175271,1.4272177825618306,1.5464097277775826,0.0,0.0,0.3824778634988797
scene-0061,CAM_BACK_RIGHT,21,0,car,0.5586206912994385,-42.73171644104508,-40.54588127271901,-0.5729170953860234,3.5094129031607935,2.086180756532004,2.1867021030501785,-2.654307728234134,0.6693236598162335,0.0,0.0,-42.73171644104508,-40.54588127271901,-0.5729170953860234,3.5094129031607935,2.086180756532004,2.1867021030501785,-2.654307728234134,0.0,0.0,0.6693236598162335
scene-0061,CAM_BACK_RIGHT,21,1,car,0.8827838897705078,-26.50866390722553,-29.873011263775442,-0.5407332239736115,4.662845914854941,2.050726726534023,1.6572825433411416,-2.591188240866679,0.5371973334737721,0.00035758984444841767,0.006000000000000001,-26.50866390722553,-29.873011263775442,-0.5407332239736115,4.662845914854941,2.050726726534023,1.6572825433411416,-2.591188240866679,0.00035758984444841767,0.006000000000000001,0.5371973334737721
scene-0061,CAM_BACK_RIGHT,21,2,car,0.6640419960021973,5.8035173687951795,-31.103527445958917,0.28579777024365877,1.5784798447952788,0.7705115990044646,0.6971827048760516,2.338527185018721,-0.452333838231048,0.0,0.0,5.8035173687951795,-31.103527445958917,0.28579777024365877,1.5784798447952788,0.7705115990044646,0.6971827048760516,2.338527185018721,0.0,0.0,-0.452333838231048
scene-0061,CAM_BACK_RIGHT,21,3,car,0.8865247964859009,-48.59424025204993,-65.90801404787702,-2.532464296148464,6.743835851360387,4.057481724566994,3.2666802780577857,-2.4644824299140713,2.9484203352170297,0.0,0.0,-48.59424025204993,-65.90801404787702,-2.532464296148464,6.743835851360387,4.057481724566994,3.2666802780577857,-2.4644824299140713,0.0,0.0,2.9484203352170297
scene-0061,CAM_BACK_RIGHT,21,0,bus,0.8904109597206116,4.27713985505533,-50.15131375206331,-0.10239457683568554,9.534026801013916,2.8235650133632433,3.2096629298092467,2.2092823339189733,1.012526813930403,0.0015859962406015037,0.135,4.27713985505533,-50.15131375206331,-0.10239457683568554,9.534026801013916,2.8235650133632433,3.2096629298092467,2.2092823339189733,0.0015859962406015037,0.135,1.012526813930403
scene-0061,CAM_FRONT,22,0,car,0.5586206912994385,30.372612521618567,-14.378789579845105,1.2387747486106615,1.4222584074388074,0.8703522727768771,0.7334838972888119,-2.833721260384572,-0.8374787952970661,0.026077097505668934,0.023000000000000007,30.372612521618567,-14.378789579845105,1.2387747486106615,1.4222584074388074,0.8703522727768771,0.7334838972888119,-2.833721260384572,0.026077097505668934,0.023000000000000007,-0.8374787952970661
scene-0061,CAM_FRONT,22,1,car,0.9336099624633789,11.34584510910065,2.933457482262786,1.0062549313640652,3.9243689954481713,2.5058332942822465,1.8078253329898233,-2.8243640893807336,-0.03797246716254954,0.08495726495726495,1.4910000000000003,11.34584510910065,2.933457482262786,1.0062549313640652,3.9243689954481713,2.5058332942822465,1.8078253329898233,-2.8243640893807336,0.08495726495726495,1.4910000000000003,-0.03797246716254954
scene-0061,CAM_FRONT,22,2,car,0.6363636255264282,133.11293546286606,63.36395667842176,2.497211623108356,2.2300028434462718,2.0059394944518942,0.7664330456004707,-2.954439381063331,-0.9133575213438876,0.0,0.0,133.11293546286606,63.36395667842176,2.497211623108356,2.2300028434462718,2.0059394944518942,0.7664330456004707,-2.954439381063331,0.0,0.0,-0.9133575213438876
scene-0061,CAM_FRONT,22,3,car,0.7299578189849854,139.60051699062385,71.30298192739416,1.8412121447528857,1.7752333851672404,1.7558076766268158,0.9578739973425083,-2.4257702392277407,0.23225376741629322,0.0,0.0,139.60051699062385,71.30298192739416,1.8412121447528857,1.7752333851672404,1.7558076766268158,0.9578739973425083,-2.4257702392277407,0.0,0.0,0.23225376741629322
scene-0061,CAM_FRONT,22,4,car,0.5661016702651978,31.857122108682322,-13.454232768493236,1.2350761652112232,1.5493071420713243,0.8978670171755354,0.7416046818551254,1.4182273884206447,-0.8067221571894299,0.01904761904761905,0.018000000000000006,31.857122108682322,-13.454232768493236,1.2350761652112232,1.5493071420713243,0.8978670171755354,0.7416046818551254,1.4182273884206447,0.01904761904761905,0.018000000000000006,-0.8067221571894299
scene-0061,CAM_FRONT,22,0,bicycle,0.5775577425956726,39.22100443519206,23.363027844734614,1.4628817469300395,2.209934801749881,1.0857164311220941,1.4249821197396804,2.1267831904699475,-0.07587466485484651,0.0,0.0,39.22100443519206,23.363027844734614,1.4628817469300395,2.209934801749881,1.0857164311220941,1.4249821197396804,2.1267831904699475,0.0,0.0,-0.07587466485484651
scene-0061,CAM_FRONT,22,0,truck,0.9649122953414917,24.771263069286725,-6.832324326144407,1.7012830389067224,5.979375740428942,2.658148067676855,3.097080004274881,-2.5705839253160616,-0.08185228230799346,0.03667861409796894,1.8420000000000005,24.771263069286725,-6.832324326144407,1.7012830389067224,5.979375740428942,2.658148067676855,3.097080004274881,-2.5705839253160616,0.03667861409796894,1.8420000000000005,-0.08185228230799346
scene-0061,CAM_FRONT,22,1,truck,0.949367105960846,18.216002662060387,-9.793171746519088,1.799953213371831,2.123470456958186,2.1202018695008356,3.2319448363640535,1.3264819813853885,-0.1955148900002901,0.03861961451247165,0.545,18.216002662060387,-9.793171746519088,1.799953213371831,2.123470456958186,2.1202018695008356,3.2319448363640535,1.3264819813853885,0.03861961451247165,0.545,-0.1955148900002901
scene-0061,CAM_FRONT_LEFT,22,0,motorcycle,0.7730495929718018,3.440120164026572,5.0654745262539125,1.4719145312415538,1.5081390819239315,0.5873253874701643,0.8512637501917903,-3.058599636730389,-0.5003398727899457,0.5271604938271605,0.42700000000000005,3.440120164026572,5.0654745262539125,1.4719145312415538,1.5081390819239315,0.5873253874701643,0.8512637501917903,-3.058599636730389,0.5271604938271605,0.42700000000000005,-0.5003398727899457
scene-0061,CAM_FRONT_RIGHT,22,0,car,0.96875,12.01713209173132,-9.773459654424958,0.8202297642584395,4.9765505195088675,2.1217747423030673,1.6316219524828997,-2.5600251894290498,-0.01703767246122645,0.12839285714285714,2.1570000000000005,12.01713209173132,-9.773459654424958,0.8202297642584395,4.9765505195088675,2.1217747423030673,1.6316219524828997,-2.5600251894290498,0.12839285714285714,2.1570000000000005,-0.01703767246122645
scene-0061,CAM_FRONT_RIGHT,22,1,car,0.5241636037826538,30.499149997193896,-14.422614982523296,1.1216603208217013,1.4538653963128496,0.909369624233132,0.6684420655304569,2.7318403755035408,-0.5699035985833207,0.01798941798941799,0.017,30.499149997193896,-14.422614982523296,1.1216603208217013,1.4538653963128496,0.909369624233132,0.6684420655304569,2.7318403755035408,0.01798941798941799,0.017,-0.5699035985833207
scene-0061,CAM_FRONT_RIGHT,22,0,construction vehicle,0.5428571701049805,14.113048656438545,-11.220582999416642,1.7078297671960312,9.4505271357176,3.4089147762021703,3.5773561712533035,-2.597061563363058,0.09636440584345474,0.10393016855865153,12.085000000000003,14.113048656438545,-11.220582999416642,1.7078297671960312,9.4505271357176,3.4089147762021703,3.5773561712533035,-2.597061563363058,0.10393016855865153,12.085000000000003,0.09636440584345474
scene-0061,CAM_FRONT_RIGHT,22,1,construction vehicle,0.7575758099555969,2.5989493539887145,-5.274479559981824,2.41093391445139,2.9495849125125004,2.117129797219939,3.3431368364820404,-2.8224873256893903,-0.677748434714589,0.19221774394188187,3.863000000000001,2.5989493539887145,-5.274479559981824,2.41093391445139,2.9495849125125004,2.117129797219939,3.3431368364820404,-2.8224873256893903,0.19221774394188187,3.863000000000001,-0.677748434714589
scene-0061,CAM_BACK,22,0,car,0.8672199249267578,-55.69704381578215,-47.46991890002526,-0.8281790978247126,7.34477343808426,3.4743490522227845,2.2687006044209865,1.2867838863373915,1.5812722534382972,0.0,0.0,-55.69704381578215,-47.46991890002526,-0.8281790978247126,7.34477343808426,3.4743490522227845,2.2687006044209865,1.2867838863373915,0.0,0.0,1.5812722534382972
scene-0061,CAM_BACK,22,1,car,0.8358974456787109,-34.80527039620516,-20.846464293430266,0.266012858741147,3.144861681070253,1.8251850913573247,1.5902784117613358,-2.6748812762237497,0.02201372487847353,0.010192652329749105,0.09100000000000004,-34.80527039620516,-20.846464293430266,0.266012858741147,3.144861681070253,1.8251850913573247,1.5902784117613358,-2.6748812762237497,0.010192652329749105,0.09100000000000004,0.02201372487847353
scene-0061,CAM_BACK,22,2,car,0.6831682920455933,-43.41823659461772,-33.11310894334996,0.16704730374513055,2.416662425603093,1.3709721780302981,1.3948149871668205,-2.6540487706623077,0.04483684675203703,0.0,0.0,-43.41823659461772,-33.11310894334996,0.16704730374513055,2.416662425603093,1.3709721780302981,1.3948149871668205,-2.6540487706623077,0.0,0.0,0.04483684675203703
scene-0061,CAM_BACK_LEFT,22,0,car,0.5775577425956726,0.6230076070512207,12.404157173017438,2.2627703954926295,0.48043163709025904,0.28791517732734917,0.23584142209258063,2.7764421986963006,-1.0247992541484878,0.4,0.012000000000000004,0.6230076070512207,12.404157173017438,2.2627703954926295,0.48043163709025904,0.28791517732734917,0.23584142209258063,2.7764421986963006,0.4,0.012000000000000004,-1.0247992541484878
scene-0061,CAM_BACK_LEFT,22,1,car,0.5897435545921326,-0.0933974660361519,12.110442971152727,2.2320673350033404,0.45995249557375617,0.27942595218227595,0.24721806897708154,2.85927613931564,-1.0630678137975753,0.5,0.015000000000000003,-0.0933974660361519,12.110442971152727,2.2320673350033404,0.45995249557375617,0.27942595218227595,0.24721806897708154,2.85927613931564,0.5,0.015000000000000003,-1.0630678137975753
scene-0061,CAM_BACK_LEFT,22,0,construction vehicle,0.5241636037826538,-28.70908513519292,35.119815533728215,3.1683904304765056,5.010383007223432,2.9974003269906433,2.796880641824161,1.8456276334282926,0.2219547452100501,0.006714285714285714,0.28200000000000003,-28.70908513519292,35.119815533728215,3.1683904304765056,5.010383007223432,2.9974003269906433,2.796880641824161,1.8456276334282926,0.006714285714285714,0.28200000000000003,0.2219547452100501
scene-0061,CAM_BACK_RIGHT,22,0,car,0.7968254089355469,-34.154470456708054,-28.969887315371846,-0.3398229881071678,4.904346198740555,2.1664830796608374,1.7148090089800425,-2.5992937587692486,0.7056319263244535,0.0065480737749645315,0.12000000000000004,-34.154470456708054,-28.969887315371846,-0.3398229881071678,4.904346198740555,2.1664830796608374,1.7148090089800425,-2.5992937587692486,0.0065480737749645315,0.12000000000000004,0.7056319263244535
scene-0061,CAM_BACK_RIGHT,22,1,car,0.8439024686813354,-38.729303409466795,-39.48729302440303,-0.7201398261332512,3.655521075390155,1.9065676667848326,1.6098987119139467,-2.384609152803675,1.035099901389541,0.0,0.0,-38.729303409466795,-39.48729302440303,-0.7201398261332512,3.655521075390155,1.9065676667848326,1.6098987119139467,-2.384609152803675,0.0,0.0,1.035099901389541
scene-0061,CAM_BACK_RIGHT,22,0,bus,0.8400000333786011,-2.2277543260386006,-51.77059795030841,0.1626099650531787,8.320410123214408,2.441005142548235,2.500479270697118,2.294749002445319,0.8456808272930609,0.0001606425702811245,0.008000000000000002,-2.2277543260386006,-51.77059795030841,0.1626099650531787,8.320410123214408,2.441005142548235,2.500479270697118,2.294749002445319,0.0001606425702811245,0.008000000000000002,0.8456808272930609
scene-0061,CAM_BACK_RIGHT,22,0,construction vehicle,0.604938268661499,1.7937335766785014,-5.232443549044533,1.489835500469659,1.4310935087332308,0.7691420576351344,1.4339321278076773,0.891649914247852,-0.6582576618828218,0.15752551020408162,0.24700000000000003,1.7937335766785014,-5.232443549044533,1.489835500469659,1.4310935087332308,0.7691420576351344,1.4339321278076773,0.891649914247852,0.15752551020408162,0.24700000000000003,-0.6582576618828218
scene-0061,CAM_BACK_RIGHT,22,1,construction vehicle,0.5114504098892212,1.5813663911970672,-14.737989125436398,0.8613273358612784,2.0899457530343404,1.3856272586507323,2.0283361571701937,-3.089428842254844,-0.035686588032369015,0.02772108843537415,0.16300000000000006,1.5813663911970672,-14.737989125436398,0.8613273358612784,2.0899457530343404,1.3856272586507323,2.0283361571701937,-3.089428842254844,0.02772108843537415,0.16300000000000006,-0.035686588032369015
scene-0061,CAM_FRONT,23,0,car,0.949367105960846,10.72795403276899,2.2999434468605413,1.0336562444728359,3.7609392195627827,2.2370453166490054,1.8304921492200341,-2.908010991076548,-0.11812691368968498,0.0685805422647528,1.0320000000000003,10.72795403276899,2.2999434468605413,1.0336562444728359,3.7609392195627827,2.2370453166490054,1.8304921492200341,-2.908010991076548,0.0685805422647528,1.0320000000000003,-0.11812691368968498
scene-0061,CAM_FRONT,23,1,car,0.6908212304115295,124.75132494658223,47.388987543064836,-0.44451390986639605,2.101157079136499,1.7115424098596463,1.5663036130468913,-2.5909851195391598,2.5174383461276957,0.0,0.0,124.75132494658223,47.388987543064836,-0.44451390986639605,2.101157079136499,1.7115424098596463,1.5663036130468913,-2.5909851195391598,0.0,0.0,2.5174383461276957
scene-0061,CAM_FRONT,23,2,car,0.5038759708404541,43.558371679648346,-10.568641647080538,1.5106151896973112,1.9960073513980303,1.2118279287792006,0.6153504436909858,1.1903060295963785,-1.179927299957455,0.015277777777777777,0.022000000000000006,43.558371679648346,-10.568641647080538,1.5106151896973112,1.9960073513980303,1.2118279287792006,0.6153504436909858,1.1903060295963785,0.015277777777777777,0.022000000000000006,-1.179927299957455
scene-0061,CAM_FRONT,23,0,truck,0.9569892287254333,22.108021543414598,-9.163236254639807,1.504640758516499,6.434126569862123,2.4547996299138823,3.260320041357905,-2.7460121616534443,0.016566605774170906,0.045246212121212125,2.3890000000000007,22.108021543414598,-9.163236254639807,1.504640758516499,6.434126569862123,2.4547996299138823,3.260320041357905,-2.7460121616534443,0.045246212121212125,2.3890000000000007,0.016566605774170906
scene-0061,CAM_FRONT_LEFT,23,0,motorcycle,0.7928802371025085,2.8340176974592186,6.85453047809187,1.398686822342109,2.139938652040584,1.009552521714343,1.409758005425839,2.650629651598597,0.05013080522966673,0.22959183673469388,0.6750000000000002,2.8340176974592186,6.85453047809187,1.398686822342109,2.139938652040584,1.009552521714343,1.409758005425839,2.650629651598597,0.22959183673469388,0.6750000000000002,0.05013080522966673
scene-0061,CAM_FRONT_RIGHT,23,0,car,0.9298245906829834,3.067628001175236,-16.242540130387994,0.3683396901630198,4.257061516235694,1.8987042249880837,1.4459200280241444,-2.6160543168072117,0.1426812870028915,0.04528763769889841,0.5180000000000001,3.067628001175236,-16.242540130387994,0.3683396901630198,4.257061516235694,1.8987042249880837,1.4459200280241444,-2.6160543168072117,0.04528763769889841,0.5180000000000001,0.1426812870028915
scene-0061,CAM_FRONT_RIGHT,23,1,car,0.5747508406639099,28.358874742028906,-16.86586207792443,1.0950535107990953,1.4799007013307364,0.9807243820589555,0.694026060363377,-2.499880719109126,-0.8594381493366985,0.005714285714285714,0.006000000000000002,28.358874742028906,-16.86586207792443,1.0950535107990953,1.4799007013307364,0.9807243820589555,0.694026060363377,-2.499880719109126,0.005714285714285714,0.006000000000000002,-0.8594381493366985
scene-0061,CAM_FRONT_RIGHT,23,2,car,0.9649122953414917,8.831373934779121,-10.73073895463153,0.7803282247811714,4.746273242923351,2.022644283286331,1.5970298196421115,-2.7049025118316927,-0.10030901770364586,0.13264627659574468,1.9950000000000003,8.831373934779121,-10.73073895463153,0.7803282247811714,4.746273242923351,2.022644283286331,1.5970298196421115,-2.7049025118316927,0.13264627659574468,1.9950000000000003,-0.10030901770364586
scene-0061,CAM_FRONT_RIGHT,23,3,car,0.6995305418968201,27.34434318245621,-17.122636827481212,1.064645049261919,1.976139546901635,0.9384680951887887,0.829029268900541,-2.450366451522755,-0.7652551172652619,0.01875,0.027000000000000007,27.34434318245621,-17.122636827481212,1.064645049261919,1.976139546901635,0.9384680951887887,0.829029268900541,-2.450366451522755,0.01875,0.027000000000000007,-0.7652551172652619
scene-0061,CAM_FRONT_RIGHT,23,0,truck,0.949367105960846,20.98669940518015,-9.7557520445506,1.3709417631700123,4.224169947613724,2.10696426396418,2.980238654466377,-2.8473845648881175,-0.002737567744151015,0.037528344671201815,0.9930000000000003,20.98669940518015,-9.7557520445506,1.3709417631700123,4.224169947613724,2.10696426396418,2.980238654466377,-2.8473845648881175,0.037528344671201815,0.9930000000000003,-0.002737567744151015
scene-0061,CAM_FRONT_RIGHT,23,0,trailer,0.5151515007019043,10.832511601481487,-12.838592060563121,1.620921246328531,9.322896972452648,2.8860488288487893,3.452510798086635,-2.6785126242370545,-0.03981768594545354,0.0900259547645532,8.498000000000001,10.832511601481487,-12.838592060563121,1.620921246328531,9.322896972452648,2.8860488288487893,3.452510798086635,-2.6785126242370545,0.0900259547645532,8.498000000000001,-0.03981768594545354
scene-0061,CAM_BACK,23,0,car,0.6132930517196655,-61.47361636007377,-25.287157979028308,-0.19177480717640283,2.230094317308108,2.1046327770451008,0.6171872338162936,-3.1342760195539086,0.12598908725059577,0.0,0.0,-61.47361636007377,-25.287157979028308,-0.19177480717640283,2.230094317308108,2.1046327770451008,0.6171872338162936,-3.1342760195539086,0.0,0.0,0.12598908725059577
scene-0061,CAM_BACK,23,1,car,0.8083832263946533,-44.490741358138045,-19.149470401834815,0.21353420286729508,4.96855870896939,2.2817003423998,1.7882694235581003,-2.866062928824158,0.3128563611341977,0.0,0.0,-44.490741358138045,-19.149470401834815,0.21353420286729508,4.96855870896939,2.2817003423998,1.7882694235581003,-2.866062928824158,0.0,0.0,0.3128563611341977
scene-0061,CAM_BACK,23,2,car,0.8672199249267578,-9.948401824288357,-6.386521361596059,1.0068110629856895,1.204100408885795,0.5399730234119489,0.43358003024974134,-2.5349810468746083,-0.9321123519246157,0.225,0.05400000000000001,-9.948401824288357,-6.386521361596059,1.0068110629856895,1.204100408885795,0.5399730234119489,0.43358003024974134,-2.5349810468746083,0.225,0.05400000000000001,-0.9321123519246157
scene-0061,CAM_BACK_LEFT,23,0,motorcycle,0.8048780560493469,2.106970359689461,4.79331711532429,1.3281402114778533,1.1759161231455515,0.6696603713301794,0.7839271563132343,-3.0203849478602693,-0.4160862321485983,0.5029761904761905,0.3380000000000001,2.106970359689461,4.79331711532429,1.3281402114778533,1.1759161231455515,0.6696603713301794,0.7839271563132343,-3.0203849478602693,0.5029761904761905,0.3380000000000001,-0.4160862321485983
scene-0061,CAM_BACK_LEFT,23,0,truck,0.604938268661499,-27.70316309622406,38.263073002608465,3.3683555421558857,4.545435682833286,2.770221857517009,2.799118605743036,2.090100686421755,0.4541983743630933,0.0007369614512471656,0.026000000000000006,-27.70316309622406,38.263073002608465,3.3683555421558857,4.545435682833286,2.770221857517009,2.799118605743036,2.090100686421755,0.0007369614512471656,0.026000000000000006,0.4541983743630933
scene-0061,CAM_BACK_RIGHT,23,0,car,0.7730495929718018,-52.01243053615957,-40.39175291870945,-0.9865484292244789,3.075450797627944,1.3209965433827193,3.020566021166064,1.4374849729372403,2.514811046793557,0.0,0.0,-52.01243053615957,-40.39175291870945,-0.9865484292244789,3.075450797627944,1.3209965433827193,3.020566021166064,1.4374849729372403,0.0,0.0,2.514811046793557
scene-0061,CAM_BACK_RIGHT,23,1,car,0.9452055096626282,4.51974748240378,-28.33624023416742,-0.3220016617216972,7.45562221626901,3.4486645588283977,2.8620323997914365,-2.64328834610016,1.8307048568852835,0.010872210953346857,0.8040000000000003,4.51974748240378,-28.33624023416742,-0.3220016617216972,7.45562221626901,3.4486645588283977,2.8620323997914365,-2.64328834610016,0.010872210953346857,0.8040000000000003,1.8307048568852835
scene-0061,CAM_BACK_RIGHT,23,0,construction vehicle,0.859649121761322,0.10597760986296309,-6.318675822762005,2.6080392436543542,4.72104681762155,3.1961791036918354,4.8751318947401305,1.920635187136628,0.5561751536134771,0.11620712114633087,8.564000000000002,0.10597760986296309,-6.318675822762005,2.6080392436543542,4.72104681762155,3.1961791036918354,4.8751318947401305,1.920635187136628,0.11620712114633087,8.564000000000002,0.5561751536134771
scene-0061,CAM_FRONT,24,0,car,0.949367105960846,10.125797295090527,1.7170363559018285,1.121427067125444,3.7836546405349747,2.173476753048643,1.8269954734427716,-2.9706299821961077,-0.12172323697353915,0.058545986177565124,0.8810000000000002,10.125797295090527,1.7170363559018285,1.121427067125444,3.7836546405349747,2.173476753048643,1.8269954734427716,-2.9706299821961077,0.058545986177565124,0.8810000000000002,-0.12172323697353915
scene-0061,CAM_FRONT,24,0,truck,0.9139785170555115,19.977121085512966,-10.740554507861045,1.430364220280087,4.376604925797475,1.6411332935832643,3.0402785893193736,-2.9650798589309635,-0.013878043634735882,0.023484848484848483,0.49600000000000005,19.977121085512966,-10.740554507861045,1.430364220280087,4.376604925797475,1.6411332935832643,3.0402785893193736,-2.9650798589309635,0.023484848484848483,0.49600000000000005,-0.013878043634735882
scene-0061,CAM_FRONT_RIGHT,24,0,car,0.9609756469726562,5.509645150262,-11.329230021700162,0.6478395251885524,4.742182092261829,1.9964914247085073,1.621501213086993,-2.8455971433972587,-0.04686079021182832,0.13922872340425532,2.0940000000000003,5.509645150262,-11.329230021700162,0.6478395251885524,4.742182092261829,1.9964914247085073,1.621501213086993,-2.8455971433972587,0.13922872340425532,2.0940000000000003,-0.04686079021182832
scene-0061,CAM_FRONT_RIGHT,24,1,car,0.7815700173377991,15.276943205938744,-14.896402201904282,1.3291965242531063,1.4993796249626534,0.9647554601656054,0.4485025289415918,1.9518253554128575,-1.2817345137324294,0.195,0.11700000000000002,15.276943205938744,-14.896402201904282,1.3291965242531063,1.4993796249626534,0.9647554601656054,0.4485025289415918,1.9518253554128575,0.195,0.11700000000000002,-1.2817345137324294
scene-0061,CAM_FRONT_RIGHT,24,0,truck,0.9569892287254333,18.666660854114326,-11.400942817679535,1.5777150335154846,5.9101224753719706,3.012295715082441,3.0858366149756034,-2.6847653401656486,-0.1096759848987614,0.05088390741753235,2.7920000000000007,18.666660854114326,-11.400942817679535,1.5777150335154846,5.9101224753719706,3.012295715082441,3.0858366149756034,-2.6847653401656486,0.05088390741753235,2.7920000000000007,-0.1096759848987614
scene-0061,CAM_FRONT_RIGHT,24,1,truck,0.949367105960846,7.209304805180667,-13.477061392147558,1.4792498921833004,9.785463103294335,2.9923504021365925,3.6248408006636916,-2.754983309453772,0.1229977059386913,0.12111678004535148,12.819000000000004,7.209304805180667,-13.477061392147558,1.4792498921833004,9.785463103294335,2.9923504021365925,3.6248408006636916,-2.754983309453772,0.12111678004535148,12.819000000000004,0.1229977059386913
scene-0061,CAM_BACK,24,0,car,0.8358974456787109,-40.32757612264758,-19.46835417620044,-0.10280482725912798,3.2531345062917225,1.4463973998718629,1.1320837475253485,1.4890056502061306,0.4620640470939992,0.0035419126328217238,0.018000000000000006,-40.32757612264758,-19.46835417620044,-0.10280482725912798,3.2531345062917225,1.4463973998718629,1.1320837475253485,1.4890056502061306,0.0035419126328217238,0.018000000000000006,0.4620640470939992
scene-0061,CAM_BACK,24,1,car,0.5276752710342407,-47.62012551586933,-20.247613281410523,-0.09943751042900462,2.615976134025722,1.9071748156145443,1.8016096117612546,-3.0710295215283785,0.7722286369244467,0.0,0.0,-47.62012551586933,-20.247613281410523,-0.09943751042900462,2.615976134025722,1.9071748156145443,1.8016096117612546,-3.0710295215283785,0.0,0.0,0.7722286369244467
scene-0061,CAM_BACK,24,2,car,0.7500000596046448,-41.730809499033974,-12.42422918004129,0.09209860238507961,3.505965799117135,1.622289205380822,1.4409486984091249,-2.9653635332804225,0.32459018430422404,0.004591836734693878,0.03600000000000001,-41.730809499033974,-12.42422918004129,0.09209860238507961,3.505965799117135,1.622289205380822,1.4409486984091249,-2.9653635332804225,0.004591836734693878,0.03600000000000001,0.32459018430422404
scene-0061,CAM_BACK_LEFT,24,0,motorcycle,0.7887788414955139,1.2151406332483123,4.31025005543917,1.4605800708204821,1.0182165581205764,0.4433703809869245,0.6387236326778842,-3.0022770459664923,-0.638653228198276,0.6666666666666666,0.16000000000000003,1.2151406332483123,4.31025005543917,1.4605800708204821,1.0182165581205764,0.4433703809869245,0.6387236326778842,-3.0022770459664923,0.6666666666666666,0.16000000000000003,-0.638653228198276
scene-0061,CAM_BACK_RIGHT,24,0,car,0.6012461185455322,3.8700559769131924,-14.697743125334007,0.09423665224531685,0.25548438213734137,0.22437778154234067,0.6875359736789202,1.0727780053833273,0.011981329277408914,0.0,0.0,3.8700559769131924,-14.697743125334007,0.09423665224531685,0.25548438213734137,0.22437778154234067,0.6875359736789202,1.0727780053833273,0.0,0.0,0.011981329277408914
scene-0061,CAM_BACK_RIGHT,24,1,car,0.9569892287254333,-0.7645603533319033,-16.69544237234294,0.5363836141574514,4.396409015388988,2.1298569493480954,1.4891770608243453,-2.8119900333416834,-0.025199213488854788,0.06645021645021645,0.9210000000000003,-0.7645603533319033,-16.69544237234294,0.5363836141574514,4.396409015388988,2.1298569493480954,1.4891770608243453,-2.8119900333416834,0.06645021645021645,0.9210000000000003,-0.025199213488854788
scene-0061,CAM_BACK_RIGHT,24,0,truck,0.7460317611694336,4.2855117233914255,-15.238983877745985,0.8630047749079361,2.965535214112227,1.9038735958449635,2.534331863454806,-2.8939562557246825,0.1823309973937315,0.051789473684210524,0.7380000000000001,4.2855117233914255,-15.238983877745985,0.8630047749079361,2.965535214112227,1.9038735958449635,2.534331863454806,-2.8939562557246825,0.051789473684210524,0.7380000000000001,0.1823309973937315
scene-0061,CAM_BACK_RIGHT,24,0,construction vehicle,0.9259259104728699,-2.4553771372822175,-6.338344241971337,2.446360643970253,5.694166890794627,3.005252036533369,5.392627358347743,1.6782232317867771,0.3378446734825795,0.13919211609270088,12.853000000000002,-2.4553771372822175,-6.338344241971337,2.446360643970253,5.694166890794627,3.005252036533369,5.392627358347743,1.6782232317867771,0.13919211609270088,12.853000000000002,0.3378446734825795
scene-0061,CAM_FRONT,25,0,car,0.6246334314346313,39.9808762656376,-18.785157114864553,1.5050597388064095,2.2498482028840368,1.0406479799512454,0.8153586357668088,1.179966337703456,-1.245626113176118,0.0,0.0,39.9808762656376,-18.785157114864553,1.5050597388064095,2.2498482028840368,1.0406479799512454,0.8153586357668088,1.179966337703456,0.0,0.0,-1.245626113176118
scene-0061,CAM_FRONT,25,1,car,0.9452055096626282,9.722093793348275,1.323805324627841,1.153696947910059,3.800716824493887,2.255617612948858,1.8433659265772036,-3.0262553281427036,-0.1517855963119784,0.0914696160691584,1.4390000000000003,9.722093793348275,1.323805324627841,1.153696947910059,3.800716824493887,2.255617612948858,1.8433659265772036,-3.0262553281427036,0.0914696160691584,1.4390000000000003,-0.1517855963119784
scene-0061,CAM_FRONT,25,2,car,0.5704697966575623,40.505799144401756,-16.85346584511808,1.6548418796246938,2.4177067139385313,1.4535307509921722,0.7426706284131646,1.2399848342371576,-1.3910498997830025,0.01746031746031746,0.04400000000000001,40.505799144401756,-16.85346584511808,1.6548418796246938,2.4177067139385313,1.4535307509921722,0.7426706284131646,1.2399848342371576,0.01746031746031746,0.04400000000000001,-1.3910498997830025
scene-0061,CAM_FRONT_RIGHT,25,0,car,0.9452055096626282,3.09310664225539,-11.557285365561894,0.598275377551843,4.160166284871082,1.7969853545166856,1.4002286700760598,-2.890715695190338,-0.15984850007530604,0.11526832955404384,1.2200000000000004,3.09310664225539,-11.557285365561894,0.598275377551843,4.160166284871082,1.7969853545166856,1.4002286700760598,-2.890715695190338,0.11526832955404384,1.2200000000000004,-0.15984850007530604
scene-0061,CAM_FRONT_RIGHT,25,1,car,0.5241636037826538,18.787835000318328,-21.45597864996167,0.6983682925717789,1.5338663389952565,1.1770462875701209,0.5063932657190079,2.1587069228891944,-0.8728678877396188,0.04,0.03600000000000001,18.787835000318328,-21.45597864996167,0.6983682925717789,1.5338663389952565,1.1770462875701209,0.5063932657190079,2.1587069228891944,0.04,0.03600000000000001,-0.8728678877396188
scene-0061,CAM_FRONT_RIGHT,25,2,car,0.6831682920455933,31.853335522193273,-14.94091615926266,1.4727487655545048,2.285341887978701,1.177138316137011,0.7206447009586532,-2.47456716203444,-1.2928734868658736,0.043478260869565216,0.08400000000000002,31.853335522193273,-14.94091615926266,1.4727487655545048,2.285341887978701,1.177138316137011,0.7206447009586532,-2.47456716203444,0.043478260869565216,0.08400000000000002,-1.2928734868658736
scene-0061,CAM_FRONT_RIGHT,25,3,car,0.7887788414955139,17.206716380678603,-21.834131236349382,0.7119112112962266,2.5683943568692946,1.1902192172575816,0.8581228755527566,-2.9397024469402275,-0.7118608800109372,0.02207977207977208,0.06200000000000001,17.206716380678603,-21.834131236349382,0.7119112112962266,2.5683943568692946,1.1902192172575816,0.8581228755527566,-2.9397024469402275,0.02207977207977208,0.06200000000000001,-0.7118608800109372
scene-0061,CAM_FRONT_RIGHT,25,0,truck,0.9569892287254333,15.955846318032233,-12.622258025506566,1.3904029063290753,6.033750091392105,2.9341306785303694,3.14467529240953,-2.792516140969798,-0.06565106339465032,0.06800148312940305,3.668000000000001,15.955846318032233,-12.622258025506566,1.3904029063290753,6.033750091392105,2.9341306785303694,3.14467529240953,-2.792516140969798,0.06800148312940305,3.668000000000001,-0.06565106339465032
scene-0061,CAM_FRONT_RIGHT,25,0,trailer,0.5311355590820312,5.537743726661545,-14.015393013657672,1.3289355796482136,8.102882142977961,2.5788936403683422,3.521061927752601,-2.9585580607528286,0.12916237031207123,0.08412698412698413,6.201000000000002,5.537743726661545,-14.015393013657672,1.3289355796482136,8.102882142977961,2.5788936403683422,3.521061927752601,-2.9585580607528286,0.08412698412698413,6.201000000000002,0.12916237031207123
scene-0061,CAM_BACK,25,0,car,0.5857605338096619,-61.45244308461976,-20.304078465475136,-0.07790368295770939,3.827575818833793,2.299042898702659,2.0814064603098488,-3.1147765143691344,0.5689681053390436,0.0,0.0,-61.45244308461976,-20.304078465475136,-0.07790368295770939,3.827575818833793,2.299042898702659,2.0814064603098488,-3.1147765143691344,0.0,0.0,0.5689681053390436
scene-0061,CAM_BACK,25,1,car,0.827957034111023,-47.104314683767626,-17.92052990759655,-0.8200474400869082,3.922422315258814,1.7590020529337025,1.3970529095593833,-3.1309745797717454,1.0774195340954207,0.0,0.0,-47.104314683767626,-17.92052990759655,-0.8200474400869082,3.922422315258814,1.7590020529337025,1.3970529095593833,-3.1309745797717454,0.0,0.0,1.0774195340954207
scene-0061,CAM_BACK,25,2,car,0.8518518805503845,-24.992151230551677,-5.283791346145628,0.8716760966878775,1.9954586830318704,0.9086328356244673,0.7656845145328368,-3.139044627667443,-0.7629521436740836,0.06180555555555556,0.08900000000000002,-24.992151230551677,-5.283791346145628,0.8716760966878775,1.9954586830318704,0.9086328356244673,0.7656845145328368,-3.139044627667443,0.06180555555555556,0.08900000000000002,-0.7629521436740836
scene-0061,CAM_BACK,25,0,construction vehicle,0.8439024686813354,-4.63236723408386,-4.52550123329471,2.841337474159321,2.179173782858257,1.4941706544123763,3.940476126309696,2.6392818651186953,-0.10136252497999787,0.21468531468531468,2.7630000000000003,-4.63236723408386,-4.52550123329471,2.841337474159321,2.179173782858257,1.4941706544123763,3.940476126309696,2.6392818651186953,0.21468531468531468,2.7630000000000003,-0.10136252497999787
scene-0061,CAM_BACK_LEFT,25,0,motorcycle,0.7575758099555969,0.36491144810272186,4.136370596712781,1.568955765708773,1.117275971058651,0.4503446913966611,0.6592868788418502,3.0298468169013844,-0.7167405241485656,0.6337662337662338,0.24400000000000005,0.36491144810272186,4.136370596712781,1.568955765708773,1.117275971058651,0.4503446913966611,0.6592868788418502,3.0298468169013844,0.6337662337662338,0.24400000000000005,-0.7167405241485656
scene-0061,CAM_BACK_RIGHT,25,0,car,0.9569892287254333,2.393031740493488,-11.770098857741976,0.4159940959824584,4.2440655793502735,1.822791509810747,1.5171665071785227,-2.965740910444648,0.01279183008833984,0.10802469135802469,1.2250000000000003,2.393031740493488,-11.770098857741976,0.4159940959824584,4.2440655793502735,1.822791509810747,1.5171665071785227,-2.965740910444648,0.10802469135802469,1.2250000000000003,0.01279183008833984
scene-0061,CAM_BACK_RIGHT,25,1,car,0.949367105960846,-3.735903693123858,-16.49389087920422,0.3625088419654626,4.348757690472701,2.005199997683569,1.498498011204574,-2.9593851595410823,-0.03474025361476252,0.08744186046511628,1.1280000000000003,-3.735903693123858,-16.49389087920422,0.3625088419654626,4.348757690472701,2.005199997683569,1.498498011204574,-2.9593851595410823,0.08744186046511628,1.1280000000000003,-0.03474025361476252
scene-0061,CAM_BACK_RIGHT,25,0,truck,0.8947368264198303,2.282900561890858,-14.787963022236783,1.6746340806290276,5.167762838063247,1.8386170803628268,3.0458646561406386,-3.0330028365222406,-0.5089658540639879,0.09362535612535612,2.6290000000000004,2.282900561890858,-14.787963022236783,1.6746340806290276,5.167762838063247,1.8386170803628268,3.0458646561406386,-3.0330028365222406,0.09362535612535612,2.6290000000000004,-0.5089658540639879
scene-0061,CAM_BACK_RIGHT,25,0,construction vehicle,0.9179486632347107,-4.589729458708379,-5.857586865592743,2.541999257935048,4.181197921967923,2.834491901283398,5.797636981180252,1.7085979193389484,0.4613344424491226,0.11978067088904527,8.170000000000002,-4.589729458708379,-5.857586865592743,2.541999257935048,4.181197921967923,2.834491901283398,5.797636981180252,1.7085979193389484,0.11978067088904527,8.170000000000002,0.4613344424491226
scene-0061,CAM_BACK_RIGHT,25,1,construction vehicle,0.5151515007019043,-7.5598435803195825,-15.098520425513842,0.7022636618482379,4.513840390003823,2.7341997157413616,2.25429979757967,3.0582335558005145,0.0906228525994035,0.042440508140991234,1.1860000000000004,-7.5598435803195825,-15.098520425513842,0.7022636618482379,4.513840390003823,2.7341997157413616,2.25429979757967,3.0582335558005145,0.042440508140991234,1.1860000000000004,0.0906228525994035
scene-0061,CAM_FRONT,26,0,car,0.941605806350708,9.435732199370188,1.0372242260312694,1.0335101708274528,3.7508858371243186,2.1723769045155974,1.8340416473028578,-3.073701938371662,-0.04176166291660921,0.0977538543328017,1.4710000000000003,9.435732199370188,1.0372242260312694,1.0335101708274528,3.7508858371243186,2.1723769045155974,1.8340416473028578,-3.073701938371662,0.0977538543328017,1.4710000000000003,-0.04176166291660921
scene-0061,CAM_FRONT,26,0,bicycle,0.7142857313156128,27.912257434063314,8.131883274588612,1.485122640017743,1.6293933693687608,0.8169541031989809,1.011834947169651,1.6056782342947384,-0.21156207237011238,0.09140625,0.11700000000000002,27.912257434063314,8.131883274588612,1.485122640017743,1.6293933693687608,0.8169541031989809,1.011834947169651,1.6056782342947384,0.09140625,0.11700000000000002,-0.21156207237011238
scene-0061,CAM_FRONT_RIGHT,26,0,car,0.6908212304115295,14.227202662878968,-23.233988496314698,0.4657036635799332,2.15318222125034,1.2515526323178423,0.7672390562766798,1.993752434274824,-0.47310020151596466,0.023164335664335664,0.05300000000000001,14.227202662878968,-23.233988496314698,0.4657036635799332,2.15318222125034,1.2515526323178423,0.7672390562766798,1.993752434274824,0.023164335664335664,0.05300000000000001,-0.47310020151596466
scene-0061,CAM_FRONT_RIGHT,26,1,car,0.719298243522644,11.982322499233268,-23.22471530802032,0.6469681200891855,2.3109227414718023,1.395290779586933,1.1829022174098194,-2.4752594906472454,-0.459067874650267,0.02717391304347826,0.10500000000000002,11.982322499233268,-23.22471530802032,0.6469681200891855,2.3109227414718023,1.395290779586933,1.1829022174098194,-2.4752594906472454,0.02717391304347826,0.10500000000000002,-0.459067874650267
scene-0061,CAM_FRONT_RIGHT,26,2,car,0.5460992455482483,40.799429746799746,-18.65352871627004,1.405389850865446,2.317963224115853,2.200505485327618,0.6598845150257271,1.0444044597383288,-1.23848182382324,0.0,0.0,40.799429746799746,-18.65352871627004,1.405389850865446,2.317963224115853,2.200505485327618,0.6598845150257271,1.0444044597383288,0.0,0.0,-1.23848182382324
scene-0061,CAM_FRONT_RIGHT,26,3,car,0.8709677457809448,1.0334156028991026,-11.779771970547298,0.06613706514686202,2.543660773292708,1.4579415388827446,1.2464172284419819,-2.8621259641755037,0.2852418545646227,0.018,0.08100000000000002,1.0334156028991026,-11.779771970547298,0.06613706514686202,2.543660773292708,1.4579415388827446,1.2464172284419819,-2.8621259641755037,0.018,0.08100000000000002,0.2852418545646227
scene-0061,CAM_FRONT_RIGHT,26,4,car,0.5661016702651978,37.35740204083115,-19.46320751582447,1.1704405065891068,2.128211888872933,2.00555035671999,0.508985066273344,2.101118844814764,-1.1025298682077982,0.0,0.0,37.35740204083115,-19.46320751582447,1.1704405065891068,2.128211888872933,2.00555035671999,0.508985066273344,2.101118844814764,0.0,0.0,-1.1025298682077982
scene-0061,CAM_FRONT_RIGHT,26,5,car,0.597484290599823,34.325725422928265,-20.059896237526754,1.4054491340925603,2.6702064769261398,1.377254895865697,0.9095635646212341,-2.588128040392495,-1.1655981543656377,0.01146384479717813,0.03900000000000001,34.325725422928265,-20.059896237526754,1.4054491340925603,2.6702064769261398,1.377254895865697,0.9095635646212341,-2.588128040392495,0.01146384479717813,0.03900000000000001,-1.1655981543656377
scene-0061,CAM_FRONT_RIGHT,26,0,trailer,0.6012461185455322,4.159521338113939,-14.173493044225449,1.4367929413154263,5.561906229975889,1.9879213130859679,3.2616643317367013,-2.9722933196247645,-0.12005841834563524,0.07383658008658009,2.7290000000000005,4.159521338113939,-14.173493044225449,1.4367929413154263,5.561906229975889,1.9879213130859679,3.2616643317367013,-2.9722933196247645,0.07383658008658009,2.7290000000000005,-0.12005841834563524
scene-0061,CAM_FRONT_RIGHT,26,1,trailer,0.5540069937705994,13.152738135056076,-13.457388182012254,1.2450759793621202,6.048938036869439,2.8818552718170203,3.0853989030207227,-2.8433894896075373,0.025538759166063407,0.08374119391916945,4.517000000000001,13.152738135056076,-13.457388182012254,1.2450759793621202,6.048938036869439,2.8818552718170203,3.0853989030207227,-2.8433894896075373,0.08374119391916945,4.517000000000001,0.025538759166063407
scene-0061,CAM_BACK,26,0,car,0.6363636255264282,-58.11748783781421,-14.486581156011253,-0.30097450834181216,3.4136707973092655,1.550429170009437,1.1982719553079282,-3.047173392589754,0.23949486299849232,0.0,0.0,-58.11748783781421,-14.486581156011253,-0.30097450834181216,3.4136707973092655,1.550429170009437,1.1982719553079282,-3.047173392589754,0.0,0.0,0.23949486299849232
scene-0061,CAM_BACK,26,1,car,0.6012461185455322,-16.994294618554793,-2.3953914175577227,0.9935452829147273,0.6496135674104719,0.39887884443317745,0.5988750392638748,1.5869420467203597,-0.9792745633049151,0.04861111111111111,0.007000000000000002,-16.994294618554793,-2.3953914175577227,0.9935452829147273,0.6496135674104719,0.39887884443317745,0.5988750392638748,1.5869420467203597,0.04861111111111111,0.007000000000000002,-0.9792745633049151
scene-0061,CAM_BACK,26,2,car,0.719298243522644,-53.35656887810735,-15.544165450982044,-0.07489871452769697,5.07728618508154,2.362752918406951,1.9041512186825824,3.1372083355751665,0.41422564137005624,0.0,0.0,-53.35656887810735,-15.544165450982044,-0.07489871452769697,5.07728618508154,2.362752918406951,1.9041512186825824,3.1372083355751665,0.0,0.0,0.41422564137005624
scene-0061,CAM_BACK,26,0,construction vehicle,0.8672199249267578,-6.904034599053574,-5.307270731600867,3.701133939226323,4.676532887288983,2.2247798240964283,5.915914630373354,2.4135491308931414,-0.8738853930034596,0.10053109530210143,6.133000000000001,-6.904034599053574,-5.307270731600867,3.701133939226323,4.676532887288983,2.2247798240964283,5.915914630373354,2.4135491308931414,0.10053109530210143,6.133000000000001,-0.8738853930034596
scene-0061,CAM_BACK_LEFT,26,0,motorcycle,0.7344398498535156,-1.6136732032216141,6.616611889749095,1.3053650298134516,1.800742819308537,0.8072382754149094,1.2340558364096021,2.961369437633893,0.0521636365488507,0.18171296296296297,0.31400000000000006,-1.6136732032216141,6.616611889749095,1.3053650298134516,1.800742819308537,0.8072382754149094,1.2340558364096021,2.961369437633893,0.18171296296296297,0.31400000000000006,0.0521636365488507
scene-0061,CAM_BACK_RIGHT,26,0,car,0.9609756469726562,0.07937386582589186,-11.815151058587439,0.5755782514720893,4.852306551529741,2.0726995034782885,1.5921213039110635,-3.0434034305387527,-0.06155545371119864,0.14328231292517007,2.3590000000000004,0.07937386582589186,-11.815151058587439,0.5755782514720893,4.852306551529741,2.0726995034782885,1.5921213039110635,-3.0434034305387527,0.14328231292517007,2.3590000000000004,-0.06155545371119864
scene-0061,CAM_BACK_RIGHT,26,1,car,0.9452055096626282,-6.815538443915821,-16.05342583768337,0.3629829581165832,4.560736930207503,2.1863535970839845,1.561821416225132,-3.0671916263368684,0.09640315974215286,0.07275197628458498,1.1780000000000002,-6.815538443915821,-16.05342583768337,0.3629829581165832,4.560736930207503,2.1863535970839845,1.561821416225132,-3.0671916263368684,0.07275197628458498,1.1780000000000002,0.09640315974215286
scene-0061,CAM_BACK_RIGHT,26,0,truck,0.9259259104728699,0.7819010062541087,-14.837404280613976,1.5526416818438573,7.902823806760277,2.1774451046070684,3.423445749463112,-3.078337148151053,-0.16044640334757654,0.05889122046977594,3.480000000000001,0.7819010062541087,-14.837404280613976,1.5526416818438573,7.902823806760277,2.1774451046070684,3.423445749463112,-3.078337148151053,0.05889122046977594,3.480000000000001,-0.16044640334757654
scene-0061,CAM_BACK_RIGHT,26,0,construction vehicle,0.7655677795410156,-6.3267941234222,-5.613664598665469,2.309346930342902,2.377263079029029,2.3883167600741806,5.384439829666507,-2.563666053956663,0.32848114588017907,0.14837319958847736,4.615000000000001,-6.3267941234222,-5.613664598665469,2.309346930342902,2.377263079029029,2.3883167600741806,5.384439829666507,-2.563666053956663,0.14837319958847736,4.615000000000001,0.32848114588017907
scene-0061,CAM_BACK_RIGHT,26,1,construction vehicle,0.5540069937705994,-9.558907171746682,-13.760731386952383,0.7549024781759349,3.647123322067352,2.3782757855828756,1.8553622182927205,3.0496317223561196,-0.08620319295077827,0.06182992202729045,1.0150000000000003,-9.558907171746682,-13.760731386952383,0.7549024781759349,3.647123322067352,2.3782757855828756,1.8553622182927205,3.0496317223561196,0.06182992202729045,1.0150000000000003,-0.08620319295077827
scene-0061,CAM_FRONT,27,0,car,0.9179486632347107,9.462903698855172,0.8055255186859978,1.0376717656660448,3.73134244687392,2.1535134442066006,1.7999520764126002,-3.110326334066501,-0.0879030800979893,0.10196560196560196,1.4940000000000002,9.462903698855172,0.8055255186859978,1.0376717656660448,3.73134244687392,2.1535134442066006,1.7999520764126002,-3.110326334066501,0.10196560196560196,1.4940000000000002,-0.0879030800979893
scene-0061,CAM_FRONT,27,0,bicycle,0.6878048777580261,26.72103486244652,6.983869453558212,1.3933314058651367,1.4876300563542442,0.8117798816448349,0.9684597389706081,1.6333525805002795,-0.20284711371519037,0.11666666666666667,0.14,26.72103486244652,6.983869453558212,1.3933314058651367,1.4876300563542442,0.8117798816448349,0.9684597389706081,1.6333525805002795,0.11666666666666667,0.14,-0.20284711371519037
scene-0061,CAM_FRONT_RIGHT,27,0,car,0.7730495929718018,9.820143453943485,-23.956862660645136,0.6462531113294022,2.1367693079904875,1.3126943296660567,1.1746076486680022,1.560725590280542,-0.2913962555508516,0.021672771672771672,0.07100000000000001,9.820143453943485,-23.956862660645136,0.6462531113294022,2.1367693079904875,1.3126943296660567,1.1746076486680022,1.560725590280542,0.021672771672771672,0.07100000000000001,-0.2913962555508516
scene-0061,CAM_FRONT_RIGHT,27,1,car,0.7697842121124268,24.887876725045167,-22.5379909395001,0.8502739137260694,2.5852938845088964,1.202009950527371,0.8726828970376628,2.7550310954287407,-0.6269090103026818,0.005341880341880342,0.015000000000000005,24.887876725045167,-22.5379909395001,0.8502739137260694,2.5852938845088964,1.202009950527371,0.8726828970376628,2.7550310954287407,0.005341880341880342,0.015000000000000005,-0.6269090103026818
scene-0061,CAM_FRONT_RIGHT,27,2,car,0.7500000596046448,7.898739861897927,-23.99271891299622,0.7080257281122783,1.6970520930703148,1.0391174492938688,0.8340730114345642,-2.8661874344797296,-0.5029152356262736,0.0014705882352941176,0.0020000000000000005,7.898739861897927,-23.99271891299622,0.7080257281122783,1.6970520930703148,1.0391174492938688,0.8340730114345642,-2.8661874344797296,0.0014705882352941176,0.0020000000000000005,-0.5029152356262736
scene-0061,CAM_FRONT_RIGHT,27,3,car,0.6521739363670349,31.829433584046836,-21.65184237222506,1.3889927001035165,2.710698837899134,1.3570238599552695,0.961839392844564,-2.6484362864481508,-1.0911439017372648,0.016666666666666666,0.06300000000000001,31.829433584046836,-21.65184237222506,1.3889927001035165,2.710698837899134,1.3570238599552695,0.961839392844564,-2.6484362864481508,0.016666666666666666,0.06300000000000001,-1.0911439017372648
scene-0061,CAM_FRONT_RIGHT,27,4,car,0.5897435545921326,34.667975892667954,-20.91229470404482,1.5235316887867498,3.3286065036554575,1.5157059247636724,1.170566105921805,-2.627914620798085,-1.1025088146302449,0.015993265993265993,0.09500000000000001,34.667975892667954,-20.91229470404482,1.5235316887867498,3.3286065036554575,1.5157059247636724,1.170566105921805,-2.627914620798085,0.015993265993265993,0.09500000000000001,-1.1025088146302449
scene-0061,CAM_FRONT_RIGHT,27,5,car,0.6213017702102661,11.299771195985644,-23.281795067416013,0.6829355181289268,1.52929246962578,0.8961195828138635,0.7305465911969804,1.443098770121561,-0.5637315048237563,0.030687830687830688,0.029000000000000005,11.299771195985644,-23.281795067416013,0.6829355181289268,1.52929246962578,0.8961195828138635,0.7305465911969804,1.443098770121561,0.030687830687830688,0.029000000000000005,-0.5637315048237563
scene-0061,CAM_FRONT_RIGHT,27,0,trailer,0.5816993117332458,10.958483035358348,-13.774528358530752,1.2481001558712923,6.125249140624301,2.5278234016239907,3.072835882837688,-2.9448303565264204,0.03643615631895969,0.098783712321523,4.670000000000001,10.958483035358348,-13.774528358530752,1.2481001558712923,6.125249140624301,2.5278234016239907,3.072835882837688,-2.9448303565264204,0.098783712321523,4.670000000000001,0.03643615631895969
scene-0061,CAM_FRONT_RIGHT,27,1,trailer,0.5897435545921326,3.044582796464919,-14.049661837511232,1.3524830863026251,3.7043652247525953,1.4517540479892617,3.249026588638445,-2.9443622764087722,0.018258694316112045,0.09442567567567567,1.6770000000000003,3.044582796464919,-14.049661837511232,1.3524830863026251,3.7043652247525953,1.4517540479892617,3.249026588638445,-2.9443622764087722,0.09442567567567567,1.6770000000000003,0.018258694316112045
scene-0061,CAM_BACK,27,0,car,0.7344398498535156,-53.19425684746321,-12.659315113769374,0.2603287299045577,2.39374976872908,1.451091786525602,1.3774567469707668,1.496934170591732,0.3814900877880172,0.0,0.0,-53.19425684746321,-12.659315113769374,0.2603287299045577,2.39374976872908,1.451091786525602,1.3774567469707668,1.496934170591732,0.0,0.0,0.3814900877880172
scene-0061,CAM_BACK,27,1,car,0.8552036285400391,-52.943319962421704,-5.113884925870164,0.5300450527065396,3.6154751052258547,1.9815837640993772,1.758782118013612,-3.1088768127886537,0.23991517164927312,0.0,0.0,-52.943319962421704,-5.113884925870164,0.5300450527065396,3.6154751052258547,1.9815837640993772,1.758782118013612,-3.1088768127886537,0.0,0.0,0.23991517164927312
scene-0061,CAM_BACK,27,2,car,0.6995305418968201,-58.10176830753372,-11.395911803390058,0.594664571096262,4.140292531520451,1.912412504473842,1.5337785467605765,3.0864094297408844,0.12909576480119234,0.0,0.0,-58.10176830753372,-11.395911803390058,0.594664571096262,4.140292531520451,1.912412504473842,1.5337785467605765,3.0864094297408844,0.0,0.0,0.12909576480119234
scene-0061,CAM_BACK,27,0,construction vehicle,0.941605806350708,-8.611671574000304,-4.823449761216543,3.357790515009401,4.510656801267942,3.475662167895311,6.598806590152263,1.4261048070735594,-0.09916435184836203,0.10637806637806638,11.058000000000003,-8.611671574000304,-4.823449761216543,3.357790515009401,4.510656801267942,3.475662167895311,6.598806590152263,1.4261048070735594,0.10637806637806638,11.058000000000003,-0.09916435184836203
scene-0061,CAM_BACK_LEFT,27,0,motorcycle,0.5631399154663086,-0.4240240309393308,2.6758504061477337,1.5489814546057417,0.7374704967362218,0.41392330556266854,0.5521396125673776,3.135137077007844,-1.0300644292125176,1.0,0.16800000000000004,-0.4240240309393308,2.6758504061477337,1.5489814546057417,0.7374704967362218,0.41392330556266854,0.5521396125673776,3.135137077007844,1.0,0.16800000000000004,-1.0300644292125176
scene-0061,CAM_BACK_RIGHT,27,0,car,0.9452055096626282,-9.046211316265175,-15.709280122576091,0.4767175484339049,4.614664826279127,2.1320562786283777,1.5154893348424536,3.118721870283851,0.03383829755234724,0.08164251207729468,1.1830000000000003,-9.046211316265175,-15.709280122576091,0.4767175484339049,4.614664826279127,2.1320562786283777,1.5154893348424536,3.118721870283851,0.08164251207729468,1.1830000000000003,0.03383829755234724
scene-0061,CAM_BACK_RIGHT,27,1,car,0.9609756469726562,-1.8247499526491449,-11.624889527353515,0.6061144245647699,4.7926650455993,2.0303411186473017,1.5657167089244626,-3.122268484052519,-0.0607154018534084,0.16354166666666667,2.5120000000000005,-1.8247499526491449,-11.624889527353515,0.6061144245647699,4.7926650455993,2.0303411186473017,1.5657167089244626,-3.122268484052519,0.16354166666666667,2.5120000000000005,-0.0607154018534084
scene-0061,CAM_BACK_RIGHT,27,0,truck,0.7419355511665344,-12.013016939186906,-13.159848493908413,0.8394773520553559,4.2027084479785435,2.236593099266834,1.9059492871047297,2.8955218289357787,-0.10908098072646366,0.05189109136477558,0.9110000000000003,-12.013016939186906,-13.159848493908413,0.8394773520553559,4.2027084479785435,2.236593099266834,1.9059492871047297,2.8955218289357787,0.05189109136477558,0.9110000000000003,-0.10908098072646366
scene-0061,CAM_BACK_RIGHT,27,0,trailer,0.5747508406639099,-0.06638309060144179,-13.845514361073947,1.441347072718899,9.389842606047617,2.717826923947735,3.851647785604294,-3.0289048626870376,0.2328804288822286,0.14002545917439535,13.860000000000005,-0.06638309060144179,-13.845514361073947,1.441347072718899,9.389842606047617,2.717826923947735,3.851647785604294,-3.0289048626870376,0.14002545917439535,13.860000000000005,0.2328804288822286
scene-0061,CAM_FRONT,28,0,car,0.9259259104728699,9.496112163922845,0.5908754621211711,1.010365049800883,3.6413657825665693,2.1339590173731904,1.7945812835356265,-3.133916242644632,-0.08643742755907446,0.10192533803644915,1.3870000000000005,9.496112163922845,0.5908754621211711,1.010365049800883,3.6413657825665693,2.1339590173731904,1.7945812835356265,-3.133916242644632,0.10192533803644915,1.3870000000000005,-0.08643742755907446
scene-0061,CAM_FRONT,28,0,bicycle,0.7655677795410156,26.960325560224,6.324705667565648,1.226969150372867,1.6706953951675718,0.8198201966334437,1.0758098672677876,1.5438136316846707,-0.1630320669472557,0.02406417112299465,0.03600000000000001,26.960325560224,6.324705667565648,1.226969150372867,1.6706953951675718,0.8198201966334437,1.0758098672677876,1.5438136316846707,0.02406417112299465,0.03600000000000001,-0.1630320669472557
scene-0061,CAM_FRONT_RIGHT,28,0,car,0.6483516097068787,30.53206613744305,-22.6551700732259,1.1460791946370983,2.8414408672761438,1.8728535769262251,0.8605248822915984,1.0983753616445124,-0.9467051499928403,0.016499582289055972,0.07900000000000001,30.53206613744305,-22.6551700732259,1.1460791946370983,2.8414408672761438,1.8728535769262251,0.8605248822915984,1.0983753616445124,0.016499582289055972,0.07900000000000001,-0.9467051499928403
scene-0061,CAM_FRONT_RIGHT,28,1,car,0.8476190567016602,5.892587294556024,-24.3430984911236,0.5382008747728667,2.0922057410562402,1.3586519722363621,1.0377374173853122,1.9814781368471017,-0.25080303407165805,0.02108843537414966,0.06200000000000001,5.892587294556024,-24.3430984911236,0.5382008747728667,2.0922057410562402,1.3586519722363621,1.0377374173853122,1.9814781368471017,0.02108843537414966,0.06200000000000001,-0.25080303407165805
scene-0061,CAM_FRONT_RIGHT,28,2,car,0.7264957427978516,3.8223276627916105,-23.588155975651603,0.6520616136060438,1.1172429997083633,0.6524345811280057,0.5996606742177373,1.3981752530238751,-0.5835715358107585,0.015151515151515152,0.007000000000000002,3.8223276627916105,-23.588155975651603,0.6520616136060438,1.1172429997083633,0.6524345811280057,0.5996606742177373,1.3981752530238751,0.015151515151515152,0.007000000000000002,-0.5835715358107585
scene-0061,CAM_FRONT_RIGHT,28,3,car,0.6717948913574219,33.17017877962069,-22.586681350912862,1.08264976651998,3.5044928167030953,2.314045782305314,1.1694882300343534,1.6449528703194773,-0.7318698860933336,0.008902691511387164,0.08600000000000002,33.17017877962069,-22.586681350912862,1.08264976651998,3.5044928167030953,2.314045782305314,1.1694882300343534,1.6449528703194773,0.008902691511387164,0.08600000000000002,-0.7318698860933336
scene-0061,CAM_FRONT_RIGHT,28,4,car,0.8241757750511169,21.576344856537155,-23.04659490211603,0.6958739997582517,2.852184733396907,1.3143577523805092,0.9646633053256699,1.3295859794888785,-0.44356540336410877,0.022015915119363395,0.08300000000000002,21.576344856537155,-23.04659490211603,0.6958739997582517,2.852184733396907,1.3143577523805092,0.9646633053256699,1.3295859794888785,0.022015915119363395,0.08300000000000002,-0.44356540336410877
scene-0061,CAM_FRONT_RIGHT,28,5,car,0.8128654956817627,7.5834048060348955,-23.34016052746202,0.4574581978910587,3.2573255916789705,1.655368901812536,1.3694960411026427,1.5474266546891133,-0.008080038465683392,0.0944741532976827,0.7420000000000001,7.5834048060348955,-23.34016052746202,0.4574581978910587,3.2573255916789705,1.655368901812536,1.3694960411026427,1.5474266546891133,0.0944741532976827,0.7420000000000001,-0.008080038465683392
scene-0061,CAM_FRONT_RIGHT,28,0,truck,0.9298245906829834,1.524650253239681,-14.25134458864544,1.1763447673869252,2.4701989800891724,2.3291309951494457,3.616235624898064,1.741602721114202,0.3982754254332006,0.09444444444444444,1.9550000000000005,1.524650253239681,-14.25134458864544,1.1763447673869252,2.4701989800891724,2.3291309951494457,3.616235624898064,1.741602721114202,0.09444444444444444,1.9550000000000005,0.3982754254332006
scene-0061,CAM_FRONT_RIGHT,28,1,truck,0.9609756469726562,9.222318116347951,-14.086214871450043,1.2769330476204823,6.153996582200442,2.4202238866754158,3.0651707676088114,-2.998981676005282,0.010938999954599016,0.09744623655913978,4.495000000000001,9.222318116347951,-14.086214871450043,1.2769330476204823,6.153996582200442,2.4202238866754158,3.0651707676088114,-2.998981676005282,0.09744623655913978,4.495000000000001,0.010938999954599016
scene-0061,CAM_BACK,28,0,car,0.7460317611694336,-48.61123280516061,-8.00072663638671,1.169987959873248,2.8435072996719626,1.8674928002395381,1.6635546092532478,-3.09163747541008,-0.2927548790916292,0.0127156125608138,0.11500000000000003,-48.61123280516061,-8.00072663638671,1.169987959873248,2.8435072996719626,1.8674928002395381,1.6635546092532478,-3.09163747541008,0.0127156125608138,0.11500000000000003,-0.2927548790916292
scene-0061,CAM_BACK,28,1,car,0.8632478713989258,-56.12994436764851,-2.6690612806747205,-0.40407846270920833,3.5893901754779165,1.6342293375558636,1.2708248987134987,3.1160342790197144,1.1058994642953621,0.0,0.0,-56.12994436764851,-2.6690612806747205,-0.40407846270920833,3.5893901754779165,1.6342293375558636,1.2708248987134987,3.1160342790197144,0.0,0.0,1.1058994642953621
scene-0061,CAM_BACK,28,0,construction vehicle,0.9375000596046448,-10.04007517134459,-4.482826366184812,3.31319286322192,4.652862489460169,3.3400221720797427,6.378221533217951,1.3889076231913096,-0.09405720303107756,0.09808188265635075,9.736000000000002,-10.04007517134459,-4.482826366184812,3.31319286322192,4.652862489460169,3.3400221720797427,6.378221533217951,1.3889076231913096,0.09808188265635075,9.736000000000002,-0.09405720303107756
scene-0061,CAM_BACK_LEFT,28,0,motorcycle,0.8632478713989258,-4.045178680868973,6.95576732605173,1.4669759981739618,1.924497818089872,0.7742589460768619,1.2431310990797853,2.6465999072802084,-0.12181041868869569,0.2878289473684211,0.5250000000000001,-4.045178680868973,6.95576732605173,1.4669759981739618,1.924497818089872,0.7742589460768619,1.2431310990797853,2.6465999072802084,0.2878289473684211,0.5250000000000001,-0.12181041868869569
scene-0061,CAM_BACK_RIGHT,28,0,car,0.9375000596046448,-11.01272814218807,-15.371423794547807,0.5821312226569126,4.51797163767222,2.0738203451093344,1.4783132940657047,3.079685521730352,-0.07010233627278772,0.06335097001763669,0.8980000000000002,-11.01272814218807,-15.371423794547807,0.5821312226569126,4.51797163767222,2.0738203451093344,1.4783132940657047,3.079685521730352,0.06335097001763669,0.8980000000000002,-0.07010233627278772
scene-0061,CAM_BACK_RIGHT,28,1,car,0.5241636037826538,-20.672033215822474,-23.52717741344572,0.4607026253373148,2.2937723650244592,1.32314006099062,0.8508255835215676,0.8484793142704583,-0.14936621698841535,0.0,0.0,-20.672033215822474,-23.52717741344572,0.4607026253373148,2.2937723650244592,1.32314006099062,0.8508255835215676,0.8484793142704583,0.0,0.0,-0.14936621698841535
scene-0061,CAM_BACK_RIGHT,28,2,car,0.6246334314346313,5.391378600855985,-21.459793117324157,0.18087445300759264,0.4023747197506182,0.37647033373889727,0.10176859746504507,1.365646024893898,-0.37848793841279593,0.0625,0.0010000000000000002,5.391378600855985,-21.459793117324157,0.18087445300759264,0.4023747197506182,0.37647033373889727,0.10176859746504507,1.365646024893898,0.0625,0.0010000000000000002,-0.37848793841279593
scene-0061,CAM_BACK_RIGHT,28,3,car,0.8160918951034546,5.332609846674166,-23.2459472073727,0.946772663832854,2.156750021252609,1.0011694642957654,0.8208988558526347,2.0197855229693515,-0.7644506856574369,0.04147727272727273,0.07300000000000002,5.332609846674166,-23.2459472073727,0.946772663832854,2.156750021252609,1.0011694642957654,0.8208988558526347,2.0197855229693515,0.04147727272727273,0.07300000000000002,-0.7644506856574369
scene-0061,CAM_BACK_RIGHT,28,4,car,0.9569892287254333,-3.5170076941456747,-11.464507411314242,0.6746443994974082,4.685836383625957,2.1245285004739767,1.5261883186680978,3.0942320829368506,-0.15541514897778952,0.16697061803444782,2.4720000000000004,-3.5170076941456747,-11.464507411314242,0.6746443994974082,4.685836383625957,2.1245285004739767,1.5261883186680978,3.0942320829368506,0.16697061803444782,2.4720000000000004,-0.15541514897778952
scene-0061,CAM_BACK_RIGHT,28,5,car,0.5586206912994385,-14.262426386530263,-24.554408047666247,-0.26834074190583324,1.6886522996127624,0.6667730432827419,0.8990930069249301,1.5119748494160739,0.5982911663764083,0.055088702147525676,0.05900000000000001,-14.262426386530263,-24.554408047666247,-0.26834074190583324,1.6886522996127624,0.6667730432827419,0.8990930069249301,1.5119748494160739,0.055088702147525676,0.05900000000000001,0.5982911663764083
scene-0061,CAM_BACK_RIGHT,28,0,truck,0.7852349281311035,-12.53653747327373,-11.751914809807923,0.8825455569394064,3.3873189440759006,2.29080206776767,1.810962417989787,-3.0372379655582855,-0.19078104861761624,0.11693662972435351,1.6460000000000004,-12.53653747327373,-11.751914809807923,0.8825455569394064,3.3873189440759006,2.29080206776767,1.810962417989787,-3.0372379655582855,0.11693662972435351,1.6460000000000004,-0.19078104861761624
scene-0061,CAM_BACK_RIGHT,28,0,trailer,0.5586206912994385,-1.843990323913306,-14.709016095213348,1.5897222545901415,9.517425655894208,2.7223126723358195,3.847178992834329,-3.0183241388288495,0.07690273710824247,0.07882425361649738,7.683000000000002,-1.843990323913306,-14.709016095213348,1.5897222545901415,9.517425655894208,2.7223126723358195,3.847178992834329,-3.0183241388288495,0.07882425361649738,7.683000000000002,0.07690273710824247
scene-0061,CAM_FRONT,29,0,car,0.9298245906829834,9.691318365419548,0.5555212791271573,0.9580373137603297,3.5932717364410385,2.131120473149685,1.7894654230355949,3.125188826211414,-0.08897406522137219,0.07003233392122281,0.9530000000000003,9.691318365419548,0.5555212791271573,0.9580373137603297,3.5932717364410385,2.131120473149685,1.7894654230355949,3.125188826211414,0.07003233392122281,0.9530000000000003,-0.08897406522137219
scene-0061,CAM_FRONT,29,0,bicycle,0.7815700173377991,25.47212297690974,5.773755982887395,1.1197831715517859,1.6370925184946366,0.8160131447137253,1.0322967672050964,1.5480760309281028,-0.1014318002783392,0.05859375,0.07500000000000001,25.47212297690974,5.773755982887395,1.1197831715517859,1.6370925184946366,0.8160131447137253,1.0322967672050964,1.5480760309281028,0.05859375,0.07500000000000001,-0.1014318002783392
scene-0061,CAM_FRONT_RIGHT,29,0,car,0.6246334314346313,18.598314688585162,-23.14889041324973,0.8721932975857466,1.6927178887212708,0.9653615438100545,0.954559490946983,-2.776555592840749,-0.7299513199993706,0.03529411764705882,0.06000000000000001,18.598314688585162,-23.14889041324973,0.8721932975857466,1.6927178887212708,0.9653615438100545,0.954559490946983,-2.776555592840749,0.03529411764705882,0.06000000000000001,-0.7299513199993706
scene-0061,CAM_FRONT_RIGHT,29,1,car,0.5460992455482483,25.907045460268403,-23.557516370712747,0.8562767045843976,1.4277074232795286,1.0731968867369832,0.49784252911417215,2.312505643759139,-0.9418715182610304,0.0,0.0,25.907045460268403,-23.557516370712747,0.8562767045843976,1.4277074232795286,1.0731968867369832,0.49784252911417215,2.312505643759139,0.0,0.0,-0.9418715182610304
scene-0061,CAM_FRONT_RIGHT,29,2,car,0.8518518805503845,4.452369465636645,-24.223003042339986,0.29427320099426546,2.3681273512238086,1.3951523817057456,1.1646624054550467,1.4510754660756393,-0.038946490549609525,0.03422619047619048,0.13800000000000004,4.452369465636645,-24.223003042339986,0.29427320099426546,2.3681273512238086,1.3951523817057456,1.1646624054550467,1.4510754660756393,0.03422619047619048,0.13800000000000004,-0.038946490549609525
scene-0061,CAM_FRONT_RIGHT,29,3,car,0.8241757750511169,2.4211764629254175,-24.04255498097017,0.4806657237085457,1.6335098513875774,0.9496216183160726,0.929538517647902,2.781633700151826,-0.3434022620323456,0.015432098765432098,0.020000000000000004,2.4211764629254175,-24.04255498097017,0.4806657237085457,1.6335098513875774,0.9496216183160726,0.929538517647902,2.781633700151826,0.015432098765432098,0.020000000000000004,-0.3434022620323456
scene-0061,CAM_FRONT_RIGHT,29,4,car,0.7730495929718018,28.764476764362318,-22.795132448470902,0.9326212080050185,3.3834045668702846,1.5571916804133394,1.169489127478053,-2.5738594361624862,-0.6846220852259224,0.01838235294117647,0.12000000000000002,28.764476764362318,-22.795132448470902,0.9326212080050185,3.3834045668702846,1.5571916804133394,1.169489127478053,-2.5738594361624862,0.01838235294117647,0.12000000000000002,-0.6846220852259224
scene-0061,CAM_FRONT_RIGHT,29,5,car,0.7419355511665344,31.8649114715642,-22.679038058172946,0.9226721880308766,3.691450672440199,2.230053340850425,1.3071049550928104,1.2658389164327037,-0.6022037573251391,0.015403515403515403,0.16300000000000003,31.8649114715642,-22.679038058172946,0.9226721880308766,3.691450672440199,2.230053340850425,1.3071049550928104,1.2658389164327037,0.015403515403515403,0.16300000000000003,-0.6022037573251391
scene-0061,CAM_FRONT_RIGHT,29,6,car,0.7770034670829773,20.0075993584492,-22.64096472890052,0.8197678455926986,2.9729643205866996,1.3782831670103413,1.0149681155059131,1.0998167365893512,-0.6514893807104543,0.05333333333333334,0.22400000000000006,20.0075993584492,-22.64096472890052,0.8197678455926986,2.9729643205866996,1.3782831670103413,1.0149681155059131,1.0998167365893512,0.05333333333333334,0.22400000000000006,-0.6514893807104543
scene-0061,CAM_FRONT_RIGHT,29,7,car,0.7887788414955139,6.259656107091203,-23.986922152609168,0.3315368611420792,2.190756114822083,1.264647763672233,1.2264105374195982,1.67530357482165,-0.046143727651854094,0.037296037296037296,0.12800000000000003,6.259656107091203,-23.986922152609168,0.3315368611420792,2.190756114822083,1.264647763672233,1.2264105374195982,1.67530357482165,0.037296037296037296,0.12800000000000003,-0.046143727651854094
scene-0061,CAM_FRONT_RIGHT,29,0,truck,0.9569892287254333,7.927046537580019,-14.283838597503115,1.1907239243181642,6.208987802138072,2.4577527621992434,3.2033766369566252,-3.0270541783357023,0.07052683288657358,0.09379032258064517,4.652000000000001,7.927046537580019,-14.283838597503115,1.1907239243181642,6.208987802138072,2.4577527621992434,3.2033766369566252,-3.0270541783357023,0.09379032258064517,4.652000000000001,0.07052683288657358
scene-0061,CAM_BACK,29,0,car,0.7620818018913269,-47.95451826293191,-7.534567030713161,-0.05832499833717525,2.537886980895081,1.4696732723584454,1.4540826129375861,3.0544193416231624,0.8912451943666677,0.011377777777777778,0.06400000000000003,-47.95451826293191,-7.534567030713161,-0.05832499833717525,2.537886980895081,1.4696732723584454,1.4540826129375861,3.0544193416231624,0.011377777777777778,0.06400000000000003,0.8912451943666677
scene-0061,CAM_BACK,29,1,car,0.8358974456787109,-51.1680095976217,-2.1238617880311828,1.344380459825576,3.23895728508397,1.9271132151324284,1.6019839836655212,3.128819997567343,-0.40317909118083417,0.0009251644736842105,0.009000000000000001,-51.1680095976217,-2.1238617880311828,1.344380459825576,3.23895728508397,1.9271132151324284,1.6019839836655212,3.128819997567343,0.0009251644736842105,0.009000000000000001,-0.40317909118083417
scene-0061,CAM_BACK,29,0,construction vehicle,0.9336099624633789,-11.12451529969443,-4.442168596056472,3.44283794660709,4.646418747886786,3.3053258628491164,6.424000788801368,1.4254092473830862,-0.1860934927629323,0.08969449934123847,8.714000000000002,-11.12451529969443,-4.442168596056472,3.44283794660709,4.646418747886786,3.3053258628491164,6.424000788801368,1.4254092473830862,0.08969449934123847,8.714000000000002,-0.1860934927629323
scene-0061,CAM_BACK,29,1,construction vehicle,0.5897435545921326,-15.843157419158656,-12.849844271199883,1.0446572818587314,5.526916487062217,3.0192417754236622,2.55741125060369,2.341426627537122,0.08999987616463301,0.03883449883449883,1.6660000000000004,-15.843157419158656,-12.849844271199883,1.0446572818587314,5.526916487062217,3.0192417754236622,2.55741125060369,2.341426627537122,0.03883449883449883,1.6660000000000004,0.08999987616463301
scene-0061,CAM_BACK_LEFT,29,0,motorcycle,0.8632478713989258,-5.037867711503623,7.035407037340221,1.5306159824592869,2.0168966093667917,0.8769085770888285,1.341482183050178,2.599042378210631,-0.13261692393895863,0.26623931623931624,0.6230000000000002,-5.037867711503623,7.035407037340221,1.5306159824592869,2.0168966093667917,0.8769085770888285,1.341482183050178,2.599042378210631,0.26623931623931624,0.6230000000000002,-0.13261692393895863
scene-0061,CAM_BACK_RIGHT,29,0,car,0.5540069937705994,3.4848853969124796,12.007812934721896,0.6156024310503114,0.2811043522500185,0.1610969147176018,0.2215560439095814,2.376604987999499,0.7827519086916497,0.0,0.0,3.4848853969124796,12.007812934721896,0.6156024310503114,0.2811043522500185,0.1610969147176018,0.2215560439095814,2.376604987999499,0.0,0.0,0.7827519086916497
scene-0061,CAM_BACK_RIGHT,29,1,car,0.8048780560493469,2.4082369747501766,-24.219949385009194,0.6718532198201738,1.3688889839527079,0.8139940679117561,0.8318547023629088,1.7101553700093353,-0.5368091510617388,0.013392857142857142,0.012000000000000002,2.4082369747501766,-24.219949385009194,0.6718532198201738,1.3688889839527079,0.8139940679117561,0.8318547023629088,1.7101553700093353,0.013392857142857142,0.012000000000000002,-0.5368091510617388
scene-0061,CAM_BACK_RIGHT,29,2,car,0.9298245906829834,-12.428593949510324,-15.126468067166215,0.6072934482509601,4.708085450626381,2.1705234202658445,1.5280451065582208,3.0692386517246795,-0.0806853146228812,0.052869116698903935,0.8200000000000002,-12.428593949510324,-15.126468067166215,0.6072934482509601,4.708085450626381,2.1705234202658445,1.5280451065582208,3.0692386517246795,0.052869116698903935,0.8200000000000002,-0.0806853146228812
scene-0061,CAM_BACK_RIGHT,29,3,car,0.7344398498535156,5.550123514802233,-23.700606280625838,0.6112999805600452,0.9398281902411725,0.48212514516310545,0.7342545542285216,1.4762664898371114,-0.5363417975314777,0.050793650793650794,0.016000000000000004,5.550123514802233,-23.700606280625838,0.6112999805600452,0.9398281902411725,0.48212514516310545,0.7342545542285216,1.4762664898371114,0.050793650793650794,0.016000000000000004,-0.5363417975314777
scene-0061,CAM_BACK_RIGHT,29,4,car,0.8709677457809448,4.217976544709703,-24.295281720249278,0.6354224089287714,2.175195895543993,1.3980047395920954,1.2341791183088344,1.604495475557294,-0.3044488239622052,0.03273809523809524,0.12100000000000004,4.217976544709703,-24.295281720249278,0.6354224089287714,2.175195895543993,1.3980047395920954,1.2341791183088344,1.604495475557294,0.03273809523809524,0.12100000000000004,-0.3044488239622052
scene-0061,CAM_BACK_RIGHT,29,5,car,0.9609756469726562,-4.696272539026844,-11.313199417071493,0.6559291291353875,4.644491342476988,2.0536645881988544,1.4953070643185136,3.082988444209496,-0.13274114596828768,0.15817805383022773,2.2920000000000003,-4.696272539026844,-11.313199417071493,0.6559291291353875,4.644491342476988,2.0536645881988544,1.4953070643185136,3.082988444209496,0.15817805383022773,2.2920000000000003,-0.13274114596828768
scene-0061,CAM_BACK_RIGHT,29,0,truck,0.9452055096626282,-3.220185496383513,-14.38726854261424,1.4621774782680532,9.467554884819323,2.746337165559641,3.8390886692953385,-3.0556710405714624,0.19106409196387508,0.08627269929208987,8.409000000000002,-3.220185496383513,-14.38726854261424,1.4621774782680532,9.467554884819323,2.746337165559641,3.8390886692953385,-3.0556710405714624,0.08627269929208987,8.409000000000002,0.19106409196387508
scene-0061,CAM_BACK_RIGHT,29,1,truck,0.8476190567016602,-14.17790008143102,-11.544105393441562,0.6491378180707158,3.527025881844194,2.234757534428195,2.018653084968882,-2.899357301047193,0.1722922343166794,0.07428571428571429,1.1440000000000003,-14.17790008143102,-11.544105393441562,0.6491378180707158,3.527025881844194,2.234757534428195,2.018653084968882,-2.899357301047193,0.07428571428571429,1.1440000000000003,0.1722922343166794
scene-0061,CAM_FRONT,30,0,car,0.9179486632347107,9.60526571599435,0.549386787188683,0.9275317494671527,3.4164615583508287,2.0641721591480757,1.6595340080962786,3.139923227465107,-0.16508504754780517,0.07595979568297907,0.9220000000000003,9.60526571599435,0.549386787188683,0.9275317494671527,3.4164615583508287,2.0641721591480757,1.6595340080962786,3.139923227465107,0.07595979568297907,0.9220000000000003,-0.16508504754780517
scene-0061,CAM_FRONT,30,0,bicycle,0.8400000333786011,24.113583729216028,5.603850095678162,1.0594856974438545,1.849755451781511,0.9219216399892218,1.1453640180436935,1.5798056761619348,-0.27519447387771145,0.07463524130190796,0.13300000000000003,24.113583729216028,5.603850095678162,1.0594856974438545,1.849755451781511,0.9219216399892218,1.1453640180436935,1.5798056761619348,0.07463524130190796,0.13300000000000003,-0.27519447387771145
scene-0061,CAM_FRONT_RIGHT,30,0,car,0.6363636255264282,23.68704818151087,-23.119525226589275,1.0060578002969394,1.8962731441926346,1.1040476747931542,0.9178740018256247,-2.596902021673845,-0.9562297957754233,0.019670388091440724,0.03700000000000001,23.68704818151087,-23.119525226589275,1.0060578002969394,1.8962731441926346,1.1040476747931542,0.9178740018256247,-2.596902021673845,0.019670388091440724,0.03700000000000001,-0.9562297957754233
scene-0061,CAM_FRONT_RIGHT,30,1,car,0.7968254089355469,3.424316789010413,-24.24710866553381,0.5444175876116405,2.385896232057373,1.4692350398646923,1.2972852709694134,1.6666128456953966,-0.24860560054917502,0.043376068376068375,0.20300000000000007,3.424316789010413,-24.24710866553381,0.5444175876116405,2.385896232057373,1.4692350398646923,1.2972852709694134,1.6666128456953966,0.043376068376068375,0.20300000000000007,-0.24860560054917502
scene-0061,CAM_FRONT_RIGHT,30,2,car,0.5857605338096619,4.374785132527327,-23.78607796518044,0.5099010092339753,0.39830119807577624,0.34113120589346124,0.5281327941239534,2.72719986542948,-0.6014936201981216,0.016666666666666666,0.0010000000000000002,4.374785132527327,-23.78607796518044,0.5099010092339753,0.39830119807577624,0.34113120589346124,0.5281327941239534,2.72719986542948,0.016666666666666666,0.0010000000000000002,-0.6014936201981216
scene-0061,CAM_FRONT_RIGHT,30,3,car,0.5897435545921326,2.2314920875309183,-23.63970370460372,0.30758648917554104,0.43595194560524897,0.2712932400260968,0.43570807320143856,-2.9503512169905575,-0.42870263690099364,0.0,0.0,2.2314920875309183,-23.63970370460372,0.30758648917554104,0.43595194560524897,0.2712932400260968,0.43570807320143856,-2.9503512169905575,0.0,0.0,-0.42870263690099364
scene-0061,CAM_FRONT_RIGHT,30,4,car,0.6289855241775513,30.73667637697727,-22.88620549774336,0.9461978327187786,3.660043345368287,2.586615877197012,1.2242372611955061,1.606026993970998,-0.7514475843365254,0.017238392238392238,0.19900000000000004,30.73667637697727,-22.88620549774336,0.9461978327187786,3.660043345368287,2.586615877197012,1.2242372611955061,1.606026993970998,0.017238392238392238,0.19900000000000004,-0.7514475843365254
scene-0061,CAM_FRONT_RIGHT,30,5,car,0.675126850605011,27.568358621493648,-22.94568495676237,1.0874584378858754,3.132370397788593,1.4403988425678307,1.0525840009694643,-2.5579027874387346,-0.9749460537570392,0.020318391286133223,0.09700000000000003,27.568358621493648,-22.94568495676237,1.0874584378858754,3.132370397788593,1.4403988425678307,1.0525840009694643,-2.5579027874387346,0.020318391286133223,0.09700000000000003,-0.9749460537570392
scene-0061,CAM_FRONT_RIGHT,30,6,car,0.7538461089134216,16.820358539320395,-23.374824561924363,0.8558815401073309,1.453352874444494,0.8643164334398428,0.7642779519392529,-2.632396445146054,-0.8751152948696685,0.023148148148148147,0.025000000000000005,16.820358539320395,-23.374824561924363,0.8558815401073309,1.453352874444494,0.8643164334398428,0.7642779519392529,-2.632396445146054,0.023148148148148147,0.025000000000000005,-0.8751152948696685
scene-0061,CAM_FRONT_RIGHT,30,7,car,0.6831682920455933,16.944902334389557,-20.482699181985843,0.9097789980005567,2.195730135230262,1.0057494894182568,0.7454655535768324,1.3356151654198594,-0.9119942757642188,0.0006493506493506494,0.0010000000000000002,16.944902334389557,-20.482699181985843,0.9097789980005567,2.195730135230262,1.0057494894182568,0.7454655535768324,1.3356151654198594,0.0006493506493506494,0.0010000000000000002,-0.9119942757642188
scene-0061,CAM_FRONT_RIGHT,30,8,car,0.6717948913574219,4.945475849452795,-23.999994498034646,0.6552927855138593,1.1345601195001578,0.7554326549803868,0.6583191206399426,1.7246351376250677,-0.6874629893216193,0.01461038961038961,0.009000000000000001,4.945475849452795,-23.999994498034646,0.6552927855138593,1.1345601195001578,0.7554326549803868,0.6583191206399426,1.7246351376250677,0.01461038961038961,0.009000000000000001,-0.6874629893216193
scene-0061,CAM_FRONT_RIGHT,30,0,truck,0.9649122953414917,6.64968829777503,-14.400604029635092,1.2755377896898685,6.198886988576918,3.0561206796022127,3.1637182787032545,-3.036955178232164,0.029498842280319515,0.09947320499479709,6.118000000000001,6.64968829777503,-14.400604029635092,1.2755377896898685,6.198886988576918,3.0561206796022127,3.1637182787032545,-3.036955178232164,0.09947320499479709,6.118000000000001,0.029498842280319515
scene-0061,CAM_BACK,30,0,car,0.7968254089355469,-53.15137567686684,-8.077856750827701,0.38304209842573356,1.940230791274324,1.9047165357174904,1.5079603091278793,-2.512488976450436,0.5433970177442318,0.0,0.0,-53.15137567686684,-8.077856750827701,0.38304209842573356,1.940230791274324,1.9047165357174904,1.5079603091278793,-2.512488976450436,0.0,0.0,0.5433970177442318
scene-0061,CAM_BACK,30,1,car,0.8987342119216919,-14.840886230192053,-14.722058745965441,0.6945386198618476,2.8096086235231574,1.29529655933149,1.2310997142591849,2.683595165044131,-0.17604905569146845,0.061813186813186816,0.2700000000000001,-14.840886230192053,-14.722058745965441,0.6945386198618476,2.8096086235231574,1.29529655933149,1.2310997142591849,2.683595165044131,0.061813186813186816,0.2700000000000001,-0.17604905569146845
scene-0061,CAM_BACK,30,2,car,0.8476190567016602,-75.59139926064069,-1.0226974041320063,-1.3276861383992404,4.260420686525151,1.9561765536702413,1.6656752012623253,3.0929803640612197,2.609933581521553,0.0,0.0,-75.59139926064069,-1.0226974041320063,-1.3276861383992404,4.260420686525151,1.9561765536702413,1.6656752012623253,3.0929803640612197,0.0,0.0,2.609933581521553
scene-0061,CAM_BACK,30,0,construction vehicle,0.949367105960846,-12.56954052060987,-4.419180080752968,3.4813873842279395,4.841795057185407,3.641022229289197,6.752345485032644,1.3591489686626683,-0.03063658001175007,0.07121459694989107,8.368000000000004,-12.56954052060987,-4.419180080752968,3.4813873842279395,4.841795057185407,3.641022229289197,6.752345485032644,1.3591489686626683,0.07121459694989107,8.368000000000004,-0.03063658001175007
scene-0061,CAM_BACK,30,1,construction vehicle,0.5276752710342407,-16.612049214503315,-12.030270612832517,1.161539923727811,4.735475700858211,2.865351618675362,2.192265888673761,2.655810798893748,-0.09651015824968745,0.05372507170012673,1.6110000000000004,-16.612049214503315,-12.030270612832517,1.161539923727811,4.735475700858211,2.865351618675362,2.192265888673761,2.655810798893748,0.05372507170012673,1.6110000000000004,-0.09651015824968745
scene-0061,CAM_BACK_LEFT,30,0,motorcycle,0.8709677457809448,-6.098487107796007,7.01834472476278,1.4736249975113143,1.9925344196412151,1.0441272883120312,1.3009743757617227,2.5956579192371017,-0.07953112303835086,0.3046153846153846,0.7920000000000001,-6.098487107796007,7.01834472476278,1.4736249975113143,1.9925344196412151,1.0441272883120312,1.3009743757617227,2.5956579192371017,0.3046153846153846,0.7920000000000001,-0.07953112303835086
scene-0061,CAM_BACK_RIGHT,30,0,car,0.9336099624633789,-13.822297144060107,-15.001280836675186,0.7229214524339898,4.471368232027174,2.0723244195067014,1.4530549094418488,3.0558624367433906,-0.07659571294400713,0.040634920634920635,0.5760000000000001,-13.822297144060107,-15.001280836675186,0.7229214524339898,4.471368232027174,2.0723244195067014,1.4530549094418488,3.0558624367433906,0.040634920634920635,0.5760000000000001,-0.07659571294400713
scene-0061,CAM_BACK_RIGHT,30,1,car,0.8083832263946533,1.0770238107531447,-23.68682314816823,0.9190698657710897,1.9827303325945314,1.249642251486538,1.051648991383565,-3.1356514720309328,-0.7118768998873517,0.08484848484848485,0.22400000000000006,1.0770238107531447,-23.68682314816823,0.9190698657710897,1.9827303325945314,1.249642251486538,1.051648991383565,-3.1356514720309328,0.08484848484848485,0.22400000000000006,-0.7118768998873517
scene-0061,CAM_BACK_RIGHT,30,2,car,0.8048780560493469,2.997879245705348,-24.47083228390887,0.7886944826746306,2.1778715648487115,1.3301599596381366,1.1001603867274132,1.6714871942016811,-0.5681516213688769,0.02256834075015893,0.07100000000000001,2.997879245705348,-24.47083228390887,0.7886944826746306,2.1778715648487115,1.3301599596381366,1.1001603867274132,1.6714871942016811,0.02256834075015893,0.07100000000000001,-0.5681516213688769
scene-0061,CAM_BACK_RIGHT,30,3,car,0.7037037014961243,0.0495900754899158,-24.161483593207677,0.9409778152373633,0.7763057084503648,0.5721696964677143,0.751873389674909,-2.8069429726187853,-0.8784218088287876,0.0078125,0.003000000000000001,0.0495900754899158,-24.161483593207677,0.9409778152373633,0.7763057084503648,0.5721696964677143,0.751873389674909,-2.8069429726187853,0.0078125,0.003000000000000001,-0.8784218088287876
scene-0061,CAM_BACK_RIGHT,30,4,car,0.7655677795410156,3.9699278283745922,-23.824907987142858,0.8319595187777535,0.4912909180061509,0.3364939542952001,0.4696652941410996,-3.012494301654134,-0.929586768510106,0.013333333333333334,0.0010000000000000002,3.9699278283745922,-23.824907987142858,0.8319595187777535,0.4912909180061509,0.3364939542952001,0.4696652941410996,-3.012494301654134,0.013333333333333334,0.0010000000000000002,-0.929586768510106
scene-0061,CAM_BACK_RIGHT,30,5,car,0.7697842121124268,4.770254674393136,-23.71695110146575,0.942210066445226,0.96206737987581,0.608742478771994,0.7652230153374431,-2.974636184989973,-0.8944542642761535,0.0375,0.018000000000000002,4.770254674393136,-23.71695110146575,0.942210066445226,0.96206737987581,0.608742478771994,0.7652230153374431,-2.974636184989973,0.0375,0.018000000000000002,-0.8944542642761535
scene-0061,CAM_BACK_RIGHT,30,6,car,0.5311355590820312,3.8677065358357128,-14.552702498198359,0.846507761918342,0.8411548876964137,0.5093056892481929,1.4688585091577153,1.8221020174669242,-0.3885505692119666,0.051666666666666666,0.031000000000000003,3.8677065358357128,-14.552702498198359,0.846507761918342,0.8411548876964137,0.5093056892481929,1.4688585091577153,1.8221020174669242,0.051666666666666666,0.031000000000000003,-0.3885505692119666
scene-0061,CAM_BACK_RIGHT,30,7,car,0.9532163739204407,-6.042329437013228,-11.384520382453992,0.7364537883554308,4.693936814170021,2.160666807642718,1.4684607518014066,2.9938851293809003,-0.0967118022447857,0.1172147001934236,1.8180000000000005,-6.042329437013228,-11.384520382453992,0.7364537883554308,4.693936814170021,2.160666807642718,1.4684607518014066,2.9938851293809003,0.1172147001934236,1.8180000000000005,-0.0967118022447857
scene-0061,CAM_BACK_RIGHT,30,8,car,0.5395683646202087,-20.514477312964313,-27.51892235713991,0.6575720812566135,1.6294265594507165,1.2430383110988572,1.345380950987856,2.7261579077774014,-0.15260871853276603,0.002003205128205128,0.005,-20.514477312964313,-27.51892235713991,0.6575720812566135,1.6294265594507165,1.2430383110988572,1.345380950987856,2.7261579077774014,0.002003205128205128,0.005,-0.15260871853276603
scene-0061,CAM_BACK_RIGHT,30,0,truck,0.5114504098892212,-14.656571708458944,-12.226280317888634,0.4713378995905958,1.8540404746205699,0.9955968755060489,1.1487538883357467,-3.07545689666281,0.08635487003961884,0.020095693779904306,0.042,-14.656571708458944,-12.226280317888634,0.4713378995905958,1.8540404746205699,0.9955968755060489,1.1487538883357467,-3.07545689666281,0.020095693779904306,0.042,0.08635487003961884
scene-0061,CAM_BACK_RIGHT,30,0,trailer,0.518796980381012,-3.5658746893133344,-14.350471596496577,1.6535568077614042,7.811619083880389,2.55402300599388,3.7648487082427047,-3.084841284733315,0.04429026011650938,0.08954894633032284,6.901000000000002,-3.5658746893133344,-14.350471596496577,1.6535568077614042,7.811619083880389,2.55402300599388,3.7648487082427047,-3.084841284733315,0.08954894633032284,6.901000000000002,0.04429026011650938
scene-0061,CAM_FRONT,31,0,car,0.9101123809814453,9.951084853928274,0.7531562667042415,0.9244641021090886,3.8414379431205905,2.257764113429455,1.8677907419823632,-3.066751739045475,-0.012320798028173874,0.08978682403950379,1.4910000000000003,9.951084853928274,0.7531562667042415,0.9244641021090886,3.8414379431205905,2.257764113429455,1.8677907419823632,-3.066751739045475,0.08978682403950379,1.4910000000000003,-0.012320798028173874
scene-0061,CAM_FRONT,31,0,bicycle,0.7387754917144775,22.203563724418604,5.2791408901606145,1.030158215004168,1.6116830071907489,0.8014877589124296,0.9947565126617739,1.738840926662119,-0.04398464841441563,0.11328125,0.14500000000000002,22.203563724418604,5.2791408901606145,1.030158215004168,1.6116830071907489,0.8014877589124296,0.9947565126617739,1.738840926662119,0.11328125,0.14500000000000002,-0.04398464841441563
scene-0061,CAM_FRONT_RIGHT,31,0,car,0.7142857313156128,26.4596053198885,-23.01316972600828,1.2798343537248438,2.9074029647137127,1.33418149697561,0.9641928167878951,-2.5645755467438867,-1.0243776631482027,0.025729442970822282,0.09700000000000003,26.4596053198885,-23.01316972600828,1.2798343537248438,2.9074029647137127,1.33418149697561,0.9641928167878951,-2.5645755467438867,0.025729442970822282,0.09700000000000003,-1.0243776631482027
scene-0061,CAM_FRONT_RIGHT,31,1,car,0.6332378387451172,22.295975640124215,-23.3671339119935,1.0853999389933546,3.0113155969305,1.391728374868844,1.073553521654087,-2.5458773704780833,-0.7753173150242976,0.01406926406926407,0.06500000000000002,22.295975640124215,-23.3671339119935,1.0853999389933546,3.0113155969305,1.391728374868844,1.073553521654087,-2.5458773704780833,0.01406926406926407,0.06500000000000002,-0.7753173150242976
scene-0061,CAM_FRONT_RIGHT,31,2,car,0.8241757750511169,2.308040676087359,-24.13396381517011,0.6792580218431472,1.726408674692511,1.0108841293495088,0.8758998261304587,1.8799577062497161,-0.4634732910107746,0.01241830065359477,0.019000000000000003,2.308040676087359,-24.13396381517011,0.6792580218431472,1.726408674692511,1.0108841293495088,0.8758998261304587,1.8799577062497161,0.01241830065359477,0.019000000000000003,-0.4634732910107746
scene-0061,CAM_FRONT_RIGHT,31,3,car,0.6995305418968201,18.05972232587236,-23.430904415147694,1.127799307197456,1.943738714528811,1.1184363797602508,0.9279495043876831,0.9490372430439742,-0.8944572922825527,0.006911217437533227,0.013000000000000005,18.05972232587236,-23.430904415147694,1.127799307197456,1.943738714528811,1.1184363797602508,0.9279495043876831,0.9490372430439742,0.006911217437533227,0.013000000000000005,-0.8944572922825527
scene-0061,CAM_FRONT_RIGHT,31,4,car,0.6559139490127563,29.876963999672096,-23.002688634942277,1.2762167524850352,2.859006090297207,1.8422023098590525,0.9155669779598994,2.844586152857974,-1.046275847757443,0.021285653469561516,0.10000000000000003,29.876963999672096,-23.002688634942277,1.2762167524850352,2.859006090297207,1.8422023098590525,0.9155669779598994,2.844586152857974,0.021285653469561516,0.10000000000000003,-1.046275847757443
scene-0061,CAM_FRONT_RIGHT,31,5,car,0.8012422323226929,15.61188162398632,-23.26827004564625,1.0618784860261605,1.6729689146019444,0.9765785864501098,0.8562648730092554,0.8878569576951376,-0.8682041234951885,0.06666666666666667,0.10200000000000004,15.61188162398632,-23.26827004564625,1.0618784860261605,1.6729689146019444,0.9765785864501098,0.8562648730092554,0.8878569576951376,0.06666666666666667,0.10200000000000004,-0.8682041234951885
scene-0061,CAM_FRONT_RIGHT,31,6,car,0.5586206912994385,14.077800781896238,-23.272437831269993,0.7905253989401237,0.5542001727070476,0.36230283811994823,0.39573287094158405,-2.899940592685995,-0.8288593259132557,0.052083333333333336,0.005000000000000002,14.077800781896238,-23.272437831269993,0.7905253989401237,0.5542001727070476,0.36230283811994823,0.39573287094158405,-2.899940592685995,0.052083333333333336,0.005000000000000002,-0.8288593259132557
scene-0061,CAM_FRONT_RIGHT,31,0,truck,0.9609756469726562,5.370066568836202,-14.268756125609292,1.2640834798617573,6.271368690548387,2.4561744753349846,3.1067868228584947,-3.041205819604332,0.040867758563339684,0.11246287762416794,5.4910000000000005,5.370066568836202,-14.268756125609292,1.2640834798617573,6.271368690548387,2.4561744753349846,3.1067868228584947,-3.041205819604332,0.11246287762416794,5.4910000000000005,0.040867758563339684
scene-0061,CAM_BACK,31,0,car,0.941605806350708,-15.451708808400877,-14.711307774086062,0.7871116248024722,3.8946258715115487,1.6557118646763307,1.3203356866671092,2.7001460450694554,-0.2481249789333837,0.04455273233553777,0.3840000000000001,-15.451708808400877,-14.711307774086062,0.7871116248024722,3.8946258715115487,1.6557118646763307,1.3203356866671092,2.7001460450694554,0.04455273233553777,0.3840000000000001,-0.2481249789333837
scene-0061,CAM_BACK,31,1,car,0.8709677457809448,-54.9969162725142,-1.8743004277476827,0.9833907863641222,3.7740901780030924,2.163200645674542,1.8540066495419434,3.1216157040246544,-0.033075064291953504,0.0,0.0,-54.9969162725142,-1.8743004277476827,0.9833907863641222,3.7740901780030924,2.163200645674542,1.8540066495419434,3.1216157040246544,0.0,0.0,-0.033075064291953504
scene-0061,CAM_BACK,31,2,car,0.7730495929718018,-62.99954701425882,-8.211198249494222,1.0321901899353776,3.1585308430171466,2.445061741721885,1.1163054274301782,-3.0010950433286534,-0.47690325263992805,0.0,0.0,-62.99954701425882,-8.211198249494222,1.0321901899353776,3.1585308430171466,2.445061741721885,1.1163054274301782,-3.0010950433286534,0.0,0.0,-0.47690325263992805
scene-0061,CAM_BACK,31,0,motorcycle,0.6363636255264282,-7.374802495132476,7.522084940001178,1.120294570376685,2.6431908732905978,1.3252788581249515,1.8848820684890928,2.66856669594759,0.5072058920828884,0.1882591093117409,1.2090000000000003,-7.374802495132476,7.522084940001178,1.120294570376685,2.6431908732905978,1.3252788581249515,1.8848820684890928,2.66856669594759,0.1882591093117409,1.2090000000000003,0.5072058920828884
scene-0061,CAM_BACK,31,0,construction vehicle,0.9532163739204407,-13.533324851003826,-4.401716551350163,3.343619381725127,4.670323167499669,3.2523084918684475,6.742947372353945,1.4074273984763,0.0719680969308838,0.07109520097770336,7.388000000000003,-13.533324851003826,-4.401716551350163,3.343619381725127,4.670323167499669,3.2523084918684475,6.742947372353945,1.4074273984763,0.07109520097770336,7.388000000000003,0.0719680969308838
scene-0061,CAM_BACK,31,1,construction vehicle,0.7037037014961243,-18.268314982899756,-12.318805409310041,1.0777651862775783,4.711496205553344,2.9347249191146325,2.3032869846771864,2.706035959830678,-0.021559116333737638,0.030208300105266515,0.9470000000000002,-18.268314982899756,-12.318805409310041,1.0777651862775783,4.711496205553344,2.9347249191146325,2.3032869846771864,2.706035959830678,0.030208300105266515,0.9470000000000002,-0.021559116333737638
scene-0061,CAM_BACK_LEFT,31,0,motorcycle,0.6404494643211365,-6.748715191300474,6.69767524397836,1.2388724730964569,1.2455104278453843,0.6581424411830961,0.8654637816463845,2.8773466254578315,-0.1984262868859965,0.35714285714285715,0.2700000000000001,-6.748715191300474,6.69767524397836,1.2388724730964569,1.2455104278453843,0.6581424411830961,0.8654637816463845,2.8773466254578315,0.35714285714285715,0.2700000000000001,-0.1984262868859965
scene-0061,CAM_BACK_RIGHT,31,0,car,0.9609756469726562,-7.277359238921451,-11.363690419346039,0.6507146215544277,4.584014020732146,2.080728478451139,1.5319050190203285,2.94401024842596,-0.02082035317318498,0.1302967563837129,1.8880000000000006,-7.277359238921451,-11.363690419346039,0.6507146215544277,4.584014020732146,2.080728478451139,1.5319050190203285,2.94401024842596,0.1302967563837129,1.8880000000000006,-0.02082035317318498
scene-0061,CAM_BACK_RIGHT,31,1,car,0.827957034111023,-0.0665294510800663,-24.52068254513086,0.835546324059575,2.263762767097731,1.3762749029090777,1.1753619321568227,-2.878719840144224,-0.43494118152661954,0.007246376811594203,0.028000000000000008,-0.0665294510800663,-24.52068254513086,0.835546324059575,2.263762767097731,1.3762749029090777,1.1753619321568227,-2.878719840144224,0.007246376811594203,0.028000000000000008,-0.43494118152661954
scene-0061,CAM_BACK_RIGHT,31,2,car,0.9452055096626282,-15.1219564616233,-15.024317310411925,0.709506984912292,4.455402035049909,2.055817435752738,1.4631563118272874,3.092966447665716,-0.15411467532738365,0.04578483245149912,0.6490000000000001,-15.1219564616233,-15.024317310411925,0.709506984912292,4.455402035049909,2.055817435752738,1.4631563118272874,3.092966447665716,0.04578483245149912,0.6490000000000001,-0.15411467532738365
scene-0061,CAM_BACK_RIGHT,31,3,car,0.8012422323226929,2.077406676553152,-24.14025426531438,0.8623497849639755,2.216339498699771,1.4821512737700546,1.2149354893317417,1.6057774224215806,-0.4409779783846144,0.0351010101010101,0.139,2.077406676553152,-24.14025426531438,0.8623497849639755,2.216339498699771,1.4821512737700546,1.2149354893317417,1.6057774224215806,0.0351010101010101,0.139,-0.4409779783846144
scene-0061,CAM_BACK_RIGHT,31,0,truck,0.7460317611694336,3.6499885422995932,-14.862688029299454,0.9287200459664318,3.080414288660522,1.9062690562378943,2.077891303504642,-3.103613287420916,-0.10935495513673343,0.06451612903225806,0.7980000000000002,3.6499885422995932,-14.862688029299454,0.9287200459664318,3.080414288660522,1.9062690562378943,2.077891303504642,-3.103613287420916,0.06451612903225806,0.7980000000000002,-0.10935495513673343
scene-0061,CAM_BACK_RIGHT,31,0,trailer,0.6483516097068787,-5.4158594192726195,-14.220539967495807,1.711640445900385,9.45181462798315,3.3860605842222213,3.878787337042338,-3.074951008486321,0.04027189377575979,0.11571802810192904,14.577000000000004,-5.4158594192726195,-14.220539967495807,1.711640445900385,9.45181462798315,3.3860605842222213,3.878787337042338,-3.074951008486321,0.11571802810192904,14.577000000000004,0.04027189377575979
scene-0061,CAM_FRONT,32,0,car,0.9101123809814453,10.196942633703548,1.1892814300274885,1.0599918314084964,4.091305377060765,2.3075958942306887,1.8975625447305466,-2.97114982661255,-0.0693726097374503,0.05307808226823687,0.9510000000000003,10.196942633703548,1.1892814300274885,1.0599918314084964,4.091305377060765,2.3075958942306887,1.8975625447305466,-2.97114982661255,0.05307808226823687,0.9510000000000003,-0.0693726097374503
scene-0061,CAM_FRONT,32,0,bicycle,0.6521739363670349,21.068807478827367,5.7355812225619545,1.1353991924935043,0.9226312950104294,0.4574091153364144,0.5740165334910259,1.6786243931256224,-0.22198300443375185,0.2222222222222222,0.06000000000000001,21.068807478827367,5.7355812225619545,1.1353991924935043,0.9226312950104294,0.4574091153364144,0.5740165334910259,1.6786243931256224,0.2222222222222222,0.06000000000000001,-0.22198300443375185
scene-0061,CAM_FRONT_RIGHT,32,0,car,0.5540069937705994,16.743757558427074,-23.261525232541864,1.3373067289755178,1.6020024053588786,0.9648903908583932,0.7786418525480528,-2.727820981166539,-1.1005155191931906,0.0078125,0.010000000000000002,16.743757558427074,-23.261525232541864,1.3373067289755178,1.6020024053588786,0.9648903908583932,0.7786418525480528,-2.727820981166539,0.0078125,0.010000000000000002,-1.1005155191931906
scene-0061,CAM_FRONT_RIGHT,32,1,car,0.7538461089134216,21.270042871016862,-23.46216048732106,1.328518149666511,3.2696800085563247,1.5089105954865296,1.0956668625797832,1.2310658598293986,-0.9159200577797719,0.03397612488521579,0.18500000000000003,21.270042871016862,-23.46216048732106,1.328518149666511,3.2696800085563247,1.5089105954865296,1.0956668625797832,1.2310658598293986,0.03397612488521579,0.18500000000000003,-0.9159200577797719
scene-0061,CAM_FRONT_RIGHT,32,2,car,0.6717948913574219,25.34188435421663,-23.12371325039385,1.4303811347497064,2.8304119307530797,1.2966564041275106,0.9662827196762714,-2.5891094946833255,-1.07312995538013,0.03076923076923077,0.11200000000000004,25.34188435421663,-23.12371325039385,1.4303811347497064,2.8304119307530797,1.2966564041275106,0.9662827196762714,-2.5891094946833255,0.03076923076923077,0.11200000000000004,-1.07312995538013
scene-0061,CAM_FRONT_RIGHT,32,3,car,0.5540069937705994,29.0402074302346,-22.83740324425263,1.7921132833770823,3.5121006241016755,1.6202483786627653,1.2398138035443662,-2.5559487744020104,-1.2923796719767942,0.012351190476190476,0.08300000000000002,29.0402074302346,-22.83740324425263,1.7921132833770823,3.5121006241016755,1.6202483786627653,1.2398138035443662,-2.5559487744020104,0.012351190476190476,0.08300000000000002,-1.2923796719767942
scene-0061,CAM_FRONT_RIGHT,32,4,car,0.7852349281311035,14.722939690042226,-23.381765091443654,1.081074086038459,2.250444861559874,1.0328140966780879,0.8223373901356691,-2.3596148318999517,-0.8275130655693181,0.05434782608695652,0.10000000000000002,14.722939690042226,-23.381765091443654,1.081074086038459,2.250444861559874,1.0328140966780879,0.8223373901356691,-2.3596148318999517,0.05434782608695652,0.10000000000000002,-0.8275130655693181
scene-0061,CAM_FRONT_RIGHT,32,5,car,0.6132930517196655,12.724404193921238,-23.662094876652713,1.0496828629669774,1.6342958808626493,0.955817917922019,0.8439006872942546,-2.4066266345979273,-0.7877751479657471,0.01640625,0.021000000000000005,12.724404193921238,-23.662094876652713,1.0496828629669774,1.6342958808626493,0.955817917922019,0.8439006872942546,-2.4066266345979273,0.01640625,0.021000000000000005,-0.7877751479657471
scene-0061,CAM_FRONT_RIGHT,32,0,trailer,0.5345454812049866,4.465834906340128,-14.370132080873514,1.4051518833269323,5.712561218187497,2.5135820115830825,3.0533752647680754,-3.053349789343534,-0.073295726558396,0.08364459535936616,3.695000000000001,4.465834906340128,-14.370132080873514,1.4051518833269323,5.712561218187497,2.5135820115830825,3.0533752647680754,-3.053349789343534,0.08364459535936616,3.695000000000001,-0.073295726558396
scene-0061,CAM_BACK,32,0,car,0.941605806350708,-16.393912263988746,-14.566428909252068,0.69902772055096,4.483541473665639,2.085869572292726,1.4613122440502149,2.9384382458381175,-0.1304708407362407,0.08500881834215168,1.2050000000000003,-16.393912263988746,-14.566428909252068,0.69902772055096,4.483541473665639,2.085869572292726,1.4613122440502149,2.9384382458381175,0.08500881834215168,1.2050000000000003,-0.1304708407362407
scene-0061,CAM_BACK,32,1,car,0.859649121761322,-65.76348230727619,-1.783156325162881,-0.13344715715906175,4.984553225428385,2.2508571810741236,1.8801715571708362,3.1203515966791233,0.9881753144323384,0.0,0.0,-65.76348230727619,-1.783156325162881,-0.13344715715906175,4.984553225428385,2.2508571810741236,1.8801715571708362,3.1203515966791233,0.0,0.0,0.9881753144323384
scene-0061,CAM_BACK,32,2,car,0.5586206912994385,-21.977140639480087,-5.274195959069675,-2.2328066727701232,1.8813374270611547,1.05220516998261,1.0756253432195169,-3.089310090307235,2.663998041715602,0.0,0.0,-21.977140639480087,-5.274195959069675,-2.2328066727701232,1.8813374270611547,1.05220516998261,1.0756253432195169,-3.089310090307235,0.0,0.0,2.663998041715602
scene-0061,CAM_BACK,32,0,motorcycle,0.7852349281311035,-8.116333688066309,7.071975165460608,1.221873216721248,2.159173502241801,0.957023749162822,1.3852498293487323,2.826656112137408,0.0008465003327262632,0.2681818181818182,0.8260000000000002,-8.116333688066309,7.071975165460608,1.221873216721248,2.159173502241801,0.957023749162822,1.3852498293487323,2.826656112137408,0.2681818181818182,0.8260000000000002,0.0008465003327262632
scene-0061,CAM_BACK,32,0,construction vehicle,0.9452055096626282,-14.806911952989395,-4.384451675088193,3.1861344140853687,4.67689508194802,2.9712374744629564,6.535992714773876,1.4378595222450445,-0.004259980919946393,0.07094380796508457,6.502000000000002,-14.806911952989395,-4.384451675088193,3.1861344140853687,4.67689508194802,2.9712374744629564,6.535992714773876,1.4378595222450445,0.07094380796508457,6.502000000000002,-0.004259980919946393
scene-0061,CAM_BACK,32,1,construction vehicle,0.6132930517196655,-17.534384149380294,-11.10004197238351,1.0791391410339224,4.327461477921691,2.4695283901841183,2.0193284096263584,2.864941431755925,-0.22306346962223245,0.06744186046511629,1.4500000000000004,-17.534384149380294,-11.10004197238351,1.0791391410339224,4.327461477921691,2.4695283901841183,2.0193284096263584,2.864941431755925,0.06744186046511629,1.4500000000000004,-0.22306346962223245
scene-0061,CAM_BACK_RIGHT,32,0,car,0.9452055096626282,-8.37679793422767,-11.318043228420557,0.572582246525894,4.485283045264708,2.06619660698318,1.4949541204700083,2.938614120946718,-0.062394391484409395,0.10447971781305114,1.481,-8.37679793422767,-11.318043228420557,0.572582246525894,4.485283045264708,2.06619660698318,1.4949541204700083,2.938614120946718,0.10447971781305114,1.481,-0.062394391484409395
scene-0061,CAM_BACK_RIGHT,32,1,car,0.8241757750511169,-2.692140891174078,-23.905069551955517,0.7764753988553568,1.786453412123459,1.0678269183904838,0.9299035350837155,2.9881437733171334,-0.414205707708057,0.03928170594837262,0.07000000000000002,-2.692140891174078,-23.905069551955517,0.7764753988553568,1.786453412123459,1.0678269183904838,0.9299035350837155,2.9881437733171334,0.03928170594837262,0.07000000000000002,-0.414205707708057
scene-0061,CAM_BACK_RIGHT,32,2,car,0.9139785170555115,-16.271405130872086,-14.950137095610932,0.4403129344913579,4.401159963313264,2.0323781605230202,1.4897141812115926,-3.141204882007729,0.119848897377828,0.055303030303030305,0.7300000000000002,-16.271405130872086,-14.950137095610932,0.4403129344913579,4.401159963313264,2.0323781605230202,1.4897141812115926,-3.141204882007729,0.055303030303030305,0.7300000000000002,0.119848897377828
scene-0061,CAM_BACK_RIGHT,32,3,car,0.8439024686813354,-1.0415188199156664,-24.1583962673447,0.7256394451479279,2.0311397381702143,1.3268550914443553,1.1521210377479567,1.5874156724118604,-0.26087838143981257,0.05,0.15600000000000003,-1.0415188199156664,-24.1583962673447,0.7256394451479279,2.0311397381702143,1.3268550914443553,1.1521210377479567,1.5874156724118604,0.05,0.15600000000000003,-0.26087838143981257
scene-0061,CAM_BACK_RIGHT,32,4,car,0.8400000333786011,0.9101846869468336,-23.90828467416573,1.0169783034512856,1.513608142071332,0.9252240998346082,0.7702588461559658,2.626906048924749,-0.7617798236239588,0.03888888888888889,0.04200000000000001,0.9101846869468336,-23.90828467416573,1.0169783034512856,1.513608142071332,0.9252240998346082,0.7702588461559658,2.626906048924749,0.03888888888888889,0.04200000000000001,-0.7617798236239588
scene-0061,CAM_BACK_RIGHT,32,5,car,0.507692277431488,-18.947075959429775,-16.57049687574795,0.468666466146727,0.8358817124747162,0.7323246978395233,0.27179737737265564,1.906222602986498,-0.49733004750567966,0.0,0.0,-18.947075959429775,-16.57049687574795,0.468666466146727,0.8358817124747162,0.7323246978395233,0.27179737737265564,1.906222602986498,0.0,0.0,-0.49733004750567966
scene-0061,CAM_BACK_RIGHT,32,0,trailer,0.5151515007019043,3.0876956931537682,-14.464691466464387,1.2066396109028548,4.02799612066299,1.9360923952846996,2.7061130607377257,-3.0351554008841743,-0.08477866447354421,0.09108187134502924,1.8690000000000002,3.0876956931537682,-14.464691466464387,1.2066396109028548,4.02799612066299,1.9360923952846996,2.7061130607377257,-3.0351554008841743,0.09108187134502924,1.8690000000000002,-0.08477866447354421
scene-0061,CAM_BACK_RIGHT,32,1,trailer,0.604938268661499,-6.493550832714216,-14.680286779693972,1.7339496832478807,9.467602900981149,3.078918208996644,3.8079320374765655,-3.078059709075948,-0.06819724833661667,0.07764274863729782,8.689000000000002,-6.493550832714216,-14.680286779693972,1.7339496832478807,9.467602900981149,3.078918208996644,3.8079320374765655,-3.078059709075948,0.07764274863729782,8.689000000000002,-0.06819724833661667
scene-0061,CAM_FRONT,33,0,car,0.719298243522644,100.18449014023824,1.924228382780549,-0.182574586529065,1.6885792549198868,1.2345972732302286,0.8819606358099501,2.9153504088132376,1.6530665945738106,0.0,0.0,100.18449014023824,1.924228382780549,-0.182574586529065,1.6885792549198868,1.2345972732302286,0.8819606358099501,2.9153504088132376,0.0,0.0,1.6530665945738106
scene-0061,CAM_FRONT,33,1,car,0.9259259104728699,10.221643806392331,1.8047999951854958,1.1025579169665587,4.065507147981589,2.4558791497204364,1.8769058380182904,-2.6615388748255784,-0.06075484290189059,0.04590500641848524,0.8940000000000002,10.221643806392331,1.8047999951854958,1.1025579169665587,4.065507147981589,2.4558791497204364,1.8769058380182904,-2.6615388748255784,0.04590500641848524,0.8940000000000002,-0.06075484290189059
scene-0061,CAM_FRONT_RIGHT,33,0,car,0.8083832263946533,19.886530359614397,-23.636002931795936,1.0542961316951165,3.8182262674129035,1.772453641804021,1.2773498784797597,2.1420365443707845,-0.6108803164958403,0.03081421502474134,0.274,19.886530359614397,-23.636002931795936,1.0542961316951165,3.8182262674129035,1.772453641804021,1.2773498784797597,2.1420365443707845,0.03081421502474134,0.274,-0.6108803164958403
scene-0061,CAM_FRONT_RIGHT,33,1,car,0.597484290599823,10.516612211351493,-23.317949416604904,0.9098381899398621,2.052848654950017,1.2294600168941727,1.1145866085105445,0.9530636389919812,-0.5582976756588025,0.06313131313131314,0.17500000000000004,10.516612211351493,-23.317949416604904,0.9098381899398621,2.052848654950017,1.2294600168941727,1.1145866085105445,0.9530636389919812,0.06313131313131314,0.17500000000000004,-0.5582976756588025
scene-0061,CAM_FRONT_RIGHT,33,2,car,0.5631399154663086,12.791901348714998,-19.15618236398611,1.1019117095469884,1.2216167482462943,1.10596177979631,0.5001747285845616,1.1521240231002419,-1.0791327973840716,0.10909090909090909,0.07200000000000001,12.791901348714998,-19.15618236398611,1.1019117095469884,1.2216167482462943,1.10596177979631,0.5001747285845616,1.1521240231002419,0.10909090909090909,0.07200000000000001,-1.0791327973840716
scene-0061,CAM_FRONT_RIGHT,33,3,car,0.7229437232017517,24.283066268873696,-23.141641763719665,1.4536220861841813,3.2287770685727226,1.483140536677773,1.0662489942905167,-2.390290701824101,-1.1032096075287607,0.03598484848484849,0.19000000000000006,24.283066268873696,-23.141641763719665,1.4536220861841813,3.2287770685727226,1.483140536677773,1.0662489942905167,-2.390290701824101,0.03598484848484849,0.19000000000000006,-1.1032096075287607
scene-0061,CAM_FRONT_RIGHT,33,4,car,0.5661016702651978,27.45963882285599,-23.099967328920933,1.6814470726495359,2.4258229561714852,1.4638932021571165,1.2852228737270335,-2.5657736860535283,-1.2105589121627434,0.023931623931623933,0.11200000000000004,27.45963882285599,-23.099967328920933,1.6814470726495359,2.4258229561714852,1.4638932021571165,1.2852228737270335,-2.5657736860535283,0.023931623931623933,0.11200000000000004,-1.2105589121627434
scene-0061,CAM_FRONT_RIGHT,33,5,car,0.7620818018913269,13.723334735723508,-23.255235046065703,1.0102223481874333,1.7982493926931653,1.089940520299976,0.9277339123763859,-2.433257818494506,-0.7513092115125612,0.07463524130190796,0.13300000000000003,13.723334735723508,-23.255235046065703,1.0102223481874333,1.7982493926931653,1.089940520299976,0.9277339123763859,-2.433257818494506,0.07463524130190796,0.13300000000000003,-0.7513092115125612
scene-0061,CAM_FRONT_RIGHT,33,6,car,0.6521739363670349,11.995919583067922,-23.472152347925732,0.8393142698569588,1.5442088456658816,0.8851822942043537,0.8501467727763286,1.4942937416893596,-0.6190179305068728,0.023045267489711935,0.028000000000000008,11.995919583067922,-23.472152347925732,0.8393142698569588,1.5442088456658816,0.8851822942043537,0.8501467727763286,1.4942937416893596,0.023045267489711935,0.028000000000000008,-0.6190179305068728
scene-0061,CAM_FRONT_RIGHT,33,0,trailer,0.7500000596046448,3.661104894880757,-14.234157619476758,1.361730546697093,5.347530456394715,1.8151488795469088,2.9370528482619482,-3.1290099150599713,-0.15160003282918044,0.0757247162582231,2.0950000000000006,3.661104894880757,-14.234157619476758,1.361730546697093,5.347530456394715,1.8151488795469088,2.9370528482619482,-3.1290099150599713,0.0757247162582231,2.0950000000000006,-0.15160003282918044
scene-0061,CAM_BACK,33,0,car,0.5586206912994385,-41.54015712985877,-30.352361594091143,-0.5016387974782385,5.0112587476201895,3.056529893271346,1.4174404961594103,1.5899954653636126,1.0721190956163085,0.0029493087557603687,0.06400000000000002,-41.54015712985877,-30.352361594091143,-0.5016387974782385,5.0112587476201895,3.056529893271346,1.4174404961594103,1.5899954653636126,0.0029493087557603687,0.06400000000000002,1.0721190956163085
scene-0061,CAM_BACK,33,1,car,0.9298245906829834,-11.08853349184257,-11.157611347271384,0.4620201362966707,2.799889162960767,1.253102933039905,1.1999323757596096,2.6567470906929596,-0.05058504916683537,0.08012820512820513,0.35000000000000014,-11.08853349184257,-11.157611347271384,0.4620201362966707,2.799889162960767,1.253102933039905,1.1999323757596096,2.6567470906929596,0.08012820512820513,0.35000000000000014,-0.05058504916683537
scene-0061,CAM_BACK,33,2,car,0.9298245906829834,-17.4287432607798,-14.838646235113547,0.5670365808374392,4.634205615207664,2.158820434900342,1.6114399188264492,3.010445617071505,0.061012288807375636,0.04681324110671937,0.7580000000000002,-17.4287432607798,-14.838646235113547,0.5670365808374392,4.634205615207664,2.158820434900342,1.6114399188264492,3.010445617071505,0.04681324110671937,0.7580000000000002,0.061012288807375636
scene-0061,CAM_BACK,33,3,car,0.5897435545921326,-24.16464647056499,-23.763619656358287,0.9637888545070519,2.6211623310085264,0.47390839192931367,0.6193669508745038,2.0891729170490545,-0.8093811113486238,0.007692307692307693,0.006000000000000001,-24.16464647056499,-23.763619656358287,0.9637888545070519,2.6211623310085264,0.47390839192931367,0.6193669508745038,2.0891729170490545,0.007692307692307693,0.006000000000000001,-0.8093811113486238
scene-0061,CAM_BACK,33,4,car,0.8400000333786011,-72.58427579784075,-1.6906144974635833,-0.41386181180442483,5.265918621977505,2.389025782879303,1.9998642983709614,3.1291219081700445,1.3813990973248016,0.0,0.0,-72.58427579784075,-1.6906144974635833,-0.41386181180442483,5.265918621977505,2.389025782879303,1.9998642983709614,3.1291219081700445,0.0,0.0,1.3813990973248016
scene-0061,CAM_BACK,33,5,car,0.5857605338096619,-14.026094202047817,-3.154634575017338,0.15287362405334648,0.35897122253058544,0.24339201548445288,0.36846248271840687,1.2514534406002087,-0.024973272157567727,0.25,0.008000000000000002,-14.026094202047817,-3.154634575017338,0.15287362405334648,0.35897122253058544,0.24339201548445288,0.36846248271840687,1.2514534406002087,0.25,0.008000000000000002,-0.024973272157567727
scene-0061,CAM_BACK,33,0,motorcycle,0.7815700173377991,-9.002545124446176,6.707579929872978,1.3056312052647119,1.9260157640777464,1.0147831571150534,1.4566136784982417,2.7800890887361116,0.012279773312411923,0.24175438596491228,0.6890000000000002,-9.002545124446176,6.707579929872978,1.3056312052647119,1.9260157640777464,1.0147831571150534,1.4566136784982417,2.7800890887361116,0.24175438596491228,0.6890000000000002,0.012279773312411923
scene-0061,CAM_BACK,33,0,construction vehicle,0.9452055096626282,-16.055734181986217,-4.310025343680838,3.1992840176706965,4.763454429723855,3.029615845256828,6.552180534546597,1.483715690716938,0.013237180693910666,0.058333333333333334,5.544000000000001,-16.055734181986217,-4.310025343680838,3.1992840176706965,4.763454429723855,3.029615845256828,6.552180534546597,1.483715690716938,0.058333333333333334,5.544000000000001,0.013237180693910666
scene-0061,CAM_BACK,33,1,construction vehicle,0.7104072570800781,-18.55290580838025,-11.02433459474551,0.9266609675855686,4.247389487321231,2.6974975877675735,2.069320917905664,2.9654550600626917,-0.062258911457138355,0.05912488452170992,1.4080000000000006,-18.55290580838025,-11.02433459474551,0.9266609675855686,4.247389487321231,2.6974975877675735,2.069320917905664,2.9654550600626917,0.05912488452170992,1.4080000000000006,-0.062258911457138355
scene-0061,CAM_BACK_RIGHT,33,0,car,0.949367105960846,-9.571513491174775,-11.36924211775421,0.5763187368203104,4.5341087736788195,2.076507906438751,1.4539775602543181,2.927444224112967,-0.07789675228069104,0.11393298059964727,1.6150000000000002,-9.571513491174775,-11.36924211775421,0.5763187368203104,4.5341087736788195,2.076507906438751,1.4539775602543181,2.927444224112967,0.11393298059964727,1.6150000000000002,-0.07789675228069104
scene-0061,CAM_BACK_RIGHT,33,1,car,0.9064327478408813,-17.555393526380104,-14.891305424130344,0.18272122483650088,4.773150393033173,2.181284760251865,1.731584401834498,-3.086723807334781,0.48067234808430337,0.019552139037433153,0.3510000000000001,-17.555393526380104,-14.891305424130344,0.18272122483650088,4.773150393033173,2.181284760251865,1.731584401834498,-3.086723807334781,0.019552139037433153,0.3510000000000001,0.48067234808430337
scene-0061,CAM_BACK_RIGHT,33,2,car,0.7887788414955139,-2.0335836655725354,-24.078282665658833,0.7867158697008952,1.9378151372394683,1.2440917625935217,1.0186621061403225,1.841373222441863,-0.4677647938569913,0.052192982456140354,0.11900000000000004,-2.0335836655725354,-24.078282665658833,0.7867158697008952,1.9378151372394683,1.2440917625935217,1.0186621061403225,1.841373222441863,0.052192982456140354,0.11900000000000004,-0.4677647938569913
scene-0061,CAM_BACK_RIGHT,33,3,car,0.6952381134033203,-3.9901512324894166,-23.854015464826087,0.8448647793205267,2.019633848489624,0.9486276886469334,0.7271124391527157,3.0378634174263874,-0.6697074871943489,0.046825396825396826,0.05900000000000001,-3.9901512324894166,-23.854015464826087,0.8448647793205267,2.019633848489624,0.9486276886469334,0.7271124391527157,3.0378634174263874,0.046825396825396826,0.05900000000000001,-0.6697074871943489
scene-0061,CAM_BACK_RIGHT,33,4,car,0.5151515007019043,-24.739089050164463,-23.40107292037872,0.3535332620371215,1.4168340985128438,1.407277339571646,0.43695416929539166,0.9839132338382846,-0.2952350622532791,0.0,0.0,-24.739089050164463,-23.40107292037872,0.3535332620371215,1.4168340985128438,1.407277339571646,0.43695416929539166,0.9839132338382846,0.0,0.0,-0.2952350622532791
scene-0061,CAM_BACK_RIGHT,33,0,trailer,0.7264957427978516,-7.567481390409307,-14.531899566714188,1.6384570971903618,9.437085032459223,2.948522250410047,4.015014242958376,-3.1038628092515763,0.12789159848087328,0.08169479090242113,8.908000000000001,-7.567481390409307,-14.531899566714188,1.6384570971903618,9.437085032459223,2.948522250410047,4.015014242958376,-3.1038628092515763,0.08169479090242113,8.908000000000001,0.12789159848087328
scene-0061,CAM_BACK_RIGHT,33,1,trailer,0.6640419960021973,2.1672764724548825,-14.18758470645032,1.3169784015385346,5.127022567910867,1.7560006728385726,2.6960151987738596,-3.1017119245471267,-0.2251324621075832,0.11357217784233035,2.815000000000001,2.1672764724548825,-14.18758470645032,1.3169784015385346,5.127022567910867,1.7560006728385726,2.6960151987738596,-3.1017119245471267,0.11357217784233035,2.815000000000001,-0.2251324621075832
scene-0061,CAM_FRONT,34,0,car,0.9375000596046448,10.136463053232786,2.5065637120534863,1.1989662788896627,4.2364485846699615,2.4983938709311158,1.8783153627039044,-2.434764262149724,-0.07772251722498158,0.06075187969924812,1.2120000000000004,10.136463053232786,2.5065637120534863,1.1989662788896627,4.2364485846699615,2.4983938709311158,1.8783153627039044,-2.434764262149724,0.06075187969924812,1.2120000000000004,-0.07772251722498158
scene-0061,CAM_FRONT,34,1,car,0.7538461089134216,113.09816950906823,0.9027804473731484,-0.6881061183240041,1.6522161806273123,1.2171244716607816,1.1119551214379648,1.5761674870846911,1.8808987501489436,0.0,0.0,113.09816950906823,0.9027804473731484,-0.6881061183240041,1.6522161806273123,1.2171244716607816,1.1119551214379648,1.5761674870846911,0.0,0.0,1.8808987501489436
scene-0061,CAM_FRONT_RIGHT,34,0,car,0.6012461185455322,9.50921222135951,-23.63654158762909,0.9457706870997495,2.0002425635541647,1.1978115659575899,1.0517479926951818,-2.7968536411486355,-0.5992442654630046,0.023484848484848483,0.062000000000000006,9.50921222135951,-23.63654158762909,0.9457706870997495,2.0002425635541647,1.1978115659575899,1.0517479926951818,-2.7968536411486355,0.023484848484848483,0.062000000000000006,-0.5992442654630046
scene-0061,CAM_FRONT_RIGHT,34,1,car,0.5586206912994385,11.988792409094891,-18.83618824763901,1.2381574151260035,1.2252454005863571,0.2709128410789816,0.31046949325622086,-2.734789695820088,-1.2902280104568926,0.0,0.0,11.988792409094891,-18.83618824763901,1.2381574151260035,1.2252454005863571,0.2709128410789816,0.31046949325622086,-2.734789695820088,0.0,0.0,-1.2902280104568926
scene-0061,CAM_FRONT_RIGHT,34,2,car,0.7500000596046448,23.17791591981547,-23.25500568557485,1.4352269419135895,3.2021345152997314,1.5867193044534211,1.0802915654802838,-2.481922819310653,-1.0038448986401147,0.040482954545454544,0.22800000000000006,23.17791591981547,-23.25500568557485,1.4352269419135895,3.2021345152997314,1.5867193044534211,1.0802915654802838,-2.481922819310653,0.040482954545454544,0.22800000000000006,-1.0038448986401147
scene-0061,CAM_FRONT_RIGHT,34,3,car,0.5241636037826538,25.986008364299572,-23.223855366517967,1.5178031926460276,3.111381777444329,1.5165280027804044,1.103535350260811,-2.6428770461957667,-1.0572068268675432,0.029716520039100684,0.15200000000000002,25.986008364299572,-23.223855366517967,1.5178031926460276,3.111381777444329,1.5165280027804044,1.103535350260811,-2.6428770461957667,0.029716520039100684,0.15200000000000002,-1.0572068268675432
scene-0061,CAM_FRONT_RIGHT,34,4,car,0.7104072570800781,13.134468098560038,-23.659200693560095,1.008087083569077,1.8433896919027437,1.1745589406769597,0.9607583616934049,-2.660513628991242,-0.6982491891908804,0.021296296296296296,0.04600000000000001,13.134468098560038,-23.659200693560095,1.008087083569077,1.8433896919027437,1.1745589406769597,0.9607583616934049,-2.660513628991242,0.021296296296296296,0.04600000000000001,-0.6982491891908804
scene-0061,CAM_FRONT_RIGHT,34,5,car,0.827957034111023,18.46953845881472,-23.416789979213082,1.2614816066100154,3.259479547243109,1.494175766111443,1.130012174724748,-2.596660702293228,-0.8367251142936848,0.022405876951331498,0.12200000000000004,18.46953845881472,-23.416789979213082,1.2614816066100154,3.259479547243109,1.494175766111443,1.130012174724748,-2.596660702293228,0.022405876951331498,0.12200000000000004,-0.8367251142936848
scene-0061,CAM_FRONT_RIGHT,34,6,car,0.7104072570800781,11.108728665715777,-23.49512295828725,0.892836688673623,1.392090700733159,0.8336814478724293,0.6983906357192219,-2.580753677917738,-0.7240575375963911,0.025510204081632654,0.020000000000000004,11.108728665715777,-23.49512295828725,0.892836688673623,1.392090700733159,0.8336814478724293,0.6983906357192219,-2.580753677917738,0.025510204081632654,0.020000000000000004,-0.7240575375963911
scene-0061,CAM_FRONT_RIGHT,34,0,trailer,0.7064220309257507,2.81862441194223,-14.654821025842503,1.2235589242510687,4.17022241217677,2.3137213644651666,3.004585544910337,-3.01757112416683,0.0583963082928296,0.03771566597653554,1.0930000000000002,2.81862441194223,-14.654821025842503,1.2235589242510687,4.17022241217677,2.3137213644651666,3.004585544910337,-3.01757112416683,0.03771566597653554,1.0930000000000002,0.0583963082928296
scene-0061,CAM_BACK,34,0,car,0.7344398498535156,-50.03858876055943,-34.30575270313793,-0.3399508566077338,4.867560597252957,2.937036322084886,2.545949141608753,1.6347557044343215,1.6577134005776224,0.0016326530612244899,0.05800000000000001,-50.03858876055943,-34.30575270313793,-0.3399508566077338,4.867560597252957,2.937036322084886,2.545949141608753,1.6347557044343215,0.0016326530612244899,0.05800000000000001,1.6577134005776224
scene-0061,CAM_BACK,34,1,car,0.9375000596046448,-11.628028207361028,-11.076922954123024,0.6598337842533741,3.79464205148245,1.6444551858355396,1.2957319372430085,2.8747145339459697,-0.22141700255298957,0.08552631578947369,0.6760000000000002,-11.628028207361028,-11.076922954123024,0.6598337842533741,3.79464205148245,1.6444551858355396,1.2957319372430085,2.8747145339459697,0.08552631578947369,0.6760000000000002,-0.22141700255298957
scene-0061,CAM_BACK,34,2,car,0.9259259104728699,-18.88571765408197,-14.656468978197251,0.6043559008341287,4.4756140487452605,2.1357010174247044,1.5804272656082794,2.9752844527733098,0.04777786520308136,0.03955026455026455,0.5980000000000001,-18.88571765408197,-14.656468978197251,0.6043559008341287,4.4756140487452605,2.1357010174247044,1.5804272656082794,2.9752844527733098,0.03955026455026455,0.5980000000000001,0.04777786520308136
scene-0061,CAM_BACK,34,3,car,0.859649121761322,-68.79156475220546,-1.1222077370938774,-0.10056086131667735,4.661082875359014,2.157707884287299,1.9849993112668747,3.102433580921027,1.1878897186484179,0.0,0.0,-68.79156475220546,-1.1222077370938774,-0.10056086131667735,4.661082875359014,2.157707884287299,1.9849993112668747,3.102433580921027,0.0,0.0,1.1878897186484179
scene-0061,CAM_BACK,34,4,car,0.5631399154663086,-11.676603233445531,-2.5044703593393236,-0.22170710923783732,1.4168974865949888,0.33826210840730697,0.6412788610436806,-3.0512895768787347,0.4501256671190679,0.10317460317460317,0.026000000000000006,-11.676603233445531,-2.5044703593393236,-0.22170710923783732,1.4168974865949888,0.33826210840730697,0.6412788610436806,-3.0512895768787347,0.10317460317460317,0.026000000000000006,0.4501256671190679
scene-0061,CAM_BACK,34,0,truck,0.5661016702651978,-16.558281317213055,-18.019274057439663,1.2862731474382219,1.6369481437654727,1.1479645186517224,1.6656618387007458,-2.533643910906121,-0.5436750772089427,0.0,0.0,-16.558281317213055,-18.019274057439663,1.2862731474382219,1.6369481437654727,1.1479645186517224,1.6656618387007458,-2.533643910906121,0.0,0.0,-0.5436750772089427
scene-0061,CAM_BACK,34,0,construction vehicle,0.9336099624633789,-17.115905868814828,-4.207082814578741,3.2097385591791494,4.751062230246092,3.316746988970719,6.701738868326214,1.4671930273222547,0.026822189919641914,0.05100444745967134,5.413000000000001,-17.115905868814828,-4.207082814578741,3.2097385591791494,4.751062230246092,3.316746988970719,6.701738868326214,1.4671930273222547,0.05100444745967134,5.413000000000001,0.026822189919641914
scene-0061,CAM_BACK,34,1,construction vehicle,0.5460992455482483,-19.13974984238856,-10.557597636107971,0.9339005281445929,3.961223015259744,2.5271106167210196,1.9748295462242416,3.023446421012012,-0.11183777171986531,0.0745,1.4900000000000002,-19.13974984238856,-10.557597636107971,0.9339005281445929,3.961223015259744,2.5271106167210196,1.9748295462242416,3.023446421012012,0.0745,1.4900000000000002,-0.11183777171986531
scene-0061,CAM_BACK_RIGHT,34,0,car,0.9452055096626282,-10.84469788339897,-11.175469696446614,0.4964184274858331,4.53300272608761,2.0752625648788303,1.4898512281162228,2.980300503916011,0.017782136599744147,0.08296296296296296,1.1760000000000002,-10.84469788339897,-11.175469696446614,0.4964184274858331,4.53300272608761,2.0752625648788303,1.4898512281162228,2.980300503916011,0.08296296296296296,1.1760000000000002,0.017782136599744147
scene-0061,CAM_BACK_RIGHT,34,1,car,0.8160918951034546,-3.2994458876583557,-23.913017651229115,0.8459822368127466,1.6534353108967448,1.0096361886172822,0.7785265113565079,2.7478056447125927,-0.597548782693941,0.03529411764705882,0.04800000000000001,-3.2994458876583557,-23.913017651229115,0.8459822368127466,1.6534353108967448,1.0096361886172822,0.7785265113565079,2.7478056447125927,0.03529411764705882,0.04800000000000001,-0.597548782693941
scene-0061,CAM_BACK_RIGHT,34,2,car,0.8476190567016602,-17.508533012652318,-14.4670939292529,0.7993135653086276,2.584389497755918,1.2093113891954692,0.9607910307087923,0.9731195053588951,-0.5069994932640154,0.05576923076923077,0.17400000000000004,-17.508533012652318,-14.4670939292529,0.7993135653086276,2.584389497755918,1.2093113891954692,0.9607910307087923,0.9731195053588951,0.05576923076923077,0.17400000000000004,-0.5069994932640154
scene-0061,CAM_BACK_RIGHT,34,3,car,0.8400000333786011,-5.087701217794014,-23.840592923748698,0.8621724557095855,2.162406713006002,1.0439170292552795,0.7813724253665579,3.0692300481297594,-0.6106028580832981,0.08125,0.14300000000000004,-5.087701217794014,-23.840592923748698,0.8621724557095855,2.162406713006002,1.0439170292552795,0.7813724253665579,3.0692300481297594,0.08125,0.14300000000000004,-0.6106028580832981
scene-0061,CAM_BACK_RIGHT,34,0,trailer,0.7299578189849854,-8.977658005033666,-14.602685536345989,1.5500297414064583,9.508354591989352,3.2153709285836296,3.6744566037258206,3.0892447722265137,0.0608493854801031,0.066349573257468,7.463000000000003,-8.977658005033666,-14.602685536345989,1.5500297414064583,9.508354591989352,3.2153709285836296,3.6744566037258206,3.0892447722265137,0.066349573257468,7.463000000000003,0.0608493854801031
scene-0061,CAM_BACK_RIGHT,34,1,trailer,0.7142857313156128,1.5665253372420438,-14.155607163810696,1.336993058447007,5.425250600654433,2.146774572517339,3.0396249547873064,-3.0539639504034573,-0.04325494881496583,0.10899470899470899,3.708000000000001,1.5665253372420438,-14.155607163810696,1.336993058447007,5.425250600654433,2.146774572517339,3.0396249547873064,-3.0539639504034573,0.10899470899470899,3.708000000000001,-0.04325494881496583
scene-0061,CAM_FRONT,35,0,car,0.9298245906829834,9.601274489267697,3.0120714289763044,1.2766725932697538,4.747915821534266,2.6949991561011917,2.195817113031975,0.8983303797376868,0.055497967740900656,0.1309907586503331,3.6570000000000005,9.601274489267697,3.0120714289763044,1.2766725932697538,4.747915821534266,2.6949991561011917,2.195817113031975,0.8983303797376868,0.1309907586503331,3.6570000000000005,0.055497967740900656
scene-0061,CAM_FRONT,35,1,car,0.7770034670829773,113.11352291338817,-2.2043886039648393,-0.8525404099360784,1.5011303147546613,1.107285296717393,1.0429318056583392,1.3592280638322147,2.1883691367284133,0.0,0.0,113.11352291338817,-2.2043886039648393,-0.8525404099360784,1.5011303147546613,1.107285296717393,1.0429318056583392,1.3592280638322147,0.0,0.0,2.1883691367284133
scene-0061,CAM_FRONT_LEFT,35,0,car,0.9452055096626282,10.079728236367558,3.4595871425196307,1.1215985460867182,3.5099754493343767,2.029283839223568,1.8721044403129252,-2.378933369445836,0.2107753879941524,0.009548872180451128,0.12700000000000003,10.079728236367558,3.4595871425196307,1.1215985460867182,3.5099754493343767,2.029283839223568,1.8721044403129252,-2.378933369445836,0.009548872180451128,0.12700000000000003,0.2107753879941524
scene-0061,CAM_FRONT_RIGHT,35,0,car,0.827957034111023,16.847341422296154,-23.890669864836486,1.2407021793187911,3.1824658200042073,1.7172748965517997,1.1309856938845646,0.992187706826295,-0.8427678236065198,0.02857620320855615,0.17100000000000004,16.847341422296154,-23.890669864836486,1.2407021793187911,3.1824658200042073,1.7172748965517997,1.1309856938845646,0.992187706826295,0.02857620320855615,0.17100000000000004,-0.8427678236065198
scene-0061,CAM_FRONT_RIGHT,35,1,car,0.5747508406639099,6.5231381979249665,-23.50979701931969,0.8281850057137854,1.6289775940775502,1.0389891607762216,0.7881700493535773,-2.81292804074959,-0.6320955245169162,0.08828125,0.11300000000000003,6.5231381979249665,-23.50979701931969,0.8281850057137854,1.6289775940775502,1.0389891607762216,0.7881700493535773,-2.81292804074959,0.08828125,0.11300000000000003,-0.6320955245169162
scene-0061,CAM_FRONT_RIGHT,35,2,car,0.8048780560493469,23.211849895121833,-25.74943796385738,1.1768404886481176,3.479146858019064,1.6615349772566859,1.2380148953558838,1.2762112179254879,-0.6538790342386656,0.006442577030812325,0.046000000000000006,23.211849895121833,-25.74943796385738,1.1768404886481176,3.479146858019064,1.6615349772566859,1.2380148953558838,1.2762112179254879,0.006442577030812325,0.046000000000000006,-0.6538790342386656
scene-0061,CAM_FRONT_RIGHT,35,3,car,0.5241636037826538,25.078152726460452,-24.71865196936323,1.2350226407738178,3.753159035511054,2.395760910925727,1.0640480193804571,1.347659814608285,-0.7868343148466165,0.010067783094098883,0.10100000000000002,25.078152726460452,-24.71865196936323,1.2350226407738178,3.753159035511054,2.395760910925727,1.0640480193804571,1.347659814608285,0.010067783094098883,0.10100000000000002,-0.7868343148466165
scene-0061,CAM_FRONT_RIGHT,35,4,car,0.6012461185455322,11.368026949381015,-23.5477119217857,0.9994314451565407,0.931682386001591,0.45420795085349397,0.3432115655126803,-2.705238580731867,-1.0486354797143485,0.08888888888888889,0.012000000000000004,11.368026949381015,-23.5477119217857,0.9994314451565407,0.931682386001591,0.45420795085349397,0.3432115655126803,-2.705238580731867,0.08888888888888889,0.012000000000000004,-1.0486354797143485
scene-0061,CAM_FRONT_RIGHT,35,5,car,0.7344398498535156,9.441717369830865,-23.744248513424147,0.73279226470269,2.0282952293428274,0.9377314355480753,0.8464141634874529,1.5297040809498847,-0.5291520646156103,0.08541666666666667,0.12300000000000004,9.441717369830865,-23.744248513424147,0.73279226470269,2.0282952293428274,0.9377314355480753,0.8464141634874529,1.5297040809498847,0.08541666666666667,0.12300000000000004,-0.5291520646156103
scene-0061,CAM_FRONT_RIGHT,35,0,trailer,0.507692277431488,1.5670310932731806,-14.318941986571701,1.0148946795552276,3.7247551821027565,1.4105876071720456,3.287435215908946,-2.9126817621159846,0.3796284255687401,0.04966654966654967,0.8490000000000002,1.5670310932731806,-14.318941986571701,1.0148946795552276,3.7247551821027565,1.4105876071720456,3.287435215908946,-2.9126817621159846,0.04966654966654967,0.8490000000000002,0.3796284255687401
scene-0061,CAM_BACK,35,0,car,0.6952381134033203,-70.65965739611292,-43.332055118979554,-1.230432458401842,4.892117949771901,2.799689786694806,2.6662093790478054,1.3532333313182292,2.4397997233136994,0.0,0.0,-70.65965739611292,-43.332055118979554,-1.230432458401842,4.892117949771901,2.799689786694806,2.6662093790478054,1.3532333313182292,0.0,0.0,2.4397997233136994
scene-0061,CAM_BACK,35,1,car,0.9336099624633789,-12.678305524553013,-10.5490284773257,0.7232861881253171,4.676153815189269,2.126064784641015,1.521316311955384,2.7447102042633436,-0.15984662908289726,0.10543735224586288,1.5610000000000004,-12.678305524553013,-10.5490284773257,0.7232861881253171,4.676153815189269,2.126064784641015,1.521316311955384,2.7447102042633436,0.10543735224586288,1.5610000000000004,-0.15984662908289726
scene-0061,CAM_BACK,35,2,car,0.9101123809814453,-20.347783835390178,-13.855723240780032,0.7233623358644856,4.020988522586093,1.9466090497348212,1.4464856886695534,2.877639821702547,-0.1503614625456391,0.03101503759398496,0.33000000000000007,-20.347783835390178,-13.855723240780032,0.7233623358644856,4.020988522586093,1.9466090497348212,1.4464856886695534,2.877639821702547,0.03101503759398496,0.33000000000000007,-0.1503614625456391
scene-0061,CAM_BACK,35,3,car,0.827957034111023,-70.89539715510351,0.9209817627386171,0.04732565826212415,4.472576128685091,2.2604436194349944,1.5713935560371404,3.121886301281224,0.8699060538003303,0.0,0.0,-70.89539715510351,0.9209817627386171,0.04732565826212415,4.472576128685091,2.2604436194349944,1.5713935560371404,3.121886301281224,0.0,0.0,0.8699060538003303
scene-0061,CAM_BACK,35,0,motorcycle,0.8202247023582458,-10.828863265305532,6.973924736141696,1.2942567797656934,1.8833392459623823,1.2723501896660372,1.3489610453855208,2.7181431643853577,-0.06763292173052582,0.25568358766739335,0.8210000000000003,-10.828863265305532,6.973924736141696,1.2942567797656934,1.8833392459623823,1.2723501896660372,1.3489610453855208,2.7181431643853577,0.25568358766739335,0.8210000000000003,-0.06763292173052582
scene-0061,CAM_BACK,35,0,truck,0.8904109597206116,-13.966424169579158,-13.92422066303477,1.8306355665543312,4.770080341243089,1.5982955421023046,2.4946744830614525,3.117468382709657,-0.7485099131679074,0.04953125,0.9510000000000001,-13.966424169579158,-13.92422066303477,1.8306355665543312,4.770080341243089,1.5982955421023046,2.4946744830614525,3.117468382709657,0.04953125,0.9510000000000001,-0.7485099131679074
scene-0061,CAM_BACK,35,0,construction vehicle,0.5114504098892212,-20.73128620633653,-10.416372428809597,0.9117127432717362,4.2453758525141545,2.4383529256218175,2.0540757386921467,1.3608795619623262,-0.062100422359920415,0.06023242630385488,1.2750000000000004,-20.73128620633653,-10.416372428809597,0.9117127432717362,4.2453758525141545,2.4383529256218175,2.0540757386921467,1.3608795619623262,0.06023242630385488,1.2750000000000004,-0.062100422359920415
scene-0061,CAM_BACK,35,1,construction vehicle,0.941605806350708,-18.38707423345648,-3.668505126713356,3.2318591452264744,4.908466171204206,3.292306912783335,6.596400156548283,1.3930252826753382,-0.07816239217625576,0.04664455313805963,4.978000000000001,-18.38707423345648,-3.668505126713356,3.2318591452264744,4.908466171204206,3.292306912783335,6.596400156548283,1.3930252826753382,0.04664455313805963,4.978000000000001,-0.07816239217625576
scene-0061,CAM_BACK_RIGHT,35,0,car,0.941605806350708,-12.593087085076258,-10.897025770716235,0.1921213552103908,4.743851075623004,2.1865195609883212,1.5740723917617498,3.1382222083313938,0.38366931876744603,0.050169245647969055,0.8300000000000003,-12.593087085076258,-10.897025770716235,0.1921213552103908,4.743851075623004,2.1865195609883212,1.5740723917617498,3.1382222083313938,0.050169245647969055,0.8300000000000003,0.38366931876744603
scene-0061,CAM_BACK_RIGHT,35,1,car,0.8012422323226929,-6.384031680342995,-23.65253853191361,0.7565692669635328,1.9518336880317944,0.66846280157705,0.7488614141305068,2.8037226719941355,-0.4918825946058256,0.04285714285714286,0.04200000000000001,-6.384031680342995,-23.65253853191361,0.7565692669635328,1.9518336880317944,0.66846280157705,0.7488614141305068,2.8037226719941355,0.04285714285714286,0.04200000000000001,-0.4918825946058256
scene-0061,CAM_BACK_RIGHT,35,0,trailer,0.6995305418968201,-9.918283210912783,-14.355882786318212,1.5933741983674694,7.910152756621923,2.796806936831251,3.9584984010673328,3.0971902794577715,0.16817843975679603,0.0638110307414105,5.646000000000002,-9.918283210912783,-14.355882786318212,1.5933741983674694,7.910152756621923,2.796806936831251,3.9584984010673328,3.0971902794577715,0.0638110307414105,5.646000000000002,0.16817843975679603
scene-0061,CAM_BACK_RIGHT,35,1,trailer,0.6800000071525574,0.3616373642454273,-14.406366252184803,1.3367154501124932,6.1655806597287075,2.4174304882802566,3.3810224492098224,-3.107325649377509,0.1233038978902452,0.07902435167615433,3.998000000000001,0.3616373642454273,-14.406366252184803,1.3367154501124932,6.1655806597287075,2.4174304882802566,3.3810224492098224,-3.107325649377509,0.07902435167615433,3.998000000000001,0.1233038978902452
scene-0061,CAM_FRONT,36,0,car,0.9179486632347107,8.959197277506997,3.3010857391957553,1.3678496766298123,4.465215891093683,2.450549788222541,2.048874819424044,1.0870319425781914,0.04598785763207536,0.12,2.7000000000000006,8.959197277506997,3.3010857391957553,1.3678496766298123,4.465215891093683,2.450549788222541,2.048874819424044,1.0870319425781914,0.12,2.7000000000000006,0.04598785763207536
scene-0061,CAM_FRONT,36,1,car,0.7655677795410156,127.07963132198878,-8.437197811759559,-1.4505229374221795,1.7479226571013569,1.7649688944841415,1.0804059182595487,1.4902072687446026,2.200042746260511,0.0,0.0,127.07963132198878,-8.437197811759559,-1.4505229374221795,1.7479226571013569,1.7649688944841415,1.0804059182595487,1.4902072687446026,0.0,0.0,2.200042746260511
scene-0061,CAM_FRONT,36,2,car,0.6332378387451172,124.31713474515962,-10.505515231777682,-0.9440161005272119,1.3940967811234373,1.2231117319299916,0.4743636197111796,-3.1155913951965326,1.347838132455403,0.0,0.0,124.31713474515962,-10.505515231777682,-0.9440161005272119,1.3940967811234373,1.2231117319299916,0.4743636197111796,-3.1155913951965326,0.0,0.0,1.347838132455403
scene-0061,CAM_FRONT,36,0,bicycle,0.7142857313156128,17.57387198565748,3.1366503728440893,0.9081479921935454,1.7359604941490883,0.8617709749892359,1.0991153866614716,1.1906639344108678,0.024915045528059565,0.08912655971479501,0.15000000000000005,17.57387198565748,3.1366503728440893,0.9081479921935454,1.7359604941490883,0.8617709749892359,1.0991153866614716,1.1906639344108678,0.08912655971479501,0.15000000000000005,0.024915045528059565
scene-0061,CAM_FRONT_LEFT,36,0,car,0.949367105960846,9.026695444341852,4.033989408131113,1.2228382625496326,3.848334636769856,2.021222676486558,2.056109484825348,1.0001743837598904,0.12413294967543465,0.07030075187969925,1.1220000000000003,9.026695444341852,4.033989408131113,1.2228382625496326,3.848334636769856,2.021222676486558,2.056109484825348,1.0001743837598904,0.07030075187969925,1.1220000000000003,0.12413294967543465
scene-0061,CAM_FRONT_RIGHT,36,0,car,0.6483516097068787,22.68220796141336,-25.572499735501548,1.377645015720358,2.8777352569299453,2.0676767329375636,1.060897105926482,-2.92564916797103,-1.0924319207735125,0.004776832363039259,0.03200000000000001,22.68220796141336,-25.572499735501548,1.377645015720358,2.8777352569299453,2.0676767329375636,1.060897105926482,-2.92564916797103,0.004776832363039259,0.03200000000000001,-1.0924319207735125
scene-0061,CAM_FRONT_RIGHT,36,1,car,0.827957034111023,19.195641744927915,-24.696741548139823,1.2338443191681927,2.801749243820697,1.294408358928468,1.0036243352779595,0.9218639001649968,-0.9923085287302933,0.031043956043956045,0.11300000000000003,19.195641744927915,-24.696741548139823,1.2338443191681927,2.801749243820697,1.294408358928468,1.0036243352779595,0.9218639001649968,0.031043956043956045,0.11300000000000003,-0.9923085287302933
scene-0061,CAM_FRONT_RIGHT,36,2,car,0.6444444060325623,5.318977342149671,-24.01571944691982,0.9465903095401489,2.196784764817613,1.320634883522949,1.070507941960778,-2.4927203400025535,-0.6925267637173069,0.05435473617291799,0.17100000000000004,5.318977342149671,-24.01571944691982,0.9465903095401489,2.196784764817613,1.320634883522949,1.070507941960778,-2.4927203400025535,0.05435473617291799,0.17100000000000004,-0.6925267637173069
scene-0061,CAM_FRONT_RIGHT,36,3,car,0.7968254089355469,2.2189294494824976,-23.736654663979532,0.7620383625598276,1.1894046306518589,0.6872970291831422,0.606203390462382,-2.873700572115382,-0.716166978960793,0.06944444444444445,0.03500000000000001,2.2189294494824976,-23.736654663979532,0.7620383625598276,1.1894046306518589,0.6872970291831422,0.606203390462382,-2.873700572115382,0.06944444444444445,0.03500000000000001,-0.716166978960793
scene-0061,CAM_FRONT_RIGHT,36,4,car,0.6167664527893066,9.325299086716477,-18.968660674775737,1.1074347469184112,1.7959640995982395,0.8386728345560677,0.6080067408957823,-2.4661352626603095,-1.1165946569575804,0.059027777777777776,0.05100000000000001,9.325299086716477,-18.968660674775737,1.1074347469184112,1.7959640995982395,0.8386728345560677,0.6080067408957823,-2.4661352626603095,0.059027777777777776,0.05100000000000001,-1.1165946569575804
scene-0061,CAM_FRONT_RIGHT,36,5,car,0.8476190567016602,14.612567176277281,-24.4886095667046,1.1182268786431835,2.780759401906054,1.281472338303839,0.9633681581445749,-2.853613279365158,-0.9204904461887855,0.06291208791208791,0.22900000000000006,14.612567176277281,-24.4886095667046,1.1182268786431835,2.780759401906054,1.281472338303839,0.9633681581445749,-2.853613279365158,0.06291208791208791,0.22900000000000006,-0.9204904461887855
scene-0061,CAM_FRONT_RIGHT,36,6,car,0.8012422323226929,7.6508910111255855,-24.0767788660544,0.9334022906259989,1.8382841814080604,0.9483107974851386,0.805698495459806,-2.723298260256345,-0.8228126168325582,0.04552469135802469,0.05900000000000001,7.6508910111255855,-24.0767788660544,0.9334022906259989,1.8382841814080604,0.9483107974851386,0.805698495459806,-2.723298260256345,0.04552469135802469,0.05900000000000001,-0.8228126168325582
scene-0061,CAM_BACK,36,0,car,0.9024390578269958,-22.19284787678041,-12.72797252827604,0.799688937200977,4.026229119537284,1.8181500549276777,1.3344249565030681,2.7006306737908026,-0.25814614693581683,0.03344017094017094,0.3130000000000001,-22.19284787678041,-12.72797252827604,0.799688937200977,4.026229119537284,1.8181500549276777,1.3344249565030681,2.7006306737908026,0.03344017094017094,0.3130000000000001,-0.25814614693581683
scene-0061,CAM_BACK,36,1,car,0.949367105960846,-14.194625419639067,-10.10763765447817,0.6718010819111764,5.08142526127615,2.4156535829899024,1.5336158808624325,2.8415228566844757,-0.08703684289025371,0.10550108932461874,1.9370000000000005,-14.194625419639067,-10.10763765447817,0.6718010819111764,5.08142526127615,2.4156535829899024,1.5336158808624325,2.8415228566844757,0.10550108932461874,1.9370000000000005,-0.08703684289025371
scene-0061,CAM_BACK,36,2,car,0.827957034111023,-71.80656614139907,4.2726567580927854,0.3689257793407339,4.337325397155723,2.441537719526864,2.2340249487591346,3.0784747148029825,0.9030632716055296,0.0,0.0,-71.80656614139907,4.2726567580927854,0.3689257793407339,4.337325397155723,2.441537719526864,2.2340249487591346,3.0784747148029825,0.0,0.0,0.9030632716055296
scene-0061,CAM_BACK,36,0,motorcycle,0.827957034111023,-11.666931961939738,7.664154602174138,1.3182813815428578,1.6754753571917487,1.1073005709300028,1.2187044292338776,2.8014815839201046,-0.11972998155452008,0.27228163992869875,0.6110000000000002,-11.666931961939738,7.664154602174138,1.3182813815428578,1.6754753571917487,1.1073005709300028,1.2187044292338776,2.8014815839201046,0.27228163992869875,0.6110000000000002,-0.11972998155452008
scene-0061,CAM_BACK,36,0,truck,0.921951174736023,-14.813938972522482,-13.667483456539596,1.5145635363122554,7.006337626167335,2.2603059989488745,3.429965481083735,-3.0055564143547655,0.013020383114118239,0.031640482279868466,1.7320000000000004,-14.813938972522482,-13.667483456539596,1.5145635363122554,7.006337626167335,2.2603059989488745,3.429965481083735,-3.0055564143547655,0.031640482279868466,1.7320000000000004,0.013020383114118239
scene-0061,CAM_BACK,36,0,construction vehicle,0.5151515007019043,-22.504045182525537,-9.260433109180797,0.9372966235516093,3.687356140464148,2.216370246723965,1.9243987826108124,2.7078332837102748,-0.08660063960532627,0.05832147937411095,0.9020000000000001,-22.504045182525537,-9.260433109180797,0.9372966235516093,3.687356140464148,2.216370246723965,1.9243987826108124,2.7078332837102748,0.05832147937411095,0.9020000000000001,-0.08660063960532627
scene-0061,CAM_BACK,36,1,construction vehicle,0.9375000596046448,-19.68841312376055,-2.8775022291389014,3.397678420993673,4.9766095047231556,2.8759159300091177,6.453587826647453,1.4756581038622607,-0.18430459029867308,0.03945888594164456,3.7190000000000007,-19.68841312376055,-2.8775022291389014,3.397678420993673,4.9766095047231556,2.8759159300091177,6.453587826647453,1.4756581038622607,0.03945888594164456,3.7190000000000007,-0.18430459029867308
scene-0061,CAM_BACK_RIGHT,36,0,car,0.8904109597206116,-13.268991299341215,-10.220992636424452,0.06552815791565736,2.7526868144747354,1.5237137376891017,1.293804894927131,3.089569626205568,0.3715588171834825,0.013553113553113554,0.07400000000000002,-13.268991299341215,-10.220992636424452,0.06552815791565736,2.7526868144747354,1.5237137376891017,1.293804894927131,3.089569626205568,0.013553113553113554,0.07400000000000002,0.3715588171834825
scene-0061,CAM_BACK_RIGHT,36,1,car,0.7229437232017517,1.992662926852515,-23.825834225969977,0.748929191543849,1.1222449212797656,0.6533417739488729,0.5756898324216575,1.560670716567195,-0.6402691293636293,0.0367965367965368,0.017000000000000005,1.992662926852515,-23.825834225969977,0.748929191543849,1.1222449212797656,0.6533417739488729,0.5756898324216575,1.560670716567195,0.0367965367965368,0.017000000000000005,-0.6402691293636293
scene-0061,CAM_BACK_RIGHT,36,2,car,0.597484290599823,4.90674424937815,-24.23978566693504,1.070934261839826,1.9363058598682263,1.1852505638113513,0.9530003104209621,3.1244916082459606,-0.777768338005993,0.015350877192982455,0.03500000000000001,4.90674424937815,-24.23978566693504,1.070934261839826,1.9363058598682263,1.1852505638113513,0.9530003104209621,3.1244916082459606,0.015350877192982455,0.03500000000000001,-0.777768338005993
scene-0061,CAM_BACK_RIGHT,36,0,trailer,0.7575758099555969,-12.113624464807268,-13.65947058808523,1.627071717199732,8.43591792959365,2.77491346655942,3.6429286792891267,3.08286009198178,-0.016185014512337226,0.05823648904006047,4.931000000000002,-12.113624464807268,-13.65947058808523,1.627071717199732,8.43591792959365,2.77491346655942,3.6429286792891267,3.08286009198178,0.05823648904006047,4.931000000000002,-0.016185014512337226
scene-0061,CAM_BACK_RIGHT,36,1,trailer,0.7104072570800781,-1.5724359409275719,-14.183921000908384,1.287587110410743,6.164774448580311,2.3908768603714705,3.319570628822868,3.097168724575775,0.1419518985349928,0.0978128054740958,4.803000000000001,-1.5724359409275719,-14.183921000908384,1.287587110410743,6.164774448580311,2.3908768603714705,3.319570628822868,3.097168724575775,0.0978128054740958,4.803000000000001,0.1419518985349928
scene-0061,CAM_FRONT,37,0,car,0.7500000596046448,7.923800874243172,3.2265357429460515,1.3652542188663794,3.5918707018681877,1.8871131051725003,1.8585452165546406,1.0722655268555137,0.0053081719350497325,0.09964604493690367,1.2950000000000004,7.923800874243172,3.2265357429460515,1.3652542188663794,3.5918707018681877,1.8871131051725003,1.8585452165546406,1.0722655268555137,0.09964604493690367,1.2950000000000004,0.0053081719350497325
scene-0061,CAM_FRONT,37,1,car,0.6246334314346313,116.01385660182207,-17.051830179780744,-2.1819697053044145,1.430575736418362,0.8191766590953264,1.0243099431281508,3.0955801549432587,2.408888348028234,0.0,0.0,116.01385660182207,-17.051830179780744,-2.1819697053044145,1.430575736418362,0.8191766590953264,1.0243099431281508,3.0955801549432587,0.0,0.0,2.408888348028234
scene-0061,CAM_FRONT,37,2,car,0.518796980381012,114.41623057172956,-18.797029945727683,-1.994256617415763,1.312227683944144,1.317730714653898,0.3468509912948292,2.4486745331309545,1.8921474832414003,0.0,0.0,114.41623057172956,-18.797029945727683,-1.994256617415763,1.312227683944144,1.317730714653898,0.3468509912948292,2.4486745331309545,0.0,0.0,1.8921474832414003
scene-0061,CAM_FRONT,37,0,bicycle,0.6167664527893066,16.637698143507404,1.8969297041537685,0.8794652640531061,1.4292382984676806,0.7125072260339813,0.9050618494053138,1.1005844910911866,-0.06454090053437866,0.06235827664399093,0.055000000000000014,16.637698143507404,1.8969297041537685,0.8794652640531061,1.4292382984676806,0.7125072260339813,0.9050618494053138,1.1005844910911866,0.06235827664399093,0.055000000000000014,-0.06454090053437866
scene-0061,CAM_FRONT,37,1,bicycle,0.8358974456787109,15.679671534965347,2.6914902549578312,0.9638088622504898,1.679016976691411,0.8282822381082369,1.0743544966267924,1.6601898825348884,0.03829653623990836,0.1657754010695187,0.24800000000000008,15.679671534965347,2.6914902549578312,0.9638088622504898,1.679016976691411,0.8282822381082369,1.0743544966267924,1.6601898825348884,0.1657754010695187,0.24800000000000008,0.03829653623990836
scene-0061,CAM_FRONT_LEFT,37,0,car,0.9375000596046448,8.237840968922603,4.179379829612584,1.3233988028284527,4.646986916950354,2.1774223282103353,2.2592753745798904,1.1614516498621528,0.34797977877911945,0.09627942945523285,2.2410000000000005,8.237840968922603,4.179379829612584,1.3233988028284527,4.646986916950354,2.1774223282103353,2.2592753745798904,1.1614516498621528,0.09627942945523285,2.2410000000000005,0.34797977877911945
scene-0061,CAM_FRONT_RIGHT,37,0,car,0.597484290599823,2.711066649748497,-24.726083361800118,0.5483678339020133,1.7538434590305751,1.0657221921905524,0.853279564771192,-2.434490648222931,-0.43883572897613404,0.018518518518518517,0.03300000000000001,2.711066649748497,-24.726083361800118,0.5483678339020133,1.7538434590305751,1.0657221921905524,0.853279564771192,-2.434490648222931,0.018518518518518517,0.03300000000000001,-0.43883572897613404
scene-0061,CAM_FRONT_RIGHT,37,1,car,0.5540069937705994,19.64689330584006,-26.938834841045292,1.288155974488138,2.63995037133399,1.8712900526750715,1.0118825626047636,-2.485218199635139,-1.122942976114223,0.0018218623481781376,0.009000000000000003,19.64689330584006,-26.938834841045292,1.288155974488138,2.63995037133399,1.8712900526750715,1.0118825626047636,-2.485218199635139,0.0018218623481781376,0.009000000000000003,-1.122942976114223
scene-0061,CAM_FRONT_RIGHT,37,2,car,0.6097560524940491,8.418947397123818,-25.143844477858966,0.9026157288246645,2.200339432380874,1.300274696536988,1.0363174419878274,-2.3876216847854255,-0.7292835869246839,0.02762237762237762,0.07900000000000001,8.418947397123818,-25.143844477858966,0.9026157288246645,2.200339432380874,1.300274696536988,1.0363174419878274,-2.3876216847854255,0.02762237762237762,0.07900000000000001,-0.7292835869246839
scene-0061,CAM_FRONT_RIGHT,37,3,car,0.8202247023582458,11.85081044722804,-25.733850091926847,0.8222692812815551,2.7886508002076056,1.2674333430644396,0.901888311659794,1.259501928811504,-0.720806350465391,0.03296703296703297,0.10800000000000003,11.85081044722804,-25.733850091926847,0.8222692812815551,2.7886508002076056,1.2674333430644396,0.901888311659794,1.259501928811504,0.03296703296703297,0.10800000000000003,-0.720806350465391
scene-0061,CAM_FRONT_RIGHT,37,4,car,0.7575758099555969,16.826979935089664,-26.158021809795517,1.2304620515303613,2.3340559747704317,1.3470292835037903,1.0597687096330883,0.7959394440777838,-1.049060603532207,0.028884159318941928,0.09500000000000001,16.826979935089664,-26.158021809795517,1.2304620515303613,2.3340559747704317,1.3470292835037903,1.0597687096330883,0.7959394440777838,0.028884159318941928,0.09500000000000001,-1.049060603532207
scene-0061,CAM_FRONT_RIGHT,37,5,car,0.6483516097068787,9.349428903636356,-25.232465205140148,0.6453568670625207,1.0891207469713073,0.6380000555123324,0.5499544713943063,1.1389845138633432,-0.717951123560497,0.051515151515151514,0.017000000000000005,9.349428903636356,-25.232465205140148,0.6453568670625207,1.0891207469713073,0.6380000555123324,0.5499544713943063,1.1389845138633432,0.051515151515151514,0.017000000000000005,-0.717951123560497
scene-0061,CAM_FRONT_RIGHT,37,6,car,0.7770034670829773,5.160575851018553,-24.771561971173778,0.674323248978177,2.0093231271564704,0.9851661170453312,0.7476541406370623,1.1565126788317295,-0.6327552972166222,0.037142857142857144,0.05200000000000002,5.160575851018553,-24.771561971173778,0.674323248978177,2.0093231271564704,0.9851661170453312,0.7476541406370623,1.1565126788317295,0.037142857142857144,0.05200000000000002,-0.6327552972166222
scene-0061,CAM_BACK,37,0,car,0.8632478713989258,-25.577366421201923,-11.184419774256757,0.6615323708971829,3.8452814345330157,1.7685160136655753,1.293382427735234,2.464515251459535,-0.19528757316916856,0.017543859649122806,0.156,-25.577366421201923,-11.184419774256757,0.6615323708971829,3.8452814345330157,1.7685160136655753,1.293382427735234,2.464515251459535,0.017543859649122806,0.156,-0.19528757316916856
scene-0061,CAM_BACK,37,1,car,0.9375000596046448,-16.301263170374224,-9.011943765178406,0.6354261029416997,4.826208168796798,2.1655478505131107,1.5106297315178123,2.785268971773914,-0.09135909856813895,0.09892676767676768,1.5670000000000004,-16.301263170374224,-9.011943765178406,0.6354261029416997,4.826208168796798,2.1655478505131107,1.5106297315178123,2.785268971773914,0.09892676767676768,1.5670000000000004,-0.09135909856813895
scene-0061,CAM_BACK,37,2,car,0.827957034111023,-34.8848567226501,16.079228807356085,-15.707976714353737,18.32223900251293,7.958927439030215,7.036715096056852,2.9863433407195963,19.459421280514373,0.0,0.0,-34.8848567226501,16.079228807356085,-15.707976714353737,18.32223900251293,7.958927439030215,7.036715096056852,2.9863433407195963,0.0,0.0,19.459421280514373
scene-0061,CAM_BACK,37,0,motorcycle,0.7419355511665344,-12.820453630095122,8.895866519349802,1.4774555952249828,1.9850798463263946,1.11738477589005,1.590730432768376,2.799378857124735,-0.078148521026006,0.10710227272727273,0.3770000000000001,-12.820453630095122,8.895866519349802,1.4774555952249828,1.9850798463263946,1.11738477589005,1.590730432768376,2.799378857124735,0.10710227272727273,0.3770000000000001,-0.078148521026006
scene-0061,CAM_BACK,37,0,truck,0.949367105960846,-15.171194180582686,-12.409544902892971,1.392974011512129,8.237317508330422,2.4433410772338178,3.943087569216226,3.004700296242714,0.3444091412009187,0.04924953095684803,3.780000000000001,-15.171194180582686,-12.409544902892971,1.392974011512129,8.237317508330422,2.4433410772338178,3.943087569216226,3.004700296242714,0.04924953095684803,3.780000000000001,0.3444091412009187
scene-0061,CAM_BACK,37,0,construction vehicle,0.507692277431488,-23.932146909678035,-7.424177234731613,0.8473380355970787,3.3369196278165667,2.259965472522648,1.7809305849879518,2.7342570637083976,-0.1040727761717597,0.06887717757282975,0.9410000000000003,-23.932146909678035,-7.424177234731613,0.8473380355970787,3.3369196278165667,2.259965472522648,1.7809305849879518,2.7342570637083976,0.06887717757282975,0.9410000000000003,-0.1040727761717597
scene-0061,CAM_BACK,37,1,construction vehicle,0.9298245906829834,-21.25809809111018,-1.3423666620898562,3.2924648512743153,5.038146769960452,2.609756300002555,6.3186988574652245,1.3889157272537167,-0.12751647513588793,0.03611721611721612,2.958000000000001,-21.25809809111018,-1.3423666620898562,3.2924648512743153,5.038146769960452,2.609756300002555,6.3186988574652245,1.3889157272537167,0.03611721611721612,2.958000000000001,-0.12751647513588793
scene-0061,CAM_BACK_RIGHT,37,0,car,0.7037037014961243,-0.6845299433150698,-24.188859524956314,0.5270016640570383,1.9397408720251548,1.1499403073368866,1.2301741780062443,1.647365717867767,-0.1794909119145729,0.033891547049441785,0.085,-0.6845299433150698,-24.188859524956314,0.5270016640570383,1.9397408720251548,1.1499403073368866,1.2301741780062443,1.647365717867767,0.033891547049441785,0.085,-0.1794909119145729
scene-0061,CAM_BACK_RIGHT,37,1,car,0.7538461089134216,4.841524984873519,-24.866230852874583,0.7265914544356966,2.0799814696894927,1.191140532789602,0.9897902945906747,1.6204814546458162,-0.5492631787834257,0.044444444444444446,0.11200000000000003,4.841524984873519,-24.866230852874583,0.7265914544356966,2.0799814696894927,1.191140532789602,0.9897902945906747,1.6204814546458162,0.044444444444444446,0.11200000000000003,-0.5492631787834257
scene-0061,CAM_BACK_RIGHT,37,2,car,0.5395683646202087,2.7322269828242045,-24.44339610938448,0.8748328244835699,2.1557806722372153,1.2656511624773508,1.20800737571349,-3.106847494016816,-0.5715731039215179,0.04224941724941725,0.14500000000000002,2.7322269828242045,-24.44339610938448,0.8748328244835699,2.1557806722372153,1.2656511624773508,1.20800737571349,-3.106847494016816,0.04224941724941725,0.14500000000000002,-0.5715731039215179
scene-0061,CAM_BACK_RIGHT,37,0,trailer,0.7264957427978516,-12.738460492920666,-13.303308578180607,1.480459011190538,5.1796643124645545,2.934745646569212,3.60561460822616,3.043995890158148,0.030028875922725184,0.048482169171824345,2.6320000000000006,-12.738460492920666,-13.303308578180607,1.480459011190538,5.1796643124645545,2.934745646569212,3.60561460822616,3.043995890158148,0.048482169171824345,2.6320000000000006,0.030028875922725184
scene-0061,CAM_BACK_RIGHT,37,1,trailer,0.7037037014961243,-3.934905501957595,-14.008187503964596,1.2848629672170393,6.134234637459107,2.445649823682338,3.231050659804872,3.0219547564806994,0.014490180125429575,0.10493510928961748,4.916000000000001,-3.934905501957595,-14.008187503964596,1.2848629672170393,6.134234637459107,2.445649823682338,3.231050659804872,3.0219547564806994,0.10493510928961748,4.916000000000001,0.014490180125429575
scene-0061,CAM_FRONT,38,0,car,0.8241757750511169,7.317585450030228,3.115028957888247,1.4062854822500404,3.318773146013844,1.9517868163554533,1.7639587825275314,0.9336701428402052,-0.1479332470054855,0.15976430976430978,1.8980000000000006,7.317585450030228,3.115028957888247,1.4062854822500404,3.318773146013844,1.9517868163554533,1.7639587825275314,0.9336701428402052,0.15976430976430978,1.8980000000000006,-0.1479332470054855
scene-0061,CAM_FRONT,38,1,car,0.675126850605011,128.99192378776655,-30.49713467257667,-7.217920438586208,1.4384852765550704,1.1552343307797202,1.3703692405147425,1.9545986613880768,7.845761866445031,0.0,0.0,128.99192378776655,-30.49713467257667,-7.217920438586208,1.4384852765550704,1.1552343307797202,1.3703692405147425,1.9545986613880768,0.0,0.0,7.845761866445031
scene-0061,CAM_FRONT,38,2,car,0.5661016702651978,134.42932404090828,-32.314099537401376,-2.883889805995546,3.550108731651221,0.7882267510633341,2.1309363660233926,-3.0915110633968474,3.895752715641268,0.0,0.0,134.42932404090828,-32.314099537401376,-2.883889805995546,3.550108731651221,0.7882267510633341,2.1309363660233926,-3.0915110633968474,0.0,0.0,3.895752715641268
scene-0061,CAM_FRONT,38,0,bicycle,0.7928802371025085,14.822913650361324,1.69518466731473,0.9100148192313108,1.6346533700233203,0.8142782212775277,1.0042288742247105,1.647518536936638,-0.11931194766117659,0.23515625,0.30100000000000005,14.822913650361324,1.69518466731473,0.9100148192313108,1.6346533700233203,0.8142782212775277,1.0042288742247105,1.647518536936638,0.23515625,0.30100000000000005,-0.11931194766117659
scene-0061,CAM_FRONT,38,1,bicycle,0.5936508178710938,15.665361186277556,0.8430579900925131,0.749669903804829,1.412665835455817,0.6908191592120634,0.9309860751127934,1.1948835215097333,-0.0879217187913095,0.11337868480725624,0.10000000000000003,15.665361186277556,0.8430579900925131,0.749669903804829,1.412665835455817,0.6908191592120634,0.9309860751127934,1.1948835215097333,0.11337868480725624,0.10000000000000003,-0.0879217187913095
scene-0061,CAM_FRONT_LEFT,38,0,car,0.9375000596046448,7.695568944685283,4.557042510639039,1.4647651772402241,5.06273483268456,1.953072328089652,2.060316343649083,1.030594884234194,0.10785963505672935,0.1226890756302521,2.6280000000000006,7.695568944685283,4.557042510639039,1.4647651772402241,5.06273483268456,1.953072328089652,2.060316343649083,1.030594884234194,0.1226890756302521,2.6280000000000006,0.10785963505672935
scene-0061,CAM_FRONT_RIGHT,38,0,car,0.6800000071525574,14.404573982124022,-27.81837313839107,1.255270097301625,2.9460147147483493,1.358899564979268,1.0261648330977136,0.8939489117880439,-0.8893239517526768,0.014532019704433498,0.059000000000000025,14.404573982124022,-27.81837313839107,1.255270097301625,2.9460147147483493,1.358899564979268,1.0261648330977136,0.8939489117880439,0.014532019704433498,0.059000000000000025,-0.8893239517526768
scene-0061,CAM_FRONT_RIGHT,38,1,car,0.7299578189849854,5.975618144980859,-25.933790811553646,1.0637178161695693,2.0467954756825826,1.2223700827004755,1.0584901106016291,2.4848747719338045,-0.6893890473372606,0.024242424242424242,0.06400000000000002,5.975618144980859,-25.933790811553646,1.0637178161695693,2.0467954756825826,1.2223700827004755,1.0584901106016291,2.4848747719338045,0.024242424242424242,0.06400000000000002,-0.6893890473372606
scene-0061,CAM_FRONT_RIGHT,38,2,car,0.5747508406639099,2.534739786300665,-20.816569578754002,0.8226612977602419,1.192066665671522,1.0440769371763314,0.2692361196149067,1.7099483115627314,-0.8648668241782982,0.10833333333333334,0.039000000000000014,2.534739786300665,-20.816569578754002,0.8226612977602419,1.192066665671522,1.0440769371763314,0.2692361196149067,1.7099483115627314,0.10833333333333334,0.039000000000000014,-0.8648668241782982
scene-0061,CAM_FRONT_RIGHT,38,3,car,0.8439024686813354,9.41250394656605,-26.27322263621759,1.158821427801076,3.1708770444480834,1.4316099829200546,1.055992124529137,1.0483548912936302,-0.7857814679077233,0.0643262987012987,0.31700000000000006,9.41250394656605,-26.27322263621759,1.158821427801076,3.1708770444480834,1.4316099829200546,1.055992124529137,1.0483548912936302,0.0643262987012987,0.31700000000000006,-0.7857814679077233
scene-0061,CAM_FRONT_RIGHT,38,4,car,0.7928802371025085,7.243814976182349,-26.24081526744635,0.9499240115892502,1.6233046368237538,0.8973251654669987,0.7065798108047908,1.3370504099649998,-0.750669793633449,0.020833333333333332,0.021000000000000005,7.243814976182349,-26.24081526744635,0.9499240115892502,1.6233046368237538,0.8973251654669987,0.7065798108047908,1.3370504099649998,0.020833333333333332,0.021000000000000005,-0.750669793633449
scene-0061,CAM_BACK,38,0,car,0.8128654956817627,-66.34572933242757,13.157721832653435,0.39547764548564757,4.261119053523046,1.9636570173621122,1.7597244728489023,2.8335085072496473,0.2634927576334447,0.0,0.0,-66.34572933242757,13.157721832653435,0.39547764548564757,4.261119053523046,1.9636570173621122,1.7597244728489023,2.8335085072496473,0.0,0.0,0.2634927576334447
scene-0061,CAM_BACK,38,1,car,0.8865247964859009,-27.10399126096827,-9.172828021886236,0.9752342735537202,3.0264612380049005,1.3727854634343508,1.1193874240196122,2.3740413269660525,-0.43626391934058306,0.012987012987012988,0.06000000000000002,-27.10399126096827,-9.172828021886236,0.9752342735537202,3.0264612380049005,1.3727854634343508,1.1193874240196122,2.3740413269660525,0.012987012987012988,0.06000000000000002,-0.43626391934058306
scene-0061,CAM_BACK,38,2,car,0.9452055096626282,-17.59681265771546,-7.7938080000090135,0.858373170136984,4.339297583698068,2.067731085444281,1.449189771584188,2.6797898511757885,-0.2124756751992487,0.050150292675209616,0.6340000000000001,-17.59681265771546,-7.7938080000090135,0.858373170136984,4.339297583698068,2.067731085444281,1.449189771584188,2.6797898511757885,0.050150292675209616,0.6340000000000001,-0.2124756751992487
scene-0061,CAM_BACK,38,0,motorcycle,0.8048780560493469,-32.44254481147133,23.56452978494723,1.0117748200771366,2.7151504022309787,2.260381374048208,3.359847842889453,1.5966742282609405,1.3186122652202816,0.007388462631429384,0.15600000000000003,-32.44254481147133,23.56452978494723,1.0117748200771366,2.7151504022309787,2.260381374048208,3.359847842889453,1.5966742282609405,0.007388462631429384,0.15600000000000003,1.3186122652202816
scene-0061,CAM_BACK,38,0,truck,0.5897435545921326,-26.390233659163485,-5.718693924022858,1.4233642721015625,4.3223604369571955,2.6344668800603976,2.086665896219901,2.449235097188371,-0.41164956148703435,0.04757645455319874,1.1170000000000002,-26.390233659163485,-5.718693924022858,1.4233642721015625,4.3223604369571955,2.6344668800603976,2.086665896219901,2.449235097188371,0.04757645455319874,1.1170000000000002,-0.41164956148703435
scene-0061,CAM_BACK,38,0,construction vehicle,0.9259259104728699,-22.088657613864495,0.2587360267386604,3.3611793400350853,4.76748336072077,2.6341875858657673,6.387256683873252,1.343658635817698,-0.2407205573388005,0.03271484375,2.6130000000000004,-22.088657613864495,0.2587360267386604,3.3611793400350853,4.76748336072077,2.6341875858657673,6.387256683873252,1.343658635817698,0.03271484375,2.6130000000000004,-0.2407205573388005
scene-0061,CAM_BACK,38,0,trailer,0.5857605338096619,-16.66821641956254,-11.577787338588722,1.6906109882122973,10.473778344927776,2.9985702086805617,3.6978529536706146,2.8472957335394318,0.075049580560552,0.05475761475761476,6.3820000000000014,-16.66821641956254,-11.577787338588722,1.6906109882122973,10.473778344927776,2.9985702086805617,3.6978529536706146,2.8472957335394318,0.05475761475761476,6.3820000000000014,0.075049580560552
scene-0061,CAM_BACK_RIGHT,38,0,car,0.6604774594306946,-2.7229954480894607,-24.059933508614808,0.9016390046896052,1.7037783641741129,1.131976432465287,0.9476270818081121,1.2878169134743045,-0.5573707053798638,0.038621509209744505,0.06500000000000002,-2.7229954480894607,-24.059933508614808,0.9016390046896052,1.7037783641741129,1.131976432465287,0.9476270818081121,1.2878169134743045,0.038621509209744505,0.06500000000000002,-0.5573707053798638
scene-0061,CAM_BACK_RIGHT,38,1,car,0.6521739363670349,-0.041815667550105615,-24.370544624780496,1.0549194691167925,2.332164772945349,1.1745111280470937,1.012904580704554,3.0424783294999624,-0.696488697948628,0.04420289855072464,0.12200000000000003,-0.041815667550105615,-24.370544624780496,1.0549194691167925,2.332164772945349,1.1745111280470937,1.012904580704554,3.0424783294999624,0.04420289855072464,0.12200000000000003,-0.696488697948628
scene-0061,CAM_BACK_RIGHT,38,2,car,0.6246334314346313,5.654188212854905,-25.38069301140217,1.1847422498294369,1.840660108903366,0.8568147867388696,0.691820040580843,2.987541460240809,-1.0024658145152117,0.047619047619047616,0.05400000000000001,5.654188212854905,-25.38069301140217,1.1847422498294369,1.840660108903366,0.8568147867388696,0.691820040580843,2.987541460240809,0.047619047619047616,0.05400000000000001,-1.0024658145152117
scene-0061,CAM_BACK_RIGHT,38,3,car,0.6012461185455322,1.4287755494504815,-24.750994831431104,1.0791796342982365,1.372205451472074,0.8451819588782534,0.6203042547794375,2.898637804872779,-0.9228912647572574,0.03571428571428571,0.024000000000000004,1.4287755494504815,-24.750994831431104,1.0791796342982365,1.372205451472074,0.8451819588782534,0.6203042547794375,2.898637804872779,0.03571428571428571,0.024000000000000004,-0.9228912647572574
scene-0061,CAM_BACK_RIGHT,38,4,car,0.604938268661499,2.6409284951961545,-25.041195558795245,1.1117962824425742,1.5110828649708026,1.0166360213281322,0.467758589695096,2.4548298459244444,-1.035187195596163,0.014666666666666666,0.011000000000000003,2.6409284951961545,-25.041195558795245,1.1117962824425742,1.5110828649708026,1.0166360213281322,0.467758589695096,2.4548298459244444,0.014666666666666666,0.011000000000000003,-1.035187195596163
scene-0061,CAM_BACK_RIGHT,38,5,car,0.6167664527893066,-3.4856449162344196,-23.770016946907905,0.9656479171562498,0.5238582223965587,0.5028992430340447,0.5620128554690355,1.2351811795973846,-0.8107007384651967,0.0,0.0,-3.4856449162344196,-23.770016946907905,0.9656479171562498,0.5238582223965587,0.5028992430340447,0.5620128554690355,1.2351811795973846,0.0,0.0,-0.8107007384651967
scene-0061,CAM_BACK_RIGHT,38,6,car,0.7620818018913269,-4.20098975841387,-23.970666351348125,0.8143303503998434,1.8543701951434102,1.1159943446474454,0.8460342020839295,1.2607124355586408,-0.5086439569675321,0.011961722488038277,0.020000000000000004,-4.20098975841387,-23.970666351348125,0.8143303503998434,1.8543701951434102,1.1159943446474454,0.8460342020839295,1.2607124355586408,0.011961722488038277,0.020000000000000004,-0.5086439569675321
scene-0061,CAM_BACK_RIGHT,38,0,trailer,0.7538461089134216,-14.758257036014621,-12.075632774923246,1.4046648610764891,5.4393125586918565,2.946707304289742,3.7465451113674426,2.879826649150408,0.3832594386749011,0.04927341134237686,2.855000000000001,-14.758257036014621,-12.075632774923246,1.4046648610764891,5.4393125586918565,2.946707304289742,3.7465451113674426,2.879826649150408,0.04927341134237686,2.855000000000001,0.3832594386749011
scene-0061,CAM_BACK_RIGHT,38,1,trailer,0.7575758099555969,-5.760548308045141,-13.652051764292143,1.4317306867746917,6.02311356210898,2.3936530336312742,3.190796366181617,2.949275540294602,0.008701246254128048,0.09733072916666667,4.485000000000001,-5.760548308045141,-13.652051764292143,1.4317306867746917,6.02311356210898,2.3936530336312742,3.190796366181617,2.949275540294602,0.09733072916666667,4.485000000000001,0.008701246254128048
