scene,frame_idx,gt_index,category,center_x,center_y,center_z,length,width,height,yaw,speed,below_ground,free_frac,free_m3
scene-1077,0,0,vehicle.car,48.266133686753825,16.76792849268315,0.39421570291049324,4.916,1.928,1.673,-2.306504288229299,17.45990570201317,-0.1025172361326917,0.0032855247362102735,0.05200000000000001
scene-1077,0,1,vehicle.car,-13.595190348335324,2.040486290970323,0.4329948326052297,4.49,2.056,1.636,-0.5720103716415424,0.3762150024436476,0.05256005254377233,0.07645502645502646,1.1560000000000001
scene-1077,0,2,vehicle.car,29.8968743679276,6.8132893432807995,0.38991652883390454,5.02,2.2,1.749,-2.304229062048327,8.678492482188018,0.05555347000261285,0.04021390374331551,0.7520000000000001
scene-1077,0,3,vehicle.car,-27.43223933410471,6.983606133915536,-0.10624406037153533,4.545,2.2,1.679,2.573666496273634,12.005891936476614,0.5222876895409995,0.017290552584670233,0.2910000000000001
scene-1077,0,4,vehicle.car,12.109751703394696,-10.58308317661734,0.6908358964242921,5.093,2.0,1.595,-2.7126185876896725,6.315399407414013,-0.05300022929096082,0.08553921568627451,1.3960000000000004
scene-1077,0,5,vehicle.car,-12.797966774630378,-13.365746069504624,1.3343865502198309,5.257,2.2,2.121,1.5825339665470752,0.2051134744731144,0.014918100086870778,0.0440251572327044,1.078
scene-1077,0,6,vehicle.car,4.475008048176984,-11.246539301909284,0.8051262675179133,4.419,1.937,1.564,3.0943334367359423,5.86758077037922,0.014397076641213036,0.10249700956937799,1.3710000000000002
scene-1077,0,7,vehicle.car,32.69149045422186,18.242356972493436,0.540492280896893,4.583,2.126,1.57,0.9385847253537017,13.667704637614223,-0.21411205428480196,0.003299689440993789,0.05100000000000001
scene-1077,0,8,vehicle.car,14.700713834922501,7.496537464396051,0.5922777408486011,4.582,2.154,1.65,0.8207418427402268,8.372967005499959,-0.021388226163923996,0.040884387351778656,0.6620000000000001
scene-1077,0,9,vehicle.car,-4.664710618094522,-8.048228683785274,0.9558972574446085,4.623,1.974,1.638,2.7266692797590375,7.401832363904827,0.061876439574014785,0.09572010869565217,1.4090000000000005
scene-1077,0,10,vehicle.car,-9.695776541367088,-0.8930916685172854,0.6396837719194635,4.099,1.797,1.544,-0.5894642485182696,0.266354924493167,0.043150510717179014,0.13902439024390245,1.5390000000000004
scene-1077,0,11,vehicle.car,-46.665441433581655,21.494011784086638,-1.7052168144088604,4.4,1.8,1.553,2.573666496273634,11.602203560150347,1.9313365248542644,0.003393308080808081,0.04300000000000001
scene-1077,0,12,vehicle.car,42.185196395904946,19.884830835064463,0.49444769789803256,4.592,2.126,1.641,-2.3208508108495667,9.566589590287833,-0.19171989562142122,0.0015527950310559005,0.024000000000000004
scene-1077,0,13,vehicle.car,41.193279121173745,32.01172911847921,0.5931246648308802,4.32,2.0,1.49,0.7815068859628923,,-0.40739516596766,0.0,0.0
scene-1077,1,0,vehicle.car,40.29191581866042,0.8826249783475298,0.7839253596019757,4.916,1.928,1.673,-2.543044313859504,16.94272470144941,-0.10903435360908631,0.01036203955266317,0.16400000000000003
scene-1077,1,1,vehicle.car,58.08478189699859,21.60795411749548,0.1893988317548541,4.849,2.138,1.613,-2.557390842285257,7.7504551675864,0.022344207376310488,0.0,0.0
scene-1077,1,2,vehicle.car,-15.964261418376957,5.725313685879117,0.2643921489549256,4.49,2.056,1.636,-0.8084628591571965,0.2342802532801329,0.058227479236068636,0.07242063492063493,1.0950000000000002
scene-1077,1,3,vehicle.car,68.22691896055795,18.72268828113253,0.7615018272797681,4.737,2.204,1.792,-2.6315320107254103,16.810496383003503,-0.2733760538498975,0.0,0.0
scene-1077,1,4,vehicle.car,23.940781285564377,-2.347736941232481,0.8477559879938279,5.02,2.2,1.749,-2.540769083345992,8.677549339536396,-0.08828827344571688,0.01304812834224599,0.24400000000000005
scene-1077,1,5,vehicle.car,-32.14333895548099,18.08143297338659,-1.3029151601796,4.545,2.2,1.679,2.33721388226589,11.633325226207955,1.7038276138310282,0.019489007724301843,0.3280000000000001
scene-1077,1,6,vehicle.car,3.0341430162222895,-12.687265949994678,1.0438099393594917,5.093,2.0,1.595,3.0896952567073357,6.005932080458831,-0.10750839445478289,0.1346813725490196,2.1980000000000004
scene-1077,1,7,vehicle.car,-18.736206644709124,-9.481589652964468,1.3700247756813018,5.257,2.2,2.121,1.346036473735641,0.3682029362848884,-0.009373069939419443,0.03822592501837785,0.9360000000000002
scene-1077,1,8,vehicle.car,-4.00238572254777,-10.229268661992865,1.0120036406409325,4.419,1.937,1.564,2.7007668336945665,6.144307124200702,-0.06285198091383593,0.11012260765550239,1.4730000000000003
scene-1077,1,9,vehicle.car,38.69553819125373,14.20211935939985,1.0308927741118517,4.583,2.126,1.57,0.6322330153680434,13.891667548289346,-0.7510938754149522,0.003946687370600414,0.06100000000000001
scene-1077,1,10,vehicle.car,-22.60434370699725,-15.433559441265452,1.5623768136371188,4.578,2.129,1.718,0.8198026987459924,0.47191437207471354,-0.3021147091258578,0.013762026549750336,0.22600000000000006
scene-1077,1,11,vehicle.car,16.409339801473582,6.618474815523384,0.5993029648150228,4.582,2.154,1.65,0.5842018113045363,8.502755173610879,-0.03907633365047203,0.020689229249011856,0.3350000000000001
scene-1077,1,12,vehicle.car,-12.24153321853565,-3.7954509077082763,0.9398396329222476,4.623,1.974,1.638,2.4029432410488734,7.397584706432993,-0.011887319260672324,0.07914402173913043,1.1650000000000003
scene-1077,1,13,vehicle.car,-12.830029204999832,1.7330450667207513,0.48923810758274555,4.099,1.797,1.544,-0.8084628591571965,0.19096518753571057,-0.05007017578762529,0.1043360433604336,1.1550000000000002
scene-1077,1,14,vehicle.car,-47.40133113003908,36.42322181499974,-2.898395931230825,4.4,1.8,1.553,2.3372138822658894,11.602203560150347,3.154172469126028,0.0,0.0
scene-1077,1,15,vehicle.car,38.53816878356486,7.296210746526342,0.7969994219995034,4.592,2.126,1.641,-2.557390842285257,9.5019596329563,-0.2700834409451973,0.00744047619047619,0.11500000000000002
scene-1077,2,0,vehicle.car,28.3713240406148,-10.386009109133177,0.9464485873411702,4.916,1.928,1.673,-2.7686613651554963,17.245330937248163,0.027874115185876014,0.014911227648954318,0.23600000000000004
scene-1077,2,1,vehicle.car,107.57856641027988,23.75887400970215,1.4369972538454117,4.415,2.116,1.582,-2.8571520130891876,5.9153590756437895,-1.2288811482889237,0.0,0.0
scene-1077,2,2,vehicle.car,54.57281055034226,6.955121227116518,0.7320439657233975,4.849,2.138,1.613,-2.7830083756956117,7.749457631122434,-0.21738577070462917,0.0,0.0
scene-1077,2,3,vehicle.car,-17.70734686506398,9.430526541754803,0.08434223471994633,4.49,2.056,1.636,-1.0340842100317162,0.25857185251516906,0.3187774895537353,0.06130952380952381,0.9270000000000002
scene-1077,2,4,vehicle.car,-80.15045972118189,-38.08982865864921,2.110421321419208,4.521,2.215,1.844,0.4493788806947993,21.03905766197673,-0.004115653542010378,0.0,0.0
scene-1077,2,5,vehicle.car,59.49603773881518,0.4390672507274484,1.1437630780626957,4.737,2.204,1.792,-2.8571520130891876,15.982379208365026,-0.4063937620808308,0.0,0.0
scene-1077,2,6,vehicle.car,15.438523605229523,-8.770131333835957,0.9103111579927233,5.02,2.2,1.749,-2.7838398422999644,8.961360839733329,-0.05708684223020344,0.022994652406417113,0.43000000000000005
scene-1077,2,7,vehicle.car,-33.95123590763333,29.768651962066482,-2.0773737874182725,4.545,2.2,1.679,2.1115924000324946,11.31158234494407,2.745638986006644,0.00029708853238265005,0.005000000000000002
scene-1077,2,8,vehicle.car,-5.827048235543354,-11.52152914675693,1.0722536168360957,5.093,2.0,1.595,2.689529679552641,5.688333495649378,-0.1756767646336802,0.11458333333333333,1.8700000000000003
scene-1077,2,9,vehicle.car,-23.943886491182653,-4.531862225647933,1.1849654217182781,5.257,2.2,2.121,1.1204367136837523,0.1448760950047757,0.028014837819418714,0.025933186310544802,0.6350000000000001
scene-1077,2,10,vehicle.car,-11.635031152804958,-6.261725433537431,0.8994666636170768,4.419,1.937,1.564,2.3006066138143106,6.842198275956073,-0.021022936004581383,0.07162081339712918,0.9580000000000002
scene-1077,2,11,vehicle.car,44.200116001461566,8.111026872012001,0.6559129226525879,4.583,2.126,1.57,0.3717095234619739,13.293321880341233,-0.16995574358306886,0.00038819875776397513,0.006000000000000001
scene-1077,2,12,vehicle.car,-28.774334996665925,-9.830793164282664,1.4139744683823825,4.578,2.129,1.718,0.5941929017864618,0.21761595908436349,-0.2196861225686313,0.015284374619412983,0.25100000000000006
scene-1077,2,13,vehicle.car,18.16112201416076,4.861718252942469,0.6526529597239297,4.582,2.154,1.65,0.3585842778941816,9.129867588911102,-0.04908868541286404,0.015007411067193676,0.24300000000000005
scene-1077,2,14,vehicle.car,-18.108232107013226,2.533287403896951,0.8134864577576137,4.623,1.974,1.638,2.0900556401579777,7.393815667494543,-0.1550832456871487,0.07520380434782609,1.1070000000000002
scene-1077,2,15,vehicle.car,-15.463550592029124,4.926740040910466,0.5382226594212011,4.099,1.797,1.544,-1.0340842100317162,0.11640089671273544,-0.1009245551350072,0.07181571815718157,0.7950000000000002
scene-1077,2,16,vehicle.car,63.26200487739876,9.4146854911584,0.9092855457673644,4.957,1.995,1.592,-2.7830083756956117,5.434495938846444,-0.45334059423309314,0.0,0.0
scene-1077,2,17,vehicle.car,31.467978229082973,-2.7729979355911003,0.8950315807528474,4.592,2.126,1.641,-2.7830083756956117,9.438847594384182,-0.15525364453267831,0.013004658385093168,0.20100000000000004
scene-1077,3,0,vehicle.car,13.59157918723384,-16.478191343623326,0.8946809485621444,4.916,1.928,1.673,-2.9504648354886145,17.18629049565772,0.034664103918553235,0.042711821570733555,0.6760000000000002
scene-1077,3,1,vehicle.car,103.63527053295789,3.884374008611766,2.213869756851934,4.415,2.116,1.582,-3.0389634386186377,5.915303135676974,-0.7412991077049003,0.0,0.0
scene-1077,3,2,vehicle.car,47.616221809812025,-3.4822531971266715,1.1965867256950296,4.849,2.138,1.613,-2.964813136978726,7.749263806814636,-0.16932286356200343,6.200396825396825e-05,0.0010000000000000002
scene-1077,3,3,vehicle.car,-19.33969225722066,12.934975693992579,0.042542539044069905,4.49,2.056,1.636,-1.2159070782760828,0.26084844886719355,0.48052488692219286,0.0541005291005291,0.8180000000000002
scene-1077,3,4,vehicle.car,-79.45423108457257,-18.778846798529354,1.6756299487095145,4.521,2.215,1.844,0.2675822282061191,20.75898719932363,0.6522016266841623,0.0,0.0
scene-1077,3,5,vehicle.car,47.65200737335954,-11.514112379160418,1.2243441287093981,4.737,2.204,1.792,-3.0389634386186377,15.451356871759268,-0.02538125930365165,0.007360842467225446,0.13700000000000004
scene-1077,3,6,vehicle.car,5.5298422166711925,-11.917793813718696,0.9058338273615592,5.02,2.2,1.749,-2.9656446784404187,8.226772414606689,0.15994278253605443,0.1009090909090909,1.8870000000000002
scene-1077,3,7,vehicle.car,74.33599927098477,0.1505686547368999,1.783610420297693,4.897,2.235,1.659,-2.9865974173681322,6.863515367423726,-0.5068896477928865,0.0,0.0
scene-1077,3,8,vehicle.car,-13.409954355480297,-7.94845586666976,1.0239907892310458,5.093,2.0,1.595,2.4029610274545763,6.003394778508569,-0.11864789682267485,0.06458333333333334,1.0540000000000003
scene-1077,3,9,vehicle.car,-27.785841875302914,0.16834766455319214,1.0688511607078277,5.257,2.2,2.121,0.9386757297742507,0.28875451239621247,0.10957302289927373,0.019398840153557136,0.47500000000000014
scene-1077,3,10,vehicle.car,-17.661472562149232,-0.4011678407478231,0.763145256134621,4.419,1.937,1.564,2.014059556640441,7.240913373365474,0.01936162176454892,0.04201555023923445,0.5620000000000002
scene-1077,3,11,vehicle.car,47.57577474942139,1.2846502004390195,1.0014764143802022,4.583,2.126,1.57,0.18990594326025567,12.936248406682973,-0.10180226343644605,6.469979296066253e-05,0.0010000000000000002
scene-1077,3,12,vehicle.car,-33.42589959966065,-4.002648297164771,1.2258338133974955,4.578,2.129,1.718,0.41240844002825355,0.11215278041857894,0.031670294793040954,0.02216538789428815,0.36400000000000005
scene-1077,3,13,vehicle.car,19.964555808216392,2.65390622171975,0.8342265144334746,4.582,2.154,1.65,0.17677951661106722,9.708334054012687,-0.1262381136761619,0.005002470355731225,0.08100000000000002
scene-1077,3,14,vehicle.car,-22.31368419498262,9.554398365247295,0.655096927241638,4.623,1.974,1.638,1.9082342392229272,7.392263257655039,-0.14621879132206717,0.06324728260869565,0.9310000000000003
scene-1077,3,15,vehicle.car,-17.901723669217187,8.002802462224588,0.49732661060778155,4.099,1.797,1.544,-1.2159070782760828,0.11694127445950157,-0.0474198589750911,0.02872628726287263,0.31800000000000006
scene-1077,3,16,vehicle.car,57.67965136500072,-1.991053547108697,1.3138564640817696,4.957,1.995,1.592,-2.964813136978726,4.8231957471455855,-0.2138879451093727,0.0,0.0
scene-1077,3,17,vehicle.car,22.27106886521214,-8.864880678550815,1.0424160052014675,4.592,2.126,1.641,-2.964813136978726,9.439340943272851,-0.14817260224355122,0.0661231884057971,1.0220000000000002
scene-1077,4,0,vehicle.car,-0.7315955677875777,-18.130639002119995,0.8066143814749732,4.916,1.928,1.673,-3.0812382229729054,16.484180484603204,-0.02067051963281774,0.07082833133253301,1.1210000000000002
scene-1077,4,1,vehicle.car,96.40348256786663,-9.410396890287156,1.8341084648413748,4.415,2.116,1.582,3.1134575522449626,5.914768378620442,-0.7011628166480155,0.0,0.0
scene-1077,4,2,vehicle.car,38.99395521980791,-9.720247328281738,1.040944308708604,4.849,2.138,1.613,-3.0955852305918725,7.942971397725798,-0.20745164496749235,0.001488095238095238,0.024000000000000004
scene-1077,4,3,vehicle.car,-21.557612522188247,15.520807928885775,0.5050530034399,4.49,2.056,1.636,-1.3464981691200175,0.3750683706827054,0.2324930568242105,0.02414021164021164,0.36500000000000005
scene-1077,4,4,vehicle.car,-74.88176382415907,-6.820437838512735,1.6269333380627222,4.521,2.215,1.844,0.13680316889967928,12.587260276609738,0.21009296904329589,0.0,0.0
scene-1077,4,5,vehicle.car,33.96331952132435,-17.609662892718465,0.9705346448445054,4.737,2.204,1.792,3.1134575522449626,17.119755570499745,-0.06644462561843112,0.022512357618740597,0.4190000000000001
scene-1077,4,6,vehicle.car,-3.5745122865984067,-12.409248847217107,0.8434956136435569,5.02,2.2,1.749,-3.096416694910203,7.200757422715273,0.04689938049611453,0.11572192513368984,2.164
scene-1077,4,7,vehicle.car,66.39509011653088,-9.10267981481657,1.482302143024207,4.897,2.235,1.659,-3.1173674130001388,7.400979665475004,-0.4899603908526905,0.0,0.0
scene-1077,4,8,vehicle.car,-20.028564823998842,-3.2478604668117774,0.9360539187575254,5.093,2.0,1.595,2.132737785284614,6.44673973574035,-0.06226326660164927,0.028186274509803922,0.46000000000000013
scene-1077,4,9,vehicle.car,-31.31803220112982,3.95482478669286,1.23951310816859,5.257,2.2,2.121,0.8079384697208984,0.36130718334490497,0.0377027492179991,0.013150371640937679,0.32200000000000006
scene-1077,4,10,vehicle.car,65.91392599640973,-13.477370729333364,0.8595465794588311,5.8,2.061,2.0,-3.0955852305918725,16.16149005141118,0.31754717972028423,0.0,0.0
scene-1077,4,11,vehicle.car,-22.40860656272086,5.676592756911925,0.8312780651021459,4.419,1.937,1.564,1.8311148589006183,7.1794500340150496,-0.05552802188877837,0.027437200956937798,0.36700000000000005
scene-1077,4,12,vehicle.car,50.133439651082234,-3.9644428586836864,0.8597275513400912,4.583,2.126,1.57,0.041678899351513976,13.842337196461596,0.0003285247097135624,0.00012939958592132506,0.0020000000000000005
scene-1077,4,13,vehicle.car,-37.64511531959792,0.5626085103956291,1.289251894036537,4.578,2.129,1.718,0.28162459364076453,0.03399242180501498,-0.06712084774137095,0.015893313847278042,0.26100000000000007
scene-1077,4,14,vehicle.car,21.13706301282715,0.6562154448423313,0.7450118396588594,4.582,2.154,1.65,0.0460074229979208,10.079652103631512,0.001656578092929628,0.014142786561264822,0.22900000000000006
scene-1077,4,15,vehicle.car,-25.749316851765368,16.228628286649098,0.6103438128157227,4.623,1.974,1.638,1.77764261130883,7.392578350993218,0.16480396968883582,0.034782608695652174,0.5120000000000001
scene-1077,4,16,vehicle.car,82.01563403026124,-9.41022131116858,1.4160445605189134,4.863,2.037,1.615,-3.134820966226439,6.769761729905149,-0.3538877092272569,0.0,0.0
scene-1077,4,17,vehicle.car,-20.66035850119236,10.529763317428237,0.7162162299897976,4.099,1.797,1.544,-1.3464981691200175,0.005819592440813742,-0.06016781277921868,0.08193315266485998,0.9070000000000001
scene-1077,4,18,vehicle.car,50.93256042371889,-9.024670221900683,1.07167335406099,4.957,1.995,1.592,-3.0955852305918725,4.132335508911545,-0.19408083895002037,0.0031875,0.05100000000000001
scene-1077,4,19,vehicle.car,12.309157169396405,-11.634307144746757,0.7906943781531998,4.592,2.126,1.641,-3.0955852305918725,8.904223109316083,0.0324062619053177,0.0625,0.9660000000000002
scene-1077,5,0,vehicle.car,-14.073012149078473,-18.174968706476555,0.8130289917618281,4.916,1.928,1.673,-3.122044089041722,16.69171052972679,-0.0952991887957102,0.05370569280343716,0.8500000000000002
scene-1077,5,1,vehicle.car,88.72652053327904,-13.109270909724732,1.262209490988072,4.415,2.116,1.582,3.072655546451881,5.914632838183034,-0.49621259639006465,0.0,0.0
scene-1077,5,2,vehicle.car,30.23783156053441,-11.352563227533079,0.8172978493540964,4.849,2.138,1.613,-3.1363903830983086,8.138980385244404,-0.2202841997712336,0.003720238095238095,0.06000000000000001
scene-1077,5,3,vehicle.car,-25.346391933053077,16.48226742814056,0.7647718093069868,4.49,2.056,1.636,-1.3873729377235289,0.38930069534349077,-0.08042907103622732,0.01541005291005291,0.23300000000000004
scene-1077,5,4,vehicle.car,-77.14502523561877,-2.5487679168875634,2.204840794677011,4.521,2.215,1.844,0.09599296636955146,4.296936158835094,-0.978764719123117,0.0,0.0
scene-1077,5,5,vehicle.car,19.700098480179918,-18.756977376503517,0.7972071119172807,4.737,2.204,1.792,3.072655546451881,18.292668485406388,-0.07400346561505744,0.014721684934450892,0.2740000000000001
scene-1077,5,6,vehicle.car,-11.93059289633771,-11.809569734518833,0.9813432017549741,5.02,2.2,1.749,3.014778883820719,6.049990386528861,-0.1332776978000867,0.030053475935828876,0.562
scene-1077,5,7,vehicle.car,57.75058060455414,-11.360958256906612,1.0991959945708256,4.897,2.235,1.659,3.1250137614005147,7.937110863173144,-0.39351830364761164,0.0,0.0
scene-1077,5,8,vehicle.car,-25.515065359732507,0.8335006713128353,1.0439818835060268,5.093,2.0,1.595,1.8824636615821186,7.063192013073129,-0.16958168445035515,0.018566176470588235,0.30300000000000005
scene-1077,5,9,vehicle.car,-35.23401659595616,5.203378399314693,1.5250229526685268,5.257,2.2,2.121,0.7670706295474997,0.4331471501852136,-0.3971022465156109,0.009924038225925018,0.24300000000000002
scene-1077,5,10,vehicle.car,52.95341593889885,-15.898691054523347,0.9304973638056535,5.8,2.061,2.0,-3.1363903830983086,16.161855382047182,-0.06711791515338605,0.0,0.0
scene-1077,5,11,vehicle.car,-27.03026298147995,10.232839113590941,0.9786059356190742,4.419,1.937,1.564,1.7902428178180523,7.125411585416503,-0.2291108816124976,0.01472787081339713,0.19700000000000006
scene-1077,5,12,vehicle.car,52.824783247534405,-5.9311136875401935,0.8109437610979405,4.583,2.126,1.57,0.0357798189091982,14.476320132538948,-0.16666363679126173,0.0,0.0
scene-1077,5,13,vehicle.car,-41.73002908494094,2.290032531268258,1.5917732042740773,4.578,2.129,1.718,0.24080401881313612,0.25793317335876476,-0.6128542767237615,0.003288271830471319,0.05400000000000001
scene-1077,5,14,vehicle.car,22.083885558459393,0.08620400414355969,0.5953838687985689,4.582,2.154,1.65,0.005202270491484649,10.37322033263339,0.009484644547149479,0.015069169960474308,0.24400000000000005
scene-1077,5,15,vehicle.car,-30.1520099438031,21.00851726598736,0.5126925754365665,4.623,1.974,1.638,1.7367665750459944,7.394224155157549,0.14488707925703692,0.002377717391304348,0.03500000000000001
scene-1077,5,16,vehicle.car,73.9185748938656,-12.546657615187318,0.9970016084064006,4.863,2.037,1.615,3.107560968746225,6.769164819668076,-0.2572998205770015,0.0,0.0
scene-1077,5,17,vehicle.car,-24.407063468477727,11.505468165775333,0.8984772234055306,4.099,1.797,1.544,-1.3873729377235289,0.1287394489157142,-0.1885797498318459,0.026467931345980127,0.29300000000000004
scene-1077,5,18,vehicle.car,44.263291301331996,-11.853776498187665,0.9565936374633881,4.957,1.995,1.592,-3.1363903830983086,5.518493008512094,-0.3342959817617508,0.00225,0.036000000000000004
scene-1077,5,19,vehicle.car,3.375337705943267,-12.096733566169592,0.8026889771982979,4.592,2.126,1.641,-3.1363903830983086,8.370941866226433,-0.07809533913582078,0.08229813664596274,1.2720000000000002
scene-1077,5,20,vehicle.car,73.46034908859012,-20.555965051296912,1.1129520515172246,4.727,2.0,1.918,3.1250137614005147,10.324370824921488,-0.2247792301742796,0.0,0.0
scene-1077,6,0,vehicle.car,-27.302849644647683,-18.08344837136741,0.9167653094356165,4.916,1.928,1.673,-3.1331221428666964,16.71830577219645,0.03371771820138836,0.04347001958678208,0.6880000000000002
scene-1077,6,1,vehicle.car,80.93781399971438,-13.897597451231837,1.294885531680872,4.415,2.116,1.582,3.0615813922013486,5.9151080628635455,0.3211900350877742,0.0,0.0
scene-1077,6,2,vehicle.car,21.363303872729254,-11.8200486900369,0.8282483336301948,4.849,2.138,1.613,3.135717436472631,8.137466936813862,-0.0912012452455665,0.023313492063492064,0.3760000000000001
scene-1077,6,3,vehicle.car,-30.056897080147415,16.916482690762614,0.7936337977999164,4.49,2.056,1.636,-1.398381595148971,0.44545949569034754,0.06279432251515848,0.005291005291005291,0.08000000000000002
scene-1077,6,4,vehicle.car,-80.27178075353648,-0.7042871167559562,2.1913351458884236,4.521,2.215,1.844,0.08491235632044888,6.259304404320055,0.1068917561196332,0.0,0.0
scene-1077,6,5,vehicle.car,5.77880124526615,-18.622541497929333,0.7385407354841403,4.737,2.204,1.792,3.0964650186445097,18.094337052517893,0.025635069130880428,0.06957876638727703,1.2950000000000004
scene-1077,6,6,vehicle.car,-18.82978439562401,-9.86172905181829,1.0246806296631148,5.02,2.2,1.749,2.8731129987188204,6.886609234631874,-0.048710226289873315,0.05754010695187166,1.076
scene-1077,6,7,vehicle.car,48.98859655058562,-11.578690302705242,1.106686103403078,4.897,2.235,1.659,3.1139371834735674,8.127153353598102,-0.2482096927757128,0.0012550474735348685,0.023000000000000003
scene-1077,6,8,vehicle.car,-31.1069773349504,4.811337128583735,1.0194465010088511,5.093,2.0,1.595,1.819097406789105,7.9412299861383335,-0.1270030446570941,0.014093137254901961,0.23000000000000007
scene-1077,6,9,vehicle.car,-39.71895044759812,5.496274557153876,1.5371470186578717,5.257,2.2,2.121,0.7560033634994159,0.4338566455030017,-0.19833666013354923,0.003308012741975006,0.08100000000000002
scene-1077,6,10,vehicle.car,40.02651261171499,-16.195079529354306,0.8453281482637474,5.8,2.061,2.0,3.135717436472631,20.58176097566495,0.1493582839190415,0.010796387520525452,0.26300000000000007
scene-1077,6,11,vehicle.car,120.14609621476448,-15.688224128026613,1.3788905870589903,5.223,2.08,1.651,3.0750891087046153,5.8668970382600225,1.2085944764938663,0.0,0.0
scene-1077,6,12,vehicle.car,109.45770154191334,-19.798754960460066,1.2124195896410561,4.858,2.0,1.719,3.0615813922013486,15.300389320936096,1.29835842931036,0.0,0.0
scene-1077,6,13,vehicle.car,55.38223032865496,-6.491034646772243,1.1056669937876482,4.583,2.126,1.57,-0.08001126138844453,14.77017119059053,-0.10325395577228258,0.0,0.0
scene-1077,6,14,vehicle.car,-46.28180620041884,2.871328272573046,1.608745696955555,4.578,2.129,1.718,0.22972083942498922,0.12856439043224688,-0.237506538802021,0.005175983436853002,0.08500000000000002
scene-1077,6,15,vehicle.car,22.565261065313784,0.012277856306303802,0.6998839776024393,4.582,2.154,1.65,-0.005875217117162345,10.748017533166236,-0.06685462398381747,0.022047924901185772,0.3570000000000001
scene-1077,6,16,vehicle.car,65.70982663079256,-13.187824665852228,1.1036519439067445,4.863,2.037,1.615,3.0964851622373994,6.768204325087365,0.07647543360332631,0.0,0.0
scene-1077,6,17,vehicle.car,-28.906939345996133,11.849028490147983,0.9757412779843397,4.099,1.797,1.544,-1.398381595148971,0.12840812858129114,-0.21175900422688199,0.02195121951219512,0.24300000000000002
scene-1077,6,18,vehicle.car,36.00675228805537,-12.313116128371595,1.0157396906009741,4.957,1.995,1.592,3.135717436472631,7.492165847539123,-0.27227729204211903,0.0065625,0.10500000000000002
scene-1077,6,19,vehicle.car,-5.624891803010846,-12.121881195158585,0.7975024914042229,4.592,2.126,1.641,3.135717436472631,8.371917948265017,0.06576845313150936,0.09284420289855072,1.4350000000000003
scene-1077,6,20,vehicle.car,63.388161999380465,-21.39968753115415,1.22732740924288,4.727,2.0,1.918,3.1139371834735674,10.322653590363423,0.08542973377774976,0.0,0.0
scene-1077,7,0,vehicle.car,-40.80716287051786,-17.952188124913576,0.7670349729567222,4.916,1.928,1.673,-3.1386782514628386,16.728989956593274,0.15544761795705042,0.004612371264295192,0.07300000000000002
scene-1077,7,1,vehicle.car,72.85247250185883,-14.139096694002387,1.3280784274954502,4.415,2.116,1.582,3.056031643243775,5.914571117940036,-0.050797241153210826,0.0,0.0
scene-1077,7,2,vehicle.car,12.179512416695172,-11.923152486409375,0.7957103471433072,4.849,2.138,1.613,3.130162275764143,8.363515929255346,-0.07762996336568884,0.08959573412698413,1.4450000000000003
scene-1077,7,3,vehicle.car,-80.91377276081272,0.5436559544924067,2.215490667140094,4.521,2.215,1.844,0.07935179014253428,8.981048364354734,0.051200132573041124,0.0,0.0
scene-1077,7,4,vehicle.car,-8.4161857411788,-18.570746306466727,0.6145673282916881,4.737,2.204,1.792,3.125834429482441,17.855085299456434,0.05572424666329845,0.08086180958521384,1.5050000000000006
scene-1077,7,5,vehicle.car,-28.436873170527587,-9.419622584318395,0.9466568918892612,5.02,2.2,1.749,2.780450695356363,6.8115738912760495,-0.02997912532775293,0.0033689839572192512,0.063
scene-1077,7,6,vehicle.car,39.71209631693478,-11.639793686269481,1.1118267286407484,4.897,2.235,1.659,3.1083835253844585,8.326524523804416,-0.2722815429555906,0.0017461530066572083,0.03200000000000001
scene-1077,7,7,vehicle.car,-36.71498007929979,9.19765715997257,0.9252342460387687,5.093,2.0,1.595,1.796181182451017,8.39487403840605,0.18083613894047934,0.00980392156862745,0.16000000000000003
scene-1077,7,8,vehicle.car,-44.59804880030802,5.6153128549112425,1.4882633925817532,5.257,2.2,2.121,0.7504532367677225,0.4333499216580368,-0.00599469746571013,0.0031854937515314874,0.07800000000000001
scene-1077,7,9,vehicle.car,22.424271341312313,-15.481594734267766,0.910289337963802,5.8,2.061,2.0,3.130162275764143,18.882182832906906,0.031466910510319135,0.07557471264367815,1.8410000000000004
scene-1077,7,10,vehicle.car,112.08249788064455,-16.006900180256327,1.659217245178675,5.223,2.08,1.651,3.0695383125857267,5.866999189242477,0.3541782912440544,0.0,0.0
scene-1077,7,11,vehicle.car,96.65455378675331,-20.061939888159646,1.271775632678278,4.858,2.0,1.719,3.056031643243775,15.151791241575816,0.5302400981795711,0.0,0.0
scene-1077,7,12,vehicle.car,57.7111715307124,-6.812277163723322,1.142480820071865,4.583,2.126,1.57,-0.08556101034601812,14.86558724413205,-0.16283058727996436,0.0,0.0
scene-1077,7,13,vehicle.car,-51.32390394957396,3.1839802812743807,1.5879851427897287,4.578,2.129,1.718,0.22415483139361536,0.0,-0.12086601265514618,0.0023139690658872244,0.038000000000000006
scene-1077,7,14,vehicle.car,23.061136510402395,-0.261850904971775,0.7975838500401441,4.582,2.154,1.65,-0.011430377825650189,11.287583666696554,-0.028393005146688632,0.0089550395256917,0.14500000000000005
scene-1077,7,15,vehicle.car,72.37650629370181,-18.431798118362405,1.1339324772628518,4.744,2.184,1.614,3.1083835253844585,14.788311021400707,0.1877218014923362,0.0,0.0
scene-1077,7,16,vehicle.car,57.202195839471976,-13.359556341099282,1.1121473529761416,4.863,2.037,1.615,3.0909327617279008,6.925349576938659,-0.0716484156077487,0.0,0.0
scene-1077,7,17,vehicle.car,-33.835134436642726,12.081812705976715,0.944256888411876,4.099,1.797,1.544,-1.4038465132304567,0.12741595194660257,-0.10008557286107189,0.0077687443541102075,0.08600000000000001
scene-1077,7,18,vehicle.car,87.9577474645781,-18.177431483541948,1.1385357456412302,4.708,2.201,1.687,3.125834429482441,10.940837607454736,0.48185584352350375,0.0,0.0
scene-1077,7,19,vehicle.car,26.835270406264748,-12.426279059129525,0.9731572490416083,4.957,1.995,1.592,3.130162275764143,7.859547177415103,-0.23974585134606685,0.028875,0.46200000000000013
scene-1077,7,20,vehicle.car,-14.929111141178995,-12.059597720572992,0.7536925468781809,4.592,2.126,1.641,3.130162275764143,7.789963395802106,0.11032876798120939,0.044513457556935816,0.6880000000000002
scene-1077,7,21,vehicle.car,53.05904973309098,-21.755402053289625,1.1833380705953305,4.727,2.0,1.918,3.1083835253844585,10.32190078100113,0.032704844033652036,0.0,0.0
scene-1077,8,0,vehicle.car,-54.45801331842752,-18.23094251159136,1.013678748568033,4.916,1.928,1.673,-3.1406575379277992,17.03068637538453,0.01736044077065113,0.0,0.0
scene-1077,8,1,vehicle.car,64.62306734896755,-14.092661776287827,1.0313037635009539,4.415,2.116,1.582,3.054055028568759,5.910621078836086,-0.31911541645934693,0.0,0.0
scene-1077,8,2,vehicle.car,2.6079815579614474,-11.840281554465276,0.8699418395713102,4.849,2.138,1.613,3.128183450570454,8.42094014375396,-0.10834637334497088,0.1170014880952381,1.8870000000000005
scene-1077,8,3,vehicle.car,-81.73399252539156,1.4821577739905134,2.4029020682162407,4.521,2.215,1.844,0.07736988699840941,7.631226827722972,-0.678219072420037,0.0,0.0
scene-1077,8,4,vehicle.car,-22.5097221128473,-18.292841959659288,0.7310155182418824,4.737,2.204,1.792,3.123855741437163,17.615018017973863,0.13978693110370632,0.008381689232753063,0.15600000000000006
scene-1077,8,5,vehicle.car,-35.78453120219943,-7.8433279402629195,1.1640621666494158,5.02,2.2,1.749,2.7784791494000123,5.393638770636027,-0.02152609916360637,0.0015508021390374333,0.029000000000000005
scene-1077,8,6,vehicle.car,30.278270003317203,-11.524848887138655,1.03434555971661,4.897,2.235,1.659,3.106405380573987,7.98062393120285,-0.3309073568586388,0.011349994543271855,0.20800000000000007
scene-1077,8,7,vehicle.car,-49.68982613080962,5.58234428934279,1.557727165802566,5.257,2.2,2.121,0.748446528701362,0.5448309318184379,0.043329026595505304,0.00012251899044351874,0.0030000000000000005
scene-1077,8,8,vehicle.car,10.728721086823077,-16.030952810701628,0.9998261209109376,5.8,2.061,2.0,3.128183450570454,15.920258577735305,-0.12594501930266122,0.11264367816091954,2.7440000000000007
scene-1077,8,9,vehicle.car,103.88262808362056,-15.89735889325195,1.4395588775121735,5.223,2.08,1.651,3.0675613180152332,5.867371318528771,-0.647223527713971,0.0,0.0
scene-1077,8,10,vehicle.car,83.8893732488352,-19.53406102635455,1.1071995743199134,4.858,2.0,1.719,3.054055028568759,13.170929569649424,-0.31712624499042275,0.0,0.0
scene-1077,8,11,vehicle.car,59.87880694854071,-6.98043691645082,1.017932299188315,4.583,2.126,1.57,-0.08753762502103418,15.039116995430781,-0.2941355926906458,0.0,0.0
scene-1077,8,12,vehicle.car,-56.56778397295896,3.3214687433780954,1.7182004884333804,4.578,2.129,1.718,0.22216741680450475,0.1651711505546372,-0.3111645091624453,0.0,0.0
scene-1077,8,13,vehicle.car,23.53458470862925,-0.1188230614952035,0.8693318906963593,4.582,2.154,1.65,-0.01340920301933903,11.568541637741884,-0.13869701808102197,0.008522727272727272,0.138
scene-1077,8,14,vehicle.car,59.69668389780028,-18.501557438377933,0.9559636488905077,4.744,2.184,1.614,3.106405380573987,13.552811726275262,-0.25760207704211513,0.0,0.0
scene-1077,8,15,vehicle.car,48.386704860600695,-13.312709818385565,0.9642434196572965,4.863,2.037,1.615,3.088955143981639,7.08314714270971,-0.26397707809025706,6.377551020408164e-05,0.0010000000000000002
scene-1077,8,16,vehicle.car,-39.001026828465065,12.192705803163248,1.1696045939270747,4.099,1.797,1.544,-1.405844179011358,0.12853444714026047,-0.37937652497928265,0.004878048780487805,0.05400000000000001
scene-1077,8,17,vehicle.car,77.20303370714085,-18.14891374786401,1.061641369066026,4.708,2.201,1.687,3.123855741437163,10.941385063733444,-0.2928391615960858,0.0,0.0
scene-1077,8,18,vehicle.car,17.75225342097331,-12.496425841493828,0.9261060077269484,4.957,1.995,1.592,3.128183450570454,7.340428301566376,-0.26226309505299816,0.0416875,0.6670000000000001
scene-1077,8,19,vehicle.car,-23.808829061160157,-11.912341299574441,0.8787228758879302,4.592,2.126,1.641,3.128183450570454,6.8339993586956265,0.013793236618459437,0.013781055900621118,0.21300000000000005
scene-1077,8,20,vehicle.car,72.81870906189471,-23.084223698220832,0.885121967880628,4.629,2.009,1.79,3.11434527913955,11.375265134577026,-0.09688243248929729,0.0,0.0
scene-1077,8,21,vehicle.car,42.60531750903385,-21.87970599122221,1.0514378331640528,4.727,2.0,1.918,3.106405380573987,10.381477114075201,-0.22464354297907818,0.011254199328107502,0.20100000000000004
scene-1077,9,0,vehicle.car,-67.234582140389,-18.708361849616796,1.0042374388262476,4.916,1.928,1.673,3.140582239044695,17.353758640045744,-0.15228207364527835,0.0,0.0
scene-1077,9,1,vehicle.car,56.994438055450054,-13.829067072301203,1.2643655953645452,4.415,2.116,1.582,3.052100321282748,5.9111259800166245,0.09798080680372878,0.0,0.0
scene-1077,9,2,vehicle.car,-6.076161726353186,-11.739036744051536,0.8236328071759534,4.849,2.138,1.613,3.1262364459292304,8.60076144632085,-0.05247862229808098,0.05896577380952381,0.9510000000000002
scene-1077,9,3,vehicle.car,-83.94545124197336,1.946194674222228,2.076913845414359,4.521,2.215,1.844,0.07543204722538001,6.139424213543104,-0.47530824219628043,0.0,0.0
scene-1077,9,4,vehicle.car,-35.425314341706645,-17.996388407047657,0.8530424363068876,4.737,2.204,1.792,3.121908290543449,17.61328566025062,-0.025861161952429712,0.012196432409198366,0.22700000000000006
scene-1077,9,5,vehicle.car,-42.46763073924738,-5.767577659819778,1.1198784635080345,5.02,2.2,1.749,2.698382304176683,5.845838337056838,-0.2244436060799606,0.0014438502673796792,0.027000000000000003
scene-1077,9,6,vehicle.car,21.87452450409454,-11.715625707537251,1.0972496385873487,4.897,2.235,1.659,3.104456124582785,8.346473860867563,-0.2627612290085485,0.013750954927425516,0.25200000000000006
scene-1077,9,7,vehicle.car,-54.27934415205641,5.790583581519003,1.4235838682719817,5.257,2.2,2.121,0.7465429841871015,0.8213625188196765,0.00790512656482556,0.0,0.0
scene-1077,9,8,vehicle.car,-2.9647802748968157,-15.806007268474033,0.977571811371673,5.8,2.061,2.0,3.1262364459292304,18.891021559956563,-0.0035965627368578224,0.0714696223316913,1.7410000000000005
scene-1077,9,9,vehicle.car,96.26273383971332,-15.797613891057445,1.648634540227749,5.223,2.08,1.651,3.0656080202840887,5.776632319536027,0.5112913859807472,0.0,0.0
scene-1077,9,10,vehicle.car,74.1184686929453,-17.804256315813074,1.3573129158832207,4.858,2.0,1.719,3.052100321282748,11.385061027841703,0.4311728586338387,0.0,0.0
scene-1077,9,11,vehicle.car,61.7446151775999,-6.736325209090948,1.4382338502863363,4.583,2.126,1.57,-0.08949233230704456,17.49497746632873,0.0011263844510599474,0.0,0.0
scene-1077,9,12,vehicle.car,-61.54261147484051,3.6294856964147244,1.6030629165635877,4.578,2.129,1.718,0.2202428835303342,0.3495404736852183,-0.3325507801042371,0.0,0.0
scene-1077,9,13,vehicle.car,23.829705622858857,-0.28234553944867347,0.8623850162603119,4.582,2.154,1.65,-0.015356207660562917,11.923639764331183,-0.04007373708264628,0.007843379446640316,0.12700000000000003
scene-1077,9,14,vehicle.car,49.22115959443686,-18.708272575075732,1.1369739581128377,4.744,2.184,1.614,3.104456124582785,13.047510707629149,0.08276072921550093,0.00036266924564796907,0.006000000000000002
scene-1077,9,15,vehicle.car,40.214964018172175,-13.257134306650771,1.0490659346913624,4.863,2.037,1.615,3.0870040754197356,7.46909154696859,-0.013688496622972557,0.0006377551020408163,0.010000000000000002
scene-1077,9,16,vehicle.car,-43.88279244404656,12.315708713274145,1.0923775917380154,4.099,1.797,1.544,-1.4078254382034516,0.1287352120413899,0.15835123907634618,0.003974706413730804,0.044000000000000004
scene-1077,9,17,vehicle.car,67.28060382971951,-18.399178738566743,1.321057941516291,4.708,2.201,1.687,3.121908290543449,10.952255086524984,0.3117526926199089,0.0,0.0
scene-1077,9,18,vehicle.car,9.603119155568203,-12.441937857875118,0.9153391319323014,4.957,1.995,1.592,3.1262364459292304,7.3512810575700245,-0.11917629949335562,0.094625,1.5140000000000005
scene-1077,9,19,vehicle.car,-31.672730206124854,-11.567249644669662,1.000056311395844,4.592,2.126,1.641,3.0564283621966712,6.406163552658783,-0.27176733436890466,0.023421325051759836,0.3620000000000001
scene-1077,9,20,vehicle.car,62.91436977094242,-24.673098739965962,1.0749990867330244,4.629,2.009,1.79,3.112396845526743,10.811253183288391,0.5335615540788958,0.0,0.0
scene-1077,9,21,vehicle.car,32.90189740969865,-21.91053462524688,1.1828706661103097,4.727,2.0,1.918,3.104456124582785,11.004319623313595,-0.053424151026996713,0.0073908174692049276,0.13200000000000003
scene-1077,10,0,vehicle.car,47.51263265239259,-13.537156161813144,1.1782995063486652,4.415,2.116,1.582,3.054152674960629,6.13651570458129,-0.16235399095445435,0.0025703463203463205,0.03800000000000001
scene-1077,10,1,vehicle.car,-17.207000595632284,-11.533784187293028,0.9094389981965338,4.849,2.138,1.613,3.1282864784343776,8.906685924206384,-0.18463531479637973,0.03280009920634921,0.5290000000000001
scene-1077,10,2,vehicle.car,-86.83866158957711,2.138256161269231,2.08292650628301,4.521,2.215,1.844,0.07747867090478974,6.13823039024036,-0.7779072675726062,0.0,0.0
scene-1077,10,3,vehicle.car,-51.33418709877536,-17.779979785592047,0.9950598337672445,4.737,2.204,1.792,3.123958470648408,17.614195754758768,-0.21259792763216223,0.0016118633139909735,0.030000000000000006
scene-1077,10,4,vehicle.car,-50.36108024160231,-2.9932449507779926,1.3342441043686335,5.02,2.2,1.749,2.6048321153901197,6.641896885922424,-0.3178164150547449,0.0010695187165775401,0.020000000000000004
scene-1077,10,5,vehicle.car,65.4932713725308,-23.788829474214918,1.0853236403441748,4.611,1.912,1.763,3.106506885067962,10.728072658932403,0.2804985797428765,0.0,0.0
scene-1077,10,6,vehicle.car,10.720450342964375,-11.731437614761585,0.8919405731352356,4.897,2.235,1.659,3.106506885067962,8.880328592821705,-0.10892364279351496,0.05112954272618138,0.9370000000000002
scene-1077,10,7,vehicle.car,-60.10374183151209,5.808457795252813,1.5516191604562422,5.257,2.2,2.121,0.7485576560989233,0.8205378898592676,-0.23159353355843026,0.0,0.0
scene-1077,10,8,vehicle.car,-19.374105010198555,-15.694137369829567,0.9220029515923823,5.8,2.061,2.0,3.1282864784343776,19.365665391690893,-0.042459319323476685,0.021469622331691297,0.5230000000000001
scene-1077,10,9,vehicle.car,86.90308243668048,-15.417593523157633,1.360412442625198,5.223,2.08,1.651,3.0676599847716655,5.704735704937538,0.025486255227890386,0.0,0.0
scene-1077,10,10,vehicle.car,62.05665366615103,-15.347534857657102,1.3194474039181951,4.858,2.0,1.719,3.054152674960629,9.646887226335483,-0.08695104385464225,0.0,0.0
scene-1077,10,11,vehicle.car,66.1461115310453,-6.937001828302614,1.4254687856824333,4.583,2.126,1.57,-0.08743997862916407,18.41474236468595,-0.3196245228440696,0.0,0.0
scene-1077,10,12,vehicle.car,-67.8268056864223,3.7362812073834464,1.7751764946377815,4.578,2.129,1.718,0.2222830516524549,0.3504977175985051,-0.6278659966385902,0.0,0.0
scene-1077,10,13,vehicle.car,24.234770398478464,-0.18789991315115517,0.8252789752851664,4.582,2.154,1.65,-0.013306175155415472,12.107953331431181,-0.12104412487851968,0.004940711462450593,0.08000000000000002
scene-1077,10,14,vehicle.car,35.434552460743966,-18.618485360605252,0.9592596524263746,4.744,2.184,1.614,3.106506885067962,14.590270377042573,0.00984203357444946,0.0021155705996131527,0.03500000000000001
scene-1077,10,15,vehicle.car,29.70954253097706,-12.863265634030787,0.9770417479328364,4.863,2.037,1.615,3.089055392073411,7.785426133483994,-0.11362233913461861,0.003125,0.049000000000000016
scene-1077,10,16,vehicle.car,-50.096050707057664,12.278259348384285,1.2805338959877455,4.099,1.797,1.544,-1.4058065096180008,0.12811351606713126,-0.32118263937878244,0.004336043360433604,0.04800000000000001
scene-1077,10,17,vehicle.car,55.03726991613677,-18.39413056518133,1.2216549454671883,4.708,2.201,1.687,3.123958470648408,12.040841611336063,-0.034010571335031936,0.0,0.0
scene-1077,10,18,vehicle.car,-0.8157819977971461,-12.303984220462292,0.9614946116039004,4.957,1.995,1.592,3.1282864784343776,7.9799983938531245,-0.24265374813763751,0.1433125,2.2930000000000006
scene-1077,10,19,vehicle.car,-41.343967211319644,-10.775654185738112,1.1056875496300063,4.592,2.126,1.641,3.0584805928651155,5.509553478555177,-0.3188600016029677,0.003429089026915114,0.05300000000000001
scene-1077,10,20,vehicle.car,50.79901258737069,-23.431764322130483,0.9287693944273103,4.629,2.009,1.79,3.114447344899062,10.913385370445003,0.32288700792216174,0.006280193236714976,0.10400000000000001
scene-1077,10,21,vehicle.car,20.385765921275947,-21.769752853243375,0.9994949524705313,4.727,2.0,1.918,3.106506885067962,11.459547158152455,-0.04235816386388769,0.03566629339305711,0.6370000000000001
scene-1077,11,0,vehicle.car,38.51700079386183,-13.54795090491353,1.0432014675086037,4.415,2.116,1.582,3.0539275498101404,6.427596511238966,-0.16646702563219218,0.00040584415584415587,0.006000000000000002
scene-1077,11,1,vehicle.car,-27.46268829244234,-11.35256010146081,0.7150150955045774,4.849,2.138,1.613,3.128033602289834,8.9072414854661,0.02925050279254171,0.004402281746031746,0.07100000000000002
scene-1077,11,2,vehicle.car,-89.58992523873235,2.4411758900782625,1.7603407936661821,4.521,2.215,1.844,0.07719543245131831,6.137935844289713,-0.7431114212840181,0.0,0.0
scene-1077,11,3,vehicle.car,-65.94282094264982,-17.529800893564435,0.5745572057390189,4.737,2.204,1.792,3.12370714837071,17.812878592502774,0.42556504553318264,0.0,0.0
scene-1077,11,4,vehicle.car,78.40895029801919,-17.871441183881416,1.2257680729554423,4.88,2.052,1.611,-3.107140997774566,13.78036293167914,0.1422945715262166,0.0,0.0
scene-1077,11,5,vehicle.car,-58.013006339954096,0.23869495389521922,1.2210629564335918,5.02,2.2,1.749,2.447017228017104,7.611080139426711,-0.3611544863989924,0.0,0.0
scene-1077,11,6,vehicle.car,54.33477744191707,-23.44002049023547,0.8634259647754321,4.611,1.912,1.763,3.106261916625429,10.794273392375318,0.344369530257832,0.0,0.0
scene-1077,11,7,vehicle.car,0.5123345233773586,-11.566017819472615,0.7658408467573108,4.897,2.235,1.659,3.106261916625429,8.60902253551746,-0.09073241863669768,0.08457928625995853,1.5500000000000003
scene-1077,11,8,vehicle.car,-65.50608278211546,5.901516506454388,1.4343878162139914,5.257,2.2,2.121,0.7482396377287348,0.8206829675517349,-0.014452973150636872,0.0,0.0
scene-1077,11,9,vehicle.car,-35.32642354981197,-16.122960535486932,0.5469005481150887,5.8,2.061,2.0,3.128033602289834,20.31940944080342,0.4905517473074653,0.0015599343185550081,0.038000000000000006
scene-1077,11,10,vehicle.car,78.25588849535806,-15.153654013187904,1.3265647960186655,5.223,2.08,1.651,3.0674296352060626,5.13105642315635,0.1059819273471182,0.0,0.0
scene-1077,11,11,vehicle.car,52.534580872869675,-14.242575293675062,1.178596028481588,4.858,2.0,1.719,3.0539275498101404,6.878958561475942,-0.08913241294489815,0.0,0.0
scene-1077,11,12,vehicle.car,69.02903733873845,-6.925417157594752,1.5027606581885617,4.583,2.126,1.57,-0.08766510377965259,17.29128335252072,-0.1094547867018979,0.0,0.0
scene-1077,11,13,vehicle.car,-73.65256850133541,3.9228652078833632,1.6269766663813097,4.578,2.129,1.718,0.22196191482421115,0.3509299529030982,-0.5447414317631227,0.0,0.0
scene-1077,11,14,vehicle.car,24.483177327212804,-0.1681577924110835,0.9167848010022197,4.582,2.154,1.65,-0.013559051299959135,12.16861424122067,-0.08462018858976705,0.008028656126482214,0.13000000000000003
scene-1077,11,15,vehicle.car,21.878196604108833,-18.4391324569943,0.5923942363751153,4.744,2.184,1.614,3.106261916625429,15.31967125823622,0.011649042438246826,0.03735493230174081,0.6180000000000002
scene-1077,11,16,vehicle.car,20.01978501769892,-12.602650590249274,0.8703956656086546,4.863,2.037,1.615,3.088816913058332,8.136534276219725,-0.25989898546815926,0.019196428571428573,0.3010000000000001
scene-1077,11,17,vehicle.car,-55.837599803660666,12.304162925668892,1.3707660758220577,4.099,1.797,1.544,-1.4057657345453367,0.12734943762210238,-0.014566587659063268,0.0,0.0
scene-1077,11,18,vehicle.car,42.61507757583799,-18.51811384027079,0.9855119101477892,4.708,2.201,1.687,3.12370714837071,13.239726270620169,0.029189840488311636,0.0055182614631926275,0.09700000000000002
scene-1077,11,19,vehicle.car,-10.81357151403634,-12.206483995366,0.8004169831943593,4.957,1.995,1.592,3.128033602289834,8.453738685016189,-0.1920556235981068,0.0741875,1.1870000000000003
scene-1077,11,20,vehicle.car,-49.33807658820827,-10.221252256516447,0.8758207839290802,4.592,2.126,1.641,3.0582537862901082,4.779985936857887,-0.06129983015462803,0.0019409937888198758,0.030000000000000006
scene-1077,11,21,vehicle.car,39.62491697480806,-22.4437759267918,0.7160258019721153,4.629,2.009,1.79,3.1141994681804994,10.762432001750641,0.38597798518780446,0.0008454106280193237,0.014000000000000002
scene-1077,11,22,vehicle.car,8.852576055519044,-21.721789947974738,0.6022998443192371,4.727,2.0,1.918,3.106261916625429,11.643678611785306,0.09410736316977653,0.06819708846584546,1.2180000000000002
scene-1077,12,0,vehicle.car,29.23016333573947,-13.166871898358531,0.7057156855672231,4.415,2.116,1.582,3.058851738045338,6.958375806133337,-0.027401559671722864,0.002435064935064935,0.03600000000000001
scene-1077,12,1,vehicle.car,-37.97775391345203,-11.32257577693116,0.7702822583440337,4.849,2.138,1.613,3.132903521595392,8.165131945989323,-0.2081560120109115,0.0001240079365079365,0.0020000000000000005
scene-1077,12,2,vehicle.car,85.85337748093987,-13.890399463486897,1.102015735116455,4.792,2.066,1.536,3.0723438952879376,6.9131231640359845,0.2295349755616456,0.0,0.0
scene-1077,12,3,vehicle.car,-80.97973438263817,-18.060846190087776,0.4003085201956893,4.737,2.204,1.792,3.1285802128158444,18.01935172082207,0.2479365334532594,0.0,0.0
scene-1077,12,4,vehicle.car,65.49040908479749,-17.521026801649306,0.76205657713577,4.88,2.052,1.611,-3.1023056384671674,13.779832457049277,0.15832709158495217,0.0,0.0
scene-1077,12,5,vehicle.car,-65.68170584519476,3.559791436521743,1.6688736491514264,5.02,2.2,1.749,2.4522881731431583,7.832669936948631,-0.02438070157299621,0.0,0.0
scene-1077,12,6,vehicle.car,42.91611774747315,-22.746800055925334,0.35539392517740387,4.611,1.912,1.763,3.1111477018237848,10.916271771723848,0.269629732144526,0.003686753114670735,0.05800000000000001
scene-1077,12,7,vehicle.car,-9.751060628867721,-11.408370017381051,0.6637948585792524,4.897,2.235,1.659,3.1111477018237848,8.406049252810128,-0.0027809768959027314,0.07568481938229837,1.3870000000000002
scene-1077,12,8,vehicle.car,69.94399481985012,-14.519027403213805,0.9084898804775672,5.223,2.08,1.651,3.0723438952879376,4.842763610916154,0.21407037075839475,0.0,0.0
scene-1077,12,9,vehicle.car,43.408571697342055,-13.986764634031521,0.7478254662441786,4.858,2.0,1.719,3.058851738045338,7.269476718077637,0.1139632338372295,0.0,0.0
scene-1077,12,10,vehicle.car,71.54182199458495,-6.824748307526639,1.2369019955892067,4.583,2.126,1.57,-0.08274091554445502,16.46262854225502,0.13982716853432853,0.0,0.0
scene-1077,12,11,vehicle.car,-79.80979238009496,3.7499436755322586,1.7653049115646837,4.578,2.129,1.718,0.22667324518177842,0.3509310408576568,-0.1402399100769518,0.0,0.0
scene-1077,12,12,vehicle.car,24.475903614675506,-0.2520055828967178,0.8283678703054127,4.582,2.154,1.65,-0.008689131994401356,12.163520306306124,0.0660682328001323,0.007349308300395257,0.11900000000000002
scene-1077,12,13,vehicle.car,8.288050752804027,-18.29622999665039,0.18013023756942648,4.744,2.184,1.614,3.1111477018237848,14.743781442010077,0.07370569754638778,0.04448742746615087,0.7360000000000002
scene-1077,12,14,vehicle.car,9.721245680192753,-12.343363127727796,0.5676497093247614,4.863,2.037,1.615,3.093715469494543,8.085640239540895,-0.002588577012940463,0.09228316326530613,1.4470000000000003
scene-1077,12,15,vehicle.car,-61.95662718251526,12.055962374167803,1.7293910445757403,4.099,1.797,1.544,-1.4006572761629132,0.12596622429264165,1.3768021850995527,0.0,0.0
scene-1077,12,16,vehicle.car,29.972217297153783,-18.43038046789477,0.5038259712004212,4.708,2.201,1.687,3.1285802128158444,13.234486798096418,0.0015404552674743721,0.028103310956877917,0.4940000000000001
scene-1077,12,17,vehicle.car,-21.13207918269435,-12.230979234561943,0.6583402033535409,4.957,1.995,1.592,3.132903521595392,8.540396376090749,-0.05724345786251306,0.0478125,0.7650000000000002
scene-1077,12,18,vehicle.car,-57.75171000527128,-9.455730551508742,0.8883601272373076,4.592,2.126,1.641,3.0631747928164477,4.889106902347562,-0.1004836715726729,0.0,0.0
scene-1077,12,19,vehicle.car,28.263461511504286,-22.296111223536958,0.25285706895916893,4.629,2.009,1.79,3.119079458245251,10.589225409072409,0.10697440248400736,0.035446859903381644,0.5870000000000001
scene-1077,12,20,vehicle.car,-3.0708449523838217,-21.565215458764598,0.19082636544012543,4.727,2.0,1.918,3.1111477018237848,11.437955211812461,0.03689956620431423,0.052127659574468084,0.9310000000000002
scene-1077,13,0,vehicle.car,19.379752459071526,-12.943154477568184,0.519224420785622,4.415,2.116,1.582,3.058626279117736,7.437199571916782,-0.05928792977304875,0.03145292207792208,0.46500000000000014
scene-1077,13,1,vehicle.car,-47.82163282550854,-11.141063804513472,1.0996113947327522,4.849,2.138,1.613,3.132684905078471,7.096667701153296,-0.4677274931366828,0.0016741071428571428,0.027000000000000003
scene-1077,13,2,vehicle.car,76.26797648584628,-13.658119779195124,0.7134039690323217,4.792,2.066,1.536,3.072119938878287,6.922377414906829,-0.14870229933932855,0.0,0.0
scene-1077,13,3,vehicle.car,-96.12209878633712,-18.24233232821835,1.06356529808944,4.737,2.204,1.792,3.128361292240791,18.01823706228608,-0.3925006657928777,0.0,0.0
scene-1077,13,4,vehicle.car,52.464095199859706,-17.57879325218593,0.44566110574369255,4.88,2.052,1.611,-3.102521690035256,13.778887977947262,-0.03144142901067559,0.0,0.0
scene-1077,13,5,vehicle.car,31.28804349135316,-22.59320607773651,0.18090828967960348,4.611,1.912,1.763,3.1109274340579165,10.978053827748122,0.13665863584606175,0.02841342486651411,0.44700000000000006
scene-1077,13,6,vehicle.car,-20.088348131891642,-11.251931659182844,0.9128805145855385,4.897,2.235,1.659,3.1109274340579165,8.03640213330908,-0.22911518236355366,0.01118629269889774,0.20500000000000004
scene-1077,13,7,vehicle.car,61.241924619812856,-14.414032765365663,0.5190077843606326,5.223,2.08,1.651,3.072119938878287,5.3524984058948,0.06278356040121591,0.0,0.0
scene-1077,13,8,vehicle.car,33.089405059273425,-13.57868844526668,0.5308930829366798,4.858,2.0,1.719,3.058626279117736,8.202412738417467,0.045875264803493576,0.003601440576230492,0.06000000000000001
scene-1077,13,9,vehicle.car,73.26698636646726,-6.836042945398779,0.8623971808590662,4.583,2.126,1.57,-0.08296637447205732,15.881252073368554,-0.21622958606860754,0.0,0.0
scene-1077,13,10,vehicle.car,-85.95452671325367,3.987732393220141,2.2454767242582188,4.578,2.129,1.718,0.22645282278013784,0.3509240111166427,-0.7658195782811985,0.0,0.0
scene-1077,13,11,vehicle.bus.rigid,124.41519020322315,-17.509189850467667,1.899951717497479,12.704,2.92,4.464,-3.007292016803015,5.537054082806528,0.07464878308616996,0.0,0.0
scene-1077,13,12,vehicle.car,24.3895216820519,-0.19548044782376148,0.6934689726646125,4.582,2.154,1.65,-0.008907748511322016,12.382769765270869,0.009840344268542522,0.008893280632411068,0.14400000000000004
scene-1077,13,13,vehicle.car,-5.030651865350405,-18.348446885352697,0.19563872179294894,4.744,2.184,1.614,3.1109274340579165,15.130006952029547,0.08311463704799349,0.08438104448742746,1.3960000000000004
scene-1077,13,14,vehicle.car,-0.2503336773053418,-12.07505258389101,0.5533913729847073,4.863,2.037,1.615,3.093493661650867,7.683632390410483,-0.09559152585870023,0.14980867346938775,2.3490000000000006
scene-1077,13,15,vehicle.car,17.218495779548608,-18.369780548627375,0.35425760558423547,4.708,2.201,1.687,3.128361292240791,13.749739496572928,-0.0642630262690499,0.030151325520537033,0.53
scene-1077,13,16,vehicle.car,-31.547347226851674,-12.280016261815197,0.9286536415912718,4.957,1.995,1.592,3.132684905078471,8.54691422635877,-0.2623298643924803,0.009375,0.15000000000000002
scene-1077,13,17,vehicle.car,-65.96899458198901,-8.318835031615805,1.4359431251053034,4.592,2.126,1.641,3.0629498275392293,4.701727306715205,-0.7101395500067889,0.0,0.0
scene-1077,13,18,vehicle.car,16.888681439198294,-22.105395162958903,0.09913419605099671,4.629,2.009,1.79,3.118859827470971,10.691749979709902,0.19913545250094422,0.022644927536231884,0.37500000000000006
scene-1077,13,19,vehicle.car,-14.734964881414381,-21.46992778818829,0.312449934803003,4.727,2.0,1.918,3.1109274340579165,11.244745245025959,0.10321027628327017,0.022228443449048153,0.3970000000000001
scene-1077,14,0,vehicle.car,9.466829844262822,-12.741466676810917,0.5388868906117006,4.415,2.116,1.582,3.056401768389115,7.609321533823372,0.02417460636133717,0.060470779220779224,0.8940000000000003
scene-1077,14,1,vehicle.car,-57.40831679844588,-11.085410890523285,0.5976895174059269,4.849,2.138,1.613,3.1304544698895587,6.905693069110971,-0.12013235273689005,0.0,0.0
scene-1077,14,2,vehicle.car,66.588349869838,-13.89183155975306,1.3694719879399841,4.792,2.066,1.536,3.069893988849091,6.948434954051715,-0.15438392517677002,0.0,0.0
scene-1077,14,3,vehicle.car,-111.34122263559706,-18.20523336102398,0.1519351573323804,4.737,2.204,1.792,3.12613106928231,18.018353246724203,0.5390986253881854,0.0,0.0
scene-1077,14,4,vehicle.car,39.363738281937685,-17.71701875560912,0.804550927418247,4.88,2.052,1.611,-3.1047533569528722,14.372116731594414,0.06114332650326182,0.0023688046647230322,0.03900000000000001
scene-1077,14,5,vehicle.car,19.581167735720875,-22.480716508002864,0.34230931549109345,4.611,1.912,1.763,3.1086982359208917,10.978349665619161,0.04039898986779322,0.0027968471904398677,0.044000000000000004
scene-1077,14,6,vehicle.car,-30.121351337149015,-11.115016804936614,0.7056728671911021,4.897,2.235,1.659,3.1086982359208917,7.667058978743868,-0.2930880156877299,0.0035468732947724546,0.06500000000000002
scene-1077,14,7,vehicle.car,52.250303345507426,-14.474619153358493,0.9571244562709713,5.223,2.08,1.651,3.069893988849091,5.581652980949421,0.10896772541161537,0.00016160310277957336,0.0030000000000000005
scene-1077,14,8,vehicle.car,22.9146609363261,-13.103689254925744,0.7312270144545727,4.858,2.0,1.719,3.056401768389115,8.000965433590068,0.044276898232728956,0.011524609843937574,0.19200000000000003
scene-1077,14,9,vehicle.car,75.08691807210849,-6.65180441973275,1.7852177313068451,4.583,2.126,1.57,-0.08519088520067807,16.020778688758163,-0.298540587733084,0.0,0.0
scene-1077,14,10,vehicle.car,-92.14916208595292,4.395423729431132,1.4309542887185214,4.578,2.129,1.718,0.22423598260376854,0.3501242806415003,0.5814451787497403,0.0,0.0
scene-1077,14,11,vehicle.bus.rigid,115.84057364569804,-19.22614351316175,3.0649347909310354,12.704,2.92,4.464,-3.0095200158800743,5.927267172378091,0.024005657353113996,0.0,0.0
scene-1077,14,12,vehicle.car,24.546288594246384,-0.20169109345198696,0.9781067974226647,4.582,2.154,1.65,-0.011138183700234398,12.667589521740377,-0.007198143686550251,0.012598814229249012,0.20400000000000004
scene-1077,14,13,vehicle.car,-19.18798681012671,-18.205360034499662,-0.0884247377891505,4.744,2.184,1.614,3.1086982359208917,14.946141531329062,0.39225645289611466,0.0136605415860735,0.22600000000000003
scene-1077,14,14,vehicle.car,-10.283415652718823,-11.791289433067538,0.5029979727175777,4.863,2.037,1.615,3.091265758267829,7.840162197902014,-0.11616609787016563,0.1513392857142857,2.373
scene-1077,14,15,vehicle.car,3.8746405316288004,-18.312969594145525,0.3388670571093504,4.708,2.201,1.687,3.12613106928231,14.462616271064487,-0.06264687278317849,0.09107975878939584,1.6010000000000002
scene-1077,14,16,vehicle.car,-42.01334925948797,-12.189393094198955,0.45973384190709066,4.957,1.995,1.592,3.1304544698895587,8.469524886159132,-0.0409149248710341,0.0015,0.024000000000000007
scene-1077,14,17,vehicle.car,5.225057725650405,-21.79277210777262,0.056906300540933596,4.629,2.009,1.79,-2.5909536856871997,17.92259459787339,0.21098727131270412,0.030434782608695653,0.5040000000000001
scene-1077,14,18,vehicle.car,-26.67224373928665,-21.38303513443534,0.07555750994133037,4.727,2.0,1.918,3.1086982359208917,11.138703894341914,0.4011223005826564,0.01438969764837626,0.25700000000000006
scene-1077,15,0,vehicle.car,-0.7178292851897491,-12.494276886599403,0.4342232684407077,4.415,2.116,1.582,3.055999377247298,7.782279659901815,0.08484374220039037,0.10098755411255411,1.4930000000000003
scene-1077,15,1,vehicle.car,-6.608478970107767,-21.968795440288474,0.04827318698067096,5.121,2.0,1.695,3.1082868382782105,11.850719490055152,0.23534177988868332,0.0729527104959631,1.2650000000000003
scene-1077,15,2,vehicle.car,-67.22444136595936,-10.920247772613397,0.9540144634054428,4.849,2.138,1.613,3.130038874116267,6.693787032661473,-0.34046353493197024,0.0,0.0
scene-1077,15,3,vehicle.car,56.82066970490646,-13.97349954783206,0.7203758242486553,4.792,2.066,1.536,3.0694894244720734,7.102302297955437,0.1488708158375187,0.0,0.0
scene-1077,15,4,vehicle.car,25.58580824840334,-17.956333554375153,0.41178536848885594,4.88,2.052,1.611,-3.10517909534115,15.816286748903897,-0.02870914845330297,0.034742468415937804,0.5720000000000001
scene-1077,15,5,vehicle.car,7.789702641978522,-22.30999266102424,0.1739900193682673,4.611,1.912,1.763,3.10828683827821,10.978106277701942,0.038295612765216536,0.0659166031019578,1.0370000000000001
scene-1077,15,6,vehicle.car,-40.25193956457825,-11.016448659938844,0.8998853236197919,4.897,2.235,1.659,3.10828683827821,7.666688263817349,-0.3577986227035016,0.005402160864345739,0.09900000000000003
scene-1077,15,7,vehicle.car,43.156468278279,-14.567813390749524,0.5931970969885435,5.223,2.08,1.651,3.0694894244720734,6.239500777600292,0.2029130596667681,0.0,0.0
scene-1077,15,8,vehicle.car,12.629455142169824,-12.756668031104407,0.5150211796172667,4.858,2.0,1.719,3.055999377247298,8.152444488956737,0.11741447907604696,0.04279711884753901,0.7130000000000001
scene-1077,15,9,vehicle.car,76.79030877884794,-6.583230967382893,1.3554219370083787,4.583,2.126,1.57,-0.08559327634249458,16.503010713414998,-0.12221741964387667,0.0,0.0
scene-1077,15,10,vehicle.car,-98.45493423240771,4.641942257128541,1.9397942546999785,4.578,2.129,1.718,0.22376071095841357,0.3454028558070185,0.6623711191022066,0.0,0.0
scene-1077,15,11,vehicle.bus.rigid,106.8871624223191,-20.9001769041265,1.740224234091098,12.704,2.92,4.464,-3.009969162990422,6.116849846998039,0.9660158901345186,0.0,0.0
scene-1077,15,12,vehicle.car,24.58381990051686,-0.17540672096135201,0.9539802554845564,4.582,2.154,1.65,-0.011553779473526251,12.923478562877138,-0.11649107074735099,0.012660573122529644,0.20500000000000004
scene-1077,15,13,vehicle.car,-32.48928432888845,-18.23867009773011,0.24538460144892382,4.744,2.184,1.614,3.10828683827821,13.99254811389385,0.2252764016638692,0.0,0.0
scene-1077,15,14,vehicle.car,-20.57315016866208,-11.50119521688085,0.5655640908132635,4.863,2.037,1.615,3.0908575359459354,7.996761981796928,-0.0893198843847357,0.02544642857142857,0.3990000000000001
scene-1077,15,15,vehicle.car,-9.754712428309857,-18.215540536057894,0.16626746802403702,4.708,2.201,1.687,3.125716328223898,15.037732254994221,0.05827495284006823,0.09637046307884856,1.6940000000000002
scene-1077,15,16,vehicle.car,-52.51509499202693,-12.038751797915289,0.7198457270901535,4.957,1.995,1.592,3.130038874116267,7.7503403841560194,-0.2163619288246963,0.0,0.0
scene-1077,15,17,vehicle.car,-13.3058513150089,-25.008188041755915,-0.34449810512020607,4.629,2.009,1.79,-2.59153500652489,25.314609242786243,0.8103385830636265,0.0004830917874396135,0.008
scene-1077,15,18,vehicle.car,-38.3942633006177,-21.22218591366305,0.26213928775680273,4.727,2.0,1.918,3.10828683827821,10.836783661590319,0.3724029476176479,0.0013437849944008958,0.024000000000000004
scene-1077,16,0,vehicle.car,-10.83817415935788,-12.272079492028741,0.763112148933929,4.415,2.116,1.582,3.0600266695128533,8.303250743200634,-0.09443011873297069,0.07623106060606061,1.1270000000000004
scene-1077,16,1,vehicle.car,-18.578958778115226,-20.63347651197447,0.44043063280543215,5.121,2.0,1.695,3.112348379927592,12.168635021075367,0.3568877548221695,0.003229527104959631,0.056000000000000015
scene-1077,16,2,vehicle.car,-76.61806933176115,-10.767819220335264,1.7106173693112088,4.849,2.138,1.613,3.1341141913419492,6.363123025287806,-0.2290932175091458,0.0,0.0
scene-1077,16,3,vehicle.car,46.97591117778965,-14.009355541443028,0.39072719065520656,4.792,2.066,1.536,3.0735256927941976,7.414868774066698,0.2060698219123136,0.0,0.0
scene-1077,16,5,vehicle.car,11.041506437375864,-17.930971687928146,0.48662688692618683,4.88,2.052,1.611,-3.101074553910914,16.336100987647303,-0.13137494953681306,0.05065597667638484,0.8340000000000002
scene-1077,16,6,vehicle.car,-3.8937794952288884,-22.13485239372445,0.5214854980980934,4.611,1.912,1.763,3.1123483799275915,10.978816320855874,-0.09909444680567403,0.11238240528858377,1.7680000000000002
scene-1077,16,7,vehicle.car,-50.3213533971001,-11.104475822610867,1.424586979499835,4.897,2.235,1.659,3.1123483799275915,7.666196450813165,-0.33148019277192964,0.00032740368874822657,0.006000000000000001
scene-1077,16,8,vehicle.car,131.71972475080642,-12.914998251293209,0.9169165323057713,4.872,2.132,1.713,2.98279896565062,12.227442726925362,0.17925033197016105,0.0,0.0
scene-1077,16,9,vehicle.car,33.48894631681825,-14.441826169410263,0.5664229358197177,5.223,2.08,1.651,3.0735256927941976,7.446317596431103,0.13308253087988253,0.0039862098685628095,0.07400000000000001
scene-1077,16,10,vehicle.car,2.2553514431757384,-12.36211207082235,0.6680572671361049,4.858,2.0,1.719,3.0600266695128533,8.306578917481152,0.10934331005143327,0.11308523409363745,1.8840000000000003
scene-1077,16,11,vehicle.car,79.03657549127733,-6.117504912589018,0.9283361839885518,4.583,2.126,1.57,-0.08156598407693963,17.23175719476787,-0.12360893901536907,0.0,0.0
scene-1077,16,12,vehicle.car,-104.64710964600994,4.461880974294246,2.5737697567359694,4.578,2.129,1.718,0.22795984166162955,0.3829260958942872,0.03669627910692608,0.0,0.0
scene-1077,16,13,vehicle.bus.rigid,97.9589362124285,-21.606037033421682,1.360497589679649,12.704,2.92,4.464,-3.005812208696564,5.954377598463278,0.6212307919541098,0.0,0.0
scene-1077,16,14,vehicle.car,24.8893847888925,-0.010314691190952442,0.6754732977725328,4.582,2.154,1.65,-0.0074784622478437585,13.180830832927125,-0.027467651305324026,0.011734189723320158,0.19000000000000003
scene-1077,16,15,vehicle.car,-45.6962097674651,-18.443725461712646,1.0685095438373706,4.744,2.184,1.614,3.1123483799275915,13.993062992571305,-0.3046976091278216,0.008885396518375242,0.14700000000000005
scene-1077,16,16,vehicle.car,-30.801558768524387,-11.319535210263465,0.9560689777074471,4.863,2.037,1.615,3.094907828992062,7.996248994780901,-0.20151627539974604,0.006313775510204082,0.09900000000000002
scene-1077,16,17,vehicle.car,-23.674975434113062,-18.193239742380737,0.47262923705577375,4.708,2.201,1.687,3.129788932330295,15.418180445081987,0.3407321511507082,0.010638297872340425,0.18700000000000003
scene-1077,16,18,vehicle.car,-62.277134942128605,-11.768424147796393,1.4521418165122844,4.957,1.995,1.592,3.1341141913419492,7.127746895015909,-0.16050678385847572,0.0,0.0
scene-1077,16,19,vehicle.car,81.78048466963442,-13.409255702623446,0.569850707349961,4.838,2.04,1.566,-3.110457630356329,7.744839357262614,0.09304366100054484,0.0,0.0
scene-1077,16,20,vehicle.car,-50.01054143204161,-21.254027414108915,0.9710250610216887,4.727,2.0,1.918,3.1123483799275915,11.35804763850425,-0.05469186879241783,0.007670772676371781,0.13700000000000004
scene-1077,17,0,vehicle.car,-21.60102001106227,-11.974831468052624,0.5887242143600192,4.415,2.116,1.582,3.057494478057499,9.136907850345278,-0.18138086514165064,0.01948051948051948,0.2880000000000001
scene-1077,17,1,vehicle.car,-31.35056497676721,-21.7352891205638,0.019535866593769713,5.121,2.0,1.695,3.1097932837047035,22.095870869963917,0.32721996941620957,0.02641291810841984,0.45800000000000013
scene-1077,17,2,vehicle.car,-86.13622848276876,-10.171822193802159,1.041177604608235,4.849,2.138,1.613,3.1315502526090544,5.384136573743739,-0.5517099119946334,0.0,0.0
scene-1077,17,3,vehicle.car,36.82364899434691,-14.050094769445224,0.5274474792543595,4.792,2.066,1.536,3.070987378113548,7.8681883809326285,-0.06922140122091225,0.000925925925925926,0.014000000000000004
scene-1077,17,5,vehicle.car,-3.329937157576611,-17.875435084394912,0.3207142819453508,4.88,2.052,1.611,-3.1036564565359184,15.403602462208902,-0.034387844472053675,0.08242225461613217,1.3570000000000002
scene-1077,17,6,vehicle.car,-15.761495779882178,-21.96845532370565,0.25515865081263245,4.611,1.912,1.763,3.109793283704703,10.97822923411922,0.08725691467809016,0.00832697686244597,0.13100000000000003
scene-1077,17,7,vehicle.car,-60.51302771497789,-10.915524428767228,0.8699164029514617,4.897,2.235,1.659,3.109793283704703,7.666289689323398,-0.38429914249537644,0.0,0.0
scene-1077,17,8,vehicle.car,119.24248786979977,-13.078565810980281,1.875115800834629,4.872,2.132,1.713,2.9803043845868484,12.3112157208391,-0.5421870834598272,0.0,0.0
scene-1077,17,9,vehicle.car,23.122547146659283,-14.384489200760218,0.6255928999022236,5.223,2.08,1.651,3.070987378113548,8.01566722253109,-0.14520185600078006,0.024725274725274724,0.4590000000000001
scene-1077,17,10,vehicle.car,141.89343395819833,-12.21573982329219,2.0688233521541735,4.696,2.02,1.526,-3.0817235005860755,10.44647656215805,-0.6339735053142688,0.0,0.0
scene-1077,17,11,vehicle.car,-8.250575867461075,-12.134651271018257,0.5140194677491028,4.858,2.0,1.719,3.057494478057499,8.975104838808925,-0.0911558858532745,0.11602641056422569,1.9330000000000005
scene-1077,17,12,vehicle.car,81.40762263366854,-5.90264800531062,1.590812775787123,4.583,2.126,1.57,-0.08409817553229386,17.442421600252324,-0.5278685983979782,0.0,0.0
scene-1077,17,13,vehicle.car,-110.87465997855294,4.894079679719901,1.684144062361169,4.578,2.129,1.718,0.22533053661270236,0.38293075315279973,-0.6300916472286464,0.0,0.0
scene-1077,17,14,vehicle.bus.rigid,88.83235223642761,-23.018428119697827,2.089368090531842,12.704,2.92,4.464,-3.0084229738751542,5.734623572230143,-0.06604663409949918,0.0,0.0
scene-1077,17,15,vehicle.car,25.15134273910749,-0.03843649037836413,0.8551622249568788,4.582,2.154,1.65,-0.010042400980738686,13.180315848694796,-0.055440077968963775,0.0179100790513834,0.2900000000000001
scene-1077,17,16,vehicle.car,-59.067106051187764,-18.392654216518995,0.6200770960050375,4.744,2.184,1.614,3.109793283704703,14.338783825501856,-0.17409366752679645,0.0,0.0
scene-1077,17,17,vehicle.car,-41.14795910808332,-10.977471819929823,0.5617859581854515,4.863,2.037,1.615,3.092360115713508,7.996371646331648,-0.08815845526720811,0.002295918367346939,0.03600000000000001
scene-1077,17,18,vehicle.car,-72.16499137370936,-11.039595659364005,0.8596098351404007,4.957,1.995,1.592,3.1315502526090544,7.1416100498994926,-0.40488710664957117,0.0,0.0
scene-1077,17,19,vehicle.car,71.57982017803961,-13.082404906391472,1.1047472097204025,4.838,2.04,1.566,-3.1130361928021144,7.745306638281734,-0.28849672883012845,0.0,0.0
scene-1077,17,20,vehicle.car,-62.32849221197812,-20.984237900239716,0.34714428288647525,4.727,2.0,1.918,3.109793283704703,11.87804861488156,0.24233976166537408,0.0,0.0
scene-1077,18,0,vehicle.car,-32.62750276879868,-11.807909978518358,0.719103390301531,4.415,2.116,1.582,3.0619474738749717,8.11305220516407,-0.264071407879656,0.0012175324675324675,0.018000000000000006
scene-1077,18,1,vehicle.car,-52.81340830434993,-25.356638338549303,0.0054224140285485944,5.121,2.0,1.695,3.114245521790691,31.191322098900702,0.6751457779766089,0.0,0.0
scene-1077,18,2,vehicle.car,-94.47525369153297,-9.47330829968892,1.5220808498929075,4.849,2.138,1.613,3.136001976097223,4.588206459829516,-0.5934272100995115,0.0,0.0
scene-1077,18,3,vehicle.car,26.4492061829866,-14.102651655692531,0.641462801071974,4.792,2.066,1.536,-3.068278083072557,8.716783259455253,-0.04912636170086493,0.02367724867724868,0.3580000000000001
scene-1077,18,5,vehicle.car,-17.01217140804188,-17.83387192720967,0.3362625791413113,4.88,2.052,1.611,-3.099206275482239,14.803642179828126,0.07472226411277805,0.06966715257531585,1.1470000000000002
scene-1077,18,6,vehicle.car,-27.51336423048451,-21.92264271187766,0.3194763846567992,4.611,1.912,1.763,3.1142455217906906,10.976783529948662,0.3957404846974488,0.034515636918382914,0.5430000000000001
scene-1077,18,7,vehicle.car,-70.6585013997921,-11.14717137753771,1.0698777202366763,4.897,2.235,1.659,3.1142455217906906,7.666361115232141,-0.39371791088570884,0.0,0.0
scene-1077,18,8,vehicle.car,106.7466378396748,-12.941825838294815,1.4550085964293586,4.872,2.132,1.713,2.9847572508301354,12.433461789885117,-0.3107045590968238,0.0,0.0
scene-1077,18,9,vehicle.car,12.81537472503362,-14.24280457613904,0.4868247235431744,5.223,2.08,1.651,3.0754402435823973,8.385627815528473,0.0035296837673114423,0.040293040293040296,0.7480000000000002
scene-1077,18,10,vehicle.car,130.36675357556095,-11.685130145870318,1.6292313274109662,4.696,2.02,1.526,-3.077274208445662,10.446474841559418,-0.43628135835769777,0.0,0.0
scene-1077,18,11,vehicle.car,-19.36835379561577,-11.825567977423335,0.6138669801637553,4.858,2.0,1.719,3.0619474738749717,9.308781796235502,-0.016567842333021,0.022088835534213685,0.36800000000000005
scene-1077,18,12,vehicle.car,83.77733551124263,-5.229846943310073,1.5202854559241148,4.583,2.126,1.57,-0.07964517971482113,17.51261336101563,-0.2515087971506925,0.0,0.0
scene-1077,18,13,vehicle.car,-117.15513405148238,4.5718833732953,2.0084014514666624,4.578,2.129,1.718,0.22976963609992682,0.30034236610610454,-0.2307942165118284,0.0,0.0
scene-1077,18,14,vehicle.bus.rigid,79.63251014347027,-22.26149831074131,1.8071240323863302,12.704,2.92,4.464,-3.0039774612837946,5.927479366580552,0.29619384597918663,0.0,0.0
scene-1077,18,15,vehicle.car,25.37632844305402,0.12313353188640472,0.8105992903848228,4.582,2.154,1.65,-0.005590677492570343,13.180212131001237,0.010360349164432514,0.015625,0.25300000000000006
scene-1077,18,16,vehicle.car,-72.67490687795441,-17.919545844933484,0.7002048635075959,4.744,2.184,1.614,3.1142455217906906,14.731730962242205,-0.22976558967336735,0.0,0.0
scene-1077,18,17,vehicle.car,-51.453326761201986,-10.929015545318341,0.7709259948353531,4.863,2.037,1.615,3.096812681877138,7.996959002432161,-0.25781220289275664,0.0021683673469387755,0.03400000000000001
scene-1077,18,18,vehicle.car,61.435336906982755,-12.259383143089288,0.8672860813102957,4.838,2.04,1.566,-3.1085856665359,6.1940891525882655,0.12409947562596835,0.0,0.0
scene-1077,18,19,vehicle.car,-74.53473087936206,-21.156804850172175,0.5875824110877863,4.727,2.0,1.918,3.1142455217906906,11.877351012739966,0.0029683181869634145,0.0,0.0
scene-1077,19,0,vehicle.car,-42.46268233544101,-11.62368055213243,0.9557446724149002,4.415,2.116,1.582,3.0633364116387396,7.032343257953935,-0.3762980523082031,0.002435064935064935,0.03600000000000001
scene-1077,19,1,vehicle.car,15.364866223923524,-14.163872593694766,0.6243114116709059,4.792,2.066,1.536,-3.1016951787281717,9.58030873365695,0.05092361468865225,0.06005291005291005,0.9080000000000001
scene-1077,19,3,vehicle.car,-30.862095232692806,-17.93158282716477,0.5283318038709517,4.88,2.052,1.611,3.115662136503202,15.248933013459745,0.17757427363320633,0.009050048590864918,0.14900000000000002
scene-1077,19,4,vehicle.car,-80.94452355333242,-11.187298714733851,1.1776193509687751,4.897,2.235,1.659,3.1156621365032025,7.667009932774744,-0.2735978987802833,0.0,0.0
scene-1077,19,5,vehicle.car,94.08886419423601,-13.241898085859665,1.5359251331127868,4.872,2.132,1.713,2.986105659310251,12.406848637363227,-0.06620384538543078,0.0,0.0
scene-1077,19,6,vehicle.car,1.9935467404441012,-13.997953728744427,0.7220007200782848,5.223,2.08,1.651,3.07683632185436,8.836537004641274,0.02914990634268999,0.13714716655893128,2.5460000000000007
scene-1077,19,7,vehicle.car,118.69147362973553,-11.591257002888185,1.805446893792308,4.696,2.02,1.526,-3.0758096872557044,10.446508940319834,-0.3589169207622178,0.0,0.0
scene-1077,19,8,vehicle.car,-30.30346757265456,-11.599424437988544,0.8545024215338975,4.858,2.0,1.719,3.0633364116387396,8.776354283086073,-0.06090557852967082,0.006482593037214886,0.10800000000000003
scene-1077,19,9,vehicle.car,38.30130403004024,-13.198235946312787,0.9435928413921991,4.977,2.145,1.679,3.07683632185436,7.138608190236666,0.08774396275933594,0.0005042016806722689,0.009000000000000003
scene-1077,19,10,vehicle.car,86.1132653453283,-4.579085315090813,1.7040259954013863,4.583,2.126,1.57,-0.0782562419510532,17.664863811749065,-0.43300435748482136,0.0,0.0
scene-1077,19,11,vehicle.car,-123.4556556585006,4.414703267003003,2.044311510171074,4.578,2.129,1.718,0.2313141538947158,0.35151043160541295,0.4047952155216752,0.0,0.0
scene-1077,19,12,vehicle.bus.rigid,70.25133110672513,-21.766749375498662,2.084757340040709,12.704,2.92,4.464,-3.0024761005012137,4.7682701675950625,0.4745926505655991,0.0,0.0
scene-1077,19,13,vehicle.car,25.508921006400204,0.2315218617472056,0.8531782776511444,4.582,2.154,1.65,-0.004162583129939868,13.180676245188936,0.06357718702189785,0.022233201581027668,0.3600000000000001
scene-1077,19,14,vehicle.car,-86.45230023953685,-17.27338941382492,0.7616121667270845,4.744,2.184,1.614,3.1156621365032025,14.700596358361098,-0.04373361274053511,0.0,0.0
scene-1077,19,15,vehicle.car,-61.89955969638,-10.753490489573295,0.9496037568607626,4.863,2.037,1.615,3.0982200753549365,7.996624206666677,-0.2624212159672079,0.0,0.0
scene-1077,19,16,vehicle.car,106.22498336947697,-9.401157731155394,1.6123050525550338,4.539,2.171,1.759,2.986105659310251,9.27124016010586,-0.1306530626182052,0.0,0.0
scene-1077,19,17,vehicle.car,52.65750818865242,-12.085067510209132,1.0009965791573692,4.838,2.04,1.566,-3.1071373482088283,4.65132229917781,0.16569473172519922,0.0,0.0
scene-1077,19,18,vehicle.motorcycle,77.13272015257785,-13.531070080354333,1.445003209808858,2.106,1.412,1.776,3.120162215508268,12.284517100611934,0.006781389495341128,0.0,0.0
scene-1077,20,0,vehicle.car,-51.57434493573236,-11.374353715127324,1.0028934088101638,4.415,2.116,1.582,3.0642052205440344,7.315042486404347,-0.4332752519002211,0.001893939393939394,0.028000000000000008
scene-1077,20,1,vehicle.car,5.074658189074905,-14.210291001607972,0.4365563424395358,4.792,2.066,1.536,-3.100867919473883,9.994999378332201,0.06539528576862463,0.0748015873015873,1.1310000000000002
scene-1077,20,3,vehicle.car,-43.77564161068448,-17.879187109356582,0.49687072037852853,4.88,2.052,1.611,3.1165124368349852,15.879860407843896,0.017086600550045072,0.003826530612244898,0.063
scene-1077,20,4,vehicle.car,-90.22529540273727,-11.215372198167842,1.1714901893025753,4.897,2.235,1.659,3.1165124368349852,7.667414035672771,-0.21117238854230613,0.0,0.0
scene-1077,20,5,vehicle.car,82.7018869253952,-13.385877423697478,1.2203688018618082,4.872,2.132,1.713,2.987001639308257,12.36728002854216,0.31840500327964083,0.0,0.0
scene-1077,20,6,vehicle.car,-7.843622308777299,-13.701156611608729,0.541323473431841,5.223,2.08,1.651,3.077700352082596,8.928212151063908,0.03464783539555927,0.07126696832579185,1.3230000000000002
scene-1077,20,7,vehicle.car,108.16134513096283,-11.569488582818456,1.5615483113356365,4.696,2.02,1.526,-3.0749913342469344,10.443839463764476,0.3483457859925495,0.0,0.0
scene-1077,20,9,vehicle.car,-39.9788510779392,-11.40636168959479,0.7868478500640494,4.858,2.0,1.719,3.0642052205440344,8.554923378256463,-0.11570794508815829,0.006062424969987996,0.10100000000000003
scene-1077,20,10,vehicle.car,29.262204728813753,-13.18813153811263,0.7349058340562893,4.977,2.145,1.679,3.077700352082596,7.442298425474781,-0.0095109692586971,0.004257703081232493,0.07600000000000001
scene-1077,20,11,vehicle.car,88.26384699440929,-4.022023551645924,1.654276457426699,4.583,2.126,1.57,-0.07738743304575853,17.66459234181766,0.2212098306439797,0.0,0.0
scene-1077,20,12,vehicle.car,-129.14012776154647,4.282061143633539,2.3410534848104994,4.578,2.129,1.718,0.23207944904671393,0.35112723301644894,-0.5068100355993788,0.0,0.0
scene-1077,20,13,vehicle.bus.rigid,62.851410740116286,-22.173010703980395,1.7772358705768907,12.704,2.92,4.464,-3.0016822316258547,3.687786684570202,0.2800855951537766,0.0,0.0
scene-1077,20,14,vehicle.car,25.61317619383597,0.3331611269615362,0.8954499598635546,4.582,2.154,1.65,-0.0033199486957427794,13.363059883791012,0.04397820271121344,0.009140316205533596,0.14800000000000002
scene-1077,20,15,vehicle.car,-98.89831370159162,-17.333935595092562,0.721290738447077,4.744,2.184,1.614,3.1165124368349852,14.700616201974233,0.1090545233651331,0.0,0.0
scene-1077,20,16,vehicle.car,-71.33171216826581,-10.777175216035607,0.9798525965585243,4.863,2.037,1.615,3.0990765381232994,8.00264328993094,-0.24768797997374647,0.0,0.0
scene-1077,20,17,vehicle.car,96.22077586309828,-9.280563504378648,1.4357208714987968,4.539,2.171,1.759,2.987001639308257,9.251266035042475,0.47178651661613236,0.0,0.0
scene-1077,20,18,vehicle.car,44.741346168367784,-12.13159882304124,0.798998862263984,4.838,2.04,1.566,-3.1063082030474916,4.652949601804541,0.26112178755062176,0.00026041666666666666,0.004000000000000001
scene-1077,20,19,vehicle.motorcycle,65.77608207808476,-13.447980941026675,1.0131794587614167,2.106,1.412,1.776,3.1210109284026606,12.28552981610406,0.3382712710855377,0.0,0.0
scene-1077,21,0,vehicle.car,-61.77575244083769,-10.981326759901167,1.646334710142625,4.415,2.116,1.582,3.0628303588700194,7.315504415251836,-0.5301609149193888,0.0,0.0
scene-1077,21,1,vehicle.car,-6.524239983856595,-14.138631168382627,0.548649378064772,4.792,2.066,1.536,-3.1022255572038975,10.066785769963905,0.04745005154261939,0.10496031746031746,1.5870000000000004
scene-1077,21,3,vehicle.car,-58.338943870040424,-17.38320275620741,1.0218896960596924,4.88,2.052,1.611,3.115146359660106,16.074140198891865,-0.128068412600029,0.0,0.0
scene-1077,21,4,vehicle.car,-100.61183043600965,-11.03411316149251,2.0214154330877143,4.897,2.235,1.659,3.115146359660106,7.666737631432731,-0.039090912022956115,0.0,0.0
scene-1077,21,5,vehicle.car,69.95119709949445,-13.367438750713664,0.5938949892573244,4.872,2.132,1.713,2.9856106725730305,12.325585114639315,0.04951263892127211,0.0,0.0
scene-1077,21,6,vehicle.car,-18.86186484951665,-13.369516047773848,0.7656300350348993,5.223,2.08,1.651,3.076327927149265,9.214959091077658,0.12023579085659541,0.019176901529842708,0.3560000000000001
scene-1077,21,7,vehicle.car,96.38772536016972,-11.868194539890032,0.6236996672024093,4.696,2.02,1.526,-3.076346480745981,10.44177850445988,0.032596522403780415,0.0,0.0
scene-1077,21,9,vehicle.car,-50.80868047825013,-11.106010073137968,1.2279728586006036,4.858,2.0,1.719,3.0628303588700194,8.555657562181354,-0.17368030481814045,0.0010804321728691477,0.018000000000000006
scene-1077,21,10,vehicle.car,18.84201585159471,-13.265835130322023,0.5572497487331697,4.977,2.145,1.679,-3.049909186754839,8.04575741515492,0.0005966086124113978,0.03042016806722689,0.5430000000000001
scene-1077,21,11,vehicle.car,90.47497667655503,-3.2337938571377167,1.041366824275456,4.583,2.126,1.57,-0.07876229471977379,17.574683530888013,-0.44509262359758417,0.0,0.0
scene-1077,21,12,vehicle.car,-135.4921377843749,4.453513177898911,3.5565713388389457,4.578,2.129,1.718,0.23072876612720455,0.35024804510825064,-0.6739404813712944,0.0,0.0
scene-1077,21,13,vehicle.bus.rigid,54.52144762136778,-22.770731458281393,1.3607641424086494,12.704,2.92,4.464,-3.0030329320804983,3.274132843903851,0.5226061445328791,0.00030168642712764354,0.05000000000000002
scene-1077,21,14,vehicle.car,25.830146136651525,0.45713285749668875,0.7193692243517015,4.582,2.154,1.65,-0.004682906215294141,13.527188048228714,0.07580879862898848,0.003026185770750988,0.04900000000000001
scene-1077,21,15,vehicle.car,-112.81154482597493,-17.18058898858194,1.9025932538449093,4.744,2.184,1.614,3.115146359660106,14.698816880237782,-0.15725449728362983,0.0,0.0
scene-1077,21,16,vehicle.car,-81.8879824266448,-10.640583818623794,1.73402305583063,4.863,2.037,1.615,3.0977077319763784,8.002470785084679,-0.23345300177636974,0.0,0.0
scene-1077,21,17,vehicle.car,85.051362277666,-9.24553463843369,0.7931136658540876,4.539,2.171,1.759,2.9856106725730305,9.66788032707049,0.19208246096456927,0.0,0.0
scene-1077,21,18,vehicle.car,41.732755500087855,-15.912155979808656,0.3482083497730689,4.875,2.056,1.596,-3.1076664247298607,14.44900193539093,0.08074365084491208,0.004373177842565598,0.07200000000000001
scene-1077,21,19,vehicle.car,35.85693494917112,-12.299966746466295,0.49772355285471803,4.838,2.04,1.566,-3.1076664247298607,5.586654214029657,0.13156356355363008,0.0006510416666666666,0.010000000000000002
scene-1077,21,20,vehicle.motorcycle,53.071493234789784,-13.524423630857365,0.5605755162969213,2.106,1.412,1.776,3.1196455223734043,12.635518418937181,0.10002987305969191,0.0,0.0
scene-1077,22,0,vehicle.car,-72.16689296660455,-10.731799701053083,1.7679279453608596,4.415,2.116,1.582,3.0636810020731935,7.31611946715947,-0.7685702088925445,0.0,0.0
scene-1077,22,1,vehicle.car,-18.297485369133035,-14.082658049320619,0.6118187691515555,4.792,2.066,1.536,-3.101379483689882,10.067257870347992,-0.00044927030264041434,0.026984126984126985,0.4080000000000001
scene-1077,22,3,vehicle.car,-73.14954627265232,-17.42522293377934,1.1853278185894724,4.88,2.052,1.611,3.115994829886426,16.145863867945074,-0.372856861667895,0.0,0.0
scene-1077,22,4,vehicle.car,57.07596246769528,-13.271147542413019,0.5883052390550431,4.872,2.132,1.713,2.986464902259413,12.290489937460546,0.004848178293818672,0.0,0.0
scene-1077,22,5,vehicle.car,-30.344224955624615,-13.069397728979746,0.9846496402968581,5.223,2.08,1.651,3.077177988475655,9.507341831039328,-0.00785512576000047,0.008403361344537815,0.15600000000000003
scene-1077,22,6,vehicle.car,84.42836994515687,-11.955259633636423,0.5402511191271138,4.696,2.02,1.526,-3.0755012384128264,10.44151454555493,-0.015239948739845688,0.0,0.0
scene-1077,22,8,vehicle.car,-61.825435434793256,-10.921503237971148,1.2459483616375187,4.858,2.0,1.719,3.0636810020731935,8.562997696720904,-0.22311811959974548,0.0,0.0
scene-1077,22,9,vehicle.car,7.916738568013545,-13.42785342867048,0.5783630983162287,4.977,2.145,1.679,-3.0490647250859033,8.606260270156007,-0.043513047390020154,0.06739495798319328,1.2030000000000005
scene-1077,22,10,vehicle.car,92.46514412584224,-2.443856150868741,1.1695630899848521,4.583,2.126,1.57,-0.0779116515165995,17.91702539892071,-0.5171044782580912,0.0,0.0
scene-1077,22,11,vehicle.bus.rigid,46.32692024122728,-22.74855550269914,1.384625882961058,12.704,2.92,4.464,-3.002189677957896,2.905844097280093,0.49645928110907156,0.001822186019850967,0.3020000000000001
scene-1077,22,12,vehicle.car,25.835416672465083,0.6319355364559784,0.7326947060827901,4.582,2.154,1.65,-0.0038352719092900095,13.526846092905078,0.07144882404759623,0.009016798418972332,0.14600000000000005
scene-1077,22,13,vehicle.car,11.494517811754827,-17.40343587200924,0.42288988753807666,4.679,1.936,1.763,-3.106820168241195,13.3439087949832,0.022360379490731885,0.013500062212268259,0.21700000000000005
scene-1077,22,14,vehicle.car,-92.6337563099741,-10.68887186052447,1.7471653746390927,4.863,2.037,1.615,3.098556901501895,8.00295069376341,-0.6118580673957456,0.0,0.0
scene-1077,22,15,vehicle.car,73.25556150126138,-9.44739178304545,0.8960324002406692,4.539,2.171,1.759,2.986464902259413,10.153762172015957,-0.250464299311409,0.0,0.0
scene-1077,22,16,vehicle.car,27.781578941732775,-16.26132602041238,0.3410068291814934,4.875,2.056,1.596,-3.106820168241195,14.449527184268263,0.046231874069391665,0.022230320699708456,0.36600000000000005
scene-1077,22,17,vehicle.car,25.86337116455242,-12.488905691913663,0.5004426742523738,4.838,2.04,1.566,-3.106820168241195,6.782393006736703,-0.030840141388756792,0.014192708333333333,0.21800000000000003
scene-1077,22,18,vehicle.car,91.50532033359707,-6.989188733771152,1.0874960524677622,4.812,2.2,1.919,3.120493816393998,13.040550857200893,-0.36269576367133727,0.0,0.0
scene-1077,22,19,vehicle.motorcycle,39.878248460893744,-14.431716197126567,0.4949010744874083,2.106,1.412,1.776,3.120493816393998,12.875436441093767,0.03627023593739642,0.02040816326530612,0.10800000000000003
scene-1077,23,0,vehicle.car,-30.25855272901529,-13.988884044143811,0.6861282397956694,4.792,2.066,1.536,-3.1022350912198706,9.895076954998563,-0.00978257028768903,0.008068783068783069,0.12200000000000003
scene-1077,23,2,vehicle.car,-88.1510816898184,-17.33088305114636,1.2996428359997614,4.88,2.052,1.611,3.11514526972183,16.031353156459065,-0.04175356593254642,0.0,0.0
scene-1077,23,3,vehicle.car,100.4096692331352,-8.968952410226919,1.0649615025554986,4.846,2.2,1.764,3.119643850385027,11.722296311257393,-0.5722374408279748,0.0,0.0
scene-1077,23,4,vehicle.car,43.99412722131758,-13.406190517637837,0.6565064977135309,4.872,2.132,1.713,2.9856263494891366,11.748392725730238,-0.1737376936401971,0.0020008003201280513,0.03500000000000001
scene-1077,23,5,vehicle.car,-41.9933898126747,-12.422771085495341,1.2006705808357425,5.223,2.08,1.651,3.076331873161466,9.513099293359799,-0.2932052833751865,0.000592544710191769,0.011000000000000001
scene-1077,23,6,vehicle.car,72.28590779065478,-12.18470865963119,0.4399902465190667,4.696,2.02,1.526,-3.07635927625717,10.438218737822147,-0.06023008201978386,0.0,0.0
scene-1077,23,8,vehicle.car,-73.03671103030156,-10.826333656754747,1.3468735744784197,4.858,2.0,1.719,3.062836058371236,8.575084915487524,-0.08569760511616076,0.0,0.0
scene-1077,23,9,vehicle.car,-3.4226400682154896,-13.621823159681638,0.6639478650058772,4.977,2.145,1.679,-3.0499252660141782,9.344895490544724,-0.10285371017112988,0.11271708683473389,2.0120000000000005
scene-1077,23,10,vehicle.car,94.6660641029801,-1.8434092385738794,1.3361267985743408,4.583,2.126,1.57,-0.07875659521855677,18.29096638889603,-0.8819480742854003,0.0,0.0
scene-1077,23,11,vehicle.bus.rigid,37.95967328071766,-22.998610349420513,1.2886413010596525,12.704,2.92,4.464,-3.0030546861583893,1.814893765376685,0.5486217831135503,0.0042296437083295625,0.7010000000000002
scene-1077,23,12,vehicle.car,25.680842145095784,0.76851489025314,0.7272476917740067,4.582,2.154,1.65,-0.004686806543872674,13.52728636084826,0.040147280073527414,0.006731719367588933,0.10900000000000003
scene-1077,23,13,vehicle.car,-2.1018964404819154,-17.65118510362151,0.5064880462251793,4.679,1.936,1.763,-3.1076752679411817,13.34314537969531,-0.003803339537252093,0.06961552818215752,1.1190000000000004
scene-1077,23,14,vehicle.car,-103.55950274194144,-10.574613460431333,1.905705454939293,4.863,2.037,1.615,3.0977089019550315,8.0061450854651,-0.39903117000429544,0.0,0.0
scene-1077,23,15,vehicle.car,61.239777197561274,-9.638259121367142,0.8601898055335764,4.539,2.171,1.759,2.9856263494891366,10.166850882210346,-0.3549937424918894,0.0,0.0
scene-1077,23,16,vehicle.car,13.639061485615466,-16.6509568039487,0.2595934991647234,4.875,2.056,1.596,-3.1076752679411817,14.11132472686057,0.13562763692841628,0.05490767735665695,0.9040000000000001
scene-1077,23,17,vehicle.car,15.415264512367838,-12.59197642071012,0.44400080986635704,4.838,2.04,1.566,-3.1076752679411817,7.316733613460032,0.004572727483343919,0.0498046875,0.7650000000000001
scene-1077,23,18,vehicle.car,78.06781487303334,-7.238341567973873,1.011231951326442,4.812,2.2,1.919,3.119643850385027,12.995499570443819,-0.4392079187336686,0.0,0.0
scene-1077,23,19,vehicle.motorcycle,26.598623960246684,-14.789330966956179,0.2615194200402904,2.106,1.412,1.776,3.119643850385027,12.724053692799403,0.25242489634688614,0.018140589569160998,0.09600000000000003
scene-1077,24,0,vehicle.car,-42.2401052921273,-13.333381492653631,0.5484850270801138,4.792,2.066,1.536,-3.111345997488784,9.725998541650174,-0.000530787354047213,0.0011243386243386243,0.017
scene-1077,24,2,vehicle.car,-103.26437349373055,-16.853572321139723,1.0126369309166163,4.88,2.052,1.611,3.106035758320315,15.931270229255006,-0.1703301537969798,0.0,0.0
scene-1077,24,3,vehicle.car,111.94303298838882,-8.52658551328397,1.48876710387009,4.671,1.965,1.827,-3.1377792259312325,12.055320016599856,-0.616259050924953,0.0,0.0
scene-1077,24,4,vehicle.car,87.46249821691562,-9.616425993624798,1.280126192003912,4.846,2.2,1.764,3.1105342010651533,11.722106985895948,-0.5178436856572094,0.0,0.0
scene-1077,24,5,vehicle.car,31.277315976317166,-13.813871948103197,0.6886026929234841,4.872,2.132,1.713,2.976523406704329,9.817191113074985,-0.1439677544450142,0.010689990281827016,0.18700000000000006
scene-1077,24,6,vehicle.car,-53.83470498677887,-11.462933436240032,0.8721175177961512,5.223,2.08,1.651,3.0672238077500156,9.503783539829666,-0.1723990986019297,0.0,0.0
scene-1077,24,7,vehicle.car,59.959201226398534,-13.040507332040256,0.6134916299465882,4.696,2.02,1.526,-3.0854703623012543,11.019310030083705,-0.07173682938849801,0.0,0.0
scene-1077,24,9,vehicle.car,-84.42420068436304,-10.036485060614103,1.1298324749669058,4.858,2.0,1.719,3.0537286022522885,8.575954217586332,-0.19421023573484242,0.0,0.0
scene-1077,24,10,vehicle.car,-15.472478416728398,-13.688507878167574,0.5690449331461127,4.977,2.145,1.679,-3.0590363197037367,9.854292364061957,-0.09419065267431093,0.06274509803921569,1.1200000000000003
scene-1077,24,11,vehicle.car,96.76357842151515,-2.069240738931542,1.901781047168116,4.583,2.126,1.57,-0.08786405133750454,18.497793026560835,-1.130288100424151,0.0,0.0
scene-1077,24,12,vehicle.bus.rigid,30.376928544996943,-23.272914989061945,1.4211955012508137,12.704,2.92,4.464,-3.012165146393155,0.7316463738606779,0.3160825496486921,0.009623797025371828,1.5950000000000002
scene-1077,24,13,vehicle.car,25.444381676309558,0.6717996954226112,0.825088911084396,4.582,2.154,1.65,-0.01379692738357703,13.776862689064512,-0.08840137305663265,0.016304347826086956,0.26400000000000007
scene-1077,24,14,vehicle.car,-15.934802945950656,-17.63406427545112,0.4223181614443632,4.679,1.936,1.763,-3.1167861098353833,13.343878279246093,0.0066725843384889405,0.03235037949483638,0.5200000000000001
scene-1077,24,15,vehicle.car,-114.66204103879552,-9.582424099119475,1.5929257086703692,4.863,2.037,1.615,3.0885999835659326,8.0083917881113,-0.5334359864184771,0.0,0.0
scene-1077,24,16,vehicle.car,49.07443642766512,-10.101807452128757,0.961237646546619,4.539,2.171,1.759,-3.1323042970024857,10.153847636357229,-0.2985190243389775,0.002637485970819304,0.04700000000000001
scene-1077,24,17,vehicle.car,-0.39743397603271285,-16.892279012952226,0.22408315705443838,4.875,2.056,1.596,-3.1167861098353833,13.774565093964135,0.14776196122978713,0.05600097181729835,0.9220000000000002
scene-1077,24,18,vehicle.car,4.513864040886838,-12.945739533789165,0.4277567400488862,4.838,2.04,1.566,-3.1167861098353833,7.796550484220877,0.01024981765413202,0.0875,1.344
scene-1077,24,19,vehicle.car,64.53360135171336,-8.3497759406086,1.1642116195583936,4.812,2.2,1.919,3.1105342010651533,12.959652542163369,-0.3685569798374768,0.0,0.0
scene-1077,24,20,vehicle.motorcycle,13.106598613844747,-15.24249463376696,0.46636463328679434,2.106,1.412,1.776,3.1105342010651533,13.263685922346433,0.027399159704843856,0.08938019652305366,0.47300000000000014
scene-1077,25,0,vehicle.car,-54.3347186754622,-12.574388704730472,1.1266156983706357,4.792,2.066,1.536,-3.119761962335183,9.726095784393875,-0.0929167588087918,0.0,0.0
scene-1077,25,2,vehicle.car,98.70878982421284,-9.29621717187642,1.01111023911249,4.671,1.965,1.827,3.1369759020992047,11.919552047509296,-0.3822224477173026,0.0,0.0
scene-1077,25,3,vehicle.car,74.39000462798055,-10.050524270753986,0.9301881772569356,4.846,2.2,1.764,3.1020848062425035,11.722620032598345,-0.3554916655114827,0.0,0.0
scene-1077,25,4,vehicle.car,19.88112481054571,-15.241608402599997,0.6061872751673596,4.872,2.132,1.713,-3.105840409469803,10.808770249227479,-0.07460041927899286,0.026124735608529126,0.45700000000000013
scene-1077,25,5,vehicle.car,-65.79616969094295,-10.5479470066293,1.2734103301915924,5.223,2.08,1.651,3.0587499436947967,9.504781650592795,-0.08675905217264102,0.0,0.0
scene-1077,25,6,vehicle.car,46.91679492929132,-13.749162829511217,0.5081850214327988,4.696,2.02,1.526,-3.0938727485689497,11.600760875758297,-0.07486367610351408,0.0,0.0
scene-1077,25,8,vehicle.car,-95.9224951277024,-9.16625747277109,1.7840723617670964,4.858,2.0,1.719,3.0452470035064203,7.492139739075665,-0.3716401589510868,0.0,0.0
scene-1077,25,9,vehicle.car,-27.646643760149832,-13.6353689651598,1.0324976785218654,4.977,2.145,1.679,-3.0674252156019426,9.854483038100483,-0.11124099731802317,0.029075630252100842,0.5190000000000001
scene-1077,25,10,vehicle.car,98.95903620743191,-2.2075786139343823,1.281500961110803,4.583,2.126,1.57,-0.0963456500833729,18.47002760362462,-0.784448377416345,0.0,0.0
scene-1077,25,11,vehicle.bus.rigid,22.68789868958171,-23.459304140023292,1.6719185541946713,12.704,2.92,4.464,-3.020531184590845,0.2675532888225818,0.2335889276187597,0.008048993875765529,1.3340000000000003
scene-1077,25,12,vehicle.car,25.33828591957117,0.7112041065257042,0.7409896446568517,4.582,2.154,1.65,-0.022236749448336153,14.028465479120355,-0.1447139008147268,0.006175889328063241,0.10000000000000002
scene-1077,25,13,vehicle.car,-29.890998385169034,-17.462693040336966,0.7631860732681789,4.679,1.936,1.763,3.1230892508558505,13.28487443310259,0.1746088447921238,0.005785740948114969,0.09300000000000004
scene-1077,25,14,vehicle.car,-125.86945741327328,-8.525195537610282,2.396717823582632,4.863,2.037,1.615,3.0801382701148214,8.008159205561876,-0.8354604063806361,0.0,0.0
scene-1077,25,15,vehicle.car,36.77303131985709,-10.569303122843097,0.8185027325421099,4.539,2.171,1.759,-3.140731505482819,10.227703270398463,-0.26673082521255065,0.005274971941638608,0.09400000000000001
scene-1077,25,16,vehicle.car,-14.563667318583686,-16.976137732740483,0.6745333353495402,4.875,2.056,1.596,-3.125204972997191,13.714105141971764,0.04748936901332912,0.052235179786200195,0.8600000000000001
scene-1077,25,17,vehicle.car,-6.732628916475297,-12.991085619790173,0.6347313030738215,4.838,2.04,1.566,-3.125204972997191,8.48886032463743,0.0661955374103208,0.101953125,1.5660000000000003
scene-1077,25,18,vehicle.car,50.86123802743003,-9.25413154837114,0.9315624264956675,4.812,2.2,1.919,3.1020848062425035,10.051942201760914,-0.3032688674212656,0.0,0.0
scene-1077,25,19,vehicle.motorcycle,-1.0582100429237749,-15.502569533690574,0.6702277493967698,2.106,1.412,1.776,3.1020848062425035,13.739649156967898,-0.04623692708155369,0.16874527588813304,0.8930000000000003
scene-1077,26,0,vehicle.car,-67.6420670960246,-11.43176614668356,1.4078154072579174,4.792,2.066,1.536,-3.13079604035362,9.731602601784019,-0.16969858334625054,0.0,0.0
scene-1077,26,2,vehicle.car,84.2705314491252,-10.296077243938385,0.8750462486845578,4.671,1.965,1.827,3.1259403046672514,11.798310124065129,-0.10347325254503148,0.0,0.0
scene-1077,26,3,vehicle.car,59.98570570155439,-10.650770521364961,0.9187279275750999,4.846,2.2,1.764,3.0910471461072015,12.252205227773217,-0.23366761947630688,0.0,0.0
scene-1077,26,4,vehicle.car,4.78171574212218,-15.702039227482905,0.6594249821717917,4.872,2.132,1.713,-3.1168737046019834,12.617499509720552,-0.09679110990120754,0.0860344137655062,1.5050000000000006
scene-1077,26,5,vehicle.car,-78.97234282263933,-9.436792360684205,1.3295239514042354,5.223,2.08,1.651,3.0477096435204083,9.510019524966406,0.104969340450623,0.0,0.0
scene-1077,26,6,vehicle.car,32.54474004617981,-14.372450231195398,0.4945899335390766,4.696,2.02,1.526,-3.1049053806266067,11.601058510340662,0.02054334649975703,0.0,0.0
scene-1077,26,8,vehicle.car,-107.43542489969533,-7.906822309434956,2.0095484487988085,4.858,2.0,1.719,3.0342058658623277,6.489410396315301,-0.27112026428953095,0.0,0.0
scene-1077,26,9,vehicle.car,-41.05557130526647,-13.309686389081184,1.187490349235059,4.977,2.145,1.679,-3.0784564168502437,10.959194257500586,-0.14660494059515117,0.003137254901960784,0.056000000000000015
scene-1077,26,10,vehicle.car,101.04146693061088,-1.8044432420783723,1.0105787329903406,4.583,2.126,1.57,-0.1073867877274655,18.353358882270168,-0.1631305294266504,0.0,0.0
scene-1077,26,11,vehicle.bus.rigid,14.678503528834769,-23.537010458681728,1.6615438928133406,12.704,2.92,4.464,-3.0315599762242327,0.18344023356387684,0.20062371067939644,0.02205327782303074,3.6550000000000007
scene-1077,26,12,vehicle.car,25.20963384093579,0.66927250538858,0.7677914590197229,4.582,2.154,1.65,-0.03327338079308132,14.028825400034599,-0.055088636334481245,0.0006793478260869565,0.011000000000000003
scene-1077,26,13,vehicle.car,-45.19883801505848,-17.039562708231642,1.0403318789721316,4.679,1.936,1.763,3.112052839941359,13.22886409948588,-0.00734947569378086,0.01020281199452532,0.16400000000000006
scene-1077,26,14,vehicle.car,23.163499041321703,-11.193611495425001,0.7501119496872166,4.539,2.171,1.759,-3.1168737046019834,10.189075720790294,-0.06416125488779345,0.018013468013468013,0.32100000000000006
scene-1077,26,15,vehicle.car,-30.097063114137203,-17.04484622719437,0.8964710909362108,4.875,2.056,1.596,-3.136239360362034,13.663295304453085,-0.09511159434273542,0.025085034013605442,0.41300000000000003
scene-1077,26,16,vehicle.car,-19.625518459711188,-12.965275766451105,0.7501959864432363,4.838,2.04,1.566,-3.136239360362034,8.926928436835617,0.01701508588247025,0.03984375,0.6120000000000001
scene-1077,26,17,vehicle.car,38.86987172302199,-10.245831889995419,0.8074530612472306,4.812,2.2,1.919,3.0910471461072015,7.417382296130189,-0.07390978434121709,0.0006977671451355662,0.014000000000000002
scene-1077,26,18,vehicle.motorcycle,-16.593267747206074,-15.443281972954814,0.8423635351828039,2.106,1.412,1.776,3.0910471461072015,13.791401188145223,-0.10712275935921078,0.12396069538926682,0.6560000000000002
scene-1077,27,0,vehicle.car,75.73194260459253,-14.185061248035337,0.3435856650397986,4.716,2.0,1.602,3.0807939400449866,5.40496565856525,0.0713009893371851,0.0,0.0
scene-1077,27,1,vehicle.car,-79.9052373663277,-10.147092141715124,1.3193956853607685,4.792,2.066,1.536,-3.141076449606196,9.686406064758476,-0.09177225916180909,0.0,0.0
scene-1077,27,4,vehicle.car,70.95318608598909,-11.033983224074586,0.7483416690913749,4.671,1.965,1.827,3.1156716162518436,11.77251255309581,-0.16276168871799235,0.0,0.0
scene-1077,27,5,vehicle.car,46.149561252984235,-11.098205329680262,0.5905453931806272,4.846,2.2,1.764,3.0807939400449866,13.088104838965192,-0.1459071998117154,0.0,0.0
scene-1077,27,6,vehicle.car,-8.8386571510355,-15.77365042024888,0.5397422740899471,4.872,2.132,1.713,-3.127160265919315,12.301601545386825,-0.14981613831151996,0.10444177671068428,1.8270000000000006
scene-1077,27,7,vehicle.car,19.287863197874444,-14.75100321597623,0.32627621603280776,4.696,2.02,1.526,-3.115197216076835,11.60071425916368,0.011684909817869737,0.02893617021276596,0.4080000000000001
scene-1077,27,9,vehicle.car,-118.0368894079375,-6.351196220281413,1.9203355585930648,4.858,2.0,1.719,3.0239777461290815,6.490480176553803,-0.17474373024681222,0.0,0.0
scene-1077,27,10,vehicle.car,-54.56336555324436,-12.073421322087162,1.0621139368845887,4.977,2.145,1.679,-3.0887598445834668,10.685498868646244,-0.04232279084462587,0.0,0.0
scene-1077,27,11,vehicle.car,102.92672775870382,-2.1880771578484657,0.902097224034961,4.583,2.126,1.57,-0.11761490746071147,18.446017709685623,0.1872351216891449,0.0,0.0
scene-1077,27,12,vehicle.bus.rigid,7.228601005277297,-23.660080418369898,1.3259885606534143,12.704,2.92,4.464,-3.041883659138536,0.21549116034394641,0.33681199648312155,0.03177361450508342,5.266000000000002
scene-1077,27,13,vehicle.car,54.57568054084557,-17.09640559997019,0.27413385068888485,4.945,2.0,1.717,-3.1326360592518223,11.4539699270202,0.08340812385564034,0.0,0.0
scene-1077,27,14,vehicle.car,24.932172586622674,0.540226237954316,0.8458292078795615,4.582,2.154,1.65,-0.04353424943072414,14.192152876627278,-0.03437898276473916,0.014883893280632412,0.24100000000000008
scene-1077,27,15,vehicle.car,-59.26486839391088,-15.66681291942688,0.9938726929539967,4.679,1.936,1.763,3.1017903143206524,13.244452654156289,0.006473604310102354,0.0,0.0
scene-1077,27,16,vehicle.car,10.703110969288309,-11.529327673364625,0.6425243336912121,4.539,2.171,1.759,-3.127160265919315,9.836797958315119,-0.05527636764011046,0.07255892255892256,1.2930000000000004
scene-1077,27,17,vehicle.car,-44.40808055775184,-16.889093328767455,0.7909446458516747,4.875,2.056,1.596,3.1366679468391845,13.664103902985946,-0.07062790092808302,0.0,0.0
scene-1077,27,18,vehicle.car,-31.528259356066425,-12.64621222101736,0.7344936218297813,4.838,2.04,1.566,3.1366679468391845,8.998033744977171,-0.013795346978935918,0.006575520833333333,0.10100000000000002
scene-1077,27,19,vehicle.car,27.77536997869716,-11.0153644967377,0.696858197267058,4.812,2.2,1.919,3.0807939400449866,7.417861740485359,-0.16041614084959277,0.0026415470494417863,0.05300000000000001
scene-1077,27,20,vehicle.motorcycle,-31.01681359965779,-15.165835163630398,0.7422049972095266,2.106,1.412,1.776,3.0807939400449866,13.776954294115265,0.02117331347086282,0.030234315948601664,0.16000000000000006
scene-1077,28,0,vehicle.car,66.6034702557863,-15.577776051073014,0.5909419552307688,4.716,2.0,1.602,3.079885239141416,5.405128886872998,0.19395932195371768,0.0,0.0
scene-1077,28,1,vehicle.car,-90.98426477215519,-8.71454564232644,1.2349591287453898,4.792,2.066,1.536,3.133165119535924,9.739128044792254,-0.30780815578301035,0.0,0.0
scene-1077,28,4,vehicle.car,101.38167149849656,-13.933239867243152,0.6955749405938899,4.665,2.14,1.588,3.0718407881647205,11.517894061761384,0.36422780045683034,0.0,0.0
scene-1077,28,5,vehicle.car,58.865191912877044,-11.614781785000066,0.9405928307241562,4.671,1.965,1.827,3.106723690433406,11.74642669256844,-0.019912482685482846,0.0,0.0
scene-1077,28,6,vehicle.car,33.32968294619344,-11.406091046920654,0.747013419979466,4.846,2.2,1.764,3.0718407881647205,10.88063246385033,-0.030547662967098765,0.001736111111111111,0.03300000000000001
scene-1077,28,7,vehicle.car,-21.214506491889846,-15.655970966925272,0.5947498064239455,4.872,2.132,1.713,-3.1361017255466117,12.301530901898252,-0.14933731939391615,0.015549076773566569,0.2720000000000001
scene-1077,28,8,vehicle.car,78.6366397291671,-12.52145122146787,0.8070945884263303,4.566,2.055,1.512,3.0718407881647205,10.775399680681911,0.0745676042759631,0.0,0.0
scene-1077,28,9,vehicle.car,7.236614455850606,-14.910026210718716,0.4003938501721842,4.696,2.02,1.526,-3.124136678017131,11.195271094165983,-0.07732202419104406,0.09510638297872341,1.3410000000000004
scene-1077,28,12,vehicle.car,-127.65572740871727,-4.568192095484639,1.581780927110308,4.858,2.0,1.719,3.0150168691873214,6.512471868030688,-0.38523591320573647,0.0,0.0
scene-1077,28,13,vehicle.car,-65.32185294765912,-10.595848514542437,0.8902957379420838,4.977,2.145,1.679,-3.097694769682373,8.753754922290657,0.0006277372042098328,0.0,0.0
scene-1077,28,14,vehicle.car,104.47755865840145,-2.5778242703405114,1.1321437378692638,4.583,2.126,1.57,-0.1265757844024715,18.33728119962046,0.18034812967300307,0.0,0.0
scene-1077,28,15,vehicle.bus.rigid,0.39500859870490307,-23.677367251120614,1.3808485287550654,12.704,2.92,4.464,-3.050810160486497,0.10192622245320002,0.35871041308606033,0.028382659064168703,4.7040000000000015
scene-1077,28,16,vehicle.car,42.57216922147479,-17.72946104998524,0.45352192848298134,4.945,2.0,1.717,-3.141578421315143,11.454223846969944,0.11061081773665371,0.004081632653061225,0.06800000000000002
scene-1077,28,17,vehicle.car,24.69083037933056,0.4607095090781913,0.9168277072111986,4.582,2.154,1.65,-0.052484858250434745,14.374566081730489,-0.062153743426027086,0.01278409090909091,0.20700000000000007
scene-1077,28,18,vehicle.car,-72.04128025658363,-14.637866490271085,0.9652912309058023,4.679,1.936,1.763,3.092840266618575,13.22631037262659,-0.0031413036473108003,0.0,0.0
scene-1077,28,19,vehicle.car,-0.4051754235836875,-11.659422780159568,0.7012771760848763,4.539,2.171,1.759,-3.1361017255466117,9.709068058827745,-0.16059751433408287,0.12940516273849606,2.3060000000000005
scene-1077,28,21,vehicle.car,-42.422990643638975,-12.075745222626969,0.7849775774540613,4.838,2.04,1.566,3.1277233316410045,9.099551287434398,-0.08738514000794384,0.0024739583333333332,0.038000000000000006
scene-1077,28,23,vehicle.car,17.655804540140796,-11.554318229335495,0.7953292007163985,4.812,2.2,1.919,-3.124136678017131,9.169270753448933,-0.12561822173156567,0.020933014354066987,0.4200000000000001
scene-1077,28,24,vehicle.motorcycle,-43.98305106555008,-14.73842865138599,0.8931322731389087,2.106,1.412,1.776,3.0718407881647205,13.696142786725497,-0.12320785254373967,0.006046863189720333,0.03200000000000001
scene-1077,29,0,vehicle.car,56.40840176143954,-16.924414497690563,0.5515668016946212,4.716,2.0,1.602,3.0797537096210497,5.405597562575336,-0.05601828422902977,0.0,0.0
scene-1077,29,1,vehicle.car,-103.44848277328501,-7.286313634850993,1.6609646606354902,4.792,2.066,1.536,3.124101450392865,9.843674432889419,-0.4287046189217756,0.0,0.0
scene-1077,29,3,vehicle.car,88.01529052018685,-14.331510118317334,0.6725332086186763,4.665,2.14,1.588,3.0627588645189436,11.51891568597067,-0.1396298351388331,0.0,0.0
scene-1077,29,4,vehicle.car,45.394838748550484,-12.001037962907303,0.6809779985240764,4.671,1.965,1.827,3.0976522128927866,11.743225341289437,-0.0018273387245005823,0.0004137115839243499,0.007000000000000002
scene-1077,29,5,vehicle.car,21.419985580661102,-11.953483062611262,0.7128858284249073,4.846,2.2,1.764,-3.0459578233517055,9.243310409299726,-0.06076836674354136,0.01646675084175084,0.3130000000000001
scene-1077,29,6,vehicle.car,-34.99748307935088,-15.332473152855476,0.826472652372525,4.872,2.132,1.713,3.1380239763535354,12.372512500195407,-0.037591737684414595,0.003601440576230492,0.06300000000000001
scene-1077,29,7,vehicle.car,65.64604581568987,-12.896676766491975,0.7054209392805045,4.566,2.055,1.512,3.0627588645189436,10.776135760553585,-0.20805225808810646,0.0,0.0
scene-1077,29,8,vehicle.car,-5.805868094215517,-14.876151162982811,0.5042525394449139,4.696,2.02,1.526,-3.1331928185194724,10.973879306845626,-0.06834238557909966,0.105177304964539,1.4830000000000003
scene-1077,29,12,vehicle.car,-77.13371519168844,-9.26189268286882,1.441249955659143,4.977,2.145,1.679,-3.1067433577405867,8.546159157891623,-0.35651928091549057,0.0,0.0
scene-1077,29,14,vehicle.car,106.08140707319505,-4.123716725167661,0.765960912722576,4.583,2.126,1.57,-0.13567495429677798,18.304801073203105,0.09517233846760953,0.0,0.0
scene-1077,29,15,vehicle.bus.rigid,-7.310350395032068,-23.547051185659093,1.5801492832280526,12.704,2.92,4.464,-3.059845766283871,0.0,0.23307542652116942,0.026952665399583672,4.467000000000001
scene-1077,29,16,vehicle.car,29.195160154251216,-18.195529419399783,0.47133535771222745,4.945,2.0,1.717,3.1325456856518517,11.455024365486072,0.020253111793082645,0.023349339735894356,0.38900000000000007
scene-1077,29,17,vehicle.car,24.389465384081415,0.3618266343178289,0.847929398437802,4.582,2.154,1.65,-0.061561593148967725,14.374996552169879,0.017393054345782533,0.011981225296442688,0.19400000000000006
scene-1077,29,18,vehicle.car,-86.25320975230463,-13.331981768477856,1.2825937421075273,4.679,1.936,1.763,3.083764648926202,13.225954842422148,-0.11043365881361256,0.0,0.0
scene-1077,29,19,vehicle.car,-12.919075161253948,-11.618245917178298,0.7519552459185916,4.539,2.171,1.759,3.1380239763535354,9.83751279114455,-0.15411306089814492,0.08215488215488216,1.4640000000000004
scene-1077,29,22,vehicle.car,-54.546021204695144,-10.963213997517617,1.1226104504673886,4.838,2.04,1.566,3.1186580644904933,9.128831694884656,-0.26235764523438687,0.0,0.0
scene-1077,29,24,vehicle.car,4.687970556317476,-11.786012482838267,0.7512632964016871,4.812,2.2,1.919,-3.1331928185194724,10.286384849221518,0.009339028918556758,0.0870713716108453,1.7470000000000003
scene-1077,29,25,vehicle.motorcycle,-58.48098597566442,-13.976491336917382,1.163901213232772,2.106,1.412,1.776,3.0627588645189436,13.760749605592537,-0.18329565221478183,0.0,0.0
scene-1077,30,0,vehicle.car,46.31596892863838,-18.21692480523564,0.3303361476958116,4.716,2.0,1.602,3.078926763744131,5.405209541906833,0.20437619766589804,0.0,0.0
scene-1077,30,2,vehicle.car,74.77143739151862,-14.639196959226464,0.541589592459484,4.665,2.14,1.588,3.0529694523989295,11.519535859130416,0.08040220606060422,0.0,0.0
scene-1077,30,3,vehicle.car,32.04907327077456,-12.205835105195106,0.5087259055132807,4.671,1.965,1.827,3.0878696061139124,11.741277129016472,0.12934150781679743,0.0003546099290780142,0.006000000000000002
scene-1077,30,4,vehicle.car,9.02173489272136,-11.867372119778924,0.7240954255040521,4.846,2.2,1.764,3.1402194939760033,10.322879082851047,-0.12959491290410707,0.07623106060606061,1.4490000000000005
scene-1077,30,5,vehicle.car,-48.713731216801115,-14.484180233780375,1.2935314716759114,4.872,2.132,1.713,3.128248851296965,12.45175543279761,-0.17196758980182691,0.003601440576230492,0.06300000000000001
scene-1077,30,6,vehicle.car,52.777812511593304,-13.17510645718407,0.5954007712783749,4.566,2.055,1.512,3.0529694523989295,10.782186350717998,-0.06776935161971398,0.0,0.0
scene-1077,30,7,vehicle.car,-18.866259619798946,-14.687110152528925,0.7063613819856196,4.696,2.02,1.526,3.1402194939760033,11.115896121689657,-0.10967291424460701,0.043617021276595745,0.6150000000000001
scene-1077,30,11,vehicle.car,-88.79193109408733,-7.734747031089785,2.035254491885279,4.977,2.145,1.679,-3.116511796183712,8.653419856008224,-0.4576719041663151,0.0,0.0
scene-1077,30,13,vehicle.car,107.80594327401296,-5.886903513945183,0.48280569054202227,4.583,2.126,1.57,-0.14547603516153285,18.303995691067907,0.2766328724472127,0.0,0.0
scene-1077,30,14,vehicle.bus.rigid,-14.885905557903687,-23.366516390476985,1.9254085093044773,12.704,2.92,4.464,-3.069606672790551,0.0,0.09951562661890856,0.01629106706489275,2.7000000000000006
scene-1077,30,15,vehicle.car,15.93154239738088,-18.528498597471295,0.4376913460349705,4.945,2.0,1.717,3.1227695716932464,11.654204444183815,0.11789579285624963,0.004801920768307323,0.08000000000000002
scene-1077,30,16,vehicle.car,24.23299978684135,0.15135325227376542,0.8261628154468892,4.582,2.154,1.65,-0.07134759960718623,14.512714927557045,-0.06950708066943867,0.006608201581027668,0.10700000000000003
scene-1077,30,18,vehicle.car,-25.306146583589165,-11.429514252323491,0.9836389407042885,4.539,2.171,1.759,3.128248851296965,9.834830650834002,-0.1173552872065926,0.033894500561167225,0.6040000000000001
scene-1077,30,22,vehicle.car,-7.694457032193861,-11.745343181417699,0.8601633041472976,4.812,2.2,1.919,3.1402194939760033,9.823960847760821,-0.072587612089688,0.03957336523125997,0.7940000000000002
scene-1077,30,23,vehicle.construction,73.80082832209489,-10.14680288688742,0.7218630879198542,6.323,3.342,2.931,3.0155911435886305,0.5419049475057891,0.6009387135232458,0.0,0.0
scene-1077,30,24,vehicle.motorcycle,-72.84265717476968,-12.991563436384462,1.5670368847839826,2.106,1.412,1.776,3.0529694523989295,13.761331459036477,-0.12040224599766669,0.0,0.0
scene-1077,31,0,vehicle.car,36.288558364790035,-19.139613178587535,0.4586288049780263,4.716,2.0,1.602,3.084719217587777,7.870470112312102,0.013104825679169763,0.006316489361702127,0.09500000000000001
scene-1077,31,2,vehicle.car,61.5845150382077,-14.341189392935403,0.7382341516124126,4.665,2.14,1.588,3.049815814882965,11.51818247871907,-0.25215377308000286,0.0,0.0
scene-1077,31,3,vehicle.car,18.741155487036874,-12.096961904430017,0.6816271826093965,4.671,1.965,1.827,3.0847122507142792,11.741441253575475,-0.04363767255003981,0.02695035460992908,0.4560000000000001
scene-1077,31,4,vehicle.car,-3.8070752461355375,-11.612847966750929,0.7081318797247709,4.846,2.2,1.764,3.102160501963907,10.790187754303375,-0.09925606790950903,0.15019991582491582,2.855000000000001
scene-1077,31,6,vehicle.car,-62.37404084457411,-13.855138251816161,1.0105056034573718,4.872,2.132,1.713,3.1250875513239844,12.445682055450597,-0.2661528154858752,0.0,0.0
scene-1077,31,7,vehicle.car,39.942911497369494,-13.134936326987429,0.7137857963827541,4.566,2.055,1.512,3.049815814882965,10.78958480994754,-0.27272553370270036,0.001518288474810214,0.022000000000000006
scene-1077,31,8,vehicle.car,-31.870889564063404,-14.526008953594042,0.6154442667391573,4.696,2.02,1.526,3.137057101820718,11.116036635932652,-0.11834863370921955,0.004893617021276595,0.069
scene-1077,31,12,vehicle.car,-100.51616700710679,-6.526414079356672,1.631267881182719,4.977,2.145,1.679,-3.119676471807375,8.763400021209456,-0.907699705032397,0.0,0.0
scene-1077,31,14,vehicle.car,109.4964293546858,-7.011683234942705,0.7718051272352635,4.583,2.126,1.57,-0.14862305290643218,18.30502767796408,0.041877536801487314,0.0,0.0
scene-1077,31,15,vehicle.bus.rigid,-22.368199199310652,-23.26858228056543,1.7727685316558561,12.704,2.92,4.464,-3.0727749401555333,0.0,0.17017632951777384,0.016176426222584247,2.681000000000001
scene-1077,31,16,vehicle.car,2.548583190045126,-18.64850307479387,0.45148222888564904,4.945,2.0,1.717,3.119608783631913,11.506369704967508,0.07673538099670574,0.09273709483793517,1.5450000000000004
scene-1077,31,17,vehicle.car,24.15526103964193,0.10944558828566908,0.8628485583487446,4.582,2.154,1.65,-0.07450311202144105,14.65204410109396,0.005254227596193983,0.021121541501976284,0.3420000000000001
scene-1077,31,19,vehicle.car,-37.65924111388809,-11.13925380525243,0.8372660439002394,4.539,2.171,1.759,3.1250875513239844,9.836099473940767,-0.13340325927613972,0.00611672278338945,0.10900000000000003
scene-1077,31,23,vehicle.car,-20.04209050551396,-11.40141171649084,0.7491713707534973,4.812,2.2,1.919,3.137057101820718,9.833535683999795,-0.09025652147218621,0.005532296650717704,0.11100000000000003
scene-1077,31,24,vehicle.construction,66.63391048002963,-10.36025656996376,1.1030910154564428,6.323,3.342,2.931,3.012441783669662,0.541203397735788,0.1807821580188227,0.0,0.0
scene-1077,32,0,vehicle.car,23.493433572745865,-19.291185871475548,0.44950015844402347,4.716,2.0,1.602,3.096629731367418,11.204926484123682,-0.027403487816429428,0.01655585106382979,0.24900000000000005
scene-1077,32,3,vehicle.car,48.33077274562313,-14.106709685107525,0.730399578943172,4.665,2.14,1.588,3.04427809759175,12.421134477307216,-0.29074889410964533,0.001646403242147923,0.026000000000000006
scene-1077,32,4,vehicle.car,5.3695519297352305,-11.944612637720892,0.7799512308036942,4.671,1.965,1.827,3.0791791921202076,11.739357710622398,-0.1761654885208268,0.12689125295508275,2.1470000000000007
scene-1077,32,5,vehicle.car,9.511671474446628,-15.689453776771265,0.4884044582353497,5.2,2.057,1.707,3.103644847712793,12.362552290767013,0.0006944993032550473,0.0325899590605473,0.6050000000000002
scene-1077,32,6,vehicle.car,-16.697258308189134,-11.26548936835563,0.7971706512272031,4.846,2.2,1.764,3.096629731367418,10.78910043370221,-0.18671132281419345,0.018202861952861953,0.34600000000000014
scene-1077,32,8,vehicle.car,-76.09793595306033,-13.117551905336652,1.3817531425954894,4.872,2.132,1.713,3.1195597391429333,12.44099353733116,-0.8785403625967101,0.0,0.0
scene-1077,32,9,vehicle.car,27.040442818720788,-13.106002546509899,0.5948605572283393,4.566,2.055,1.512,3.04427809759175,11.614881078525263,-0.15031306520105658,0.020496894409937887,0.29700000000000004
scene-1077,32,13,vehicle.car,-112.27305549268725,-4.992270273033838,2.0771283574735144,4.977,2.145,1.679,-3.125199464435135,8.734323724452763,-1.5833067465459325,0.0,0.0
scene-1077,32,15,vehicle.car,111.12339871571653,-8.440020992294755,0.14196348325046373,4.583,2.126,1.57,-0.15416854437929722,18.289513151701502,0.21429035290447407,0.0,0.0
scene-1077,32,16,vehicle.bus.rigid,-29.932526729986282,-23.066944639182395,1.9673711868861463,12.704,2.92,4.464,-3.0782923200600423,0.0,-0.040221705589606804,0.00905662654237186,1.5010000000000006
scene-1077,32,17,vehicle.car,-10.57258586827889,-18.42396289267498,0.517454177953111,4.945,2.0,1.717,3.1140802697397607,11.334600663149832,-0.003516648866044303,0.05036014405762305,0.8390000000000002
scene-1077,32,18,vehicle.car,24.040769644272917,-0.01647489143807864,0.7980885415360474,4.582,2.154,1.65,-0.08003851042006847,14.651854740814807,-0.1970868646189713,0.009819664031620554,0.15900000000000006
scene-1077,32,19,vehicle.car,39.49258379045862,-16.439945733698803,0.479599789546427,4.527,2.016,1.596,3.103644847712793,12.727779654980795,-0.018140846179422576,0.0,0.0
scene-1077,32,21,vehicle.car,-50.072269922690715,-10.676246633025434,1.0717188815066934,4.539,2.171,1.759,3.1195597391429333,9.836395039259436,-0.5181954320857645,0.0029180695847362513,0.05200000000000001
scene-1077,32,25,vehicle.car,-32.45073372997082,-10.930293154340989,0.9268341905586683,4.812,2.2,1.919,3.131530810591949,9.833831172278893,-0.27784220333027476,0.003488835725677831,0.07
scene-1077,32,26,vehicle.construction,59.40543849693714,-10.693116943684009,1.0189876805219724,6.323,3.342,2.931,3.0068989762498943,0.5419115560040915,0.0699387568559573,0.0,0.0
scene-1077,33,0,vehicle.car,10.119001066258342,-18.971531279736897,0.4216512722045881,4.716,2.0,1.602,3.0937065476933294,11.91668824667323,0.07214865359955014,0.04607712765957447,0.6930000000000001
scene-1077,33,3,vehicle.car,34.27779302556124,-13.674521400169844,0.6432012730938825,4.665,2.14,1.588,3.0413513864497164,12.863834091385664,-0.1116613856655988,0.004052684903748734,0.06400000000000002
scene-1077,33,4,vehicle.car,-7.9008178053049045,-11.787122764754914,0.8658551959898105,4.671,1.965,1.827,3.128609821317899,11.32327234073042,-0.08532563339730415,0.11873522458628842,2.009000000000001
scene-1077,33,5,vehicle.car,-4.082025408383171,-15.528995682917206,0.5962987203922334,5.2,2.057,1.707,3.100722115717697,12.359559841368494,0.044647838083261004,0.07923938806291747,1.4710000000000003
scene-1077,33,6,vehicle.car,-29.483508006890965,-10.865270876602075,1.056416888551325,4.846,2.2,1.764,3.0937065476933294,10.662528705525181,-0.1318310238882009,0.007207491582491583,0.13700000000000004
scene-1077,33,8,vehicle.car,13.423495588732594,-12.764733801194632,0.5562878619512377,4.566,2.055,1.512,3.0937065476933294,12.088256904893532,-0.07425903213823415,0.049206349206349205,0.7130000000000002
scene-1077,33,12,vehicle.car,-123.93129576479683,-3.802053186879989,2.733454009533294,4.977,2.145,1.679,-3.128118881987488,8.707590907015815,-0.9668959684375604,0.0,0.0
scene-1077,33,14,vehicle.car,112.77646449015296,-9.931963759849621,-0.680214611265264,4.583,2.126,1.57,-0.15709936647780445,18.279193505431767,1.2913406055899481,0.0,0.0
scene-1077,33,15,vehicle.bus.rigid,-37.36257904633724,-22.89640102619976,2.3157503943392777,12.704,2.92,4.464,-3.0812091597392044,0.0,0.025108831768319906,0.00508643316137207,0.8430000000000002
scene-1077,33,16,vehicle.car,-23.74238460733708,-18.12267006751204,0.6664795924704056,4.945,2.0,1.717,3.11115819990736,11.503335758855503,0.1543178098518868,0.005642256902761105,0.09400000000000003
scene-1077,33,17,vehicle.car,23.99555292870726,-0.09061664423092505,0.6989163718843381,4.582,2.154,1.65,-0.08296402807525512,14.815037695105408,-0.046572893085471856,0.005002470355731225,0.08100000000000002
scene-1077,33,18,vehicle.car,25.71311816226379,-16.39780592185577,0.42787849225545016,4.527,2.016,1.596,3.100722115717697,12.727559775143513,0.10367002974009432,0.04048611111111111,0.5830000000000002
scene-1077,33,20,vehicle.car,-62.3820171780448,-10.252220361112528,1.4738811157167293,4.539,2.171,1.759,3.116638012253434,9.842219277547164,-0.2621847608507015,0.0,0.0
scene-1077,33,24,vehicle.car,-44.75505053188149,-10.451336528553968,1.2960171033026762,4.812,2.2,1.919,3.128609821317899,9.82715219807409,-0.16510062693377203,0.0,0.0
scene-1077,33,25,vehicle.construction,52.27533465789755,-10.822515559733576,0.8639406634090661,6.323,3.342,2.931,3.00396959208669,0.5421978051853719,0.35754298727529066,0.0011444494203114892,0.069
scene-1077,34,0,vehicle.car,-4.541478169701958,-18.59290639994298,0.8804103522262662,4.716,2.0,1.602,3.092924523452212,11.917095683109496,-0.17843070667601513,0.04734042553191489,0.7120000000000001
scene-1077,34,1,vehicle.car,58.25807145508991,-16.590715233933572,0.577546590678347,4.925,2.08,1.803,3.099940743496048,12.95461498577526,0.2955746470168701,0.0,0.0
scene-1077,34,4,vehicle.car,19.32974744355837,-13.308722056231428,0.8534930252363487,4.665,2.14,1.588,3.092924523452212,12.618778336419284,-0.1589584922721191,0.038627152988855114,0.6100000000000001
scene-1077,34,5,vehicle.car,-22.025640315583956,-11.441518975020088,0.9291233398629151,4.671,1.965,1.827,3.1278310934862037,10.948730366901389,-0.03428811714181523,0.025118203309692673,0.42500000000000016
scene-1077,34,6,vehicle.car,64.86258491413514,-20.403852771347577,0.38938418727293356,4.825,2.033,1.682,3.0647549262946603,14.092075587795591,0.4420561068736042,0.0,0.0
scene-1077,34,7,vehicle.car,-18.985925791685695,-15.199273187842241,0.7994009855050834,5.2,2.057,1.707,3.099940743496048,12.358058837823508,0.03642898658325355,0.05957767722473605,1.1060000000000003
scene-1077,34,8,vehicle.car,-43.384391467896045,-10.430442327862018,1.154993274066821,4.846,2.2,1.764,3.092924523452212,10.294676570673637,-0.26553675535716137,0.0008417508417508417,0.016000000000000004
scene-1077,34,10,vehicle.car,-1.1495217333032681,-12.37888002073028,0.7266160349651484,4.566,2.055,1.512,3.092924523452212,11.514882240788673,-0.0663437841340212,0.09737750172532782,1.4110000000000005
scene-1077,34,15,vehicle.car,114.63778690410842,-11.37198431695796,-0.46090345814552947,4.583,2.126,1.57,-0.1578907454042407,18.279462192320462,1.3782876391681735,0.0,0.0
scene-1077,34,16,vehicle.bus.rigid,-45.48605348720279,-22.802688446132883,2.336111280675459,12.704,2.92,4.464,-3.081980581549605,0.0,-0.012697358067560227,0.0018342534769360725,0.30400000000000005
scene-1077,34,17,vehicle.car,-38.180121372449314,-17.84577177606821,0.7603339929062429,4.945,2.0,1.717,3.1103778076338964,11.503869223213362,0.1300472277325091,0.0,0.0
scene-1077,34,18,vehicle.car,24.125952047407846,-0.35578266078314075,0.7676651984095223,4.582,2.154,1.65,-0.08374922633951026,14.965883111688877,-0.012349025869334507,0.003890810276679842,0.06300000000000001
scene-1077,34,19,vehicle.car,10.600774879521625,-16.28330892167709,0.7314604221690315,4.527,2.016,1.596,3.099940743496048,12.862779717530767,-0.04211060733682093,0.059583333333333335,0.8580000000000002
scene-1077,34,21,vehicle.car,-75.89264464643827,-9.686517794786248,1.4307061117882558,4.539,2.171,1.759,3.1158581392120457,9.105375810311726,-0.23291555035064904,0.0,0.0
scene-1077,34,25,vehicle.car,-58.26490677569717,-10.159308349551985,1.3178537668245498,4.812,2.2,1.919,3.1278310934862037,9.632643001235541,-0.21701804104024802,0.0,0.0
scene-1077,34,26,vehicle.construction,44.462051930197674,-10.855418042510891,1.251647024482376,6.323,3.342,2.931,3.0031797621176937,0.5412485864587437,0.14928137138497166,0.009404388714733543,0.5670000000000002
scene-1077,35,0,vehicle.car,-17.875011046936052,-18.23961037807414,0.6244320358477689,4.716,2.0,1.602,3.0928681453192852,11.91680950082595,-0.1526830271922207,0.032247340425531915,0.4850000000000001
scene-1077,35,1,vehicle.car,44.47697125751148,-15.53796577408421,0.6959382563817181,4.925,2.08,1.803,3.0998839057555285,12.836535414696955,-0.039324460982052334,0.0011337868480725624,0.021000000000000008
scene-1077,35,4,vehicle.car,5.550499123801091,-12.943771881767887,0.6274089010985573,4.665,2.14,1.588,3.0928681453192852,12.495810433125817,-0.14393527210075452,0.09808763931104357,1.5490000000000004
scene-1077,35,5,vehicle.car,-34.876284105572836,-11.133159026442666,0.5513049371283649,4.671,1.965,1.827,3.127772518097305,10.568639925692155,0.08778916620796928,0.0005319148936170213,0.009000000000000003
scene-1077,35,6,vehicle.car,50.50937432642486,-19.333746217223993,0.4576841029178599,4.825,2.033,1.682,3.0647004816868937,13.801878410165315,0.09566364297752583,0.0009191176470588235,0.015000000000000003
scene-1077,35,7,vehicle.car,-32.54206686318457,-14.89843372309315,0.46058380343089017,5.2,2.057,1.707,3.0998839057555285,12.358969553128937,0.09963195918431372,0.009857789269553975,0.18300000000000002
scene-1077,35,8,vehicle.car,-55.76602642744584,-10.07344925404623,0.8017084595530591,4.846,2.2,1.764,3.0928681453192852,9.8839678507486,-0.18105712431364873,0.0,0.0
scene-1077,35,10,vehicle.car,-14.14097391061625,-12.02669607586922,0.4579311708551432,4.566,2.055,1.512,3.0928681453192852,10.989814771836881,0.012725003327748674,0.06549344375431332,0.9490000000000003
scene-1077,35,11,vehicle.car,130.6185936281251,-29.791015958801594,-0.6383877122374616,4.442,2.05,1.609,3.003130010581309,16.772753211169288,1.2031594104739272,0.0,0.0
scene-1077,35,15,vehicle.car,116.32800329844642,-12.576411883416828,-0.15863719682699817,4.583,2.126,1.57,-0.15793888780562526,18.279487822282658,0.8111180857897439,0.0,0.0
scene-1077,35,16,vehicle.bus.rigid,-52.87059202248366,-22.773304897995526,1.6013128801339271,12.704,2.92,4.464,-3.082043014684515,0.0,0.31762641897267097,0.0011041723232871753,0.18300000000000005
scene-1077,35,17,vehicle.car,-51.31040786147037,-17.604951559436163,0.2346051017390307,4.945,2.0,1.717,3.1103203027820165,11.50981731801997,0.330674139822859,0.0006602641056422569,0.011000000000000003
scene-1077,35,18,vehicle.car,24.232900282978605,-0.5807006231729458,0.863203265882437,4.582,2.154,1.65,-0.08380317543353955,14.965082960394447,-0.11512180826753837,0.01074604743083004,0.17400000000000004
scene-1077,35,19,vehicle.car,-3.2848157126206257,-16.025928280198322,0.49541391285588376,4.527,2.016,1.596,3.0998839057555285,12.867849706888096,-0.03815533860852349,0.08763888888888889,1.2620000000000005
scene-1077,35,21,vehicle.car,-87.42873039928995,-9.702596577822447,0.7288285315823275,4.539,2.171,1.759,3.115800292097724,8.306615558413789,-0.1321562069248874,0.0,0.0
scene-1077,35,25,vehicle.car,27.649525456596383,-14.265534032238943,0.766735711176937,4.679,1.95,1.585,3.0998839057555285,11.206614842100864,-0.28160828121477877,0.0015957446808510637,0.024000000000000004
scene-1077,35,26,vehicle.car,-70.36112452410342,-10.06778003051595,0.8227419767210412,4.812,2.2,1.919,3.127772518097305,9.425925207625168,-0.13119337580894708,0.0,0.0
scene-1077,35,27,vehicle.construction,37.34903575591192,-10.858303806728996,1.3555558397759226,6.323,3.342,2.931,3.003130010581309,0.5416000144467867,-0.08670931017291816,0.020401054883813503,1.2300000000000002
scene-1077,36,0,vehicle.car,-31.1837353234275,-17.99351490994376,0.9825981725154955,4.716,2.0,1.602,3.0968649902175582,11.916823058423688,-0.25930734071121997,0.02925531914893617,0.4400000000000001
scene-1077,36,1,vehicle.car,30.75091541020817,-14.895338761699758,0.44692564474704927,4.925,2.08,1.803,3.1038809371021663,12.480293896849718,0.07843182361957363,0.016898823021272002,0.3130000000000001
scene-1077,36,4,vehicle.car,-7.913762678680472,-12.611294135771248,0.7645943863347961,4.665,2.14,1.588,3.0968649902175582,12.181782264691554,-0.165750215526004,0.08352330293819656,1.3190000000000004
scene-1077,36,5,vehicle.car,-47.356887233935794,-11.192718838171439,1.0990244143757057,4.671,1.965,1.827,3.13177017329632,10.191363291015987,0.2851549879756736,0.0009456264775413711,0.016000000000000004
scene-1077,36,6,vehicle.car,36.40041073311571,-18.659505814714468,0.17132268132659706,4.825,2.033,1.682,3.068696459691909,13.530301773783513,0.2843138590863057,0.009865196078431372,0.16100000000000003
scene-1077,36,7,vehicle.car,-46.089286674360075,-14.768030333939105,0.921098784978962,5.2,2.057,1.707,3.1038809371021663,12.35959834553922,0.409818207208538,0.0007541478129713424,0.014000000000000004
scene-1077,36,8,vehicle.car,-68.0356230372181,-10.374349358345686,1.486158722515155,4.846,2.2,1.764,3.0968649902175582,9.76961064726458,-0.0015472403717528005,0.0,0.0
scene-1077,36,10,vehicle.car,-26.89529554647,-11.915830362800627,0.8493359317020323,4.566,2.055,1.512,3.0968649902175582,10.744526462838264,-0.06121904174841897,0.009937888198757764,0.14400000000000004
scene-1077,36,11,vehicle.car,114.96740830692816,-28.197742921070514,-1.5960850643491447,4.442,2.05,1.609,3.007123446135727,16.659290802859946,2.0109307855939567,0.0,0.0
scene-1077,36,14,vehicle.car,66.53993042012854,-18.957232691157348,-0.36741170889443203,4.431,1.8,1.691,-3.0840831965851856,4.3829039630775695,0.822661979737938,0.0,0.0
scene-1077,36,16,vehicle.car,117.98473948939838,-13.309151336261715,-1.6429695613071718,4.583,2.126,1.57,-0.15394643680107828,18.279716491348307,2.037727908580045,0.0,0.0
scene-1077,36,17,vehicle.bus.rigid,-60.19959706506078,-22.952158809033882,2.2809325179146818,12.704,2.92,4.464,-3.0780446233503294,0.0,0.5638034687949132,0.0,0.0
scene-1077,36,18,vehicle.car,-64.41216043861998,-17.27011113141243,0.848996760631994,4.945,2.0,1.717,3.1143175895843074,11.525542199526445,0.7528074919925177,0.0,0.0
scene-1077,36,19,vehicle.car,24.27916881638295,-0.691421363132023,0.6291660353758219,4.582,2.154,1.65,-0.07980743885716583,15.039368968668592,-0.010456369838941493,0.006546442687747036,0.10600000000000002
scene-1077,36,20,vehicle.car,-17.011597113883507,-15.829319208890544,0.7088071260505313,4.527,2.016,1.596,3.1038809371021663,12.722557983891011,-0.12563075948291957,0.03979166666666667,0.5730000000000002
scene-1077,36,23,vehicle.car,123.25355398614288,-25.829969367430937,-2.1513401242233314,4.845,2.197,1.757,3.0121498237040725,11.737840941332193,2.64021388945351,0.0,0.0
scene-1077,36,26,vehicle.car,14.684285359265958,-13.74962891348934,0.5786782533523916,4.679,1.95,1.585,3.1038809371021663,11.205539295345947,-0.12857686704372162,0.02134308510638298,0.32100000000000006
scene-1077,36,27,vehicle.car,-82.4601657099234,-10.41564932197275,1.5486166788255278,4.812,2.2,1.919,3.13177017329632,9.434623142421179,0.12419868887314167,0.0,0.0
scene-1077,36,28,vehicle.construction,30.233080147279445,-10.715166096674686,1.0557212845511905,6.323,3.342,2.931,3.007123446135727,0.5420041753830627,0.05033043153805816,0.019986399296744124,1.2050000000000003
scene-1077,36,30,vehicle.car,18.805743565346805,-17.583736876749708,0.29521153292139446,4.714,2.065,1.68,3.091489586322609,13.887447473065976,0.17352007546941361,0.005781035818582752,0.09700000000000002
scene-1077,37,0,vehicle.car,-43.093352996153385,-18.085361934958954,0.6384022776421138,4.716,2.0,1.602,3.106515716251161,11.849552168253657,-0.21765699332318977,0.0047872340425531915,0.07200000000000001
scene-1077,37,1,vehicle.car,18.68711126714336,-14.387255796877588,0.7025302979763307,4.925,2.08,1.803,3.113531920738612,11.91522139887774,-0.08308999727328203,0.0306662347478674,0.5680000000000002
scene-1077,37,4,vehicle.car,-19.99469432252652,-12.48573110402521,0.6551365700978931,4.665,2.14,1.588,3.106515716251161,11.851695022348414,-0.15713407051750972,0.026469098277608915,0.4180000000000001
scene-1077,37,5,vehicle.car,-58.56033798050492,-11.646821659769467,0.6690717837989364,4.671,1.965,1.827,3.1414222721032563,10.192070122906001,-0.1309472036540542,0.0,0.0
scene-1077,37,6,vehicle.car,23.778479373709388,-17.96354306247575,0.5868013155906828,4.825,2.033,1.682,3.078346245815021,13.529918070874206,-0.03224052576715075,0.005330882352941177,0.08700000000000002
scene-1077,37,7,vehicle.car,-58.22926894227479,-15.057002375121062,0.48008030100307086,5.2,2.057,1.707,3.113531920738612,12.362444810070564,-0.02742204375705337,0.0,0.0
scene-1077,37,8,vehicle.car,-79.05685852126383,-11.170469071316447,0.8214132873977975,4.846,2.2,1.764,3.106515716251161,9.769333592983719,-0.3640768310989694,0.0,0.0
scene-1077,37,10,vehicle.car,-38.338677201402426,-12.095291108737042,0.5826745138719023,4.566,2.055,1.512,3.106515716251161,10.324787852722698,-0.1702047813489378,0.0024154589371980675,0.03500000000000001
scene-1077,37,11,vehicle.car,101.19526691144577,-25.790159881696294,-0.5107712342128401,4.442,2.05,1.609,3.0167717146888795,16.547829817205194,1.0942834076270704,0.0,0.0
scene-1077,37,14,vehicle.car,58.048199951886346,-18.57591457810741,0.3669499555440927,4.431,1.8,1.691,-3.0744278237000717,4.383252075655112,0.29113356546439884,0.0,0.0
scene-1077,37,16,vehicle.car,119.57000659022044,-13.192622773235682,-0.6544428675385753,4.583,2.126,1.57,-0.14429849201149902,18.279926407330212,1.363396966955308,0.0,0.0
scene-1077,37,17,vehicle.bus.rigid,-66.71390210124741,-23.53205575687529,1.8016491921619593,12.704,2.92,4.464,-3.0683889180569306,0.0,-0.031368109054964455,0.0,0.0
scene-1077,37,18,vehicle.car,-76.13511849412116,-17.47942993700783,0.07636563189722756,4.945,2.0,1.717,3.1239689735615004,11.526023082067514,0.32892157046101833,0.0,0.0
scene-1077,37,19,vehicle.car,24.3645006153524,-0.7221197587451946,0.7709060844535982,4.582,2.154,1.65,-0.07015786003791256,15.123605745795842,0.00032230051802040194,0.008522727272727272,0.138
scene-1077,37,20,vehicle.car,-29.30646542271076,-15.884845203751983,0.5210048631326967,4.527,2.016,1.596,3.113531920738612,12.723001496195828,-0.06279356824324656,0.0,0.0
scene-1077,37,23,vehicle.car,111.55781262620192,-23.952770030140293,-0.6426152442721855,4.845,2.197,1.757,3.0217981880993428,11.737878350848183,1.3245469191102517,0.0,0.0
scene-1077,37,26,vehicle.car,3.058873591524309,-13.315167896045937,0.6622104858655565,4.679,1.95,1.585,3.113531920738612,11.003192608217208,-0.14754567616172964,0.10372340425531915,1.5600000000000003
scene-1077,37,27,vehicle.car,-93.32553485391493,-11.471172425328604,0.5342248354570873,4.812,2.2,1.919,3.1414222721032563,9.435096034928254,-0.04073129326272085,0.0,0.0
scene-1077,37,28,vehicle.construction,23.84848378682135,-10.453684136441922,1.3155072186927503,6.323,3.342,2.931,3.0167717146888795,0.541988804803738,-0.02368980405137,0.051433879020085914,3.1010000000000004
scene-1077,37,30,vehicle.car,6.01503433909867,-17.01144903509828,0.5427392525663984,4.714,2.065,1.68,3.101140121294349,13.88683904420936,-0.004901393174232327,0.05518803265987246,0.9260000000000002
scene-1077,38,0,vehicle.car,-56.28774292425499,-18.187787251347526,0.8519653854576958,4.716,2.0,1.602,3.1160814636172525,11.790559946953572,-0.2858621496168984,0.0,0.0
scene-1077,38,1,vehicle.car,5.5174481336345025,-13.873485665897185,0.7300427560247157,4.925,2.08,1.803,3.123097733686639,11.461653158175926,-0.11360494989526015,0.06986286578123313,1.2940000000000005
scene-1077,38,4,vehicle.car,-33.13176957658948,-12.513240436106129,0.824474226082827,4.665,2.14,1.588,3.1160814636172525,11.30514782195912,-0.25088996728804247,0.0077887537993920975,0.12300000000000003
scene-1077,38,5,vehicle.car,-71.023556596938,-12.308363661593116,1.0056782873397256,4.671,1.965,1.827,-3.1321970076920977,10.191977188870467,-0.3193045876746561,0.0,0.0
scene-1077,38,6,vehicle.car,9.709211686107091,-17.41478904504967,0.630384856368362,4.825,2.033,1.682,3.0879116831674747,13.552563431833347,-0.06968350663310197,0.017769607843137254,0.29000000000000004
scene-1077,38,7,vehicle.car,-71.74874353166244,-15.779827622674386,0.7998631357619186,5.2,2.057,1.707,3.123097733686639,12.37197115149392,-0.17720980901211691,0.0,0.0
scene-1077,38,8,vehicle.car,-91.30736536918164,-12.11942291784639,1.0564137424509041,4.846,2.2,1.764,3.1160814636172525,9.768542448830214,-0.40069553437633443,0.0,0.0
scene-1077,38,10,vehicle.car,-50.67681966208652,-12.495974917502602,0.7532815349677868,4.566,2.055,1.512,3.1160814636172525,9.674450633569068,-0.22414570897615627,0.002484472049689441,0.03600000000000001
scene-1077,38,11,vehicle.car,85.78919938014675,-23.463786645579944,-0.26942206935189134,4.442,2.05,1.609,3.0263362183642686,16.49755935118032,0.7420746400763787,0.0,0.0
scene-1077,38,14,vehicle.car,48.56951053540027,-18.33029875860273,0.3477378892706839,4.431,1.8,1.691,-3.0648615860168604,4.382827852437343,0.19911607791910496,0.0,0.0
scene-1077,38,16,vehicle.car,121.28308138166055,-13.10091457254719,-1.2922108357000373,4.583,2.126,1.57,-0.13473435510661982,18.27897235624512,1.7309983294057867,0.0,0.0
scene-1077,38,17,vehicle.bus.rigid,-73.96643189878463,-24.157934958288774,2.282811812977505,12.704,2.92,4.464,-3.058822682865681,0.0,-0.28195838699789055,0.0,0.0
scene-1077,38,18,vehicle.car,24.44426673351316,-0.7077749031244397,0.7287017492287029,4.582,2.154,1.65,-0.06059251009899058,15.12297144755083,-0.11964349129127161,0.011054841897233202,0.17900000000000005
scene-1077,38,19,vehicle.car,-42.99737943530645,-16.100106141879753,0.806129626525657,4.527,2.016,1.596,3.123097733686639,12.722963630840024,-0.24171125890137413,0.0,0.0
scene-1077,38,22,vehicle.car,98.46893734971897,-22.179391910112837,-0.6795344764940487,4.845,2.197,1.757,3.03136278093123,11.737532708683966,1.219303366398071,0.0,0.0
scene-1077,38,24,vehicle.car,-9.696869043407302,-12.950435462910846,0.6947417767951732,4.679,1.95,1.585,3.123097733686639,10.823461186834939,-0.16891280850865897,0.07779255319148937,1.1700000000000004
scene-1077,38,25,vehicle.car,-105.40382714430888,-12.558521873363857,0.8470467688445235,4.812,2.2,1.919,-3.1321970076920977,9.429308828829752,-0.11330818241874219,0.0,0.0
scene-1077,38,26,vehicle.construction,16.735815175665596,-10.248854558375584,1.2198051929861058,6.323,3.342,2.931,3.0263362183642686,0.27093107514897263,-0.02843315319118389,0.08993050372360717,5.422000000000001
scene-1077,38,28,vehicle.car,-8.2382242937375,-16.5803056042852,0.662072968754527,4.714,2.065,1.68,3.1107058152641023,13.472868735345253,-0.12417928961252878,0.048513022230168665,0.8140000000000002
scene-1077,39,0,vehicle.car,-7.414726295436009,-13.640582506239936,0.7877658624144722,4.925,2.08,1.803,3.140045968096761,11.061763188677038,-0.08038106901370778,0.09680380088543354,1.7930000000000006
scene-1077,39,3,vehicle.car,-45.98316760177815,-13.042655789192384,0.8945780353483257,4.665,2.14,1.588,3.1330297544782733,10.993041010344458,-0.26231881522503464,0.004875886524822695,0.07700000000000001
scene-1077,39,4,vehicle.car,-83.44337476570988,-13.539015780968638,1.1061885121226696,4.671,1.965,1.827,-3.1152489946889808,10.192937061909335,-0.32668395570520437,0.0,0.0
scene-1077,39,5,vehicle.car,-4.32387907705866,-17.139291163435406,0.6629852360514199,4.825,2.033,1.682,3.1048602033858086,13.375125315869294,-0.024896076562741953,0.07518382352941176,1.2270000000000003
scene-1077,39,6,vehicle.car,-103.50543457683253,-13.97648159415659,1.0587986690636058,4.846,2.2,1.764,3.1330297544782733,9.761795517822266,-0.286937510036983,0.0,0.0
scene-1077,39,8,vehicle.car,-62.70029331444506,-13.104988678720893,0.8847536894137074,4.566,2.055,1.512,3.1330297544782733,9.415840464100274,-0.28602553654257545,0.0,0.0
scene-1077,39,9,vehicle.car,70.52933740518242,-20.630307473948886,-0.36372912659031026,4.442,2.05,1.609,3.043285252118677,16.449006617049278,0.8457024630485164,0.0,0.0
scene-1077,39,11,vehicle.car,39.16845095562258,-17.877289016664133,0.22059909595462654,4.431,1.8,1.691,-3.047914084417382,6.468950246281959,0.33807274375942375,0.00014854426619132502,0.002000000000000001
scene-1077,39,12,vehicle.car,122.958040114746,-12.64880936873047,-1.732063219054384,4.583,2.126,1.57,-0.11778515638221626,18.279761382969642,2.1647699363071156,0.0,0.0
scene-1077,39,13,vehicle.bus.rigid,-81.0878249579403,-25.437378460242343,2.385466298838392,12.704,2.92,4.464,-3.041875225303822,0.0,-0.2748732116420416,0.0,0.0
scene-1077,39,14,vehicle.car,24.470111082610014,-0.41525887426173624,0.6378918987098144,4.582,2.154,1.65,-0.04364393299930565,15.136557559081645,-0.01931714828638309,0.017601284584980236,0.28500000000000003
scene-1077,39,15,vehicle.car,-56.62046889951087,-16.901273650868234,0.9505449792465017,4.527,2.016,1.596,3.140045968096761,12.722103232456853,-0.300164450200443,0.0,0.0
scene-1077,39,18,vehicle.car,85.45241958871095,-19.919081237970193,-0.6731307828690796,4.845,2.197,1.757,3.0483117722706874,11.669871008692985,1.217001724031189,0.0,0.0
scene-1077,39,19,vehicle.car,-22.424025901845514,-12.900240526161776,0.7759304253731044,4.679,1.95,1.585,3.140045968096761,10.818981006508187,-0.15983825430014453,0.008045212765957446,0.12100000000000001
scene-1077,39,20,vehicle.construction,9.365731394166506,-9.990539725299884,1.1126295642450605,6.323,3.342,2.931,3.043285252118677,0.11461821213229804,0.13644668583123343,0.1712029987892057,10.322000000000003
scene-1077,39,21,vehicle.car,-21.992544707447284,-15.98104509083969,0.6727257106561183,4.714,2.065,1.68,-3.0159046213451908,14.001495486518744,-0.010933882977437914,0.00756898504082484,0.12700000000000003
scene-1077,40,0,vehicle.car,-20.26800233677903,-13.636586917102433,0.7436246255362788,4.925,2.08,1.803,-3.1310327167633187,10.867695995489653,0.0800813069020947,0.017924630169528128,0.3320000000000001
scene-1077,40,2,vehicle.car,-58.87184789927549,-13.612155475539412,0.44202241799902653,4.665,2.14,1.588,-3.138049525014519,10.9308389106745,0.00035941126275329527,0.0,0.0
scene-1077,40,3,vehicle.car,-95.95443093835398,-14.680690777977993,0.4813220018201292,4.671,1.965,1.827,-3.103139976456233,10.190917377829784,0.29768181597657795,0.0,0.0
scene-1077,40,4,vehicle.car,-18.28556089749299,-17.014287005739885,0.5707603694899377,4.825,2.033,1.682,3.1169638799547674,13.176493009666753,0.09382563250228793,0.02781862745098039,0.45400000000000007
scene-1077,40,5,vehicle.car,-115.79109897352309,-15.444058220651499,0.4478943191245399,4.846,2.2,1.764,-3.138049525014519,9.756609402791826,0.44694103448835987,0.0,0.0
scene-1077,40,7,vehicle.car,-74.82555141870331,-13.717043120256411,0.29213046963575295,4.566,2.055,1.512,-3.138049525014519,9.413726933244574,0.17124705354806968,0.0,0.0
scene-1077,40,8,vehicle.car,55.07467681703641,-18.477318011394754,0.3735200484731176,4.442,2.05,1.609,3.0553840211196546,16.448010484800662,0.17846898665642952,0.0,0.0
scene-1077,40,10,vehicle.car,27.665137732804293,-18.531448259658816,0.5614804330381329,4.431,1.8,1.691,-3.035799107835341,8.56877292899163,0.021878220030409623,0.008467023172905526,0.11400000000000003
scene-1077,40,11,vehicle.car,124.64212918411728,-11.948266963401592,-0.9614112481321764,4.583,2.126,1.57,-0.10568786440351409,18.28116098743153,1.3908523461069535,0.0,0.0
scene-1077,40,12,vehicle.bus.rigid,-88.37093297468391,-26.42043385743315,1.5780777008682998,12.704,2.92,4.464,-3.029759704971712,0.0,0.1269307529776782,0.0,0.0
scene-1077,40,13,vehicle.car,24.45861834556896,-0.47068321389363743,0.6548044972231983,4.582,2.154,1.65,-0.031540823839639374,15.157624722339643,0.04464417471379045,0.01692193675889328,0.2740000000000001
scene-1077,40,14,vehicle.car,-70.35666546948468,-17.715228641212114,0.4703239400510846,4.527,2.016,1.596,-3.1310327167633187,12.721673363668648,-0.07759621526051141,0.0,0.0
scene-1077,40,15,vehicle.car,72.32611718597047,-18.420379689862337,0.2747818863508682,4.845,2.197,1.757,3.0604109286811294,11.60297253925511,0.3182417569043655,0.0,0.0
scene-1077,40,16,vehicle.car,-35.25833101348412,-13.131170691112368,0.5584609064622278,4.679,1.95,1.585,-3.1310327167633187,10.81508949653389,-0.058141534046685206,0.0013297872340425532,0.020000000000000004
scene-1077,40,17,vehicle.construction,1.8860173252718981,-9.99517240120265,1.1500851240561432,6.323,3.342,2.931,3.0553840211196546,0.2292403058638004,0.08655346949835363,0.22280274004411935,13.433000000000002
scene-1077,40,18,vehicle.car,-36.876246310089336,-16.684749466067803,0.5190022800593191,4.714,2.065,1.68,-3.0037867499050477,15.014094275303139,0.08066881197406706,0.003337505214851898,0.05600000000000001
