scene,cam,frame_idx,sam3_index,cls,score,center_x,center_y,center_z,length,width,height,yaw,below_ground,free_frac,free_m3,pipeline_center_x,pipeline_center_y,pipeline_center_z,pipeline_length,pipeline_width,pipeline_height,pipeline_yaw,pipeline_free_frac,pipeline_free_m3,pipeline_below_ground
scene-1100,CAM_FRONT,0,0,car,0.921951174736023,6.12989585944633,-1.8936040024464065,0.7659904231283945,3.9034252120734987,1.8231730620952815,1.4889052350403928,-2.5629563116232905,-0.05643895890443029,0.19639126305792973,2.0680000000000005,6.12989585944633,-1.8936040024464065,0.7659904231283945,3.9034252120734987,1.8231730620952815,1.4889052350403928,-2.5629563116232905,0.19639126305792973,2.0680000000000005,-0.05643895890443029
scene-1100,CAM_FRONT,0,1,car,0.7770034670829773,19.010540126415663,-9.78635422343832,0.9483546203378594,3.435565640616013,1.4871249778454683,1.1110381928228281,1.5378117261936077,-0.456804718815514,0.045989304812834225,0.25800000000000006,19.010540126415663,-9.78635422343832,0.9483546203378594,3.435565640616013,1.4871249778454683,1.1110381928228281,1.5378117261936077,0.045989304812834225,0.25800000000000006,-0.456804718815514
scene-1100,CAM_FRONT,0,2,car,0.507692277431488,41.65890387046792,15.289510264368143,1.2742194919816296,2.021599598971826,0.9215917029506997,2.3347228426311535,2.030900299207376,0.1324031392986993,0.007004830917874396,0.029000000000000005,41.65890387046792,15.289510264368143,1.2742194919816296,2.021599598971826,0.9215917029506997,2.3347228426311535,2.030900299207376,0.007004830917874396,0.029000000000000005,0.1324031392986993
scene-1100,CAM_FRONT,0,3,car,0.9064327478408813,20.512626337118945,4.876254915554143,0.9608940022494015,3.4991569888652805,2.1423440571335393,1.772999123858349,-2.608563499955402,-0.08571597751686322,0.02705971277399849,0.35800000000000015,20.512626337118945,4.876254915554143,0.9608940022494015,3.4991569888652805,2.1423440571335393,1.772999123858349,-2.608563499955402,0.02705971277399849,0.35800000000000015,-0.08571597751686322
scene-1100,CAM_FRONT,0,4,car,0.8632478713989258,35.63253282035604,19.003489766429393,7.1006494129920945,16.79241648317226,9.729011448929423,5.530777286621294,-2.78916285279259,-4.144795125679487,0.00012942384076404696,0.11600000000000003,35.63253282035604,19.003489766429393,7.1006494129920945,16.79241648317226,9.729011448929423,5.530777286621294,-2.78916285279259,0.00012942384076404696,0.11600000000000003,-4.144795125679487
scene-1100,CAM_FRONT,0,5,car,0.7299578189849854,57.13222659881959,27.147460699291138,1.9425258912359074,2.828873848227225,1.7327378458473945,0.9953428892790233,-2.6332383853095735,-1.0365702592795012,0.0,0.0,57.13222659881959,27.147460699291138,1.9425258912359074,2.828873848227225,1.7327378458473945,0.9953428892790233,-2.6332383853095735,0.0,0.0,-1.0365702592795012
scene-1100,CAM_FRONT,0,6,car,0.9139785170555115,20.439243628680742,0.8880294277507366,0.8683097354040673,4.241401988596305,2.0820850452568287,1.5778329330048242,-2.6187016649575368,-0.11528796457106782,0.05874433106575964,0.8290000000000002,20.439243628680742,0.8880294277507366,0.8683097354040673,4.241401988596305,2.0820850452568287,1.5778329330048242,-2.6187016649575368,0.05874433106575964,0.8290000000000002,-0.11528796457106782
scene-1100,CAM_FRONT,0,0,bus,0.9139785170555115,62.642985535913965,33.94192073126211,2.2250749763976616,8.224091563645246,2.7863022480437643,4.3759800762216905,-2.9689642854229246,0.43584912896248174,0.0,0.0,62.642985535913965,33.94192073126211,2.2250749763976616,8.224091563645246,2.7863022480437643,4.3759800762216905,-2.9689642854229246,0.0,0.0,0.43584912896248174
scene-1100,CAM_FRONT_LEFT,0,0,car,0.7770034670829773,59.53217561732833,29.92583280927442,0.5216813021870014,7.83635072495143,4.771108631283164,3.067220995324507,-2.8962885394282862,1.4933038168665487,0.0,0.0,59.53217561732833,29.92583280927442,0.5216813021870014,7.83635072495143,4.771108631283164,3.067220995324507,-2.8962885394282862,0.0,0.0,1.4933038168665487
scene-1100,CAM_FRONT_LEFT,0,1,car,0.6952381134033203,59.708643710669506,28.370906623975067,1.7633592519622014,1.9410811764049711,1.9715073691647547,0.6891540773236255,1.0278956193492061,-0.9511544495522197,0.0,0.0,59.708643710669506,28.370906623975067,1.7633592519622014,1.9410811764049711,1.9715073691647547,0.6891540773236255,1.0278956193492061,0.0,0.0,-0.9511544495522197
scene-1100,CAM_FRONT_LEFT,0,0,bus,0.8324607610702515,63.638156681528116,34.35886270027275,1.9581102276864395,8.861841810447864,2.88970054034246,4.308691362687232,-2.9915563875688242,0.7540412302532458,0.0,0.0,63.638156681528116,34.35886270027275,1.9581102276864395,8.861841810447864,2.88970054034246,4.308691362687232,-2.9915563875688242,0.0,0.0,0.7540412302532458
scene-1100,CAM_FRONT_RIGHT,0,0,car,0.5936508178710938,31.736044233672423,-57.976586211029655,1.3376810346690478,3.2230395795541966,2.3509964649301454,1.0443529625699965,1.9545941577609391,-0.7096306259100276,0.0,0.0,31.736044233672423,-57.976586211029655,1.3376810346690478,3.2230395795541966,2.3509964649301454,1.0443529625699965,1.9545941577609391,0.0,0.0,-0.7096306259100276
scene-1100,CAM_FRONT_RIGHT,0,1,car,0.8476190567016602,6.23745976123616,-22.402938447432035,-0.08587724171761724,4.071244952363969,2.3722473830537605,1.9110885875086887,1.9395132049431838,0.42141127870468864,0.026743688489516474,0.5000000000000001,6.23745976123616,-22.402938447432035,-0.08587724171761724,4.071244952363969,2.3722473830537605,1.9110885875086887,1.9395132049431838,0.026743688489516474,0.5000000000000001,0.42141127870468864
scene-1100,CAM_FRONT_RIGHT,0,2,car,0.8947368264198303,4.769316041149336,-2.5413660406651166,0.6575704484165655,2.9903377873147363,1.3703607837070484,1.0773372857520511,-2.490405399022062,-0.2103273436035893,0.3207792207792208,1.4820000000000002,4.769316041149336,-2.5413660406651166,0.6575704484165655,2.9903377873147363,1.3703607837070484,1.0773372857520511,-2.490405399022062,0.3207792207792208,1.4820000000000002,-0.2103273436035893
scene-1100,CAM_FRONT_RIGHT,0,3,car,0.9139785170555115,13.684521975552867,-7.293750209665532,0.8356623385466443,4.170013945136964,1.9076120758704587,1.6284682662651357,0.8990912025109594,-0.21487850729968128,0.11019736842105263,1.4070000000000003,13.684521975552867,-7.293750209665532,0.8356623385466443,4.170013945136964,1.9076120758704587,1.6284682662651357,0.8990912025109594,0.11019736842105263,1.4070000000000003,-0.21487850729968128
scene-1100,CAM_FRONT_RIGHT,0,4,car,0.5311355590820312,33.8459770224796,-57.7418415263175,1.1693441496386314,1.7140002125879192,1.3352117745521497,1.6597580608073617,-3.0779831701702096,-0.17146425723257785,0.0,0.0,33.8459770224796,-57.7418415263175,1.1693441496386314,1.7140002125879192,1.3352117745521497,1.6597580608073617,-3.0779831701702096,0.0,0.0,-0.17146425723257785
scene-1100,CAM_FRONT_RIGHT,0,5,car,0.5460992455482483,7.9897748567894205,-27.182854261756162,0.3535705387999757,1.7840222635895007,1.4342334851713474,1.7211551582414923,2.9469553436231335,-0.07589407986508157,0.0063025210084033615,0.027000000000000007,7.9897748567894205,-27.182854261756162,0.3535705387999757,1.7840222635895007,1.4342334851713474,1.7211551582414923,2.9469553436231335,0.0063025210084033615,0.027000000000000007,-0.07589407986508157
scene-1100,CAM_FRONT_RIGHT,0,0,bus,0.9179486632347107,9.104970671338135,-21.969084860209005,1.6141711037006108,5.6464548934785945,3.437116246449101,5.124615101307475,1.9370629128566568,0.3805644493106095,0.017795353435491844,1.7280000000000004,9.104970671338135,-21.969084860209005,1.6141711037006108,5.6464548934785945,3.437116246449101,5.124615101307475,1.9370629128566568,0.017795353435491844,1.7280000000000004,0.3805644493106095
scene-1100,CAM_BACK,0,0,car,0.7730495929718018,-30.83440155093641,-16.91684071168305,0.22423583316698115,2.7864296404188593,1.6273810749103985,1.6936176348044607,-2.4667670496697953,0.16458063914056842,0.016675420168067227,0.12700000000000003,-30.83440155093641,-16.91684071168305,0.22423583316698115,2.7864296404188593,1.6273810749103985,1.6936176348044607,-2.4667670496697953,0.016675420168067227,0.12700000000000003,0.16458063914056842
scene-1100,CAM_BACK,0,1,car,0.8476190567016602,-5.167197855141108,-1.144106147650717,0.6614514395547846,3.7364444331885354,2.0924116879052232,2.215840846770564,-2.947978001366643,0.345841352881477,0.10851760851760851,1.8550000000000004,-5.167197855141108,-1.144106147650717,0.6614514395547846,3.7364444331885354,2.0924116879052232,2.215840846770564,-2.947978001366643,0.10851760851760851,1.8550000000000004,0.345841352881477
scene-1100,CAM_FRONT,1,0,car,0.7419355511665344,53.96244348300501,25.714455502488523,1.798200546369252,1.640934517269191,1.3376576610097644,1.2544573822080045,2.039611047477983,-0.7463994470659396,0.0,0.0,53.96244348300501,25.714455502488523,1.798200546369252,1.640934517269191,1.3376576610097644,1.2544573822080045,2.039611047477983,0.0,0.0,-0.7463994470659396
scene-1100,CAM_FRONT,1,1,car,0.675126850605011,53.78315518375701,26.96477996222665,2.7109066768240138,1.690164467675558,1.2313018411739072,0.45580541886495407,-2.7342228579445633,-2.0498133832087975,0.0,0.0,53.78315518375701,26.96477996222665,2.7109066768240138,1.690164467675558,1.2313018411739072,0.45580541886495407,-2.7342228579445633,0.0,0.0,-2.0498133832087975
scene-1100,CAM_FRONT,1,2,car,0.8241757750511169,13.662522362283124,-7.138187101275162,0.7403021024644272,1.0713033171691055,0.6300685855826096,1.53313317384201,1.6783965093454463,-0.18077177233358332,0.1383838383838384,0.13700000000000004,13.662522362283124,-7.138187101275162,0.7403021024644272,1.0713033171691055,0.6300685855826096,1.53313317384201,1.6783965093454463,0.1383838383838384,0.13700000000000004,-0.18077177233358332
scene-1100,CAM_FRONT,1,3,car,0.7620818018913269,17.684425770587396,5.879962652665529,1.1168337711204583,0.778244698019352,0.7242576126251699,0.8529922138298578,1.8138445231643157,-0.7522961113042614,0.057539682539682536,0.029000000000000005,17.684425770587396,5.879962652665529,1.1168337711204583,0.778244698019352,0.7242576126251699,0.8529922138298578,1.8138445231643157,0.057539682539682536,0.029000000000000005,-0.7522961113042614
scene-1100,CAM_FRONT,1,4,car,0.8787879347801208,46.50661144978036,26.37633246804625,1.162202479694159,3.792465982565602,2.282671407627534,1.7004238413244006,-2.828211723412896,0.04927515990496145,0.006595773320769956,0.09800000000000003,46.50661144978036,26.37633246804625,1.162202479694159,3.792465982565602,2.282671407627534,1.7004238413244006,-2.828211723412896,0.006595773320769956,0.09800000000000003,0.04927515990496145
scene-1100,CAM_FRONT,1,5,car,0.9101123809814453,18.34222349171524,-0.2917865550511713,0.8446191714741932,4.610687037443343,2.1235485395626625,1.6545223590728828,-2.6585500581278647,-0.12088753462230684,0.06673973937401047,1.096,18.34222349171524,-0.2917865550511713,0.8446191714741932,4.610687037443343,2.1235485395626625,1.6545223590728828,-2.6585500581278647,0.06673973937401047,1.096,-0.12088753462230684
scene-1100,CAM_FRONT,1,6,car,0.8672199249267578,16.938815933174055,3.0218712926204607,0.9031494283192361,3.5812715129092627,2.0911179764232894,1.8124707047131268,-2.601833386072715,-0.08217972730792567,0.047619047619047616,0.6480000000000001,16.938815933174055,3.0218712926204607,0.9031494283192361,3.5812715129092627,2.0911179764232894,1.8124707047131268,-2.601833386072715,0.047619047619047616,0.6480000000000001,-0.08217972730792567
scene-1100,CAM_FRONT,1,0,bus,0.9139785170555115,62.66993164058453,33.935801494072,2.1951351259174965,9.005179408222162,3.238253553131595,4.466665911084224,-2.774707716007497,0.6125890158619507,0.0,0.0,62.66993164058453,33.935801494072,2.1951351259174965,9.005179408222162,3.238253553131595,4.466665911084224,-2.774707716007497,0.0,0.0,0.6125890158619507
scene-1100,CAM_FRONT_LEFT,1,0,car,0.8476190567016602,47.45799950320171,26.875106510491406,0.812365959887923,5.093643582372366,2.334530692526034,1.7791348471688122,-2.7378219963606423,0.24490458559704154,0.0034100596760443308,0.07200000000000001,47.45799950320171,26.875106510491406,0.812365959887923,5.093643582372366,2.334530692526034,1.7791348471688122,-2.7378219963606423,0.0034100596760443308,0.07200000000000001,0.24490458559704154
scene-1100,CAM_FRONT_LEFT,1,1,car,0.6363636255264282,66.42364078674635,31.396676501077675,1.7499081981333289,2.257447270393314,1.3102801771085897,1.171079301390221,-2.8800239281383577,-0.9442121013389371,0.0,0.0,66.42364078674635,31.396676501077675,1.7499081981333289,2.257447270393314,1.3102801771085897,1.171079301390221,-2.8800239281383577,0.0,0.0,-0.9442121013389371
scene-1100,CAM_FRONT_LEFT,1,0,bus,0.8947368264198303,63.45104886533091,34.69659555877317,2.267614359875856,9.0212448414524,3.0242932461494725,4.620788512370702,-2.987867260508805,0.29580971961271807,0.0,0.0,63.45104886533091,34.69659555877317,2.267614359875856,9.0212448414524,3.0242932461494725,4.620788512370702,-2.987867260508805,0.0,0.0,0.29580971961271807
scene-1100,CAM_FRONT_RIGHT,1,0,car,0.6132930517196655,34.224835549143634,-59.322274603662564,1.951494567063909,2.8145424625922217,2.8364119722634626,0.7901511444359695,1.251349704544374,-1.4268532790561292,0.0,0.0,34.224835549143634,-59.322274603662564,1.951494567063909,2.8145424625922217,2.8364119722634626,0.7901511444359695,1.251349704544374,0.0,0.0,-1.4268532790561292
scene-1100,CAM_FRONT_RIGHT,1,1,car,0.9375000596046448,13.451376873324147,-9.023371321784149,0.8456175941684684,4.626879421636927,2.226487959263773,1.6301581711540958,1.2760863991447247,-0.14233450025058492,0.12197381422924901,1.9750000000000003,13.451376873324147,-9.023371321784149,0.8456175941684684,4.626879421636927,2.226487959263773,1.6301581711540958,1.2760863991447247,0.12197381422924901,1.9750000000000003,-0.14233450025058492
scene-1100,CAM_FRONT_RIGHT,1,0,bus,0.921951174736023,9.32357836913019,-24.57509778269488,1.5326058834306322,10.781585620902067,3.6693970557684925,6.356194654888274,1.929484040912966,1.1386277307490393,0.011773492242242242,3.0110000000000006,9.32357836913019,-24.57509778269488,1.5326058834306322,10.781585620902067,3.6693970557684925,6.356194654888274,1.929484040912966,0.011773492242242242,3.0110000000000006,1.1386277307490393
scene-1100,CAM_BACK,1,0,car,0.7968254089355469,-5.639759567932602,-1.2711835774326192,0.683835434779029,4.115427726761231,2.8279109542683685,2.3889473286755916,-2.979303126213058,0.4321044013002524,0.1530197444831591,4.216000000000001,-5.639759567932602,-1.2711835774326192,0.683835434779029,4.115427726761231,2.8279109542683685,2.3889473286755916,-2.979303126213058,0.1530197444831591,4.216000000000001,0.4321044013002524
scene-1100,CAM_BACK_RIGHT,1,0,car,0.8987342119216919,0.5237251368453044,-3.687755919688887,0.7044055081695928,3.387175160666424,1.5433057617982473,1.2225892316182851,3.135146600340626,-0.1460386248281016,0.3137254901960784,1.9200000000000006,0.5237251368453044,-3.687755919688887,0.7044055081695928,3.387175160666424,1.5433057617982473,1.2225892316182851,3.135146600340626,0.3137254901960784,1.9200000000000006,-0.1460386248281016
scene-1100,CAM_FRONT,2,0,car,0.9298245906829834,15.486299172706456,-1.6075470522704394,0.8458320335217013,4.2628466128038305,2.0703385752392496,1.5812134045524933,-2.6069798572393528,-0.14988920456031218,0.0858250276854928,1.2400000000000002,15.486299172706456,-1.6075470522704394,0.8458320335217013,4.2628466128038305,2.0703385752392496,1.5812134045524933,-2.6069798572393528,0.0858250276854928,1.2400000000000002,-0.14988920456031218
scene-1100,CAM_FRONT,2,1,car,0.7697842121124268,29.982858759175713,9.874433727194575,1.305365266036413,2.8891572931645584,1.725118053701367,1.4403678714495287,-2.4784366337791788,-0.4729826049688981,0.0023181686467690526,0.016000000000000004,29.982858759175713,9.874433727194575,1.305365266036413,2.8891572931645584,1.725118053701367,1.4403678714495287,-2.4784366337791788,0.0023181686467690526,0.016000000000000004,-0.4729826049688981
scene-1100,CAM_FRONT,2,2,car,0.6332378387451172,50.83560618483215,24.5857367923506,1.5814471105441532,1.1735653709092162,0.4902588538126835,0.8060504556560848,1.797153963415303,-0.9244434216889654,0.0,0.0,50.83560618483215,24.5857367923506,1.5814471105441532,1.1735653709092162,0.4902588538126835,0.8060504556560848,1.797153963415303,0.0,0.0,-0.9244434216889654
scene-1100,CAM_FRONT,2,3,car,0.6363636255264282,51.96773150699287,25.76213444028783,2.8241057898934603,1.8878179952746539,0.9403910680310403,0.7914332814577754,2.2439214634493303,-2.1685288123840243,0.0,0.0,51.96773150699287,25.76213444028783,2.8241057898934603,1.8878179952746539,0.9403910680310403,0.7914332814577754,2.2439214634493303,0.0,0.0,-2.1685288123840243
scene-1100,CAM_FRONT,2,4,car,0.8518518805503845,46.87101976260126,26.537301602718916,1.2808818201436987,4.175565485368885,2.549076692797321,1.8386179651798134,-2.809649626413623,-0.13267218144970416,0.008253968253968255,0.15600000000000006,46.87101976260126,26.537301602718916,1.2808818201436987,4.175565485368885,2.549076692797321,1.8386179651798134,-2.809649626413623,0.008253968253968255,0.15600000000000006,-0.13267218144970416
scene-1100,CAM_FRONT,2,5,car,0.8750000596046448,12.405984982398522,0.9807330014336237,0.9764840126220051,3.453141216678242,2.3151147886277004,1.6553962147117751,-2.4474588833499586,-0.16726800548465204,0.12415052977712825,1.6990000000000005,12.405984982398522,0.9807330014336237,0.9764840126220051,3.453141216678242,2.3151147886277004,1.6553962147117751,-2.4474588833499586,0.12415052977712825,1.6990000000000005,-0.16726800548465204
scene-1100,CAM_FRONT,2,0,bus,0.9024390578269958,62.74256447273991,34.18330468855296,2.408570332510143,8.098837053345278,2.8897737414100213,4.269286835030773,-2.9266533237117973,0.03563859933133884,0.0,0.0,62.74256447273991,34.18330468855296,2.408570332510143,8.098837053345278,2.8897737414100213,4.269286835030773,-2.9266533237117973,0.0,0.0,0.03563859933133884
scene-1100,CAM_FRONT_LEFT,2,0,car,0.6995305418968201,64.16021699280627,30.60591455738086,2.1481055079939324,2.2148540793907188,1.2241109281650409,1.0563286986144858,-2.7151456325715695,-1.392776040826849,0.0,0.0,64.16021699280627,30.60591455738086,2.1481055079939324,2.2148540793907188,1.2241109281650409,1.0563286986144858,-2.7151456325715695,0.0,0.0,-1.392776040826849
scene-1100,CAM_FRONT_LEFT,2,1,car,0.7770034670829773,47.29905827380615,27.019422990199253,1.0903470354915565,4.8398056968856835,2.940934166131271,1.4598019267904498,-2.774935391512901,-0.20305009829471876,0.0023946360153256703,0.05000000000000001,47.29905827380615,27.019422990199253,1.0903470354915565,4.8398056968856835,2.940934166131271,1.4598019267904498,-2.774935391512901,0.0023946360153256703,0.05000000000000001,-0.20305009829471876
scene-1100,CAM_FRONT_LEFT,2,2,car,0.5897435545921326,44.65914540869879,18.404613462762754,1.8073570876436014,1.3867307448953667,1.392354041533153,0.3853612220533398,2.7594295486648335,-1.5028037886811023,0.0,0.0,44.65914540869879,18.404613462762754,1.8073570876436014,1.3867307448953667,1.392354041533153,0.3853612220533398,2.7594295486648335,0.0,0.0,-1.5028037886811023
scene-1100,CAM_FRONT_LEFT,2,0,bus,0.8400000333786011,63.408187839445354,34.19886864840474,1.961450957795682,8.489774710670005,2.9575678733230752,4.346402815721142,-2.9811771546400885,0.4843109869263085,0.0,0.0,63.408187839445354,34.19886864840474,1.961450957795682,8.489774710670005,2.9575678733230752,4.346402815721142,-2.9811771546400885,0.0,0.0,0.4843109869263085
scene-1100,CAM_FRONT_RIGHT,2,0,car,0.859649121761322,6.385344080955682,-22.611679211032808,0.19095501898873346,4.024935543007103,2.480849070398329,1.8116680141677923,2.009764403042869,0.18260796053016026,0.02761111111111111,0.4970000000000001,6.385344080955682,-22.611679211032808,0.19095501898873346,4.024935543007103,2.480849070398329,1.8116680141677923,2.009764403042869,0.02761111111111111,0.4970000000000001,0.18260796053016026
scene-1100,CAM_FRONT_RIGHT,2,1,car,0.941605806350708,13.366231751433773,-10.953590559135675,0.8346483175292263,4.49635466828867,2.188211384442315,1.5376317651587983,1.4613943414103199,-0.3318841147994518,0.11367003367003367,1.6880000000000004,13.366231751433773,-10.953590559135675,0.8346483175292263,4.49635466828867,2.188211384442315,1.5376317651587983,1.4613943414103199,0.11367003367003367,1.6880000000000004,-0.3318841147994518
scene-1100,CAM_FRONT_RIGHT,2,2,car,0.6012461185455322,8.511669955392433,-28.38772822216726,0.46269635442735013,1.6615691521480573,0.5079180422424088,1.7330441792265403,-2.7402191149202575,-0.0821068235890281,0.004844290657439446,0.007000000000000001,8.511669955392433,-28.38772822216726,0.46269635442735013,1.6615691521480573,0.5079180422424088,1.7330441792265403,-2.7402191149202575,0.004844290657439446,0.007000000000000001,-0.0821068235890281
scene-1100,CAM_FRONT_RIGHT,2,0,bus,0.9179486632347107,9.179158573676364,-21.80525717468623,1.6650579376657124,5.301589878905414,3.1467368250076624,5.066921834541905,1.9475231651895037,0.35608520292524726,0.018342820999367487,1.5370000000000001,9.179158573676364,-21.80525717468623,1.6650579376657124,5.301589878905414,3.1467368250076624,5.066921834541905,1.9475231651895037,0.018342820999367487,1.5370000000000001,0.35608520292524726
scene-1100,CAM_BACK,2,0,car,0.8476190567016602,-5.267459645838587,-1.1902950735452904,0.6016450572604375,3.752714782277498,2.2150387160067293,2.5624275773542124,-2.97424745431778,0.6207346107854508,0.10783952889216047,2.3440000000000003,-5.267459645838587,-1.1902950735452904,0.6016450572604375,3.752714782277498,2.2150387160067293,2.5624275773542124,-2.97424745431778,0.10783952889216047,2.3440000000000003,0.6207346107854508
scene-1100,CAM_BACK_RIGHT,2,0,car,0.9259259104728699,-4.008691454036675,-5.8792324975876875,0.49233569653241316,4.819560797936308,2.2074065065366275,1.598128694292973,-2.8508248456814758,0.17951228170042288,0.11245265151515152,1.9000000000000006,-4.008691454036675,-5.8792324975876875,0.49233569653241316,4.819560797936308,2.2074065065366275,1.598128694292973,-2.8508248456814758,0.11245265151515152,1.9000000000000006,0.17951228170042288
scene-1100,CAM_BACK_RIGHT,2,1,car,0.6332378387451172,5.184613741141096,-21.62200203641819,0.30351400785866456,1.0684693527386537,0.5192519930804274,1.4452182845592738,-3.072809969850878,-0.22967352898539972,0.02857142857142857,0.022000000000000002,5.184613741141096,-21.62200203641819,0.30351400785866456,1.0684693527386537,0.5192519930804274,1.4452182845592738,-3.072809969850878,0.02857142857142857,0.022000000000000002,-0.22967352898539972
scene-1100,CAM_FRONT,3,0,car,0.8048780560493469,12.667119683117209,-3.3190489307361193,0.9204888751267285,3.3190088069094745,1.5359110567883292,1.2994773069129544,-2.5214503643226185,-0.3856619567280821,0.12851592851592852,0.8270000000000002,12.667119683117209,-3.3190489307361193,0.9204888751267285,3.3190088069094745,1.5359110567883292,1.2994773069129544,-2.5214503643226185,0.12851592851592852,0.8270000000000002,-0.3856619567280821
scene-1100,CAM_FRONT,3,1,car,0.7538461089134216,29.188448051182274,8.97418794713219,1.1178498969930328,3.3405220339583686,2.0375177971522334,1.663676311519415,-2.4790394091032852,-0.22779624230906992,0.021301247771836007,0.23900000000000005,29.188448051182274,8.97418794713219,1.1178498969930328,3.3405220339583686,2.0375177971522334,1.663676311519415,-2.4790394091032852,0.021301247771836007,0.23900000000000005,-0.22779624230906992
scene-1100,CAM_FRONT,3,2,car,0.8518518805503845,46.97459307354349,26.633617304592875,1.4153628327702759,4.048726018630504,2.4974397768756393,1.8226969926429681,-2.8841480605396024,-0.20320340333569364,0.0071111111111111115,0.12800000000000003,46.97459307354349,26.633617304592875,1.4153628327702759,4.048726018630504,2.4974397768756393,1.8226969926429681,-2.8841480605396024,0.0071111111111111115,0.12800000000000003,-0.20320340333569364
scene-1100,CAM_FRONT,3,3,car,0.6831682920455933,54.98165485313323,26.353024750043854,1.7382206875045514,1.4765761507085244,0.5213706913133862,1.5078486562592812,1.7114992967968377,-0.6116981881407799,0.0,0.0,54.98165485313323,26.353024750043854,1.7382206875045514,1.4765761507085244,0.5213706913133862,1.5078486562592812,1.7114992967968377,0.0,0.0,-0.6116981881407799
scene-1100,CAM_FRONT,3,4,car,0.5276752710342407,45.60553583020616,23.971582006743773,1.7116873247305657,2.0630845799582076,1.5002769817579686,0.7036675164538138,-2.8808543162200078,-1.0807486184598356,0.0058956916099773245,0.013000000000000003,45.60553583020616,23.971582006743773,1.7116873247305657,2.0630845799582076,1.5002769817579686,0.7036675164538138,-2.8808543162200078,0.0058956916099773245,0.013000000000000003,-1.0807486184598356
scene-1100,CAM_FRONT,3,5,car,0.9139785170555115,8.814107748690361,-0.9285221336197826,0.8124442439223668,4.1657629946031465,2.156012594351063,1.673261432179055,-2.616712991828348,-0.021347214709136253,0.14260249554367202,2.2400000000000007,8.814107748690361,-0.9285221336197826,0.8124442439223668,4.1657629946031465,2.156012594351063,1.673261432179055,-2.616712991828348,0.14260249554367202,2.2400000000000007,-0.021347214709136253
scene-1100,CAM_FRONT,3,0,bus,0.8947368264198303,63.04960662380344,34.49597068068941,2.496611367661316,8.214272544794994,2.906280193905843,3.998932696288282,-2.887077908331186,-0.02869238708995958,0.0,0.0,63.04960662380344,34.49597068068941,2.496611367661316,8.214272544794994,2.906280193905843,3.998932696288282,-2.887077908331186,0.0,0.0,-0.02869238708995958
scene-1100,CAM_FRONT_LEFT,3,0,car,0.6995305418968201,62.156670039654685,29.612310587782826,1.8997253534481935,2.123024681247898,1.4226918176684133,0.6710607410464917,-2.938632713890021,-0.9736465868144131,0.0,0.0,62.156670039654685,29.612310587782826,1.8997253534481935,2.123024681247898,1.4226918176684133,0.6710607410464917,-2.938632713890021,0.0,0.0,-0.9736465868144131
scene-1100,CAM_FRONT_LEFT,3,1,car,0.7852349281311035,47.37924767725106,26.947474600274095,1.1779592954888636,4.7071576512101885,2.8011440631859674,1.48023800888548,-2.852956868754078,-0.023012616418819465,0.0026342451874366768,0.05200000000000001,47.37924767725106,26.947474600274095,1.1779592954888636,4.7071576512101885,2.8011440631859674,1.48023800888548,-2.852956868754078,0.0026342451874366768,0.05200000000000001,-0.023012616418819465
scene-1100,CAM_FRONT_LEFT,3,0,bus,0.827957034111023,62.38353870792998,34.17551726571956,2.445020526987653,8.68828730134826,2.846966337727281,4.4141735391243255,-2.9634000448420776,0.3712813829172221,0.0,0.0,62.38353870792998,34.17551726571956,2.445020526987653,8.68828730134826,2.846966337727281,4.4141735391243255,-2.9634000448420776,0.0,0.0,0.3712813829172221
scene-1100,CAM_FRONT_RIGHT,3,0,car,0.8552036285400391,6.158553881866824,-22.417617497711564,-0.083445727713993,4.446589714993067,2.636699270328158,2.0301353783559377,1.937044596669707,0.4656689688023623,0.027534965034965036,0.6300000000000002,6.158553881866824,-22.417617497711564,-0.083445727713993,4.446589714993067,2.636699270328158,2.0301353783559377,1.937044596669707,0.027534965034965036,0.6300000000000002,0.4656689688023623
scene-1100,CAM_FRONT_RIGHT,3,1,car,0.5704697966575623,31.233017673768593,-49.6678489940011,1.6458521221467417,2.972873394253554,2.348243112252625,0.5945229068850679,1.3133099774928922,-0.9746725824138482,0.0,0.0,31.233017673768593,-49.6678489940011,1.6458521221467417,2.972873394253554,2.348243112252625,0.5945229068850679,1.3133099774928922,0.0,0.0,-0.9746725824138482
scene-1100,CAM_FRONT_RIGHT,3,2,car,0.9336099624633789,13.776490800056203,-13.198113602066131,0.8047734496514367,4.555846688714643,2.3004269344317336,1.5455835023322102,1.646971032571367,-0.16923510214896686,0.07542533081285445,1.1970000000000005,13.776490800056203,-13.198113602066131,0.8047734496514367,4.555846688714643,2.3004269344317336,1.5455835023322102,1.646971032571367,0.07542533081285445,1.1970000000000005,-0.16923510214896686
scene-1100,CAM_FRONT_RIGHT,3,3,car,0.5631399154663086,8.64898455682199,-28.568886730233228,0.24450564206891445,2.032600109329856,1.0868502810456562,1.7481558493168161,2.402362043674782,0.019288550175247998,0.00267379679144385,0.010000000000000002,8.64898455682199,-28.568886730233228,0.24450564206891445,2.032600109329856,1.0868502810456562,1.7481558493168161,2.402362043674782,0.00267379679144385,0.010000000000000002,0.019288550175247998
scene-1100,CAM_FRONT_RIGHT,3,0,bus,0.8947368264198303,9.03748159069445,-21.98959520740213,1.6116480333684284,5.272246190708884,3.151612449063883,5.221680636185042,2.019886124044319,0.4912187329739093,0.018403029753265604,1.6230000000000004,9.03748159069445,-21.98959520740213,1.6116480333684284,5.272246190708884,3.151612449063883,5.221680636185042,2.019886124044319,0.018403029753265604,1.6230000000000004,0.4912187329739093
scene-1100,CAM_BACK,3,0,car,0.8827838897705078,-9.570285506140193,0.6817717517979621,0.6302239208233221,3.6756120039448907,2.244171121658428,1.7874906068714111,-2.7928838295636136,0.053264046115076624,0.16202566202566202,2.374,-9.570285506140193,0.6817717517979621,0.6302239208233221,3.6756120039448907,2.244171121658428,1.7874906068714111,-2.7928838295636136,0.16202566202566202,2.374,0.053264046115076624
scene-1100,CAM_BACK,3,1,car,0.6683937907218933,-3.858124843012334,-1.80751363662242,1.4014804329885138,0.3769804176518736,0.3800670961191779,0.2682599717022851,1.1578690962294929,-1.2711475461316262,0.4375,0.021000000000000005,-3.858124843012334,-1.80751363662242,1.4014804329885138,0.3769804176518736,0.3800670961191779,0.2682599717022851,1.1578690962294929,0.4375,0.021000000000000005,-1.2711475461316262
scene-1100,CAM_BACK,3,2,car,0.9024390578269958,-5.435403947212049,-1.1796750196145582,0.7185024396876358,3.8275598027456605,2.2263811933887028,2.2687815839021117,-2.9737890300682506,0.38834936724945823,0.1085916371957562,2.0880000000000005,-5.435403947212049,-1.1796750196145582,0.7185024396876358,3.8275598027456605,2.2263811933887028,2.2687815839021117,-2.9737890300682506,0.1085916371957562,2.0880000000000005,0.38834936724945823
scene-1100,CAM_BACK,3,3,car,0.8324607610702515,-8.954607897686156,-7.260371475304838,0.6836982621320354,5.26076883529472,2.4143934779778577,1.776796368597074,3.083851275181944,-0.002560433186853839,0.1401991614255765,3.2100000000000004,-8.954607897686156,-7.260371475304838,0.6836982621320354,5.26076883529472,2.4143934779778577,1.776796368597074,3.083851275181944,0.1401991614255765,3.2100000000000004,-0.002560433186853839
scene-1100,CAM_BACK_RIGHT,3,0,car,0.8672199249267578,-7.605472667491802,-6.929065985180208,0.38535711327096867,3.3097639242459564,1.8945634418676631,1.5287332775325628,-2.736546105042057,0.21835742445542627,0.09452418926103137,0.8890000000000003,-7.605472667491802,-6.929065985180208,0.38535711327096867,3.3097639242459564,1.8945634418676631,1.5287332775325628,-2.736546105042057,0.09452418926103137,0.8890000000000003,0.21835742445542627
scene-1100,CAM_BACK_RIGHT,3,1,car,0.7104072570800781,5.1709803933310114,-21.73308386442634,0.27823757656219955,1.4183638836715566,1.042030075138935,1.381054900906312,1.8512232652892562,-0.1790607411336102,0.04030612244897959,0.07900000000000001,5.1709803933310114,-21.73308386442634,0.27823757656219955,1.4183638836715566,1.042030075138935,1.381054900906312,1.8512232652892562,0.04030612244897959,0.07900000000000001,-0.1790607411336102
scene-1100,CAM_FRONT,4,0,car,0.9139785170555115,5.2864126871283466,-2.5933644803640923,0.6656174365808706,3.148840807033655,1.8074195306246237,1.9671377281763507,-2.730729202589332,0.2207887188672062,0.07482078853046595,0.8350000000000001,5.2864126871283466,-2.5933644803640923,0.6656174365808706,3.148840807033655,1.8074195306246237,1.9671377281763507,-2.730729202589332,0.07482078853046595,0.8350000000000001,0.2207887188672062
scene-1100,CAM_FRONT,4,1,car,0.8709677457809448,47.08109409796586,26.65584446420721,1.4014447319583758,4.152773397238249,2.484099844930693,1.7438871507315428,-2.637984778912356,-0.13695372798466376,0.006274509803921568,0.11200000000000003,47.08109409796586,26.65584446420721,1.4014447319583758,4.152773397238249,2.484099844930693,1.7438871507315428,-2.637984778912356,0.006274509803921568,0.11200000000000003,-0.13695372798466376
scene-1100,CAM_FRONT,4,2,car,0.6167664527893066,29.288759218213023,10.033549611291898,1.5083367746552943,2.2142249081902534,1.2872790631343407,0.49509373214053864,-2.69201840800793,-1.1615191028685103,0.0,0.0,29.288759218213023,10.033549611291898,1.5083367746552943,2.2142249081902534,1.2872790631343407,0.49509373214053864,-2.69201840800793,0.0,0.0,-1.1615191028685103
scene-1100,CAM_FRONT,4,3,car,0.6831682920455933,54.44689611742387,26.4487520917791,2.958903934708822,1.9171432094377074,0.9680274819550405,0.851657016208601,2.212918998044868,-2.0991420493385915,0.0,0.0,54.44689611742387,26.4487520917791,2.958903934708822,1.9171432094377074,0.9680274819550405,0.851657016208601,2.212918998044868,0.0,0.0,-2.0991420493385915
scene-1100,CAM_FRONT,4,4,car,0.7620818018913269,54.36355113384533,25.841444299032396,1.9246518278721236,2.0748169603142728,1.259003438187463,0.683974093974651,-2.515155339511158,-1.1548864176569538,0.0,0.0,54.36355113384533,25.841444299032396,1.9246518278721236,2.0748169603142728,1.259003438187463,0.683974093974651,-2.515155339511158,0.0,0.0,-1.1548864176569538
scene-1100,CAM_FRONT,4,5,car,0.6444444060325623,46.256402960287296,24.495401771570833,1.70312475749083,1.7681518418234576,1.7720511502205198,0.6032309523324837,2.0927501575159178,-1.0375186168424713,0.0,0.0,46.256402960287296,24.495401771570833,1.70312475749083,1.7681518418234576,1.7720511502205198,0.6032309523324837,2.0927501575159178,0.0,0.0,-1.0375186168424713
scene-1100,CAM_FRONT,4,6,car,0.8202247023582458,25.862483794240305,7.021332726858524,0.9176926223705741,3.319442661732097,2.010411834709357,1.6224174922428607,-2.613035170327499,-0.06398319407398434,0.027651515151515153,0.2920000000000001,25.862483794240305,7.021332726858524,0.9176926223705741,3.319442661732097,2.010411834709357,1.6224174922428607,-2.613035170327499,0.027651515151515153,0.2920000000000001,-0.06398319407398434
scene-1100,CAM_FRONT,4,7,car,0.7730495929718018,26.276604393812317,-8.488994430878991,-0.3507505309868749,4.589035607619692,3.0447761801862114,3.78558215780561,1.7807261666222702,2.3977197673384487,0.008390541571319604,0.4400000000000001,26.276604393812317,-8.488994430878991,-0.3507505309868749,4.589035607619692,3.0447761801862114,3.78558215780561,1.7807261666222702,0.008390541571319604,0.4400000000000001,2.3977197673384487
scene-1100,CAM_FRONT,4,0,bus,0.8987342119216919,63.26281897393037,34.13882088500937,2.2078137255102197,9.12651684361282,3.203471859233389,4.762344269423478,-2.84462058785311,0.7353679821843073,0.0,0.0,63.26281897393037,34.13882088500937,2.2078137255102197,9.12651684361282,3.203471859233389,4.762344269423478,-2.84462058785311,0.0,0.0,0.7353679821843073
scene-1100,CAM_FRONT_LEFT,4,0,car,0.6800000071525574,59.23563902062152,28.508377962024976,1.87463216955706,1.6591891782662884,1.6614151635780061,0.6743096443670302,1.096380761645844,-1.3343815387483238,0.0,0.0,59.23563902062152,28.508377962024976,1.87463216955706,1.6591891782662884,1.6614151635780061,0.6743096443670302,1.096380761645844,0.0,0.0,-1.3343815387483238
scene-1100,CAM_FRONT_LEFT,4,1,car,0.7655677795410156,60.88152123462452,33.901391425577955,2.325919433066523,7.8701478027598455,4.55991541627958,2.6046615751613236,-2.935009157638496,-0.7290211797036956,0.0,0.0,60.88152123462452,33.901391425577955,2.325919433066523,7.8701478027598455,4.55991541627958,2.6046615751613236,-2.935009157638496,0.0,0.0,-0.7290211797036956
scene-1100,CAM_FRONT_LEFT,4,0,bus,0.827957034111023,62.93485058469371,34.6296516876148,2.6934752870574066,7.934135016229007,2.7980465584154217,4.02996727140205,-2.927119163190641,-0.37742820316569237,0.0,0.0,62.93485058469371,34.6296516876148,2.6934752870574066,7.934135016229007,2.7980465584154217,4.02996727140205,-2.927119163190641,0.0,0.0,-0.37742820316569237
scene-1100,CAM_FRONT_RIGHT,4,0,car,0.7655677795410156,3.754578043836118,-2.4919898525162765,0.7099515212087936,4.990045888994787,1.5945279432616277,1.7540608536331794,-2.694511439503195,0.11777829458866163,0.37722222222222224,5.432000000000001,3.754578043836118,-2.4919898525162765,0.7099515212087936,4.990045888994787,1.5945279432616277,1.7540608536331794,-2.694511439503195,0.37722222222222224,5.432000000000001,0.11777829458866163
scene-1100,CAM_FRONT_RIGHT,4,1,car,0.5395683646202087,33.39945698696549,-48.66644348180718,1.9271054590785575,6.830247627645264,2.2204424623801557,1.9818526378708068,1.5444060902220775,-0.47435496144747535,0.0017379679144385028,0.05200000000000002,33.39945698696549,-48.66644348180718,1.9271054590785575,6.830247627645264,2.2204424623801557,1.9818526378708068,1.5444060902220775,0.0017379679144385028,0.05200000000000002,-0.47435496144747535
scene-1100,CAM_FRONT_RIGHT,4,2,car,0.8439024686813354,6.201904241900296,-22.444341418005823,0.06642547868734289,3.8179522709720466,2.317950387486806,1.755629819608063,1.9662424027312668,0.19369338428746508,0.024663107042969742,0.38800000000000007,6.201904241900296,-22.444341418005823,0.06642547868734289,3.8179522709720466,2.317950387486806,1.755629819608063,1.9662424027312668,0.024663107042969742,0.38800000000000007,0.19369338428746508
scene-1100,CAM_FRONT_RIGHT,4,3,car,0.7697842121124268,14.063691306609897,-15.508746528227539,0.880876878168896,3.0332544427908523,1.910083094515688,1.4801352816239097,1.2932048932384073,-0.35475417911605067,0.06725146198830409,0.5750000000000002,14.063691306609897,-15.508746528227539,0.880876878168896,3.0332544427908523,1.910083094515688,1.4801352816239097,1.2932048932384073,0.06725146198830409,0.5750000000000002,-0.35475417911605067
scene-1100,CAM_FRONT_RIGHT,4,4,car,0.6132930517196655,8.654018916116318,-28.183847631954436,0.2897162464595484,1.3821654099229903,0.6578936646804152,1.4293809026422735,1.036368252297343,-0.1573675257330467,0.01239067055393586,0.017000000000000005,8.654018916116318,-28.183847631954436,0.2897162464595484,1.3821654099229903,0.6578936646804152,1.4293809026422735,1.036368252297343,0.01239067055393586,0.017000000000000005,-0.1573675257330467
scene-1100,CAM_FRONT_RIGHT,4,0,bus,0.9139785170555115,9.443121493251695,-24.499455529844298,1.463377509329773,10.763736780661052,3.7984015021685242,6.165605807534447,1.9871365230673212,1.0629243635155143,0.012336508834811043,3.139000000000001,9.443121493251695,-24.499455529844298,1.463377509329773,10.763736780661052,3.7984015021685242,6.165605807534447,1.9871365230673212,0.012336508834811043,3.139000000000001,1.0629243635155143
scene-1100,CAM_BACK,4,0,car,0.8947368264198303,-3.10726650664351,3.968051386659806,0.7205269840583315,4.001312074239101,2.405725984945049,2.0309110830105572,0.9806233830058001,0.19606825636958125,0.1846875,3.5460000000000007,-3.10726650664351,3.968051386659806,0.7205269840583315,4.001312074239101,2.405725984945049,2.0309110830105572,0.9806233830058001,0.1846875,3.5460000000000007,0.19606825636958125
scene-1100,CAM_BACK,4,1,car,0.8241757750511169,-13.763141176488661,-8.95799184263519,0.6211002539735787,4.785612542121763,2.1692934097995415,1.7566785465826034,-2.818632731585086,-0.1243819242285722,0.0600273569023569,1.1410000000000005,-13.763141176488661,-8.95799184263519,0.6211002539735787,4.785612542121763,2.1692934097995415,1.7566785465826034,-2.818632731585086,0.0600273569023569,1.1410000000000005,-0.1243819242285722
scene-1100,CAM_BACK,4,2,car,0.9024390578269958,-5.3829722908785795,-1.20103753390015,0.6755384350423754,3.889419422943255,2.2769414582238827,2.325549670605996,-2.931068450205051,0.43651447178333536,0.10697494062333382,2.2070000000000003,-5.3829722908785795,-1.20103753390015,0.6755384350423754,3.889419422943255,2.2769414582238827,2.325549670605996,-2.931068450205051,0.10697494062333382,2.2070000000000003,0.43651447178333536
scene-1100,CAM_BACK_LEFT,4,0,car,0.8552036285400391,-1.4509111968439794,3.1078718544026946,0.9659763609980198,3.0908984324032787,1.3274832257061506,0.9750138857838222,-2.7558622243103907,-0.5875481532192526,0.524317617866005,2.1130000000000004,-1.4509111968439794,3.1078718544026946,0.9659763609980198,3.0908984324032787,1.3274832257061506,0.9750138857838222,-2.7558622243103907,0.524317617866005,2.1130000000000004,-0.5875481532192526
scene-1100,CAM_FRONT,5,0,car,0.7229437232017517,65.21025941203528,31.511666776342278,1.775643196715003,1.70295528632397,1.469476646517201,1.2254612386781503,0.9574690417596169,-0.5378811061234865,0.0,0.0,65.21025941203528,31.511666776342278,1.775643196715003,1.70295528632397,1.469476646517201,1.2254612386781503,0.9574690417596169,0.0,0.0,-0.5378811061234865
scene-1100,CAM_FRONT,5,1,car,0.7229437232017517,50.52482477195203,15.909454094302255,1.0420086827087092,4.111729600958938,2.6273645761113507,1.8115518824024996,-2.5742068054723712,0.24151428755862647,0.001876172607879925,0.03600000000000001,50.52482477195203,15.909454094302255,1.0420086827087092,4.111729600958938,2.6273645761113507,1.8115518824024996,-2.5742068054723712,0.001876172607879925,0.03600000000000001,0.24151428755862647
scene-1100,CAM_FRONT,5,2,car,0.8048780560493469,9.028477179860602,-4.709684063588522,0.47082874965330673,2.0727683914128097,1.3009254782510644,0.9872664050811041,3.0749223055324366,-0.06535540629320513,0.09047619047619047,0.24700000000000008,9.028477179860602,-4.709684063588522,0.47082874965330673,2.0727683914128097,1.3009254782510644,0.9872664050811041,3.0749223055324366,0.09047619047619047,0.24700000000000008,-0.06535540629320513
scene-1100,CAM_FRONT,5,3,car,0.8518518805503845,47.11336210628722,26.76824536243267,1.3297567397859757,4.686518569246154,2.1356797904322207,1.6232324826170679,-2.6795743494162916,-0.08376801379345133,0.005065856129685917,0.08000000000000002,47.11336210628722,26.76824536243267,1.3297567397859757,4.686518569246154,2.1356797904322207,1.6232324826170679,-2.6795743494162916,0.005065856129685917,0.08000000000000002,-0.08376801379345133
scene-1100,CAM_FRONT,5,4,car,0.5747508406639099,68.0023640410671,32.938545069968555,2.9492444703534684,2.1384758893653864,2.141625842410434,0.7910064403242871,2.03116545001251,-1.894077274952525,0.0,0.0,68.0023640410671,32.938545069968555,2.9492444703534684,2.1384758893653864,2.141625842410434,0.7910064403242871,2.03116545001251,0.0,0.0,-1.894077274952525
scene-1100,CAM_FRONT,5,5,car,0.8672199249267578,22.054868845172113,5.043684023858899,0.8044657500879483,4.345453808783546,2.0594276633623423,1.7099893613743136,-2.6456165695855245,0.012612098927016868,0.02703406944173018,0.41500000000000015,22.054868845172113,5.043684023858899,0.8044657500879483,4.345453808783546,2.0594276633623423,1.7099893613743136,-2.6456165695855245,0.02703406944173018,0.41500000000000015,0.012612098927016868
scene-1100,CAM_FRONT,5,6,car,0.6717948913574219,45.699575208791984,16.11925765949577,1.5430694606492181,2.31139447159363,1.4174536306886543,0.8663644024937889,-2.642974159987663,-0.7771668604994306,0.0,0.0,45.699575208791984,16.11925765949577,1.5430694606492181,2.31139447159363,1.4174536306886543,0.8663644024937889,-2.642974159987663,0.0,0.0,-0.7771668604994306
scene-1100,CAM_FRONT,5,0,bus,0.9024390578269958,62.86100915585694,33.98029029354739,2.3354194134350807,8.93139061908289,2.9081999066061712,4.67470375222427,-2.931172095142149,0.629119655117087,0.0,0.0,62.86100915585694,33.98029029354739,2.3354194134350807,8.93139061908289,2.9081999066061712,4.67470375222427,-2.931172095142149,0.0,0.0,0.629119655117087
scene-1100,CAM_FRONT_LEFT,5,0,car,0.7887788414955139,59.3760322983782,30.880633187202484,1.8478544426102033,6.535156115787267,3.818428346510786,2.088037592988933,-2.7993946977663624,-0.39723764439721565,0.0,0.0,59.3760322983782,30.880633187202484,1.8478544426102033,6.535156115787267,3.818428346510786,2.088037592988933,-2.7993946977663624,0.0,0.0,-0.39723764439721565
scene-1100,CAM_FRONT_LEFT,5,1,car,0.9139785170555115,4.646270176022234,6.275757652528558,0.9541890253587595,4.6814671509691825,2.3020796376459263,1.8723897512060317,-2.8555442816096863,-0.05093160195281854,0.17488680072058035,3.592000000000001,4.646270176022234,6.275757652528558,0.9541890253587595,4.6814671509691825,2.3020796376459263,1.8723897512060317,-2.8555442816096863,0.17488680072058035,3.592000000000001,-0.05093160195281854
scene-1100,CAM_FRONT_LEFT,5,2,car,0.7229437232017517,56.333822107194486,26.728436257789003,1.1731420690099015,1.3656300499798846,0.4003602754929787,1.3080478207982642,1.399691414120425,-0.161915181668707,0.0,0.0,56.333822107194486,26.728436257789003,1.1731420690099015,1.3656300499798846,0.4003602754929787,1.3080478207982642,1.399691414120425,0.0,0.0,-0.161915181668707
scene-1100,CAM_FRONT_LEFT,5,0,bus,0.8709677457809448,62.73940700440164,33.8449171343153,1.8711269404773336,8.442727745365787,2.7961482894118923,4.378998457941728,-3.041004715989096,0.7668973298353121,0.0,0.0,62.73940700440164,33.8449171343153,1.8711269404773336,8.442727745365787,2.7961482894118923,4.378998457941728,-3.041004715989096,0.0,0.0,0.7668973298353121
scene-1100,CAM_FRONT_RIGHT,5,0,car,0.7655677795410156,6.277746830792434,-22.43397714115371,0.09930939427730756,4.096136824970031,2.4628693835920235,1.9201205309255505,2.042371743274526,0.5109733812848787,0.020898587933247753,0.4070000000000001,6.277746830792434,-22.43397714115371,0.09930939427730756,4.096136824970031,2.4628693835920235,1.9201205309255505,2.042371743274526,0.020898587933247753,0.4070000000000001,0.5109733812848787
scene-1100,CAM_FRONT_RIGHT,5,1,car,0.518796980381012,28.911060489420258,-27.456215972626577,0.46537460322942814,5.956961763091263,3.775651201845946,2.9912391769442457,-2.6450998999358113,1.339699098487705,0.024342105263157894,1.6650000000000005,28.911060489420258,-27.456215972626577,0.46537460322942814,5.956961763091263,3.775651201845946,2.9912391769442457,-2.6450998999358113,0.024342105263157894,1.6650000000000005,1.339699098487705
scene-1100,CAM_FRONT_RIGHT,5,2,car,0.604938268661499,1.4918810618299998,-3.1161478051773015,1.044681524337267,1.17275737406964,0.8948915011697327,0.42849805564854526,-2.4793568872178953,-0.8974710251341911,0.5694444444444444,0.24600000000000005,1.4918810618299998,-3.1161478051773015,1.044681524337267,1.17275737406964,0.8948915011697327,0.42849805564854526,-2.4793568872178953,0.5694444444444444,0.24600000000000005,-0.8974710251341911
scene-1100,CAM_FRONT_RIGHT,5,3,car,0.9298245906829834,7.27281230544408,-5.562885903797764,0.7956812168542232,4.532370217183742,2.080534793852852,1.7001102969112354,-2.6393901863663842,-0.10987279145444506,0.1616557734204793,2.5970000000000004,7.27281230544408,-5.562885903797764,0.7956812168542232,4.532370217183742,2.080534793852852,1.7001102969112354,-2.6393901863663842,0.1616557734204793,2.5970000000000004,-0.10987279145444506
scene-1100,CAM_FRONT_RIGHT,5,4,car,0.8672199249267578,15.108991295704064,-17.928375697676746,0.8522984254569286,4.241920724878458,1.9419177578082731,1.5127727531947173,1.7777060443454589,-0.28920329575059167,0.04862155388471178,0.5820000000000002,15.108991295704064,-17.928375697676746,0.8522984254569286,4.241920724878458,1.9419177578082731,1.5127727531947173,1.7777060443454589,0.04862155388471178,0.5820000000000002,-0.28920329575059167
scene-1100,CAM_FRONT_RIGHT,5,0,bus,0.9139785170555115,9.15504958062885,-21.943434770868038,1.6491464203715787,5.450316719477936,3.246917260105882,5.231675173254457,1.954691394045544,0.6084721387364238,0.01861888111888112,1.7040000000000006,9.15504958062885,-21.943434770868038,1.6491464203715787,5.450316719477936,3.246917260105882,5.231675173254457,1.954691394045544,0.01861888111888112,1.7040000000000006,0.6084721387364238
scene-1100,CAM_BACK,5,0,car,0.7344398498535156,-16.853877276086106,-9.965308619797987,0.5605605102257861,3.177005246264809,1.5401765667424492,1.3627434661789535,-2.9465818348040127,-0.2767184983963802,0.026041666666666668,0.17500000000000004,-16.853877276086106,-9.965308619797987,0.5605605102257861,3.177005246264809,1.5401765667424492,1.3627434661789535,-2.9465818348040127,0.026041666666666668,0.17500000000000004,-0.2767184983963802
scene-1100,CAM_BACK,5,1,car,0.8518518805503845,-5.64692700092493,-1.2221447584531486,0.6777128888041553,4.025965792032489,2.358251122583395,2.4350925432275217,-2.965471520977976,0.4679445411209726,0.10642361111111111,2.4520000000000004,-5.64692700092493,-1.2221447584531486,0.6777128888041553,4.025965792032489,2.358251122583395,2.4350925432275217,-2.965471520977976,0.10642361111111111,2.4520000000000004,0.4679445411209726
scene-1100,CAM_BACK_RIGHT,5,0,car,0.9064327478408813,-0.20536692363276143,-4.290894891383585,0.7043046671225587,4.523332911369071,2.268024836831872,1.8770567345666807,-2.911686996570699,0.16184323191146066,0.2958047292143402,5.817000000000002,-0.20536692363276143,-4.290894891383585,0.7043046671225587,4.523332911369071,2.268024836831872,1.8770567345666807,-2.911686996570699,0.2958047292143402,5.817000000000002,0.16184323191146066
scene-1100,CAM_FRONT,6,0,car,0.7264957427978516,64.21740431796088,30.953932801442797,1.782958128266365,1.587195983690851,1.5664395831257707,1.0332598527026,2.405515755674827,-0.7447810036194715,0.0,0.0,64.21740431796088,30.953932801442797,1.782958128266365,1.587195983690851,1.5664395831257707,1.0332598527026,2.405515755674827,0.0,0.0,-0.7447810036194715
scene-1100,CAM_FRONT,6,1,car,0.8012422323226929,37.87866379997228,10.228439397034009,1.3953397040075477,6.679745873382117,3.0845657965753714,2.0765065432486685,-2.7185881670306484,-0.26373682658449216,0.007772198913267763,0.3390000000000001,37.87866379997228,10.228439397034009,1.3953397040075477,6.679745873382117,3.0845657965753714,2.0765065432486685,-2.7185881670306484,0.007772198913267763,0.3390000000000001,-0.26373682658449216
scene-1100,CAM_FRONT,6,2,car,0.8476190567016602,47.24478355897678,27.007116877406094,1.5207630560089704,3.802015774418244,2.312917728324784,1.681287104253908,-2.41211899672945,-0.2858882738614934,0.00376901332615426,0.056000000000000015,47.24478355897678,27.007116877406094,1.5207630560089704,3.802015774418244,2.312917728324784,1.681287104253908,-2.41211899672945,0.00376901332615426,0.056000000000000015,-0.2858882738614934
scene-1100,CAM_FRONT,6,3,car,0.6878048777580261,68.99414244555021,33.28002793579786,2.838021316275435,2.3800236776360677,1.0946072927006014,0.8574823400573202,1.5512971691719564,-1.826145495062693,0.0,0.0,68.99414244555021,33.28002793579786,2.838021316275435,2.3800236776360677,1.0946072927006014,0.8574823400573202,1.5512971691719564,0.0,0.0,-1.826145495062693
scene-1100,CAM_FRONT,6,4,car,0.7344398498535156,45.402615320455475,15.910582083874283,1.6399965101760583,1.733638973377694,1.7323018712984037,1.1137083876845562,2.719106634033617,-0.8879363596363161,0.0,0.0,45.402615320455475,15.910582083874283,1.6399965101760583,1.733638973377694,1.7323018712984037,1.1137083876845562,2.719106634033617,0.0,0.0,-0.8879363596363161
scene-1100,CAM_FRONT,6,5,car,0.859649121761322,17.72286159091757,2.837502292023428,0.7342428924641674,4.121075237433212,2.0120631261648816,1.542060851559736,-2.5189996064276836,-0.052183336463886176,0.08016260162601627,0.9860000000000003,17.72286159091757,2.837502292023428,0.7342428924641674,4.121075237433212,2.0120631261648816,1.542060851559736,-2.5189996064276836,0.08016260162601627,0.9860000000000003,-0.052183336463886176
scene-1100,CAM_FRONT,6,0,bus,0.8947368264198303,63.15979399012836,34.04654499718516,2.452665170303759,8.896791124323983,3.22097773079075,4.574209796733484,-2.9442143519339576,0.4112511609014229,0.0,0.0,63.15979399012836,34.04654499718516,2.452665170303759,8.896791124323983,3.22097773079075,4.574209796733484,-2.9442143519339576,0.0,0.0,0.4112511609014229
scene-1100,CAM_FRONT_LEFT,6,0,car,0.7968254089355469,56.76433220616025,24.155478281062834,-2.3436566768309466,8.643104710421788,5.2270083891095815,2.80848565270212,-2.9307114681277064,4.149997980068756,0.0,0.0,56.76433220616025,24.155478281062834,-2.3436566768309466,8.643104710421788,5.2270083891095815,2.80848565270212,-2.9307114681277064,0.0,0.0,4.149997980068756
scene-1100,CAM_FRONT_LEFT,6,1,car,0.6521739363670349,55.15214357637932,26.060215254857102,1.5266822963706734,1.6920299240312708,1.6442656899089272,0.7196475827098652,2.2621293443508375,-0.7687874543718198,0.0,0.0,55.15214357637932,26.060215254857102,1.5266822963706734,1.6920299240312708,1.6442656899089272,0.7196475827098652,2.2621293443508375,0.0,0.0,-0.7687874543718198
scene-1100,CAM_FRONT_LEFT,6,2,car,0.9179486632347107,11.731702413448959,9.179498277374375,0.9333988396571067,4.151266855621282,2.239231541987109,1.6597758747797124,-2.8158250477561597,-0.16471885983303491,0.07913165266106442,1.2430000000000003,11.731702413448959,9.179498277374375,0.9333988396571067,4.151266855621282,2.239231541987109,1.6597758747797124,-2.8158250477561597,0.07913165266106442,1.2430000000000003,-0.16471885983303491
scene-1100,CAM_FRONT_LEFT,6,0,bus,0.8518518805503845,62.81924312988887,34.343223204435546,2.381813177907838,8.602093032287883,3.0953829134043325,4.5734706257684365,-2.920731241864629,0.38564867506503386,0.0,0.0,62.81924312988887,34.343223204435546,2.381813177907838,8.602093032287883,3.0953829134043325,4.5734706257684365,-2.920731241864629,0.0,0.0,0.38564867506503386
scene-1100,CAM_FRONT_RIGHT,6,0,car,0.9298245906829834,4.02093934189223,-6.9183454344157465,0.6117190509000849,4.837754036246624,2.231140195929057,1.8426910469791187,-2.6358480879858246,0.12222289800355979,0.1956544612794613,3.719000000000001,4.02093934189223,-6.9183454344157465,0.6117190509000849,4.837754036246624,2.231140195929057,1.8426910469791187,-2.6358480879858246,0.1956544612794613,3.719000000000001,0.12222289800355979
scene-1100,CAM_FRONT_RIGHT,6,1,car,0.7815700173377991,5.9480956238945275,-21.380489468702088,0.19744960217824858,3.4285449990509598,2.1640063633488866,1.6713384279479135,2.249664871630392,0.19016404643849993,0.05489147530670022,0.6980000000000002,5.9480956238945275,-21.380489468702088,0.19744960217824858,3.4285449990509598,2.1640063633488866,1.6713384279479135,2.249664871630392,0.05489147530670022,0.6980000000000002,0.19016404643849993
scene-1100,CAM_BACK,6,0,car,0.8787879347801208,-5.543127828420534,-1.246265648941619,0.7917768138303503,3.8119142224938756,2.257250074977875,2.259813154472325,-2.9746535214197762,0.25621671686698244,0.10302457466918714,2.071,-5.543127828420534,-1.246265648941619,0.7917768138303503,3.8119142224938756,2.257250074977875,2.259813154472325,-2.9746535214197762,0.10302457466918714,2.071,0.25621671686698244
scene-1100,CAM_BACK,6,1,car,0.604938268661499,-54.28975004353065,-29.97998802609886,-0.33098177008521856,3.180374646883113,2.300904319828703,3.429050287994886,1.6673580766718497,1.6175610618029985,0.0,0.0,-54.28975004353065,-29.97998802609886,-0.33098177008521856,3.180374646883113,2.300904319828703,3.429050287994886,1.6673580766718497,0.0,0.0,1.6175610618029985
scene-1100,CAM_BACK_RIGHT,6,0,car,0.921951174736023,-4.667980679610532,-6.1156078342835745,0.5712831476579566,4.195555148531164,2.5325613864903254,1.7450043860255546,-2.82876239726298,0.17524889035413405,0.1088515406162465,1.9430000000000005,-4.667980679610532,-6.1156078342835745,0.5712831476579566,4.195555148531164,2.5325613864903254,1.7450043860255546,-2.82876239726298,0.1088515406162465,1.9430000000000005,0.17524889035413405
scene-1100,CAM_BACK_RIGHT,6,1,car,0.7852349281311035,2.521920245312812,-7.4480741239224635,0.46208923624096054,2.2108903265015787,1.264127586828913,1.192650111584499,2.1138467120800537,-0.04852313759630933,0.28205128205128205,0.9680000000000002,2.521920245312812,-7.4480741239224635,0.46208923624096054,2.2108903265015787,1.264127586828913,1.192650111584499,2.1138467120800537,0.28205128205128205,0.9680000000000002,-0.04852313759630933
scene-1100,CAM_FRONT,7,0,car,0.8324607610702515,38.26411802525757,10.537072239494984,1.2835175320890198,4.160757373227618,1.9255224183887538,1.465540056319801,-2.595537962680128,-0.33745103090284356,0.0015873015873015873,0.019000000000000003,38.26411802525757,10.537072239494984,1.2835175320890198,4.160757373227618,1.9255224183887538,1.465540056319801,-2.595537962680128,0.0015873015873015873,0.019000000000000003,-0.33745103090284356
scene-1100,CAM_FRONT,7,1,car,0.859649121761322,46.94013589072062,26.644252177364802,1.3080886759331802,4.017284322073891,2.423266455172647,1.7583372364881427,-2.6905156079993477,-0.10870173302785402,0.006655092592592593,0.11500000000000003,46.94013589072062,26.644252177364802,1.3080886759331802,4.017284322073891,2.423266455172647,1.7583372364881427,-2.6905156079993477,0.006655092592592593,0.11500000000000003,-0.10870173302785402
scene-1100,CAM_FRONT,7,2,car,0.7928802371025085,41.11254840405959,13.903517268800254,1.370047055170018,1.7401908914298077,1.708765474239506,0.6036828157492835,1.8370901705566656,-0.8338962124046292,0.0,0.0,41.11254840405959,13.903517268800254,1.370047055170018,1.7401908914298077,1.708765474239506,0.6036828157492835,1.8370901705566656,0.0,0.0,-0.8338962124046292
scene-1100,CAM_FRONT,7,3,car,0.7064220309257507,60.32336943069662,28.984277421066025,1.8424043692443894,1.6269727846188502,1.4146039409326647,1.2468535181159706,2.2084562039057496,-0.7707793513096037,0.0,0.0,60.32336943069662,28.984277421066025,1.8424043692443894,1.6269727846188502,1.4146039409326647,1.2468535181159706,2.2084562039057496,0.0,0.0,-0.7707793513096037
scene-1100,CAM_FRONT,7,4,car,0.5276752710342407,43.218833863714316,15.261046179626211,2.090976516227275,1.1667076738085331,1.1665098016342412,0.38888580983295307,2.2456238758552547,-1.6385912923944779,0.0,0.0,43.218833863714316,15.261046179626211,2.090976516227275,1.1667076738085331,1.1665098016342412,0.38888580983295307,2.2456238758552547,0.0,0.0,-1.6385912923944779
scene-1100,CAM_FRONT,7,5,car,0.9179486632347107,13.290956145558605,0.795341698147367,0.7367429142568277,4.3731341662741965,2.0586433685787924,1.5790891274722403,-2.6423181698287745,-8.051523742813593e-05,0.08745941558441558,1.2930000000000004,13.290956145558605,0.795341698147367,0.7367429142568277,4.3731341662741965,2.0586433685787924,1.5790891274722403,-2.6423181698287745,0.08745941558441558,1.2930000000000004,-8.051523742813593e-05
scene-1100,CAM_FRONT,7,0,bus,0.8987342119216919,63.086237059675476,34.24510238350283,2.561106064542492,8.436812786477688,3.2502567763476726,4.444742496881366,-2.9240617529946724,0.12999640843508686,0.0,0.0,63.086237059675476,34.24510238350283,2.561106064542492,8.436812786477688,3.2502567763476726,4.444742496881366,-2.9240617529946724,0.0,0.0,0.12999640843508686
scene-1100,CAM_FRONT_LEFT,7,0,car,0.6995305418968201,60.4676264092077,28.818235990538046,1.6496405622436252,1.7216441698645397,1.6266760940648055,0.5066241096989401,2.8418939410776956,-0.9962057158654534,0.0,0.0,60.4676264092077,28.818235990538046,1.6496405622436252,1.7216441698645397,1.6266760940648055,0.5066241096989401,2.8418939410776956,0.0,0.0,-0.9962057158654534
scene-1100,CAM_FRONT_LEFT,7,1,car,0.8947368264198303,18.010016431355982,12.106277845589833,0.962879960600429,3.6071064244397206,2.258727752619002,1.8080558619686293,-2.7747787070195975,-0.030607385212656713,0.026838432635534086,0.40000000000000013,18.010016431355982,12.106277845589833,0.962879960600429,3.6071064244397206,2.258727752619002,1.8080558619686293,-2.7747787070195975,0.026838432635534086,0.40000000000000013,-0.030607385212656713
scene-1100,CAM_FRONT_LEFT,7,2,car,0.7344398498535156,58.140156811565966,32.53082771744703,1.3460023310207017,4.461082164171195,2.4350176427200303,1.6896119724925511,-2.9602838463462855,-0.03289650885409223,0.0,0.0,58.140156811565966,32.53082771744703,1.3460023310207017,4.461082164171195,2.4350176427200303,1.6896119724925511,-2.9602838463462855,0.0,0.0,-0.03289650885409223
scene-1100,CAM_FRONT_LEFT,7,0,bus,0.8632478713989258,63.15624483575345,34.673376413893195,2.3357509683114137,8.522416769593647,3.016389592285911,4.413457763452498,-2.9586277246992028,0.3814697614067786,0.0,0.0,63.15624483575345,34.673376413893195,2.3357509683114137,8.522416769593647,3.016389592285911,4.413457763452498,-2.9586277246992028,0.0,0.0,0.3814697614067786
scene-1100,CAM_FRONT_RIGHT,7,0,car,0.8904109597206116,16.85583177600057,-23.189543149108772,0.7792832436624317,3.9522604794473715,2.383721146011931,1.7616156832278858,1.7686318051245216,-0.12466693764056802,0.016493055555555556,0.2850000000000001,16.85583177600057,-23.189543149108772,0.7792832436624317,3.9522604794473715,2.383721146011931,1.7616156832278858,1.7686318051245216,0.016493055555555556,0.2850000000000001,-0.12466693764056802
scene-1100,CAM_FRONT_RIGHT,7,1,car,0.8827838897705078,0.47485784162216016,-8.232921907896332,0.17960117867698566,3.994599290032398,2.2626266082885778,1.867143056590619,-2.6322679000514437,0.49884977419031484,0.10926773455377574,1.9100000000000004,0.47485784162216016,-8.232921907896332,0.17960117867698566,3.994599290032398,2.2626266082885778,1.867143056590619,-2.6322679000514437,0.10926773455377574,1.9100000000000004,0.49884977419031484
scene-1100,CAM_FRONT_RIGHT,7,2,car,0.5151515007019043,7.948613837104179,-29.274926867275532,0.2575888513257135,3.087174437742471,1.9133854534094574,1.5001709678548274,-2.555694322267848,0.20146372225471532,0.009960384833050367,0.08800000000000002,7.948613837104179,-29.274926867275532,0.2575888513257135,3.087174437742471,1.9133854534094574,1.5001709678548274,-2.555694322267848,0.009960384833050367,0.08800000000000002,0.20146372225471532
scene-1100,CAM_FRONT_RIGHT,7,3,car,0.7142857313156128,2.939189732266846,-7.1737902521715755,1.036812019128,1.3366349256756234,0.8045568469759372,0.5907228298990448,1.9132568222736215,-0.9426453673620713,0.5064102564102564,0.31600000000000006,2.939189732266846,-7.1737902521715755,1.036812019128,1.3366349256756234,0.8045568469759372,0.5907228298990448,1.9132568222736215,0.5064102564102564,0.31600000000000006,-0.9426453673620713
scene-1100,CAM_FRONT_RIGHT,7,0,bus,0.9101123809814453,9.232446493369578,-21.992809670809564,1.7605640215130398,5.022242054442,3.2260533830956435,5.239297430620409,1.9950016655174954,0.5192488414125975,0.014110576923076924,1.1740000000000004,9.232446493369578,-21.992809670809564,1.7605640215130398,5.022242054442,3.2260533830956435,5.239297430620409,1.9950016655174954,0.014110576923076924,1.1740000000000004,0.5192488414125975
scene-1100,CAM_BACK,7,0,car,0.6908212304115295,-9.752656714668953,-7.774094059909699,0.5954145329681279,4.972146325306859,2.267273210398277,1.6959052908369665,-3.014884688301905,-0.10470378632474531,0.06260869565217392,1.2240000000000004,-9.752656714668953,-7.774094059909699,0.5954145329681279,4.972146325306859,2.267273210398277,1.6959052908369665,-3.014884688301905,0.06260869565217392,1.2240000000000004,-0.10470378632474531
scene-1100,CAM_BACK,7,1,car,0.6717948913574219,-3.835071219577298,-1.8128388121877643,1.4044426936206715,0.3425997198246753,0.25368700015712153,0.23806651409500446,-2.862989685944434,-1.3234420800701594,0.05555555555555555,0.0010000000000000002,-3.835071219577298,-1.8128388121877643,1.4044426936206715,0.3425997198246753,0.25368700015712153,0.23806651409500446,-2.862989685944434,0.05555555555555555,0.0010000000000000002,-1.3234420800701594
scene-1100,CAM_BACK,7,2,car,0.9179486632347107,-5.103325850993106,-1.153113096399224,0.6076447933843176,3.8147529911683473,2.0684143272076403,2.3354931202858578,-2.9350778090120175,0.506696951263597,0.10738803530565544,1.9710000000000003,-5.103325850993106,-1.153113096399224,0.6076447933843176,3.8147529911683473,2.0684143272076403,2.3354931202858578,-2.9350778090120175,0.10738803530565544,1.9710000000000003,0.506696951263597
scene-1100,CAM_BACK_RIGHT,7,0,car,0.827957034111023,-8.677162065318734,-7.435856528296676,0.2379209705689328,3.5970919408363518,2.0543626337813388,1.7934989017109555,-2.4672956440806293,0.33856437925810257,0.042401528512639626,0.5770000000000002,-8.677162065318734,-7.435856528296676,0.2379209705689328,3.5970919408363518,2.0543626337813388,1.7934989017109555,-2.4672956440806293,0.042401528512639626,0.5770000000000002,0.33856437925810257
scene-1100,CAM_BACK_RIGHT,7,1,car,0.9452055096626282,0.6643746777956564,-8.102723651289159,0.635019041343205,4.519782236602382,2.1720061855222097,1.6327689636382179,-2.883326963771209,-0.06500155211690761,0.21502525252525254,3.406000000000001,0.6643746777956564,-8.102723651289159,0.635019041343205,4.519782236602382,2.1720061855222097,1.6327689636382179,-2.883326963771209,0.21502525252525254,3.406000000000001,-0.06500155211690761
scene-1100,CAM_FRONT,8,0,car,0.9375000596046448,8.64444631768961,-1.268283288449657,0.7319446601016326,4.062117949790618,2.002810183300351,1.4870173120166283,-2.5394336870466097,-0.027013173273234825,0.18609756097560975,2.2890000000000006,8.64444631768961,-1.268283288449657,0.7319446601016326,4.062117949790618,2.002810183300351,1.4870173120166283,-2.5394336870466097,0.18609756097560975,2.2890000000000006,-0.027013173273234825
scene-1100,CAM_FRONT,8,1,car,0.7770034670829773,23.506409984102547,14.107002268650925,1.0649021210470486,2.1337266755481714,1.309894247597997,0.9490834443429822,0.9722649254441849,-0.47392156301625876,0.026048026048026047,0.06400000000000002,23.506409984102547,14.107002268650925,1.0649021210470486,2.1337266755481714,1.309894247597997,0.9490834443429822,0.9722649254441849,0.026048026048026047,0.06400000000000002,-0.47392156301625876
scene-1100,CAM_FRONT,8,2,car,0.8048780560493469,48.82278676837703,27.93763092120866,1.6046828264137418,4.267720402965594,2.5056869417716516,1.275801479666632,-2.397212472456087,-0.49297397682014144,0.0017173524150268335,0.024000000000000004,48.82278676837703,27.93763092120866,1.6046828264137418,4.267720402965594,2.5056869417716516,1.275801479666632,-2.397212472456087,0.0017173524150268335,0.024000000000000004,-0.49297397682014144
scene-1100,CAM_FRONT,8,3,car,0.8048780560493469,45.72066397674302,15.042744774815771,1.128743249826523,2.7716339125825797,1.9900577034256255,0.9313421868876667,-3.0652093655436854,-0.35356079287637265,0.0125,0.06300000000000001,45.72066397674302,15.042744774815771,1.128743249826523,2.7716339125825797,1.9900577034256255,0.9313421868876667,-3.0652093655436854,0.0125,0.06300000000000001,-0.35356079287637265
scene-1100,CAM_FRONT,8,4,car,0.7037037014961243,63.97661158432079,30.610592150728156,1.695051687690335,1.6968014538315686,1.7064746408017228,0.7571256692453212,2.549284587879057,-0.7151392012541673,0.0,0.0,63.97661158432079,30.610592150728156,1.695051687690335,1.6968014538315686,1.7064746408017228,0.7571256692453212,2.549284587879057,0.0,0.0,-0.7151392012541673
scene-1100,CAM_FRONT,8,5,car,0.8160918951034546,63.04933658869276,16.23230892863059,0.5683626266162682,6.3376898035368185,3.788060436840084,2.937966271033998,-2.593974462531999,1.3837178833399704,0.0,0.0,63.04933658869276,16.23230892863059,0.5683626266162682,6.3376898035368185,3.788060436840084,2.937966271033998,-2.593974462531999,0.0,0.0,1.3837178833399704
scene-1100,CAM_FRONT,8,0,bus,0.9024390578269958,63.14047500751821,34.48989754764218,2.4226083551538182,8.382831425267327,2.9527307888447307,4.341342669517943,-2.797807753533455,0.3961416000389608,0.0,0.0,63.14047500751821,34.48989754764218,2.4226083551538182,8.382831425267327,2.9527307888447307,4.341342669517943,-2.797807753533455,0.0,0.0,0.3961416000389608
scene-1100,CAM_FRONT_LEFT,8,0,car,0.8750000596046448,23.063423641994707,14.528637621822952,1.1019516845616164,3.6548106224116736,2.3477928845337566,1.758270806915762,-2.752215780989756,-0.18058332064116522,0.012991252121686904,0.19900000000000004,23.063423641994707,14.528637621822952,1.1019516845616164,3.6548106224116736,2.3477928845337566,1.758270806915762,-2.752215780989756,0.012991252121686904,0.19900000000000004,-0.18058332064116522
scene-1100,CAM_FRONT_LEFT,8,1,car,0.6604774594306946,60.41540882080903,29.12924980648914,1.903814021735815,1.7708285200665657,1.763077751946426,0.5052642119212176,0.8241659379739296,-1.4415109846743608,0.0,0.0,60.41540882080903,29.12924980648914,1.903814021735815,1.7708285200665657,1.763077751946426,0.5052642119212176,0.8241659379739296,0.0,0.0,-1.4415109846743608
scene-1100,CAM_FRONT_LEFT,8,2,car,0.7387754917144775,48.24536212012982,26.201613085945723,1.7627580425126341,4.627770759375011,2.825516619888036,1.3012835226115689,-2.694062368177447,-0.8953696827247177,0.0031653129479216435,0.05300000000000001,48.24536212012982,26.201613085945723,1.7627580425126341,4.627770759375011,2.825516619888036,1.3012835226115689,-2.694062368177447,0.0031653129479216435,0.05300000000000001,-0.8953696827247177
scene-1100,CAM_FRONT_LEFT,8,0,bus,0.8518518805503845,64.20849411280058,34.3890225088138,1.8646826721902925,9.04625826137088,3.051672725629288,4.44455945378149,-2.9453574915285157,0.6406689004703345,0.0,0.0,64.20849411280058,34.3890225088138,1.8646826721902925,9.04625826137088,3.051672725629288,4.44455945378149,-2.9453574915285157,0.0,0.0,0.6406689004703345
scene-1100,CAM_FRONT_RIGHT,8,0,car,0.8439024686813354,6.1092490859933735,-22.222966640483218,-0.1569475449849686,4.111801382279356,2.451242057026349,1.863204072406051,1.8833348393655311,0.5472504764974424,0.027265725288831835,0.5310000000000001,6.1092490859933735,-22.222966640483218,-0.1569475449849686,4.111801382279356,2.451242057026349,1.863204072406051,1.8833348393655311,0.027265725288831835,0.5310000000000001,0.5472504764974424
scene-1100,CAM_FRONT_RIGHT,8,1,car,0.8827838897705078,17.500845509549922,-25.666609045440534,0.7616302494035417,3.6837144929429577,2.3418776925122966,1.6380515228731813,1.7467868441187917,-0.14456500692313545,0.007197414806110458,0.09800000000000002,17.500845509549922,-25.666609045440534,0.7616302494035417,3.6837144929429577,2.3418776925122966,1.6380515228731813,1.7467868441187917,0.007197414806110458,0.09800000000000002,-0.14456500692313545
scene-1100,CAM_FRONT_RIGHT,8,2,car,0.5508772134780884,8.607747382349508,-28.25117616631153,0.2567809791152602,1.5776279415892231,0.5665731499851852,1.6517598290839932,-3.112316048672279,0.09538684874918513,0.006127450980392157,0.010000000000000002,8.607747382349508,-28.25117616631153,0.2567809791152602,1.5776279415892231,0.5665731499851852,1.6517598290839932,-3.112316048672279,0.006127450980392157,0.010000000000000002,0.09538684874918513
scene-1100,CAM_FRONT_RIGHT,8,0,bus,0.9024390578269958,9.040087158658805,-21.711100119673368,1.7627282548917858,5.032620499842277,2.8989120482261805,5.193968311825783,2.0279703275033034,0.29636332098875706,0.02103448275862069,1.5860000000000005,9.040087158658805,-21.711100119673368,1.7627282548917858,5.032620499842277,2.8989120482261805,5.193968311825783,2.0279703275033034,0.02103448275862069,1.5860000000000005,0.29636332098875706
scene-1100,CAM_BACK,8,0,car,0.8083832263946533,-13.486858032537286,-8.58271664400796,0.7563078453003355,3.698217730016749,2.225823513013422,1.778407230212285,-2.8801424521490024,-0.2227461912919102,0.028938028938028937,0.42400000000000004,-13.486858032537286,-8.58271664400796,0.7563078453003355,3.698217730016749,2.225823513013422,1.778407230212285,-2.8801424521490024,0.028938028938028937,0.42400000000000004,-0.2227461912919102
scene-1100,CAM_BACK,8,1,car,0.8827838897705078,-5.28470979867428,-1.141050657844107,0.7228333871426146,3.6795753352117617,2.1641699475744023,2.2251019875474842,-2.9607538377216747,0.33198195489963644,0.099731963368327,1.7860000000000005,-5.28470979867428,-1.141050657844107,0.7228333871426146,3.6795753352117617,2.1641699475744023,2.2251019875474842,-2.9607538377216747,0.099731963368327,1.7860000000000005,0.33198195489963644
scene-1100,CAM_BACK_RIGHT,8,0,car,0.5631399154663086,5.33785359715296,-21.79160873314317,0.21755158055148138,1.6251920919644292,0.7037921235951075,1.3017100715327743,0.9242065079263064,-0.09547342886407373,0.02815934065934066,0.041000000000000016,5.33785359715296,-21.79160873314317,0.21755158055148138,1.6251920919644292,0.7037921235951075,1.3017100715327743,0.9242065079263064,0.02815934065934066,0.041000000000000016,-0.09547342886407373
scene-1100,CAM_BACK_RIGHT,8,1,car,0.949367105960846,-2.7062477942208445,-9.241807646250527,0.5147274267186999,4.477898028576879,2.4516952223262045,1.5972806228957879,-2.8927519957296446,-0.05637089656086025,0.16011111111111112,2.8820000000000006,-2.7062477942208445,-9.241807646250527,0.5147274267186999,4.477898028576879,2.4516952223262045,1.5972806228957879,-2.8927519957296446,0.16011111111111112,2.8820000000000006,-0.05637089656086025
scene-1100,CAM_FRONT,9,0,car,0.827957034111023,50.88184739796782,16.518295436092583,1.2608320596853697,3.0369220520233213,2.1571792544516217,1.0714979244757132,-2.706756902604335,-0.4887955781117663,0.0008264462809917355,0.006000000000000001,50.88184739796782,16.518295436092583,1.2608320596853697,3.0369220520233213,2.1571792544516217,1.0714979244757132,-2.706756902604335,0.0008264462809917355,0.006000000000000001,-0.4887955781117663
scene-1100,CAM_FRONT,9,1,car,0.6604774594306946,67.70634510429022,32.91283321955469,1.6183883005071522,1.9866418479304784,1.7553213699361976,1.5383295132635708,1.5547964523227302,-0.4072312014032904,0.0,0.0,67.70634510429022,32.91283321955469,1.6183883005071522,1.9866418479304784,1.7553213699361976,1.5383295132635708,1.5547964523227302,0.0,0.0,-0.4072312014032904
scene-1100,CAM_FRONT,9,2,car,0.719298243522644,5.54504226261341,-2.7155646778052835,0.4870662616869945,2.038518757875722,1.2968043452914402,1.1054891146979164,2.250272608581991,-0.016571278701267955,0.031118881118881118,0.08900000000000002,5.54504226261341,-2.7155646778052835,0.4870662616869945,2.038518757875722,1.2968043452914402,1.1054891146979164,2.250272608581991,0.031118881118881118,0.08900000000000002,-0.016571278701267955
scene-1100,CAM_FRONT,9,3,car,0.7500000596046448,29.719224078046985,17.834028436794288,0.9917944332610114,1.4393916592849259,0.8672940551831605,1.3959652076119875,0.9907239819154235,-0.1896902487350698,0.01473922902494331,0.026000000000000006,29.719224078046985,17.834028436794288,0.9917944332610114,1.4393916592849259,0.8672940551831605,1.3959652076119875,0.9907239819154235,0.01473922902494331,0.026000000000000006,-0.1896902487350698
scene-1100,CAM_FRONT,9,4,car,0.8202247023582458,47.543157958425745,27.03639558050785,1.1993232946714336,4.568701094054489,2.0786707181262725,1.6053713294804741,-2.6129019068830956,-0.11105204767487942,0.004723084886128364,0.07300000000000001,47.543157958425745,27.03639558050785,1.1993232946714336,4.568701094054489,2.0786707181262725,1.6053713294804741,-2.6129019068830956,0.004723084886128364,0.07300000000000001,-0.11105204767487942
scene-1100,CAM_FRONT,9,5,car,0.827957034111023,30.928601855806246,6.7372582992883165,0.9394734249641359,3.3492735145236416,1.9479393744427966,1.6664970192996038,-2.540247727191773,-0.08092764608921343,0.015479876160990712,0.16500000000000004,30.928601855806246,6.7372582992883165,0.9394734249641359,3.3492735145236416,1.9479393744427966,1.6664970192996038,-2.540247727191773,0.015479876160990712,0.16500000000000004,-0.08092764608921343
scene-1100,CAM_FRONT,9,0,bus,0.8787879347801208,63.49566519502757,34.47566477349186,2.3664372604114448,8.528057280376743,2.994631202031627,4.618769224690151,-2.910569247220997,0.3734888672839727,0.0,0.0,63.49566519502757,34.47566477349186,2.3664372604114448,8.528057280376743,2.994631202031627,4.618769224690151,-2.910569247220997,0.0,0.0,0.3734888672839727
scene-1100,CAM_FRONT_LEFT,9,0,car,0.7344398498535156,66.09964673695191,31.918525447902194,1.8282452655155876,2.093644799717268,2.0313768624848056,0.7875026109240617,-2.683167620805803,-0.9712085138865647,0.0,0.0,66.09964673695191,31.918525447902194,1.8282452655155876,2.093644799717268,2.0313768624848056,0.7875026109240617,-2.683167620805803,0.0,0.0,-0.9712085138865647
scene-1100,CAM_FRONT_LEFT,9,1,car,0.8552036285400391,29.3556297447161,18.868878963306457,1.3283046492362514,1.7696704917662487,1.7268304103062975,1.653412818293829,-2.6615558563825337,-0.3435264837264218,0.0,0.0,29.3556297447161,18.868878963306457,1.3283046492362514,1.7696704917662487,1.7268304103062975,1.653412818293829,-2.6615558563825337,0.0,0.0,-0.3435264837264218
scene-1100,CAM_FRONT_LEFT,9,2,car,0.8324607610702515,48.050358867410104,27.666716823337804,1.1132656214691956,4.8722206564606765,2.325512666549268,1.7037759310774239,-2.7516747405173567,0.06239382081512179,0.002087791638394488,0.040000000000000015,48.050358867410104,27.666716823337804,1.1132656214691956,4.8722206564606765,2.325512666549268,1.7037759310774239,-2.7516747405173567,0.002087791638394488,0.040000000000000015,0.06239382081512179
scene-1100,CAM_FRONT_LEFT,9,0,bus,0.8787879347801208,64.03019843325094,34.31248709395446,1.645477858512189,9.158679877243301,3.0739001557532184,4.892445004930389,-2.9122564957157677,1.2671951563622157,0.0,0.0,64.03019843325094,34.31248709395446,1.645477858512189,9.158679877243301,3.0739001557532184,4.892445004930389,-2.9122564957157677,0.0,0.0,1.2671951563622157
scene-1100,CAM_FRONT_RIGHT,9,0,car,0.8048780560493469,6.207855198798782,-21.926517459505884,-0.038723745958376576,4.303484434888524,2.736727927335614,2.097231105046987,2.028154006870118,0.5133047268342259,0.035724539600508594,0.8710000000000003,6.207855198798782,-21.926517459505884,-0.038723745958376576,4.303484434888524,2.736727927335614,2.097231105046987,2.028154006870118,0.035724539600508594,0.8710000000000003,0.5133047268342259
scene-1100,CAM_FRONT_RIGHT,9,1,car,0.8128654956817627,3.681789632590013,-3.27170128895367,0.5965336740872799,5.620885468300378,2.5594657092234145,1.795605879268052,-2.6293812911275456,0.26764375223154535,0.4213217338217338,11.042000000000002,3.681789632590013,-3.27170128895367,0.5965336740872799,5.620885468300378,2.5594657092234145,1.795605879268052,-2.6293812911275456,0.4213217338217338,11.042000000000002,0.26764375223154535
scene-1100,CAM_FRONT_RIGHT,9,2,car,0.8632478713989258,18.628316509839223,-28.682506610759308,0.7396902292551515,3.8327923775849264,2.454579283288334,1.7620214365600408,1.753301308653416,-0.15219906749750045,0.004502923976608187,0.07700000000000003,18.628316509839223,-28.682506610759308,0.7396902292551515,3.8327923775849264,2.454579283288334,1.7620214365600408,1.753301308653416,0.004502923976608187,0.07700000000000003,-0.15219906749750045
scene-1100,CAM_FRONT_RIGHT,9,0,bus,0.9024390578269958,9.025199699290463,-21.843785464589626,1.5031944419278083,5.178692269844298,3.202864270911367,5.011069329712872,1.962345979922484,0.4576893106437767,0.019375,1.6120000000000003,9.025199699290463,-21.843785464589626,1.5031944419278083,5.178692269844298,3.202864270911367,5.011069329712872,1.962345979922484,0.019375,1.6120000000000003,0.4576893106437767
scene-1100,CAM_BACK,9,0,car,0.6683937907218933,-16.678801881874215,-9.497900620236708,0.6314508318459655,2.9432225436801325,1.787960037279908,1.3362448874820712,-2.5122676887124546,-0.4095405010085249,0.03698791629826113,0.25100000000000006,-16.678801881874215,-9.497900620236708,0.6314508318459655,2.9432225436801325,1.787960037279908,1.3362448874820712,-2.5122676887124546,0.03698791629826113,0.25100000000000006,-0.4095405010085249
scene-1100,CAM_BACK,9,1,car,0.8750000596046448,-5.341531746557307,-1.1355475785261593,0.7231772064098413,3.7642493909781147,2.095031359950902,2.2265002429426444,-2.957296091400936,0.33403574238634814,0.09352927773980406,1.6420000000000006,-5.341531746557307,-1.1355475785261593,0.7231772064098413,3.7642493909781147,2.095031359950902,2.2265002429426444,-2.957296091400936,0.09352927773980406,1.6420000000000006,0.33403574238634814
scene-1100,CAM_BACK_RIGHT,9,0,car,0.941605806350708,-6.230248825685338,-10.451786503629128,0.4784736168898307,4.366407251024715,2.223659814988604,1.5170654736427998,-2.8748404610672202,-0.08866597128737919,0.10323691460055097,1.4990000000000003,-6.230248825685338,-10.451786503629128,0.4784736168898307,4.366407251024715,2.223659814988604,1.5170654736427998,-2.8748404610672202,0.10323691460055097,1.4990000000000003,-0.08866597128737919
scene-1100,CAM_BACK_RIGHT,9,1,car,0.5151515007019043,5.132628529824685,-21.70382477793815,0.1614083730047705,1.1631458100609011,0.5619296254594133,1.4963939553615548,-2.523327082538945,0.06482095521616804,0.05555555555555555,0.06000000000000001,5.132628529824685,-21.70382477793815,0.1614083730047705,1.1631458100609011,0.5619296254594133,1.4963939553615548,-2.523327082538945,0.05555555555555555,0.06000000000000001,0.06482095521616804
scene-1100,CAM_FRONT,10,0,car,0.8400000333786011,47.09660840291845,14.687700687495354,0.9700858117623051,2.388280461582845,1.8845874296470022,1.2489147854214748,-3.0598538411270915,-0.16714317453900973,0.001644736842105263,0.009000000000000001,47.09660840291845,14.687700687495354,0.9700858117623051,2.388280461582845,1.8845874296470022,1.2489147854214748,-3.0598538411270915,0.001644736842105263,0.009000000000000001,-0.16714317453900973
scene-1100,CAM_FRONT,10,1,car,0.8552036285400391,47.571195980111206,27.583542186500388,1.2296265746297843,4.8310440219442725,2.224146422680006,1.699403894875598,-2.667906939393837,-0.07586822117086711,0.002896613190730838,0.05200000000000002,47.571195980111206,27.583542186500388,1.2296265746297843,4.8310440219442725,2.224146422680006,1.699403894875598,-2.667906939393837,0.002896613190730838,0.05200000000000002,-0.07586822117086711
scene-1100,CAM_FRONT,10,2,car,0.6289855241775513,67.77761750792891,33.085266269034236,1.96569006825488,2.1284109959820103,2.103984840999047,1.2612101148691643,2.196674516255644,-0.9013771775301977,0.0,0.0,67.77761750792891,33.085266269034236,1.96569006825488,2.1284109959820103,2.103984840999047,1.2612101148691643,2.196674516255644,0.0,0.0,-0.9013771775301977
scene-1100,CAM_FRONT,10,3,car,0.8787879347801208,28.253732071799543,5.227627137380737,0.8532818295158217,4.576902816042203,2.076072807807458,1.5923373726995795,-2.6262705520100593,-0.02966291691872125,0.019798136645962732,0.30600000000000005,28.253732071799543,5.227627137380737,0.8532818295158217,4.576902816042203,2.076072807807458,1.5923373726995795,-2.6262705520100593,0.019798136645962732,0.30600000000000005,-0.02966291691872125
scene-1100,CAM_FRONT,10,0,bus,0.9024390578269958,63.077410663015534,35.19002276650104,2.3894031105049853,8.20438310266394,2.7031084463382875,4.389495933154391,-2.876599300058575,0.2467256548888912,0.0,0.0,63.077410663015534,35.19002276650104,2.3894031105049853,8.20438310266394,2.7031084463382875,4.389495933154391,-2.876599300058575,0.0,0.0,0.2467256548888912
scene-1100,CAM_FRONT_LEFT,10,0,car,0.518796980381012,42.6458901375522,26.207309377813388,1.4993682633368317,0.5718784973769715,0.5868344881698206,0.8001412379753643,1.3537324086556772,-0.7000030891619242,0.0,0.0,42.6458901375522,26.207309377813388,1.4993682633368317,0.5718784973769715,0.5868344881698206,0.8001412379753643,1.3537324086556772,0.0,0.0,-0.7000030891619242
scene-1100,CAM_FRONT_LEFT,10,1,car,0.7299578189849854,64.96040316604842,31.476949038586522,1.7343593431555373,2.0157493117566503,1.5720557959920036,0.8286066737278388,-2.3572685749441087,-0.7528436630756756,0.0,0.0,64.96040316604842,31.476949038586522,1.7343593431555373,2.0157493117566503,1.5720557959920036,0.8286066737278388,-2.3572685749441087,0.0,0.0,-0.7528436630756756
scene-1100,CAM_FRONT_LEFT,10,2,car,0.8400000333786011,44.68628633542789,25.880972934703895,1.4827442415208525,4.066541356365995,1.8685778544486773,1.4164676819488706,-2.6438653009580313,-0.36476688290916437,0.013662204291215844,0.14900000000000002,44.68628633542789,25.880972934703895,1.4827442415208525,4.066541356365995,1.8685778544486773,1.4164676819488706,-2.6438653009580313,0.013662204291215844,0.14900000000000002,-0.36476688290916437
scene-1100,CAM_FRONT_LEFT,10,3,car,0.859649121761322,32.945899444006386,21.43256244787143,1.0905498199375883,3.4777465452566076,2.202569902495938,1.6501323951452578,-2.780538381473257,0.008106554932632792,0.011153552330022918,0.14600000000000002,32.945899444006386,21.43256244787143,1.0905498199375883,3.4777465452566076,2.202569902495938,1.6501323951452578,-2.780538381473257,0.011153552330022918,0.14600000000000002,0.008106554932632792
scene-1100,CAM_FRONT_LEFT,10,0,bus,0.8865247964859009,63.93304955060368,34.81670091389031,1.7761719890127363,8.996774565733773,3.1264467650078096,4.5490655809843155,-2.9454682977881808,1.1088701970787866,0.0,0.0,63.93304955060368,34.81670091389031,1.7761719890127363,8.996774565733773,3.1264467650078096,4.5490655809843155,-2.9454682977881808,0.0,0.0,1.1088701970787866
scene-1100,CAM_FRONT_RIGHT,10,0,car,0.8439024686813354,6.3516214416037355,-22.423281560113907,0.2046106841637616,4.48047847324364,2.7727171188107116,1.9586506921414109,1.9709335428374453,0.23147584326146653,0.04523809523809524,1.1400000000000003,6.3516214416037355,-22.423281560113907,0.2046106841637616,4.48047847324364,2.7727171188107116,1.9586506921414109,1.9709335428374453,0.04523809523809524,1.1400000000000003,0.23147584326146653
scene-1100,CAM_FRONT_RIGHT,10,1,car,0.8827838897705078,19.887637079251736,-31.387142525154086,0.7537766327816124,4.328193952441019,1.9875749026844378,1.5803005977544307,1.971170524693746,-0.025820353460442647,0.0005087209302325581,0.007000000000000002,19.887637079251736,-31.387142525154086,0.7537766327816124,4.328193952441019,1.9875749026844378,1.5803005977544307,1.971170524693746,0.0005087209302325581,0.007000000000000002,-0.025820353460442647
scene-1100,CAM_FRONT_RIGHT,10,2,car,0.6167664527893066,8.750063897242507,-28.301226612572396,0.2422149828969417,1.6376723341761128,1.0823872039806552,1.4972438510574175,-2.74807100361336,0.021931777026221955,0.003409090909090909,0.009000000000000001,8.750063897242507,-28.301226612572396,0.2422149828969417,1.6376723341761128,1.0823872039806552,1.4972438510574175,-2.74807100361336,0.003409090909090909,0.009000000000000001,0.021931777026221955
scene-1100,CAM_FRONT_RIGHT,10,0,bus,0.9259259104728699,9.289961526941312,-21.962428304145014,1.6736915199398021,5.077778717752114,3.0180495236640623,5.229566561937913,2.0054328840329925,0.46042256060877484,0.014592760180995475,1.1610000000000003,9.289961526941312,-21.962428304145014,1.6736915199398021,5.077778717752114,3.0180495236640623,5.229566561937913,2.0054328840329925,0.014592760180995475,1.1610000000000003,0.46042256060877484
scene-1100,CAM_BACK,10,0,car,0.5661016702651978,-11.472772893558332,-11.2987715850176,0.32551593779088756,0.9044576830634652,0.3461618857100621,0.9789739445621345,1.804414018607564,-0.22799015263407263,0.1,0.02700000000000001,-11.472772893558332,-11.2987715850176,0.32551593779088756,0.9044576830634652,0.3461618857100621,0.9789739445621345,1.804414018607564,0.1,0.02700000000000001,-0.22799015263407263
scene-1100,CAM_BACK,10,1,car,0.8947368264198303,-5.091538551704066,-1.1612082371422836,0.67747323316264,3.719053660914825,1.9589848945375439,2.1534426000651132,-2.9332204782982725,0.308076176372709,0.10681818181818181,1.7390000000000003,-5.091538551704066,-1.1612082371422836,0.67747323316264,3.719053660914825,1.9589848945375439,2.1534426000651132,-2.9332204782982725,0.10681818181818181,1.7390000000000003,0.308076176372709
scene-1100,CAM_BACK,10,2,car,0.6012461185455322,-22.357714262780938,-12.171434049398453,0.7223106584782629,1.375434375797571,1.2244181244879968,1.434012204482846,2.786900574501849,-0.4103495589357382,0.00042517006802721087,0.0010000000000000002,-22.357714262780938,-12.171434049398453,0.7223106584782629,1.375434375797571,1.2244181244879968,1.434012204482846,2.786900574501849,0.00042517006802721087,0.0010000000000000002,-0.4103495589357382
scene-1100,CAM_BACK_RIGHT,10,0,car,0.9452055096626282,-9.71188456202173,-11.59924246191277,0.340202582359028,4.493505032861446,2.3054122428452795,1.6675282366325193,-2.896565400252214,0.07570952165402423,0.06854219948849105,1.2060000000000002,-9.71188456202173,-11.59924246191277,0.340202582359028,4.493505032861446,2.3054122428452795,1.6675282366325193,-2.896565400252214,0.06854219948849105,1.2060000000000002,0.07570952165402423
scene-1100,CAM_BACK_RIGHT,10,1,car,0.8083832263946533,5.203373336364431,-21.693591108504915,0.11514245475133511,1.0409260036271366,0.44471016107126005,1.3938960846343833,-2.38470624453743,0.088047505176025,0.07321428571428572,0.041000000000000016,5.203373336364431,-21.693591108504915,0.11514245475133511,1.0409260036271366,0.44471016107126005,1.3938960846343833,-2.38470624453743,0.07321428571428572,0.041000000000000016,0.088047505176025
scene-1100,CAM_BACK_RIGHT,10,2,car,0.921951174736023,-0.38782538987668896,-4.952686280127555,0.7150886067664257,4.167128999167107,2.0281379667628103,1.4976577963497912,-2.921822562381071,-0.0786450411759112,0.30547619047619046,3.8490000000000006,-0.38782538987668896,-4.952686280127555,0.7150886067664257,4.167128999167107,2.0281379667628103,1.4976577963497912,-2.921822562381071,0.30547619047619046,3.8490000000000006,-0.0786450411759112
scene-1100,CAM_FRONT,11,0,car,0.8552036285400391,40.97198612319761,12.52825283597958,1.3131970732417344,3.2416060559420714,1.9514475825056987,1.423460805635854,-2.641531181439215,-0.34593568721419743,0.00078125,0.007000000000000003,40.97198612319761,12.52825283597958,1.3131970732417344,3.2416060559420714,1.9514475825056987,1.423460805635854,-2.641531181439215,0.00078125,0.007000000000000003,-0.34593568721419743
scene-1100,CAM_FRONT,11,1,car,0.7770034670829773,57.271874063562635,33.60057064638919,1.5897811530775698,5.828159967628459,2.715050332783057,2.099816172702402,-2.7422238831104324,0.0927286712497053,0.0,0.0,57.271874063562635,33.60057064638919,1.5897811530775698,5.828159967628459,2.715050332783057,2.099816172702402,-2.7422238831104324,0.0,0.0,0.0927286712497053
scene-1100,CAM_FRONT,11,2,car,0.675126850605011,63.568656844256736,31.854411635882045,1.587549635849458,1.9381908944689101,1.7649995329867494,0.7793940122808374,1.041920398428618,-0.5233774366853576,0.0,0.0,63.568656844256736,31.854411635882045,1.587549635849458,1.9381908944689101,1.7649995329867494,0.7793940122808374,1.041920398428618,0.0,0.0,-0.5233774366853576
scene-1100,CAM_FRONT,11,3,car,0.9064327478408813,21.994789196901706,2.7287917339143375,0.9157736955739831,3.2920454444541,1.840713868074971,1.4409778694367137,-2.4396356192358435,-0.18325895007748527,0.05796055796055796,0.48200000000000015,21.994789196901706,2.7287917339143375,0.9157736955739831,3.2920454444541,1.840713868074971,1.4409778694367137,-2.4396356192358435,0.05796055796055796,0.48200000000000015,-0.18325895007748527
scene-1100,CAM_FRONT,11,0,bus,0.8672199249267578,63.175010451249285,35.61988734612216,2.5197685003836305,8.375960021024426,2.8063052283209835,4.306636425482015,-2.932653611581799,0.3360985738609781,0.0,0.0,63.175010451249285,35.61988734612216,2.5197685003836305,8.375960021024426,2.8063052283209835,4.306636425482015,-2.932653611581799,0.0,0.0,0.3360985738609781
scene-1100,CAM_FRONT_LEFT,11,0,car,0.5311355590820312,70.0296746236865,34.69989230163649,1.0751148527210943,0.7708484235486068,0.6881421231629403,1.074956808208868,1.3762185005909693,0.0023586852601402697,0.0,0.0,70.0296746236865,34.69989230163649,1.0751148527210943,0.7708484235486068,0.6881421231629403,1.074956808208868,1.3762185005909693,0.0,0.0,0.0023586852601402697
scene-1100,CAM_FRONT_LEFT,11,1,car,0.5038759708404541,66.35386477467588,32.04718759759682,1.4325675434358662,1.6001574324857728,0.704890076791159,1.54040833639998,1.6515805695261436,-0.1813411365044919,0.0,0.0,66.35386477467588,32.04718759759682,1.4325675434358662,1.6001574324857728,0.704890076791159,1.54040833639998,1.6515805695261436,0.0,0.0,-0.1813411365044919
scene-1100,CAM_FRONT_LEFT,11,2,car,0.8128654956817627,59.08032831987856,30.91474257684006,0.8374249394074639,8.881692433102174,4.077616245824419,3.052357579592308,-2.759638916262952,1.1090360354663575,0.0,0.0,59.08032831987856,30.91474257684006,0.8374249394074639,8.881692433102174,4.077616245824419,3.052357579592308,-2.759638916262952,0.0,0.0,1.1090360354663575
scene-1100,CAM_FRONT_LEFT,11,3,car,0.8632478713989258,40.06169081549061,26.70371584361544,1.3306331735127888,3.835046329356203,2.441814784460783,1.8196230054477287,-2.550354000649847,-0.1501622240726158,0.0,0.0,40.06169081549061,26.70371584361544,1.3306331735127888,3.835046329356203,2.441814784460783,1.8196230054477287,-2.550354000649847,0.0,0.0,-0.1501622240726158
scene-1100,CAM_FRONT_LEFT,11,0,bus,0.8827838897705078,64.30953014617363,35.000951604295395,1.3844114169250612,9.425776169754045,3.3129442002807963,4.50737957783334,-2.9417255070270087,1.376596093835328,0.0,0.0,64.30953014617363,35.000951604295395,1.3844114169250612,9.425776169754045,3.3129442002807963,4.50737957783334,-2.9417255070270087,0.0,0.0,1.376596093835328
scene-1100,CAM_FRONT_RIGHT,11,0,car,0.8439024686813354,6.273162750602186,-22.05664123886749,-0.025620711438356092,4.162969174298006,2.6537054936948836,1.845719816172329,2.0254497319558054,0.4358959332452237,0.040858318636096416,0.8340000000000003,6.273162750602186,-22.05664123886749,-0.025620711438356092,4.162969174298006,2.6537054936948836,1.845719816172329,2.0254497319558054,0.040858318636096416,0.8340000000000003,0.4358959332452237
scene-1100,CAM_FRONT_RIGHT,11,1,car,0.8865247964859009,20.874078399349354,-34.09937130864544,0.7534777525701217,4.772745101254898,2.194746212141692,1.712717011444648,1.8967561825793995,-0.033314772374798185,0.000445632798573975,0.008000000000000002,20.874078399349354,-34.09937130864544,0.7534777525701217,4.772745101254898,2.194746212141692,1.712717011444648,1.8967561825793995,0.000445632798573975,0.008000000000000002,-0.033314772374798185
scene-1100,CAM_FRONT_RIGHT,11,2,car,0.6717948913574219,8.754420847134613,-28.766812075949854,0.0317156955240927,2.375365267697177,1.906341117208137,1.4700848529172612,1.9552914986400014,0.2577624013103619,0.0021929824561403508,0.015000000000000003,8.754420847134613,-28.766812075949854,0.0317156955240927,2.375365267697177,1.906341117208137,1.4700848529172612,1.9552914986400014,0.0021929824561403508,0.015000000000000003,0.2577624013103619
scene-1100,CAM_FRONT_RIGHT,11,0,bus,0.9336099624633789,9.143306752012784,-23.65216147353565,1.8328532277018432,10.188706557278426,3.4780426200828347,6.501360881903359,1.990047163244023,0.9700309280974011,0.018539107950872658,4.302000000000001,9.143306752012784,-23.65216147353565,1.8328532277018432,10.188706557278426,3.4780426200828347,6.501360881903359,1.990047163244023,0.018539107950872658,4.302000000000001,0.9700309280974011
scene-1100,CAM_BACK,11,0,car,0.9064327478408813,-5.249424031387636,-1.2293020388786724,0.7709688489970437,3.777641283176552,2.0342201890395417,2.1654214896049653,-2.9250514764270465,0.20857747627361678,0.11955741626794258,1.9990000000000003,-5.249424031387636,-1.2293020388786724,0.7709688489970437,3.777641283176552,2.0342201890395417,2.1654214896049653,-2.9250514764270465,0.11955741626794258,1.9990000000000003,0.20857747627361678
scene-1100,CAM_BACK_RIGHT,11,0,car,0.9064327478408813,-5.4478612805127,-6.997832300256944,0.5305736693793253,4.736616871548093,2.1779782632901865,1.5892518029816634,-2.894975137943262,0.04915832480292792,0.125,2.0680000000000005,-5.4478612805127,-6.997832300256944,0.5305736693793253,4.736616871548093,2.1779782632901865,1.5892518029816634,-2.894975137943262,0.125,2.0680000000000005,0.04915832480292792
scene-1100,CAM_BACK_RIGHT,11,1,car,0.6952381134033203,5.1565203758278,-21.634839287327594,0.1008354928120258,0.71608543955786,0.6322695690948841,1.0851987639015883,-2.6152807884158995,-0.0609975940536755,0.07575757575757576,0.03500000000000001,5.1565203758278,-21.634839287327594,0.1008354928120258,0.71608543955786,0.6322695690948841,1.0851987639015883,-2.6152807884158995,0.07575757575757576,0.03500000000000001,-0.0609975940536755
scene-1100,CAM_FRONT,12,0,car,0.8709677457809448,36.23117472596567,10.269803856115322,1.0431883628231522,4.103785928668287,1.9094860887814455,1.4733854564549265,-2.6618678589619384,-0.16953645435982623,0.0020539152759948653,0.024000000000000007,36.23117472596567,10.269803856115322,1.0431883628231522,4.103785928668287,1.9094860887814455,1.4733854564549265,-2.6618678589619384,0.0020539152759948653,0.024000000000000007,-0.16953645435982623
scene-1100,CAM_FRONT,12,1,car,0.8012422323226929,70.8216353828059,40.953610172584256,1.161497314703489,9.412960164530489,4.284333901342297,3.257227351761737,-2.860175395289056,1.0121249013308828,0.0,0.0,70.8216353828059,40.953610172584256,1.161497314703489,9.412960164530489,4.284333901342297,3.257227351761737,-2.860175395289056,0.0,0.0,1.0121249013308828
scene-1100,CAM_FRONT,12,2,car,0.597484290599823,62.12666014440402,31.05175204863709,3.092666380464893,1.9957353640440694,0.9332424224645592,0.8012311231133058,1.785903045524187,-2.249544624793555,0.0,0.0,62.12666014440402,31.05175204863709,3.092666380464893,1.9957353640440694,0.9332424224645592,0.8012311231133058,1.785903045524187,0.0,0.0,-2.249544624793555
scene-1100,CAM_FRONT,12,3,car,0.6363636255264282,58.632353128966024,29.52341723823964,1.6633176070171727,1.6670389810962032,1.6582555545233646,0.4569606741415191,2.1956077934738136,-1.0308334709847737,0.0,0.0,58.632353128966024,29.52341723823964,1.6633176070171727,1.6670389810962032,1.6582555545233646,0.4569606741415191,2.1956077934738136,0.0,0.0,-1.0308334709847737
scene-1100,CAM_FRONT,12,4,car,0.9179486632347107,18.87743540890604,0.72414927341421,0.8182552310541837,4.404614457333324,2.0217693389017253,1.548904059715369,-2.5932106366306384,-0.11902116346151392,0.06765151515151516,0.8930000000000002,18.87743540890604,0.72414927341421,0.8182552310541837,4.404614457333324,2.0217693389017253,1.548904059715369,-2.5932106366306384,0.06765151515151516,0.8930000000000002,-0.11902116346151392
scene-1100,CAM_FRONT,12,0,bus,0.8865247964859009,63.2882952103974,35.456226505831815,2.3474694807693437,8.754964636874362,2.809765241388657,4.4742732188690475,-2.9349710634265085,0.34797308359834656,0.0,0.0,63.2882952103974,35.456226505831815,2.3474694807693437,8.754964636874362,2.809765241388657,4.4742732188690475,-2.9349710634265085,0.0,0.0,0.34797308359834656
scene-1100,CAM_FRONT_LEFT,12,0,car,0.5704697966575623,58.63973119722787,29.322053782856777,2.9808329667399907,1.6661695862168244,0.756122698183674,0.6779687487405073,2.6431361448053354,-2.0251576586653606,0.0,0.0,58.63973119722787,29.322053782856777,2.9808329667399907,1.6661695862168244,0.756122698183674,0.6779687487405073,2.6431361448053354,0.0,0.0,-2.0251576586653606
scene-1100,CAM_FRONT_LEFT,12,1,car,0.5395683646202087,63.00722377612191,31.120117892068805,1.0220721967956263,1.3393915416704942,0.47680129188249154,1.287019864564737,0.9343325634227773,0.29529208653044337,0.0,0.0,63.00722377612191,31.120117892068805,1.0220721967956263,1.3393915416704942,0.47680129188249154,1.287019864564737,0.9343325634227773,0.0,0.0,0.29529208653044337
scene-1100,CAM_FRONT_LEFT,12,2,car,0.6012461185455322,59.806675888243014,29.161243456704387,1.7055383112997844,1.362702541119475,1.3646143851891068,0.7672887610606436,1.6507325012762857,-0.6973195675378037,0.0,0.0,59.806675888243014,29.161243456704387,1.7055383112997844,1.362702541119475,1.3646143851891068,0.7672887610606436,1.6507325012762857,0.0,0.0,-0.6973195675378037
scene-1100,CAM_FRONT_LEFT,12,3,car,0.8012422323226929,52.28134483010807,15.426132956195294,-0.6243369925744121,13.16876357758683,5.964762768030715,4.522864986085637,-2.8018842406155975,3.33328336396272,0.00030864197530864197,0.11000000000000003,52.28134483010807,15.426132956195294,-0.6243369925744121,13.16876357758683,5.964762768030715,4.522864986085637,-2.8018842406155975,0.00030864197530864197,0.11000000000000003,3.33328336396272
scene-1100,CAM_FRONT_LEFT,12,4,car,0.8241757750511169,40.31912776030328,26.656073843708448,1.5516777915307025,2.478325375656887,2.1083963963079615,0.8919763896629498,0.9133006159426499,-0.6549605246052641,0.0,0.0,40.31912776030328,26.656073843708448,1.5516777915307025,2.478325375656887,2.1083963963079615,0.8919763896629498,0.9133006159426499,0.0,0.0,-0.6549605246052641
scene-1100,CAM_FRONT_LEFT,12,0,bus,0.8518518805503845,62.91377466695502,35.481960864392555,2.4548565074902404,8.223242728704221,2.7214813764917842,4.2324828639603,-2.9655561395084136,0.3846229754275621,0.0,0.0,62.91377466695502,35.481960864392555,2.4548565074902404,8.223242728704221,2.7214813764917842,4.2324828639603,-2.9655561395084136,0.0,0.0,0.3846229754275621
scene-1100,CAM_FRONT_RIGHT,12,0,car,0.827957034111023,6.219403139179637,-21.92425183237521,-0.0304497691077103,3.903583467756402,2.3753271942656857,1.5727293693527615,1.8776550318960576,0.20342746514425958,0.035389957264957264,0.5300000000000001,6.219403139179637,-21.92425183237521,-0.0304497691077103,3.903583467756402,2.3753271942656857,1.5727293693527615,1.8776550318960576,0.035389957264957264,0.5300000000000001,0.20342746514425958
scene-1100,CAM_FRONT_RIGHT,12,1,car,0.8865247964859009,21.117467787234116,-35.665405317376184,0.8743204896975535,4.270961447571011,1.9247655113548703,1.507983556561878,1.9796670723556482,-0.39315863147009655,0.001142390860873113,0.014000000000000004,21.117467787234116,-35.665405317376184,0.8743204896975535,4.270961447571011,1.9247655113548703,1.507983556561878,1.9796670723556482,0.001142390860873113,0.014000000000000004,-0.39315863147009655
scene-1100,CAM_FRONT_RIGHT,12,2,car,0.6132930517196655,8.92344086772789,-28.351998070524466,0.4027641087048517,1.4046582556839668,0.8626914283251779,1.3396414947318847,-2.710564665694001,-0.3142932110398371,0.007326007326007326,0.012000000000000002,8.92344086772789,-28.351998070524466,0.4027641087048517,1.4046582556839668,0.8626914283251779,1.3396414947318847,-2.710564665694001,0.007326007326007326,0.012000000000000002,-0.3142932110398371
scene-1100,CAM_FRONT_RIGHT,12,0,motorcycle,0.5460992455482483,19.88538920127247,-10.90976701160638,0.6288654595215063,1.8945667928407453,1.1750762983754548,1.2299519214437546,-2.746010502263865,0.01725421121757531,0.04312865497076023,0.11800000000000002,19.88538920127247,-10.90976701160638,0.6288654595215063,1.8945667928407453,1.1750762983754548,1.2299519214437546,-2.746010502263865,0.04312865497076023,0.11800000000000002,0.01725421121757531
scene-1100,CAM_FRONT_RIGHT,12,0,bus,0.9179486632347107,8.919022491250145,-23.87713398354012,1.6315531804850374,10.965714605974917,3.654150250720173,6.733603706137083,1.9806638437758992,1.1431310649899675,0.022006674245480216,6.001000000000001,8.919022491250145,-23.87713398354012,1.6315531804850374,10.965714605974917,3.654150250720173,6.733603706137083,1.9806638437758992,0.022006674245480216,6.001000000000001,1.1431310649899675
scene-1100,CAM_BACK,12,0,car,0.7815700173377991,-10.751539257773844,-8.843037544365057,0.6286526720667955,5.264836271789381,2.3706024381760233,1.7628697681350634,-3.104126721447917,-0.13131804634963617,0.10849056603773585,2.4840000000000004,-10.751539257773844,-8.843037544365057,0.6286526720667955,5.264836271789381,2.3706024381760233,1.7628697681350634,-3.104126721447917,0.10849056603773585,2.4840000000000004,-0.13131804634963617
scene-1100,CAM_BACK,12,1,car,0.7299578189849854,-3.9931021047541715,-1.8877630595016264,1.4427399105414218,0.5893970275553904,0.32557618941445576,0.24380329044305538,-2.9417441471459576,-1.4006083684168562,0.4444444444444444,0.016000000000000004,-3.9931021047541715,-1.8877630595016264,1.4427399105414218,0.5893970275553904,0.32557618941445576,0.24380329044305538,-2.9417441471459576,0.4444444444444444,0.016000000000000004,-1.4006083684168562
scene-1100,CAM_BACK,12,2,car,0.9139785170555115,-5.318786320044822,-1.228965987483383,0.7547357831414986,3.769466645700568,2.102376417983397,2.1752879596993093,-2.928093670409766,0.2092310696448817,0.10492139439507861,1.8420000000000005,-5.318786320044822,-1.228965987483383,0.7547357831414986,3.769466645700568,2.102376417983397,2.1752879596993093,-2.928093670409766,0.10492139439507861,1.8420000000000005,0.2092310696448817
scene-1100,CAM_BACK_RIGHT,12,0,car,0.8709677457809448,-8.871559350332669,-7.47109595072567,0.12582213002767761,3.5027805449728344,2.2577858353401856,1.8892267086441357,-2.9132443745090066,0.6071859883601327,0.12611964694344557,1.9290000000000005,-8.871559350332669,-7.47109595072567,0.12582213002767761,3.5027805449728344,2.2577858353401856,1.8892267086441357,-2.9132443745090066,0.12611964694344557,1.9290000000000005,0.6071859883601327
scene-1100,CAM_BACK_RIGHT,12,1,car,0.6483516097068787,5.028651883062727,-21.486874768487603,-0.027590370499863015,0.7182021635858469,0.596806464281773,1.002855063393714,-2.501986029818598,-0.04335232895486074,0.0761904761904762,0.03200000000000001,5.028651883062727,-21.486874768487603,-0.027590370499863015,0.7182021635858469,0.596806464281773,1.002855063393714,-2.501986029818598,0.0761904761904762,0.03200000000000001,-0.04335232895486074
scene-1100,CAM_FRONT,13,0,car,0.949367105960846,14.367584865764524,-1.574829302688056,0.8132803083029586,4.577518717185482,2.0952856049558717,1.604905384121915,-2.6260122116808247,-0.08436043598992593,0.1422748447204969,2.1990000000000003,14.367584865764524,-1.574829302688056,0.8132803083029586,4.577518717185482,2.0952856049558717,1.604905384121915,-2.6260122116808247,0.1422748447204969,2.1990000000000003,-0.08436043598992593
scene-1100,CAM_FRONT,13,1,car,0.6521739363670349,42.60389907639018,26.10944701293922,1.4701213687600347,0.8596791463083862,0.7837762484260864,1.3880849844205407,2.0463936080387173,-0.521838363701864,0.006944444444444444,0.007000000000000001,42.60389907639018,26.10944701293922,1.4701213687600347,0.8596791463083862,0.7837762484260864,1.3880849844205407,2.0463936080387173,0.006944444444444444,0.007000000000000001,-0.521838363701864
scene-1100,CAM_FRONT,13,2,car,0.7460317611694336,45.32323837335298,26.42951823357335,1.3902732010267511,4.2877452853931715,1.9580516484261574,1.4953459260474262,-2.781036718218834,-0.40280246702601774,0.018294573643410854,0.2360000000000001,45.32323837335298,26.42951823357335,1.3902732010267511,4.2877452853931715,1.9580516484261574,1.4953459260474262,-2.781036718218834,0.018294573643410854,0.2360000000000001,-0.40280246702601774
scene-1100,CAM_FRONT,13,3,car,0.5508772134780884,66.39313171720694,33.349298918555355,2.855765297826639,2.0334845851221672,1.9196092035066208,0.5227274540130455,-2.3702036027250473,-2.3518913116686573,0.0,0.0,66.39313171720694,33.349298918555355,2.855765297826639,2.0334845851221672,1.9196092035066208,0.5227274540130455,-2.3702036027250473,0.0,0.0,-2.3518913116686573
scene-1100,CAM_FRONT,13,4,car,0.7104072570800781,63.6470891715858,31.70095782170165,1.817392098222244,1.8602533127759662,1.88211365862702,0.9365691352845609,2.1392510074474873,-1.1110755472044143,0.0,0.0,63.6470891715858,31.70095782170165,1.817392098222244,1.8602533127759662,1.88211365862702,0.9365691352845609,2.1392510074474873,0.0,0.0,-1.1110755472044143
scene-1100,CAM_FRONT,13,5,car,0.8083832263946533,62.028931712813986,16.314731209824377,0.6574321615713108,7.339812477800145,4.322447341554398,2.621976885603378,-2.5418394124008223,0.9177152453874826,0.0,0.0,62.028931712813986,16.314731209824377,0.6574321615713108,7.339812477800145,4.322447341554398,2.621976885603378,-2.5418394124008223,0.0,0.0,0.9177152453874826
scene-1100,CAM_FRONT,13,0,bus,0.8709677457809448,63.2133523088474,35.63161764781369,2.6466514345478256,8.170566753562781,2.868655196137583,4.4601036819226625,-2.7645864628195267,-0.15397234959082784,0.0,0.0,63.2133523088474,35.63161764781369,2.6466514345478256,8.170566753562781,2.868655196137583,4.4601036819226625,-2.7645864628195267,0.0,0.0,-0.15397234959082784
scene-1100,CAM_FRONT_LEFT,13,0,car,0.7655677795410156,42.87814907763977,25.319518961854474,1.432400151538694,2.981481437762781,1.9343376366509393,1.5653343310918544,-2.868981811969162,-0.5152237503722681,0.019078947368421053,0.17400000000000004,42.87814907763977,25.319518961854474,1.432400151538694,2.981481437762781,1.9343376366509393,1.5653343310918544,-2.868981811969162,0.019078947368421053,0.17400000000000004,-0.5152237503722681
scene-1100,CAM_FRONT_LEFT,13,1,car,0.6213017702102661,63.160983855407586,31.287468594400917,1.7189978149276401,1.7915688333063429,1.7558893971551175,0.9593316620462251,-2.69624886208112,-1.1916801267668475,0.0,0.0,63.160983855407586,31.287468594400917,1.7189978149276401,1.7915688333063429,1.7558893971551175,0.9593316620462251,-2.69624886208112,0.0,0.0,-1.1916801267668475
scene-1100,CAM_FRONT_LEFT,13,2,car,0.6097560524940491,63.088669911422926,31.79249927279605,3.1490797409187117,1.7906363235767344,1.1338984398551233,0.7968227825390031,2.987026450915796,-2.697845789577265,0.0,0.0,63.088669911422926,31.79249927279605,3.1490797409187117,1.7906363235767344,1.1338984398551233,0.7968227825390031,2.987026450915796,0.0,0.0,-2.697845789577265
scene-1100,CAM_FRONT_LEFT,13,3,car,0.7142857313156128,43.4953324560572,28.30275096593841,1.3826178738920796,2.912736800796985,2.827502771070197,1.023551483920376,-2.9885871970711855,-0.7078332036329413,0.019088669950738917,0.15500000000000005,43.4953324560572,28.30275096593841,1.3826178738920796,2.912736800796985,2.827502771070197,1.023551483920376,-2.9885871970711855,0.019088669950738917,0.15500000000000005,-0.7078332036329413
scene-1100,CAM_FRONT_LEFT,13,0,bus,0.827957034111023,63.32010359247735,35.6459904388159,2.2407602884251494,8.662740286133754,2.965093848093357,4.342565707636075,-2.9274138235996348,0.012680624274647556,0.0,0.0,63.32010359247735,35.6459904388159,2.2407602884251494,8.662740286133754,2.965093848093357,4.342565707636075,-2.9274138235996348,0.0,0.0,0.012680624274647556
scene-1100,CAM_FRONT_RIGHT,13,0,car,0.8324607610702515,6.059486762337858,-21.769049082509888,-0.09622711577364496,4.059544853454593,2.402636088606794,1.8517375284449344,2.003990657811322,0.43477161833076794,0.04006204535729568,0.7490000000000002,6.059486762337858,-21.769049082509888,-0.09622711577364496,4.059544853454593,2.402636088606794,1.8517375284449344,2.003990657811322,0.04006204535729568,0.7490000000000002,0.43477161833076794
scene-1100,CAM_FRONT_RIGHT,13,1,car,0.8709677457809448,22.384635872118455,-38.525030917792066,0.958460275797835,3.7363696662831885,2.252907207295028,1.9045076030710149,1.865689518235369,-0.044069997030348196,0.0006803141814583462,0.011000000000000003,22.384635872118455,-38.525030917792066,0.958460275797835,3.7363696662831885,2.252907207295028,1.9045076030710149,1.865689518235369,0.0006803141814583462,0.011000000000000003,-0.044069997030348196
scene-1100,CAM_FRONT_RIGHT,13,2,car,0.6404494643211365,8.735635492439313,-28.57342303610216,0.06015571919136742,2.178781971283353,1.3206494149417836,1.8194387075770886,2.7490886051484478,0.3090217473138517,0.0,0.0,8.735635492439313,-28.57342303610216,0.06015571919136742,2.178781971283353,1.3206494149417836,1.8194387075770886,2.7490886051484478,0.0,0.0,0.3090217473138517
scene-1100,CAM_FRONT_RIGHT,13,0,bus,0.9298245906829834,9.39541324511802,-24.220174804789572,1.4272614169701838,10.988219455449553,3.7879929610138023,7.449729627762484,2.0318221498278533,1.7889675779527758,0.014903659640501745,4.61,9.39541324511802,-24.220174804789572,1.4272614169701838,10.988219455449553,3.7879929610138023,7.449729627762484,2.0318221498278533,0.014903659640501745,4.61,1.7889675779527758
scene-1100,CAM_BACK,13,0,car,0.6995305418968201,-14.827030768094064,-9.809003167196522,0.7103266710916876,4.408578478305696,2.7039482552556295,1.5226782016543656,-2.8913443566956016,-0.34419771716849645,0.040235690235690236,0.7170000000000002,-14.827030768094064,-9.809003167196522,0.7103266710916876,4.408578478305696,2.7039482552556295,1.5226782016543656,-2.8913443566956016,0.040235690235690236,0.7170000000000002,-0.34419771716849645
scene-1100,CAM_BACK,13,1,car,0.8632478713989258,-5.176708450113546,-1.2256644146170579,0.7291177205526422,3.6985013918368335,2.0024006176781377,2.2110528316140763,-2.929847496297102,0.31982371119029374,0.10638820638820638,1.7320000000000004,-5.176708450113546,-1.2256644146170579,0.7291177205526422,3.6985013918368335,2.0024006176781377,2.2110528316140763,-2.929847496297102,0.10638820638820638,1.7320000000000004,0.31982371119029374
scene-1100,CAM_FRONT,14,0,car,0.921951174736023,9.962951443724402,-3.3783025346952744,0.8725698881438974,4.260741023936174,1.95018100078084,1.5512609687475722,-2.6388960940988264,-0.17630196010842147,0.18895348837209303,2.6000000000000005,9.962951443724402,-3.3783025346952744,0.8725698881438974,4.260741023936174,1.95018100078084,1.5512609687475722,-2.6388960940988264,0.18895348837209303,2.6000000000000005,-0.17630196010842147
scene-1100,CAM_FRONT,14,1,car,0.7500000596046448,66.88038025754767,37.57145014019058,1.355603147151418,7.5632930785036905,4.260297288892271,2.0526740210524723,-2.407450067777343,0.3279592933865674,0.0,0.0,66.88038025754767,37.57145014019058,1.355603147151418,7.5632930785036905,4.260297288892271,2.0526740210524723,-2.407450067777343,0.0,0.0,0.3279592933865674
scene-1100,CAM_FRONT,14,2,car,0.6363636255264282,59.456486325835435,29.871999781511445,1.497086895478644,1.4671865369397388,1.292169917059617,1.2478375616304895,2.304851712684549,-0.3241013922703634,0.0,0.0,59.456486325835435,29.871999781511445,1.497086895478644,1.4671865369397388,1.292169917059617,1.2478375616304895,2.304851712684549,0.0,0.0,-0.3241013922703634
scene-1100,CAM_FRONT,14,3,car,0.6363636255264282,61.41164583788172,30.687800197868064,2.8140845288491603,1.97798180084974,0.9368428095092298,0.7868433984815972,2.2736232759714587,-1.8527916762537169,0.0,0.0,61.41164583788172,30.687800197868064,2.8140845288491603,1.97798180084974,0.9368428095092298,0.7868433984815972,2.2736232759714587,0.0,0.0,-1.8527916762537169
scene-1100,CAM_FRONT,14,4,car,0.8241757750511169,32.773713759593996,7.475067503638412,0.9410196245751882,5.062829409847101,2.4222615643131347,1.6259152529136254,-2.662210773780178,-0.035332742561315245,0.016748366013071895,0.32800000000000007,32.773713759593996,7.475067503638412,0.9410196245751882,5.062829409847101,2.4222615643131347,1.6259152529136254,-2.662210773780178,0.016748366013071895,0.32800000000000007,-0.035332742561315245
scene-1100,CAM_FRONT,14,0,bus,0.8987342119216919,63.831781550588545,35.78729713219582,2.351504697603843,8.606379583870435,3.1191317149068523,4.222662779318843,-2.601022262412196,0.38331815810095815,0.0,0.0,63.831781550588545,35.78729713219582,2.351504697603843,8.606379583870435,3.1191317149068523,4.222662779318843,-2.601022262412196,0.0,0.0,0.38331815810095815
scene-1100,CAM_FRONT_LEFT,14,0,car,0.7730495929718018,43.75391521497107,25.696253732739194,1.334122114148942,3.192149944240434,1.9244166639337719,1.5211420801097297,-2.778054563695159,-0.17478416902472604,0.008223684210526315,0.07500000000000002,43.75391521497107,25.696253732739194,1.334122114148942,3.192149944240434,1.9244166639337719,1.5211420801097297,-2.778054563695159,0.008223684210526315,0.07500000000000002,-0.17478416902472604
scene-1100,CAM_FRONT_LEFT,14,1,car,0.6831682920455933,48.341155635227445,30.634653566709634,1.0160817005610345,2.0139259095816477,0.5216048704077068,1.8200447849959258,1.533091269524984,0.3477503406891409,0.0038888888888888888,0.007000000000000002,48.341155635227445,30.634653566709634,1.0160817005610345,2.0139259095816477,0.5216048704077068,1.8200447849959258,1.533091269524984,0.0038888888888888888,0.007000000000000002,0.3477503406891409
scene-1100,CAM_FRONT_LEFT,14,2,car,0.5276752710342407,63.99039319675385,31.22516920267191,1.4088585230171262,1.6927694503167032,1.6444470777075306,0.9287478038107668,-2.507895819463996,-0.171480685297839,0.0,0.0,63.99039319675385,31.22516920267191,1.4088585230171262,1.6927694503167032,1.6444470777075306,0.9287478038107668,-2.507895819463996,0.0,0.0,-0.171480685297839
scene-1100,CAM_FRONT_LEFT,14,0,bus,0.8672199249267578,64.31926254502326,35.892360327128614,2.2330684910733485,8.958193551131146,3.15670421843463,4.316723179757018,-2.96477585564169,0.5692006458022307,0.0,0.0,64.31926254502326,35.892360327128614,2.2330684910733485,8.958193551131146,3.15670421843463,4.316723179757018,-2.96477585564169,0.0,0.0,0.5692006458022307
scene-1100,CAM_FRONT_RIGHT,14,0,car,0.8012422323226929,6.231888856977812,-21.54477449253488,0.1792104167571691,4.1254127421332925,2.652908494254718,1.7927048304472786,2.049501703512014,0.11719108885190721,0.05600722673893405,1.1160000000000003,6.231888856977812,-21.54477449253488,0.1792104167571691,4.1254127421332925,2.652908494254718,1.7927048304472786,2.049501703512014,0.05600722673893405,1.1160000000000003,0.11719108885190721
scene-1100,CAM_FRONT_RIGHT,14,1,car,0.9064327478408813,9.524029287171945,-3.4628011664352036,0.41880272092448545,4.550111907648363,2.0924945566713333,1.7082231929834568,-2.5812153118515493,0.38026851607017265,0.16465716721471196,2.7040000000000006,9.524029287171945,-3.4628011664352036,0.41880272092448545,4.550111907648363,2.0924945566713333,1.7082231929834568,-2.5812153118515493,0.16465716721471196,2.7040000000000006,0.38026851607017265
scene-1100,CAM_FRONT_RIGHT,14,2,car,0.8827838897705078,23.372724088320254,-40.95072947083544,0.9054156179024511,3.7154983763917997,2.418302103874587,1.8133942840029396,2.056729030018693,-0.3584763165343736,0.00037537537537537537,0.006000000000000001,23.372724088320254,-40.95072947083544,0.9054156179024511,3.7154983763917997,2.418302103874587,1.8133942840029396,2.056729030018693,0.00037537537537537537,0.006000000000000001,-0.3584763165343736
scene-1100,CAM_FRONT_RIGHT,14,0,bus,0.9298245906829834,9.06113461091075,-21.510010792589707,1.5877509125727294,5.533461508866154,3.1104393349346933,5.351970955708252,1.9044597665787022,0.48864176037264406,0.02388400130335614,2.1990000000000003,9.06113461091075,-21.510010792589707,1.5877509125727294,5.533461508866154,3.1104393349346933,5.351970955708252,1.9044597665787022,0.02388400130335614,2.1990000000000003,0.48864176037264406
scene-1100,CAM_BACK,14,0,car,0.5897435545921326,-18.942829360288616,-11.776232422748953,0.7396268283900146,4.19113992359152,2.608494091944813,1.245724580140111,2.2214733468013534,-0.5685200620015998,0.0463980463980464,0.6080000000000001,-18.942829360288616,-11.776232422748953,0.7396268283900146,4.19113992359152,2.608494091944813,1.245724580140111,2.2214733468013534,0.0463980463980464,0.6080000000000001,-0.5685200620015998
scene-1100,CAM_BACK,14,1,car,0.8947368264198303,-5.23627112163106,-1.2258671655719124,0.7085864160579478,3.627300163638382,2.0398116309521663,2.1370761821856274,-2.9270236969294414,0.2929515839589687,0.09814814814814815,1.4840000000000002,-5.23627112163106,-1.2258671655719124,0.7085864160579478,3.627300163638382,2.0398116309521663,2.1370761821856274,-2.9270236969294414,0.09814814814814815,1.4840000000000002,0.2929515839589687
scene-1100,CAM_BACK_RIGHT,14,0,car,0.7344398498535156,5.113436887816374,-20.934497154498295,-0.08921412253553951,2.077107040285595,1.5104662333376524,0.7810640961370441,1.0956053350325425,-0.07263582173602634,0.13968253968253969,0.3520000000000001,5.113436887816374,-20.934497154498295,-0.08921412253553951,2.077107040285595,1.5104662333376524,0.7810640961370441,1.0956053350325425,0.13968253968253969,0.3520000000000001,-0.07263582173602634
scene-1100,CAM_FRONT,15,0,car,0.5114504098892212,60.12544314599072,18.329752071250024,2.2745874333811886,1.8896372945488267,1.890596123188942,0.5698894755873498,2.704993853559019,-1.6605024794753769,0.0,0.0,60.12544314599072,18.329752071250024,2.2745874333811886,1.8896372945488267,1.890596123188942,0.5698894755873498,2.704993853559019,0.0,0.0,-1.6605024794753769
scene-1100,CAM_FRONT,15,1,car,0.597484290599823,41.376652451069546,25.278270781222506,1.4795043589350756,0.6058151822007289,0.4585158595740175,1.6064683651260734,1.0819190435851078,-0.34122260352085787,0.008333333333333333,0.004000000000000001,41.376652451069546,25.278270781222506,1.4795043589350756,0.6058151822007289,0.4585158595740175,1.6064683651260734,1.0819190435851078,0.008333333333333333,0.004000000000000001,-0.34122260352085787
scene-1100,CAM_FRONT,15,2,car,0.7730495929718018,61.528075083317404,36.820328478388845,1.7981490625752028,6.3822176726218345,2.90730200492622,2.200942461861822,-2.695661537356372,-0.17126927852081764,0.0,0.0,61.528075083317404,36.820328478388845,1.7981490625752028,6.3822176726218345,2.90730200492622,2.200942461861822,-2.695661537356372,0.0,0.0,-0.17126927852081764
scene-1100,CAM_FRONT,15,3,car,0.6444444060325623,64.45049124017349,32.39865766085806,3.033449503010353,1.8898309828648934,1.146497691058606,0.6068324353054342,1.2895028035212428,-2.243086911179703,0.0,0.0,64.45049124017349,32.39865766085806,3.033449503010353,1.8898309828648934,1.146497691058606,0.6068324353054342,1.2895028035212428,0.0,0.0,-2.243086911179703
scene-1100,CAM_FRONT,15,4,car,0.6717948913574219,60.82339166360764,30.620064127844337,1.4627638383537296,1.5415173067210581,1.4408752676951337,0.7291868053443813,2.2905769555569857,-0.641927188887792,0.0,0.0,60.82339166360764,30.620064127844337,1.4627638383537296,1.5415173067210581,1.4408752676951337,0.7291868053443813,2.2905769555569857,0.0,0.0,-0.641927188887792
scene-1100,CAM_FRONT,15,5,car,0.8400000333786011,28.95328114016323,5.708212687882939,0.9525503876855468,4.7196756942707445,2.1666955832261516,1.5392730819808254,-2.6368954064641055,-0.13672024699420637,0.018568665377176014,0.28800000000000003,28.95328114016323,5.708212687882939,0.9525503876855468,4.7196756942707445,2.1666955832261516,1.5392730819808254,-2.6368954064641055,0.018568665377176014,0.28800000000000003,-0.13672024699420637
scene-1100,CAM_FRONT,15,0,bus,0.8827838897705078,64.63732099580217,35.94806521856419,2.6205814683979507,8.685830443130286,3.1133503660946538,4.414588879487371,-2.885779711709477,0.11566878856833007,0.0,0.0,64.63732099580217,35.94806521856419,2.6205814683979507,8.685830443130286,3.1133503660946538,4.414588879487371,-2.885779711709477,0.0,0.0,0.11566878856833007
scene-1100,CAM_FRONT_LEFT,15,0,car,0.7460317611694336,62.42438871985042,37.33109974198541,1.5441356103432038,4.9364357018629335,2.963340517204145,2.3231060507430126,-2.8955081926023674,-0.007988611811907464,0.0,0.0,62.42438871985042,37.33109974198541,1.5441356103432038,4.9364357018629335,2.963340517204145,2.3231060507430126,-2.8955081926023674,0.0,0.0,-0.007988611811907464
scene-1100,CAM_FRONT_LEFT,15,1,car,0.6289855241775513,46.36783531527809,29.283910860988208,2.055472251722879,2.1718949456749,1.991999357337491,1.493320397360585,2.1397219781947245,-1.043974788027938,0.0,0.0,46.36783531527809,29.283910860988208,2.055472251722879,2.1718949456749,1.991999357337491,1.493320397360585,2.1397219781947245,0.0,0.0,-1.043974788027938
scene-1100,CAM_FRONT_LEFT,15,0,bus,0.8358974456787109,64.62656235926802,35.90892141230546,2.3430674016143938,8.529785337493479,2.7205119966577733,4.243366106525036,-2.979240569362618,0.12644010595568034,0.0,0.0,64.62656235926802,35.90892141230546,2.3430674016143938,8.529785337493479,2.7205119966577733,4.243366106525036,-2.979240569362618,0.0,0.0,0.12644010595568034
scene-1100,CAM_FRONT_RIGHT,15,0,car,0.8400000333786011,6.558880078987374,-22.398946627571814,0.02723259528659422,4.09265085433244,2.5241384153257034,1.8056217800631074,2.148011939669798,0.2782906994728953,0.024715447154471545,0.45600000000000007,6.558880078987374,-22.398946627571814,0.02723259528659422,4.09265085433244,2.5241384153257034,1.8056217800631074,2.148011939669798,0.024715447154471545,0.45600000000000007,0.2782906994728953
scene-1100,CAM_FRONT_RIGHT,15,1,car,0.8632478713989258,23.648615289471962,-42.22592091105525,1.180563161849411,3.362761376055161,2.1430280638701085,1.6830879595549073,1.794654915974549,-0.45957283948448635,0.003954522985664854,0.04800000000000001,23.648615289471962,-42.22592091105525,1.180563161849411,3.362761376055161,2.1430280638701085,1.6830879595549073,1.794654915974549,0.003954522985664854,0.04800000000000001,-0.45957283948448635
scene-1100,CAM_FRONT_RIGHT,15,2,car,0.9259259104728699,5.004787412961152,-5.669661586965978,0.6550023566605452,5.026326509148043,2.388158448382545,1.687236856636897,-2.623611769623021,0.015104328112371057,0.24833333333333332,5.066000000000002,5.004787412961152,-5.669661586965978,0.6550023566605452,5.026326509148043,2.388158448382545,1.687236856636897,-2.623611769623021,0.24833333333333332,5.066000000000002,0.015104328112371057
scene-1100,CAM_FRONT_RIGHT,15,3,car,0.5897435545921326,8.865400042739667,-28.265417885476257,0.3476770546657366,1.5242031929988422,0.6226152954345956,1.4154278343964752,-2.8919149755684974,-0.1980116837817385,0.00873015873015873,0.011000000000000003,8.865400042739667,-28.265417885476257,0.3476770546657366,1.5242031929988422,0.6226152954345956,1.4154278343964752,-2.8919149755684974,0.00873015873015873,0.011000000000000003,-0.1980116837817385
scene-1100,CAM_FRONT_RIGHT,15,0,bus,0.9259259104728699,9.25848960102652,-21.343364470679326,1.686058229875364,5.066503360204383,3.066490298530086,4.924958689676249,1.9885544899630523,0.23154847339934492,0.024474305851372807,1.8960000000000006,9.25848960102652,-21.343364470679326,1.686058229875364,5.066503360204383,3.066490298530086,4.924958689676249,1.9885544899630523,0.024474305851372807,1.8960000000000006,0.23154847339934492
scene-1100,CAM_BACK,15,0,car,0.7697842121124268,-28.84994977862379,-17.3445272877588,0.4442781116505392,3.9939560724079186,2.5059351802322496,2.0656084328030975,-2.895041442369728,0.07940862065829712,0.007952380952380952,0.167,-28.84994977862379,-17.3445272877588,0.4442781116505392,3.9939560724079186,2.5059351802322496,2.0656084328030975,-2.895041442369728,0.007952380952380952,0.167,0.07940862065829712
scene-1100,CAM_BACK,15,1,car,0.9298245906829834,-5.529597178924065,-1.2981687235825958,0.6395920115015362,3.9491194985106604,2.1818302395471343,2.2875578054217547,-2.9502611151455285,0.45271577705071075,0.0859430424647816,1.6960000000000006,-5.529597178924065,-1.2981687235825958,0.6395920115015362,3.9491194985106604,2.1818302395471343,2.2875578054217547,-2.9502611151455285,0.0859430424647816,1.6960000000000006,0.45271577705071075
scene-1100,CAM_BACK_RIGHT,15,0,car,0.5897435545921326,5.090955735680354,-21.393954584724558,-0.0325056665749871,0.6093903736650752,0.545540231531854,0.9517631390431538,2.5360715818014943,-0.07396301796227389,0.08666666666666667,0.026000000000000006,5.090955735680354,-21.393954584724558,-0.0325056665749871,0.6093903736650752,0.545540231531854,0.9517631390431538,2.5360715818014943,0.08666666666666667,0.026000000000000006,-0.07396301796227389
scene-1100,CAM_FRONT,16,0,car,0.6878048777580261,61.26548013248526,19.459849973839894,2.500691096258748,2.9631110623433727,1.9700192228572782,1.3384138691699858,-2.462151408948838,-1.4896230030643647,0.0,0.0,61.26548013248526,19.459849973839894,2.500691096258748,2.9631110623433727,1.9700192228572782,1.3384138691699858,-2.462151408948838,0.0,0.0,-1.4896230030643647
scene-1100,CAM_FRONT,16,1,car,0.8202247023582458,63.222488380075866,37.21686280106944,1.7114811290397731,5.868068247077389,2.6857903588985526,2.111718279449488,-2.635778213828441,-0.17167509967612826,0.0,0.0,63.222488380075866,37.21686280106944,1.7114811290397731,5.868068247077389,2.6857903588985526,2.111718279449488,-2.635778213828441,0.0,0.0,-0.17167509967612826
scene-1100,CAM_FRONT,16,2,car,0.6444444060325623,60.5298399476867,30.33456087750806,1.8709380130513908,2.2639583559766123,2.1677423262902096,0.980254326146591,2.763390901927888,-1.0103254547849954,0.0,0.0,60.5298399476867,30.33456087750806,1.8709380130513908,2.2639583559766123,2.1677423262902096,0.980254326146591,2.763390901927888,0.0,0.0,-1.0103254547849954
scene-1100,CAM_FRONT,16,3,car,0.8476190567016602,47.70105500250041,7.481594634001644,0.2906089835286777,7.972006870938614,4.373825275364165,2.9030778680989533,-2.390914128848042,1.5728489184830639,0.001547805642633229,0.15800000000000006,47.70105500250041,7.481594634001644,0.2906089835286777,7.972006870938614,4.373825275364165,2.9030778680989533,-2.390914128848042,0.001547805642633229,0.15800000000000006,1.5728489184830639
scene-1100,CAM_FRONT,16,0,bus,0.8787879347801208,65.648440798905,36.45922689839431,2.6254422638597443,8.643740059981482,3.078022275984928,4.459445396748276,-2.899235877285421,0.06122099604736775,0.0,0.0,65.648440798905,36.45922689839431,2.6254422638597443,8.643740059981482,3.078022275984928,4.459445396748276,-2.899235877285421,0.0,0.0,0.06122099604736775
scene-1100,CAM_FRONT_LEFT,16,0,car,0.7730495929718018,62.029654430927884,37.01719915992313,1.684206178730736,3.0949303018550864,1.9121281867522804,1.8267540572285916,-2.983069129037587,-0.10855461064576766,0.0,0.0,62.029654430927884,37.01719915992313,1.684206178730736,3.0949303018550864,1.9121281867522804,1.8267540572285916,-2.983069129037587,0.0,0.0,-0.10855461064576766
scene-1100,CAM_FRONT_LEFT,16,1,car,0.5897435545921326,43.693855714391916,26.774956978729193,0.8368171107851476,1.3511788502733495,0.4060976714359654,1.4081739425837747,1.148533396951918,0.2507369983203078,0.0,0.0,43.693855714391916,26.774956978729193,0.8368171107851476,1.3511788502733495,0.4060976714359654,1.4081739425837747,1.148533396951918,0.0,0.0,0.2507369983203078
scene-1100,CAM_FRONT_LEFT,16,2,car,0.6483516097068787,62.11579317012579,30.577908909430572,1.1853160749248484,2.2220133844932235,1.2801320631722284,1.4161892473882483,0.7878737220471779,0.1808631201308175,0.0,0.0,62.11579317012579,30.577908909430572,1.1853160749248484,2.2220133844932235,1.2801320631722284,1.4161892473882483,0.7878737220471779,0.0,0.0,0.1808631201308175
scene-1100,CAM_FRONT_LEFT,16,0,bus,0.8358974456787109,66.14928168207562,36.096037345695024,1.732255185890939,9.275888851063712,3.0498049168786956,4.622968796797902,-3.001523244560386,1.2910732395504008,0.0,0.0,66.14928168207562,36.096037345695024,1.732255185890939,9.275888851063712,3.0498049168786956,4.622968796797902,-3.001523244560386,0.0,0.0,1.2910732395504008
scene-1100,CAM_FRONT_RIGHT,16,0,car,0.7887788414955139,6.362791107844052,-22.00500776157754,-0.04481542291782309,4.281920032056615,2.5725835062041753,1.9749961953941475,1.90828023251489,0.6763598272250042,0.038148479427549196,0.8530000000000003,6.362791107844052,-22.00500776157754,-0.04481542291782309,4.281920032056615,2.5725835062041753,1.9749961953941475,1.90828023251489,0.038148479427549196,0.8530000000000003,0.6763598272250042
scene-1100,CAM_FRONT_RIGHT,16,1,car,0.7387754917144775,1.121198423489269,-7.17843642054923,0.07828110425789891,2.9847075601286788,1.6671383954041799,1.390620148125904,1.3621584729309688,0.37319399742346127,0.08669467787114846,0.6190000000000001,1.121198423489269,-7.17843642054923,0.07828110425789891,2.9847075601286788,1.6671383954041799,1.390620148125904,1.3621584729309688,0.08669467787114846,0.6190000000000001,0.37319399742346127
scene-1100,CAM_FRONT_RIGHT,16,2,car,0.8476190567016602,24.501874310624174,-44.018817201707286,1.0830351624861558,3.3432000472078016,2.100855832419955,1.63381518685498,2.0484526274544326,-0.25175820050550424,0.00477994227994228,0.05300000000000001,24.501874310624174,-44.018817201707286,1.0830351624861558,3.3432000472078016,2.100855832419955,1.63381518685498,2.0484526274544326,0.00477994227994228,0.05300000000000001,-0.25175820050550424
scene-1100,CAM_FRONT_RIGHT,16,3,car,0.5540069937705994,8.865193811260923,-28.441928869546054,0.21840002457850916,1.7014483965608918,0.7074768044688362,1.6691432311278125,1.1848073213898143,0.34606518596563696,0.005931784478497282,0.012000000000000004,8.865193811260923,-28.441928869546054,0.21840002457850916,1.7014483965608918,0.7074768044688362,1.6691432311278125,1.1848073213898143,0.005931784478497282,0.012000000000000004,0.34606518596563696
scene-1100,CAM_FRONT_RIGHT,16,0,bus,0.9179486632347107,9.135488724362837,-21.714410068602902,1.5825048563352928,5.450552234675168,3.018323508654385,5.255720838266658,1.9598459819165315,0.7099143310704361,0.022447112635791883,1.9630000000000005,9.135488724362837,-21.714410068602902,1.5825048563352928,5.450552234675168,3.018323508654385,5.255720838266658,1.9598459819165315,0.022447112635791883,1.9630000000000005,0.7099143310704361
scene-1100,CAM_BACK,16,0,car,0.6640419960021973,-33.23046193437406,-19.462600937063563,0.4852672274659422,3.2725284942556314,1.991212640281316,1.511490467350245,-2.759424443856354,-0.14261070290680178,0.0036363636363636364,0.03600000000000001,-33.23046193437406,-19.462600937063563,0.4852672274659422,3.2725284942556314,1.991212640281316,1.511490467350245,-2.759424443856354,0.0036363636363636364,0.03600000000000001,-0.14261070290680178
scene-1100,CAM_BACK,16,1,car,0.9336099624633789,-5.19712008062489,-1.2302191401247442,0.7753967819953098,3.664864652076466,2.046363097299075,2.118600493937183,-2.9418451107832024,0.23176708847315197,0.112998712998713,1.7560000000000007,-5.19712008062489,-1.2302191401247442,0.7753967819953098,3.664864652076466,2.046363097299075,2.118600493937183,-2.9418451107832024,0.112998712998713,1.7560000000000007,0.23176708847315197
scene-1100,CAM_BACK_RIGHT,16,0,car,0.9336099624633789,0.14853108743921467,-7.4951496570300495,0.5947918572050578,4.7617850576324905,2.196542837606416,1.635057361248428,-2.8974408827512024,0.007017466286244556,0.22135416666666666,3.7400000000000007,0.14853108743921467,-7.4951496570300495,0.5947918572050578,4.7617850576324905,2.196542837606416,1.635057361248428,-2.8974408827512024,0.22135416666666666,3.7400000000000007,0.007017466286244556
scene-1100,CAM_FRONT,17,0,car,0.8083832263946533,43.15536620690682,25.96264705440382,1.1910481601315563,3.823505499308837,1.7307400594088005,1.3436945159168348,-2.8910739306726647,-0.37144182223997246,0.015598952131459872,0.13100000000000003,43.15536620690682,25.96264705440382,1.1910481601315563,3.823505499308837,1.7307400594088005,1.3436945159168348,-2.8910739306726647,0.015598952131459872,0.13100000000000003,-0.37144182223997246
scene-1100,CAM_FRONT,17,1,car,0.5661016702651978,67.84553395581244,35.12897375717841,2.996902287668689,1.598366042949909,0.8237916861818491,0.751906790855652,1.9620184490010528,-2.298198919897418,0.0,0.0,67.84553395581244,35.12897375717841,2.996902287668689,1.598366042949909,0.8237916861818491,0.751906790855652,1.9620184490010528,0.0,0.0,-2.298198919897418
scene-1100,CAM_FRONT,17,2,car,0.6995305418968201,65.53620892121246,33.73617949072493,1.9065212708292447,2.268759656134428,2.1659184762276027,0.7410694749920785,2.2947447387569397,-1.2346888984931939,0.0,0.0,65.53620892121246,33.73617949072493,1.9065212708292447,2.268759656134428,2.1659184762276027,0.7410694749920785,2.2947447387569397,0.0,0.0,-1.2346888984931939
scene-1100,CAM_FRONT,17,3,car,0.6246334314346313,62.987077948612175,34.26228761296235,1.9100355581732726,1.4453606907413814,1.1281568739643504,1.539008146421999,-2.7587477500079376,-0.8402352677591329,0.0,0.0,62.987077948612175,34.26228761296235,1.9100355581732726,1.4453606907413814,1.1281568739643504,1.539008146421999,-2.7587477500079376,0.0,0.0,-0.8402352677591329
scene-1100,CAM_FRONT,17,4,car,0.8632478713989258,21.710270118036867,1.9517550874256204,0.7846311468812532,4.629351613459015,2.0017698758338778,1.6388215798360495,-2.5579172661257594,-0.08745081224257878,0.04809782608695652,0.7080000000000002,21.710270118036867,1.9517550874256204,0.7846311468812532,4.629351613459015,2.0017698758338778,1.6388215798360495,-2.5579172661257594,0.04809782608695652,0.7080000000000002,-0.08745081224257878
scene-1100,CAM_FRONT,17,5,car,0.6246334314346313,75.00132994559833,27.305766434182352,2.5990288568931668,2.3075218345065456,2.314054590912704,0.9885700220996054,1.8624079781607252,-1.788818098687221,0.0,0.0,75.00132994559833,27.305766434182352,2.5990288568931668,2.3075218345065456,2.314054590912704,0.9885700220996054,1.8624079781607252,0.0,0.0,-1.788818098687221
scene-1100,CAM_FRONT,17,6,car,0.5816993117332458,47.08392231440915,21.748595274924188,1.2817453305334614,1.1255238032959305,0.6613589163445752,1.1168349279237026,2.6479799775483213,-0.6185481686169554,0.0,0.0,47.08392231440915,21.748595274924188,1.2817453305334614,1.1255238032959305,0.6613589163445752,1.1168349279237026,2.6479799775483213,0.0,0.0,-0.6185481686169554
scene-1100,CAM_FRONT,17,0,bus,0.9024390578269958,65.64968383026093,37.78383992254542,2.233708148155614,9.03914332644375,3.2786693808344545,4.638785802842717,-2.901239766921094,0.42724565347707877,0.0,0.0,65.64968383026093,37.78383992254542,2.233708148155614,9.03914332644375,3.2786693808344545,4.638785802842717,-2.901239766921094,0.0,0.0,0.42724565347707877
scene-1100,CAM_FRONT_LEFT,17,0,car,0.8358974456787109,41.63358050922637,25.027603651481765,1.0664876761979025,3.776185141455848,1.741042961109569,1.362940764097614,-2.714738597122386,-0.2021060173317737,0.016253869969040248,0.14700000000000005,41.63358050922637,25.027603651481765,1.0664876761979025,3.776185141455848,1.741042961109569,1.362940764097614,-2.714738597122386,0.016253869969040248,0.14700000000000005,-0.2021060173317737
scene-1100,CAM_FRONT_LEFT,17,1,car,0.6363636255264282,44.0040301031787,27.38876210652618,1.9833832182124287,1.220716823223519,0.7818801723389655,1.20165328451855,1.3118388692021368,-1.1460437659613172,0.0,0.0,44.0040301031787,27.38876210652618,1.9833832182124287,1.220716823223519,0.7818801723389655,1.20165328451855,1.3118388692021368,0.0,0.0,-1.1460437659613172
scene-1100,CAM_FRONT_LEFT,17,2,car,0.6012461185455322,55.574724376809336,28.445788562124193,2.0904289685869126,2.2779150438124063,1.456663949963806,1.0802281555552335,-2.892849829443474,-1.2174560899212343,0.0,0.0,55.574724376809336,28.445788562124193,2.0904289685869126,2.2779150438124063,1.456663949963806,1.0802281555552335,-2.892849829443474,0.0,0.0,-1.2174560899212343
scene-1100,CAM_FRONT_LEFT,17,3,car,0.5345454812049866,51.623598248355954,27.64469984545838,1.5453383690244866,1.1369557867975644,0.7523326202253715,1.2038396129535036,-2.7215288353917275,-0.668768674270681,0.0,0.0,51.623598248355954,27.64469984545838,1.5453383690244866,1.1369557867975644,0.7523326202253715,1.2038396129535036,-2.7215288353917275,0.0,0.0,-0.668768674270681
scene-1100,CAM_FRONT_LEFT,17,0,bus,0.859649121761322,66.33074101799112,37.784013110824105,1.787391625778838,9.293745292440917,3.285115026067402,4.592267047613388,-2.8349968149809843,0.9981134063877652,0.0,0.0,66.33074101799112,37.784013110824105,1.787391625778838,9.293745292440917,3.285115026067402,4.592267047613388,-2.8349968149809843,0.0,0.0,0.9981134063877652
scene-1100,CAM_FRONT_RIGHT,17,0,car,0.8324607610702515,6.662419815354714,-21.88427318807808,-0.020805564819104505,4.44060995649053,2.6988642510403165,2.034011548625232,2.090185404460552,0.4470002653516607,0.03388047138047138,0.8050000000000002,6.662419815354714,-21.88427318807808,-0.020805564819104505,4.44060995649053,2.6988642510403165,2.034011548625232,2.090185404460552,0.03388047138047138,0.8050000000000002,0.4470002653516607
scene-1100,CAM_FRONT_RIGHT,17,1,car,0.8632478713989258,25.99624137789405,-46.04471866643741,1.0205374105290808,3.385217951442989,2.1454075598240685,1.7398636159171983,1.8458299513098841,-0.4040410950860456,0.0023891909705058495,0.02900000000000001,25.99624137789405,-46.04471866643741,1.0205374105290808,3.385217951442989,2.1454075598240685,1.7398636159171983,1.8458299513098841,0.0023891909705058495,0.02900000000000001,-0.4040410950860456
scene-1100,CAM_FRONT_RIGHT,17,0,bus,0.9179486632347107,9.524530151068822,-23.824180573273722,1.2792132556798048,10.642888603297436,3.703329926895547,5.705450372952178,1.9637300315302055,1.0161029423204848,0.01621532157778434,3.625000000000001,9.524530151068822,-23.824180573273722,1.2792132556798048,10.642888603297436,3.703329926895547,5.705450372952178,1.9637300315302055,0.01621532157778434,3.625000000000001,1.0161029423204848
scene-1100,CAM_BACK,17,0,car,0.6559139490127563,-49.486138902477975,-28.210413320205664,-0.47849668566511994,4.091002046392994,3.3686812518558717,1.5295514587576566,-2.939232300565208,0.7979685875197631,0.00033476805356288854,0.007000000000000001,-49.486138902477975,-28.210413320205664,-0.47849668566511994,4.091002046392994,3.3686812518558717,1.5295514587576566,-2.939232300565208,0.00033476805356288854,0.007000000000000001,0.7979685875197631
scene-1100,CAM_BACK,17,1,car,0.9064327478408813,-5.15109492964922,-1.2194355045946468,0.8386422408847614,3.5362710102563644,2.1799523713734463,2.008825269807885,-2.9100209624159126,0.07923130433946302,0.15246753246753247,2.3480000000000008,-5.15109492964922,-1.2194355045946468,0.8386422408847614,3.5362710102563644,2.1799523713734463,2.008825269807885,-2.9100209624159126,0.15246753246753247,2.3480000000000008,0.07923130433946302
scene-1100,CAM_BACK_RIGHT,17,0,car,0.9139785170555115,-4.658845403205745,-9.229970187372043,0.5096382028366667,4.408410167097133,2.1374849083223095,1.50961479115898,-2.9060344945773458,-0.059185027885915176,0.13484848484848486,1.8690000000000004,-4.658845403205745,-9.229970187372043,0.5096382028366667,4.408410167097133,2.1374849083223095,1.50961479115898,-2.9060344945773458,0.13484848484848486,1.8690000000000004,-0.059185027885915176
scene-1100,CAM_FRONT,18,0,car,0.507692277431488,25.76474873053289,9.76243183097945,1.554514745970098,1.353420278118044,0.8126029396888907,0.7286897469731399,-2.9387663392196908,-1.2334195391743545,0.021683673469387755,0.017,25.76474873053289,9.76243183097945,1.554514745970098,1.353420278118044,0.8126029396888907,0.7286897469731399,-2.9387663392196908,0.021683673469387755,0.017,-1.2334195391743545
scene-1100,CAM_FRONT,18,1,car,0.507692277431488,58.961857382878684,33.02301937089268,0.7400018371305351,1.2046216423483003,1.1733564071588318,1.1509042600497958,-2.6401955217242405,0.1436131311149591,0.0,0.0,58.961857382878684,33.02301937089268,0.7400018371305351,1.2046216423483003,1.1733564071588318,1.1509042600497958,-2.6401955217242405,0.0,0.0,0.1436131311149591
scene-1100,CAM_FRONT,18,2,car,0.8083832263946533,64.10513855049858,39.42416901941266,1.6878845988085036,3.993902895432882,2.8376218911925193,1.5630588525874474,-2.7140254361446914,-0.5160947145222262,0.0,0.0,64.10513855049858,39.42416901941266,1.6878845988085036,3.993902895432882,2.8376218911925193,1.5630588525874474,-2.7140254361446914,0.0,0.0,-0.5160947145222262
scene-1100,CAM_FRONT,18,3,car,0.9101123809814453,18.57665419940108,0.036310960257827436,0.8360698612263152,4.3292256003897975,1.871370434856912,1.4949789803257951,0.865585927494632,-0.18514254800624297,0.0842921256629947,1.0330000000000001,18.57665419940108,0.036310960257827436,0.8360698612263152,4.3292256003897975,1.871370434856912,1.4949789803257951,0.865585927494632,0.0842921256629947,1.0330000000000001,-0.18514254800624297
scene-1100,CAM_FRONT,18,0,bus,0.8552036285400391,66.25017965387536,39.35128019408148,2.717440705973722,8.494699705242255,3.0244325031107273,4.377075967197733,-2.84574789098672,-0.13659955360120435,0.0,0.0,66.25017965387536,39.35128019408148,2.717440705973722,8.494699705242255,3.0244325031107273,4.377075967197733,-2.84574789098672,0.0,0.0,-0.13659955360120435
scene-1100,CAM_FRONT_LEFT,18,0,car,0.8400000333786011,45.79562578379826,28.026254259409285,1.3372984222305244,4.12094373648528,1.9006538073601966,1.454088090951539,-2.819035884764534,-0.5057452764367999,0.006076166024818143,0.07100000000000002,45.79562578379826,28.026254259409285,1.3372984222305244,4.12094373648528,1.9006538073601966,1.454088090951539,-2.819035884764534,0.006076166024818143,0.07100000000000002,-0.5057452764367999
scene-1100,CAM_FRONT_LEFT,18,1,car,0.5816993117332458,51.41952047237716,32.415541184715785,1.3223150734216529,1.5249504429892298,1.47261823071387,0.7247667294562099,1.4327085207055072,-0.8384882135391671,0.0,0.0,51.41952047237716,32.415541184715785,1.3223150734216529,1.5249504429892298,1.47261823071387,0.7247667294562099,1.4327085207055072,0.0,0.0,-0.8384882135391671
scene-1100,CAM_FRONT_LEFT,18,2,car,0.5460992455482483,62.635874618109554,32.60303580776836,1.643491306549732,1.7050677544214565,1.6673104029776766,0.8112706870843227,1.3673644118552657,-1.065067685739161,0.0,0.0,62.635874618109554,32.60303580776836,1.643491306549732,1.7050677544214565,1.6673104029776766,0.8112706870843227,1.3673644118552657,0.0,0.0,-1.065067685739161
scene-1100,CAM_FRONT_LEFT,18,0,bus,0.7928802371025085,67.18933696782827,38.67166696680265,2.166866840996778,8.861738071526077,2.8946034085412897,4.854911803258305,-2.8624137418123934,0.4706161443869137,0.0,0.0,67.18933696782827,38.67166696680265,2.166866840996778,8.861738071526077,2.8946034085412897,4.854911803258305,-2.8624137418123934,0.0,0.0,0.4706161443869137
scene-1100,CAM_FRONT_RIGHT,18,0,car,0.827957034111023,6.653185490534577,-21.897803830648193,0.07649548341081691,3.90967328492097,2.400545686311674,2.0183849997389864,2.031022319028928,0.29236062214867875,0.03782051282051282,0.7080000000000002,6.653185490534577,-21.897803830648193,0.07649548341081691,3.90967328492097,2.400545686311674,2.0183849997389864,2.031022319028928,0.03782051282051282,0.7080000000000002,0.29236062214867875
scene-1100,CAM_FRONT_RIGHT,18,1,car,0.8358974456787109,27.35139216729419,-47.31691801051969,1.367046493565299,2.007389738819181,2.045715984611391,1.4648229043236294,-2.5991881123171154,-1.053189585852337,0.0015,0.009000000000000003,27.35139216729419,-47.31691801051969,1.367046493565299,2.007389738819181,2.045715984611391,1.4648229043236294,-2.5991881123171154,0.0015,0.009000000000000003,-1.053189585852337
scene-1100,CAM_FRONT_RIGHT,18,2,car,0.6559139490127563,9.440188815133318,-28.38096516715291,0.40026421176116556,1.4680495591497706,1.2698931152409259,1.5240112683997251,3.0357313540549264,-0.2732017647980889,0.0,0.0,9.440188815133318,-28.38096516715291,0.40026421176116556,1.4680495591497706,1.2698931152409259,1.5240112683997251,3.0357313540549264,0.0,0.0,-0.2732017647980889
scene-1100,CAM_FRONT_RIGHT,18,0,bus,0.9179486632347107,9.824236330139458,-24.137949591695435,1.4656405342171417,11.141518218273895,3.965127213776834,6.316476788276664,2.037727710611551,1.058123165192339,0.015208065208065207,4.254000000000001,9.824236330139458,-24.137949591695435,1.4656405342171417,11.141518218273895,3.965127213776834,6.316476788276664,2.037727710611551,0.015208065208065207,4.254000000000001,1.058123165192339
scene-1100,CAM_BACK,18,0,car,0.6483516097068787,-19.343800321758426,-18.49210501802256,-0.5522531646389931,1.506463035284369,1.2464107365690253,2.2839431753862263,2.361308601242358,1.1884551419271379,0.04613526570048309,0.19100000000000003,-19.343800321758426,-18.49210501802256,-0.5522531646389931,1.506463035284369,1.2464107365690253,2.2839431753862263,2.361308601242358,0.04613526570048309,0.19100000000000003,1.1884551419271379
scene-1100,CAM_BACK,18,1,car,0.5038759708404541,-3.951637770374205,-1.9541789034703225,1.3913830657574162,0.2505344085206272,0.2708973642242949,0.27348453098039216,2.147114689230694,-1.2715215509233482,0.14814814814814814,0.004000000000000001,-3.951637770374205,-1.9541789034703225,1.3913830657574162,0.2505344085206272,0.2708973642242949,0.27348453098039216,2.147114689230694,0.14814814814814814,0.004000000000000001,-1.2715215509233482
scene-1100,CAM_BACK,18,2,car,0.9101123809814453,-5.25837616075291,-1.2670746217374655,0.6954535805345627,3.6639113414241855,2.0328810486685436,2.1152875024095468,-2.907627405801572,0.323929919386565,0.11518661518661519,1.7900000000000005,-5.25837616075291,-1.2670746217374655,0.6954535805345627,3.6639113414241855,2.0328810486685436,2.1152875024095468,-2.907627405801572,0.11518661518661519,1.7900000000000005,0.323929919386565
scene-1100,CAM_BACK,18,3,car,0.5936508178710938,-25.321855776627594,-14.608965705690455,0.5812960511375016,1.2808225432514817,0.5754535283014093,1.289699587787244,2.820418959294107,-0.4420095163686355,0.03057199211045365,0.031000000000000007,-25.321855776627594,-14.608965705690455,0.5812960511375016,1.2808225432514817,0.5754535283014093,1.289699587787244,2.820418959294107,0.03057199211045365,0.031000000000000007,-0.4420095163686355
scene-1100,CAM_BACK_RIGHT,18,0,car,0.9375000596046448,-9.451287165197442,-11.102255790676521,0.2927824734692871,4.674179001022127,2.147220356760503,1.6085981927378874,-2.8328819138780976,0.12054514109957726,0.067629179331307,1.0680000000000003,-9.451287165197442,-11.102255790676521,0.2927824734692871,4.674179001022127,2.147220356760503,1.6085981927378874,-2.8328819138780976,0.067629179331307,1.0680000000000003,0.12054514109957726
scene-1100,CAM_FRONT,19,0,car,0.9532163739204407,16.487105377809662,-2.2497362508943,0.8350979327282517,4.860767652479854,2.1662290357550553,1.5214449329048167,0.8719964941420623,-0.17189073638978836,0.11471861471861472,1.8550000000000006,16.487105377809662,-2.2497362508943,0.8350979327282517,4.860767652479854,2.1662290357550553,1.5214449329048167,0.8719964941420623,0.11471861471861472,1.8550000000000006,-0.17189073638978836
scene-1100,CAM_FRONT,19,1,car,0.6097560524940491,60.259712583304875,32.71893009628091,2.161028663466235,2.6726731924225646,1.5151645092552712,1.582285164575231,-2.9344244544290246,-1.1642720508174438,0.0,0.0,60.259712583304875,32.71893009628091,2.161028663466235,2.6726731924225646,1.5151645092552712,1.582285164575231,-2.9344244544290246,0.0,0.0,-1.1642720508174438
scene-1100,CAM_FRONT,19,2,car,0.8476190567016602,41.838743083427175,25.36474183203683,1.6935404069272733,3.2968080332655063,2.0135795551990725,1.1261050539381268,0.8402042103308351,-0.9785587398672675,0.012396694214876033,0.09000000000000002,41.838743083427175,25.36474183203683,1.6935404069272733,3.2968080332655063,2.0135795551990725,1.1261050539381268,0.8402042103308351,0.012396694214876033,0.09000000000000002,-0.9785587398672675
scene-1100,CAM_FRONT,19,3,car,0.6878048777580261,56.46380811342012,30.244365213330322,1.6856963637663513,1.3694829191102542,0.7119086344174193,1.3716359054103993,0.8563976397257878,-0.8395654604500372,0.0,0.0,56.46380811342012,30.244365213330322,1.6856963637663513,1.3694829191102542,0.7119086344174193,1.3716359054103993,0.8563976397257878,0.0,0.0,-0.8395654604500372
scene-1100,CAM_FRONT,19,4,car,0.6995305418968201,61.35053181008314,24.96651207408282,2.5341982257615796,2.7291761763223903,1.6457306657761208,1.1055728959996085,0.9884826761585442,-1.9301374930413546,0.0,0.0,61.35053181008314,24.96651207408282,2.5341982257615796,2.7291761763223903,1.6457306657761208,1.1055728959996085,0.9884826761585442,0.0,0.0,-1.9301374930413546
scene-1100,CAM_FRONT,19,0,bus,0.8048780560493469,68.63357252709113,40.50530940108003,3.4127569851799313,9.565476249133908,3.386666501323077,4.8741256444383865,-2.662536758165554,-0.6038574410636128,0.0,0.0,68.63357252709113,40.50530940108003,3.4127569851799313,9.565476249133908,3.386666501323077,4.8741256444383865,-2.662536758165554,0.0,0.0,-0.6038574410636128
scene-1100,CAM_FRONT_LEFT,19,0,car,0.8552036285400391,45.152460153005265,27.670934687193935,1.3010971550723986,4.119510793927262,1.8768166991090336,1.458930797558812,-2.7736894982318687,-0.28998437212627515,0.012494651262302097,0.14600000000000005,45.152460153005265,27.670934687193935,1.3010971550723986,4.119510793927262,1.8768166991090336,1.458930797558812,-2.7736894982318687,0.012494651262302097,0.14600000000000005,-0.28998437212627515
scene-1100,CAM_FRONT_LEFT,19,1,car,0.6640419960021973,57.6737539781789,38.53081443118139,1.772607538600286,2.1389481452244468,2.1799474648555446,1.033904273660465,1.5614967208015056,-0.7974508343376501,0.0,0.0,57.6737539781789,38.53081443118139,1.772607538600286,2.1389481452244468,2.1799474648555446,1.033904273660465,1.5614967208015056,0.0,0.0,-0.7974508343376501
scene-1100,CAM_FRONT_LEFT,19,2,car,0.604938268661499,62.91186325921692,32.3473554303935,1.2683054911980787,2.0552320802263964,1.5822991436424374,1.767353388321085,0.9570727208394615,-0.08672400758975174,0.0,0.0,62.91186325921692,32.3473554303935,1.2683054911980787,2.0552320802263964,1.5822991436424374,1.767353388321085,0.9570727208394615,0.0,0.0,-0.08672400758975174
scene-1100,CAM_FRONT_LEFT,19,3,car,0.6097560524940491,63.88400910276514,33.377506936320124,2.145390022461169,3.0574360577783324,1.6483755181216466,1.663419051856868,3.1375490917757634,-0.9987632301638689,0.0,0.0,63.88400910276514,33.377506936320124,2.145390022461169,3.0574360577783324,1.6483755181216466,1.663419051856868,3.1375490917757634,0.0,0.0,-0.9987632301638689
scene-1100,CAM_FRONT_LEFT,19,0,bus,0.8827838897705078,67.63529837235342,40.20600999315376,2.8305931480086763,8.67847569093719,3.091325523851669,4.244413127302079,-2.775511549329588,-0.26582424266757343,0.0,0.0,67.63529837235342,40.20600999315376,2.8305931480086763,8.67847569093719,3.091325523851669,4.244413127302079,-2.775511549329588,0.0,0.0,-0.26582424266757343
scene-1100,CAM_FRONT_RIGHT,19,0,car,0.8358974456787109,6.593555321802176,-21.686347494194813,0.04960339375752909,3.791945206693949,2.308712413155652,1.9708174175636053,2.0985914099425886,0.39400863075913684,0.039988558352402746,0.6990000000000002,6.593555321802176,-21.686347494194813,0.04960339375752909,3.791945206693949,2.308712413155652,1.9708174175636053,2.0985914099425886,0.039988558352402746,0.6990000000000002,0.39400863075913684
scene-1100,CAM_FRONT_RIGHT,19,1,car,0.7968254089355469,27.969750145730096,-47.963171961695785,1.4388136830783738,2.1028890260974387,1.235425733471864,1.495955387564638,-2.6226991443808854,-0.5293313034173011,0.0013227513227513227,0.005000000000000001,27.969750145730096,-47.963171961695785,1.4388136830783738,2.1028890260974387,1.235425733471864,1.495955387564638,-2.6226991443808854,0.0013227513227513227,0.005000000000000001,-0.5293313034173011
scene-1100,CAM_FRONT_RIGHT,19,2,car,0.6289855241775513,9.271018930572962,-27.920738394158594,0.20969779320937665,1.6357334180938663,0.6172161015138933,1.6478610288901097,-3.0540251755164336,0.11757695904009102,0.006510416666666667,0.010000000000000004,9.271018930572962,-27.920738394158594,0.20969779320937665,1.6357334180938663,0.6172161015138933,1.6478610288901097,-3.0540251755164336,0.006510416666666667,0.010000000000000004,0.11757695904009102
scene-1100,CAM_FRONT_RIGHT,19,0,bus,0.9139785170555115,9.724611688884714,-23.68282667552121,1.1140555326581592,10.15806139001117,3.5270318449916154,5.7186540193712965,2.0500358840720563,1.2718656986194385,0.015239078087375301,3.1010000000000004,9.724611688884714,-23.68282667552121,1.1140555326581592,10.15806139001117,3.5270318449916154,5.7186540193712965,2.0500358840720563,0.015239078087375301,3.1010000000000004,1.2718656986194385
scene-1100,CAM_BACK,19,0,car,0.7538461089134216,-35.51730205028441,-31.079449462716912,-1.4898387975650134,9.243893449727025,5.640636991327611,4.663290898616757,2.7424153585349096,3.386343488120569,0.0012306726575921766,0.2980000000000001,-35.51730205028441,-31.079449462716912,-1.4898387975650134,9.243893449727025,5.640636991327611,4.663290898616757,2.7424153585349096,0.0012306726575921766,0.2980000000000001,3.386343488120569
scene-1100,CAM_BACK,19,1,car,0.5428571701049805,-3.9722321297553647,-1.9850001061997258,1.4354289257274049,0.45381675885116524,0.4139154409120174,0.21592086109514175,0.9924270663334487,-1.4263558120624444,0.675,0.027000000000000007,-3.9722321297553647,-1.9850001061997258,1.4354289257274049,0.45381675885116524,0.4139154409120174,0.21592086109514175,0.9924270663334487,0.675,0.027000000000000007,-1.4263558120624444
scene-1100,CAM_BACK,19,2,car,0.9179486632347107,-5.193447155847067,-1.266112431606128,0.719268428756242,3.638048804605563,2.2420999505790853,2.1662067003821024,-2.9101699233512233,0.22844173403113033,0.12626262626262627,2.2000000000000006,-5.193447155847067,-1.266112431606128,0.719268428756242,3.638048804605563,2.2420999505790853,2.1662067003821024,-2.9101699233512233,0.12626262626262627,2.2000000000000006,0.22844173403113033
scene-1100,CAM_BACK_RIGHT,19,0,car,0.8358974456787109,-14.254650512530365,-12.502184264091056,-0.011083996664305318,5.251153529598573,2.406761284377195,1.8282544449643034,-2.8571547558776724,0.4929093104149964,0.022580363382250175,0.5170000000000001,-14.254650512530365,-12.502184264091056,-0.011083996664305318,5.251153529598573,2.406761284377195,1.8282544449643034,-2.8571547558776724,0.022580363382250175,0.5170000000000001,0.4929093104149964
scene-1100,CAM_FRONT,20,0,car,0.9569892287254333,14.91771599908894,-4.7873210954570835,0.7643309885314636,4.9153738934986295,2.044718313693787,1.5337625584180998,1.1115012078829158,-0.10287020936246805,0.1298639455782313,1.9090000000000005,14.91771599908894,-4.7873210954570835,0.7643309885314636,4.9153738934986295,2.044718313693787,1.5337625584180998,1.1115012078829158,0.1298639455782313,1.9090000000000005,-0.10287020936246805
scene-1100,CAM_FRONT,20,1,car,0.8324607610702515,43.33426893843581,26.4789726757207,1.5508324423722322,3.2654599719674664,2.00607360881412,1.076827921052589,0.8918692190887945,-0.7256862552357539,0.0001377410468319559,0.001,43.33426893843581,26.4789726757207,1.5508324423722322,3.2654599719674664,2.00607360881412,1.076827921052589,0.8918692190887945,0.0001377410468319559,0.001,-0.7256862552357539
scene-1100,CAM_FRONT,20,2,car,0.6332378387451172,61.109903783328555,26.183627428509585,2.2985192032873583,2.797174024724356,1.692273112250927,1.3061278682987998,3.04680052045227,-1.2756261210838353,0.0,0.0,61.109903783328555,26.183627428509585,2.2985192032873583,2.797174024724356,1.692273112250927,1.3061278682987998,3.04680052045227,0.0,0.0,-1.2756261210838353
scene-1100,CAM_FRONT,20,3,car,0.6604774594306946,65.39185681903022,34.873526583111584,2.179206071094948,2.89217382865165,1.6762770538692493,1.5896032577610066,-2.8665870601707995,-0.919320038461164,0.0,0.0,65.39185681903022,34.873526583111584,2.179206071094948,2.89217382865165,1.6762770538692493,1.5896032577610066,-2.8665870601707995,0.0,0.0,-0.919320038461164
scene-1100,CAM_FRONT,20,4,car,0.5747508406639099,58.77579327258155,31.6377959023533,1.4180987984386313,2.0150282467823857,1.9116552037619812,1.0399234333540024,1.283067175917391,-0.4957133721306639,0.0,0.0,58.77579327258155,31.6377959023533,1.4180987984386313,2.0150282467823857,1.9116552037619812,1.0399234333540024,1.283067175917391,0.0,0.0,-0.4957133721306639
scene-1100,CAM_FRONT,20,0,bus,0.827957034111023,69.95647551674026,40.92238169002996,2.61128036738562,9.021999365803978,3.5312537588483277,4.564730755237778,-2.7899321246583453,0.21128655499492677,0.0,0.0,69.95647551674026,40.92238169002996,2.61128036738562,9.021999365803978,3.5312537588483277,4.564730755237778,-2.7899321246583453,0.0,0.0,0.21128655499492677
scene-1100,CAM_FRONT_LEFT,20,0,car,0.8787879347801208,46.0672073759217,28.34391909491849,1.358600353902763,3.345259226944549,2.0350729248214936,1.4949013336128183,-2.7944064423952435,-0.23555069021868347,0.0077777777777777776,0.07700000000000001,46.0672073759217,28.34391909491849,1.358600353902763,3.345259226944549,2.0350729248214936,1.4949013336128183,-2.7944064423952435,0.0077777777777777776,0.07700000000000001,-0.23555069021868347
scene-1100,CAM_FRONT_LEFT,20,1,car,0.7575758099555969,61.218140213867464,42.43595980498559,2.173018001543202,2.4054214723272764,1.4720662381162661,1.0958823046691377,-2.38556093698893,-0.9607886860235135,0.0,0.0,61.218140213867464,42.43595980498559,2.173018001543202,2.4054214723272764,1.4720662381162661,1.0958823046691377,-2.38556093698893,0.0,0.0,-0.9607886860235135
scene-1100,CAM_FRONT_LEFT,20,2,car,0.7500000596046448,61.677593178763274,32.11634391517621,1.3890971693571212,1.6252628769212443,1.60946520765512,0.9383268615387542,2.4656783301243763,-0.42008522379244084,0.0,0.0,61.677593178763274,32.11634391517621,1.3890971693571212,1.6252628769212443,1.60946520765512,0.9383268615387542,2.4656783301243763,0.0,0.0,-0.42008522379244084
scene-1100,CAM_FRONT_LEFT,20,0,bus,0.8476190567016602,70.68043664772688,40.85193730398505,2.310504615571674,9.076002773443989,3.144762832952477,4.597752352258367,-2.881489456932542,0.6584218239623558,0.0,0.0,70.68043664772688,40.85193730398505,2.310504615571674,9.076002773443989,3.144762832952477,4.597752352258367,-2.881489456932542,0.0,0.0,0.6584218239623558
scene-1100,CAM_FRONT_RIGHT,20,0,car,0.8324607610702515,6.611437781441225,-21.65383450676598,0.00825822813024768,3.7690019159291275,2.277677563647831,1.6973677460395038,2.0446643606814576,0.23285600997510603,0.03984385516220218,0.5920000000000002,6.611437781441225,-21.65383450676598,0.00825822813024768,3.7690019159291275,2.277677563647831,1.6973677460395038,2.0446643606814576,0.03984385516220218,0.5920000000000002,0.23285600997510603
scene-1100,CAM_FRONT_RIGHT,20,1,car,0.8518518805503845,13.937113362615216,-6.231468412019836,0.38157090296366886,1.993481613315998,1.0033742355087252,0.915965393628848,2.8524465081175543,-0.012716357685232715,0.08333333333333333,0.15000000000000002,13.937113362615216,-6.231468412019836,0.38157090296366886,1.993481613315998,1.0033742355087252,0.915965393628848,2.8524465081175543,0.08333333333333333,0.15000000000000002,-0.012716357685232715
scene-1100,CAM_FRONT_RIGHT,20,2,car,0.6483516097068787,31.461754080211474,-52.62346007267762,1.7229615196974228,2.9485970339303833,2.9448687894192176,1.011706765700422,2.9434470766017093,-1.4774955873038311,0.0,0.0,31.461754080211474,-52.62346007267762,1.7229615196974228,2.9485970339303833,2.9448687894192176,1.011706765700422,2.9434470766017093,0.0,0.0,-1.4774955873038311
scene-1100,CAM_FRONT_RIGHT,20,3,car,0.6246334314346313,9.492781882304751,-27.91024697920582,0.15866345227452605,1.5313573043501654,0.4535738255912456,1.4946777632725894,-2.5429605568906375,0.01553129150242416,0.005333333333333333,0.006000000000000001,9.492781882304751,-27.91024697920582,0.15866345227452605,1.5313573043501654,0.4535738255912456,1.4946777632725894,-2.5429605568906375,0.005333333333333333,0.006000000000000001,0.01553129150242416
scene-1100,CAM_FRONT_RIGHT,20,0,bus,0.921951174736023,9.496243715454991,-21.726513036331845,1.5704468790938455,5.699919607371882,3.3168072911922932,5.072315295179003,1.9652731827500047,0.3660453055249222,0.02307908809456797,2.2140000000000004,9.496243715454991,-21.726513036331845,1.5704468790938455,5.699919607371882,3.3168072911922932,5.072315295179003,1.9652731827500047,0.02307908809456797,2.2140000000000004,0.3660453055249222
scene-1100,CAM_BACK,20,0,car,0.7928802371025085,-35.71118412767412,-26.827299059984885,-0.3762474551326439,7.397844119542583,4.6471621550366,3.751982491136495,3.03719523744366,1.796332190347803,0.006919104459150225,0.8950000000000001,-35.71118412767412,-26.827299059984885,-0.3762474551326439,7.397844119542583,4.6471621550366,3.751982491136495,3.03719523744366,0.006919104459150225,0.8950000000000001,1.796332190347803
scene-1100,CAM_BACK,20,1,car,0.9139785170555115,-5.024108916289821,-1.2204167660213816,0.8476802663450969,3.511372631248017,2.393070487685584,1.9486421040994997,-2.8774319316522012,0.07741429306129666,0.18596491228070175,2.968000000000001,-5.024108916289821,-1.2204167660213816,0.8476802663450969,3.511372631248017,2.393070487685584,1.9486421040994997,-2.8774319316522012,0.18596491228070175,2.968000000000001,0.07741429306129666
scene-1100,CAM_BACK_RIGHT,20,0,car,0.5311355590820312,-16.37490586854429,-13.883434536821275,0.05635989211260817,1.2081387378527317,1.0569326240614227,0.9908062579450838,1.2525703469150016,-0.07907699238429844,0.06666666666666667,0.08800000000000002,-16.37490586854429,-13.883434536821275,0.05635989211260817,1.2081387378527317,1.0569326240614227,0.9908062579450838,1.2525703469150016,0.06666666666666667,0.08800000000000002,-0.07907699238429844
scene-1100,CAM_FRONT,21,0,car,0.6952381134033203,58.287989915336546,27.177915465675326,1.5596146489844986,2.0744883446400735,2.09017973585785,0.5873874470202769,-2.9343126381070133,-0.7971644285680797,0.0,0.0,58.287989915336546,27.177915465675326,1.5596146489844986,2.0744883446400735,2.09017973585785,0.5873874470202769,-2.9343126381070133,0.0,0.0,-0.7971644285680797
scene-1100,CAM_FRONT,21,1,car,0.9336099624633789,13.885629289988827,-6.827480077054315,0.7643686375401344,4.056842786313476,1.8337158499174038,1.349341366392876,1.3610238073118082,-0.19819567828073104,0.0702522409839483,0.6740000000000003,13.885629289988827,-6.827480077054315,0.7643686375401344,4.056842786313476,1.8337158499174038,1.349341366392876,1.3610238073118082,0.0702522409839483,0.6740000000000003,-0.19819567828073104
scene-1100,CAM_FRONT,21,2,car,0.597484290599823,45.84928901223823,28.426414583062513,1.7869340106525544,1.423728063845438,1.1119510430408361,1.430318234777226,1.1835371812651114,-0.7095525197783763,0.0037105751391465678,0.008000000000000002,45.84928901223823,28.426414583062513,1.7869340106525544,1.423728063845438,1.1119510430408361,1.430318234777226,1.1835371812651114,0.0037105751391465678,0.008000000000000002,-0.7095525197783763
scene-1100,CAM_FRONT,21,3,car,0.6167664527893066,61.0018215294821,33.33541273149624,2.1049299284551686,1.6169680631006074,1.188587997642209,1.5631334024319876,0.8858408667830848,-0.785492939343972,0.0,0.0,61.0018215294821,33.33541273149624,2.1049299284551686,1.6169680631006074,1.188587997642209,1.5631334024319876,0.8858408667830848,0.0,0.0,-0.785492939343972
scene-1100,CAM_FRONT,21,0,bus,0.9024390578269958,49.96284917647638,29.95616520741032,2.4489016312571774,6.964708553510576,2.081753986610014,2.9567219137757785,-3.046176169101839,-0.5595726091074473,0.0012698412698412698,0.05600000000000001,49.96284917647638,29.95616520741032,2.4489016312571774,6.964708553510576,2.081753986610014,2.9567219137757785,-3.046176169101839,0.0012698412698412698,0.05600000000000001,-0.5595726091074473
scene-1100,CAM_FRONT_LEFT,21,0,car,0.8048780560493469,44.02822480860346,27.648605190040584,1.2479941037231408,3.6262565753659715,1.6674893950433827,1.3996113825344798,-2.8002371591060915,-0.3478024395984256,0.006185807656395891,0.053000000000000005,44.02822480860346,27.648605190040584,1.2479941037231408,3.6262565753659715,1.6674893950433827,1.3996113825344798,-2.8002371591060915,0.006185807656395891,0.053000000000000005,-0.3478024395984256
scene-1100,CAM_FRONT_LEFT,21,1,car,0.6332378387451172,56.12827076442414,30.20326474102732,1.9600812699890988,2.313641330604419,1.3114228583893102,1.3145439124004836,-2.8601686021263424,-1.0058534302858968,0.0,0.0,56.12827076442414,30.20326474102732,1.9600812699890988,2.313641330604419,1.3114228583893102,1.3145439124004836,-2.8601686021263424,0.0,0.0,-1.0058534302858968
scene-1100,CAM_FRONT_LEFT,21,0,bus,0.8827838897705078,71.37088009753846,42.29872919915702,2.0619520810336334,9.010224672686476,3.083833175704118,4.412574120854571,-2.8965804986950894,0.5586400106932432,0.0,0.0,71.37088009753846,42.29872919915702,2.0619520810336334,9.010224672686476,3.083833175704118,4.412574120854571,-2.8965804986950894,0.0,0.0,0.5586400106932432
scene-1100,CAM_FRONT_RIGHT,21,0,car,0.8048780560493469,7.012591317845315,-22.298194728711284,0.18287968445412306,4.116285946018824,2.535654888465495,1.7666852061049891,2.0214253326252627,0.16125808270664788,0.037073170731707315,0.684,7.012591317845315,-22.298194728711284,0.18287968445412306,4.116285946018824,2.535654888465495,1.7666852061049891,2.0214253326252627,0.037073170731707315,0.684,0.16125808270664788
scene-1100,CAM_FRONT_RIGHT,21,1,car,0.921951174736023,13.649425736685144,-7.284609421942854,0.7772498381591978,4.582864063095629,1.965972364230847,1.4076641369362755,1.0999477217222124,-0.16994518222482013,0.1327639751552795,1.7100000000000002,13.649425736685144,-7.284609421942854,0.7772498381591978,4.582864063095629,1.965972364230847,1.4076641369362755,1.0999477217222124,0.1327639751552795,1.7100000000000002,-0.16994518222482013
scene-1100,CAM_FRONT_RIGHT,21,2,car,0.5936508178710938,9.769109315339886,-28.438419331529094,0.20286415981741657,1.7266363271669185,1.7774290581860246,1.8766289002931718,2.0777665897782023,0.26246138680667785,0.0015479876160990713,0.009000000000000003,9.769109315339886,-28.438419331529094,0.20286415981741657,1.7266363271669185,1.7774290581860246,1.8766289002931718,2.0777665897782023,0.0015479876160990713,0.009000000000000003,0.26246138680667785
scene-1100,CAM_FRONT_RIGHT,21,0,bus,0.9298245906829834,9.691000986103926,-21.610487310557826,1.549761750264193,5.7813482809502865,3.42101490750885,5.534202925998132,2.0099977862042864,0.7728282991606543,0.023935091277890466,2.5960000000000005,9.691000986103926,-21.610487310557826,1.549761750264193,5.7813482809502865,3.42101490750885,5.534202925998132,2.0099977862042864,0.023935091277890466,2.5960000000000005,0.7728282991606543
scene-1100,CAM_BACK,21,0,car,0.6332378387451172,-22.188837574750888,-15.996819259149966,0.6916678366804898,4.202424235031216,2.7010638416561648,1.3065931043320376,-2.7416160119848794,-0.5898437695799312,0.027336860670194002,0.403,-22.188837574750888,-15.996819259149966,0.6916678366804898,4.202424235031216,2.7010638416561648,1.3065931043320376,-2.7416160119848794,0.027336860670194002,0.403,-0.5898437695799312
scene-1100,CAM_BACK,21,1,car,0.827957034111023,-5.082206826696247,-1.33860344196621,0.7434578341669391,3.536672298783225,2.508170179312499,1.9658686386569229,-2.876477979289871,0.16286010852310984,0.18691428571428573,3.271000000000001,-5.082206826696247,-1.33860344196621,0.7434578341669391,3.536672298783225,2.508170179312499,1.9658686386569229,-2.876477979289871,0.18691428571428573,3.271000000000001,0.16286010852310984
scene-1100,CAM_FRONT,22,0,car,0.5897435545921326,39.15606086640935,21.179081235339936,0.5411013014248994,1.533945858652693,1.2983737615429336,1.7129077672560429,-2.6247474910751927,0.40532771574136817,0.0,0.0,39.15606086640935,21.179081235339936,0.5411013014248994,1.533945858652693,1.2983737615429336,1.7129077672560429,-2.6247474910751927,0.0,0.0,0.40532771574136817
scene-1100,CAM_FRONT,22,1,car,0.6097560524940491,53.67627624743023,31.82871943747144,2.2610700496549265,4.168652894991141,2.0061335304192287,1.6437419735948051,-2.4583967423638735,-1.2758867618178282,0.0,0.0,53.67627624743023,31.82871943747144,2.2610700496549265,4.168652894991141,2.0061335304192287,1.6437419735948051,-2.4583967423638735,0.0,0.0,-1.2758867618178282
scene-1100,CAM_FRONT,22,2,car,0.5428571701049805,35.785550969144126,22.24809021071009,0.9466256738682952,0.8254221457951729,0.796475626368192,0.25202093053795205,1.6066027679273513,-0.6921448622677229,0.0,0.0,35.785550969144126,22.24809021071009,0.9466256738682952,0.8254221457951729,0.796475626368192,0.25202093053795205,1.6066027679273513,0.0,0.0,-0.6921448622677229
scene-1100,CAM_FRONT,22,0,motorcycle,0.5704697966575623,29.509832835419953,7.432176706493535,-4.612741789485979,1.83004905106921,1.7523897681149414,2.7179817704086853,-2.6803509361383027,6.004306270333364,0.0,0.0,29.509832835419953,7.432176706493535,-4.612741789485979,1.83004905106921,1.7523897681149414,2.7179817704086853,-2.6803509361383027,0.0,0.0,6.004306270333364
scene-1100,CAM_FRONT_LEFT,22,0,car,0.6908212304115295,45.63829200707992,37.35436589588831,1.9656375768405565,1.9164112793101586,1.833873709745383,0.5978826920428477,2.3085391348515234,-1.2382175130151776,0.0,0.0,45.63829200707992,37.35436589588831,1.9656375768405565,1.9164112793101586,1.833873709745383,0.5978826920428477,2.3085391348515234,0.0,0.0,-1.2382175130151776
scene-1100,CAM_FRONT_LEFT,22,1,car,0.6167664527893066,45.12273809547375,26.81282461012926,2.049625546982898,2.143685376786692,1.4463835843798787,0.6685917891885591,-2.4027956728859916,-1.4926128440695265,0.0,0.0,45.12273809547375,26.81282461012926,2.049625546982898,2.143685376786692,1.4463835843798787,0.6685917891885591,-2.4027956728859916,0.0,0.0,-1.4926128440695265
scene-1100,CAM_FRONT_LEFT,22,2,car,0.6012461185455322,29.332823647945244,13.624753277046546,0.893605894748362,5.631622767853827,1.984939729060585,2.0332585927280893,1.275083362647168,0.19792528044945334,0.006205357142857143,0.13900000000000004,29.332823647945244,13.624753277046546,0.893605894748362,5.631622767853827,1.984939729060585,2.0332585927280893,1.275083362647168,0.006205357142857143,0.13900000000000004,0.19792528044945334
scene-1100,CAM_FRONT_LEFT,22,3,car,0.8048780560493469,39.905727834320146,26.9822156349426,1.1794518116942372,3.6158299175569937,1.652634966148879,1.276059733974932,-2.795456690731665,-0.31184339007649164,0.011814982403217697,0.09400000000000003,39.905727834320146,26.9822156349426,1.1794518116942372,3.6158299175569937,1.652634966148879,1.276059733974932,-2.795456690731665,0.011814982403217697,0.09400000000000003,-0.31184339007649164
scene-1100,CAM_FRONT_RIGHT,22,0,car,0.8987342119216919,7.1070569198586515,-20.813980769891693,0.14561109204132883,3.658303793830136,2.4206139690806046,1.7853505907128653,2.1247379915666147,0.15255114465268926,0.05411661661661662,0.8650000000000002,7.1070569198586515,-20.813980769891693,0.14561109204132883,3.658303793830136,2.4206139690806046,1.7853505907128653,2.1247379915666147,0.05411661661661662,0.8650000000000002,0.15255114465268926
scene-1100,CAM_FRONT_RIGHT,22,1,car,0.9569892287254333,13.243096327944894,-9.538180997780616,0.744277627862666,4.972511948497395,2.1241402801954568,1.4950412807397793,1.3431791858911968,-0.16362631491873314,0.09682539682539683,1.5250000000000004,13.243096327944894,-9.538180997780616,0.744277627862666,4.972511948497395,2.1241402801954568,1.4950412807397793,1.3431791858911968,0.09682539682539683,1.5250000000000004,-0.16362631491873314
scene-1100,CAM_FRONT_RIGHT,22,2,car,0.8012422323226929,35.97323810583373,-51.64510599325815,2.0759975871960386,3.4924634851501892,1.683844104737581,1.4090513491220091,-3.033703062696908,-1.0194450328475888,0.0,0.0,35.97323810583373,-51.64510599325815,2.0759975871960386,3.4924634851501892,1.683844104737581,1.4090513491220091,-3.033703062696908,0.0,0.0,-1.0194450328475888
scene-1100,CAM_FRONT_RIGHT,22,3,car,0.6167664527893066,10.966014781807257,-29.190976421839583,0.13604043811680772,1.6256583872568697,1.6045201911785085,1.5990198440375165,2.50340285056346,0.15032433514783072,0.00439453125,0.018000000000000006,10.966014781807257,-29.190976421839583,0.13604043811680772,1.6256583872568697,1.6045201911785085,1.5990198440375165,2.50340285056346,0.00439453125,0.018000000000000006,0.15032433514783072
scene-1100,CAM_FRONT_RIGHT,22,0,bus,0.9336099624633789,10.730901801643121,-23.82708369676075,1.074508698751918,10.518888484771114,3.927595572020968,6.0829412018041085,2.05280984446128,1.4242654261674703,0.011889749594667627,2.970000000000001,10.730901801643121,-23.82708369676075,1.074508698751918,10.518888484771114,3.927595572020968,6.0829412018041085,2.05280984446128,0.011889749594667627,2.970000000000001,1.4242654261674703
scene-1100,CAM_BACK,22,0,car,0.9064327478408813,-5.154203641602529,-1.4108837542761878,0.6528608677328172,3.750347179178402,1.9536287289726602,2.2286357823497243,-2.913085271531849,0.3781650159957559,0.1513157894736842,2.5300000000000002,-5.154203641602529,-1.4108837542761878,0.6528608677328172,3.750347179178402,1.9536287289726602,2.2286357823497243,-2.913085271531849,0.1513157894736842,2.5300000000000002,0.3781650159957559
scene-1100,CAM_BACK,22,1,car,0.5345454812049866,-27.207520837395382,-18.864246446928036,0.13097163242883247,2.1061229064278635,1.9539508304609967,1.5632935954787077,2.415514972243079,0.16870634521545913,0.014732142857142857,0.09900000000000002,-27.207520837395382,-18.864246446928036,0.13097163242883247,2.1061229064278635,1.9539508304609967,1.5632935954787077,2.415514972243079,0.014732142857142857,0.09900000000000002,0.16870634521545913
scene-1100,CAM_FRONT,23,0,motorcycle,0.5631399154663086,31.025008754361227,13.269787023713281,0.607970750393319,1.1828023721172052,0.32213858241065907,1.205893199296294,3.0803742995078585,0.06565065608809517,0.016203703703703703,0.007000000000000001,31.025008754361227,13.269787023713281,0.607970750393319,1.1828023721172052,0.32213858241065907,1.205893199296294,3.0803742995078585,0.016203703703703703,0.007000000000000001,0.06565065608809517
scene-1100,CAM_FRONT_LEFT,23,0,car,0.5395683646202087,31.188655028978364,13.851001318172628,0.8382679084881784,1.1383495934188659,0.5658122485870756,0.9407526414031133,2.7910572821918613,-0.3697746475266883,0.06060606060606061,0.03600000000000001,31.188655028978364,13.851001318172628,0.8382679084881784,1.1383495934188659,0.5658122485870756,0.9407526414031133,2.7910572821918613,0.06060606060606061,0.03600000000000001,-0.3697746475266883
scene-1100,CAM_FRONT_LEFT,23,1,car,0.5345454812049866,42.2056399228002,26.206512911962115,2.205168574202381,1.9717694912860395,1.277915660206368,0.6211778780613497,-2.382910957812992,-1.7503241013572761,0.0,0.0,42.2056399228002,26.206512911962115,2.205168574202381,1.9717694912860395,1.277915660206368,0.6211778780613497,-2.382910957812992,0.0,0.0,-1.7503241013572761
scene-1100,CAM_FRONT_LEFT,23,2,car,0.7968254089355469,40.183473625167665,29.2107133688886,1.1971372401626128,3.6408119505233003,1.647487166642966,1.411238459386475,-2.6131652932505385,-0.30029586431592525,0.012648809523809524,0.10200000000000002,40.183473625167665,29.2107133688886,1.1971372401626128,3.6408119505233003,1.647487166642966,1.411238459386475,-2.6131652932505385,0.012648809523809524,0.10200000000000002,-0.30029586431592525
scene-1100,CAM_FRONT_LEFT,23,0,bus,0.8476190567016602,71.86933069012565,48.30271946581269,2.207006096240388,9.45309194811756,3.3506364647282574,5.630375914384134,-2.8320415387719597,1.1313903599064519,0.0,0.0,71.86933069012565,48.30271946581269,2.207006096240388,9.45309194811756,3.3506364647282574,5.630375914384134,-2.8320415387719597,0.0,0.0,1.1313903599064519
scene-1100,CAM_FRONT_RIGHT,23,0,car,0.8987342119216919,7.5943735854248215,-20.67451858177267,0.27072507139749935,3.8183925855012575,2.3202353154658284,1.9867113176295255,2.1571818465247143,0.16247126181759297,0.04994279176201373,0.8730000000000002,7.5943735854248215,-20.67451858177267,0.27072507139749935,3.8183925855012575,2.3202353154658284,1.9867113176295255,2.1571818465247143,0.04994279176201373,0.8730000000000002,0.16247126181759297
scene-1100,CAM_FRONT_RIGHT,23,1,car,0.941605806350708,13.595348858467204,-12.16601929402827,0.7150712978712206,4.808470342284702,2.0238760764355597,1.4576067436177516,1.5128934806634515,-0.11906735774397781,0.024930555555555556,0.3590000000000001,13.595348858467204,-12.16601929402827,0.7150712978712206,4.808470342284702,2.0238760764355597,1.4576067436177516,1.5128934806634515,0.024930555555555556,0.3590000000000001,-0.11906735774397781
scene-1100,CAM_FRONT_RIGHT,23,2,car,0.6363636255264282,38.79041305498715,-48.98472093198846,2.0391254874153573,2.2124312078844426,2.209380479908969,0.7442492113901615,2.053586468103608,-1.1563444056994636,0.0,0.0,38.79041305498715,-48.98472093198846,2.0391254874153573,2.2124312078844426,2.209380479908969,0.7442492113901615,2.053586468103608,0.0,0.0,-1.1563444056994636
scene-1100,CAM_FRONT_RIGHT,23,3,car,0.7419355511665344,11.030624889671095,-27.169940660019815,0.10216395602489059,1.9105611103706508,1.6592637287344396,1.3942096464036946,2.069811970759807,0.06810900186628777,0.003980539584254755,0.018000000000000006,11.030624889671095,-27.169940660019815,0.10216395602489059,1.9105611103706508,1.6592637287344396,1.3942096464036946,2.069811970759807,0.003980539584254755,0.018000000000000006,0.06810900186628777
scene-1100,CAM_FRONT_RIGHT,23,0,bus,0.941605806350708,10.700292465594236,-20.845303485152282,1.6603424897783816,5.5189567626840415,3.0923180312635603,5.327899965812156,2.035329108210524,0.5499292428148912,0.02135782659215404,1.9300000000000004,10.700292465594236,-20.845303485152282,1.6603424897783816,5.5189567626840415,3.0923180312635603,5.327899965812156,2.035329108210524,0.02135782659215404,1.9300000000000004,0.5499292428148912
scene-1100,CAM_BACK,23,0,car,0.9139785170555115,-5.254348863501776,-1.575258943197311,0.5982742416478904,3.687686305391538,1.9781390205177294,2.165796865772058,-2.8610169890369463,0.44526338489219885,0.1457002457002457,2.3720000000000008,-5.254348863501776,-1.575258943197311,0.5982742416478904,3.687686305391538,1.9781390205177294,2.165796865772058,-2.8610169890369463,0.1457002457002457,2.3720000000000008,0.44526338489219885
scene-1100,CAM_FRONT,24,0,car,0.5857605338096619,30.617826363101344,18.478620946495962,0.7901203034889962,1.0365685892731769,1.0080203436540387,0.43151534349340603,1.887158462320594,-0.38724922746830637,0.0,0.0,30.617826363101344,18.478620946495962,0.7901203034889962,1.0365685892731769,1.0080203436540387,0.43151534349340603,1.887158462320594,0.0,0.0,-0.38724922746830637
scene-1100,CAM_FRONT,24,1,car,0.597484290599823,83.7102493642921,42.343180634700566,3.0211694171092276,3.6535322350726744,2.377359757628943,1.7556269521696013,-2.5255609970937525,-1.3847697131305976,0.0,0.0,83.7102493642921,42.343180634700566,3.0211694171092276,3.6535322350726744,2.377359757628943,1.7556269521696013,-2.5255609970937525,0.0,0.0,-1.3847697131305976
scene-1100,CAM_FRONT,24,0,motorcycle,0.6483516097068787,26.585716748847304,11.129191664259164,0.8177906835749441,0.7159389084279439,0.5514461675172946,0.9928951744545997,-3.1144463731446304,-0.2341077350099825,0.06666666666666667,0.028000000000000008,26.585716748847304,11.129191664259164,0.8177906835749441,0.7159389084279439,0.5514461675172946,0.9928951744545997,-3.1144463731446304,0.06666666666666667,0.028000000000000008,-0.2341077350099825
scene-1100,CAM_FRONT_LEFT,24,0,car,0.5508772134780884,42.834872975833534,30.98521150744181,1.020388977595116,1.3233929310431094,0.5385713176492111,1.2128482213652143,0.918973922024238,-0.14967927268757908,0.0,0.0,42.834872975833534,30.98521150744181,1.020388977595116,1.3233929310431094,0.5385713176492111,1.2128482213652143,0.918973922024238,0.0,0.0,-0.14967927268757908
scene-1100,CAM_FRONT_LEFT,24,1,car,0.8048780560493469,42.43862742520788,31.8313406095763,1.2625007252137352,3.4462191970588947,1.5434658288156582,1.4039192372195273,-2.6504379846493102,-0.2874851359351789,0.00784313725490196,0.05600000000000001,42.43862742520788,31.8313406095763,1.2625007252137352,3.4462191970588947,1.5434658288156582,1.4039192372195273,-2.6504379846493102,0.00784313725490196,0.05600000000000001,-0.2874851359351789
scene-1100,CAM_FRONT_LEFT,24,0,bus,0.8241757750511169,46.50218393154485,32.19843026749091,2.5979714590364082,5.242767433968972,1.866207558832519,2.8684239375555314,-2.735941268095941,-0.8735330009531463,0.0,0.0,46.50218393154485,32.19843026749091,2.5979714590364082,5.242767433968972,1.866207558832519,2.8684239375555314,-2.735941268095941,0.0,0.0,-0.8735330009531463
scene-1100,CAM_FRONT_RIGHT,24,0,car,0.8632478713989258,7.641022989841057,-20.325822242602566,0.30988263074729416,3.7903775787365923,2.5461738565515235,1.8641156506443761,2.1723553210453566,0.1381169634595527,0.061717451523545706,1.1140000000000003,7.641022989841057,-20.325822242602566,0.30988263074729416,3.7903775787365923,2.5461738565515235,1.8641156506443761,2.1723553210453566,0.061717451523545706,1.1140000000000003,0.1381169634595527
scene-1100,CAM_FRONT_RIGHT,24,1,car,0.8987342119216919,14.340747942772103,-15.212502359928823,0.7610865320860595,4.614664190161832,2.0245831737517346,1.4774929371332395,1.648899184332997,-0.26297688908096317,0.043478260869565216,0.6000000000000001,14.340747942772103,-15.212502359928823,0.7610865320860595,4.614664190161832,2.0245831737517346,1.4774929371332395,1.648899184332997,0.043478260869565216,0.6000000000000001,-0.26297688908096317
scene-1100,CAM_FRONT_RIGHT,24,2,car,0.6332378387451172,37.83951059123465,-45.99983242850692,2.4472952792786016,3.193854422313997,3.1697808905308733,0.8025204662452889,1.6008515441226125,-1.5009503908710755,0.0069580078125,0.057000000000000016,37.83951059123465,-45.99983242850692,2.4472952792786016,3.193854422313997,3.1697808905308733,0.8025204662452889,1.6008515441226125,0.0069580078125,0.057000000000000016,-1.5009503908710755
scene-1100,CAM_FRONT_RIGHT,24,0,bus,0.9139785170555115,10.86526521264121,-20.81633816670758,1.6928224119620983,5.665568576043487,3.0680275550028613,5.222736992858208,2.031837675232815,0.4454907217655899,0.019731400461451394,1.8130000000000004,10.86526521264121,-20.81633816670758,1.6928224119620983,5.665568576043487,3.0680275550028613,5.222736992858208,2.031837675232815,0.019731400461451394,1.8130000000000004,0.4454907217655899
scene-1100,CAM_BACK,24,0,car,0.9298245906829834,-5.368712682653069,-1.5455285373613625,0.6916353879264803,3.6911327378033185,2.006663518172198,2.1912448006076457,-2.8794196797831244,0.30988176869448125,0.11898034398034397,1.9370000000000005,-5.368712682653069,-1.5455285373613625,0.6916353879264803,3.6911327378033185,2.006663518172198,2.1912448006076457,-2.8794196797831244,0.11898034398034397,1.9370000000000005,0.30988176869448125
scene-1100,CAM_BACK,24,1,car,0.5661016702651978,-33.056105129716144,-22.486674041381132,0.5556913872206891,2.0953582647198488,2.098624751278649,1.1726713614661384,1.7120431799902114,-0.40805331281276946,0.0,0.0,-33.056105129716144,-22.486674041381132,0.5556913872206891,2.0953582647198488,2.098624751278649,1.1726713614661384,1.7120431799902114,0.0,0.0,-0.40805331281276946
scene-1100,CAM_FRONT,25,0,car,0.597484290599823,25.831253198131307,14.701883081251005,1.2286478934713405,0.9852479883382959,0.9909751122418342,0.3282799210138607,2.2646737553575096,-1.1190974727307217,0.07333333333333333,0.022000000000000002,25.831253198131307,14.701883081251005,1.2286478934713405,0.9852479883382959,0.9909751122418342,0.3282799210138607,2.2646737553575096,0.07333333333333333,0.022000000000000002,-1.1190974727307217
scene-1100,CAM_FRONT,25,1,car,0.5428571701049805,75.40348056784876,39.597894887550126,2.814135005608928,3.877642287657622,2.5148024205006045,1.2260828147455043,-2.9121267095632164,-1.6944795092240295,0.0,0.0,75.40348056784876,39.597894887550126,2.814135005608928,3.877642287657622,2.5148024205006045,1.2260828147455043,-2.9121267095632164,0.0,0.0,-1.6944795092240295
scene-1100,CAM_FRONT,25,0,motorcycle,0.7142857313156128,22.187413441129383,8.203151086987795,0.7375186300345136,2.0172726400840872,1.1567001212420411,1.3555573104126575,-2.6700632397635387,-0.15110897788566469,0.1074404761904762,0.3610000000000001,22.187413441129383,8.203151086987795,0.7375186300345136,2.0172726400840872,1.1567001212420411,1.3555573104126575,-2.6700632397635387,0.1074404761904762,0.3610000000000001,-0.15110897788566469
scene-1100,CAM_FRONT,25,0,truck,0.5540069937705994,77.50635811865743,44.657366867409806,3.1119229094998717,3.126993081300526,1.8962141366020404,1.7666188695713312,2.8610706613303223,-1.6741410282725555,0.0,0.0,77.50635811865743,44.657366867409806,3.1119229094998717,3.126993081300526,1.8962141366020404,1.7666188695713312,2.8610706613303223,0.0,0.0,-1.6741410282725555
scene-1100,CAM_FRONT_LEFT,25,0,car,0.5151515007019043,33.25030321257899,16.929936970029175,1.1181789376295876,0.7252525459738384,0.7231452515119656,0.427674500147339,2.0086334695981662,-0.7859862345415444,0.0,0.0,33.25030321257899,16.929936970029175,1.1181789376295876,0.7252525459738384,0.7231452515119656,0.427674500147339,2.0086334695981662,0.0,0.0,-0.7859862345415444
scene-1100,CAM_FRONT_LEFT,25,1,car,0.507692277431488,42.87625716619243,30.91221839175352,0.8838614181144074,1.046634977630525,0.694711419442517,1.1607876369274617,-2.6482067165344487,-0.0774531941617087,0.0,0.0,42.87625716619243,30.91221839175352,0.8838614181144074,1.046634977630525,0.694711419442517,1.1607876369274617,-2.6482067165344487,0.0,0.0,-0.0774531941617087
scene-1100,CAM_FRONT_LEFT,25,2,car,0.6332378387451172,65.79285747410191,33.920857070574655,2.164738823857071,1.8375882923201559,1.7956672044941229,0.7116634498980243,1.5551919714919142,-1.3304667247720876,0.0,0.0,65.79285747410191,33.920857070574655,2.164738823857071,1.8375882923201559,1.7956672044941229,0.7116634498980243,1.5551919714919142,0.0,0.0,-1.3304667247720876
scene-1100,CAM_FRONT_LEFT,25,3,car,0.7730495929718018,42.218575741091904,31.518963500242126,1.4142404342390333,2.9423251784508437,1.6756283077420733,1.3009597055133484,-2.64594808972791,-0.540696903932997,0.01685130285535965,0.10800000000000003,42.218575741091904,31.518963500242126,1.4142404342390333,2.9423251784508437,1.6756283077420733,1.3009597055133484,-2.64594808972791,0.01685130285535965,0.10800000000000003,-0.540696903932997
scene-1100,CAM_FRONT_LEFT,25,0,bus,0.8241757750511169,47.169647030780474,32.35597719092544,2.629009920209363,5.018749439295846,1.781045036701439,2.4348738064432833,-2.863872410847218,-1.1429470721348922,0.0,0.0,47.169647030780474,32.35597719092544,2.629009920209363,5.018749439295846,1.781045036701439,2.4348738064432833,-2.863872410847218,0.0,0.0,-1.1429470721348922
scene-1100,CAM_FRONT_RIGHT,25,0,car,0.8750000596046448,7.711227415055525,-20.554268069108307,0.2690720797888725,3.89118360707549,2.5571322369334357,1.8922840426342715,2.1798482021349233,0.1911222431735422,0.05984636146579467,1.1530000000000005,7.711227415055525,-20.554268069108307,0.2690720797888725,3.89118360707549,2.5571322369334357,1.8922840426342715,2.1798482021349233,0.05984636146579467,1.1530000000000005,0.1911222431735422
scene-1100,CAM_FRONT_RIGHT,25,1,car,0.9139785170555115,15.565148481427878,-18.78178730428064,0.6697884463558441,4.495197932242387,2.0625757289567925,1.5180961845675265,1.803020421133464,-0.10272794307373645,0.013474426807760141,0.19100000000000003,15.565148481427878,-18.78178730428064,0.6697884463558441,4.495197932242387,2.0625757289567925,1.5180961845675265,1.803020421133464,0.013474426807760141,0.19100000000000003,-0.10272794307373645
scene-1100,CAM_FRONT_RIGHT,25,2,car,0.6132930517196655,11.089584284846435,-26.11247415622236,0.36773147064531186,1.5795496220706333,0.6047892555440306,1.579685664538633,2.9244450852328687,-0.035137266515491206,0.015625,0.024000000000000007,11.089584284846435,-26.11247415622236,0.36773147064531186,1.5795496220706333,0.6047892555440306,1.579685664538633,2.9244450852328687,0.015625,0.024000000000000007,-0.035137266515491206
scene-1100,CAM_FRONT_RIGHT,25,0,bus,0.9179486632347107,10.87377270917372,-20.607565605759646,1.8053723203090375,5.105105221942672,3.098507317528694,4.923074986953104,2.024917760418924,0.2180144394581791,0.020291987762847075,1.5720000000000005,10.87377270917372,-20.607565605759646,1.8053723203090375,5.105105221942672,3.098507317528694,4.923074986953104,2.024917760418924,0.020291987762847075,1.5720000000000005,0.2180144394581791
scene-1100,CAM_BACK,25,0,car,0.8865247964859009,-5.372398751092724,-1.5152794897560204,0.8187859118140036,3.640934281687008,2.2032532112839913,2.1952520994761064,-2.8640507179885857,0.1796633585346682,0.12746786042240588,2.2210000000000005,-5.372398751092724,-1.5152794897560204,0.8187859118140036,3.640934281687008,2.2032532112839913,2.1952520994761064,-2.8640507179885857,0.12746786042240588,2.2210000000000005,0.1796633585346682
scene-1100,CAM_BACK,25,1,car,0.507692277431488,-43.42890814138902,-28.49213328314467,0.46161357081113896,3.3999915679864117,2.349433573612135,1.041285643541481,-2.8116694232745636,-0.3644885722596978,0.0,0.0,-43.42890814138902,-28.49213328314467,0.46161357081113896,3.3999915679864117,2.349433573612135,1.041285643541481,-2.8116694232745636,0.0,0.0,-0.3644885722596978
scene-1100,CAM_FRONT,26,0,motorcycle,0.6908212304115295,18.177894466959238,5.470438523040319,0.770433016118185,1.8948796978506763,0.9070998165825932,1.1616409009115098,-2.598435517476941,-0.2133741882701381,0.09600389863547758,0.19700000000000004,18.177894466959238,5.470438523040319,0.770433016118185,1.8948796978506763,0.9070998165825932,1.1616409009115098,-2.598435517476941,0.09600389863547758,0.19700000000000004,-0.2133741882701381
scene-1100,CAM_FRONT_LEFT,26,0,car,0.507692277431488,47.70015514201654,31.845262862419705,1.687252632052369,1.9366460972679391,1.879657591611542,0.4216334026574964,-2.562354884015748,-1.306301594967319,0.0,0.0,47.70015514201654,31.845262862419705,1.687252632052369,1.9366460972679391,1.879657591611542,0.4216334026574964,-2.562354884015748,0.0,0.0,-1.306301594967319
scene-1100,CAM_FRONT_LEFT,26,1,car,0.5816993117332458,46.18343828324752,32.55424696074448,0.3088365598954422,1.1076170282087716,0.766430382301694,1.0755891397326862,-2.8023329592696946,0.3952061824924921,0.0,0.0,46.18343828324752,32.55424696074448,0.3088365598954422,1.1076170282087716,0.766430382301694,1.0755891397326862,-2.8023329592696946,0.0,0.0,0.3952061824924921
scene-1100,CAM_FRONT_LEFT,26,2,car,0.7968254089355469,45.50483821642451,33.80511071622739,1.3265872253325925,3.0883557578262995,1.859275250946871,1.5468158690382365,-2.5713497080144627,-0.39251517943766556,0.013242784380305603,0.11700000000000005,45.50483821642451,33.80511071622739,1.3265872253325925,3.0883557578262995,1.859275250946871,1.5468158690382365,-2.5713497080144627,0.013242784380305603,0.11700000000000005,-0.39251517943766556
scene-1100,CAM_FRONT_LEFT,26,0,bus,0.8400000333786011,46.59333863209457,31.390879554322723,2.852616140313415,5.107528703666858,1.7033189646576066,2.7577009451271133,-2.8162946819354184,-1.3032089138760332,0.0004531224254407645,0.011000000000000003,46.59333863209457,31.390879554322723,2.852616140313415,5.107528703666858,1.7033189646576066,2.7577009451271133,-2.8162946819354184,0.0004531224254407645,0.011000000000000003,-1.3032089138760332
scene-1100,CAM_FRONT_RIGHT,26,0,car,0.8476190567016602,7.580595238625106,-20.359127544838767,0.2470558339297656,3.9127911683740244,2.3810938739752965,1.849091980861403,2.147070812617433,0.16457502207100427,0.0568019943019943,0.9570000000000001,7.580595238625106,-20.359127544838767,0.2470558339297656,3.9127911683740244,2.3810938739752965,1.849091980861403,2.147070812617433,0.0568019943019943,0.9570000000000001,0.16457502207100427
scene-1100,CAM_FRONT_RIGHT,26,1,car,0.9101123809814453,16.729310384556886,-22.11201373429352,0.6958129471224138,3.8756469280633006,2.2452179887652264,1.555869177760348,1.7716699411652796,-0.10901820528241624,0.00641025641025641,0.08800000000000002,16.729310384556886,-22.11201373429352,0.6958129471224138,3.8756469280633006,2.2452179887652264,1.555869177760348,1.7716699411652796,0.00641025641025641,0.08800000000000002,-0.10901820528241624
scene-1100,CAM_FRONT_RIGHT,26,2,car,0.6132930517196655,10.958417720239567,-26.088072562164108,0.4089759161747639,1.8469231499146161,0.6056350489518678,1.5387570289505184,2.7509098294522856,-0.13712297447629918,0.008024691358024692,0.013000000000000003,10.958417720239567,-26.088072562164108,0.4089759161747639,1.8469231499146161,0.6056350489518678,1.5387570289505184,2.7509098294522856,0.008024691358024692,0.013000000000000003,-0.13712297447629918
scene-1100,CAM_FRONT_RIGHT,26,0,bus,0.9101123809814453,10.846008330253603,-20.760136224549687,1.6521645853194178,5.42972376263592,3.230741418850151,4.899675984006896,2.0213319834935306,0.3401828432913909,0.021577380952380952,1.8270000000000006,10.846008330253603,-20.760136224549687,1.6521645853194178,5.42972376263592,3.230741418850151,4.899675984006896,2.0213319834935306,0.021577380952380952,1.8270000000000006,0.3401828432913909
scene-1100,CAM_BACK,26,0,car,0.8709677457809448,-4.874379813874063,-1.4590869194667928,0.7002037914652767,3.5511728522762462,2.071187115218548,2.0597611623417142,-2.8701036029692855,0.2665590024636447,0.1372511967750063,2.1790000000000003,-4.874379813874063,-1.4590869194667928,0.7002037914652767,3.5511728522762462,2.071187115218548,2.0597611623417142,-2.8701036029692855,0.1372511967750063,2.1790000000000003,0.2665590024636447
scene-1100,CAM_BACK,26,1,car,0.6097560524940491,-45.06675291538794,-28.65276188287517,0.31108310339196843,2.650485327345635,1.8679814393188172,0.9706856474183387,-2.629847249203862,-0.34571385575167723,0.0,0.0,-45.06675291538794,-28.65276188287517,0.31108310339196843,2.650485327345635,1.8679814393188172,0.9706856474183387,-2.629847249203862,0.0,0.0,-0.34571385575167723
scene-1100,CAM_FRONT,27,0,motorcycle,0.8400000333786011,13.762540756641169,2.696422580948447,0.8313826496684299,2.5281708358335173,1.1417951253203729,1.5744686480755063,-2.620282606253274,-0.06864084274436233,0.22068181818181817,0.9710000000000002,13.765504124136788,2.6924914096972667,0.7975381925874121,2.5292519327366296,1.1405530163167334,1.642157562237542,-2.639794405752988,0.22113636363636363,0.9730000000000002,-0.0009519285823267332
scene-1100,CAM_FRONT_LEFT,27,0,car,0.604938268661499,36.2608543315779,19.501120195925,1.1186393641514902,2.0656071675898033,2.0611103086472404,0.5563406863526035,2.740348910871729,-0.690797555816726,0.012471655328798186,0.03300000000000001,36.2608543315779,19.501120195925,1.1186393641514902,2.0656071675898033,2.0611103086472404,0.5563406863526035,2.740348910871729,0.012471655328798186,0.03300000000000001,-0.690797555816726
scene-1100,CAM_FRONT_LEFT,27,1,car,0.6404494643211365,57.42307849428952,37.48584773873586,1.7472773322990305,2.2761030041913415,1.3361709569696618,1.130129361077113,-2.633241914864264,-0.7147040674995333,0.0,0.0,57.42307849428952,37.48584773873586,1.7472773322990305,2.2761030041913415,1.3361709569696618,1.130129361077113,-2.633241914864264,0.0,0.0,-0.7147040674995333
scene-1100,CAM_FRONT_LEFT,27,2,car,0.6132930517196655,50.09375778756539,35.95648537044628,1.150378354050372,1.5713472618905726,1.144245581044455,0.7353478911366177,1.1181685201586018,-0.3690549388680342,0.0,0.0,50.09375778756539,35.95648537044628,1.150378354050372,1.5713472618905726,1.144245581044455,0.7353478911366177,1.1181685201586018,0.0,0.0,-0.3690549388680342
scene-1100,CAM_FRONT_LEFT,27,3,car,0.6444444060325623,71.76339673689407,31.47619869040556,1.8903029085604657,2.372479619783821,2.2630023035106603,0.5691354230849133,2.4138980145177587,-1.063371791790348,0.0,0.0,71.76339673689407,31.47619869040556,1.8903029085604657,2.372479619783821,2.2630023035106603,0.5691354230849133,2.4138980145177587,0.0,0.0,-1.063371791790348
scene-1100,CAM_FRONT_LEFT,27,4,car,0.8202247023582458,48.72971601769796,36.220688223108844,1.2367982298633853,3.245051305779093,1.5327848243335547,1.3522934532911806,-2.6441091024244,-0.1496635002022768,0.0,0.0,48.72971601769796,36.220688223108844,1.2367982298633853,3.245051305779093,1.5327848243335547,1.3522934532911806,-2.6441091024244,0.0,0.0,-0.1496635002022768
scene-1100,CAM_FRONT_LEFT,27,0,bus,0.7730495929718018,52.68102906677089,34.90672177486629,3.309261383879428,5.490868837479901,1.7301086181090568,3.0463910460206667,-3.122404832182609,-1.3718265436903685,0.0,0.0,52.68102906677089,34.90672177486629,3.309261383879428,5.490868837479901,1.7301086181090568,3.0463910460206667,-3.122404832182609,0.0,0.0,-1.3718265436903685
scene-1100,CAM_FRONT_RIGHT,27,0,car,0.8632478713989258,7.7189549209979065,-20.370683364873805,0.267261296171043,3.531075992120627,2.249044717821463,1.6461415511104813,2.2191564165734525,0.08564255776859708,0.05454545454545454,0.672,7.7189549209979065,-20.370683364873805,0.267261296171043,3.531075992120627,2.249044717821463,1.6461415511104813,2.2191564165734525,0.05454545454545454,0.672,0.08564255776859708
scene-1100,CAM_FRONT_RIGHT,27,1,car,0.9101123809814453,18.16841599316511,-25.969018088918467,0.6521579512228752,4.168522105166627,1.9063754886873125,1.519865484056687,1.9180632917483091,-0.15271669955860645,0.0005012531328320802,0.006000000000000001,18.16841599316511,-25.969018088918467,0.6521579512228752,4.168522105166627,1.9063754886873125,1.519865484056687,1.9180632917483091,0.0005012531328320802,0.006000000000000001,-0.15271669955860645
scene-1100,CAM_FRONT_RIGHT,27,2,car,0.6483516097068787,10.963885449586586,-25.96197159215968,0.3991656892084475,1.6342994323648377,0.7814965612057705,1.565897905694108,2.789417816484364,-0.03491319946945626,0.0205078125,0.04200000000000001,10.963885449586586,-25.96197159215968,0.3991656892084475,1.6342994323648377,0.7814965612057705,1.565897905694108,2.789417816484364,0.0205078125,0.04200000000000001,-0.03491319946945626
scene-1100,CAM_FRONT_RIGHT,27,0,bus,0.8987342119216919,10.787507139642607,-20.478194798802285,1.69471202662538,5.113659285133739,3.0585327829748468,4.964495889328884,2.0436624459907633,0.3496561172425532,0.024225173940543958,1.9150000000000005,10.787507139642607,-20.478194798802285,1.69471202662538,5.113659285133739,3.0585327829748468,4.964495889328884,2.0436624459907633,0.024225173940543958,1.9150000000000005,0.3496561172425532
scene-1100,CAM_BACK,27,0,car,0.8552036285400391,-4.959759601299136,-1.4250138339071625,0.69260925528591,3.6933920156990165,2.074419959152618,2.0812345409399935,-2.854399077921599,0.27243968191592116,0.12073297787583502,1.9700000000000004,-4.959759601299136,-1.4250138339071625,0.69260925528591,3.6933920156990165,2.074419959152618,2.0812345409399935,-2.854399077921599,0.12073297787583502,1.9700000000000004,0.27243968191592116
scene-1100,CAM_FRONT,28,0,car,0.7104072570800781,64.9070222480456,29.71497138360041,2.893761603839663,3.1232412867235553,1.4372309882429235,1.1449723215572072,1.4048023095244493,-1.7688933315116824,0.0,0.0,64.9070222480456,29.71497138360041,2.893761603839663,3.1232412867235553,1.4372309882429235,1.1449723215572072,1.4048023095244493,0.0,0.0,-1.7688933315116824
scene-1100,CAM_FRONT,28,1,car,0.5704697966575623,76.50009191268691,37.80624003042152,3.440216715332334,2.989062095389258,1.8149841698875626,1.3830875924330677,-2.9731439668048067,-2.0650735662791915,0.0,0.0,76.50009191268691,37.80624003042152,3.440216715332334,2.989062095389258,1.8149841698875626,1.3830875924330677,-2.9731439668048067,0.0,0.0,-2.0650735662791915
scene-1100,CAM_FRONT,28,2,car,0.7064220309257507,40.415147572019514,21.931610706625303,1.5003271848674382,2.1547326406094003,1.3585722427137128,2.5689389148852015,2.069251037839648,0.02403690109994283,0.007367632367632368,0.059000000000000025,40.415147572019514,21.931610706625303,1.5003271848674382,2.1547326406094003,1.3585722427137128,2.5689389148852015,2.069251037839648,0.007367632367632368,0.059000000000000025,0.02403690109994283
scene-1100,CAM_FRONT,28,0,motorcycle,0.7229437232017517,8.690119437509622,-0.2856395587476126,0.638311655204881,1.5192147230111828,0.8868806940483527,1.0063807559081994,0.9668679604068341,-0.15255994228316805,0.4192592592592593,0.5660000000000002,8.690119437509622,-0.2856395587476126,0.638311655204881,1.5192147230111828,0.8868806940483527,1.0063807559081994,0.9668679604068341,0.4192592592592593,0.5660000000000002,-0.15255994228316805
scene-1100,CAM_FRONT_LEFT,28,0,car,0.5460992455482483,42.05572435056895,22.822118214085513,0.6066319024793136,4.419542432864823,3.2563571298151164,2.0716200338397286,-2.8968789728047124,0.46081269850980267,0.0024596615505706413,0.07500000000000001,42.05572435056895,22.822118214085513,0.6066319024793136,4.419542432864823,3.2563571298151164,2.0716200338397286,-2.8968789728047124,0.0024596615505706413,0.07500000000000001,0.46081269850980267
scene-1100,CAM_FRONT_LEFT,28,1,car,0.5508772134780884,55.35293966195669,35.71485981286193,0.2774707123088517,0.9532934990429993,0.5606111240573988,0.9369322343687021,0.9963807189160865,0.40555390194676555,0.0,0.0,55.35293966195669,35.71485981286193,0.2774707123088517,0.9532934990429993,0.5606111240573988,0.9369322343687021,0.9963807189160865,0.0,0.0,0.40555390194676555
scene-1100,CAM_FRONT_LEFT,28,2,car,0.6012461185455322,69.58589589699734,34.28824546599694,2.8286610234365805,2.046147217338792,1.2145545253326446,1.0810762213667955,2.81993074213057,-2.0141656602507414,0.0,0.0,69.58589589699734,34.28824546599694,2.8286610234365805,2.046147217338792,1.2145545253326446,1.0810762213667955,2.81993074213057,0.0,0.0,-2.0141656602507414
scene-1100,CAM_FRONT_LEFT,28,3,car,0.5816993117332458,47.77431650612908,33.768399993677605,1.0594088276778904,1.0665728180862004,1.0341869370151642,0.8541005643918614,1.4204989145563285,-0.45870272260884404,0.0,0.0,47.77431650612908,33.768399993677605,1.0594088276778904,1.0665728180862004,1.0341869370151642,0.8541005643918614,1.4204989145563285,0.0,0.0,-0.45870272260884404
scene-1100,CAM_FRONT_LEFT,28,4,car,0.7852349281311035,66.29912902748816,30.09365102410418,2.586571459800817,2.6936863704419327,1.2386739822750172,1.010201855193762,2.1616384922205243,-1.8452361206066845,0.0,0.0,66.29912902748816,30.09365102410418,2.586571459800817,2.6936863704419327,1.2386739822750172,1.010201855193762,2.1616384922205243,0.0,0.0,-1.8452361206066845
scene-1100,CAM_FRONT_LEFT,28,5,car,0.8160918951034546,47.54819492278707,34.79441061219569,1.2086871840025557,3.5757505372032696,1.6359564094008099,1.2714354312962957,-2.565382203340177,-0.38398848664683494,0.0,0.0,47.54819492278707,34.79441061219569,1.2086871840025557,3.5757505372032696,1.6359564094008099,1.2714354312962957,-2.565382203340177,0.0,0.0,-0.38398848664683494
scene-1100,CAM_FRONT_LEFT,28,0,bus,0.7142857313156128,52.719380234805406,33.89340387886626,3.0762848440586614,8.60843399679925,2.5322290632982014,2.9419891859035,-2.6750953929446055,-1.420737596482926,0.00022453889334402566,0.014000000000000004,52.719380234805406,33.89340387886626,3.0762848440586614,8.60843399679925,2.5322290632982014,2.9419891859035,-2.6750953929446055,0.00022453889334402566,0.014000000000000004,-1.420737596482926
scene-1100,CAM_FRONT_RIGHT,28,0,car,0.8476190567016602,7.621165018595438,-20.374993240381787,0.21458196072403757,3.8560806846134206,2.3354408112034526,1.910444924350215,2.1610980046150425,0.19491146035152163,0.05327700522208531,0.9080000000000001,7.621165018595438,-20.374993240381787,0.21458196072403757,3.8560806846134206,2.3354408112034526,1.910444924350215,2.1610980046150425,0.05327700522208531,0.9080000000000001,0.19491146035152163
scene-1100,CAM_FRONT_RIGHT,28,1,car,0.8865247964859009,19.953291507367194,-29.988705853655514,0.6881439644805937,4.075454662055719,1.8795807144426053,1.419433286073869,2.010593215719341,-0.369661659727198,0.0048597102512378506,0.05300000000000001,19.953291507367194,-29.988705853655514,0.6881439644805937,4.075454662055719,1.8795807144426053,1.419433286073869,2.010593215719341,0.0048597102512378506,0.05300000000000001,-0.369661659727198
scene-1100,CAM_FRONT_RIGHT,28,2,car,0.6831682920455933,10.871676714249048,-26.075275415824585,0.29895139544116833,1.8576353842788151,0.9542031548201102,1.8295595787924641,2.9921351333627113,0.06720203067762842,0.005555555555555556,0.019000000000000006,10.871676714249048,-26.075275415824585,0.29895139544116833,1.8576353842788151,0.9542031548201102,1.8295595787924641,2.9921351333627113,0.005555555555555556,0.019000000000000006,0.06720203067762842
scene-1100,CAM_FRONT_RIGHT,28,0,bus,0.9139785170555115,10.83910819187378,-20.73195182630524,1.7534247875924192,5.590153368107316,3.168037325377331,5.017605151222546,2.018137016894972,0.22728868193593765,0.022767857142857142,2.0400000000000005,10.83910819187378,-20.73195182630524,1.7534247875924192,5.590153368107316,3.168037325377331,5.017605151222546,2.018137016894972,0.022767857142857142,2.0400000000000005,0.22728868193593765
scene-1100,CAM_BACK,28,0,car,0.8904109597206116,-5.36701536558427,-1.4653484387919278,0.7627338758721027,3.8201721700896947,2.213513518365406,2.3136261170303163,-2.8725432937908737,0.26331009377872894,0.1131682962346578,2.1760000000000006,-5.36701536558427,-1.4653484387919278,0.7627338758721027,3.8201721700896947,2.213513518365406,2.3136261170303163,-2.8725432937908737,0.1131682962346578,2.1760000000000006,0.26331009377872894
scene-1100,CAM_FRONT,29,0,car,0.5345454812049866,17.107000175115644,9.212236634767,1.514807489165749,0.580318411596668,0.5202086491368281,0.3367423560111815,-2.8540182218090666,-1.3424273623572103,0.18888888888888888,0.017000000000000005,17.107000175115644,9.212236634767,1.514807489165749,0.580318411596668,0.5202086491368281,0.3367423560111815,-2.8540182218090666,0.18888888888888888,0.017000000000000005,-1.3424273623572103
scene-1100,CAM_FRONT,29,1,car,0.7655677795410156,37.630105635955154,19.54774787087195,1.1386246871525079,3.918728979512899,2.453467476803878,1.6955282706663881,-2.659218942831612,-0.16238679312180404,0.006274509803921568,0.10400000000000001,37.630105635955154,19.54774787087195,1.1386246871525079,3.918728979512899,2.453467476803878,1.6955282706663881,-2.659218942831612,0.006274509803921568,0.10400000000000001,-0.16238679312180404
scene-1100,CAM_FRONT,29,2,car,0.6559139490127563,77.20042312132516,37.65605517510853,2.93826382585845,4.121199840179122,1.8839112593729226,1.740389494660766,1.8406976355083837,-1.5267867227426972,0.0,0.0,77.20042312132516,37.65605517510853,2.93826382585845,4.121199840179122,1.8839112593729226,1.740389494660766,1.8406976355083837,0.0,0.0,-1.5267867227426972
scene-1100,CAM_FRONT_LEFT,29,0,car,0.597484290599823,36.80183401046454,19.056834050704047,1.4838852597590502,2.6393702915142754,1.7189014286470259,0.8877757662002634,-2.684869834780754,-0.8830367998862285,0.025892408245349424,0.10300000000000004,36.80183401046454,19.056834050704047,1.4838852597590502,2.6393702915142754,1.7189014286470259,0.8877757662002634,-2.684869834780754,0.025892408245349424,0.10300000000000004,-0.8830367998862285
scene-1100,CAM_FRONT_LEFT,29,1,car,0.7655677795410156,47.29207527002576,34.54069301456535,1.2448160200466174,2.938530959937843,1.6918554983330214,1.330873413122439,-2.7234285448464655,-0.2089900009796759,0.0,0.0,47.29207527002576,34.54069301456535,1.2448160200466174,2.938530959937843,1.6918554983330214,1.330873413122439,-2.7234285448464655,0.0,0.0,-0.2089900009796759
scene-1100,CAM_FRONT_LEFT,29,0,bus,0.6246334314346313,42.48183417689548,26.357324989869117,2.732563178822031,7.758417781772209,2.2652869355845375,2.1302200547131336,-2.775521460159489,-1.4381146545420174,0.0,0.0,42.48183417689548,26.357324989869117,2.732563178822031,7.758417781772209,2.2652869355845375,2.1302200547131336,-2.775521460159489,0.0,0.0,-1.4381146545420174
scene-1100,CAM_FRONT_RIGHT,29,0,car,0.8358974456787109,7.602326188453678,-20.293168385029556,0.22623198353329332,3.706471706447463,2.2006649047710303,1.6602500687030854,2.156204977867559,0.08382196155051869,0.04054054054054054,0.5610000000000002,7.602326188453678,-20.293168385029556,0.22623198353329332,3.706471706447463,2.2006649047710303,1.6602500687030854,2.156204977867559,0.04054054054054054,0.5610000000000002,0.08382196155051869
scene-1100,CAM_FRONT_RIGHT,29,1,car,0.8827838897705078,-20.431859407790917,-14.15093247754142,-22.320309671743875,12.086790301539684,5.417507807496939,4.368633958751715,1.961949979112096,23.94248570949986,0.0,0.0,-20.431859407790917,-14.15093247754142,-22.320309671743875,12.086790301539684,5.417507807496939,4.368633958751715,1.961949979112096,0.0,0.0,23.94248570949986
scene-1100,CAM_FRONT_RIGHT,29,2,car,0.675126850605011,10.860197303341847,-25.81304466205227,0.38594744261554714,1.5717374425659756,0.668590966596792,1.4899716833932333,2.8315866710594544,-0.1085553304149327,0.01488095238095238,0.025000000000000005,10.860197303341847,-25.81304466205227,0.38594744261554714,1.5717374425659756,0.668590966596792,1.4899716833932333,2.8315866710594544,0.01488095238095238,0.025000000000000005,-0.1085553304149327
scene-1100,CAM_FRONT_RIGHT,29,0,motorcycle,0.5747508406639099,3.845146175906611,-2.8526998414399216,0.5768940678728661,2.4147730883499605,0.9869644649651583,1.2889598688905306,-2.4244005028216544,-0.021271016774635276,0.7400641025641026,2.3090000000000006,3.845146175906611,-2.8526998414399216,0.5768940678728661,2.4147730883499605,0.9869644649651583,1.2889598688905306,-2.4244005028216544,0.7400641025641026,2.3090000000000006,-0.021271016774635276
scene-1100,CAM_FRONT_RIGHT,29,0,bus,0.9139785170555115,11.526014056874457,-22.938122932165744,1.083684422794571,10.193761810525519,3.5584256559256646,5.327340801529861,2.0441220258914163,1.1047878878939128,0.01255806305750812,2.444000000000001,11.526014056874457,-22.938122932165744,1.083684422794571,10.193761810525519,3.5584256559256646,5.327340801529861,2.0441220258914163,0.01255806305750812,2.444000000000001,1.1047878878939128
scene-1100,CAM_BACK,29,0,car,0.8202247023582458,-5.354876900927306,-1.463736451638818,0.7830284933458416,3.8028728979321724,2.296098764013764,2.215208854963348,-2.8859780308288743,0.28570472779265854,0.12221759933430414,2.3500000000000005,-5.354876900927306,-1.463736451638818,0.7830284933458416,3.8028728979321724,2.296098764013764,2.215208854963348,-2.8859780308288743,0.12221759933430414,2.3500000000000005,0.28570472779265854
scene-1100,CAM_FRONT,30,0,car,0.5775577425956726,14.941980316537437,8.154549618940264,1.3741666038198996,0.9570330449579192,0.27831464322102306,0.6130363055427717,-3.0489974987643067,-1.1148756064657177,0.3111111111111111,0.056000000000000015,14.941980316537437,8.154549618940264,1.3741666038198996,0.9570330449579192,0.27831464322102306,0.6130363055427717,-3.0489974987643067,0.3111111111111111,0.056000000000000015,-1.1148756064657177
scene-1100,CAM_FRONT,30,1,car,0.5816993117332458,28.240215111602733,14.705682063300198,1.4131249372152235,1.3345091546769154,0.5958173454526161,0.5202259580817905,2.5936054636240895,-1.0621523215099375,0.035897435897435895,0.014000000000000002,28.240215111602733,14.705682063300198,1.4131249372152235,1.3345091546769154,0.5958173454526161,0.5202259580817905,2.5936054636240895,0.035897435897435895,0.014000000000000002,-1.0621523215099375
scene-1100,CAM_FRONT,30,2,car,0.7730495929718018,34.89092543589667,17.34536988243378,1.030419242403946,3.8503150611648707,2.337185643581118,1.7515363783988134,-2.636701232776398,0.0020216033315629822,0.0008051529790660225,0.013000000000000003,34.89092543589667,17.34536988243378,1.030419242403946,3.8503150611648707,2.337185643581118,1.7515363783988134,-2.636701232776398,0.0008051529790660225,0.013000000000000003,0.0020216033315629822
scene-1100,CAM_FRONT_LEFT,30,0,car,0.7770034670829773,29.259095290949663,14.300104963399233,1.4364038680784734,3.286308169353024,1.9155095547460697,1.0904679393719654,-2.678346126471618,-0.8450649904029888,0.005219660722053067,0.03600000000000001,29.259095290949663,14.300104963399233,1.4364038680784734,3.286308169353024,1.9155095547460697,1.0904679393719654,-2.678346126471618,0.005219660722053067,0.03600000000000001,-0.8450649904029888
scene-1100,CAM_FRONT_LEFT,30,1,car,0.7500000596046448,49.50492966384771,35.95011155040694,1.623918803417183,3.263999625070525,1.4989788533543393,1.1965406608061735,-2.7041168837736804,-0.6943231506244936,0.0,0.0,49.50492966384771,35.95011155040694,1.623918803417183,3.263999625070525,1.4989788533543393,1.1965406608061735,-2.7041168837736804,0.0,0.0,-0.6943231506244936
scene-1100,CAM_FRONT_LEFT,30,2,car,0.5747508406639099,55.91691453610294,36.48969270929556,1.7368496761999577,2.722733428020504,1.2420391994846351,0.9959132032182174,-2.69476648737168,-0.8715371616670362,0.0,0.0,55.91691453610294,36.48969270929556,1.7368496761999577,2.722733428020504,1.2420391994846351,0.9959132032182174,-2.69476648737168,0.0,0.0,-0.8715371616670362
scene-1100,CAM_FRONT_RIGHT,30,0,car,0.8439024686813354,7.59435626562801,-20.199054106678183,0.35065891343358946,3.5987486421964583,2.3193584595842407,1.6359775140231265,2.1673329592812753,0.012608631190888842,0.06853864734299517,0.9080000000000001,7.59435626562801,-20.199054106678183,0.35065891343358946,3.5987486421964583,2.3193584595842407,1.6359775140231265,2.1673329592812753,0.06853864734299517,0.9080000000000001,0.012608631190888842
scene-1100,CAM_FRONT_RIGHT,30,1,car,0.8750000596046448,23.998932148227354,-38.947889830483675,0.9954230040487815,3.9185646771132667,1.7754461377162745,1.3861821969871944,2.051446579945806,-0.5419956554884271,0.0,0.0,23.998932148227354,-38.947889830483675,0.9954230040487815,3.9185646771132667,1.7754461377162745,1.3861821969871944,2.051446579945806,0.0,0.0,-0.5419956554884271
scene-1100,CAM_FRONT_RIGHT,30,2,car,0.6640419960021973,10.821086761288218,-25.679833285840196,0.36552101918992064,1.4080579373219742,0.6503088823757501,1.3460987158738071,2.784209211281056,-0.14891944138531077,0.008634222919937205,0.011000000000000001,10.821086761288218,-25.679833285840196,0.36552101918992064,1.4080579373219742,0.6503088823757501,1.3460987158738071,2.784209211281056,0.008634222919937205,0.011000000000000001,-0.14891944138531077
scene-1100,CAM_FRONT_RIGHT,30,0,bus,0.9179486632347107,11.45599817026184,-23.00232939993867,1.5997577014862205,10.756164097454317,3.6622443614743228,5.80930546711091,2.0318523407527285,0.9010434633703515,0.017867004935970453,4.141000000000001,11.45599817026184,-23.00232939993867,1.5997577014862205,10.756164097454317,3.6622443614743228,5.80930546711091,2.0318523407527285,0.017867004935970453,4.141000000000001,0.9010434633703515
scene-1100,CAM_BACK,30,0,car,0.8128654956817627,-5.037804099459312,-1.4470102793141675,0.764222194695785,3.645962824799368,2.1439092082628477,2.0855524428068124,-2.8712779186664807,0.21733952008149204,0.13177122700932226,2.0920000000000005,-5.037804099459312,-1.4470102793141675,0.764222194695785,3.645962824799368,2.1439092082628477,2.0855524428068124,-2.8712779186664807,0.13177122700932226,2.0920000000000005,0.21733952008149204
scene-1100,CAM_BACK_RIGHT,30,0,motorcycle,0.5897435545921326,-1.0111815744213313,-5.775897504718489,0.5708106535043328,1.8919880838565075,0.9312010124064827,1.1681073961915807,-2.6164408249959408,-0.10029642763087065,0.34210526315789475,0.7020000000000002,-1.0111815744213313,-5.775897504718489,0.5708106535043328,1.8919880838565075,0.9312010124064827,1.1681073961915807,-2.6164408249959408,0.34210526315789475,0.7020000000000002,-0.10029642763087065
scene-1100,CAM_FRONT,31,0,car,0.7697842121124268,28.841789404069033,13.455821390133156,1.2214730884699097,3.6679281084942588,2.361425866838241,1.614134483362218,-2.5697424130100224,-0.402052247717298,0.024704391891891893,0.3510000000000001,28.841789404069033,13.455821390133156,1.2214730884699097,3.6679281084942588,2.361425866838241,1.614134483362218,-2.5697424130100224,0.024704391891891893,0.3510000000000001,-0.402052247717298
scene-1100,CAM_FRONT,31,1,car,0.5395683646202087,45.82843815511754,25.702726979771988,1.3182215886944506,2.5720251940306085,2.2356298879719425,1.311221751884856,1.1616921918892058,-0.4541134865137719,0.020844540075309306,0.15500000000000003,45.82843815511754,25.702726979771988,1.3182215886944506,2.5720251940306085,2.2356298879719425,1.311221751884856,1.1616921918892058,0.020844540075309306,0.15500000000000003,-0.4541134865137719
scene-1100,CAM_FRONT_LEFT,31,0,car,0.719298243522644,31.386099876503987,15.160359634345827,1.014667930085084,4.170907313325458,2.800032462789219,1.7680135069697647,-2.649993088897268,-0.14503561899874984,0.0016061980347694634,0.03400000000000001,31.386099876503987,15.160359634345827,1.014667930085084,4.170907313325458,2.800032462789219,1.7680135069697647,-2.649993088897268,0.0016061980347694634,0.03400000000000001,-0.14503561899874984
scene-1100,CAM_FRONT_LEFT,31,1,car,0.5661016702651978,53.32027582471058,36.82887822105039,0.7130526286056729,1.5044279043598934,1.410427234437357,1.107795963898059,1.4289563833849306,0.15445149634109834,0.0,0.0,53.32027582471058,36.82887822105039,0.7130526286056729,1.5044279043598934,1.410427234437357,1.107795963898059,1.4289563833849306,0.0,0.0,0.15445149634109834
scene-1100,CAM_FRONT_LEFT,31,2,car,0.7620818018913269,51.922041330635814,37.17347177968818,1.468552746461611,2.5111020134992046,1.5003482013467633,1.2807877897243216,-2.5546679453800882,-0.5028286239860011,0.0,0.0,51.922041330635814,37.17347177968818,1.468552746461611,2.5111020134992046,1.5003482013467633,1.2807877897243216,-2.5546679453800882,0.0,0.0,-0.5028286239860011
scene-1100,CAM_FRONT_LEFT,31,3,car,0.5586206912994385,54.613310344936586,35.95462502800757,1.7557347301134127,2.3158224821570457,1.5387019507755308,1.1108500695465366,-2.802549592507675,-0.9048886612424729,0.0,0.0,54.613310344936586,35.95462502800757,1.7557347301134127,2.3158224821570457,1.5387019507755308,1.1108500695465366,-2.802549592507675,0.0,0.0,-0.9048886612424729
scene-1100,CAM_FRONT_RIGHT,31,0,car,0.8439024686813354,7.580356732653691,-20.20251100749922,0.22458049127765012,3.7436290414253826,2.2689462134718643,1.7663772718488966,2.1267337206390553,0.14552432907215218,0.05620838229533882,0.8610000000000002,7.580356732653691,-20.20251100749922,0.22458049127765012,3.7436290414253826,2.2689462134718643,1.7663772718488966,2.1267337206390553,0.05620838229533882,0.8610000000000002,0.14552432907215218
scene-1100,CAM_FRONT_RIGHT,31,1,car,0.8518518805503845,25.4016598318279,-41.612657762718285,1.0622262742046022,3.114809189477924,2.0506239706667,1.4780359697405,2.0911136915929904,-0.5490633716078355,0.0,0.0,25.4016598318279,-41.612657762718285,1.0622262742046022,3.114809189477924,2.0506239706667,1.4780359697405,2.0911136915929904,0.0,0.0,-0.5490633716078355
scene-1100,CAM_FRONT_RIGHT,31,2,car,0.7142857313156128,10.770107836913104,-25.860288157210245,0.27845252530798736,1.31702025337224,1.2883369576486423,1.3650580327646946,-2.571412219122281,-0.059779460950099894,0.017328825021132713,0.04100000000000001,10.770107836913104,-25.860288157210245,0.27845252530798736,1.31702025337224,1.2883369576486423,1.3650580327646946,-2.571412219122281,0.017328825021132713,0.04100000000000001,-0.059779460950099894
scene-1100,CAM_FRONT_RIGHT,31,0,bus,0.9139785170555115,11.594730064603057,-22.7479371901187,1.319627892264105,10.04174412111784,3.650669698595814,5.423288967515601,2.045922762078863,0.8762881178303656,0.01436936936936937,2.871000000000001,11.594730064603057,-22.7479371901187,1.319627892264105,10.04174412111784,3.650669698595814,5.423288967515601,2.045922762078863,0.01436936936936937,2.871000000000001,0.8762881178303656
scene-1100,CAM_BACK,31,0,car,0.8358974456787109,-5.4494018064548655,-1.4786983594693424,0.7879875812616839,3.877316054205107,2.3652224395697483,2.267397049751198,-2.9124006635928095,0.23860696998682474,0.12263099219620958,2.6400000000000006,-5.4494018064548655,-1.4786983594693424,0.7879875812616839,3.877316054205107,2.3652224395697483,2.267397049751198,-2.9124006635928095,0.12263099219620958,2.6400000000000006,0.23860696998682474
scene-1100,CAM_BACK_RIGHT,31,0,motorcycle,0.7387754917144775,-6.3183324699525025,-8.044824042218604,0.0895845063125616,2.9531399822364808,1.530238351739066,1.786026900714191,-2.5578309247035245,0.48534243910831565,0.17135802469135802,1.3880000000000003,-6.3183324699525025,-8.044824042218604,0.0895845063125616,2.9531399822364808,1.530238351739066,1.786026900714191,-2.5578309247035245,0.17135802469135802,1.3880000000000003,0.48534243910831565
scene-1100,CAM_FRONT,32,0,car,0.8358974456787109,25.986598811274902,11.219099646527596,1.06160119310082,3.635596775892207,2.324031043357893,1.6608966109171766,-2.490603829004622,-0.23817649036630706,0.012929809605001421,0.18200000000000005,25.986598811274902,11.219099646527596,1.06160119310082,3.635596775892207,2.324031043357893,1.6608966109171766,-2.490603829004622,0.012929809605001421,0.18200000000000005,-0.23817649036630706
scene-1100,CAM_FRONT,32,1,car,0.5241636037826538,33.362000705800554,17.299505546727044,1.5133792248437026,2.133219490031877,1.3352612242281698,1.091117533563151,-2.652277177974438,-0.949475161679223,0.02097902097902098,0.06300000000000001,33.362000705800554,17.299505546727044,1.5133792248437026,2.133219490031877,1.3352612242281698,1.091117533563151,-2.652277177974438,0.02097902097902098,0.06300000000000001,-0.949475161679223
scene-1100,CAM_FRONT_LEFT,32,0,car,0.6289855241775513,54.33886177937082,36.780646483696266,1.2564388873844412,1.8879680457323005,1.8225786467060203,0.6694817851756112,1.538113834861836,-0.4400580135267992,0.0,0.0,54.33886177937082,36.780646483696266,1.2564388873844412,1.8879680457323005,1.8225786467060203,0.6694817851756112,1.538113834861836,0.0,0.0,-0.4400580135267992
scene-1100,CAM_FRONT_LEFT,32,1,car,0.5345454812049866,45.15754298658305,24.394880116955687,1.0862227910284576,2.9915088094539257,2.1768375931591395,1.3052943992572559,-2.4713046132940972,-0.1046256631161383,0.0038461538461538464,0.03300000000000001,45.15754298658305,24.394880116955687,1.0862227910284576,2.9915088094539257,2.1768375931591395,1.3052943992572559,-2.4713046132940972,0.0038461538461538464,0.03300000000000001,-0.1046256631161383
scene-1100,CAM_FRONT_LEFT,32,2,car,0.8439024686813354,26.415952381624972,11.568089277787191,0.7699208106411369,4.542783187666316,2.086959657103745,1.635391457177896,-2.493623042759573,0.10400184946016688,0.011507936507936509,0.17400000000000004,26.415952381624972,11.568089277787191,0.7699208106411369,4.542783187666316,2.086959657103745,1.635391457177896,-2.493623042759573,0.011507936507936509,0.17400000000000004,0.10400184946016688
scene-1100,CAM_FRONT_LEFT,32,3,car,0.8048780560493469,51.100595705680966,36.657262807016025,1.6532063254317217,2.5717108107978675,1.5323165206225813,1.2932656305738122,-2.6427133668371217,-0.5489199876533606,0.0,0.0,51.100595705680966,36.657262807016025,1.6532063254317217,2.5717108107978675,1.5323165206225813,1.2932656305738122,-2.6427133668371217,0.0,0.0,-0.5489199876533606
scene-1100,CAM_FRONT_LEFT,32,4,car,0.5631399154663086,53.90523490853528,32.36267475366916,-1.5746554918932332,1.2639398090169482,1.29032202568672,1.110788023551273,2.144467667395242,2.582101798876847,0.0,0.0,53.90523490853528,32.36267475366916,-1.5746554918932332,1.2639398090169482,1.29032202568672,1.110788023551273,2.144467667395242,0.0,0.0,2.582101798876847
scene-1100,CAM_FRONT_RIGHT,32,0,car,0.8202247023582458,7.560295641312966,-20.193991573980632,0.17425193239146397,3.9089770366350542,2.370788603432378,1.8346645137685593,2.1379564060383416,0.25348231848276015,0.056386514719848055,0.9500000000000002,7.560295641312966,-20.193991573980632,0.17425193239146397,3.9089770366350542,2.370788603432378,1.8346645137685593,2.1379564060383416,0.056386514719848055,0.9500000000000002,0.25348231848276015
scene-1100,CAM_FRONT_RIGHT,32,1,car,0.8012422323226929,1.6008000326231584,-0.5826152536907219,1.4954963494034472,0.006727395395920155,0.00422265138643918,0.0034597865457712818,1.9364951360836558,-1.6751354031596755,1.0,0.0010000000000000002,1.6008000326231584,-0.5826152536907219,1.4954963494034472,0.006727395395920155,0.00422265138643918,0.0034597865457712818,1.9364951360836558,1.0,0.0010000000000000002,-1.6751354031596755
scene-1100,CAM_FRONT_RIGHT,32,2,car,0.6521739363670349,10.71223164146368,-25.416464594049707,0.34204298915712783,1.5520232862237826,0.6755901187258679,1.4573947791349735,2.933561314459339,-0.042971975026423914,0.010714285714285714,0.018000000000000006,10.71223164146368,-25.416464594049707,0.34204298915712783,1.5520232862237826,0.6755901187258679,1.4573947791349735,2.933561314459339,0.010714285714285714,0.018000000000000006,-0.042971975026423914
scene-1100,CAM_FRONT_RIGHT,32,0,bus,0.9179486632347107,11.569328145749045,-22.940309980469575,1.1751243585550242,10.449244062123462,3.632310284728929,5.806457514694632,2.053794921350173,1.3304251890831242,0.014215848806366048,3.0870000000000006,11.569328145749045,-22.940309980469575,1.1751243585550242,10.449244062123462,3.632310284728929,5.806457514694632,2.053794921350173,0.014215848806366048,3.0870000000000006,1.3304251890831242
scene-1100,CAM_BACK,32,0,car,0.8518518805503845,-5.398529602351034,-1.4734283918176345,0.8016264311307278,3.7408681614707486,2.2524599237886385,2.1940460187456896,-2.8882280846186634,0.25243895568423846,0.11473133212263648,2.1480000000000006,-5.398529602351034,-1.4734283918176345,0.8016264311307278,3.7408681614707486,2.2524599237886385,2.1940460187456896,-2.8882280846186634,0.11473133212263648,2.1480000000000006,0.25243895568423846
scene-1100,CAM_BACK_RIGHT,32,0,motorcycle,0.675126850605011,-33.353693132747416,-28.845838833590182,-1.867115009766956,8.783584343922605,3.803323523079118,5.001579534698168,-2.5483668906465162,3.9617858775322237,0.0027272727272727275,0.4560000000000002,-33.353693132747416,-28.845838833590182,-1.867115009766956,8.783584343922605,3.803323523079118,5.001579534698168,-2.5483668906465162,0.0027272727272727275,0.4560000000000002,3.9617858775322237
scene-1100,CAM_FRONT,33,0,car,0.8865247964859009,22.422506085331587,8.672973879860054,0.9945636797349083,4.621705104389509,2.4979244689989315,1.6935913248280163,-2.5168332682756076,-0.1392915960839083,0.04363171355498721,0.8530000000000002,22.422506085331587,8.672973879860054,0.9945636797349083,4.621705104389509,2.4979244689989315,1.6935913248280163,-2.5168332682756076,0.04363171355498721,0.8530000000000002,-0.1392915960839083
scene-1100,CAM_FRONT,33,1,car,0.7064220309257507,40.13187836582035,21.33994532977308,1.4282967501442627,3.688725405289425,2.2452483636166747,1.900879201838756,-2.3765681544464607,-0.3709593331629112,0.0012285012285012285,0.019000000000000003,40.13187836582035,21.33994532977308,1.4282967501442627,3.688725405289425,2.2452483636166747,1.900879201838756,-2.3765681544464607,0.0012285012285012285,0.019000000000000003,-0.3709593331629112
scene-1100,CAM_FRONT_LEFT,33,0,car,0.6332378387451172,39.73999098243325,21.041348036029973,1.1699026781561166,2.0051418323208665,0.47396735758153596,1.9486197294680387,1.593707724468878,-0.0930501746434107,0.0015789473684210526,0.0030000000000000005,39.73999098243325,21.041348036029973,1.1699026781561166,2.0051418323208665,0.47396735758153596,1.9486197294680387,1.593707724468878,0.0015789473684210526,0.0030000000000000005,-0.0930501746434107
scene-1100,CAM_FRONT_LEFT,33,1,car,0.8202247023582458,22.751301848089064,9.047249832023791,0.6778413016975895,3.818060805055401,2.240904999068224,1.2327458969293525,1.3351936123809538,-0.06242715354877015,0.02412280701754386,0.24200000000000002,22.751301848089064,9.047249832023791,0.6778413016975895,3.818060805055401,2.240904999068224,1.2327458969293525,1.3351936123809538,0.02412280701754386,0.24200000000000002,-0.06242715354877015
scene-1100,CAM_FRONT_LEFT,33,2,car,0.5857605338096619,58.66434112669627,39.870237812483005,1.8650149901834134,1.8749119031298207,1.7909284944558905,0.8579191428644986,1.6181848748902277,-1.3437319367145735,0.0,0.0,58.66434112669627,39.870237812483005,1.8650149901834134,1.8749119031298207,1.7909284944558905,0.8579191428644986,1.6181848748902277,0.0,0.0,-1.3437319367145735
scene-1100,CAM_FRONT_LEFT,33,3,car,0.7852349281311035,56.9466091235257,40.126451002901014,1.6575069452816389,3.7691840671246126,1.733177839627139,1.4331856471107418,-2.7316380088056045,-0.8648397301227981,0.0,0.0,56.9466091235257,40.126451002901014,1.6575069452816389,3.7691840671246126,1.733177839627139,1.4331856471107418,-2.7316380088056045,0.0,0.0,-0.8648397301227981
scene-1100,CAM_FRONT_LEFT,33,4,car,0.5311355590820312,58.88448051270436,39.08805089483163,3.077193641848797,1.5831459339340057,1.0310148206488172,0.568443674219175,-3.0050639985445735,-2.6918507069360937,0.0,0.0,58.88448051270436,39.08805089483163,3.077193641848797,1.5831459339340057,1.0310148206488172,0.568443674219175,-3.0050639985445735,0.0,0.0,-2.6918507069360937
scene-1100,CAM_FRONT_RIGHT,33,0,car,0.8476190567016602,7.600866418812533,-20.208172424702994,0.3104937949885431,3.665584643526845,2.3068769661083475,1.6825210840506317,2.16650140806677,0.04775562051852322,0.07002142807769406,1.0130000000000001,7.600866418812533,-20.208172424702994,0.3104937949885431,3.665584643526845,2.3068769661083475,1.6825210840506317,2.16650140806677,0.07002142807769406,1.0130000000000001,0.04775562051852322
scene-1100,CAM_FRONT_RIGHT,33,1,car,0.827957034111023,13.433789946339902,-21.662643826937746,1.5112548580354506,1.281458428855501,0.9311161608452356,0.4946517635859595,2.0768690178581686,-1.5807096626209498,0.0,0.0,13.433789946339902,-21.662643826937746,1.5112548580354506,1.281458428855501,0.9311161608452356,0.4946517635859595,2.0768690178581686,0.0,0.0,-1.5807096626209498
scene-1100,CAM_FRONT_RIGHT,33,2,car,0.6908212304115295,10.884130389196766,-25.816275065940516,0.30149695359399153,1.9165536640670027,1.1333785434299735,1.54971805180597,2.529348632930834,0.061154349645114126,0.012121212121212121,0.038000000000000006,10.884130389196766,-25.816275065940516,0.30149695359399153,1.9165536640670027,1.1333785434299735,1.54971805180597,2.529348632930834,0.012121212121212121,0.038000000000000006,0.061154349645114126
scene-1100,CAM_FRONT_RIGHT,33,0,bus,0.9259259104728699,11.588816406457493,-22.93031283942071,1.1371702873258527,10.05996051531033,3.5972891012738146,5.2472579730777715,2.0412145037754534,1.0998281342849783,0.012095921130574595,2.2870000000000004,11.588816406457493,-22.93031283942071,1.1371702873258527,10.05996051531033,3.5972891012738146,5.2472579730777715,2.0412145037754534,0.012095921130574595,2.2870000000000004,1.0998281342849783
scene-1100,CAM_BACK,33,0,car,0.8865247964859009,-5.308172743807581,-1.4996053242980225,0.7298269989679501,3.8362129236255216,2.2878474249430982,2.341711373338093,-2.8732600131328554,0.34366289858566745,0.12376877922594767,2.4880000000000004,-5.308172743807581,-1.4996053242980225,0.7298269989679501,3.8362129236255216,2.2878474249430982,2.341711373338093,-2.8732600131328554,0.12376877922594767,2.4880000000000004,0.34366289858566745
scene-1100,CAM_BACK,33,1,car,0.6332378387451172,-3.781045402055072,-2.0025605975735234,1.4427414556757432,0.29522058089971415,0.3219752052013285,0.27951900949784103,1.3823929381087845,-1.3180558910847129,0.4444444444444444,0.012000000000000002,-3.781045402055072,-2.0025605975735234,1.4427414556757432,0.29522058089971415,0.3219752052013285,0.27951900949784103,1.3823929381087845,0.4444444444444444,0.012000000000000002,-1.3180558910847129
scene-1100,CAM_FRONT,34,0,car,0.9064327478408813,18.344694570021744,5.860028712311791,0.8526983474528095,4.862781743396539,2.312160549479797,1.7429465419186012,-2.559635698886354,-0.009510997113473474,0.06487812516310872,1.2430000000000003,18.344694570021744,5.860028712311791,0.8526983474528095,4.862781743396539,2.312160549479797,1.7429465419186012,-2.559635698886354,0.06487812516310872,1.2430000000000003,-0.009510997113473474
scene-1100,CAM_FRONT,34,1,car,0.7770034670829773,36.11653274099741,18.451821781719488,1.2869117034074615,3.769430980975315,2.2928122225373055,1.95437973565367,-2.452574406532437,-0.21078056904391385,0.004576659038901602,0.08000000000000002,36.11653274099741,18.451821781719488,1.2869117034074615,3.769430980975315,2.2928122225373055,1.95437973565367,-2.452574406532437,0.004576659038901602,0.08000000000000002,-0.21078056904391385
scene-1100,CAM_FRONT_LEFT,34,0,car,0.7620818018913269,35.46332204783895,18.418708542748398,1.315297631662369,3.7023673074883305,2.2667671376768492,1.4193142360504711,0.8858657313663767,-0.5456162819648465,0.010156118851771026,0.12100000000000004,35.46332204783895,18.418708542748398,1.315297631662369,3.7023673074883305,2.2667671376768492,1.4193142360504711,0.8858657313663767,0.010156118851771026,0.12100000000000004,-0.5456162819648465
scene-1100,CAM_FRONT_LEFT,34,1,car,0.7815700173377991,55.66290988989583,39.463564809019914,1.7713910734628684,3.4137700108429954,1.632063616996426,1.2796507552280585,-2.6741853140832363,-0.9985927401451038,0.0,0.0,55.66290988989583,39.463564809019914,1.7713910734628684,3.4137700108429954,1.632063616996426,1.2796507552280585,-2.6741853140832363,0.0,0.0,-0.9985927401451038
scene-1100,CAM_FRONT_LEFT,34,2,car,0.5586206912994385,57.31284737452447,37.38996153635652,1.7491300605178457,1.4508798081066256,1.4513630030291722,1.3947398988152409,2.0702647333418427,-0.9257482924628406,0.0,0.0,57.31284737452447,37.38996153635652,1.7491300605178457,1.4508798081066256,1.4513630030291722,1.3947398988152409,2.0702647333418427,0.0,0.0,-0.9257482924628406
scene-1100,CAM_FRONT_RIGHT,34,0,car,0.8241757750511169,7.673688913809614,-20.345417265679977,0.2325237003678442,3.8398550584097606,2.272560770920293,1.738005999549057,2.1415085032845496,0.17521003995386453,0.05734284560506125,0.8520000000000002,7.673688913809614,-20.345417265679977,0.2325237003678442,3.8398550584097606,2.272560770920293,1.738005999549057,2.1415085032845496,0.05734284560506125,0.8520000000000002,0.17521003995386453
scene-1100,CAM_FRONT_RIGHT,34,1,car,0.7419355511665344,13.019145916459962,-21.03112025302909,1.541289127697044,0.6762501658385389,0.3688594968961354,0.9020132348084886,-2.826670231695701,-1.483218561184676,0.0,0.0,13.019145916459962,-21.03112025302909,1.541289127697044,0.6762501658385389,0.3688594968961354,0.9020132348084886,-2.826670231695701,0.0,0.0,-1.483218561184676
scene-1100,CAM_FRONT_RIGHT,34,2,car,0.6167664527893066,10.789444671748488,-25.548170545109755,0.3793938487600994,1.6451997096944844,0.5973337494803062,1.5703573657321868,2.74552364795791,-0.039696823875878584,0.014973958333333334,0.023000000000000007,10.789444671748488,-25.548170545109755,0.3793938487600994,1.6451997096944844,0.5973337494803062,1.5703573657321868,2.74552364795791,0.014973958333333334,0.023000000000000007,-0.039696823875878584
scene-1100,CAM_FRONT_RIGHT,34,0,bus,0.9139785170555115,11.348636590967327,-22.923323549987344,1.1302494093151894,10.29039217176436,3.751155789290929,5.415281174329375,2.0655621257064896,1.1255693141982226,0.014501599197562406,3.065000000000001,11.348636590967327,-22.923323549987344,1.1302494093151894,10.29039217176436,3.751155789290929,5.415281174329375,2.0655621257064896,0.014501599197562406,3.065000000000001,1.1255693141982226
scene-1100,CAM_BACK,34,0,car,0.5460992455482483,-3.7988813247126925,-2.0020073760633963,1.4429807999697741,0.3068760867880971,0.3069117462994475,0.126334831877696,2.370208365811824,-1.4632874985681652,0.8888888888888888,0.008000000000000002,-3.7988813247126925,-2.0020073760633963,1.4429807999697741,0.3068760867880971,0.3069117462994475,0.126334831877696,2.370208365811824,0.8888888888888888,0.008000000000000002,-1.4632874985681652
scene-1100,CAM_BACK,34,1,car,0.859649121761322,-5.151803701980245,-1.447232691882303,0.7707339416667779,3.5596076796181846,2.066986900716538,2.0618202335612112,-2.887084589211037,0.1278907589875765,0.10304862685815067,1.6360000000000003,-5.151803701980245,-1.447232691882303,0.7707339416667779,3.5596076796181846,2.066986900716538,2.0618202335612112,-2.887084589211037,0.10304862685815067,1.6360000000000003,0.1278907589875765
scene-1100,CAM_FRONT,35,0,car,0.9101123809814453,13.754460202466127,3.063731848920746,0.8724950997412336,4.504426942618737,2.274898173770592,1.6564167522411546,-2.5212853855860695,-0.0553981022903951,0.12549019607843137,2.208,13.754460202466127,3.063731848920746,0.8724950997412336,4.504426942618737,2.274898173770592,1.6564167522411546,-2.5212853855860695,0.12549019607843137,2.208,-0.0553981022903951
scene-1100,CAM_FRONT,35,1,car,0.8083832263946533,26.899201768806247,12.896151751251297,1.1802638677092117,3.2340965283570036,1.8094246554507607,1.4290959803153394,-2.5520345330534497,-0.39397370054195946,0.009424603174603174,0.07600000000000001,26.899201768806247,12.896151751251297,1.1802638677092117,3.2340965283570036,1.8094246554507607,1.4290959803153394,-2.5520345330534497,0.009424603174603174,0.07600000000000001,-0.39397370054195946
scene-1100,CAM_FRONT_LEFT,35,0,car,0.7575758099555969,1.6434682109233318,0.3226806426800524,1.3545512356276113,0.18986029454377218,0.12173708834163821,0.0906176400238734,-2.7328320714586884,-1.6034961225477424,0.0,0.0,1.6434682109233318,0.3226806426800524,1.3545512356276113,0.18986029454377218,0.12173708834163821,0.0906176400238734,-2.7328320714586884,0.0,0.0,-1.6034961225477424
scene-1100,CAM_FRONT_LEFT,35,1,car,0.7387754917144775,60.61881498505208,41.677186474312755,1.4134205386185676,3.248568506889171,1.4700476999080632,1.1886686400057518,-2.7637344550153817,-0.4544793017112423,0.0,0.0,60.61881498505208,41.677186474312755,1.4134205386185676,3.248568506889171,1.4700476999080632,1.1886686400057518,-2.7637344550153817,0.0,0.0,-0.4544793017112423
scene-1100,CAM_FRONT_LEFT,35,2,car,0.6717948913574219,59.21682699302695,38.67263292995618,1.2897608933963958,1.4072147305584295,1.4186611974302537,1.0179566472473245,1.7639611473474017,-0.4370633853740824,0.0,0.0,59.21682699302695,38.67263292995618,1.2897608933963958,1.4072147305584295,1.4186611974302537,1.0179566472473245,1.7639611473474017,0.0,0.0,-0.4370633853740824
scene-1100,CAM_FRONT_RIGHT,35,0,car,0.7928802371025085,7.601184176428079,-20.280654349986175,0.23953822336130481,3.8502077776847585,2.409641549110309,1.7555814307325304,2.131233434490232,0.1718190861288007,0.053774928774928774,0.9060000000000001,7.601184176428079,-20.280654349986175,0.23953822336130481,3.8502077776847585,2.409641549110309,1.7555814307325304,2.131233434490232,0.053774928774928774,0.9060000000000001,0.1718190861288007
scene-1100,CAM_FRONT_RIGHT,35,1,car,0.6604774594306946,12.992591861893617,-21.043378612174177,1.5782609109018249,0.8002721199140517,0.44999921959664313,0.7354211560830735,1.935388012155861,-1.4863395341199013,0.0,0.0,12.992591861893617,-21.043378612174177,1.5782609109018249,0.8002721199140517,0.44999921959664313,0.7354211560830735,1.935388012155861,0.0,0.0,-1.4863395341199013
scene-1100,CAM_FRONT_RIGHT,35,2,car,0.6521739363670349,10.753941012281336,-25.525949563622326,0.2587308853748316,1.4872027750861214,0.5271100062534337,1.6015680947648567,2.995200930246315,0.12013196840789586,0.034166666666666665,0.041,10.753941012281336,-25.525949563622326,0.2587308853748316,1.4872027750861214,0.5271100062534337,1.6015680947648567,2.995200930246315,0.034166666666666665,0.041,0.12013196840789586
scene-1100,CAM_FRONT_RIGHT,35,0,bus,0.9259259104728699,10.828275893302354,-20.559899512349038,1.6648262603437594,5.254250404545488,3.018526553189577,4.821126874595871,2.033733512160767,0.3485246120089551,0.024842767295597486,1.8960000000000006,10.828275893302354,-20.559899512349038,1.6648262603437594,5.254250404545488,3.018526553189577,4.821126874595871,2.033733512160767,0.024842767295597486,1.8960000000000006,0.3485246120089551
scene-1100,CAM_BACK,35,0,car,0.8987342119216919,-5.110045210263245,-1.4356195519493595,0.7470147843360719,3.56826393023195,2.0802780247868204,2.0352296672721883,-2.863368509426807,0.20429355512363445,0.11554232804232804,1.7470000000000003,-5.110045210263245,-1.4356195519493595,0.7470147843360719,3.56826393023195,2.0802780247868204,2.0352296672721883,-2.863368509426807,0.11554232804232804,1.7470000000000003,0.20429355512363445
scene-1100,CAM_FRONT,36,0,car,0.9101123809814453,28.338109234003436,12.515966174268861,1.0104973630672105,3.9792870795897173,2.1963118876568695,1.8190509488323747,-2.550845873932796,-0.08518762504018329,0.002398989898989899,0.038000000000000006,28.338109234003436,12.515966174268861,1.0104973630672105,3.9792870795897173,2.1963118876568695,1.8190509488323747,-2.550845873932796,0.002398989898989899,0.038000000000000006,-0.08518762504018329
scene-1100,CAM_FRONT,36,1,car,0.6167664527893066,46.75795931374144,25.656435665438128,1.9762621193524197,4.0939550384002175,2.9163659860448625,1.2000086312512404,-2.356246832311659,-1.16412070064605,0.0,0.0,46.75795931374144,25.656435665438128,1.9762621193524197,4.0939550384002175,2.9163659860448625,1.2000086312512404,-2.356246832311659,0.0,0.0,-1.16412070064605
scene-1100,CAM_FRONT,36,2,car,0.921951174736023,9.205693019477481,0.23426138402989652,0.8790153128254371,4.448400794472848,2.1546214759962528,1.4950343655201304,-2.5301260241425645,-0.14754036257879966,0.18133608815426996,2.6330000000000005,9.205693019477481,0.23426138402989652,0.8790153128254371,4.448400794472848,2.1546214759962528,1.4950343655201304,-2.5301260241425645,0.18133608815426996,2.6330000000000005,-0.14754036257879966
scene-1100,CAM_FRONT_LEFT,36,0,car,0.6831682920455933,54.43978098255095,36.7613539732989,1.6832184147035507,2.219239120579715,1.3187505842575309,1.1206276165295408,-2.7425042518245784,-0.8572899776469711,0.0,0.0,54.43978098255095,36.7613539732989,1.6832184147035507,2.219239120579715,1.3187505842575309,1.1206276165295408,-2.7425042518245784,0.0,0.0,-0.8572899776469711
scene-1100,CAM_FRONT_LEFT,36,1,car,0.8518518805503845,28.06898879091358,12.351888784145391,0.6591974574564292,4.594330113863403,2.1411277527396884,1.8376798825488412,-2.4934015950909645,0.3710623850697843,0.005291005291005291,0.09200000000000003,28.06898879091358,12.351888784145391,0.6591974574564292,4.594330113863403,2.1411277527396884,1.8376798825488412,-2.4934015950909645,0.005291005291005291,0.09200000000000003,0.3710623850697843
scene-1100,CAM_FRONT_LEFT,36,2,car,0.6167664527893066,52.287832208410244,33.94644827457924,1.959406690019878,2.8443877813063594,1.288438752129509,1.0467942376062849,-2.6046880131602856,-1.1764433237535092,0.0,0.0,52.287832208410244,33.94644827457924,1.959406690019878,2.8443877813063594,1.288438752129509,1.0467942376062849,-2.6046880131602856,0.0,0.0,-1.1764433237535092
scene-1100,CAM_FRONT_RIGHT,36,0,car,0.7887788414955139,7.53766627403726,-20.202059692710705,0.29134164444291444,3.600465935058679,2.260362859577241,1.761479476386509,2.1566374989327297,0.05708951525912909,0.059447128287708,0.8860000000000002,7.53766627403726,-20.202059692710705,0.29134164444291444,3.600465935058679,2.260362859577241,1.761479476386509,2.1566374989327297,0.059447128287708,0.8860000000000002,0.05708951525912909
scene-1100,CAM_FRONT_RIGHT,36,1,car,0.5508772134780884,10.716702201695751,-25.436762237808985,0.35823288744176107,1.3869775483200844,0.35801502706986454,1.4976342965549736,3.070260747843237,-0.13765403567306334,0.030952380952380953,0.026000000000000006,10.716702201695751,-25.436762237808985,0.35823288744176107,1.3869775483200844,0.35801502706986454,1.4976342965549736,3.070260747843237,0.030952380952380953,0.026000000000000006,-0.13765403567306334
scene-1100,CAM_FRONT_RIGHT,36,0,bus,0.9179486632347107,11.418450827821767,-22.723508716427283,1.14041987270672,10.393202070809785,3.5567036782375925,5.743745569193683,2.0591810348993427,1.209513515031906,0.016372394661868347,3.4940000000000007,11.418450827821767,-22.723508716427283,1.14041987270672,10.393202070809785,3.5567036782375925,5.743745569193683,2.0591810348993427,0.016372394661868347,3.4940000000000007,1.209513515031906
scene-1100,CAM_BACK,36,0,car,0.8787879347801208,-5.164006941363129,-1.4344359214872857,0.7053445996350639,3.774344373140089,2.098102929268023,2.122354681055823,-2.8681219256903145,0.28464011870809414,0.1082468074949278,1.8140000000000003,-5.164006941363129,-1.4344359214872857,0.7053445996350639,3.774344373140089,2.098102929268023,2.122354681055823,-2.8681219256903145,0.1082468074949278,1.8140000000000003,0.28464011870809414
scene-1100,CAM_FRONT,37,0,car,0.5857605338096619,21.958577304353696,12.86855002384533,1.3983696826141951,1.0592857200383605,0.7709881657703623,0.3748187083705805,-2.5812183463328693,-1.2772093115736651,0.19886363636363635,0.07000000000000002,21.958577304353696,12.86855002384533,1.3983696826141951,1.0592857200383605,0.7709881657703623,0.3748187083705805,-2.5812183463328693,0.19886363636363635,0.07000000000000002,-1.2772093115736651
scene-1100,CAM_FRONT,37,1,car,0.949367105960846,5.2969492717258975,-1.8413479254617413,0.8547758863890348,2.7996855463961996,1.5391582917656716,1.2600842451711112,0.8431071969165083,-0.25349985944175435,0.1749084249084249,0.9550000000000003,5.2969492717258975,-1.8413479254617413,0.8547758863890348,2.7996855463961996,1.5391582917656716,1.2600842451711112,0.8431071969165083,0.1749084249084249,0.9550000000000003,-0.25349985944175435
scene-1100,CAM_FRONT,37,2,car,0.9298245906829834,22.939840480759297,9.099843803416157,1.0492007088526927,3.718151399039982,2.1710205826286666,1.7609625337075432,-2.5170863456466193,-0.2303743673452956,0.045113295113295114,0.6610000000000001,22.939840480759297,9.099843803416157,1.0492007088526927,3.718151399039982,2.1710205826286666,1.7609625337075432,-2.5170863456466193,0.045113295113295114,0.6610000000000001,-0.2303743673452956
scene-1100,CAM_FRONT,37,3,car,0.7887788414955139,44.185834877611775,23.81681977198656,1.4450227538009093,2.3567277661864185,2.1262946053200125,2.1611091327268057,2.223258361448964,-0.23153492842719148,0.00045093795093795094,0.005000000000000001,44.185834877611775,23.81681977198656,1.4450227538009093,2.3567277661864185,2.1262946053200125,2.1611091327268057,2.223258361448964,0.00045093795093795094,0.005000000000000001,-0.23153492842719148
scene-1100,CAM_FRONT_LEFT,37,0,car,0.6404494643211365,59.93781955549384,39.20688488468451,1.5392007520910023,2.3808691752886944,1.087794726425905,0.8947980686214438,-2.6618271918501244,-0.7097319214565041,0.0,0.0,59.93781955549384,39.20688488468451,1.5392007520910023,2.3808691752886944,1.087794726425905,0.8947980686214438,-2.6618271918501244,0.0,0.0,-0.7097319214565041
scene-1100,CAM_FRONT_LEFT,37,1,car,0.7852349281311035,23.937395385245402,10.286788573477434,0.9436573655155103,2.985596118944976,1.6079440241599148,1.5757104114371612,-2.4086462941667635,-0.12402829457399878,0.011588541666666667,0.08900000000000002,23.937395385245402,10.286788573477434,0.9436573655155103,2.985596118944976,1.6079440241599148,1.5757104114371612,-2.4086462941667635,0.011588541666666667,0.08900000000000002,-0.12402829457399878
scene-1100,CAM_FRONT_RIGHT,37,0,car,0.8048780560493469,7.544013498057061,-20.157346173505335,0.26333052459582595,3.8723327590879357,2.3595714523929683,1.8444392651398105,2.2106878231059026,0.08640854862501923,0.06475546058879392,1.091,7.544013498057061,-20.157346173505335,0.26333052459582595,3.8723327590879357,2.3595714523929683,1.8444392651398105,2.2106878231059026,0.06475546058879392,1.091,0.08640854862501923
scene-1100,CAM_FRONT_RIGHT,37,1,car,0.8128654956817627,3.5312344715553063,-2.3017805555865487,0.8352617654224513,4.111195319812462,1.2117954810935205,1.201346540987015,-2.5806478361301135,-0.2854250803910372,0.4662940379403794,2.7530000000000006,3.5312344715553063,-2.3017805555865487,0.8352617654224513,4.111195319812462,1.2117954810935205,1.201346540987015,-2.5806478361301135,0.4662940379403794,2.7530000000000006,-0.2854250803910372
scene-1100,CAM_FRONT_RIGHT,37,2,car,0.6717948913574219,10.738254820677371,-25.454327952696776,0.2490836790912626,1.619640541364051,0.6562298271324494,1.787421575584575,3.096099880269233,0.0765676046688899,0.031746031746031744,0.06400000000000002,10.738254820677371,-25.454327952696776,0.2490836790912626,1.619640541364051,0.6562298271324494,1.787421575584575,3.096099880269233,0.031746031746031744,0.06400000000000002,0.0765676046688899
scene-1100,CAM_FRONT_RIGHT,37,0,bus,0.9064327478408813,11.699019518183713,-22.936351044379403,1.2099727100294357,10.326467159059217,3.6436049585191306,5.36407696863431,2.0643536063720234,0.9286986864466855,0.011421750769107834,2.2870000000000004,11.699019518183713,-22.936351044379403,1.2099727100294357,10.326467159059217,3.6436049585191306,5.36407696863431,2.0643536063720234,0.011421750769107834,2.2870000000000004,0.9286986864466855
scene-1100,CAM_BACK,37,0,car,0.8787879347801208,-5.083159031853596,-1.3915110243946396,0.7513753011228871,3.6485522442389517,2.134851854804895,2.077089789377853,-2.888739721805102,0.20252491831121755,0.1245275888133031,1.9770000000000003,-5.083159031853596,-1.3915110243946396,0.7513753011228871,3.6485522442389517,2.134851854804895,2.077089789377853,-2.888739721805102,0.1245275888133031,1.9770000000000003,0.20252491831121755
scene-1100,CAM_FRONT,38,0,car,0.507692277431488,27.87933618950407,16.40469665879511,1.3089007934129926,1.4144489860449685,1.3692778897663693,0.5653135925975239,2.5105341072813943,-1.0102207077019707,0.012755102040816327,0.015000000000000005,27.87933618950407,16.40469665879511,1.3089007934129926,1.4144489860449685,1.3692778897663693,0.5653135925975239,2.5105341072813943,0.012755102040816327,0.015000000000000005,-1.0102207077019707
scene-1100,CAM_FRONT,38,1,car,0.8160918951034546,34.33891076634478,17.901068628083447,1.2647744972910986,2.5325772864084897,1.6443879348634294,1.2664459074098624,-2.362549142816626,-0.5754169210421172,0.0,0.0,34.33891076634478,17.901068628083447,1.2647744972910986,2.5325772864084897,1.6443879348634294,1.2664459074098624,-2.362549142816626,0.0,0.0,-0.5754169210421172
scene-1100,CAM_FRONT,38,2,car,0.9336099624633789,19.427125084252847,6.393616622103437,0.9495443196870357,3.9657387468236003,2.173350622271446,1.7756650219648051,-2.470588992802763,-0.10986739587118088,0.05637626262626263,0.8930000000000002,19.427125084252847,6.393616622103437,0.9495443196870357,3.9657387468236003,2.173350622271446,1.7756650219648051,-2.470588992802763,0.05637626262626263,0.8930000000000002,-0.10986739587118088
scene-1100,CAM_FRONT_LEFT,38,0,car,0.6717948913574219,35.49317906357933,18.829929376097187,1.452301554821548,3.2056006000363197,2.1014979302839394,1.1315348359116337,-2.6768797717304444,-0.7581283870679102,0.0,0.0,35.49317906357933,18.829929376097187,1.452301554821548,3.2056006000363197,2.1014979302839394,1.1315348359116337,-2.6768797717304444,0.0,0.0,-0.7581283870679102
scene-1100,CAM_FRONT_LEFT,38,1,car,0.5276752710342407,56.15790739785426,35.559201452533905,-0.29059891417482264,1.1791906572586126,1.0465140561299364,1.1558661331506115,2.190657429600755,1.2442742373915163,0.0,0.0,56.15790739785426,35.559201452533905,-0.29059891417482264,1.1791906572586126,1.0465140561299364,1.1558661331506115,2.190657429600755,0.0,0.0,1.2442742373915163
scene-1100,CAM_FRONT_RIGHT,38,0,car,0.8012422323226929,7.601776881133733,-20.19810956220216,0.24147594554471397,3.80766634811744,2.1989393257596226,1.8333047794153812,2.167484800278069,0.2863261128565191,0.06751727804359384,1.0160000000000002,7.601776881133733,-20.19810956220216,0.24147594554471397,3.80766634811744,2.1989393257596226,1.8333047794153812,2.167484800278069,0.06751727804359384,1.0160000000000002,0.2863261128565191
scene-1100,CAM_FRONT_RIGHT,38,1,car,0.6521739363670349,10.688623872605572,-25.465008637808506,0.3085511237666634,1.7861927399006348,0.6222305124790566,1.6513655679861023,2.875291872307824,0.17154118800501328,0.016339869281045753,0.03000000000000001,10.688623872605572,-25.465008637808506,0.3085511237666634,1.7861927399006348,0.6222305124790566,1.6513655679861023,2.875291872307824,0.016339869281045753,0.03000000000000001,0.17154118800501328
scene-1100,CAM_FRONT_RIGHT,38,0,bus,0.9259259104728699,11.389450656867986,-22.80169575560137,1.185021776654235,10.453928732196768,3.5467520242415205,5.7257417843149305,2.0506706840062603,1.28820204891006,0.016254923021840315,3.4050000000000007,11.389450656867986,-22.80169575560137,1.185021776654235,10.453928732196768,3.5467520242415205,5.7257417843149305,2.0506706840062603,0.016254923021840315,3.4050000000000007,1.28820204891006
scene-1100,CAM_BACK,38,0,car,0.9064327478408813,-5.086423769792579,-1.4595127412308122,0.7590239266839088,3.668258862486679,2.1561561781475342,2.103442422024684,-2.863252936289328,0.20698307822892292,0.12056862056862057,2.0610000000000004,-5.086423769792579,-1.4595127412308122,0.7590239266839088,3.668258862486679,2.1561561781475342,2.103442422024684,-2.863252936289328,0.12056862056862057,2.0610000000000004,0.20698307822892292
scene-1100,CAM_BACK_RIGHT,38,0,car,0.9179486632347107,-0.39772673392964614,-4.964968589681733,0.7267704673008826,4.707380505271558,2.236932232348456,1.4491566223740575,-2.716669701537687,-0.10129064480232275,0.24772036474164133,3.5860000000000007,-0.39772673392964614,-4.964968589681733,0.7267704673008826,4.707380505271558,2.236932232348456,1.4491566223740575,-2.716669701537687,0.24772036474164133,3.5860000000000007,-0.10129064480232275
scene-1100,CAM_FRONT,39,0,car,0.9179486632347107,15.528215725798372,3.4092988373700295,0.9135791357224828,4.192001000538408,2.427142003299096,1.8310210958614872,-2.4430890438978556,-0.049262219977198374,0.06420855379188713,1.1650000000000005,15.528215725798372,3.4092988373700295,0.9135791357224828,4.192001000538408,2.427142003299096,1.8310210958614872,-2.4430890438978556,0.06420855379188713,1.1650000000000005,-0.049262219977198374
scene-1100,CAM_FRONT,39,1,car,0.8476190567016602,32.637658792376456,16.305864953985928,1.199599768558206,3.7726912044051986,1.809948098367788,1.345158749144097,-2.498265741653144,-0.41812129982178603,0.0,0.0,32.637658792376456,16.305864953985928,1.199599768558206,3.7726912044051986,1.809948098367788,1.345158749144097,-2.498265741653144,0.0,0.0,-0.41812129982178603
scene-1100,CAM_FRONT,39,2,car,0.6952381134033203,31.884026737794088,18.592484021354203,1.1438669618012471,0.9928148724914774,0.700839727887498,0.9034376234974006,2.5355718697391,-0.5958126272220605,0.0,0.0,31.884026737794088,18.592484021354203,1.1438669618012471,0.9928148724914774,0.700839727887498,0.9034376234974006,2.5355718697391,0.0,0.0,-0.5958126272220605
scene-1100,CAM_FRONT_LEFT,39,0,car,0.8128654956817627,1.610705037208525,0.37583158435674147,1.3696034474383194,0.06105433119273407,0.03664855151276819,0.02947024482685845,-2.6926553011443617,-1.3588118875325197,1.0,0.0010000000000000002,1.610705037208525,0.37583158435674147,1.3696034474383194,0.06105433119273407,0.03664855151276819,0.02947024482685845,-2.6926553011443617,1.0,0.0010000000000000002,-1.3588118875325197
scene-1100,CAM_FRONT_LEFT,39,1,car,0.6717948913574219,58.767209560486044,37.8301095294249,1.0172851315009614,2.0255785378496824,1.1718426430743598,1.1012039388491839,-2.801157670957437,-0.01661593995799182,0.0,0.0,58.767209560486044,37.8301095294249,1.0172851315009614,2.0255785378496824,1.1718426430743598,1.1012039388491839,-2.801157670957437,0.0,0.0,-0.01661593995799182
scene-1100,CAM_FRONT_RIGHT,39,0,car,0.8128654956817627,7.577877830480413,-20.118724043261018,0.23900908454140513,3.6421881385383585,2.1928800807691333,1.8059368027481175,2.1755558114067894,0.09839623413764631,0.04398148148148148,0.6270000000000002,7.577877830480413,-20.118724043261018,0.23900908454140513,3.6421881385383585,2.1928800807691333,1.8059368027481175,2.1755558114067894,0.04398148148148148,0.6270000000000002,0.09839623413764631
scene-1100,CAM_FRONT_RIGHT,39,1,car,0.6483516097068787,10.671501663239495,-25.57174809562972,0.3567726478578467,1.2441619732681648,0.5839560790320135,1.68817020928781,-3.137622508778534,-0.04071364718733039,0.008986928104575163,0.011000000000000001,10.671501663239495,-25.57174809562972,0.3567726478578467,1.2441619732681648,0.5839560790320135,1.68817020928781,-3.137622508778534,0.008986928104575163,0.011000000000000001,-0.04071364718733039
scene-1100,CAM_FRONT_RIGHT,39,0,bus,0.941605806350708,11.346781170106544,-22.806165356755148,1.2016259019260283,10.295671227197023,3.3716592425467646,5.499680318701952,2.040212846912318,1.0906412012039393,0.016442552307772182,3.1670000000000007,11.346781170106544,-22.806165356755148,1.2016259019260283,10.295671227197023,3.3716592425467646,5.499680318701952,2.040212846912318,0.016442552307772182,3.1670000000000007,1.0906412012039393
scene-1100,CAM_BACK,39,0,car,0.8632478713989258,-5.371288130729866,-1.4549046223827995,0.7943264579436264,3.757287223662023,2.270584103898007,2.2395069621193047,-2.8779458593070797,0.23763915652361867,0.12398585396297067,2.384000000000001,-5.371288130729866,-1.4549046223827995,0.7943264579436264,3.757287223662023,2.270584103898007,2.2395069621193047,-2.8779458593070797,0.12398585396297067,2.384000000000001,0.23763915652361867
scene-1100,CAM_BACK_RIGHT,39,0,car,0.9375000596046448,-5.175578332858364,-7.296445634659328,0.6277460742809265,4.602241247008316,2.1129466864885464,1.5077159558483475,-2.726458257637147,-0.06093025817907183,0.16984126984126985,2.4610000000000007,-5.175578332858364,-7.296445634659328,0.6277460742809265,4.602241247008316,2.1129466864885464,1.5077159558483475,-2.726458257637147,0.16984126984126985,2.4610000000000007,-0.06093025817907183
