scene,cam,frame_idx,sam3_index,cls,score,center_x,center_y,center_z,length,width,height,yaw,below_ground,free_frac,free_m3,pipeline_center_x,pipeline_center_y,pipeline_center_z,pipeline_length,pipeline_width,pipeline_height,pipeline_yaw,pipeline_free_frac,pipeline_free_m3,pipeline_below_ground
scene-1077,CAM_FRONT,0,0,car,0.8709677457809448,14.846396736247312,7.308025258554739,0.6256272558415359,4.0965510975711865,1.8499544358975806,1.7113177262944865,0.8581233674696873,-0.025989504897890647,0.025904670811413996,0.32500000000000007,14.846396736247312,7.308025258554739,0.6256272558415359,4.0965510975711865,1.8499544358975806,1.7113177262944865,0.8581233674696873,0.025904670811413996,0.32500000000000007,-0.025989504897890647
scene-1077,CAM_FRONT,0,1,car,0.5395683646202087,75.68504891073037,34.91949504844882,0.053093750153208275,5.2468619519795965,4.781679906062948,3.6165280909935356,2.649998642690783,1.0273948408223803,0.0,0.0,75.68504891073037,34.91949504844882,0.053093750153208275,5.2468619519795965,4.781679906062948,3.6165280909935356,2.649998642690783,0.0,0.0,1.0273948408223803
scene-1077,CAM_FRONT,0,2,car,0.5508772134780884,60.064285240466404,12.949044485640394,-0.33172858928199067,8.15004044035281,4.862447641531681,3.058041998020303,1.0460796445066547,1.2650260188989844,0.0,0.0,60.064285240466404,12.949044485640394,-0.33172858928199067,8.15004044035281,4.862447641531681,3.058041998020303,1.0460796445066547,0.0,0.0,1.2650260188989844
scene-1077,CAM_FRONT,0,3,car,0.675126850605011,60.983638113250656,21.251372461926906,0.21736716392532873,6.416681737914807,3.176701563107642,2.4137238131577536,2.641140475982151,0.3700130598761433,0.0,0.0,60.983638113250656,21.251372461926906,0.21736716392532873,6.416681737914807,3.176701563107642,2.4137238131577536,2.641140475982151,0.0,0.0,0.3700130598761433
scene-1077,CAM_FRONT_LEFT,0,0,car,0.8750000596046448,15.086712691399724,7.702866308479573,0.43095909723705883,4.647950325927992,2.3868699143455867,1.754015807093363,0.9993371537830028,0.17956168472759138,0.022443639291465377,0.44600000000000006,15.086712691399724,7.702866308479573,0.43095909723705883,4.647950325927992,2.3868699143455867,1.754015807093363,0.9993371537830028,0.022443639291465377,0.44600000000000006,0.17956168472759138
scene-1077,CAM_FRONT_LEFT,0,1,car,0.8358974456787109,37.99700941796684,29.113836360586593,0.7666862997792537,2.7475456827702587,1.659844856519408,1.2906690619149142,-2.378502442045591,-0.7018448017540782,0.0,0.0,37.99700941796684,29.113836360586593,0.7666862997792537,2.7475456827702587,1.659844856519408,1.2906690619149142,-2.378502442045591,0.0,0.0,-0.7018448017540782
scene-1077,CAM_FRONT_RIGHT,0,0,car,0.859649121761322,4.176219220760242,-11.108813787711735,0.9057673602473292,4.671438707571376,2.1326542751093562,1.3799937373242315,-3.0632434776802313,-0.20207098983236005,0.14734404400057896,2.0360000000000005,4.176219220760242,-11.108813787711735,0.9057673602473292,4.671438707571376,2.1326542751093562,1.3799937373242315,-3.0632434776802313,0.14734404400057896,2.0360000000000005,-0.20207098983236005
scene-1077,CAM_FRONT_RIGHT,0,1,car,0.9375000596046448,11.82541114940226,-10.74194711853101,0.864428494228012,5.094221134122809,2.0513878466476623,1.4746781950073697,-2.57382358217513,-0.3095549202056962,0.1348895113600996,2.1670000000000007,11.82541114940226,-10.74194711853101,0.864428494228012,5.094221134122809,2.0513878466476623,1.4746781950073697,-2.57382358217513,0.1348895113600996,2.1670000000000007,-0.3095549202056962
scene-1077,CAM_BACK,0,0,car,0.941605806350708,-9.738129764603698,-0.8326561056338024,0.7942670594487463,3.1532565163697086,2.080709503147979,1.580627070851641,2.210529426970617,-0.030980207115043124,0.1683407738095238,1.8100000000000005,-9.738129764603698,-0.8326561056338024,0.7942670594487463,3.1532565163697086,2.080709503147979,1.580627070851641,2.210529426970617,0.1683407738095238,1.8100000000000005,-0.030980207115043124
scene-1077,CAM_BACK,0,1,car,0.5038759708404541,-50.80639426631971,28.62066273112759,-1.5960096764924867,1.983072481721205,1.981781099021937,0.6213937801631402,1.517074585865495,1.5762883970756132,0.0,0.0,-50.80639426631971,28.62066273112759,-1.5960096764924867,1.983072481721205,1.981781099021937,0.6213937801631402,1.517074585865495,0.0,0.0,1.5762883970756132
scene-1077,CAM_BACK,0,2,car,0.8324607610702515,-13.496713909384969,2.2954013755789218,0.4161289263605974,4.1799303895142135,1.9027029686436752,1.5759524072089737,2.449058687865364,0.07081959184006559,0.08834586466165413,1.1280000000000001,-13.496713909384969,2.2954013755789218,0.4161289263605974,4.1799303895142135,1.9027029686436752,1.5759524072089737,2.449058687865364,0.08834586466165413,1.1280000000000001,0.07081959184006559
scene-1077,CAM_BACK,0,3,car,0.7419355511665344,-38.518275197442904,17.925911467303695,-0.9180999258570712,2.1725604798421116,2.1722192384510954,0.6562869065251729,-2.9415174040334504,0.7090825057065717,0.01357733175914994,0.046000000000000006,-38.518275197442904,17.925911467303695,-0.9180999258570712,2.1725604798421116,2.1722192384510954,0.6562869065251729,-2.9415174040334504,0.01357733175914994,0.046000000000000006,0.7090825057065717
scene-1077,CAM_BACK_RIGHT,0,0,car,0.859649121761322,-4.963103393366753,-7.656076419122841,1.0851187774371494,4.646551141890476,2.3743933900121093,1.5773896501142504,2.701204712509963,-0.15496874908527014,0.13966259057971014,2.4670000000000005,-4.963103393366753,-7.656076419122841,1.0851187774371494,4.646551141890476,2.3743933900121093,1.5773896501142504,2.701204712509963,0.13966259057971014,2.4670000000000005,-0.15496874908527014
scene-1077,CAM_BACK_RIGHT,0,1,car,0.6717948913574219,2.892053395285587,-11.172610212849518,0.8562673894276875,2.638162248066983,1.6060394445275108,1.2238557794915637,3.0586818482647056,-0.19813412806363484,0.18249198717948717,0.9110000000000001,2.892053395285587,-11.172610212849518,0.8562673894276875,2.638162248066983,1.6060394445275108,1.2238557794915637,3.0586818482647056,0.18249198717948717,0.9110000000000001,-0.19813412806363484
scene-1077,CAM_BACK_RIGHT,0,2,car,0.6012461185455322,-26.286955887175946,-60.38375592112438,1.4544516543250374,1.9369512753049491,1.1835175155399043,0.7987131127395781,3.042149539782851,-0.8508965885005213,0.0,0.0,-26.286955887175946,-60.38375592112438,1.4544516543250374,1.9369512753049491,1.1835175155399043,0.7987131127395781,3.042149539782851,0.0,0.0,-0.8508965885005213
scene-1077,CAM_FRONT,1,0,car,0.7928802371025085,75.48448466410731,14.343962166665785,0.4731874004371768,7.5096788669915036,4.6098965818625715,3.67522510267287,1.3926641491360128,1.1337007714789777,0.0,0.0,75.48448466410731,14.343962166665785,0.4731874004371768,7.5096788669915036,4.6098965818625715,3.67522510267287,1.3926641491360128,0.0,0.0,1.1337007714789777
scene-1077,CAM_FRONT,1,1,car,0.7229437232017517,48.9707056501097,-6.347029093418356,0.18415454366340467,9.509821302155318,6.3831899915512125,4.058196557523424,1.5334138846682757,1.659725311493342,0.003429878048780488,0.8550000000000002,48.9707056501097,-6.347029093418356,0.18415454366340467,9.509821302155318,6.3831899915512125,4.058196557523424,1.5334138846682757,0.003429878048780488,0.8550000000000002,1.659725311493342
scene-1077,CAM_FRONT,1,2,car,0.5311355590820312,56.81096725780525,33.59444868980972,1.609937265489961,7.65051443065439,0.9744719165441822,1.4331642193387475,-2.4196746770300344,-1.3363278158852845,0.0,0.0,56.81096725780525,33.59444868980972,1.609937265489961,7.65051443065439,0.9744719165441822,1.4331642193387475,-2.4196746770300344,0.0,0.0,-1.3363278158852845
scene-1077,CAM_FRONT,1,3,car,0.604938268661499,38.25792118183228,13.016886013922123,0.727951687685185,2.9222511864956253,2.06460948948423,1.4452484055063817,1.1648074724604063,-0.4872320214176662,0.0076237391508327465,0.065,38.25792118183228,13.016886013922123,0.727951687685185,2.9222511864956253,2.06460948948423,1.4452484055063817,1.1648074724604063,0.0076237391508327465,0.065,-0.4872320214176662
scene-1077,CAM_FRONT,1,4,car,0.6246334314346313,41.76746889233416,20.8170116068886,0.8108073211497843,2.6602292200334565,2.165497403009695,0.8103467358962237,1.8769310249113413,-0.8854438632606476,0.0,0.0,41.76746889233416,20.8170116068886,0.8108073211497843,2.6602292200334565,2.165497403009695,0.8103467358962237,1.8769310249113413,0.0,0.0,-0.8854438632606476
scene-1077,CAM_FRONT,1,5,car,0.8160918951034546,39.84326908957111,0.7088448615146783,1.0739482550139248,4.619044328517422,2.123035748635438,1.6507322107720321,-2.4160548195014946,-0.40908602881739997,0.031421264157837046,0.5160000000000001,39.84326908957111,0.7088448615146783,1.0739482550139248,4.619044328517422,2.123035748635438,1.6507322107720321,-2.4160548195014946,0.031421264157837046,0.5160000000000001,-0.40908602881739997
scene-1077,CAM_FRONT,1,6,car,0.8672199249267578,16.3020588495464,6.202594094968482,0.7238415902515856,3.837259343629704,2.1924215260706448,1.7219491851493953,-2.544077245131495,-0.12155446405986825,0.02307908809456797,0.32800000000000007,16.3020588495464,6.202594094968482,0.7238415902515856,3.837259343629704,2.1924215260706448,1.7219491851493953,-2.544077245131495,0.02307908809456797,0.32800000000000007,-0.12155446405986825
scene-1077,CAM_FRONT,1,7,car,0.6213017702102661,92.16343834240985,22.924399216766563,0.05698837274565571,14.71324035027368,3.480333643230906,3.296969152607681,-2.8428146694265015,1.2763241869375488,0.0,0.0,92.16343834240985,22.924399216766563,0.05698837274565571,14.71324035027368,3.480333643230906,3.296969152607681,-2.8428146694265015,0.0,0.0,1.2763241869375488
scene-1077,CAM_FRONT,1,8,car,0.6213017702102661,38.4451837915206,-1.6744816960015514,0.2288579351580322,7.23590298918927,0.5037046202966629,1.8793096565988505,2.3060539347291114,0.5591515903688711,0.00804093567251462,0.05500000000000001,38.4451837915206,-1.6744816960015514,0.2288579351580322,7.23590298918927,0.5037046202966629,1.8793096565988505,2.3060539347291114,0.00804093567251462,0.05500000000000001,0.5591515903688711
scene-1077,CAM_FRONT_LEFT,1,0,car,0.8400000333786011,16.482166006702293,7.04621204037301,0.5000868408921415,2.6722640111251295,1.616051519342447,1.2859563904847109,-2.568617553045458,-0.14137073657118804,0.01566951566951567,0.08800000000000002,16.482166006702293,7.04621204037301,0.5000868408921415,2.6722640111251295,1.616051519342447,1.2859563904847109,-2.568617553045458,0.01566951566951567,0.08800000000000002,-0.14137073657118804
scene-1077,CAM_FRONT_LEFT,1,1,car,0.827957034111023,43.78694308106909,22.361985654789745,0.4151386088240981,2.923038198647241,1.7792709115962702,0.9062528933287447,-2.7101121692648884,-0.36105226511840494,0.0,0.0,43.78694308106909,22.361985654789745,0.4151386088240981,2.923038198647241,1.7792709115962702,0.9062528933287447,-2.7101121692648884,0.0,0.0,-0.36105226511840494
scene-1077,CAM_FRONT_RIGHT,1,0,car,0.9259259104728699,3.1991929979278844,-12.929920475551901,1.1670262222621481,4.66953182627879,2.0272543023081155,1.4397755796666774,-2.8860106890250825,-0.48444137351271754,0.10987841945288754,1.4460000000000004,3.1991929979278844,-12.929920475551901,1.1670262222621481,4.66953182627879,2.0272543023081155,1.4397755796666774,-2.8860106890250825,0.10987841945288754,1.4460000000000004,-0.48444137351271754
scene-1077,CAM_BACK,1,0,car,0.8476190567016602,-16.546494824960142,6.37434242432514,0.22137421211708608,4.140120184436542,2.029388706681676,1.6518660525270308,2.316424163874316,0.06235914287796618,0.07065997130559541,0.9850000000000002,-16.546494824960142,6.37434242432514,0.22137421211708608,4.140120184436542,2.029388706681676,1.6518660525270308,2.316424163874316,0.07065997130559541,0.9850000000000002,0.06235914287796618
scene-1077,CAM_BACK,1,1,car,0.6167664527893066,-11.101950641380988,-4.815616088365339,1.3146179691104123,1.5647348151744236,0.9146490885031424,0.8407493793117539,3.0327348545237243,-0.7730039600108327,0.08680555555555555,0.10000000000000003,-11.101950641380988,-4.815616088365339,1.3146179691104123,1.5647348151744236,0.9146490885031424,0.8407493793117539,3.0327348545237243,0.08680555555555555,0.10000000000000003,-0.7730039600108327
scene-1077,CAM_BACK,1,2,car,0.8518518805503845,-12.52871969642225,-3.3112647524827694,1.0206137784336358,4.81019422399816,2.469061265478393,1.6884898883015733,1.8763574527935047,-0.14961455931851653,0.13808823529411765,2.817000000000001,-12.52871969642225,-3.3112647524827694,1.0206137784336358,4.81019422399816,2.469061265478393,1.6884898883015733,1.8763574527935047,0.13808823529411765,2.817000000000001,-0.14961455931851653
scene-1077,CAM_BACK,1,3,car,0.6521739363670349,-31.533802152598735,24.411675800132727,-1.2473351040197247,2.1844597823759955,2.1828235535220273,0.615659215855382,3.039864766967837,1.1633169822644933,0.0013774104683195593,0.004000000000000001,-31.533802152598735,24.411675800132727,-1.2473351040197247,2.1844597823759955,2.1828235535220273,0.615659215855382,3.039864766967837,0.0013774104683195593,0.004000000000000001,1.1633169822644933
scene-1077,CAM_BACK,1,4,car,0.719298243522644,-22.586915029216264,-14.244339024418526,1.5986786737618617,3.767428113689437,2.2692274592906156,1.6946391373283824,-2.5330059090586694,-0.24130558966340532,0.007066899986539238,0.10500000000000002,-22.586915029216264,-14.244339024418526,1.5986786737618617,3.767428113689437,2.2692274592906156,1.6946391373283824,-2.5330059090586694,0.007066899986539238,0.10500000000000002,-0.24130558966340532
scene-1077,CAM_BACK,1,5,car,0.949367105960846,-12.777996303884175,1.8515747405672403,0.6857244071105592,3.294467501733349,2.140803725481234,1.6169379989322443,2.2765202866851775,-0.19944050676934544,0.10957792207792208,1.2150000000000003,-12.777996303884175,1.8515747405672403,0.6857244071105592,3.294467501733349,2.140803725481234,1.6169379989322443,2.2765202866851775,0.10957792207792208,1.2150000000000003,-0.19944050676934544
scene-1077,CAM_BACK,1,6,car,0.8518518805503845,-49.222647641916105,28.17181596375768,-2.6288055209229224,5.833445447291965,3.4395390636008827,2.7239022669182567,2.1631553005420643,3.6758291062119612,0.0006197881451431147,0.03300000000000001,-49.222647641916105,28.17181596375768,-2.6288055209229224,5.833445447291965,3.4395390636008827,2.7239022669182567,2.1631553005420643,0.0006197881451431147,0.03300000000000001,3.6758291062119612
scene-1077,CAM_BACK_RIGHT,1,0,car,0.9259259104728699,-4.440107219080297,-10.222895336354735,1.1125650171626913,4.7396474370155595,2.1322792386474223,1.4840610516485149,2.675618988262567,-0.17803075591534578,0.10969267139479906,1.6240000000000003,-4.440107219080297,-10.222895336354735,1.1125650171626913,4.7396474370155595,2.1322792386474223,1.4840610516485149,2.675618988262567,0.10969267139479906,1.6240000000000003,-0.17803075591534578
scene-1077,CAM_BACK_RIGHT,1,1,car,0.9569892287254333,2.3899214797892117,-12.915206048980185,1.0651757244852997,4.869958223061299,2.0956317015196486,1.4587509480503944,-3.12258935400003,-0.16758612303872344,0.1286038224813735,1.9850000000000005,2.3899214797892117,-12.915206048980185,1.0651757244852997,4.869958223061299,2.0956317015196486,1.4587509480503944,-3.12258935400003,0.1286038224813735,1.9850000000000005,-0.16758612303872344
scene-1077,CAM_FRONT,2,0,car,0.5540069937705994,82.51562252000215,30.541056364696622,0.6193255283540317,2.520378389363117,1.2037029503012668,0.8342669061773902,-2.5201282730155836,-0.8127055239805465,0.0,0.0,82.51562252000215,30.541056364696622,0.6193255283540317,2.520378389363117,1.2037029503012668,0.8342669061773902,-2.5201282730155836,0.0,0.0,-0.8127055239805465
scene-1077,CAM_FRONT,2,1,car,0.7575758099555969,43.427729573557926,7.621877307007915,0.7587279203943004,3.5702403899889177,3.0267358153578114,1.2453601211785814,-2.8783941016690453,-0.4284759360722521,0.003780864197530864,0.04900000000000001,43.427729573557926,7.621877307007915,0.7587279203943004,3.5702403899889177,3.0267358153578114,1.2453601211785814,-2.8783941016690453,0.003780864197530864,0.04900000000000001,-0.4284759360722521
scene-1077,CAM_FRONT,2,2,car,0.7264957427978516,63.30644164957349,0.6317223857879085,1.03904194397844,6.119914822688344,2.8669470854131163,2.167286263773814,-2.63165787785326,-0.11829496840256803,0.0,0.0,63.30644164957349,0.6317223857879085,1.03904194397844,6.119914822688344,2.8669470854131163,2.167286263773814,-2.63165787785326,0.0,0.0,-0.11829496840256803
scene-1077,CAM_FRONT,2,3,car,0.7500000596046448,16.114743694693285,-8.584435430772,0.8430219175569018,3.6520898035168052,2.098298898960948,1.654402124826833,1.5215078036241907,-0.0344542654780724,0.023090317207964266,0.30500000000000005,16.114743694693285,-8.584435430772,0.8430219175569018,3.6520898035168052,2.098298898960948,1.654402124826833,1.5215078036241907,0.023090317207964266,0.30500000000000005,-0.0344542654780724
scene-1077,CAM_FRONT,2,4,car,0.7037037014961243,53.872956417571935,6.005287772798122,1.198346942116849,2.9014693076953932,2.725891175330439,0.7829259288538976,1.3859710617366963,-1.0809892583276413,0.0,0.0,53.872956417571935,6.005287772798122,1.198346942116849,2.9014693076953932,2.725891175330439,0.7829259288538976,1.3859710617366963,0.0,0.0,-1.0809892583276413
scene-1077,CAM_FRONT,2,5,car,0.8476190567016602,17.867253185139262,4.493264457485488,0.7103714265828716,3.5690555407227293,2.1447859960032507,1.6502052950966912,-2.802454458996061,-0.10304018997660358,0.012682850918145036,0.16300000000000006,17.867253185139262,4.493264457485488,0.7103714265828716,3.5690555407227293,2.1447859960032507,1.6502052950966912,-2.802454458996061,0.012682850918145036,0.16300000000000006,-0.10304018997660358
scene-1077,CAM_FRONT,2,6,car,0.827957034111023,28.281895723729768,-10.447211945442158,0.9926698381243488,4.809309512832119,2.221466435325741,1.798781533150963,-2.879355315265022,0.0446063946691273,0.05082070707070707,0.9660000000000003,28.281895723729768,-10.447211945442158,0.9926698381243488,4.809309512832119,2.221466435325741,1.798781533150963,-2.879355315265022,0.05082070707070707,0.9660000000000003,0.0446063946691273
scene-1077,CAM_FRONT,2,7,car,0.8439024686813354,31.330948005887528,-2.9356741249016625,1.015919275798205,4.8332829505082024,2.1385778581677357,1.745299708398824,-2.6152489716617224,-0.21907419159162134,0.021942110177404293,0.37600000000000006,31.330948005887528,-2.9356741249016625,1.015919275798205,4.8332829505082024,2.1385778581677357,1.745299708398824,-2.6152489716617224,0.021942110177404293,0.37600000000000006,-0.21907419159162134
scene-1077,CAM_FRONT_RIGHT,2,0,car,0.7815700173377991,14.948173812982578,-8.623624319704389,0.9201848364635632,4.860801110382402,2.2404036714000988,1.6906891412501093,-2.410401478371119,-0.08619274529636378,0.03508676197751828,0.6430000000000002,14.948173812982578,-8.623624319704389,0.9201848364635632,4.860801110382402,2.2404036714000988,1.6906891412501093,-2.410401478371119,0.03508676197751828,0.6430000000000002,-0.08619274529636378
scene-1077,CAM_BACK,2,0,car,0.9259259104728699,-15.360719586231061,4.96524491762462,0.6672682744897978,3.2337603362199765,2.1019890754704598,1.5900431188725626,2.0245652503543226,-0.2940608885135232,0.12974330357142858,1.3950000000000005,-15.360719586231061,4.96524491762462,0.6672682744897978,3.2337603362199765,2.1019890754704598,1.5900431188725626,2.0245652503543226,0.12974330357142858,1.3950000000000005,-0.2940608885135232
scene-1077,CAM_BACK,2,1,car,0.6132930517196655,-16.63081382362016,1.1702519731411245,0.9037407852508442,1.15916403851074,0.4619447312686322,1.0963057991137124,1.8851613357067583,-0.5656907716555206,0.10151515151515152,0.06700000000000002,-16.63081382362016,1.1702519731411245,0.9037407852508442,1.15916403851074,0.4619447312686322,1.0963057991137124,1.8851613357067583,0.10151515151515152,0.06700000000000002,-0.5656907716555206
scene-1077,CAM_BACK,2,2,car,0.8439024686813354,-17.702942394379697,9.480889026864904,0.2991556374509976,4.3680455563936,2.092756344722174,1.6634330557227717,2.0877196744215976,0.017075484488452197,0.0735930735930736,1.1560000000000004,-17.702942394379697,9.480889026864904,0.2991556374509976,4.3680455563936,2.092756344722174,1.6634330557227717,2.0877196744215976,0.0735930735930736,1.1560000000000004,0.017075484488452197
scene-1077,CAM_BACK,2,3,car,0.5936508178710938,-36.459214543478524,33.22375938742017,-2.320269847130626,3.0364792651847665,3.038950472127059,0.7974455665910747,3.0544143004518824,2.4673370518128817,0.0,0.0,-36.459214543478524,33.22375938742017,-2.320269847130626,3.0364792651847665,3.038950472127059,0.7974455665910747,3.0544143004518824,0.0,0.0,2.4673370518128817
scene-1077,CAM_BACK,2,4,car,0.8632478713989258,-11.942664228324135,-5.610732496749022,1.10336935797586,4.5204920356135645,2.060904022591666,1.4959805438596128,2.0497382103416957,-0.2420097627328175,0.10857142857142857,1.5390000000000001,-11.942664228324135,-5.610732496749022,1.10336935797586,4.5204920356135645,2.060904022591666,1.4959805438596128,2.0497382103416957,0.10857142857142857,1.5390000000000001,-0.2420097627328175
scene-1077,CAM_BACK,2,5,car,0.6363636255264282,-27.90049562681559,-8.65335306701415,1.4490274287239808,4.001808999805483,2.4296806556630655,1.6233336469149746,-2.713109045813063,-0.3962807085780322,0.025390625,0.39000000000000007,-27.90049562681559,-8.65335306701415,1.4490274287239808,4.001808999805483,2.4296806556630655,1.6233336469149746,-2.713109045813063,0.025390625,0.39000000000000007,-0.3962807085780322
scene-1077,CAM_BACK,2,6,car,0.6952381134033203,-17.53524821983254,3.02540108468751,0.6406993739260207,2.9420651369664945,2.0547707346081125,1.334521315804201,1.802449368306472,-0.28293815860128224,0.0370089680434508,0.29300000000000004,-17.53524821983254,3.02540108468751,0.6406993739260207,2.9420651369664945,2.0547707346081125,1.334521315804201,1.802449368306472,0.0370089680434508,0.29300000000000004,-0.28293815860128224
scene-1077,CAM_BACK_LEFT,2,0,car,0.6363636255264282,-11.557294848031072,11.581002098826037,0.3181180337578769,1.1635360034811129,0.6666084373796479,0.5823139845541846,2.215045108088598,-0.16733178296733398,0.0,0.0,-11.557294848031072,11.581002098826037,0.3181180337578769,1.1635360034811129,0.6666084373796479,0.5823139845541846,2.215045108088598,0.0,0.0,-0.16733178296733398
scene-1077,CAM_BACK_RIGHT,2,0,car,0.9336099624633789,-6.2595846558504,-11.764119186796675,1.0429016454191244,5.4700778754316515,2.345791225781376,1.60936999496674,2.808385071152486,-0.1184108798035447,0.07134387351778657,1.4440000000000004,-6.2595846558504,-11.764119186796675,1.0429016454191244,5.4700778754316515,2.345791225781376,1.60936999496674,2.808385071152486,0.07134387351778657,1.4440000000000004,-0.1184108798035447
scene-1077,CAM_FRONT,3,0,car,0.7815700173377991,46.730851055494874,1.1234936755741154,0.9836371792453052,3.2651130349720745,2.527891239309749,1.1273648015874949,-3.0559552767168574,-0.3102194385715682,0.00022038567493112948,0.0020000000000000005,46.730851055494874,1.1234936755741154,0.9836371792453052,3.2651130349720745,2.527891239309749,1.1273648015874949,-3.0559552767168574,0.00022038567493112948,0.0020000000000000005,-0.3102194385715682
scene-1077,CAM_FRONT,3,1,car,0.9179486632347107,21.923892240582777,-9.073014007923804,1.1238271933347344,4.931839900737671,2.318857957049099,1.7365821668658445,-2.8105130266304292,-0.1789475686325097,0.06696591680150321,1.2830000000000004,21.923892240582777,-9.073014007923804,1.1238271933347344,4.931839900737671,2.318857957049099,1.7365821668658445,-2.8105130266304292,0.06696591680150321,1.2830000000000004,-0.1789475686325097
scene-1077,CAM_FRONT,3,2,car,0.5276752710342407,60.112714546874905,-2.730097480738514,1.8624224085214593,3.6921781584983577,2.7401565247306716,1.216719845916811,3.122467362688972,-0.9124498187177323,0.0,0.0,60.112714546874905,-2.730097480738514,1.8624224085214593,3.6921781584983577,2.7401565247306716,1.216719845916811,3.122467362688972,0.0,0.0,-0.9124498187177323
scene-1077,CAM_FRONT,3,3,car,0.8904109597206116,19.47204381294379,2.4730730979557523,0.8310849557394234,3.507704691044367,2.1861005846998354,1.6233999020211705,-3.0302500315704655,-0.13444220492224335,0.006168831168831169,0.07600000000000001,19.47204381294379,2.4730730979557523,0.8310849557394234,3.507704691044367,2.1861005846998354,1.6233999020211705,-3.0302500315704655,0.006168831168831169,0.07600000000000001,-0.13444220492224335
scene-1077,CAM_FRONT,3,4,car,0.6878048777580261,57.750514019439315,-15.469602297834863,1.2478180381079509,9.056855058795698,4.506896556074106,3.0237534951450704,2.9791963110839097,0.6959992352347717,0.0,0.0,57.750514019439315,-15.469602297834863,1.2478180381079509,9.056855058795698,4.506896556074106,3.0237534951450704,2.9791963110839097,0.0,0.0,0.6959992352347717
scene-1077,CAM_FRONT,3,5,car,0.7852349281311035,46.571567286277634,-4.232659695742177,1.3644858990314601,4.324471375197568,2.7466387676782613,1.8551354868185606,-3.1015820116368267,-0.21580974884002957,0.001586653973434879,0.035,46.571567286277634,-4.232659695742177,1.3644858990314601,4.324471375197568,2.7466387676782613,1.8551354868185606,-3.1015820116368267,0.001586653973434879,0.035,-0.21580974884002957
scene-1077,CAM_FRONT_RIGHT,3,0,car,0.8904109597206116,5.437991284151347,-11.902469643557398,1.0622526349770953,5.235373259299709,2.258033949378923,1.6780963805119373,-2.7984189547477816,-0.021814714744472607,0.11425339366515837,2.3230000000000004,5.437991284151347,-11.902469643557398,1.0622526349770953,5.235373259299709,2.258033949378923,1.6780963805119373,-2.7984189547477816,0.11425339366515837,2.3230000000000004,-0.021814714744472607
scene-1077,CAM_FRONT_RIGHT,3,1,car,0.9064327478408813,20.247785548242987,-9.204314431720059,0.859197565340204,3.176711092152896,1.9335788585060243,1.092861382498115,-2.554176442687619,-0.2757796290082912,0.07042464114832536,0.47100000000000014,20.247785548242987,-9.204314431720059,0.859197565340204,3.176711092152896,1.9335788585060243,1.092861382498115,-2.554176442687619,0.07042464114832536,0.47100000000000014,-0.2757796290082912
scene-1077,CAM_FRONT_RIGHT,3,2,car,0.9101123809814453,13.57536761437052,-16.44291372696442,1.2143400934293749,4.61727790266979,2.1053001355297702,1.5737380307326714,-2.791664623484832,-0.2912042504797262,0.10164337474120083,1.5710000000000004,13.57536761437052,-16.44291372696442,1.2143400934293749,4.61727790266979,2.1053001355297702,1.5737380307326714,-2.791664623484832,0.10164337474120083,1.5710000000000004,-0.2912042504797262
scene-1077,CAM_BACK,3,0,car,0.921951174736023,-17.747116256008248,8.079995813469331,0.6869062845878348,3.211612142720778,2.058047172943798,1.5308237654550487,1.6820511343050801,-0.20763174431331333,0.07043650793650794,0.7100000000000001,-17.747116256008248,8.079995813469331,0.6869062845878348,3.211612142720778,2.058047172943798,1.5308237654550487,1.6820511343050801,0.07043650793650794,0.7100000000000001,-0.20763174431331333
scene-1077,CAM_BACK,3,1,car,0.8160918951034546,-18.59542990038174,12.757770325342191,0.19616139715348446,3.379973208760747,2.1387881330103475,1.6144333604918197,1.4732974241052619,0.33861046864883715,0.05287114845938375,0.6040000000000002,-18.59542990038174,12.757770325342191,0.19616139715348446,3.379973208760747,2.1387881330103475,1.6144333604918197,1.4732974241052619,0.05287114845938375,0.6040000000000002,0.33861046864883715
scene-1077,CAM_BACK,3,2,car,0.949367105960846,-13.94607012416954,-7.444190405441266,1.1140567045259346,5.3574667368170354,2.4226262167260053,1.4844447148770072,2.2354435436317486,-0.3134661857667447,0.06584362139917696,1.2800000000000005,-13.94607012416954,-7.444190405441266,1.1140567045259346,5.3574667368170354,2.4226262167260053,1.4844447148770072,2.2354435436317486,0.06584362139917696,1.2800000000000005,-0.3134661857667447
scene-1077,CAM_BACK,3,3,car,0.518796980381012,-31.83545328990775,-3.7181240151819956,1.3552288267556873,2.0767933465723525,0.5025126352395048,1.3119998014422247,1.4021458824071216,-0.30066506418765115,0.0380952380952381,0.05200000000000002,-31.83545328990775,-3.7181240151819956,1.3552288267556873,2.0767933465723525,0.5025126352395048,1.3119998014422247,1.4021458824071216,0.0380952380952381,0.05200000000000002,-0.30066506418765115
scene-1077,CAM_BACK,3,4,car,0.8709677457809448,-17.49324609206443,-0.0861635426679873,0.9884695380185765,4.280042778383437,1.9445534214720688,1.449071018212132,1.7643637318724663,-0.28501717524620496,0.05840181849973772,0.6680000000000001,-17.49324609206443,-0.0861635426679873,0.9884695380185765,4.280042778383437,1.9445534214720688,1.449071018212132,1.7643637318724663,0.05840181849973772,0.6680000000000001,-0.28501717524620496
scene-1077,CAM_FRONT,4,0,car,0.9024390578269958,20.612827621172467,0.5435385275323825,0.5605979809776083,4.036196238766276,2.0683433822041035,1.5509626400997587,-3.0962974425473986,0.1364051890025575,0.01369047619047619,0.18400000000000005,20.612827621172467,0.5435385275323825,0.5605979809776083,4.036196238766276,2.0683433822041035,1.5509626400997587,-3.0962974425473986,0.01369047619047619,0.18400000000000005,0.1364051890025575
scene-1077,CAM_FRONT,4,1,car,0.8787879347801208,39.35979176983607,-9.942439480943984,1.0394736789780512,3.9208127452251844,2.255318161377714,1.709869827113037,-2.974939749479613,-0.1547971801668635,0.0005246245655452816,0.008000000000000002,39.35979176983607,-9.942439480943984,1.0394736789780512,3.9208127452251844,2.255318161377714,1.709869827113037,-2.974939749479613,0.0005246245655452816,0.008000000000000002,-0.1547971801668635
scene-1077,CAM_FRONT,4,2,car,0.859649121761322,50.208017837401684,-4.234136100452062,0.9333727183409374,4.097917185849468,2.4978597272418748,1.9160537381356455,-3.0764633251197164,0.09954111349830108,0.0024133504492939665,0.04700000000000001,50.208017837401684,-4.234136100452062,0.9333727183409374,4.097917185849468,2.4978597272418748,1.9160537381356455,-3.0764633251197164,0.0024133504492939665,0.04700000000000001,0.09954111349830108
scene-1077,CAM_FRONT,4,3,car,0.7815700173377991,-10.694638358738684,-2.081888079046129,-1.3013029770977396,1.190581306826413,1.1255045060534377,0.46707494528766924,3.053450308414543,1.4958463982255181,0.0,0.0,-10.694638358738684,-2.081888079046129,-1.3013029770977396,1.190581306826413,1.1255045060534377,0.46707494528766924,3.053450308414543,0.0,0.0,1.4958463982255181
scene-1077,CAM_FRONT,4,4,car,0.507692277431488,75.62419641463255,-8.888814202961283,0.5192382168973491,1.5083747027121959,1.3344703711383943,1.4672084733479318,0.9920795137624172,0.43210961025074557,0.0,0.0,75.62419641463255,-8.888814202961283,0.5192382168973491,1.5083747027121959,1.3344703711383943,1.4672084733479318,0.9920795137624172,0.0,0.0,0.43210961025074557
scene-1077,CAM_FRONT,4,5,car,0.7104072570800781,72.67582201128721,-10.971674507234724,1.4705730364534133,4.928536429782881,2.283573752644982,1.7247922715661264,2.934637313333615,-0.41045635812026315,0.0,0.0,72.67582201128721,-10.971674507234724,1.4705730364534133,4.928536429782881,2.283573752644982,1.7247922715661264,2.934637313333615,0.0,0.0,-0.41045635812026315
scene-1077,CAM_FRONT,4,6,car,0.7387754917144775,51.69710506375796,-9.96053837563898,1.1829450241528208,4.074277517892462,2.4428830719767154,2.0097309109916583,2.8508334392940156,-0.08836356631190645,0.0006605691056910569,0.013000000000000001,51.69710506375796,-9.96053837563898,1.1829450241528208,4.074277517892462,2.4428830719767154,2.0097309109916583,2.8508334392940156,0.0006605691056910569,0.013000000000000001,-0.08836356631190645
scene-1077,CAM_FRONT_RIGHT,4,0,car,0.9179486632347107,12.1173051197552,-11.806656112237444,1.0352376674144423,4.698669441807811,2.395080156097684,1.5290554802954437,-2.956893162086145,-0.4210252417980468,0.07470449172576832,1.2640000000000002,12.1173051197552,-11.806656112237444,1.0352376674144423,4.698669441807811,2.395080156097684,1.5290554802954437,-2.956893162086145,0.07470449172576832,1.2640000000000002,-0.4210252417980468
scene-1077,CAM_FRONT_RIGHT,4,1,car,0.6640419960021973,40.47900342345967,-24.72592788839015,1.0312158292708675,4.595437951974052,2.797626634839567,1.4441813671222763,-2.4863285112254747,-0.31925699654839057,0.039596273291925464,0.7140000000000001,40.47900342345967,-24.72592788839015,1.0312158292708675,4.595437951974052,2.797626634839567,1.4441813671222763,-2.4863285112254747,0.039596273291925464,0.7140000000000001,-0.31925699654839057
scene-1077,CAM_BACK,4,0,car,0.9179486632347107,-20.521490615210407,10.425033776495253,0.8293082122079553,3.3996579818566612,2.197934139086726,1.5169859681913616,1.5051758982072616,-0.1611358003693164,0.09331550802139038,1.0470000000000004,-20.521490615210407,10.425033776495253,0.8293082122079553,3.3996579818566612,2.197934139086726,1.5169859681913616,1.5051758982072616,0.09331550802139038,1.0470000000000004,-0.1611358003693164
scene-1077,CAM_BACK,4,1,car,0.7299578189849854,-22.01796535188603,14.308261927508685,0.8511643450638322,3.691728291110861,2.2539261719496295,1.6499509307093656,1.6777945145375779,0.026532859106158213,0.04362514688601645,0.5940000000000002,-22.01796535188603,14.308261927508685,0.8511643450638322,3.691728291110861,2.2539261719496295,1.6499509307093656,1.6777945145375779,0.04362514688601645,0.5940000000000002,0.026532859106158213
scene-1077,CAM_BACK,4,2,car,0.9452055096626282,-19.90437457416955,-2.884164062912612,1.126387422056749,4.864743589803734,2.25893426546725,1.4490063601323555,1.9342567773402386,-0.28186488806438936,0.04202053492204335,0.6630000000000001,-19.90437457416955,-2.884164062912612,1.126387422056749,4.864743589803734,2.25893426546725,1.4490063601323555,1.9342567773402386,0.04202053492204335,0.6630000000000001,-0.28186488806438936
scene-1077,CAM_BACK,4,3,car,0.8672199249267578,-21.90012949079954,5.684841465808441,1.0562084818847575,4.486333840032384,2.066582904425019,1.3830793276991833,1.7199508142209883,-0.17340028456691936,0.0345427059712774,0.45700000000000013,-21.90012949079954,5.684841465808441,1.0562084818847575,4.486333840032384,2.066582904425019,1.3830793276991833,1.7199508142209883,0.0345427059712774,0.45700000000000013,-0.17340028456691936
scene-1077,CAM_BACK,4,4,car,0.7620818018913269,-36.32400391530611,1.0912708531462736,1.3704320217383552,3.5986719313441338,2.166432235242425,1.744425738941924,1.2422656304353978,-0.11239819722932254,0.020499108734402853,0.2760000000000001,-36.32400391530611,1.0912708531462736,1.3704320217383552,3.5986719313441338,2.166432235242425,1.744425738941924,1.2422656304353978,0.020499108734402853,0.2760000000000001,-0.11239819722932254
scene-1077,CAM_BACK_RIGHT,4,0,car,0.8400000333786011,-1.0050588838292365,-18.34546840618121,1.01874837096379,4.6386298446183005,2.159289177185162,1.5260801358103313,-3.000281128716113,-0.3601960053091049,0.10085638998682477,1.5310000000000004,-1.0050588838292365,-18.34546840618121,1.01874837096379,4.6386298446183005,2.159289177185162,1.5260801358103313,-3.000281128716113,0.10085638998682477,1.5310000000000004,-0.3601960053091049
scene-1077,CAM_BACK_RIGHT,4,1,car,0.8987342119216919,-3.7126658625438727,-11.89723688552249,0.9054138349532488,5.012510208912301,2.1294014601047877,1.4813089884712074,2.9748890923745415,-0.1627623466990904,0.15593650793650793,2.4560000000000004,-3.7126658625438727,-11.89723688552249,0.9054138349532488,5.012510208912301,2.1294014601047877,1.4813089884712074,2.9748890923745415,0.15593650793650793,2.4560000000000004,-0.1627623466990904
scene-1077,CAM_FRONT,5,0,car,0.7852349281311035,43.88979518223842,-11.981285721016684,1.2528408075980835,4.294775426912601,1.9622166607143878,1.6375327349373219,3.0818970227048648,-0.6087890650111669,0.002616279069767442,0.03600000000000001,43.88979518223842,-11.981285721016684,1.2528408075980835,4.294775426912601,1.9622166607143878,1.6375327349373219,3.0818970227048648,0.002616279069767442,0.03600000000000001,-0.6087890650111669
scene-1077,CAM_FRONT,5,1,car,0.8750000596046448,20.952680665725563,0.01181555347612581,0.7707937324021886,3.344058444142213,2.103938338037256,1.554624671364938,-3.1361402915710035,-0.2089255443065421,0.021284271284271284,0.23600000000000004,20.952680665725563,0.01181555347612581,0.7707937324021886,3.344058444142213,2.103938338037256,1.554624671364938,-3.1361402915710035,0.021284271284271284,0.23600000000000004,-0.2089255443065421
scene-1077,CAM_FRONT,5,2,car,0.8632478713989258,29.817192573957584,-11.243784547533059,1.0115406387354557,4.639057422550671,2.073218664640496,1.7514077614817507,3.135531930696912,-0.34607442495911134,0.017540832758224063,0.3050000000000001,29.817192573957584,-11.243784547533059,1.0115406387354557,4.639057422550671,2.073218664640496,1.7514077614817507,3.135531930696912,0.017540832758224063,0.3050000000000001,-0.34607442495911134
scene-1077,CAM_FRONT,5,3,car,0.675126850605011,59.20409330873662,-2.3326949235961587,1.0219342117880457,2.0330284477755143,2.032081966443519,0.779249022906905,-2.98423638900311,-0.7353828279023613,0.0,0.0,59.20409330873662,-2.3326949235961587,1.0219342117880457,2.0330284477755143,2.032081966443519,0.779249022906905,-2.98423638900311,0.0,0.0,-0.7353828279023613
scene-1077,CAM_FRONT,5,4,car,0.5460992455482483,48.64307130334504,-16.410103196722382,0.7526364740294604,3.393146423135134,3.094889566496157,1.680331560721943,1.5494852025696675,-0.0602619601098342,0.005022882018082375,0.09000000000000001,48.64307130334504,-16.410103196722382,0.7526364740294604,3.393146423135134,3.094889566496157,1.680331560721943,1.5494852025696675,0.005022882018082375,0.09000000000000001,-0.0602619601098342
scene-1077,CAM_FRONT,5,5,car,0.8202247023582458,50.86604555002486,-5.706230140300662,0.9569426724410222,3.1260864764220813,2.3847496288391787,1.0652831813053623,3.1050319685130923,-0.5732371746418872,0.006842619745845552,0.05600000000000002,50.86604555002486,-5.706230140300662,0.9569426724410222,3.1260864764220813,2.3847496288391787,1.0652831813053623,3.1050319685130923,0.006842619745845552,0.05600000000000002,-0.5732371746418872
scene-1077,CAM_FRONT,5,6,car,0.6952381134033203,65.0001702233598,-13.787227245980047,1.2058243163685374,4.648665751898918,2.8011413787715753,2.0518801181470696,3.136398992704311,-0.277688207604756,0.0,0.0,65.0001702233598,-13.787227245980047,1.2058243163685374,4.648665751898918,2.8011413787715753,2.0518801181470696,3.136398992704311,0.0,0.0,-0.277688207604756
scene-1077,CAM_FRONT_RIGHT,5,0,car,0.941605806350708,3.312759862220901,-11.996451479015557,0.8862014534092197,4.518277888306614,2.0941539186708873,1.547717672748135,-2.92416007757977,0.008247533321140477,0.10814814814814815,1.5330000000000001,3.312759862220901,-11.996451479015557,0.8862014534092197,4.518277888306614,2.0941539186708873,1.547717672748135,-2.92416007757977,0.10814814814814815,1.5330000000000001,0.008247533321140477
scene-1077,CAM_FRONT_RIGHT,5,1,car,0.8787879347801208,29.36262979529909,-29.263732920414714,0.646239355154843,7.0807714909166055,3.183019308054,2.4439744525289546,-2.684882522436629,0.5224174124089774,0.0024024354460093897,0.13100000000000003,29.36262979529909,-29.263732920414714,0.646239355154843,7.0807714909166055,3.183019308054,2.4439744525289546,-2.684882522436629,0.0024024354460093897,0.13100000000000003,0.5224174124089774
scene-1077,CAM_BACK,5,0,car,0.8865247964859009,-24.093732701472216,11.410141140603029,0.9962657337204597,3.4406645250146823,1.985301432236728,1.841139038385001,1.4893054701245165,-0.04889485934483462,0.0636437908496732,0.7790000000000001,-24.093732701472216,11.410141140603029,0.9962657337204597,3.4406645250146823,1.985301432236728,1.841139038385001,1.4893054701245165,0.0636437908496732,0.7790000000000001,-0.04889485934483462
scene-1077,CAM_BACK,5,1,car,0.9375000596046448,-25.324333996282668,1.120950933410723,1.3720670291949206,4.748704922534496,2.148474734445955,1.400119956452473,1.7278101051179413,-0.6022254718914404,0.020697640758431033,0.2860000000000001,-25.324333996282668,1.120950933410723,1.3720670291949206,4.748704922534496,2.148474734445955,1.400119956452473,1.7278101051179413,0.020697640758431033,0.2860000000000001,-0.6022254718914404
scene-1077,CAM_BACK,5,2,car,0.7620818018913269,-26.25865609626824,9.44729664227923,1.24450216122994,3.434629208509058,2.0544951767600637,1.1624662398300365,1.9406718342043787,-0.6325181780608515,0.01015406162464986,0.08700000000000002,-26.25865609626824,9.44729664227923,1.24450216122994,3.434629208509058,2.0544951767600637,1.1624662398300365,1.9406718342043787,0.01015406162464986,0.08700000000000002,-0.6325181780608515
scene-1077,CAM_BACK_RIGHT,5,0,car,0.8400000333786011,-14.772558349133305,-18.424634904681017,0.688361115111986,5.620183229942418,2.5820986624782947,1.8788943254949346,-2.945338866711834,0.1252711925367569,0.04048582995951417,1.12,-14.772558349133305,-18.424634904681017,0.688361115111986,5.620183229942418,2.5820986624782947,1.8788943254949346,-2.945338866711834,0.04048582995951417,1.12,0.1252711925367569
scene-1077,CAM_BACK_RIGHT,5,1,car,0.8827838897705078,-34.03444749741554,-30.72869887837054,-0.1010972573473774,12.94669818336897,5.9292429227764885,4.1012809852958005,3.0947471226902685,2.6684246067419513,0.002797619619869829,0.8730000000000003,-34.03444749741554,-30.72869887837054,-0.1010972573473774,12.94669818336897,5.9292429227764885,4.1012809852958005,3.0947471226902685,0.002797619619869829,0.8730000000000003,2.6684246067419513
scene-1077,CAM_BACK_RIGHT,5,2,car,0.9259259104728699,2.341327145652173,-11.988287244008855,0.9449206374386618,4.12835858046478,1.7283889524814562,1.3717093083041978,3.099395209966504,-0.1634026592881117,0.11610985857757737,1.1330000000000002,2.341327145652173,-11.988287244008855,0.9449206374386618,4.12835858046478,1.7283889524814562,1.3717093083041978,3.099395209966504,0.11610985857757737,1.1330000000000002,-0.1634026592881117
scene-1077,CAM_FRONT,6,0,car,0.6246334314346313,71.7737462377188,-11.931979236044269,1.3229736830205774,2.1965915033693406,1.236342217779253,1.221062174940549,-2.5333966183917624,-0.1566406675069374,0.0,0.0,71.7737462377188,-11.931979236044269,1.3229736830205774,2.1965915033693406,1.236342217779253,1.221062174940549,-2.5333966183917624,0.0,0.0,-0.1566406675069374
scene-1077,CAM_FRONT,6,1,car,0.8012422323226929,35.73448923893176,-12.54861373947476,1.0030260877214947,4.471345246572874,2.08394077953948,1.6642230888687142,-3.101672184856605,-0.2208491018575226,0.005851229380641146,0.09400000000000003,35.73448923893176,-12.54861373947476,1.0030260877214947,4.471345246572874,2.08394077953948,1.6642230888687142,-3.101672184856605,0.005851229380641146,0.09400000000000003,-0.2208491018575226
scene-1077,CAM_FRONT,6,2,car,0.7770034670829773,21.852278802685692,-11.52678792628979,1.0945850402674189,2.593322485238998,1.4828668180142728,1.3430186350415885,1.5605520892793805,-0.4963424077556273,0.028402366863905324,0.14400000000000002,21.852278802685692,-11.52678792628979,1.0945850402674189,2.593322485238998,1.4828668180142728,1.3430186350415885,1.5605520892793805,0.028402366863905324,0.14400000000000002,-0.4963424077556273
scene-1077,CAM_FRONT,6,3,car,0.8632478713989258,21.232044289712224,-0.2583431334608384,0.7522574514419275,3.198808153204194,2.0318427192376314,1.4722352493399538,3.089256365091943,-0.19092228173944936,0.03229166666666667,0.31000000000000005,21.232044289712224,-0.2583431334608384,0.7522574514419275,3.198808153204194,2.0318427192376314,1.4722352493399538,3.089256365091943,0.03229166666666667,0.31000000000000005,-0.19092228173944936
scene-1077,CAM_FRONT,6,4,car,0.7229437232017517,64.90026925385845,-3.0255904409147902,1.2830680184485939,2.3901213351333084,2.3886023443678113,0.8178111357820567,2.3885974912632246,-0.5321870596464633,0.0,0.0,64.90026925385845,-3.0255904409147902,1.2830680184485939,2.3901213351333084,2.3886023443678113,0.8178111357820567,2.3885974912632246,0.0,0.0,-0.5321870596464633
scene-1077,CAM_FRONT,6,5,car,0.6908212304115295,63.98939870908784,-13.548948960402365,1.2405840817215275,3.933115465593822,3.0990709865647155,1.2897239906753897,3.026456124607491,-0.2675583135624062,0.0,0.0,63.98939870908784,-13.548948960402365,1.2405840817215275,3.933115465593822,3.0990709865647155,1.2897239906753897,3.026456124607491,0.0,0.0,-0.2675583135624062
scene-1077,CAM_FRONT,6,6,car,0.8160918951034546,55.8823207434083,-6.633854615349741,0.9948988796974791,3.4362924374450188,2.6085588462483376,1.080832282379577,3.1103869619098794,-0.22798714472145098,0.0,0.0,55.8823207434083,-6.633854615349741,0.9948988796974791,3.4362924374450188,2.6085588462483376,1.080832282379577,3.1103869619098794,0.0,0.0,-0.22798714472145098
scene-1077,CAM_FRONT,6,7,car,0.7815700173377991,47.326933428352675,-11.843715853220795,1.2028092983178382,3.7266806085973414,2.7466920519131213,1.3221988998733625,2.741966561435221,-0.5272466770182801,0.003696003696003696,0.048000000000000015,47.326933428352675,-11.843715853220795,1.2028092983178382,3.7266806085973414,2.7466920519131213,1.3221988998733625,2.741966561435221,0.003696003696003696,0.048000000000000015,-0.5272466770182801
scene-1077,CAM_FRONT,6,8,car,0.7968254089355469,71.2980187396965,-30.25378255564724,0.6484354957212104,7.5428202954144155,4.732609158051218,3.659122509271426,3.1091409530039558,2.034658192424329,0.0,0.0,71.2980187396965,-30.25378255564724,0.6484354957212104,7.5428202954144155,4.732609158051218,3.659122509271426,3.1091409530039558,0.0,0.0,2.034658192424329
scene-1077,CAM_FRONT_RIGHT,6,0,car,0.6640419960021973,48.61935481168475,-22.338444710852706,1.9670509311279416,10.229532483030226,2.3520604320989262,1.8425887130876464,2.8724641135960547,-1.0710635146628538,0.012300290486564997,0.5420000000000001,48.61935481168475,-22.338444710852706,1.9670509311279416,10.229532483030226,2.3520604320989262,1.8425887130876464,2.8724641135960547,0.012300290486564997,0.5420000000000001,-1.0710635146628538
scene-1077,CAM_FRONT_RIGHT,6,1,car,0.8750000596046448,20.94646010008744,-11.779284653786837,1.0802625307016516,4.17972373065261,1.8765372419055701,1.4031802154678732,-2.81006470423302,-0.5472562332971522,0.03866809881847476,0.4320000000000001,20.94646010008744,-11.779284653786837,1.0802625307016516,4.17972373065261,1.8765372419055701,1.4031802154678732,-2.81006470423302,0.03866809881847476,0.4320000000000001,-0.5472562332971522
scene-1077,CAM_BACK,6,0,car,0.5428571701049805,-43.94497272201852,-3.801757668332971,1.1700657762654276,1.3905677273099109,0.33078650077631977,1.386164254139294,1.6811051632053917,0.2396494322403766,0.00510204081632653,0.003000000000000001,-43.94497272201852,-3.801757668332971,1.1700657762654276,1.3905677273099109,0.33078650077631977,1.386164254139294,1.6811051632053917,0.00510204081632653,0.003000000000000001,0.2396494322403766
scene-1077,CAM_BACK,6,1,car,0.8518518805503845,-28.778229417413105,11.792836062958191,1.0403679056191177,3.652280848285452,1.9800484167455679,1.9375519641764456,1.5654395276146267,0.12350629777113753,0.0430298719772404,0.6050000000000002,-28.778229417413105,11.792836062958191,1.0403679056191177,3.652280848285452,1.9800484167455679,1.9375519641764456,1.5654395276146267,0.0430298719772404,0.6050000000000002,0.12350629777113753
scene-1077,CAM_BACK,6,2,car,0.5704697966575623,-43.36627800240057,22.160995853936445,0.27046121426568837,2.0364500594927355,1.591631934671213,2.043773637291504,1.1172249122510862,1.081934998787336,0.005,0.03200000000000001,-43.36627800240057,22.160995853936445,0.27046121426568837,2.0364500594927355,1.591631934671213,2.043773637291504,1.1172249122510862,0.005,0.03200000000000001,1.081934998787336
scene-1077,CAM_BACK,6,3,car,0.6800000071525574,-26.22176753888121,-16.689454272654395,0.8714019704598425,5.203527745624296,2.3969004281739323,1.9745819215771687,1.1823542663906388,0.32208693759245954,0.0375,0.9360000000000002,-26.22176753888121,-16.689454272654395,0.8714019704598425,5.203527745624296,2.3969004281739323,1.9745819215771687,1.1823542663906388,0.0375,0.9360000000000002,0.32208693759245954
scene-1077,CAM_BACK,6,4,car,0.5857605338096619,-65.12808719406863,-0.636492616244909,2.1157082848250526,2.753143242079318,2.7407458105091216,0.6361989116270734,2.7442372415362883,-0.6679639582534591,0.0,0.0,-65.12808719406863,-0.636492616244909,2.1157082848250526,2.753143242079318,2.7407458105091216,0.6361989116270734,2.7442372415362883,0.0,0.0,-0.6679639582534591
scene-1077,CAM_BACK,6,5,car,0.5586206912994385,-54.10870961518851,-26.170994392576873,-0.015189227164777552,6.585198345003768,3.7621224058310077,5.938655566535405,1.470677626215907,3.0557871335566027,0.0,0.0,-54.10870961518851,-26.170994392576873,-0.015189227164777552,6.585198345003768,3.7621224058310077,5.938655566535405,1.470677626215907,0.0,0.0,3.0557871335566027
scene-1077,CAM_BACK,6,6,car,0.921951174736023,-30.672415688317667,5.150579383507678,1.1858590844983514,5.071037012893893,2.1947190238849608,1.5029290213541784,1.6599812313617994,-0.16648996437950503,0.024480095068330363,0.41200000000000014,-30.672415688317667,5.150579383507678,1.1858590844983514,5.071037012893893,2.1947190238849608,1.5029290213541784,1.6599812313617994,0.024480095068330363,0.41200000000000014,-0.16648996437950503
scene-1077,CAM_BACK,6,7,car,0.7620818018913269,-30.593684547784257,2.2131574932138776,1.473893393239163,2.830508571154624,1.7280810197060088,1.4115518833425649,-3.017738727974417,-0.40175762166523155,0.04141656662665066,0.276,-30.593684547784257,2.2131574932138776,1.473893393239163,2.830508571154624,1.7280810197060088,1.4115518833425649,-3.017738727974417,0.04141656662665066,0.276,-0.40175762166523155
scene-1077,CAM_BACK_RIGHT,6,0,car,0.9336099624633789,-5.965901070577614,-12.108142098514453,0.9216867474543174,4.926925922457631,2.3353979091046124,1.5662701886299877,3.0063742334514947,-0.13530622493478717,0.1370896184560781,2.4720000000000004,-5.965901070577614,-12.108142098514453,0.9216867474543174,4.926925922457631,2.3353979091046124,1.5662701886299877,3.0063742334514947,0.1370896184560781,2.4720000000000004,-0.13530622493478717
scene-1077,CAM_FRONT,7,0,car,0.7815700173377991,39.146604756771254,-11.9993982951986,1.0383427870909978,3.9859643284038526,2.3992924317764324,2.051629296702063,2.8148464828296342,-0.005265014750861052,0.001736111111111111,0.035,39.146604756771254,-11.9993982951986,1.0383427870909978,3.9859643284038526,2.3992924317764324,2.051629296702063,2.8148464828296342,0.001736111111111111,0.035,-0.005265014750861052
scene-1077,CAM_FRONT,7,1,car,0.6604774594306946,73.02439420893745,-14.488428946816228,0.8934746890985851,3.2109064048230778,1.9545589866658366,1.5034058979349803,3.0042566618774575,0.34995409209279726,0.0,0.0,73.02439420893745,-14.488428946816228,0.8934746890985851,3.2109064048230778,1.9545589866658366,1.5034058979349803,3.0042566618774575,0.0,0.0,0.34995409209279726
scene-1077,CAM_FRONT,7,2,car,0.8904109597206116,26.445451608801815,-12.506909897520416,0.8188937239032835,4.808586498280224,2.2243680663386574,1.7229017819015653,3.0253493039158976,-0.02050027794218212,0.01821524064171123,0.32700000000000007,26.445451608801815,-12.506909897520416,0.8188937239032835,4.808586498280224,2.2243680663386574,1.7229017819015653,3.0253493039158976,0.01821524064171123,0.32700000000000007,-0.02050027794218212
scene-1077,CAM_FRONT,7,3,car,0.8865247964859009,23.171216942015565,-0.36957300569403917,0.816460121403527,3.595879721646522,2.261146955288781,1.6511875456469585,3.1415727035311463,-0.047803372577354564,0.011366865586814436,0.16000000000000006,23.171216942015565,-0.36957300569403917,0.816460121403527,3.595879721646522,2.261146955288781,1.6511875456469585,3.1415727035311463,0.011366865586814436,0.16000000000000006,-0.047803372577354564
scene-1077,CAM_FRONT,7,4,car,0.7419355511665344,70.08250250637995,-3.7109070751568787,1.546970290051791,2.4085725762273427,2.2029046033560165,0.9471610524247589,3.1367956565782857,-0.7269748699738261,0.0,0.0,70.08250250637995,-3.7109070751568787,1.546970290051791,2.4085725762273427,2.2029046033560165,0.9471610524247589,3.1367956565782857,0.0,0.0,-0.7269748699738261
scene-1077,CAM_FRONT,7,5,car,0.7852349281311035,64.06698114792358,-7.735381400312875,1.0764147303822669,4.742275129337614,2.388106986806723,1.4413720483105474,2.9823375712712394,-0.06092425237720067,0.0,0.0,64.06698114792358,-7.735381400312875,1.0764147303822669,4.742275129337614,2.388106986806723,1.4413720483105474,2.9823375712712394,0.0,0.0,-0.06092425237720067
scene-1077,CAM_FRONT,7,6,car,0.7142857313156128,58.103984250120234,-14.509556423471725,1.2974036455971938,3.8271219938212013,2.222411970598835,1.9672900028393534,3.012977504996486,-0.05833691628178039,0.0,0.0,58.103984250120234,-14.509556423471725,1.2974036455971938,3.8271219938212013,2.222411970598835,1.9672900028393534,3.012977504996486,0.0,0.0,-0.05833691628178039
scene-1077,CAM_FRONT,7,7,car,0.8552036285400391,69.02549669537147,-28.388370423523398,1.36546308534614,4.860753395788677,3.2527893049553853,2.5490177689442532,-3.105628488798537,0.4812511042254739,0.0,0.0,69.02549669537147,-28.388370423523398,1.36546308534614,4.860753395788677,3.2527893049553853,2.5490177689442532,-3.105628488798537,0.0,0.0,0.4812511042254739
scene-1077,CAM_FRONT_RIGHT,7,0,car,0.8787879347801208,25.8483529058478,-12.504080857609157,1.124922589569333,4.14887797075183,1.8465264903395138,1.472754972430622,-3.0695074033690832,-0.4733981117434951,0.04607046070460705,0.5100000000000001,25.8483529058478,-12.504080857609157,1.124922589569333,4.14887797075183,1.8465264903395138,1.472754972430622,-3.0695074033690832,0.04607046070460705,0.5100000000000001,-0.4733981117434951
scene-1077,CAM_FRONT_RIGHT,7,1,car,0.8827838897705078,42.868146791608666,-28.984077146138663,0.9288591279183949,6.93968327038926,4.108694106193788,3.173695665395915,-2.9784580727752483,0.7125879824547146,0.0026069282431954756,0.23600000000000007,42.868146791608666,-28.984077146138663,0.9288591279183949,6.93968327038926,4.108694106193788,3.173695665395915,-2.9784580727752483,0.0026069282431954756,0.23600000000000007,0.7125879824547146
scene-1077,CAM_FRONT_RIGHT,7,2,car,0.9259259104728699,11.627678695023413,-11.769916350327033,1.0112210968800874,4.695704426339642,2.0189150292621445,1.4456438487637744,-3.057475800190326,-0.40416636086842805,0.11770516717325227,1.5490000000000004,11.627678695023413,-11.769916350327033,1.0112210968800874,4.695704426339642,2.0189150292621445,1.4456438487637744,-3.057475800190326,0.11770516717325227,1.5490000000000004,-0.40416636086842805
scene-1077,CAM_BACK,7,0,car,0.8552036285400391,-36.390094828290366,9.281500203381988,1.3639476117828884,5.262740216466746,2.2859335021256086,1.6301532672750156,1.6679987937861676,-0.2975215885923105,0.029532403609515995,0.5760000000000001,-36.390094828290366,9.281500203381988,1.3639476117828884,5.262740216466746,2.2859335021256086,1.6301532672750156,1.6679987937861676,0.029532403609515995,0.5760000000000001,-0.2975215885923105
scene-1077,CAM_BACK,7,1,car,0.8048780560493469,-25.05149416209808,9.654868430901498,1.1611260782468884,3.1956746476349736,2.648874641147361,1.1520161513373344,2.94677717179682,-0.5175647654976472,0.0234375,0.23400000000000004,-25.05149416209808,9.654868430901498,1.1611260782468884,3.1956746476349736,2.648874641147361,1.1520161513373344,2.94677717179682,0.0234375,0.23400000000000004,-0.5175647654976472
scene-1077,CAM_BACK,7,2,car,0.9139785170555115,-15.310626566116754,-11.876875483694242,0.9808378056719467,5.029620949171467,2.533678078405428,1.571278965405714,2.7577520093641383,-0.26579278274119966,0.1029,2.0580000000000003,-15.310626566116754,-11.876875483694242,0.9808378056719467,5.029620949171467,2.533678078405428,1.571278965405714,2.7577520093641383,0.1029,2.0580000000000003,-0.26579278274119966
scene-1077,CAM_BACK,7,3,car,0.5038759708404541,-62.30482354357739,10.571141605437706,0.8757631395054984,5.788785359237615,3.8185427756546444,1.7010885309927308,3.0616425325227463,0.5615456404371255,0.0,0.0,-62.30482354357739,10.571141605437706,0.8757631395054984,5.788785359237615,3.8185427756546444,1.7010885309927308,3.0616425325227463,0.0,0.0,0.5615456404371255
scene-1077,CAM_BACK,7,4,car,0.7575758099555969,-44.025186665539415,2.859416975095711,1.672618947651794,3.5650532603197718,2.181487126623974,1.6999977961953854,-2.8499700581215444,-0.5370270763218321,0.014483065953654188,0.19500000000000006,-44.025186665539415,2.859416975095711,1.672618947651794,3.5650532603197718,2.181487126623974,1.6999977961953854,-2.8499700581215444,0.014483065953654188,0.19500000000000006,-0.5370270763218321
scene-1077,CAM_BACK,7,5,car,0.7620818018913269,-40.809787227821516,-17.678262675319367,1.1977263519944756,4.376540444079765,2.7253344108686175,1.9850005952297745,-3.1102809545956176,-0.17664740044797067,0.015698653198653198,0.37300000000000005,-40.809787227821516,-17.678262675319367,1.1977263519944756,4.376540444079765,2.7253344108686175,1.9850005952297745,-3.1102809545956176,0.015698653198653198,0.37300000000000005,-0.17664740044797067
scene-1077,CAM_BACK_RIGHT,7,0,car,0.8202247023582458,-15.109373570484177,-11.884116790351966,-0.007992334424731906,4.853388823088844,2.181937370835824,1.6176247940672233,-2.9260733390352667,0.6969891360103264,0.017915120593692022,0.3090000000000001,-15.109373570484177,-11.884116790351966,-0.007992334424731906,4.853388823088844,2.181937370835824,1.6176247940672233,-2.9260733390352667,0.017915120593692022,0.3090000000000001,0.6969891360103264
scene-1077,CAM_BACK_RIGHT,7,1,car,0.859649121761322,-8.570723381306662,-18.326701494659687,0.7377620572286814,4.632396701793036,2.1226059619043873,1.5231636453293276,2.855702678994374,-0.2137757927305215,0.10172532781228433,1.4740000000000002,-8.570723381306662,-18.326701494659687,0.7377620572286814,4.632396701793036,2.1226059619043873,1.5231636453293276,2.855702678994374,0.10172532781228433,1.4740000000000002,-0.2137757927305215
scene-1077,CAM_FRONT,8,0,car,0.7770034670829773,47.9611264466877,-13.490531892447322,1.1388601751191616,3.53107603473309,2.10295258284117,1.749977591735781,3.0014174025116414,-0.37247373169162834,0.0,0.0,47.9611264466877,-13.490531892447322,1.1388601751191616,3.53107603473309,2.10295258284117,1.749977591735781,3.0014174025116414,0.0,0.0,-0.37247373169162834
scene-1077,CAM_FRONT,8,1,car,0.5460992455482483,63.85176333777958,-16.16754862218249,0.4818521992274563,2.081860835139903,1.9775955333272748,0.6101035514179937,1.69019711092535,-0.26719554628495423,0.0,0.0,63.85176333777958,-16.16754862218249,0.4818521992274563,2.081860835139903,1.9775955333272748,0.6101035514179937,1.69019711092535,0.0,0.0,-0.26719554628495423
scene-1077,CAM_FRONT,8,2,car,0.8400000333786011,30.329528303560817,-11.840991961256428,1.2485675643569487,3.8189030779107327,2.2015054026657292,1.8415918456266287,3.1280968177009,-0.45383787923169894,0.012892078681552366,0.19400000000000006,30.329528303560817,-11.840991961256428,1.2485675643569487,3.8189030779107327,2.2015054026657292,1.8415918456266287,3.1280968177009,0.012892078681552366,0.19400000000000006,-0.45383787923169894
scene-1077,CAM_FRONT,8,3,car,0.8865247964859009,22.35777300448581,-0.4680828563289815,0.8047220188119648,3.2698085898107756,1.9845630663911986,1.507653518883997,-3.136693807331186,-0.14673802315151385,0.024242424242424242,0.24000000000000005,22.35777300448581,-0.4680828563289815,0.8047220188119648,3.2698085898107756,1.9845630663911986,1.507653518883997,-3.136693807331186,0.024242424242424242,0.24000000000000005,-0.14673802315151385
scene-1077,CAM_FRONT,8,4,car,0.675126850605011,68.96536179056207,-3.9465965917285106,0.9502319548305065,2.375551333046417,2.2746802073287213,0.6419625851362599,1.8779543053600167,-0.6713385003160799,0.0,0.0,68.96536179056207,-3.9465965917285106,0.9502319548305065,2.375551333046417,2.2746802073287213,0.6419625851362599,1.8779543053600167,0.0,0.0,-0.6713385003160799
scene-1077,CAM_FRONT,8,5,car,0.6683937907218933,33.61487955496333,-10.590002656105591,-1.4764195439707546,3.2347124083917222,2.472779150377571,1.2316971707415867,-3.071129097011088,1.9691798365640096,0.0,0.0,33.61487955496333,-10.590002656105591,-1.4764195439707546,3.2347124083917222,2.472779150377571,1.2316971707415867,-3.071129097011088,0.0,0.0,1.9691798365640096
scene-1077,CAM_FRONT,8,6,car,0.8202247023582458,42.22937012284844,-21.972470745359207,1.1532325751407622,4.112001539369004,2.377654093322933,2.059526514419086,3.0291169965994507,-0.2559250096264325,0.01088850174216028,0.22500000000000006,42.22937012284844,-21.972470745359207,1.1532325751407622,4.112001539369004,2.377654093322933,2.059526514419086,3.0291169965994507,0.01088850174216028,0.22500000000000006,-0.2559250096264325
scene-1077,CAM_FRONT,8,7,car,0.7887788414955139,61.46974152740282,-7.009813158844328,1.3318746821127225,3.2805873350785646,3.184818067168301,1.0014299244653593,2.0464053449593935,-0.8898203462914809,0.0,0.0,61.46974152740282,-7.009813158844328,1.3318746821127225,3.2805873350785646,3.184818067168301,1.0014299244653593,2.0464053449593935,0.0,0.0,-0.8898203462914809
scene-1077,CAM_FRONT,8,8,car,0.6878048777580261,58.24250444103032,-18.865267533635205,0.9338858186203606,3.5057814671156393,2.060147511757318,1.7779974017731444,2.430106530057046,-0.15716861902697077,0.0,0.0,58.24250444103032,-18.865267533635205,0.9338858186203606,3.5057814671156393,2.060147511757318,1.7779974017731444,2.430106530057046,0.0,0.0,-0.15716861902697077
scene-1077,CAM_FRONT_RIGHT,8,0,car,0.9336099624633789,17.253219268736547,-12.573835196595084,0.9948784028954432,4.632537551973403,2.043178580021424,1.555164647212763,-3.0307644151160074,-0.2917678510061332,0.06236413043478261,0.9180000000000003,17.253219268736547,-12.573835196595084,0.9948784028954432,4.632537551973403,2.043178580021424,1.555164647212763,-3.0307644151160074,0.06236413043478261,0.9180000000000003,-0.2917678510061332
scene-1077,CAM_FRONT_RIGHT,8,1,car,0.8987342119216919,2.969776298981878,-11.777057459546944,0.9611533434291405,3.8832704428486293,1.7556868265776568,1.3092554254500934,-2.735390690533297,-0.1895257959281691,0.09609905763751918,0.8770000000000003,2.969776298981878,-11.777057459546944,0.9611533434291405,3.8832704428486293,1.7556868265776568,1.3092554254500934,-2.735390690533297,0.09609905763751918,0.8770000000000003,-0.1895257959281691
scene-1077,CAM_FRONT_RIGHT,8,2,car,0.7344398498535156,30.26171910443789,-13.420340731067743,0.7469551311438355,1.1131411769177326,0.3069785045977067,1.4592106694392741,2.3667494149848003,-0.11433827323703794,0.03232323232323232,0.016000000000000004,30.26171910443789,-13.420340731067743,0.7469551311438355,1.1131411769177326,0.3069785045977067,1.4592106694392741,2.3667494149848003,0.03232323232323232,0.016000000000000004,-0.11433827323703794
scene-1077,CAM_FRONT_RIGHT,8,3,car,0.9024390578269958,41.95079594637849,-22.1935654127292,1.35017093843244,3.8320347872577187,2.1200512022571196,1.8392005365464585,3.0792667426547298,-0.5103564641789099,0.014689501531606794,0.21100000000000002,41.95079594637849,-22.1935654127292,1.35017093843244,3.8320347872577187,2.1200512022571196,1.8392005365464585,3.0792667426547298,0.014689501531606794,0.21100000000000002,-0.5103564641789099
scene-1077,CAM_FRONT_RIGHT,8,4,car,0.8865247964859009,10.41406816984724,-15.918670252073374,1.1118571402066566,4.697068861755947,2.1686622931480137,1.7604233716707538,-2.907156338686338,-0.27402088483602427,0.10471738663228025,1.9490000000000005,10.41406816984724,-15.918670252073374,1.1118571402066566,4.697068861755947,2.1686622931480137,1.7604233716707538,-2.907156338686338,0.10471738663228025,1.9490000000000005,-0.27402088483602427
scene-1077,CAM_BACK,8,0,car,0.8518518805503845,-37.761527896581235,-29.439273720192467,0.8838456004723682,7.15848710798765,4.074075524035202,2.5046239139379383,2.577234532899776,0.2936817050979422,0.00502710027100271,0.3710000000000001,-37.761527896581235,-29.439273720192467,0.8838456004723682,7.15848710798765,4.074075524035202,2.5046239139379383,2.577234532899776,0.00502710027100271,0.3710000000000001,0.2936817050979422
scene-1077,CAM_BACK,8,1,car,0.8476190567016602,-23.516636234574012,-11.454804499498149,1.213001302575484,4.058614959276637,1.857402614953056,1.401125021760824,2.0654170438405726,-0.41266025871319945,0.06207592151109481,0.6770000000000002,-23.516636234574012,-11.454804499498149,1.213001302575484,4.058614959276637,1.857402614953056,1.401125021760824,2.0654170438405726,0.06207592151109481,0.6770000000000002,-0.41266025871319945
scene-1077,CAM_BACK,8,2,car,0.507692277431488,-48.5050810701886,-11.761168994970228,0.5851168128076081,5.388119771203819,0.9229128743827388,1.610096227747638,-2.8598049992011116,0.5500264133899719,0.0,0.0,-48.5050810701886,-11.761168994970228,0.5851168128076081,5.388119771203819,0.9229128743827388,1.610096227747638,-2.8598049992011116,0.0,0.0,0.5500264133899719
scene-1077,CAM_BACK,8,3,car,0.5151515007019043,-73.95818757622838,1.8413966357312785,0.7867292830788365,2.757171437353122,2.5078867756193226,1.2642561508230827,-2.8729802385488545,0.7869925585451683,0.0,0.0,-73.95818757622838,1.8413966357312785,0.7867292830788365,2.757171437353122,2.5078867756193226,1.2642561508230827,-2.8729802385488545,0.0,0.0,0.7869925585451683
scene-1077,CAM_BACK,8,4,car,0.6132930517196655,-56.696112638285,4.013707088874775,1.7295310668828634,5.487740617460766,3.614142086665118,2.124493397736515,-3.0760091475534903,-0.040408967471393,0.0,0.0,-56.696112638285,4.013707088874775,1.7295310668828634,5.487740617460766,3.614142086665118,2.124493397736515,-3.0760091475534903,0.0,0.0,-0.040408967471393
scene-1077,CAM_BACK,8,5,car,0.5704697966575623,-39.925620738706634,-7.770740533951405,1.040068368672896,3.5638928513212207,2.262297094384081,1.1490678887176216,2.245799893013133,-0.15117303086239453,0.0,0.0,-39.925620738706634,-7.770740533951405,1.040068368672896,3.5638928513212207,2.262297094384081,1.1490678887176216,2.245799893013133,0.0,0.0,-0.15117303086239453
scene-1077,CAM_BACK_RIGHT,8,0,car,0.8012422323226929,-34.90024058606527,-26.398072033061254,1.2465392769085046,10.5422396592014,4.5740207823485814,3.418482242785314,-2.8062717248710034,0.35884124270135365,0.01751918158567775,2.8770000000000007,-34.90024058606527,-26.398072033061254,1.2465392769085046,10.5422396592014,4.5740207823485814,3.418482242785314,-2.8062717248710034,0.01751918158567775,2.8770000000000007,0.35884124270135365
scene-1077,CAM_BACK_RIGHT,8,1,car,0.7500000596046448,1.8768924629828632,-11.898785294368906,0.89345357487172,4.427749806097192,2.0414616258480596,1.5318870031041054,-3.1358345706719817,-0.007837916449302096,0.09977272727272728,1.3170000000000004,1.8768924629828632,-11.898785294368906,0.89345357487172,4.427749806097192,2.0414616258480596,1.5318870031041054,-3.1358345706719817,0.09977272727272728,1.3170000000000004,-0.007837916449302096
scene-1077,CAM_FRONT,9,0,car,0.8128654956817627,39.47590235426408,-13.14138643329873,1.0441701031916009,3.789231424333323,2.2195554069330403,1.8664963111910964,2.8357651683439644,0.10337129390480182,0.001070259380508688,0.017000000000000005,39.47590235426408,-13.14138643329873,1.0441701031916009,3.789231424333323,2.2195554069330403,1.8664963111910964,2.8357651683439644,0.001070259380508688,0.017000000000000005,0.10337129390480182
scene-1077,CAM_FRONT,9,1,car,0.8750000596046448,23.598723616111354,-0.47367733240169935,0.8551089766603854,3.3448330866102474,2.102760337067335,1.7358232264243503,3.129912002828512,0.010952903258733215,0.006281300398947458,0.07400000000000001,23.598723616111354,-0.47367733240169935,0.8551089766603854,3.3448330866102474,2.102760337067335,1.7358232264243503,3.129912002828512,0.006281300398947458,0.07400000000000001,0.010952903258733215
scene-1077,CAM_FRONT,9,2,car,0.8083832263946533,21.99264268068472,-11.88670320852157,1.0585589834341789,3.5764343665338743,1.9803315769245549,1.7992720497995491,2.4433084690324147,-0.15221913472954895,0.004861111111111111,0.06300000000000001,21.99264268068472,-11.88670320852157,1.0585589834341789,3.5764343665338743,1.9803315769245549,1.7992720497995491,2.4433084690324147,0.004861111111111111,0.06300000000000001,-0.15221913472954895
scene-1077,CAM_FRONT,9,3,car,0.5395683646202087,57.11957792232274,-3.5438373821580154,1.1900604467241984,1.7388831087820193,1.6324755289036617,0.5166898739838858,-2.571600661496778,-0.38372405513096774,0.0,0.0,57.11957792232274,-3.5438373821580154,1.1900604467241984,1.7388831087820193,1.6324755289036617,0.5166898739838858,-2.571600661496778,0.0,0.0,-0.38372405513096774
scene-1077,CAM_FRONT,9,4,car,0.7229437232017517,59.842239852813556,-6.478261579950551,1.3504012558883345,1.9913280057314964,1.939946263262124,0.8069918717191853,2.872980389979107,-0.3300859979195194,0.0,0.0,59.842239852813556,-6.478261579950551,1.3504012558883345,1.9913280057314964,1.939946263262124,0.8069918717191853,2.872980389979107,0.0,0.0,-0.3300859979195194
scene-1077,CAM_FRONT,9,5,car,0.6800000071525574,58.330681248136905,-14.686071439760413,1.7392049520745854,3.363235036247225,2.13446795150427,1.6854810114898822,-3.0962878620853553,-0.29712668969588574,0.0,0.0,58.330681248136905,-14.686071439760413,1.7392049520745854,3.363235036247225,2.13446795150427,1.6854810114898822,-3.0962878620853553,0.0,0.0,-0.29712668969588574
scene-1077,CAM_FRONT,9,6,car,0.8048780560493469,45.00584526343764,-18.276917156008324,1.9151025677262181,3.6610134649005133,1.7098186549725938,1.333346857938869,2.074525022661756,-0.9199720812807399,0.008682891035832212,0.07100000000000001,45.00584526343764,-18.276917156008324,1.9151025677262181,3.6610134649005133,1.7098186549725938,1.333346857938869,2.074525022661756,0.008682891035832212,0.07100000000000001,-0.9199720812807399
scene-1077,CAM_FRONT_RIGHT,9,0,car,0.9179486632347107,20.850590104160858,-11.643567505916982,1.2494769784037958,4.025088301717904,1.8278568591274613,1.4769008754234916,-2.974602166417603,-0.5199613067462034,0.02259259259259259,0.24400000000000005,20.850590104160858,-11.643567505916982,1.2494769784037958,4.025088301717904,1.8278568591274613,1.4769008754234916,-2.974602166417603,0.02259259259259259,0.24400000000000005,-0.5199613067462034
scene-1077,CAM_FRONT_RIGHT,9,1,car,0.921951174736023,9.175237060233977,-12.431461322517494,1.1586815404604063,4.784601740559018,2.1253169799712186,1.5533944090367544,-3.013782432199629,-0.4554705597589007,0.11607142857142858,1.8720000000000006,9.175237060233977,-12.431461322517494,1.1586815404604063,4.784601740559018,2.1253169799712186,1.5533944090367544,-3.013782432199629,0.11607142857142858,1.8720000000000006,-0.4554705597589007
scene-1077,CAM_FRONT_RIGHT,9,2,car,0.8012422323226929,31.836243135184684,-21.855073219717315,1.450442914594798,4.1012903926842625,2.409003760980241,1.9720113171011884,-2.7768236889746314,-0.4079395629823751,0.012601626016260163,0.24800000000000005,31.836243135184684,-21.855073219717315,1.450442914594798,4.1012903926842625,2.409003760980241,1.9720113171011884,-2.7768236889746314,0.012601626016260163,0.24800000000000005,-0.4079395629823751
scene-1077,CAM_BACK,9,0,car,0.7575758099555969,-31.631576752389787,-11.076298273497036,1.233157237158055,4.5088502004880695,2.086429518046316,1.5148638067216917,2.7851740686655875,-0.4538151786051916,0.02236331569664903,0.31700000000000006,-31.631576752389787,-11.076298273497036,1.233157237158055,4.5088502004880695,2.086429518046316,1.5148638067216917,2.7851740686655875,0.02236331569664903,0.31700000000000006,-0.4538151786051916
scene-1077,CAM_BACK,9,1,car,0.6132930517196655,-58.64899716910226,-29.697066662073755,1.1188914601783018,5.350161289909977,5.034816025159699,1.6563790682949648,1.0890051677184824,-0.2974958608827042,0.0,0.0,-58.64899716910226,-29.697066662073755,1.1188914601783018,5.350161289909977,5.034816025159699,1.6563790682949648,1.0890051677184824,0.0,0.0,-0.2974958608827042
scene-1077,CAM_BACK,9,2,car,0.6521739363670349,-50.96422012200616,-8.79191304408929,1.1409465931547786,2.706774830550496,2.710413122912975,1.15576131408811,1.901592734186994,-0.5673859848378188,0.0,0.0,-50.96422012200616,-8.79191304408929,1.1409465931547786,2.706774830550496,2.710413122912975,1.15576131408811,1.901592734186994,0.0,0.0,-0.5673859848378188
scene-1077,CAM_BACK_RIGHT,9,0,car,0.8083832263946533,-6.650078267185431,-11.596073229241957,1.0161274586024418,4.668497463828528,2.1088076587591456,1.4526897227695672,2.9182829732108404,-0.3904123143292457,0.13137453562985477,1.9450000000000003,-6.650078267185431,-11.596073229241957,1.0161274586024418,4.668497463828528,2.1088076587591456,1.4526897227695672,2.9182829732108404,0.13137453562985477,1.9450000000000003,-0.3904123143292457
scene-1077,CAM_BACK_RIGHT,9,1,car,0.8400000333786011,-2.8726375882445843,-15.196793056490417,0.9827978911855149,4.840220503276344,2.2495014862758946,1.7241282260183004,2.9100266914459736,-0.22307360470062232,0.07598039215686274,1.3640000000000003,-2.8726375882445843,-15.196793056490417,0.9827978911855149,4.840220503276344,2.2495014862758946,1.7241282260183004,2.9100266914459736,0.07598039215686274,1.3640000000000003,-0.22307360470062232
scene-1077,CAM_FRONT,10,0,car,0.5631399154663086,36.80829145910479,-13.67642324232158,0.6844505920982763,1.0729247199035683,0.5666653639801567,0.7460473305555031,3.021569961178064,-0.18384530064369065,0.0,0.0,36.80829145910479,-13.67642324232158,0.6844505920982763,1.0729247199035683,0.5666653639801567,0.7460473305555031,3.021569961178064,0.0,0.0,-0.18384530064369065
scene-1077,CAM_FRONT,10,1,car,0.5661016702651978,57.17401981892893,-18.97135480867376,1.464563937845472,4.867191712633456,2.989841760317323,1.8196643300143611,2.7055631852164583,-0.1863513156754344,0.0,0.0,57.17401981892893,-18.97135480867376,1.464563937845472,4.867191712633456,2.989841760317323,1.8196643300143611,2.7055631852164583,0.0,0.0,-0.1863513156754344
scene-1077,CAM_FRONT,10,2,car,0.8709677457809448,24.99981015911611,-0.4157294687078054,0.7992092966562941,3.5769920784617497,2.139219754658628,1.6815252306057735,3.1038581689563385,-0.07509277746375131,0.0,0.0,24.99981015911611,-0.4157294687078054,0.7992092966562941,3.5769920784617497,2.139219754658628,1.6815252306057735,3.1038581689563385,0.0,0.0,-0.07509277746375131
scene-1077,CAM_FRONT,10,3,car,0.859649121761322,32.265182300393604,-15.2444987831617,1.4402465036018235,7.618410044432817,3.492900029898763,2.737483913349587,2.0921359681974994,0.030311898662035652,0.03110554163185742,2.2340000000000004,32.265182300393604,-15.2444987831617,1.4402465036018235,7.618410044432817,3.492900029898763,2.737483913349587,2.0921359681974994,0.03110554163185742,2.2340000000000004,0.030311898662035652
scene-1077,CAM_FRONT,10,4,car,0.8083832263946533,34.47054896768423,-19.27287949940839,1.075020839470316,5.092467415754172,2.3397568905287454,1.823774262115649,2.69438860544389,-0.006807682688080519,0.03765274225632282,0.7950000000000002,34.47054896768423,-19.27287949940839,1.075020839470316,5.092467415754172,2.3397568905287454,1.823774262115649,2.69438860544389,0.03765274225632282,0.7950000000000002,-0.006807682688080519
scene-1077,CAM_FRONT,10,5,car,0.5540069937705994,62.452593690871026,-3.6399880062213814,0.7374614889194013,1.8368750910527591,1.838729268969331,0.5151046325050581,1.4866931206453198,-0.25339301527818514,0.0,0.0,62.452593690871026,-3.6399880062213814,0.7374614889194013,1.8368750910527591,1.838729268969331,0.5151046325050581,1.4866931206453198,0.0,0.0,-0.25339301527818514
scene-1077,CAM_FRONT,10,6,car,0.7575758099555969,46.53954061251574,-13.564335905796394,1.1879652136528982,3.521224932527474,2.1031113829776347,1.8575407660933896,2.9386885171810886,-0.042900869796495766,0.005298961689939133,0.07400000000000001,46.53954061251574,-13.564335905796394,1.1879652136528982,3.521224932527474,2.1031113829776347,1.8575407660933896,2.9386885171810886,0.005298961689939133,0.07400000000000001,-0.042900869796495766
scene-1077,CAM_FRONT,10,7,car,0.7344398498535156,62.549110693351516,-6.74822629809506,0.6767511194137186,1.7371810927451232,1.0012251810512254,1.2661723165555498,1.6347282784927404,0.2434954056376617,0.0,0.0,62.549110693351516,-6.74822629809506,0.6767511194137186,1.7371810927451232,1.0012251810512254,1.2661723165555498,1.6347282784927404,0.0,0.0,0.2434954056376617
scene-1077,CAM_FRONT_RIGHT,10,0,car,0.8904109597206116,38.61426125557194,-18.210087641101854,0.6354193221355786,6.400504073765852,2.8626857557530077,2.353317919695406,3.0428637077156955,0.7130272871052061,0.003232758620689655,0.14400000000000004,38.61426125557194,-18.210087641101854,0.6354193221355786,6.400504073765852,2.8626857557530077,2.353317919695406,3.0428637077156955,0.003232758620689655,0.14400000000000004,0.7130272871052061
scene-1077,CAM_FRONT_RIGHT,10,1,car,0.8787879347801208,34.07583739321888,-18.512641799617427,1.1805266362574147,4.121380783151064,1.8829766913127592,1.389262030711859,-2.8954873927577265,-0.360770153124233,0.046579864294883554,0.5080000000000001,34.07583739321888,-18.512641799617427,1.1805266362574147,4.121380783151064,1.8829766913127592,1.389262030711859,-2.8954873927577265,0.046579864294883554,0.5080000000000001,-0.360770153124233
scene-1077,CAM_FRONT_RIGHT,10,2,car,0.8947368264198303,10.265397128746134,-11.35383763386428,1.021133581551128,4.212298236278068,1.9201553889340452,1.719455437927422,-2.794341337613119,-0.23991353930803616,0.11241338640719446,1.5250000000000004,10.265397128746134,-11.35383763386428,1.021133581551128,4.212298236278068,1.9201553889340452,1.719455437927422,-2.794341337613119,0.11241338640719446,1.5250000000000004,-0.23991353930803616
scene-1077,CAM_BACK,10,0,car,0.5114504098892212,-74.00912128982017,-5.980187090977004,0.2506915380221228,2.727519768042949,2.6090374125555655,0.9132460766814198,1.5854936451584187,0.0871323652296665,0.0,0.0,-74.00912128982017,-5.980187090977004,0.2506915380221228,2.727519768042949,2.6090374125555655,0.9132460766814198,1.5854936451584187,0.0,0.0,0.0871323652296665
scene-1077,CAM_BACK,10,1,car,0.8241757750511169,-17.921003526760536,-11.776605078214812,1.0685898090433206,5.302371717336175,2.451734404066455,1.653493158700225,2.8577371926555544,-0.3561914996922353,0.057846836847946725,1.3030000000000004,-17.921003526760536,-11.776605078214812,1.0685898090433206,5.302371717336175,2.451734404066455,1.653493158700225,2.8577371926555544,0.057846836847946725,1.3030000000000004,-0.3561914996922353
scene-1077,CAM_BACK,10,2,car,0.5428571701049805,-72.94533540838268,-3.3538736360127044,1.3206870515679574,4.437614458702548,4.373559932510361,1.5925360132394797,1.0906990774197778,-0.6142288948065016,0.0,0.0,-72.94533540838268,-3.3538736360127044,1.3206870515679574,4.437614458702548,4.373559932510361,1.5925360132394797,1.0906990774197778,0.0,0.0,-0.6142288948065016
scene-1077,CAM_BACK_RIGHT,10,0,car,0.9179486632347107,-1.3027858794955753,-12.412717389093647,1.0596855152376738,4.996815503126823,2.3963303352641834,1.5682130682806659,-3.1386962486622916,-0.3666091317492727,0.15697916666666667,3.0140000000000007,-1.3027858794955753,-12.412717389093647,1.0596855152376738,4.996815503126823,2.3963303352641834,1.5682130682806659,-3.1386962486622916,0.15697916666666667,3.0140000000000007,-0.3666091317492727
scene-1077,CAM_FRONT,11,0,car,0.8865247964859009,24.44314923338273,-0.3367710259610526,0.8314358010829817,3.3698903917895677,2.048892472160884,1.6040918558447568,3.108317007098266,-0.01737782360482476,0.00505514705882353,0.055000000000000014,24.44314923338273,-0.3367710259610526,0.8314358010829817,3.3698903917895677,2.048892472160884,1.6040918558447568,3.108317007098266,0.00505514705882353,0.055000000000000014,-0.01737782360482476
scene-1077,CAM_FRONT,11,1,car,0.6717948913574219,57.918675012546046,-6.0526249679925,1.1145994848408445,1.4034403422897697,1.3661491150593186,0.9272357494848742,-3.0256033494474477,-0.19507623223356974,0.0,0.0,57.918675012546046,-6.0526249679925,1.1145994848408445,1.4034403422897697,1.3661491150593186,0.9272357494848742,-3.0256033494474477,0.0,0.0,-0.19507623223356974
scene-1077,CAM_FRONT,11,2,car,0.7104072570800781,42.206441167243284,-18.631055851167147,0.7733531273972764,2.9932885850102053,2.7557543922648122,0.8199379182032074,3.1021673488987784,-0.1944021542356522,0.012202380952380952,0.08200000000000002,42.206441167243284,-18.631055851167147,0.7733531273972764,2.9932885850102053,2.7557543922648122,0.8199379182032074,3.1021673488987784,0.012202380952380952,0.08200000000000002,-0.1944021542356522
scene-1077,CAM_FRONT,11,3,car,0.5586206912994385,40.98935484278791,-14.013085972458933,0.054522255227512306,1.1472293082866578,1.078632891083707,1.2153478207092323,-2.388981728251034,0.6660006522431927,0.0,0.0,40.98935484278791,-14.013085972458933,0.054522255227512306,1.1472293082866578,1.078632891083707,1.2153478207092323,-2.388981728251034,0.0,0.0,0.6660006522431927
scene-1077,CAM_FRONT,11,4,car,0.7500000596046448,53.109101913814285,-30.286034474577573,0.7562311381526784,4.492773913943154,2.730965689498241,1.4335008225293586,1.9593605647490726,0.4130532930590529,0.0,0.0,53.109101913814285,-30.286034474577573,0.7562311381526784,4.492773913943154,2.730965689498241,1.4335008225293586,1.9593605647490726,0.0,0.0,0.4130532930590529
scene-1077,CAM_FRONT,11,5,car,0.719298243522644,37.978746793096505,-13.66590722423876,0.9130059684320598,2.0170127592392695,1.9896841758569934,1.2718807913966017,1.1263091888186711,-0.19519139587390333,0.0,0.0,37.978746793096505,-13.66590722423876,0.9130059684320598,2.0170127592392695,1.9896841758569934,1.2718807913966017,1.1263091888186711,0.0,0.0,-0.19519139587390333
scene-1077,CAM_FRONT,11,6,car,0.7064220309257507,50.06898500495832,-14.173553420953636,1.1330819450493552,2.650958512861493,1.6698022401631618,1.281879507893922,2.8758431681641046,-0.29001710372198497,0.008882185352773589,0.05300000000000002,50.06898500495832,-14.173553420953636,1.1330819450493552,2.650958512861493,1.6698022401631618,1.281879507893922,2.8758431681641046,0.008882185352773589,0.05300000000000002,-0.29001710372198497
scene-1077,CAM_FRONT_RIGHT,11,0,car,0.9179486632347107,8.554724440429636,-21.702905060813208,0.7107819444804994,4.340035243306961,2.507798763299199,1.7736940924991103,-2.9211546744674917,-0.1133237336610895,0.07772609819121447,1.5040000000000004,8.554724440429636,-21.702905060813208,0.7107819444804994,4.340035243306961,2.507798763299199,1.7736940924991103,-2.9211546744674917,0.07772609819121447,1.5040000000000004,-0.1133237336610895
scene-1077,CAM_FRONT_RIGHT,11,1,car,0.7697842121124268,50.47579326027339,-22.845584947275473,0.5239249070058956,7.301955789886939,6.767239115745671,1.757756607074533,-3.1340442809152615,0.5621856035912312,0.0028650729698272,0.256,50.47579326027339,-22.845584947275473,0.5239249070058956,7.301955789886939,6.767239115745671,1.757756607074533,-3.1340442809152615,0.0028650729698272,0.256,0.5621856035912312
scene-1077,CAM_FRONT_RIGHT,11,2,car,0.6683937907218933,2.4564527877328937,-10.859444038164362,0.9399662931391007,0.6778747507299214,0.19031776849161197,0.6447233730022075,-2.6865917069056944,-0.8248301379776424,0.13095238095238096,0.011000000000000003,2.4564527877328937,-10.859444038164362,0.9399662931391007,0.6778747507299214,0.19031776849161197,0.6447233730022075,-2.6865917069056944,0.13095238095238096,0.011000000000000003,-0.8248301379776424
scene-1077,CAM_FRONT_RIGHT,11,3,car,0.7655677795410156,52.96594598683642,-29.528191477579245,0.636760230866477,2.3667589696660514,2.5030764166745456,1.944104129591663,-2.593877219957508,0.5472822201769894,0.0,0.0,52.96594598683642,-29.528191477579245,0.636760230866477,2.3667589696660514,2.5030764166745456,1.944104129591663,-2.593877219957508,0.0,0.0,0.5472822201769894
scene-1077,CAM_FRONT_RIGHT,11,4,car,0.9024390578269958,18.721800552670018,-12.283528276949268,0.9536043162616151,3.849823262618827,1.7799495833014607,1.3781737723113767,-2.9705492633327353,-0.4338859653861544,0.04657477025898078,0.44600000000000006,18.721800552670018,-12.283528276949268,0.9536043162616151,3.849823262618827,1.7799495833014607,1.3781737723113767,-2.9705492633327353,0.04657477025898078,0.44600000000000006,-0.4338859653861544
scene-1077,CAM_FRONT_RIGHT,11,5,car,0.9024390578269958,21.06018612415232,-18.511092438487456,0.8288483782723216,4.29584587814929,1.975226355592941,1.325384461347299,-2.9657971107219883,-0.3711047964090588,0.0518783542039356,0.5800000000000002,21.06018612415232,-18.511092438487456,0.8288483782723216,4.29584587814929,1.975226355592941,1.325384461347299,-2.9657971107219883,0.0518783542039356,0.5800000000000002,-0.3711047964090588
scene-1077,CAM_BACK,11,0,car,0.5276752710342407,-50.28355219897035,-8.754883251095794,0.7248828850019163,2.603183769395663,2.4769008069730987,0.813512381911899,1.1876205521123169,-0.5701093829497754,0.007884615384615384,0.04100000000000001,-50.28355219897035,-8.754883251095794,0.7248828850019163,2.603183769395663,2.4769008069730987,0.813512381911899,1.1876205521123169,0.007884615384615384,0.04100000000000001,-0.5701093829497754
scene-1077,CAM_BACK,11,1,car,0.7887788414955139,-12.378217966946194,-11.88919500757949,0.7352107576799317,2.97130264842474,1.6085415099104061,0.9761736136150392,2.2367332390334576,-0.4952742697334198,0.05541666666666667,0.26600000000000007,-12.378217966946194,-11.88919500757949,0.7352107576799317,2.97130264842474,1.6085415099104061,0.9761736136150392,2.2367332390334576,0.05541666666666667,0.26600000000000007,-0.4952742697334198
scene-1077,CAM_BACK,11,2,car,0.5038759708404541,-47.891785851585055,-9.974112241837203,1.0440622667728443,3.407611564908997,2.7048098788978896,1.5761118135971968,-3.0445279119520916,-0.5041030048526334,0.018790849673202614,0.2760000000000001,-47.891785851585055,-9.974112241837203,1.0440622667728443,3.407611564908997,2.7048098788978896,1.5761118135971968,-3.0445279119520916,0.018790849673202614,0.2760000000000001,-0.5041030048526334
scene-1077,CAM_BACK,11,3,car,0.7299578189849854,-27.71072135235955,-11.689005222484056,0.8974538149915371,4.149132149529127,2.6670867471805586,1.7999171512217742,-3.1122670166099162,-0.22439574242001004,0.007628224430392452,0.15200000000000005,-27.71072135235955,-11.689005222484056,0.8974538149915371,4.149132149529127,2.6670867471805586,1.7999171512217742,-3.1122670166099162,0.007628224430392452,0.15200000000000005,-0.22439574242001004
scene-1077,CAM_BACK_RIGHT,11,0,car,0.8160918951034546,-10.942214469830649,-12.183870084457464,0.8150912921997043,4.605499528881939,2.114198217472115,1.3156442079303294,2.9735773419411986,-0.4015352512094694,0.07843605669692626,0.9850000000000002,-10.942214469830649,-12.183870084457464,0.8150912921997043,4.605499528881939,2.114198217472115,1.3156442079303294,2.9735773419411986,0.07843605669692626,0.9850000000000002,-0.4015352512094694
scene-1077,CAM_BACK_RIGHT,11,1,car,0.7500000596046448,0.16671767653108055,-11.20122258665831,0.9864450516602618,4.8450495869160175,2.2215495815418596,1.6626548762583278,2.9951835002591434,-0.3868186597595067,0.1626559714795009,2.920000000000001,0.16671767653108055,-11.20122258665831,0.9864450516602618,4.8450495869160175,2.2215495815418596,1.6626548762583278,2.9951835002591434,0.1626559714795009,2.920000000000001,-0.3868186597595067
scene-1077,CAM_FRONT,12,0,car,0.8400000333786011,21.952108286773434,-0.3290367522464905,1.0134804290569734,3.3010692245100834,1.9832648953238303,1.5262019126892776,3.1021570559133136,-0.20158518079882526,0.04666666666666667,0.46200000000000013,21.952108286773434,-0.3290367522464905,1.0134804290569734,3.3010692245100834,1.9832648953238303,1.5262019126892776,3.1021570559133136,0.04666666666666667,0.46200000000000013,-0.20158518079882526
scene-1077,CAM_FRONT,12,1,car,0.7037037014961243,27.59451988554727,-13.199163092936255,0.19562402463155715,3.453691289691424,2.186370621894672,1.7469985111845847,2.7066681171081033,0.54568075662125,0.008021390374331552,0.10500000000000004,27.59451988554727,-13.199163092936255,0.19562402463155715,3.453691289691424,2.186370621894672,1.7469985111845847,2.7066681171081033,0.008021390374331552,0.10500000000000004,0.54568075662125
scene-1077,CAM_FRONT,12,2,car,0.5936508178710938,61.0675123092156,-26.559507702090094,-0.16911658571954935,2.918024173775841,2.71445264419755,3.0349182072457146,0.8873944858446094,1.5932625988391909,0.0,0.0,61.0675123092156,-26.559507702090094,-0.16911658571954935,2.918024173775841,2.71445264419755,3.0349182072457146,0.8873944858446094,0.0,0.0,1.5932625988391909
scene-1077,CAM_FRONT,12,3,car,0.7064220309257507,66.48643828077148,-6.702112997495473,0.6858790693296944,2.463741447551257,1.8093007492501583,0.9051481258615441,2.972008458297629,0.27702054463409764,0.0,0.0,66.48643828077148,-6.702112997495473,0.6858790693296944,2.463741447551257,1.8093007492501583,0.9051481258615441,2.972008458297629,0.0,0.0,0.27702054463409764
scene-1077,CAM_FRONT,12,4,car,0.507692277431488,16.770750610329245,-2.5858726859134764,-0.155436797606616,1.2487425856965406,1.2480626747383852,0.5365518609341828,1.49141420179598,0.39725680415879805,0.0,0.0,16.770750610329245,-2.5858726859134764,-0.155436797606616,1.2487425856965406,1.2480626747383852,0.5365518609341828,1.49141420179598,0.0,0.0,0.39725680415879805
scene-1077,CAM_FRONT,12,5,car,0.6483516097068787,61.51329024622421,-16.890619014141368,1.0832618973508787,4.47528311863114,2.720001692051092,2.196506270630974,3.116509641633268,0.10675573274133399,0.0,0.0,61.51329024622421,-16.890619014141368,1.0832618973508787,4.47528311863114,2.720001692051092,2.196506270630974,3.116509641633268,0.0,0.0,0.10675573274133399
scene-1077,CAM_FRONT,12,6,car,0.5631399154663086,40.30738686288346,-22.09822443991136,0.7831345384927175,2.5335380875422793,2.23688746480817,0.7773110049316991,-2.478604300076724,-0.6788329777058688,0.013181818181818182,0.05800000000000002,40.30738686288346,-22.09822443991136,0.7831345384927175,2.5335380875422793,2.23688746480817,0.7773110049316991,-2.478604300076724,0.013181818181818182,0.05800000000000002,-0.6788329777058688
scene-1077,CAM_FRONT,12,7,car,0.507692277431488,62.582396741469644,-13.34898028792145,0.8588674042886587,2.641680665060967,1.630025955386266,1.4256052793435903,-3.0618198268172856,0.09685216212473646,0.0,0.0,62.582396741469644,-13.34898028792145,0.8588674042886587,2.641680665060967,1.630025955386266,1.4256052793435903,-3.0618198268172856,0.0,0.0,0.09685216212473646
scene-1077,CAM_FRONT,12,8,car,0.7419355511665344,41.616282164471244,-14.049962038810403,0.8055872820498011,2.7791807086905393,1.6611446891913237,1.4331507843074855,2.9228041105085785,-0.10422284902509382,0.004501800720288115,0.030000000000000006,41.616282164471244,-14.049962038810403,0.8055872820498011,2.7791807086905393,1.6611446891913237,1.4331507843074855,2.9228041105085785,0.004501800720288115,0.030000000000000006,-0.10422284902509382
scene-1077,CAM_FRONT_RIGHT,12,0,car,0.9259259104728699,8.03548767042185,-18.233089331363406,0.4865339257615545,4.611653525005485,2.061143284151047,1.402492772337393,-2.935783882531651,-0.283374230495568,0.11742088139603668,1.5880000000000003,8.03548767042185,-18.233089331363406,0.4865339257615545,4.611653525005485,2.061143284151047,1.402492772337393,-2.935783882531651,0.11742088139603668,1.5880000000000003,-0.283374230495568
scene-1077,CAM_FRONT_RIGHT,12,1,car,0.8904109597206116,27.658963729824357,-22.370906009145088,0.6525657314319675,4.063877126220088,1.8360581664790452,1.3477278553231717,-2.955572870701796,-0.56101611622842,0.04680008338544924,0.4490000000000002,27.658963729824357,-22.370906009145088,0.6525657314319675,4.063877126220088,1.8360581664790452,1.3477278553231717,-2.955572870701796,0.04680008338544924,0.4490000000000002,-0.56101611622842
scene-1077,CAM_FRONT_RIGHT,12,2,car,0.8400000333786011,27.190146859306655,-13.094824971603378,0.8276749820738449,2.532075355912422,1.5724240038090436,1.1781995573755597,-2.7311944938793546,-0.35493423607659014,0.011875,0.05700000000000001,27.190146859306655,-13.094824971603378,0.8276749820738449,2.532075355912422,1.5724240038090436,1.1781995573755597,-2.7311944938793546,0.011875,0.05700000000000001,-0.35493423607659014
scene-1077,CAM_FRONT_RIGHT,12,3,car,0.8439024686813354,45.822138153512185,-29.138937422827517,0.3948021103950822,5.81014884347011,3.3639632503504515,2.250445869144368,-2.9154258117082605,0.5364319347213066,0.0007716729870358938,0.03500000000000001,45.822138153512185,-29.138937422827517,0.3948021103950822,5.81014884347011,3.3639632503504515,2.250445869144368,-2.9154258117082605,0.0007716729870358938,0.03500000000000001,0.5364319347213066
scene-1077,CAM_FRONT_RIGHT,12,4,car,0.9259259104728699,9.208747419227462,-12.125504176099069,0.6642537786699578,4.132264163968206,1.7392210415137441,1.445743754822653,-3.0607100870295367,-0.20994305586258943,0.1134453781512605,1.1070000000000002,9.208747419227462,-12.125504176099069,0.6642537786699578,4.132264163968206,1.7392210415137441,1.445743754822653,-3.0607100870295367,0.1134453781512605,1.1070000000000002,-0.20994305586258943
scene-1077,CAM_BACK,12,0,car,0.8400000333786011,-47.380003126632836,-14.20094236716486,0.5330331545353382,5.597820208334355,2.7173274089313164,2.2773577326623546,-3.102103370763313,0.17919128693774589,0.0,0.0,-47.380003126632836,-14.20094236716486,0.5330331545353382,5.597820208334355,2.7173274089313164,2.2773577326623546,-3.102103370763313,0.0,0.0,0.17919128693774589
scene-1077,CAM_BACK,12,1,car,0.7064220309257507,-11.370926917245733,-10.540037450747537,0.8313747779420833,1.9425035595675753,0.7403655810601197,1.4725947603328895,2.3230550351210235,-0.4995774650096778,0.11278195488721804,0.22500000000000006,-11.370926917245733,-10.540037450747537,0.8313747779420833,1.9425035595675753,0.7403655810601197,1.4725947603328895,2.3230550351210235,0.11278195488721804,0.22500000000000006,-0.4995774650096778
scene-1077,CAM_BACK,12,2,car,0.8827838897705078,-21.539047086565578,-11.839249768940872,0.8323457428726574,4.75154132327965,2.1782282636329278,1.4755842327655164,2.924037267637909,-0.5047582456591344,0.04880050505050505,0.7730000000000002,-21.539047086565578,-11.839249768940872,0.8323457428726574,4.75154132327965,2.1782282636329278,1.4755842327655164,2.924037267637909,0.04880050505050505,0.7730000000000002,-0.5047582456591344
scene-1077,CAM_BACK,12,3,car,0.507692277431488,-70.2597020431183,-15.604431652987044,0.8744448468445732,3.0040911610035863,2.5087368623955912,0.86658452458346,-2.837951484708445,-0.8717128455639669,0.0,0.0,-70.2597020431183,-15.604431652987044,0.8744448468445732,3.0040911610035863,2.5087368623955912,0.86658452458346,-2.837951484708445,0.0,0.0,-0.8717128455639669
scene-1077,CAM_BACK,12,4,car,0.5775577425956726,-57.60813178226657,-7.355365064194599,0.6623490950504837,2.3738167715811826,2.3694919849263023,0.8569209008847365,3.05367244542801,-0.4635095632396691,0.0,0.0,-57.60813178226657,-7.355365064194599,0.6623490950504837,2.3738167715811826,2.3694919849263023,0.8569209008847365,3.05367244542801,0.0,0.0,-0.4635095632396691
scene-1077,CAM_BACK_RIGHT,12,0,car,0.9101123809814453,-9.31012439368123,-10.67669833121194,0.8590988762647053,4.49101666894485,2.0518454427264246,1.5315320637049388,2.940786358125109,-0.2933548862098738,0.12049382716049382,1.7080000000000002,-9.31012439368123,-10.67669833121194,0.8590988762647053,4.49101666894485,2.0518454427264246,1.5315320637049388,2.940786358125109,0.12049382716049382,1.7080000000000002,-0.2933548862098738
scene-1077,CAM_BACK_RIGHT,12,1,car,0.941605806350708,-3.6787169371152206,-21.741675699548633,0.40011706831018845,4.695780585802833,2.6213818596992553,1.7906536093338845,2.9842363058714505,-0.19637580441473057,0.05955628296053828,1.3100000000000005,-3.6787169371152206,-21.741675699548633,0.40011706831018845,4.695780585802833,2.6213818596992553,1.7906536093338845,2.9842363058714505,0.05955628296053828,1.3100000000000005,-0.19637580441473057
scene-1077,CAM_FRONT,13,0,car,0.859649121761322,24.06961368940224,-0.37185636311047227,0.8785221107960177,3.525019231799199,2.1393060559441035,1.649949281069897,3.1004313170794946,-0.17833110540053454,0.007142857142857143,0.08400000000000002,24.06961368940224,-0.37185636311047227,0.8785221107960177,3.525019231799199,2.1393060559441035,1.649949281069897,3.1004313170794946,0.007142857142857143,0.08400000000000002,-0.17833110540053454
scene-1077,CAM_FRONT,13,1,car,0.7697842121124268,30.365301874055355,-13.065687338511294,1.161630438196203,3.950268896782397,2.2297353429780307,2.022301692013457,2.8053919455109027,-0.4226516259762483,0.03357954545454545,0.5910000000000001,30.365301874055355,-13.065687338511294,1.161630438196203,3.950268896782397,2.2297353429780307,2.022301692013457,2.8053919455109027,0.03357954545454545,0.5910000000000001,-0.4226516259762483
scene-1077,CAM_FRONT,13,2,car,0.5816993117332458,45.663321263717386,-10.858838302481557,1.055102816602664,3.0384600167198315,2.0485048100057526,1.0633580896636188,2.4036693199009878,-0.7031522499641376,0.014090909090909091,0.09300000000000003,45.663321263717386,-10.858838302481557,1.055102816602664,3.0384600167198315,2.0485048100057526,1.0633580896636188,2.4036693199009878,0.014090909090909091,0.09300000000000003,-0.7031522499641376
scene-1077,CAM_FRONT,13,3,car,0.7229437232017517,51.75610838324529,-17.718420147350322,0.562702442508195,5.541931242006797,2.52780040533046,2.059547318692541,3.041285861456231,0.06905378057213007,0.00038095238095238096,0.011000000000000003,51.75610838324529,-17.718420147350322,0.562702442508195,5.541931242006797,2.52780040533046,2.059547318692541,3.041285861456231,0.00038095238095238096,0.011000000000000003,0.06905378057213007
scene-1077,CAM_FRONT_RIGHT,13,0,car,0.8947368264198303,15.836121888807686,-21.69203863179717,0.3599005582714907,4.100102033237254,1.8726117185839506,1.456048017715316,-2.900532763868682,-0.22270723312202367,0.04193410355156183,0.4900000000000001,15.836121888807686,-21.69203863179717,0.3599005582714907,4.100102033237254,1.8726117185839506,1.456048017715316,-2.900532763868682,0.04193410355156183,0.4900000000000001,-0.22270723312202367
scene-1077,CAM_FRONT_RIGHT,13,1,car,0.8552036285400391,30.89349853204258,-13.980700708153806,0.6190101842078776,2.5516351592775273,1.5706290629871882,1.1896252786564958,2.485849924010274,-0.17216673118562942,0.040865384615384616,0.20400000000000004,30.89349853204258,-13.980700708153806,0.6190101842078776,2.5516351592775273,1.5706290629871882,1.1896252786564958,2.485849924010274,0.040865384615384616,0.20400000000000004,-0.17216673118562942
scene-1077,CAM_FRONT_RIGHT,13,2,car,0.8787879347801208,18.544710277597897,-12.686783653500957,0.5685763879083893,3.611407934065655,2.1919727347601388,1.5102904053179074,-2.6667371995225797,-0.04982076263819901,0.042003367003367,0.49900000000000005,18.544710277597897,-12.686783653500957,0.5685763879083893,3.611407934065655,2.1919727347601388,1.5102904053179074,-2.6667371995225797,0.042003367003367,0.49900000000000005,-0.04982076263819901
scene-1077,CAM_FRONT_RIGHT,13,3,car,0.8947368264198303,16.36039067558913,-18.162355447047947,0.5978977691611255,4.0733376938998145,1.8674211925387567,1.4437997185376361,-3.0075164211704934,-0.3979266971237527,0.016963139556207592,0.18500000000000005,16.36039067558913,-18.162355447047947,0.5978977691611255,4.0733376938998145,1.8674211925387567,1.4437997185376361,-3.0075164211704934,0.016963139556207592,0.18500000000000005,-0.3979266971237527
scene-1077,CAM_BACK,13,0,car,0.8241757750511169,-31.252911055556456,-11.73888235075427,1.1871239999357523,4.353579913151265,2.084630011917568,1.5440677299659065,3.0316519300614755,-0.6690184088690436,0.013059163059163059,0.18100000000000002,-31.252911055556456,-11.73888235075427,1.1871239999357523,4.353579913151265,2.084630011917568,1.5440677299659065,3.0316519300614755,0.013059163059163059,0.18100000000000002,-0.6690184088690436
scene-1077,CAM_BACK,13,1,car,0.8083832263946533,-41.09113092953187,-10.035218187080801,1.8548684335157886,3.0897278307754874,2.9457763747309222,0.7205407459142932,0.854891586097959,-1.6901774105533014,0.0,0.0,-41.09113092953187,-10.035218187080801,1.8548684335157886,3.0897278307754874,2.9457763747309222,0.7205407459142932,0.854891586097959,0.0,0.0,-1.6901774105533014
scene-1077,CAM_BACK,13,2,car,0.7387754917144775,-60.049707029341995,-32.56773756921074,-0.6351245356510183,14.108327633856952,10.41059536460697,4.474990993781847,-3.014861542995703,2.481644050591182,0.0,0.0,-60.049707029341995,-32.56773756921074,-0.6351245356510183,14.108327633856952,10.41059536460697,4.474990993781847,-3.014861542995703,0.0,0.0,2.481644050591182
scene-1077,CAM_BACK,13,3,car,0.5460992455482483,-96.61336224906542,-7.862659450770368,0.9632435336538535,2.7126076633743565,2.7153933066814204,0.803984880908881,2.030629921916408,-0.262301970770519,0.0,0.0,-96.61336224906542,-7.862659450770368,0.9632435336538535,2.7126076633743565,2.7153933066814204,0.803984880908881,2.030629921916408,0.0,0.0,-0.262301970770519
scene-1077,CAM_BACK,13,4,car,0.5508772134780884,-83.906441351143,-9.99415787438609,0.6462842493364844,3.1243733378518286,3.1279771748801863,1.0169874340717056,2.48358944744775,-0.18416610498205865,0.0,0.0,-83.906441351143,-9.99415787438609,0.6462842493364844,3.1243733378518286,3.1279771748801863,1.0169874340717056,2.48358944744775,0.0,0.0,-0.18416610498205865
scene-1077,CAM_BACK_RIGHT,13,0,car,0.8987342119216919,-15.049648441455888,-21.28515186840273,0.4345778972292993,4.659082104841382,2.3777842394545985,1.9200140816269489,2.8683757124677336,-0.03029726537425992,0.032474804031354984,0.6960000000000002,-15.049648441455888,-21.28515186840273,0.4345778972292993,4.659082104841382,2.3777842394545985,1.9200140816269489,2.8683757124677336,0.032474804031354984,0.6960000000000002,-0.03029726537425992
scene-1077,CAM_BACK_RIGHT,13,1,car,0.9139785170555115,-0.8078159032023886,-12.222485981869086,0.6135961641336127,4.99812261431738,2.2934356879029494,1.6470450659687428,3.0963599428570086,-0.23641210589976014,0.1346195652173913,2.4770000000000008,-0.8078159032023886,-12.222485981869086,0.6135961641336127,4.99812261431738,2.2934356879029494,1.6470450659687428,3.0963599428570086,0.1346195652173913,2.4770000000000008,-0.23641210589976014
scene-1077,CAM_BACK_RIGHT,13,2,car,0.9179486632347107,-9.75204216193455,-28.802648775485956,-0.17639861479158803,7.387209158443576,3.165226857520164,2.294376713649285,3.103639492167847,0.6534451554770095,0.013219741480611046,0.7200000000000002,-9.75204216193455,-28.802648775485956,-0.17639861479158803,7.387209158443576,3.165226857520164,2.294376713649285,3.103639492167847,0.013219741480611046,0.7200000000000002,0.6534451554770095
scene-1077,CAM_FRONT,14,0,car,0.859649121761322,25.90146458784865,-0.38933423809069595,0.9531773543066023,3.9164198367357557,2.387197107265739,1.8421925958292753,3.110724383434505,0.13310397788309025,0.0,0.0,25.90146458784865,-0.38933423809069595,0.9531773543066023,3.9164198367357557,2.387197107265739,1.8421925958292753,3.110724383434505,0.0,0.0,0.13310397788309025
scene-1077,CAM_FRONT,14,1,car,0.827957034111023,38.390674194721015,-18.286760367850924,0.7125416985839687,5.125653433813952,2.9839893377802316,1.8961631326073995,2.649924487772365,0.2623428843823288,0.003543171654626763,0.10300000000000002,38.390674194721015,-18.286760367850924,0.7125416985839687,5.125653433813952,2.9839893377802316,1.8961631326073995,2.649924487772365,0.003543171654626763,0.10300000000000002,0.2623428843823288
scene-1077,CAM_FRONT,14,2,car,0.7104072570800781,22.32108629426804,-12.624376061837271,0.9554065960888485,2.8937149462046534,1.7694857741009065,0.8590342890882652,2.76496511913321,-0.607055301707222,0.016177096636866752,0.07600000000000003,22.32108629426804,-12.624376061837271,0.9554065960888485,2.8937149462046534,1.7694857741009065,0.8590342890882652,2.76496511913321,0.016177096636866752,0.07600000000000003,-0.607055301707222
scene-1077,CAM_FRONT,14,3,car,0.5857605338096619,40.849753330013336,-11.050236564705264,1.340390034891401,2.6468846081921704,1.6501722214353052,1.106286533580493,1.4850315716630154,-0.5829694911083567,0.009872480460715755,0.04800000000000001,40.849753330013336,-11.050236564705264,1.340390034891401,2.6468846081921704,1.6501722214353052,1.106286533580493,1.4850315716630154,0.009872480460715755,0.04800000000000001,-0.5829694911083567
scene-1077,CAM_FRONT,14,4,car,0.6640419960021973,76.67428520126589,-7.037985447047451,1.3819281176980271,2.2121408796724893,2.1927685919048496,0.6210898302921946,-3.077671109278739,-0.36274280595692865,0.0,0.0,76.67428520126589,-7.037985447047451,1.3819281176980271,2.2121408796724893,2.1927685919048496,0.6210898302921946,-3.077671109278739,0.0,0.0,-0.36274280595692865
scene-1077,CAM_FRONT_RIGHT,14,0,car,0.8750000596046448,22.056910313915033,-13.208109946901434,0.9079943906546322,3.8344390492359253,2.261562762470227,1.6460431057528626,-3.094897504970502,-0.1476698907338283,0.02316933638443936,0.3240000000000001,22.056910313915033,-13.208109946901434,0.9079943906546322,3.8344390492359253,2.261562762470227,1.6460431057528626,-3.094897504970502,0.02316933638443936,0.3240000000000001,-0.1476698907338283
scene-1077,CAM_FRONT_RIGHT,14,1,car,0.7730495929718018,11.554458421860083,-12.35590558532116,1.0274609435686788,1.8404199690714709,1.0249922691543034,0.6221057112035929,-2.791732206261647,-0.8867857298831574,0.05555555555555555,0.06000000000000001,11.554458421860083,-12.35590558532116,1.0274609435686788,1.8404199690714709,1.0249922691543034,0.6221057112035929,-2.791732206261647,0.05555555555555555,0.06000000000000001,-0.8867857298831574
scene-1077,CAM_FRONT_RIGHT,14,2,car,0.7419355511665344,37.669419785306346,-17.663636374408956,0.969133810650867,5.095354979741906,3.224134044323968,1.5637310395951511,-3.039133381557048,-0.12567851338365643,0.005553002450980392,0.14500000000000005,37.669419785306346,-17.663636374408956,0.969133810650867,5.095354979741906,3.224134044323968,1.5637310395951511,-3.039133381557048,0.005553002450980392,0.14500000000000005,-0.12567851338365643
scene-1077,CAM_FRONT_RIGHT,14,3,car,0.8672199249267578,8.884798570267858,-12.524192113389523,0.7972292299520026,4.148642462418753,1.9181296424042351,1.5027556678114602,-3.033801699435395,-0.23957236262380244,0.09422336328626445,1.1010000000000002,8.884798570267858,-12.524192113389523,0.7972292299520026,4.148642462418753,1.9181296424042351,1.5027556678114602,-3.033801699435395,0.09422336328626445,1.1010000000000002,-0.23957236262380244
scene-1077,CAM_FRONT_RIGHT,14,4,car,0.6521739363670349,5.039250466713232,-18.334315023272783,0.300427220656097,3.16160888640983,1.4375691894517963,1.131193234388685,-2.3989823861315442,-0.3474416588359,0.08116883116883117,0.4000000000000001,5.039250466713232,-18.334315023272783,0.300427220656097,3.16160888640983,1.4375691894517963,1.131193234388685,-2.3989823861315442,0.08116883116883117,0.4000000000000001,-0.3474416588359
scene-1077,CAM_BACK,14,0,car,0.7344398498535156,-42.52038300073817,-12.032096238899683,0.6222825868574594,4.810056151719845,2.1747620673407013,1.6832861333325717,2.7028394237477773,-0.2631068139304924,0.0,0.0,-42.52038300073817,-12.032096238899683,0.6222825868574594,4.810056151719845,2.1747620673407013,1.6832861333325717,2.7028394237477773,0.0,0.0,-0.2631068139304924
scene-1077,CAM_BACK,14,1,car,0.5460992455482483,-29.15909611743049,-11.086115320583021,0.773714810861057,2.738129529224807,2.312161692404649,1.0248639483522624,-2.845822239472736,-0.7389412872884109,0.00322061191626409,0.020000000000000004,-29.15909611743049,-11.086115320583021,0.773714810861057,2.738129529224807,2.312161692404649,1.0248639483522624,-2.845822239472736,0.00322061191626409,0.020000000000000004,-0.7389412872884109
scene-1077,CAM_BACK,14,2,car,0.7142857313156128,-12.020424895012653,-11.597554096044773,0.5688991129880734,3.076971543443742,2.261902154547964,0.7584340644997546,-2.578703138545339,-0.5914614343568179,0.10045582047685835,0.5730000000000002,-12.020424895012653,-11.597554096044773,0.5688991129880734,3.076971543443742,2.261902154547964,0.7584340644997546,-2.578703138545339,0.10045582047685835,0.5730000000000002,-0.5914614343568179
scene-1077,CAM_BACK,14,3,car,0.7264957427978516,-27.34827031262127,-21.4216474687389,0.35804630624677625,6.000571735415907,2.7456306247570943,2.076063398602412,2.943245353695461,0.18149762249702617,0.011287477954144622,0.3840000000000001,-27.34827031262127,-21.4216474687389,0.35804630624677625,6.000571735415907,2.7456306247570943,2.076063398602412,2.943245353695461,0.011287477954144622,0.3840000000000001,0.18149762249702617
scene-1077,CAM_BACK,14,4,car,0.6717948913574219,-55.494657598493646,-11.585026288055706,0.5814885788426156,3.362130432430483,3.3612824600867244,0.9542847869362627,-2.794898872885651,-0.5777510995151856,0.0,0.0,-55.494657598493646,-11.585026288055706,0.5814885788426156,3.362130432430483,3.3612824600867244,0.9542847869362627,-2.794898872885651,0.0,0.0,-0.5777510995151856
scene-1077,CAM_BACK_RIGHT,14,0,car,0.8827838897705078,-10.610017328110775,-11.833099825298563,0.5322996983211198,4.419471065755831,2.0303013744377907,1.5907620780105505,3.0107140070275147,-0.27785626183583356,0.13068181818181818,1.8400000000000003,-10.610017328110775,-11.833099825298563,0.5322996983211198,4.419471065755831,2.0303013744377907,1.5907620780105505,3.0107140070275147,0.13068181818181818,1.8400000000000003,-0.27785626183583356
scene-1077,CAM_BACK_RIGHT,14,1,car,0.5857605338096619,2.793445778618286,-17.664221579964227,0.4687137075852629,4.5884760618873495,0.8885907458539393,1.136424782550222,3.1226561114342797,-0.5133713538658464,0.1482213438735178,0.6750000000000002,2.793445778618286,-17.664221579964227,0.4687137075852629,4.5884760618873495,0.8885907458539393,1.136424782550222,3.1226561114342797,0.1482213438735178,0.6750000000000002,-0.5133713538658464
scene-1077,CAM_BACK_RIGHT,14,2,car,0.7500000596046448,-25.648827886030883,-21.478683598683165,0.1598977871764501,3.186230472761004,3.1025070084560795,1.1340812426721525,1.5668852220470926,-0.15563176443885407,0.012463343108504398,0.13600000000000004,-25.648827886030883,-21.478683598683165,0.1598977871764501,3.186230472761004,3.1025070084560795,1.1340812426721525,1.5668852220470926,0.012463343108504398,0.13600000000000004,-0.15563176443885407
scene-1077,CAM_FRONT,15,0,car,0.7968254089355469,33.23305337682148,-11.11727458828751,0.865989921070422,3.746282682578954,1.7292451238716726,1.3409798575996956,-3.0866126756717227,-0.2426219045115563,0.004158004158004158,0.03400000000000001,33.23305337682148,-11.11727458828751,0.865989921070422,3.746282682578954,1.7292451238716726,1.3409798575996956,-3.0866126756717227,0.004158004158004158,0.03400000000000001,-0.2426219045115563
scene-1077,CAM_FRONT,15,1,car,0.5704697966575623,67.67390809752251,-5.965696365228159,0.8577890658051871,1.8599177787828278,1.8576801330478503,1.0274284300882515,1.6656649757185498,0.02375560454213077,0.0,0.0,67.67390809752251,-5.965696365228159,0.8577890658051871,1.8599177787828278,1.8576801330478503,1.0274284300882515,1.6656649757185498,0.0,0.0,0.02375560454213077
scene-1077,CAM_FRONT,15,2,car,0.8672199249267578,26.32243599993914,-0.4091148221276216,0.8540132176548714,3.6969942728968093,2.2285387575520903,1.774205869377211,3.118727990580813,0.05308492958866573,0.0018427518427518428,0.027000000000000007,26.32243599993914,-0.4091148221276216,0.8540132176548714,3.6969942728968093,2.2285387575520903,1.774205869377211,3.118727990580813,0.0018427518427518428,0.027000000000000007,0.05308492958866573
scene-1077,CAM_FRONT_RIGHT,15,0,car,0.8709677457809448,7.650718121387877,-22.298959043543075,0.3266807204820974,4.73571367582228,2.1663002606516173,1.578603839619737,-2.808984769722695,-0.17933232859962756,0.06594535783365571,1.0910000000000004,7.650718121387877,-22.298959043543075,0.3266807204820974,4.73571367582228,2.1663002606516173,1.578603839619737,-2.808984769722695,0.06594535783365571,1.0910000000000004,-0.17933232859962756
scene-1077,CAM_FRONT_RIGHT,15,1,car,0.8439024686813354,25.184426706172545,-17.67478560355542,0.5396998041550427,3.0413521510437675,2.0484723160042613,1.450043664787323,-2.5367154869325863,-0.3373223723579999,0.042666666666666665,0.38400000000000006,25.184426706172545,-17.67478560355542,0.5396998041550427,3.0413521510437675,2.0484723160042613,1.450043664787323,-2.5367154869325863,0.042666666666666665,0.38400000000000006,-0.3373223723579999
scene-1077,CAM_FRONT_RIGHT,15,2,car,0.941605806350708,12.001968480344434,-12.692607310558015,0.7080646930721133,4.668298818694268,2.342847612684082,1.688078103799215,-3.1185126561040146,-0.2338778860264792,0.12798606954345104,2.3520000000000008,12.001968480344434,-12.692607310558015,0.7080646930721133,4.668298818694268,2.342847612684082,1.688078103799215,-3.1185126561040146,0.12798606954345104,2.3520000000000008,-0.2338778860264792
scene-1077,CAM_BACK,15,0,car,0.5747508406639099,-81.74725858456605,-13.362909457860205,1.2040873018472689,3.597772116711596,3.6211910315418834,1.2515630283503958,1.8092485801933278,-0.5645397578224225,0.0,0.0,-81.74725858456605,-13.362909457860205,1.2040873018472689,3.597772116711596,3.6211910315418834,1.2515630283503958,1.8092485801933278,0.0,0.0,-0.5645397578224225
scene-1077,CAM_BACK,15,1,car,0.7460317611694336,-35.021815770895145,-9.307210717689694,2.8080559190295804,3.9110798587682556,2.5897624188175783,1.8216624519463729,1.3181987033722347,-2.172636835333158,0.0,0.0,-35.021815770895145,-9.307210717689694,2.8080559190295804,3.9110798587682556,2.5897624188175783,1.8216624519463729,1.3181987033722347,0.0,0.0,-2.172636835333158
scene-1077,CAM_BACK,15,2,car,0.5631399154663086,-50.51840631418688,-11.32231783257786,0.8401290264017557,2.7644543854782135,2.6075252404550753,0.772644485104945,1.3472364384015978,-0.7457556685748539,0.01150412087912088,0.06700000000000002,-50.51840631418688,-11.32231783257786,0.8401290264017557,2.7644543854782135,2.6075252404550753,0.772644485104945,1.3472364384015978,0.01150412087912088,0.06700000000000002,-0.7457556685748539
scene-1077,CAM_BACK,15,3,car,0.8358974456787109,-19.34597777482371,-10.64474600504712,0.8461433467603728,4.135940255626872,1.9325723007152593,1.3833502913508637,1.2356391653549954,-0.4303656741817885,0.034109664404914725,0.37200000000000005,-19.34597777482371,-10.64474600504712,0.8461433467603728,4.135940255626872,1.9325723007152593,1.3833502913508637,1.2356391653549954,0.034109664404914725,0.37200000000000005,-0.4303656741817885
scene-1077,CAM_BACK_RIGHT,15,0,car,0.7928802371025085,-1.2128831876908819,-12.257267364157409,0.6361377406488136,4.457898950454966,2.0786077556911042,1.6248440512793074,2.9360772482009234,-0.32553681572098236,0.1484126984126984,2.244,-1.2128831876908819,-12.257267364157409,0.6361377406488136,4.457898950454966,2.0786077556911042,1.6248440512793074,2.9360772482009234,0.1484126984126984,2.244,-0.32553681572098236
scene-1077,CAM_BACK_RIGHT,15,1,car,0.5857605338096619,-10.844740530420353,-17.966462074021972,0.2973237153079951,3.2039858522737186,2.520367736904074,0.9750548805792164,2.9433028654072158,-0.45920151603096016,0.069875,0.5590000000000002,-10.844740530420353,-17.966462074021972,0.2973237153079951,3.2039858522737186,2.520367736904074,0.9750548805792164,2.9433028654072158,0.069875,0.5590000000000002,-0.45920151603096016
scene-1077,CAM_BACK_RIGHT,15,2,car,0.5586206912994385,6.778201036174321,-28.929119277468086,0.18003002422922854,3.1659426209840724,0.6690667187927466,1.415547739656072,1.8406291071847998,-0.20852211175669177,0.05548469387755102,0.17400000000000002,6.778201036174321,-28.929119277468086,0.18003002422922854,3.1659426209840724,0.6690667187927466,1.415547739656072,1.8406291071847998,0.05548469387755102,0.17400000000000002,-0.20852211175669177
scene-1077,CAM_BACK_RIGHT,15,3,car,0.7538461089134216,-7.092454748897729,-21.912239317144625,0.22794797094860142,4.846127877659719,2.221997386877071,1.7661030849648682,2.9845723393023396,-0.03133260476621613,0.07007575757575757,1.3320000000000003,-7.092454748897729,-21.912239317144625,0.22794797094860142,4.846127877659719,2.221997386877071,1.7661030849648682,2.9845723393023396,0.07007575757575757,1.3320000000000003,-0.03133260476621613
scene-1077,CAM_FRONT,16,0,car,0.7655677795410156,36.33873649908276,-10.825829537898471,0.9215795091652945,3.0723915973370097,1.8933960262969407,1.0499184139123385,2.0258694895878935,-0.550719140776859,0.007640067911714771,0.04500000000000001,36.33873649908276,-10.825829537898471,0.9215795091652945,3.0723915973370097,1.8933960262969407,1.0499184139123385,2.0258694895878935,0.007640067911714771,0.04500000000000001,-0.550719140776859
scene-1077,CAM_FRONT,16,1,car,0.6683937907218933,24.893354112712178,-10.604453583684153,0.968017332974027,2.8271199580193844,1.7153721057742324,1.1078872078091953,1.8946817715585922,-0.5329932208373127,0.019862490450725745,0.10400000000000004,24.893354112712178,-10.604453583684153,0.968017332974027,2.8271199580193844,1.7153721057742324,1.1078872078091953,1.8946817715585922,0.019862490450725745,0.10400000000000004,-0.5329932208373127
scene-1077,CAM_FRONT,16,2,car,0.8632478713989258,26.404860481167074,-0.360591759017107,0.6504627650562318,3.8693793357644175,2.3317705104713418,1.7145163276229844,3.069983117492741,0.027164657278247795,0.010164600957439832,0.15500000000000003,26.404860481167074,-0.360591759017107,0.6504627650562318,3.8693793357644175,2.3317705104713418,1.7145163276229844,3.069983117492741,0.010164600957439832,0.15500000000000003,0.027164657278247795
scene-1077,CAM_FRONT,16,3,car,0.5241636037826538,68.56341250098785,-16.48581496994568,-1.7577027548606097,9.575940434419998,6.081277328799526,3.3574969028730433,2.6347538785533584,3.1934039987032135,0.0,0.0,68.56341250098785,-16.48581496994568,-1.7577027548606097,9.575940434419998,6.081277328799526,3.3574969028730433,2.6347538785533584,0.0,0.0,3.1934039987032135
scene-1077,CAM_FRONT_RIGHT,16,0,car,0.8947368264198303,2.2564473912408802,-12.747843039846847,0.7262189781073563,4.207560965256756,2.3062725502443993,1.5167540474627073,-2.9603448266920367,-0.04868230357339032,0.08060731538992409,1.1680000000000004,2.2564473912408802,-12.747843039846847,0.7262189781073563,4.207560965256756,2.3062725502443993,1.5167540474627073,-2.9603448266920367,0.08060731538992409,1.1680000000000004,-0.04868230357339032
scene-1077,CAM_FRONT_RIGHT,16,1,car,0.8787879347801208,60.191609094774435,-28.911867827490934,0.04682372726644801,6.36876188656872,4.015921985081993,2.311762116268984,2.86239303627943,0.6603195903513814,0.0,0.0,60.191609094774435,-28.911867827490934,0.04682372726644801,6.36876188656872,4.015921985081993,2.311762116268984,2.86239303627943,0.0,0.0,0.6603195903513814
scene-1077,CAM_FRONT_RIGHT,16,2,car,0.9139785170555115,6.447038869800975,-9.77220354762571,0.9813993783210038,2.7891853050579685,1.2978652633546783,0.8683239336077802,-2.623970607172865,-0.6725824926080408,0.2951770451770452,0.9670000000000002,6.447038869800975,-9.77220354762571,0.9813993783210038,2.7891853050579685,1.2978652633546783,0.8683239336077802,-2.623970607172865,0.2951770451770452,0.9670000000000002,-0.6725824926080408
scene-1077,CAM_BACK,16,0,car,0.7299578189849854,-31.19459151210467,-11.102998920001378,1.0956504289316933,4.117243185144314,1.8809981652496255,1.4473625360019633,2.8034858465613453,-0.38170838107307614,0.0018338529249954153,0.020000000000000004,-31.19459151210467,-11.102998920001378,1.0956504289316933,4.117243185144314,1.8809981652496255,1.4473625360019633,2.8034858465613453,0.0018338529249954153,0.020000000000000004,-0.38170838107307614
scene-1077,CAM_BACK,16,1,car,0.6289855241775513,-11.894499318767663,-11.334124614321427,0.0006342911888918001,2.645103194301168,1.944996656975568,0.8709856463158709,1.003357045915211,0.3105612707309455,0.11133603238866396,0.49500000000000005,-11.894499318767663,-11.334124614321427,0.0006342911888918001,2.645103194301168,1.944996656975568,0.8709856463158709,1.003357045915211,0.11133603238866396,0.49500000000000005,0.3105612707309455
scene-1077,CAM_BACK,16,2,car,0.6404494643211365,-24.40255497289452,-17.96383348386511,0.9019585464941343,3.895260512526665,2.3881487103990935,1.3169151756548974,3.1345831139463756,-0.2683441150044237,0.03459894806048652,0.4210000000000001,-24.40255497289452,-17.96383348386511,0.9019585464941343,3.895260512526665,2.3881487103990935,1.3169151756548974,3.1345831139463756,0.03459894806048652,0.4210000000000001,-0.2683441150044237
scene-1077,CAM_BACK,16,3,car,0.5661016702651978,-69.14738291557838,-28.779101385153037,1.1205391103985471,3.8680746908432972,3.965408218704681,1.8080439775620951,1.552150226016214,-0.2232719073936379,0.0,0.0,-69.14738291557838,-28.779101385153037,1.1205391103985471,3.8680746908432972,3.965408218704681,1.8080439775620951,1.552150226016214,0.0,0.0,-0.2232719073936379
scene-1077,CAM_BACK_RIGHT,16,0,car,0.8012422323226929,-11.178472383466815,-11.96025689948969,0.7785194180532471,4.423887716858486,2.1271130263716227,1.6035773676386116,2.894436394005722,-0.06357452285775111,0.08394209956709957,1.2410000000000003,-11.178472383466815,-11.96025689948969,0.7785194180532471,4.423887716858486,2.1271130263716227,1.6035773676386116,2.894436394005722,0.08394209956709957,1.2410000000000003,-0.06357452285775111
scene-1077,CAM_BACK_RIGHT,16,1,car,0.9101123809814453,1.6132039564862575,-12.49082422885552,0.8526682233531858,4.911086358753416,2.571334081009663,1.6696323176369743,3.018553494466376,-0.11347328530219669,0.13172961492289223,2.8530000000000006,1.6132039564862575,-12.49082422885552,0.8526682233531858,4.911086358753416,2.571334081009663,1.6696323176369743,3.018553494466376,0.13172961492289223,2.8530000000000006,-0.11347328530219669
scene-1077,CAM_BACK_RIGHT,16,2,car,0.8632478713989258,-4.355476166045078,-21.968233621994848,0.667444229747064,4.976621070443982,2.3023944594475942,1.7120524740674128,2.875518298661557,-0.2969867545389191,0.09749360613810741,1.9060000000000004,-4.355476166045078,-21.968233621994848,0.667444229747064,4.976621070443982,2.3023944594475942,1.7120524740674128,2.875518298661557,0.09749360613810741,1.9060000000000004,-0.2969867545389191
scene-1077,CAM_FRONT,17,0,car,0.8632478713989258,26.601394200817932,-0.2985739864298014,0.9002518025888899,4.008270988169855,2.3657409913478626,1.8904821141564292,3.0885432674575704,0.022940274491689783,0.005043859649122807,0.09200000000000003,26.601394200817932,-0.2985739864298014,0.9002518025888899,4.008270988169855,2.3657409913478626,1.8904821141564292,3.0885432674575704,0.005043859649122807,0.09200000000000003,0.022940274491689783
scene-1077,CAM_FRONT,17,1,car,0.8324607610702515,34.659375168994046,-13.570151231465571,0.4891685288243812,5.058650944397229,2.3586579714513185,1.8452498236846444,3.121817615701574,0.13705613401357697,0.009168482207697894,0.20200000000000004,34.659375168994046,-13.570151231465571,0.4891685288243812,5.058650944397229,2.3586579714513185,1.8452498236846444,3.121817615701574,0.009168482207697894,0.20200000000000004,0.13705613401357697
scene-1077,CAM_FRONT,17,2,car,0.7770034670829773,27.807276820303002,-15.646231058275276,0.42512712199244174,2.0523968309680978,1.9065665888033863,1.5824914827682086,1.3195949558313078,0.004188755700332614,0.026472431077694234,0.169,27.807276820303002,-15.646231058275276,0.42512712199244174,2.0523968309680978,1.9065665888033863,1.5824914827682086,1.3195949558313078,0.026472431077694234,0.169,0.004188755700332614
scene-1077,CAM_FRONT,17,3,car,0.7344398498535156,54.9754215311295,-12.578609632294445,1.2419498382570742,4.113187174187033,2.5261029567899307,2.0546769877433158,-2.9276052013028724,-0.3297430205824683,0.0,0.0,54.9754215311295,-12.578609632294445,1.2419498382570742,4.113187174187033,2.5261029567899307,2.0546769877433158,-2.9276052013028724,0.0,0.0,-0.3297430205824683
scene-1077,CAM_FRONT,17,4,car,0.5038759708404541,44.73615331075958,-13.4300172256981,0.9886476223268357,1.4647024737250902,1.3909790630763155,0.5925314140417474,1.738295219937494,-0.9526884524572987,0.0,0.0,44.73615331075958,-13.4300172256981,0.9886476223268357,1.4647024737250902,1.3909790630763155,0.5925314140417474,1.738295219937494,0.0,0.0,-0.9526884524572987
scene-1077,CAM_FRONT_LEFT,17,0,car,0.5508772134780884,3.3441922340492276,4.647934554389105,0.9185123392200104,3.0268018636019907,2.2237054850585896,0.9964609798294723,2.662444886428603,-0.05553840796196674,0.3409090909090909,2.2500000000000004,3.3441922340492276,4.647934554389105,0.9185123392200104,3.0268018636019907,2.2237054850585896,0.9964609798294723,2.662444886428603,0.3409090909090909,2.2500000000000004,-0.05553840796196674
scene-1077,CAM_FRONT_RIGHT,17,0,car,0.8632478713989258,21.91985212308806,-13.83513033103638,0.6822664524232925,4.521759622615292,2.050677380338005,1.5913496888847847,-2.721116760680958,-0.189978981666737,0.04398148148148148,0.6650000000000001,21.91985212308806,-13.83513033103638,0.6822664524232925,4.521759622615292,2.050677380338005,1.5913496888847847,-2.721116760680958,0.04398148148148148,0.6650000000000001,-0.189978981666737
scene-1077,CAM_BACK,17,0,car,0.5276752710342407,-60.02159137592356,-10.908656873774298,0.634401190418554,2.7189126052053165,2.77880743668954,1.1116581826541032,1.7764316098297992,-0.4859684752244675,0.0,0.0,-60.02159137592356,-10.908656873774298,0.634401190418554,2.7189126052053165,2.77880743668954,1.1116581826541032,1.7764316098297992,0.0,0.0,-0.4859684752244675
scene-1077,CAM_BACK,17,1,car,0.6289855241775513,-22.22545912579166,-10.960437800942826,0.8161192238522091,2.628521555556862,1.9375792851299884,0.9874517892338097,-3.032390178818095,-0.6781798315966019,0.01902834008097166,0.09400000000000003,-22.22545912579166,-10.960437800942826,0.8161192238522091,2.628521555556862,1.9375792851299884,0.9874517892338097,-3.032390178818095,0.01902834008097166,0.09400000000000003,-0.6781798315966019
scene-1077,CAM_BACK,17,2,car,0.6831682920455933,-62.58718252021414,-20.8610899446404,0.45622173567938284,3.458595858392343,2.2293123113798625,1.2640573251929752,-2.9390372824361863,-0.24715830164048191,0.0,0.0,-62.58718252021414,-20.8610899446404,0.45622173567938284,3.458595858392343,2.2293123113798625,1.2640573251929752,-2.9390372824361863,0.0,0.0,-0.24715830164048191
scene-1077,CAM_BACK,17,3,car,0.7264957427978516,-25.785702441621286,-17.395635219641846,0.7981756758484342,3.589636142914255,2.202425022413628,1.2185274393741024,1.6339682642745479,-0.6149823482931884,0.03535353535353535,0.3360000000000001,-25.785702441621286,-17.395635219641846,0.7981756758484342,3.589636142914255,2.202425022413628,1.2185274393741024,1.6339682642745479,0.03535353535353535,0.3360000000000001,-0.6149823482931884
scene-1077,CAM_BACK,17,4,car,0.7697842121124268,-40.75284630387007,-10.76637583709028,0.7771214479761118,3.467676623225124,2.145755324258019,1.7304135100676696,2.899779622970976,-0.28831793529190164,0.0013605442176870747,0.017,-40.75284630387007,-10.76637583709028,0.7771214479761118,3.467676623225124,2.145755324258019,1.7304135100676696,2.899779622970976,0.0013605442176870747,0.017,-0.28831793529190164
scene-1077,CAM_BACK,17,5,car,0.5311355590820312,-20.166672503251814,-11.66191077507581,0.5759050952002814,1.4965602851229995,1.3631863161839526,0.6829499303927424,2.630676859032069,-0.6032084183683206,0.04897959183673469,0.07200000000000002,-20.166672503251814,-11.66191077507581,0.5759050952002814,1.4965602851229995,1.3631863161839526,0.6829499303927424,2.630676859032069,0.04897959183673469,0.07200000000000002,-0.6032084183683206
scene-1077,CAM_BACK_RIGHT,17,0,car,0.949367105960846,-8.793929068063612,-11.923410766204059,0.620598645880969,4.800358969024819,2.621315643737283,1.6589173427053077,2.878127812103596,-0.2181341790494944,0.11920248868778281,2.529000000000001,-8.793929068063612,-11.923410766204059,0.620598645880969,4.800358969024819,2.621315643737283,1.6589173427053077,2.878127812103596,0.11920248868778281,2.529000000000001,-0.2181341790494944
scene-1077,CAM_BACK_RIGHT,17,1,car,0.9452055096626282,-3.83936303276635,-17.73738705781272,0.456510171554654,4.922427745638792,2.095989637125246,1.456232469903969,2.908799520746662,-0.25395205065448834,0.11752510528020732,1.8140000000000005,-3.83936303276635,-17.73738705781272,0.456510171554654,4.922427745638792,2.095989637125246,1.456232469903969,2.908799520746662,0.11752510528020732,1.8140000000000005,-0.25395205065448834
scene-1077,CAM_FRONT,18,0,car,0.6444444060325623,48.100160428859084,-13.709335878700264,1.0206336921095884,4.524130529517137,2.073854228819359,1.5805876668455052,-3.074162733821205,-0.10985201970330005,0.0021164021164021165,0.03200000000000001,48.100160428859084,-13.709335878700264,1.0206336921095884,4.524130529517137,2.073854228819359,1.5805876668455052,-3.074162733821205,0.0021164021164021165,0.03200000000000001,-0.10985201970330005
scene-1077,CAM_FRONT,18,1,car,0.8709677457809448,26.243239472103713,-0.19583050836770144,0.8620745955921136,3.8846660925844283,2.3803914714174805,1.8945416361012013,3.0571507130873,0.08510031858504341,0.008434547908232119,0.15000000000000002,26.243239472103713,-0.19583050836770144,0.8620745955921136,3.8846660925844283,2.3803914714174805,1.8945416361012013,3.0571507130873,0.008434547908232119,0.15000000000000002,0.08510031858504341
scene-1077,CAM_FRONT,18,2,car,0.5241636037826538,89.88435280792908,-5.668902428861411,0.9113887477782072,1.748411435908519,1.784456733984939,0.8134931775169418,1.3224108802507717,-0.00850552347782041,0.0,0.0,89.88435280792908,-5.668902428861411,0.9113887477782072,1.748411435908519,1.784456733984939,0.8134931775169418,1.3224108802507717,0.0,0.0,-0.00850552347782041
scene-1077,CAM_FRONT,18,3,car,0.5775577425956726,25.503859485544467,-13.825805529539803,0.6081398132606005,1.7144450256235295,1.7113311791144596,1.0795735065340668,3.0446976614400265,-0.22155940841275656,0.011953444479396037,0.03800000000000001,25.503859485544467,-13.825805529539803,0.6081398132606005,1.7144450256235295,1.7113311791144596,1.0795735065340668,3.0446976614400265,0.011953444479396037,0.03800000000000001,-0.22155940841275656
scene-1077,CAM_FRONT_RIGHT,18,0,car,0.8083832263946533,25.14341875915203,-14.111148030772174,0.6683981033894192,3.91825043363119,1.883753124529548,1.342289219449402,-2.9065332272831865,-0.34962065636918593,0.04837537631059898,0.46600000000000014,25.14341875915203,-14.111148030772174,0.6683981033894192,3.91825043363119,1.883753124529548,1.342289219449402,-2.9065332272831865,0.04837537631059898,0.46600000000000014,-0.34962065636918593
scene-1077,CAM_FRONT_RIGHT,18,1,car,0.7730495929718018,11.354794026201786,-13.348467963921005,0.6225100392175622,4.330332422571661,1.5715483597764361,1.8725490467423413,-2.609213671051528,-0.06845471121229729,0.11765605875152998,1.5380000000000003,11.354794026201786,-13.348467963921005,0.6225100392175622,4.330332422571661,1.5715483597764361,1.8725490467423413,-2.609213671051528,0.11765605875152998,1.5380000000000003,-0.06845471121229729
scene-1077,CAM_BACK,18,0,car,0.5631399154663086,-76.12101773148272,-11.58272439419307,0.43211468157153093,2.444877883181749,2.458180833074337,1.039880339353119,1.6825024709208447,-0.028891746148854758,0.0,0.0,-76.12101773148272,-11.58272439419307,0.43211468157153093,2.444877883181749,2.458180833074337,1.039880339353119,1.6825024709208447,0.0,0.0,-0.028891746148854758
scene-1077,CAM_BACK,18,1,car,0.7928802371025085,-58.09540698199676,-28.853476659798268,0.3362192091489955,5.058776379115784,4.46522896008004,1.5461621053320127,0.9154273244233346,0.24229154055375401,0.0,0.0,-58.09540698199676,-28.853476659798268,0.3362192091489955,5.058776379115784,4.46522896008004,1.5461621053320127,0.9154273244233346,0.0,0.0,0.24229154055375401
scene-1077,CAM_BACK,18,2,car,0.5311355590820312,-19.96627846244398,-16.348547180552575,0.6686027941546393,2.3113960415687984,2.3049243586323094,0.7114783965456253,1.7018873097013583,-0.6232001856950591,0.039967593842830135,0.14800000000000002,-19.96627846244398,-16.348547180552575,0.6686027941546393,2.3113960415687984,2.3049243586323094,0.7114783965456253,1.7018873097013583,0.039967593842830135,0.14800000000000002,-0.6232001856950591
scene-1077,CAM_BACK,18,3,car,0.7500000596046448,-30.88354292545899,-10.74786476635117,0.6094161321843867,4.685300775503876,3.000003083025616,2.4578822802227456,2.999813989515764,0.3896914497251962,0.005673758865248227,0.20000000000000007,-30.88354292545899,-10.74786476635117,0.6094161321843867,4.685300775503876,3.000003083025616,2.4578822802227456,2.999813989515764,0.005673758865248227,0.20000000000000007,0.3896914497251962
scene-1077,CAM_BACK,18,4,car,0.5586206912994385,-63.46156024047231,-17.519659188168564,0.7273626509487834,2.9044848983430214,1.9623539549519435,0.9951421524419208,2.206489905131766,-0.5007069041841523,0.0,0.0,-63.46156024047231,-17.519659188168564,0.7273626509487834,2.9044848983430214,1.9623539549519435,0.9951421524419208,2.206489905131766,0.0,0.0,-0.5007069041841523
scene-1077,CAM_BACK,18,5,car,0.8518518805503845,-18.8868223863615,-18.454152349617836,0.4321997257354882,4.165402770575625,3.9074960679326463,1.041867731499099,-2.980167421887319,-0.2918712595945508,0.0641025641025641,1.05,-18.8868223863615,-18.454152349617836,0.4321997257354882,4.165402770575625,3.9074960679326463,1.041867731499099,-2.980167421887319,0.0641025641025641,1.05,-0.2918712595945508
scene-1077,CAM_BACK,18,6,car,0.8904109597206116,-19.644971176614664,-11.402604938527743,0.8618127457817055,4.539714497971369,2.0777054576676655,1.5709601282011207,2.747848962313324,-0.3166439764752278,0.02242063492063492,0.3390000000000001,-19.644971176614664,-11.402604938527743,0.8618127457817055,4.539714497971369,2.0777054576676655,1.5709601282011207,2.747848962313324,0.02242063492063492,0.3390000000000001,-0.3166439764752278
scene-1077,CAM_BACK,18,7,car,0.6521739363670349,-50.92516453600161,-11.282837522219861,1.2142696763369762,3.506831255928418,3.3942838207334596,0.8582196628997808,-2.7230062315806336,-1.0295814163802346,0.0,0.0,-50.92516453600161,-11.282837522219861,1.2142696763369762,3.506831255928418,3.3942838207334596,0.8582196628997808,-2.7230062315806336,0.0,0.0,-1.0295814163802346
scene-1077,CAM_BACK_RIGHT,18,0,car,0.9298245906829834,-17.2333149654189,-17.74553587793026,0.4354198828744341,4.859436491164788,2.3288376544344267,1.46146183854601,2.9019948074073163,-0.10611241788609704,0.07737355811889973,1.3080000000000003,-17.2333149654189,-17.74553587793026,0.4354198828744341,4.859436491164788,2.3288376544344267,1.46146183854601,2.9019948074073163,0.07737355811889973,1.3080000000000003,-0.10611241788609704
scene-1077,CAM_BACK_RIGHT,18,1,car,0.5428571701049805,-21.28624580367348,-17.582815835407214,0.1096321349292918,3.4715999485392253,2.255094249645307,0.8465494738205013,-2.9022215020115656,0.04757891179541196,0.007298136645962733,0.047000000000000014,-21.28624580367348,-17.582815835407214,0.1096321349292918,3.4715999485392253,2.255094249645307,0.8465494738205013,-2.9022215020115656,0.007298136645962733,0.047000000000000014,0.04757891179541196
scene-1077,CAM_FRONT,19,0,car,0.8358974456787109,23.59932124280358,-0.04119687927870958,0.8721038507105363,3.2482844841416068,2.069607604672828,1.6345179898104303,3.093735167752655,0.022401422719077635,0.05626860119047619,0.6050000000000002,23.59932124280358,-0.04119687927870958,0.8721038507105363,3.2482844841416068,2.069607604672828,1.6345179898104303,3.093735167752655,0.05626860119047619,0.6050000000000002,0.022401422719077635
scene-1077,CAM_FRONT,19,1,car,0.7142857313156128,37.228417877632936,-13.180171007197629,1.0965576351825121,4.110074466944148,1.969701589341227,1.5748167686536227,-3.136206183400519,-0.13808865891958932,0.001829268292682927,0.024000000000000007,37.228417877632936,-13.180171007197629,1.0965576351825121,4.110074466944148,1.969701589341227,1.5748167686536227,-3.136206183400519,0.001829268292682927,0.024000000000000007,-0.13808865891958932
scene-1077,CAM_FRONT,19,2,car,0.5241636037826538,77.31443825938159,-10.89390049726059,1.0746778742572665,3.2921180874193112,3.2924315864106504,0.7250872370971073,2.6412822796849826,-0.21642108136560367,0.0,0.0,77.31443825938159,-10.89390049726059,1.0746778742572665,3.2921180874193112,3.2924315864106504,0.7250872370971073,2.6412822796849826,0.0,0.0,-0.21642108136560367
scene-1077,CAM_FRONT,19,3,car,0.5460992455482483,44.57206830502877,-12.655309828231076,0.3162642715122265,1.8630358090823051,1.6564095467472022,0.5511641353404454,2.3519228897709348,0.2715665029756231,0.0,0.0,44.57206830502877,-12.655309828231076,0.3162642715122265,1.8630358090823051,1.6564095467472022,0.5511641353404454,2.3519228897709348,0.0,0.0,0.2715665029756231
scene-1077,CAM_FRONT_RIGHT,19,0,car,0.7575758099555969,2.7136413899436516,-13.77011220786575,0.7680365335460053,3.796840469889183,2.310526137826173,1.1928999666426052,-2.954245302552741,-0.24790237044183527,0.13043478260869565,1.3680000000000003,2.7136413899436516,-13.77011220786575,0.7680365335460053,3.796840469889183,2.310526137826173,1.1928999666426052,-2.954245302552741,0.13043478260869565,1.3680000000000003,-0.24790237044183527
scene-1077,CAM_FRONT_RIGHT,19,1,car,0.9139785170555115,14.397915842756932,-13.985414183938135,0.7590556901677367,4.868987469359867,2.1916536238606206,1.538906816290092,-3.0398793325123847,0.00811285587623134,0.12034632034632034,1.9460000000000006,14.397915842756932,-13.985414183938135,0.7590556901677367,4.868987469359867,2.1916536238606206,1.538906816290092,-3.0398793325123847,0.12034632034632034,1.9460000000000006,0.00811285587623134
scene-1077,CAM_BACK,19,0,car,0.8439024686813354,-30.331040624985757,-11.117947577748856,1.2145853040005252,4.2982663799357255,2.32226390666656,1.573261867757432,2.7899820168195086,-0.6803944054649794,0.00467644084934277,0.07400000000000001,-30.331040624985757,-11.117947577748856,1.2145853040005252,4.2982663799357255,2.32226390666656,1.573261867757432,2.7899820168195086,0.00467644084934277,0.07400000000000001,-0.6803944054649794
scene-1077,CAM_BACK,19,1,car,0.8709677457809448,-31.258709178879435,-17.33542678986693,0.813741311858281,5.2417834795162115,2.354464977382726,1.5008214393952652,3.024053027737404,-0.33071512127441793,0.005662393162393162,0.10600000000000002,-31.258709178879435,-17.33542678986693,0.813741311858281,5.2417834795162115,2.354464977382726,1.5008214393952652,3.024053027737404,0.005662393162393162,0.10600000000000002,-0.33071512127441793
scene-1077,CAM_BACK_RIGHT,19,0,car,0.7387754917144775,1.212321131459518,-13.792915201317065,0.6629420932646668,5.333894738434342,2.828455104686057,1.5552407215568418,2.993932058018176,0.008135084187032904,0.12508423180592992,2.970000000000001,1.212321131459518,-13.792915201317065,0.6629420932646668,5.333894738434342,2.828455104686057,1.5552407215568418,2.993932058018176,0.12508423180592992,2.970000000000001,0.008135084187032904
scene-1077,CAM_FRONT,20,0,car,0.859649121761322,23.93189117394799,0.07807309562625865,0.9252253922689319,3.417120968409826,2.172899992685563,1.6446397138303592,3.1028614090201363,-0.008077704562278853,0.036012700534759357,0.4310000000000001,23.93189117394799,0.07807309562625865,0.9252253922689319,3.417120968409826,2.172899992685563,1.6446397138303592,3.1028614090201363,0.036012700534759357,0.4310000000000001,-0.008077704562278853
scene-1077,CAM_FRONT,20,1,car,0.8709677457809448,27.481301993546527,-12.418936055746283,0.8468596776611392,3.589304788615724,2.160968438949144,1.747401137730058,-2.639620839648585,-0.0193562549734021,0.0213903743315508,0.2880000000000001,27.481301993546527,-12.418936055746283,0.8468596776611392,3.589304788615724,2.160968438949144,1.747401137730058,-2.639620839648585,0.0213903743315508,0.2880000000000001,-0.0193562549734021
scene-1077,CAM_FRONT,20,2,car,0.7264957427978516,37.24796230336781,-10.50766116034225,0.9406326860039441,3.511748085851945,1.6396173317353302,1.2063061102213377,2.1098668171986135,-0.1536571778712721,0.008928571428571428,0.06000000000000001,37.24796230336781,-10.50766116034225,0.9406326860039441,3.511748085851945,1.6396173317353302,1.2063061102213377,2.1098668171986135,0.008928571428571428,0.06000000000000001,-0.1536571778712721
scene-1077,CAM_FRONT,20,0,bus,0.7655677795410156,65.69846989878782,-24.302746888054735,1.6375198675794453,11.266620498323903,3.71453400002914,6.068428416321955,-2.9994384365408338,1.1707339070984082,0.0,0.0,65.69846989878782,-24.302746888054735,1.6375198675794453,11.266620498323903,3.71453400002914,6.068428416321955,-2.9994384365408338,0.0,0.0,1.1707339070984082
scene-1077,CAM_FRONT_RIGHT,20,0,car,0.921951174736023,4.669856342340149,-13.989872754103475,0.5184446078299555,4.834149122973912,2.482301539472118,1.4196477581658697,-2.884805193075362,-0.04125342537559118,0.1193452380952381,2.005000000000001,4.669856342340149,-13.989872754103475,0.5184446078299555,4.834149122973912,2.482301539472118,1.4196477581658697,-2.884805193075362,0.1193452380952381,2.005000000000001,-0.04125342537559118
scene-1077,CAM_FRONT_RIGHT,20,1,car,0.8160918951034546,27.70005128076208,-13.392250044960841,0.8311757577836859,3.5328232433455327,2.1937563581190194,1.7440579090976456,-3.098563953584448,-0.07003534397964462,0.008097784568372804,0.10600000000000002,27.70005128076208,-13.392250044960841,0.8311757577836859,3.5328232433455327,2.1937563581190194,1.7440579090976456,-3.098563953584448,0.008097784568372804,0.10600000000000002,-0.07003534397964462
scene-1077,CAM_BACK,20,0,car,0.5631399154663086,-36.74360983546251,-11.999551728501888,0.9162886281643048,1.241448784616395,1.039401104973983,1.090118832767721,1.7090958848773192,-0.5969431353539383,0.023484848484848483,0.031000000000000003,-36.74360983546251,-11.999551728501888,0.9162886281643048,1.241448784616395,1.039401104973983,1.090118832767721,1.7090958848773192,0.023484848484848483,0.031000000000000003,-0.5969431353539383
scene-1077,CAM_BACK,20,1,car,0.7887788414955139,-39.960800570639634,-10.95417720854084,0.8526478200720111,3.4672927229569837,2.1832799873318987,1.5431915004894257,3.025634475095879,-0.2816680123054782,0.007272727272727273,0.08400000000000002,-39.960800570639634,-10.95417720854084,0.8526478200720111,3.4672927229569837,2.1832799873318987,1.5431915004894257,3.025634475095879,0.007272727272727273,0.08400000000000002,-0.2816680123054782
scene-1077,CAM_BACK,20,2,car,0.8012422323226929,-43.92843275051641,-17.418405992554675,1.0080626167497995,4.717773246313186,2.199429463488414,1.6996184319792864,2.737760084530469,-0.4171319298319641,0.011889862327909888,0.20900000000000005,-43.92843275051641,-17.418405992554675,1.0080626167497995,4.717773246313186,2.199429463488414,1.6996184319792864,2.737760084530469,0.011889862327909888,0.20900000000000005,-0.4171319298319641
scene-1077,CAM_BACK_RIGHT,20,0,car,0.8750000596046448,-7.858691218483533,-12.8791957360977,0.6346637137791401,4.870238196528391,2.2324166141169908,1.5202383095215624,2.8811654397649624,-0.05979895402644608,0.09424860853432282,1.5240000000000005,-7.858691218483533,-12.8791957360977,0.6346637137791401,4.870238196528391,2.2324166141169908,1.5202383095215624,2.8811654397649624,0.09424860853432282,1.5240000000000005,-0.05979895402644608
scene-1077,CAM_BACK_RIGHT,20,1,car,0.8865247964859009,3.1305690156265658,-14.145000300484428,0.49854803240817314,2.37115046161225,1.3502441997108772,0.7099025704482058,2.752918732278352,-0.4513714697602116,0.11564625850340136,0.2720000000000001,3.1305690156265658,-14.145000300484428,0.49854803240817314,2.37115046161225,1.3502441997108772,0.7099025704482058,2.752918732278352,0.11564625850340136,0.2720000000000001,-0.4513714697602116
scene-1077,CAM_FRONT,21,0,car,0.5276752710342407,58.375131079940076,-10.952497369132917,0.7719131944350826,2.940142065609102,2.013231271367566,1.1150318870311668,2.8241393350339457,-0.25092160633102867,0.0,0.0,58.375131079940076,-10.952497369132917,0.7719131944350826,2.940142065609102,2.013231271367566,1.1150318870311668,2.8241393350339457,0.0,0.0,-0.25092160633102867
scene-1077,CAM_FRONT,21,1,car,0.7655677795410156,33.57841207128146,-12.804067489889025,0.6040850391497793,3.8494516450393235,2.1064592372202746,1.3336658142694386,1.6848709688833015,-0.14998291225893357,0.013977250819356083,0.14500000000000005,33.57841207128146,-12.804067489889025,0.6040850391497793,3.8494516450393235,2.1064592372202746,1.3336658142694386,1.6848709688833015,0.013977250819356083,0.14500000000000005,-0.14998291225893357
scene-1077,CAM_FRONT,21,2,car,0.8202247023582458,25.971486344302438,0.2048438602175988,0.7618016494909947,3.6529547037173593,2.299536746220563,1.7369041425413276,3.099583302604964,0.07265153006843406,0.004631229695168314,0.06700000000000002,25.971486344302438,0.2048438602175988,0.7618016494909947,3.6529547037173593,2.299536746220563,1.7369041425413276,3.099583302604964,0.004631229695168314,0.06700000000000002,0.07265153006843406
scene-1077,CAM_FRONT,21,0,motorcycle,0.5775577425956726,31.390426051251413,-9.985538276941108,-0.6885518627828272,1.2886722172652618,0.5243094015656169,1.0192494922866804,2.9986975957804813,1.2278393968404435,0.0,0.0,31.390426051251413,-9.985538276941108,-0.6885518627828272,1.2886722172652618,0.5243094015656169,1.0192494922866804,2.9986975957804813,0.0,0.0,1.2278393968404435
scene-1077,CAM_FRONT,21,0,bus,0.5038759708404541,52.675569531872526,-22.627709388841666,1.7165755013023642,10.213062533752229,3.363690674976745,5.385334105665193,-2.7944549730911534,0.6240660426496172,0.0002349523687470631,0.04400000000000001,52.675569531872526,-22.627709388841666,1.7165755013023642,10.213062533752229,3.363690674976745,5.385334105665193,-2.7944549730911534,0.0002349523687470631,0.04400000000000001,0.6240660426496172
scene-1077,CAM_FRONT_RIGHT,21,0,car,0.8787879347801208,18.03105263073744,-13.508539950288265,0.6424811055113127,4.091391030197016,2.2583489528084257,1.683273918910562,-2.941989404275702,-0.09550700907216014,0.04846859210280082,0.7770000000000001,18.03105263073744,-13.508539950288265,0.6424811055113127,4.091391030197016,2.2583489528084257,1.683273918910562,-2.941989404275702,0.04846859210280082,0.7770000000000001,-0.09550700907216014
scene-1077,CAM_FRONT_RIGHT,21,0,bus,0.7500000596046448,50.22437833332314,-23.161862438969045,1.0465034363891323,8.715422991259956,3.123757342507208,4.328438238045264,3.1050812773853114,0.7870004435854954,0.001819420372334463,0.21100000000000005,50.22437833332314,-23.161862438969045,1.0465034363891323,8.715422991259956,3.123757342507208,4.328438238045264,3.1050812773853114,0.001819420372334463,0.21100000000000005,0.7870004435854954
scene-1077,CAM_BACK,21,0,car,0.5631399154663086,-66.41486275149718,-19.598755987562406,0.3771088779421337,3.1227428453106185,2.9938346770981283,0.9033694864229799,1.064670170216622,0.01176788806980178,0.0,0.0,-66.41486275149718,-19.598755987562406,0.3771088779421337,3.1227428453106185,2.9938346770981283,0.9033694864229799,1.064670170216622,0.0,0.0,0.01176788806980178
scene-1077,CAM_BACK,21,1,car,0.6878048777580261,-43.40707218775625,-27.775714645478015,0.3072687258460216,6.621937431558449,3.8356349985811278,3.2969908382948,2.2272872735479563,1.1923647188236104,0.007406601904209559,0.6130000000000001,-43.40707218775625,-27.775714645478015,0.3072687258460216,6.621937431558449,3.8356349985811278,3.2969908382948,2.2272872735479563,0.007406601904209559,0.6130000000000001,1.1923647188236104
scene-1077,CAM_BACK,21,2,car,0.604938268661499,-57.41754634733564,-13.2046509952008,1.38867495804874,2.205043776859654,2.252096701944943,0.8924885340468326,1.5896395801306202,-0.8610504131532382,0.0,0.0,-57.41754634733564,-13.2046509952008,1.38867495804874,2.205043776859654,2.252096701944943,0.8924885340468326,1.5896395801306202,0.0,0.0,-0.8610504131532382
scene-1077,CAM_BACK_RIGHT,21,0,car,0.9064327478408813,-6.760035293736759,-14.076983941061867,0.6166368496453889,4.926533143931486,2.2138765875324022,1.511009593366388,2.996206408075417,-0.022495267216574133,0.11156462585034013,1.8040000000000005,-6.760035293736759,-14.076983941061867,0.6166368496453889,4.926533143931486,2.2138765875324022,1.511009593366388,2.996206408075417,0.11156462585034013,1.8040000000000005,-0.022495267216574133
scene-1077,CAM_FRONT,22,0,car,0.827957034111023,52.51625657074594,-12.267181029401351,0.6836487355123687,3.1370802688537083,1.8335753164695063,1.4495835686250758,-3.0263251786946985,-0.19455019732600576,0.0,0.0,52.51625657074594,-12.267181029401351,0.6836487355123687,3.1370802688537083,1.8335753164695063,1.4495835686250758,-3.0263251786946985,0.0,0.0,-0.19455019732600576
scene-1077,CAM_FRONT,22,1,car,0.8632478713989258,27.52187749919011,0.2683641000417455,0.7839429406064444,4.0286650633948895,2.648983307119892,1.961236457168814,3.113327255133944,0.17743832101037982,0.002307692307692308,0.048000000000000015,27.52187749919011,0.2683641000417455,0.7839429406064444,4.0286650633948895,2.648983307119892,1.961236457168814,3.113327255133944,0.002307692307692308,0.048000000000000015,0.17743832101037982
scene-1077,CAM_FRONT,22,2,car,0.7104072570800781,69.85516800307018,-9.43718026406288,0.657247284667453,2.9413595932319794,1.80407842239347,1.5384423267581135,2.672472102488012,-0.11450976434335836,0.0,0.0,69.85516800307018,-9.43718026406288,0.657247284667453,2.9413595932319794,1.80407842239347,1.5384423267581135,2.672472102488012,0.0,0.0,-0.11450976434335836
scene-1077,CAM_FRONT,22,0,motorcycle,0.5747508406639099,68.55329520633252,-25.385121293468096,-1.3048238207210763,2.295724058699548,1.975007659074267,2.314552507297006,2.7728179143614553,2.1397120810338555,0.0,0.0,68.55329520633252,-25.385121293468096,-1.3048238207210763,2.295724058699548,1.975007659074267,2.314552507297006,2.7728179143614553,0.0,0.0,2.1397120810338555
scene-1077,CAM_FRONT_RIGHT,22,0,car,0.8787879347801208,7.3216387073738645,-13.421864782888377,0.7162279684531255,4.625320656180749,2.1420078985475186,1.7547127191428278,-2.8872661866623517,-0.11913831105685202,0.08592132505175984,1.4940000000000004,7.3216387073738645,-13.421864782888377,0.7162279684531255,4.625320656180749,2.1420078985475186,1.7547127191428278,-2.8872661866623517,0.08592132505175984,1.4940000000000004,-0.11913831105685202
scene-1077,CAM_FRONT_RIGHT,22,1,car,0.7730495929718018,9.19304311695119,-14.016687545209074,0.16832467026406572,3.8071642953793603,2.2203410485240163,1.8259318168648644,1.5059117724541233,0.41627218695033363,0.031964380648591174,0.4810000000000001,9.19304311695119,-14.016687545209074,0.16832467026406572,3.8071642953793603,2.2203410485240163,1.8259318168648644,1.5059117724541233,0.031964380648591174,0.4810000000000001,0.41627218695033363
scene-1077,CAM_FRONT_RIGHT,22,2,car,0.7852349281311035,24.975148179096216,-12.609643386055705,0.7624918354900246,3.976869734453542,1.8359903592077806,1.3539244208564278,-2.6760765321088216,-0.34660330379372906,0.03878968253968254,0.39100000000000007,24.975148179096216,-12.609643386055705,0.7624918354900246,3.976869734453542,1.8359903592077806,1.3539244208564278,-2.6760765321088216,0.03878968253968254,0.39100000000000007,-0.34660330379372906
scene-1077,CAM_FRONT_RIGHT,22,3,car,0.8128654956817627,26.287719328338564,-16.18234355270041,0.34398203371843283,4.083161762088749,1.945138633444028,1.476545790472698,-2.4241778861846917,-0.026847305863370474,0.02113821138211382,0.24700000000000003,26.287719328338564,-16.18234355270041,0.34398203371843283,4.083161762088749,1.945138633444028,1.476545790472698,-2.4241778861846917,0.02113821138211382,0.24700000000000003,-0.026847305863370474
scene-1077,CAM_FRONT_RIGHT,22,0,bus,0.8202247023582458,43.53831948029795,-22.573651446550944,2.5617355056257067,8.39716459516643,2.2917407160349264,3.480483885283568,-2.9068612968649545,-1.1813847988123225,0.007364685004436557,0.4980000000000001,43.53831948029795,-22.573651446550944,2.5617355056257067,8.39716459516643,2.2917407160349264,3.480483885283568,-2.9068612968649545,0.007364685004436557,0.4980000000000001,-1.1813847988123225
scene-1077,CAM_BACK,22,0,car,0.7730495929718018,-72.60285509343836,-30.163331786853018,0.6750395827831033,11.341971729809103,5.245106745287885,3.997775943718937,2.5420892383428795,1.2620536461345089,0.0,0.0,-72.60285509343836,-30.163331786853018,0.6750395827831033,11.341971729809103,5.245106745287885,3.997775943718937,2.5420892383428795,0.0,0.0,1.2620536461345089
scene-1077,CAM_BACK,22,1,car,0.7730495929718018,-18.26955598960172,-13.867647546059189,0.78055639739649,4.914024246654758,2.1224133457687486,1.5771246218379873,3.036404051829103,-0.08603098598454206,0.0385689990281827,0.635,-18.26955598960172,-13.867647546059189,0.78055639739649,4.914024246654758,2.1224133457687486,1.5771246218379873,3.036404051829103,0.0385689990281827,0.635,-0.08603098598454206
scene-1077,CAM_BACK,22,2,car,0.6332378387451172,-77.9917561486852,-19.85637166261499,1.017319877584574,3.3553374272250096,3.34109347853105,1.2664133262063013,2.9432158587946864,-0.328386939633439,0.0,0.0,-77.9917561486852,-19.85637166261499,1.017319877584574,3.3553374272250096,3.34109347853105,1.2664133262063013,2.9432158587946864,0.0,0.0,-0.328386939633439
scene-1077,CAM_BACK,22,3,car,0.6908212304115295,-72.17607253785245,-13.209244086676074,0.9665485917970463,3.448867316695967,2.274191227031981,1.6029451100004117,-2.856831875170378,-0.011341650829585825,0.0,0.0,-72.17607253785245,-13.209244086676074,0.9665485917970463,3.448867316695967,2.274191227031981,1.6029451100004117,-2.856831875170378,0.0,0.0,-0.011341650829585825
scene-1077,CAM_BACK_RIGHT,22,0,car,0.8439024686813354,-16.142050081318658,-13.254767007472791,0.43744243809527705,2.902914011468832,1.1900070696599379,1.4884716987943305,3.066487184310069,0.13183704488209602,0.10478927203065135,0.5470000000000002,-16.142050081318658,-13.254767007472791,0.43744243809527705,2.902914011468832,1.1900070696599379,1.4884716987943305,3.066487184310069,0.10478927203065135,0.5470000000000002,0.13183704488209602
scene-1077,CAM_FRONT,23,0,car,0.8787879347801208,23.7040440347079,0.3592392469035156,0.8674229616374964,3.228858317904031,2.067108340001233,1.6416275799609776,3.1013766588463483,-0.10514489653531878,0.03273809523809524,0.3520000000000001,23.7040440347079,0.3592392469035156,0.8674229616374964,3.228858317904031,2.067108340001233,1.6416275799609776,3.1013766588463483,0.03273809523809524,0.3520000000000001,-0.10514489653531878
scene-1077,CAM_FRONT,23,1,car,0.7887788414955139,73.61353168450678,-23.039410898895433,-0.05214310810533673,7.3595112919333445,3.426142664783324,2.6550722514952634,-2.993940409960789,1.005436302248583,0.0,0.0,73.61353168450678,-23.039410898895433,-0.05214310810533673,7.3595112919333445,3.426142664783324,2.6550722514952634,-2.993940409960789,0.0,0.0,1.005436302248583
scene-1077,CAM_FRONT,23,2,car,0.5508772134780884,38.37001896456741,-22.207916553923017,-0.7224492950318554,2.7962869056628463,2.6706155641775027,0.5954125631387008,-2.4697620866445256,0.6257458008672581,0.0,0.0,38.37001896456741,-22.207916553923017,-0.7224492950318554,2.7962869056628463,2.6706155641775027,0.5954125631387008,-2.4697620866445256,0.0,0.0,0.6257458008672581
scene-1077,CAM_FRONT,23,3,car,0.6878048777580261,60.481552104650945,-9.62329343330874,0.6305949561539974,3.9823203489674057,2.250223578741613,2.207278821454097,-3.0301649809070024,0.0997279877647319,0.0,0.0,60.481552104650945,-9.62329343330874,0.6305949561539974,3.9823203489674057,2.250223578741613,2.207278821454097,-3.0301649809070024,0.0,0.0,0.0997279877647319
scene-1077,CAM_FRONT_RIGHT,23,0,car,0.9024390578269958,14.685492813103139,-12.669406749640556,0.5824677776383342,4.586762109501517,2.0671234081455907,1.4569777536986246,-2.9170663688259233,-0.17660570013403842,0.06245686680469289,0.9050000000000001,14.685492813103139,-12.669406749640556,0.5824677776383342,4.586762109501517,2.0671234081455907,1.4569777536986246,-2.9170663688259233,0.06245686680469289,0.9050000000000001,-0.17660570013403842
scene-1077,CAM_FRONT_RIGHT,23,1,car,0.8672199249267578,12.987146111892589,-16.578975570491288,0.47506237077841473,4.118243216453763,1.9216092968404759,1.4999797541187672,-3.02109673406171,-0.1751511599292057,0.07034659820282413,0.8220000000000001,12.987146111892589,-16.578975570491288,0.47506237077841473,4.118243216453763,1.9216092968404759,1.4999797541187672,-3.02109673406171,0.07034659820282413,0.8220000000000001,-0.1751511599292057
scene-1077,CAM_FRONT_RIGHT,23,0,bus,0.921951174736023,35.88823368050459,-22.32747116026029,1.8540443638818576,9.305229380458226,3.092099653161661,4.246467778072616,-2.734203886386371,-0.08646769473232929,0.016748426738020912,2.0280000000000005,35.88823368050459,-22.32747116026029,1.8540443638818576,9.305229380458226,3.092099653161661,4.246467778072616,-2.734203886386371,0.016748426738020912,2.0280000000000005,-0.08646769473232929
scene-1077,CAM_BACK,23,0,car,0.8358974456787109,-31.159498818196376,-13.70184097898848,0.7871774746013854,5.012408012542668,2.2691316417037406,1.7238212053346922,2.9383699986981155,-0.07149059582243655,0.004450127877237852,0.08700000000000002,-31.159498818196376,-13.70184097898848,0.7871774746013854,5.012408012542668,2.2691316417037406,1.7238212053346922,2.9383699986981155,0.004450127877237852,0.08700000000000002,-0.07149059582243655
scene-1077,CAM_BACK_RIGHT,23,0,car,0.8128654956817627,-1.2323506024219342,-13.388384059823034,0.8230948966236677,2.715560102534882,1.645832580207637,1.1097898414307439,3.0971656157853755,-0.5686117367153332,0.16351010101010102,0.7770000000000004,-1.2323506024219342,-13.388384059823034,0.8230948966236677,2.715560102534882,1.645832580207637,1.1097898414307439,3.0971656157853755,0.16351010101010102,0.7770000000000004,-0.5686117367153332
scene-1077,CAM_BACK_RIGHT,23,1,car,0.6483516097068787,3.2041149869826286,-36.06675206271594,-0.7946290617816245,2.2475345629420724,1.6187489451482762,0.829234942731468,-2.8213964388387365,0.9277376999774214,0.0,0.0,3.2041149869826286,-36.06675206271594,-0.7946290617816245,2.2475345629420724,1.6187489451482762,0.829234942731468,-2.8213964388387365,0.0,0.0,0.9277376999774214
scene-1077,CAM_BACK_RIGHT,23,2,car,0.8552036285400391,-4.092423160284462,-13.331446898030126,0.7399130780903413,4.426579538332696,2.0067544823924273,1.568947477930669,2.9341135957406865,-0.2282596926330025,0.11612215909090909,1.6350000000000005,-4.092423160284462,-13.331446898030126,0.7399130780903413,4.426579538332696,2.0067544823924273,1.568947477930669,2.9341135957406865,0.11612215909090909,1.6350000000000005,-0.2282596926330025
scene-1077,CAM_FRONT,24,0,car,0.8827838897705078,22.86215937294596,0.374871316969239,0.9197676965017867,3.1319617772891597,1.9832441956661544,1.3937137139847087,3.1192562677079096,-0.31253394801563505,0.06497695852534562,0.5640000000000001,22.86215937294596,0.374871316969239,0.9197676965017867,3.1319617772891597,1.9832441956661544,1.3937137139847087,3.1192562677079096,0.06497695852534562,0.5640000000000001,-0.31253394801563505
scene-1077,CAM_FRONT,24,1,car,0.7229437232017517,33.104383422682275,-15.147065235160289,0.683010762256729,3.814447245568399,2.3523822182784144,1.3166334362477086,-3.071363888234503,-0.3545759208399517,0.013410931174089069,0.15900000000000006,33.104383422682275,-15.147065235160289,0.683010762256729,3.814447245568399,2.3523822182784144,1.3166334362477086,-3.071363888234503,0.013410931174089069,0.15900000000000006,-0.3545759208399517
scene-1077,CAM_FRONT,24,2,car,0.6952381134033203,49.147248551902216,-10.331464041339553,1.0721366460944808,3.7220555606667105,2.354430558577043,1.7946259660474913,-2.926405343978952,-0.39355071528249663,0.0016266266266266266,0.026000000000000006,49.147248551902216,-10.331464041339553,1.0721366460944808,3.7220555606667105,2.354430558577043,1.7946259660474913,-2.926405343978952,0.0016266266266266266,0.026000000000000006,-0.39355071528249663
scene-1077,CAM_FRONT_RIGHT,24,0,car,0.8987342119216919,4.05071636886752,-12.961715862674414,0.5014136474119022,5.125097593957511,2.185759610787196,1.5572602519011594,-2.947682218764276,-0.021511749076678965,0.10767602495543672,1.9330000000000007,4.05071636886752,-12.961715862674414,0.5014136474119022,5.125097593957511,2.185759610787196,1.5572602519011594,-2.947682218764276,0.10767602495543672,1.9330000000000007,-0.021511749076678965
scene-1077,CAM_FRONT_RIGHT,24,1,car,0.8241757750511169,31.251622177906366,-14.824498750227612,0.5583179389802461,3.0068062338975707,1.805807218011168,1.0939501032302494,-2.6771472473691236,-0.3652960104577727,0.03164983164983165,0.18800000000000003,31.251622177906366,-14.824498750227612,0.5583179389802461,3.0068062338975707,1.805807218011168,1.0939501032302494,-2.6771472473691236,0.03164983164983165,0.18800000000000003,-0.3652960104577727
scene-1077,CAM_FRONT_RIGHT,24,0,bus,0.8947368264198303,28.178128164061096,-22.564245034637278,1.5163885345667745,10.553658272016378,3.7386287621311816,4.335375858921079,-2.9783601467764895,0.2017459052087065,0.02247903893362428,3.791000000000001,28.178128164061096,-22.564245034637278,1.5163885345667745,10.553658272016378,3.7386287621311816,4.335375858921079,-2.9783601467764895,0.02247903893362428,3.791000000000001,0.2017459052087065
scene-1077,CAM_BACK,24,0,car,0.7299578189849854,-46.801384093046295,-10.146363548783539,1.178247510748379,4.292181531661711,3.2320604085395632,1.457125518845471,-2.967021373999693,-0.33268491654971877,0.004263565891472868,0.08800000000000002,-46.801384093046295,-10.146363548783539,1.178247510748379,4.292181531661711,3.2320604085395632,1.457125518845471,-2.967021373999693,0.004263565891472868,0.08800000000000002,-0.33268491654971877
scene-1077,CAM_BACK,24,1,car,0.8358974456787109,-41.6909645527778,-12.998826001093239,0.43529413268514877,3.720331965251713,3.5737419259489442,0.7621473798258723,2.2510128974619636,-0.21862912654906808,0.0016891891891891893,0.018000000000000006,-41.6909645527778,-12.998826001093239,0.43529413268514877,3.720331965251713,3.5737419259489442,0.7621473798258723,2.2510128974619636,0.0016891891891891893,0.018000000000000006,-0.21862912654906808
scene-1077,CAM_BACK,24,2,car,0.5704697966575623,-80.38412323085085,-10.040827019567075,-0.0549980647600683,2.4969707502538796,2.354251589154998,0.7990280636240499,0.9476111647395647,0.7427142929317276,0.0,0.0,-80.38412323085085,-10.040827019567075,-0.0549980647600683,2.4969707502538796,2.354251589154998,0.7990280636240499,0.9476111647395647,0.0,0.0,0.7427142929317276
scene-1077,CAM_BACK,24,3,car,0.8241757750511169,-15.226501718010233,-12.668312069256347,0.9580716609533764,4.519199761251364,2.7536813646633256,1.8615682739219763,2.2600233415635893,-0.2745024224594521,0.10434419381787803,2.4980000000000007,-15.226501718010233,-12.668312069256347,0.9580716609533764,4.519199761251364,2.7536813646633256,1.8615682739219763,2.2600233415635893,0.10434419381787803,2.4980000000000007,-0.2745024224594521
scene-1077,CAM_BACK_RIGHT,24,0,car,0.9024390578269958,-15.679281768984202,-17.300268510289953,0.3767648868138621,3.973032467127558,2.354848238590426,1.6782396334196685,-3.0334957192126817,-0.02702593639316664,0.042769607843137256,0.6980000000000002,-15.679281768984202,-17.300268510289953,0.3767648868138621,3.973032467127558,2.354848238590426,1.6782396334196685,-3.0334957192126817,0.042769607843137256,0.6980000000000002,-0.02702593639316664
scene-1077,CAM_BACK_RIGHT,24,1,car,0.8865247964859009,-1.0818601203623055,-17.147685442006306,0.5106017078343902,5.058612319166215,2.467006697519933,1.6358978621741807,3.0814456434965503,-0.17207805803353948,0.06553921568627451,1.3370000000000004,-1.0818601203623055,-17.147685442006306,0.5106017078343902,5.058612319166215,2.467006697519933,1.6358978621741807,3.0814456434965503,0.06553921568627451,1.3370000000000004,-0.17207805803353948
scene-1077,CAM_BACK_RIGHT,24,2,car,0.8787879347801208,-15.281586083548932,-13.76633427871752,0.39083317192433653,3.74884323071986,2.217933688212632,1.9045680942015966,-2.921794870745492,0.24706847108748775,0.04713565239881029,0.7290000000000001,-15.281586083548932,-13.76633427871752,0.39083317192433653,3.74884323071986,2.217933688212632,1.9045680942015966,-2.921794870745492,0.04713565239881029,0.7290000000000001,0.24706847108748775
scene-1077,CAM_BACK_RIGHT,24,3,car,0.8987342119216919,2.925374790281723,-12.708120564895616,0.3294564369092776,3.72505152584424,1.6817026027271318,1.3873260120958424,3.0138981840460204,0.10115231746780617,0.10765387235975471,0.9480000000000003,2.925374790281723,-12.708120564895616,0.3294564369092776,3.72505152584424,1.6817026027271318,1.3873260120958424,3.0138981840460204,0.10765387235975471,0.9480000000000003,0.10115231746780617
scene-1077,CAM_FRONT,25,0,car,0.8987342119216919,36.12385371746932,-10.64599007351522,0.951099396001318,3.650413115164021,2.000501770672157,1.574260090811426,-3.0267797284524156,-0.4910994000626918,0.0037162162162162164,0.04400000000000002,36.12385371746932,-10.64599007351522,0.951099396001318,3.650413115164021,2.000501770672157,1.574260090811426,-3.0267797284524156,0.0037162162162162164,0.04400000000000002,-0.4910994000626918
scene-1077,CAM_FRONT,25,1,car,0.8827838897705078,24.142456349846945,0.41375023075357065,0.9528281887693296,3.4498836851084747,2.1855027726469656,1.6489535726252138,3.1337421641595555,-0.34504745620008515,0.015959224598930483,0.19100000000000006,24.142456349846945,0.41375023075357065,0.9528281887693296,3.4498836851084747,2.1855027726469656,1.6489535726252138,3.1337421641595555,0.015959224598930483,0.19100000000000006,-0.34504745620008515
scene-1077,CAM_FRONT,25,2,car,0.507692277431488,55.94718776630908,-10.562826459197744,0.8766502118228643,3.946680277235309,2.3719166930316113,2.06104517656597,2.3810112563115515,-0.17324268243880514,0.0,0.0,55.94718776630908,-10.562826459197744,0.8766502118228643,3.946680277235309,2.3719166930316113,2.06104517656597,2.3810112563115515,0.0,0.0,-0.17324268243880514
scene-1077,CAM_FRONT_RIGHT,25,0,car,0.859649121761322,18.464917774173284,-14.68492127466612,0.7514266351904011,4.0643091840265715,1.8578982757914915,1.5206559268249027,-2.695367658653684,-0.2209929969150881,0.046812152332049634,0.547,18.464917774173284,-14.68492127466612,0.7514266351904011,4.0643091840265715,1.8578982757914915,1.5206559268249027,-2.695367658653684,0.046812152332049634,0.547,-0.2209929969150881
scene-1077,CAM_FRONT_RIGHT,25,0,bus,0.9179486632347107,20.938193199964115,-22.475418249744397,1.6863322399910141,11.26910797183135,3.729535437281829,4.3725824058018645,-2.922562400479441,0.1694817848131469,0.0279239416407558,5.137000000000001,20.938193199964115,-22.475418249744397,1.6863322399910141,11.26910797183135,3.729535437281829,4.3725824058018645,-2.922562400479441,0.0279239416407558,5.137000000000001,0.1694817848131469
scene-1077,CAM_BACK,25,0,car,0.7815700173377991,-27.387703991816032,-13.061512019159562,1.0612489611788445,4.662511175917825,2.1494631554017047,1.627700629154841,2.9941114189318925,-0.24843184841512178,0.03679078014184397,0.5810000000000001,-27.387703991816032,-13.061512019159562,1.0612489611788445,4.662511175917825,2.1494631554017047,1.627700629154841,2.9941114189318925,0.03679078014184397,0.5810000000000001,-0.24843184841512178
scene-1077,CAM_BACK,25,1,car,0.8160918951034546,-30.08621694571773,-17.321328501915183,0.8077317307636669,4.58371206970854,2.6473588961959837,1.9393121414199932,-3.006945990713051,0.15748227399212134,0.020418940327407147,0.4640000000000001,-30.08621694571773,-17.321328501915183,0.8077317307636669,4.58371206970854,2.6473588961959837,1.9393121414199932,-3.006945990713051,0.020418940327407147,0.4640000000000001,0.15748227399212134
scene-1077,CAM_BACK,25,2,car,0.5631399154663086,-53.98444916970136,-11.485236795827186,1.3827135832098294,4.976542436805856,3.2879966730565826,2.229500585729449,1.5434327928182967,-0.1512410642022215,0.0,0.0,-53.98444916970136,-11.485236795827186,1.3827135832098294,4.976542436805856,3.2879966730565826,2.229500585729449,1.5434327928182967,0.0,0.0,-0.1512410642022215
scene-1077,CAM_BACK_RIGHT,25,0,car,0.8865247964859009,-14.751278724465942,-16.766451840848365,0.7498486169856938,4.603955993368931,2.1237084413235756,1.4367828454892562,3.032500166368285,-0.12662508443214393,0.05464359656906241,0.7390000000000002,-14.751278724465942,-16.766451840848365,0.7498486169856938,4.603955993368931,2.1237084413235756,1.4367828454892562,3.032500166368285,0.05464359656906241,0.7390000000000002,-0.12662508443214393
scene-1077,CAM_BACK_RIGHT,25,1,car,0.604938268661499,-1.8988333380556397,-16.68019133554843,0.5978307901604056,3.798800370943866,2.517272923305255,2.0234325356748633,1.2590940813546527,0.1230074201971676,0.08352631578947368,1.5870000000000004,-1.8988333380556397,-16.68019133554843,0.5978307901604056,3.798800370943866,2.517272923305255,2.0234325356748633,1.2590940813546527,0.08352631578947368,1.5870000000000004,0.1230074201971676
scene-1077,CAM_BACK_RIGHT,25,2,car,0.9101123809814453,-7.103481801403958,-13.032766350126469,0.8315580714922641,4.669335896453944,2.1487412636215293,1.4624091584641636,3.0537672782944285,-0.18935940957089703,0.13049645390070921,1.9320000000000004,-7.103481801403958,-13.032766350126469,0.8315580714922641,4.669335896453944,2.1487412636215293,1.4624091584641636,3.0537672782944285,0.13049645390070921,1.9320000000000004,-0.18935940957089703
scene-1077,CAM_FRONT,26,0,car,0.7460317611694336,50.01290912935144,-13.138009049726698,0.9026225583782977,4.154133825038102,2.4095323356491463,2.164736274499578,-2.773782045348413,-0.049624016775366875,4.5093795093795094e-05,0.0010000000000000002,50.01290912935144,-13.138009049726698,0.9026225583782977,4.154133825038102,2.4095323356491463,2.164736274499578,-2.773782045348413,4.5093795093795094e-05,0.0010000000000000002,-0.049624016775366875
scene-1077,CAM_FRONT,26,1,car,0.8750000596046448,24.527789606764273,0.44985103561819156,0.802061402811276,3.5893408078995144,2.2574944019221217,1.7712994546758427,3.121605270997801,-0.029181428214214655,0.006508319914117016,0.09700000000000003,24.527789606764273,0.44985103561819156,0.802061402811276,3.5893408078995144,2.2574944019221217,1.7712994546758427,3.121605270997801,0.006508319914117016,0.09700000000000003,-0.029181428214214655
scene-1077,CAM_FRONT,26,2,car,0.8787879347801208,22.740640510767456,-11.324849344460342,0.6660709292962382,4.470710667137677,2.428333513492481,1.8710412584524418,-3.118555321663095,0.07580185335043099,0.023294346978557506,0.4780000000000001,22.740640510767456,-11.324849344460342,0.6660709292962382,4.470710667137677,2.428333513492481,1.8710412584524418,-3.118555321663095,0.023294346978557506,0.4780000000000001,0.07580185335043099
scene-1077,CAM_FRONT_RIGHT,26,0,car,0.7887788414955139,3.894051138759558,-15.631291423536236,0.776736077604825,4.025189685045269,2.419533252906527,1.5626934543782316,3.0604797256536265,-0.27329460597181576,0.09674479166666666,1.4860000000000002,3.894051138759558,-15.631291423536236,0.776736077604825,4.025189685045269,2.419533252906527,1.5626934543782316,3.0604797256536265,0.09674479166666666,1.4860000000000002,-0.27329460597181576
scene-1077,CAM_FRONT_RIGHT,26,1,car,0.9139785170555115,22.291958993572894,-11.289453116744747,0.9001330156880698,3.8258866352514005,2.1887213091572164,1.7262903946068917,-2.8470363006553523,-0.3069198202137713,0.03440754292147481,0.48900000000000016,22.291958993572894,-11.289453116744747,0.9001330156880698,3.8258866352514005,2.1887213091572164,1.7262903946068917,-2.8470363006553523,0.03440754292147481,0.48900000000000016,-0.3069198202137713
scene-1077,CAM_FRONT_RIGHT,26,0,bus,0.9452055096626282,13.83459286475923,-22.66739630257671,1.9054447322826142,11.759406523082651,3.1233152993657463,4.656492792271928,-3.025563271697176,0.1077874207274343,0.05358700836406361,9.213000000000003,13.83459286475923,-22.66739630257671,1.9054447322826142,11.759406523082651,3.1233152993657463,4.656492792271928,-3.025563271697176,0.05358700836406361,9.213000000000003,0.1077874207274343
scene-1077,CAM_BACK,26,0,car,0.5661016702651978,-38.19619900223353,-12.559549373598303,0.6908265702066604,2.087534942255555,0.65245851011246,2.148429505770607,1.686311538332652,0.4736885489611061,0.012633624878522837,0.03900000000000001,-38.19619900223353,-12.559549373598303,0.6908265702066604,2.087534942255555,0.65245851011246,2.148429505770607,1.686311538332652,0.012633624878522837,0.03900000000000001,0.4736885489611061
scene-1077,CAM_BACK,26,1,car,0.597484290599823,-61.09303788424216,-10.111294571899446,1.2943805608390768,2.4007927669714535,2.423521724451909,0.8880318476643599,1.663986611150091,-0.6342765059367599,0.0,0.0,-61.09303788424216,-10.111294571899446,1.2943805608390768,2.4007927669714535,2.423521724451909,0.8880318476643599,1.663986611150091,0.0,0.0,-0.6342765059367599
scene-1077,CAM_BACK,26,2,car,0.6800000071525574,-52.973080556945575,-28.206521835819363,0.4980029416765891,6.319197255195945,6.0422926885633785,1.5434870576599982,1.409335961909501,0.2836893325233212,0.0,0.0,-52.973080556945575,-28.206521835819363,0.4980029416765891,6.319197255195945,6.0422926885633785,1.5434870576599982,1.409335961909501,0.0,0.0,0.2836893325233212
scene-1077,CAM_BACK,26,3,car,0.597484290599823,-43.97677518790957,-16.119995484308834,0.8150311526825358,4.079745852007321,2.8921584843714987,1.4813940231826965,-2.956883137762554,0.011414874120871499,0.006896551724137931,0.12300000000000003,-43.97677518790957,-16.119995484308834,0.8150311526825358,4.079745852007321,2.8921584843714987,1.4813940231826965,-2.956883137762554,0.006896551724137931,0.12300000000000003,0.011414874120871499
scene-1077,CAM_BACK,26,4,car,0.7538461089134216,-19.901030871007368,-12.60708837471938,1.0258207840421467,5.0798895949184555,2.2909655879754194,1.5474529408275866,3.070807765969487,-0.2320935280391353,0.07240693378800796,1.2740000000000002,-19.901030871007368,-12.60708837471938,1.0258207840421467,5.0798895949184555,2.2909655879754194,1.5474529408275866,3.070807765969487,0.07240693378800796,1.2740000000000002,-0.2320935280391353
scene-1077,CAM_BACK,26,0,motorcycle,0.6012461185455322,-25.794587862376805,-23.020456984755405,0.6652579314227131,2.427730180444986,2.5265859307752194,2.5644674861320933,2.2094237619211117,0.3577333664128496,0.03346153846153846,0.522,-25.794587862376805,-23.020456984755405,0.6652579314227131,2.427730180444986,2.5265859307752194,2.5644674861320933,2.2094237619211117,0.03346153846153846,0.522,0.3577333664128496
scene-1077,CAM_BACK_RIGHT,26,0,car,0.5114504098892212,-25.3063044526597,-22.75493131653317,0.48694308050756363,1.7974978645197268,1.6981959426699391,2.6607211334514225,0.8628820027167697,0.7624348309313587,0.02795933188090051,0.23100000000000007,-25.3063044526597,-22.75493131653317,0.48694308050756363,1.7974978645197268,1.6981959426699391,2.6607211334514225,0.8628820027167697,0.02795933188090051,0.23100000000000007,0.7624348309313587
scene-1077,CAM_BACK_RIGHT,26,1,car,0.6012461185455322,3.1784567262205665,-15.413499198954009,0.5588678855812815,3.0632444047766576,1.8866656175850505,1.0754421667257181,3.0284575189955296,-0.29916971734331566,0.11838246643000463,0.7670000000000002,3.1784567262205665,-15.413499198954009,0.5588678855812815,3.0632444047766576,1.8866656175850505,1.0754421667257181,3.0284575189955296,0.11838246643000463,0.7670000000000002,-0.29916971734331566
scene-1077,CAM_FRONT,27,0,car,0.8439024686813354,26.533543627751776,0.44583925832784604,0.8675261526289254,3.3533900785551864,2.0276219689549952,1.6229323926903165,3.0947604124140784,-0.08027493927021734,0.0,0.0,26.533543627751776,0.44583925832784604,0.8675261526289254,3.3533900785551864,2.0276219689549952,1.6229323926903165,3.0947604124140784,0.0,0.0,-0.08027493927021734
scene-1077,CAM_FRONT,27,1,car,0.7697842121124268,29.33753185066933,-11.638727291071763,0.7838766710631078,3.771996711250136,2.296703631564206,1.9537242300927788,-2.8745220731480092,-0.24898797401407857,0.003318077803203661,0.05800000000000001,29.33753185066933,-11.638727291071763,0.7838766710631078,3.771996711250136,2.296703631564206,1.9537242300927788,-2.8745220731480092,0.003318077803203661,0.05800000000000001,-0.24898797401407857
scene-1077,CAM_FRONT,27,2,car,0.5816993117332458,46.712846337542835,-11.500484055705506,0.5871523358072109,3.2668995510921093,3.0486686001936967,0.9076490923999334,2.3782824075758926,-0.5782370641853387,0.0001122334455667789,0.0010000000000000002,46.712846337542835,-11.500484055705506,0.5871523358072109,3.2668995510921093,3.0486686001936967,0.9076490923999334,2.3782824075758926,0.0001122334455667789,0.0010000000000000002,-0.5782370641853387
scene-1077,CAM_FRONT,27,3,car,0.6521739363670349,60.88896884246479,-19.599439742571015,0.5377444058629842,4.143657751934391,2.7523591570951176,2.0030808343763518,2.4977396374212684,-0.03922391760699828,0.0,0.0,60.88896884246479,-19.599439742571015,0.5377444058629842,4.143657751934391,2.7523591570951176,2.0030808343763518,2.4977396374212684,0.0,0.0,-0.03922391760699828
scene-1077,CAM_FRONT_RIGHT,27,0,car,0.8048780560493469,55.736280506304404,-24.760765084283015,-0.6317114745559472,4.125294502369755,3.923056556419091,0.9617349367089527,2.2540246144662293,0.6836424614345935,0.0,0.0,55.736280506304404,-24.760765084283015,-0.6317114745559472,4.125294502369755,3.923056556419091,0.9617349367089527,2.2540246144662293,0.0,0.0,0.6836424614345935
scene-1077,CAM_FRONT_RIGHT,27,1,car,0.8787879347801208,18.84914037622695,-14.564785315357613,0.6202009312855754,3.824710851537729,1.850652662566251,1.347950585927764,-2.7617940662738993,-0.38562499993210597,0.06786703601108034,0.6370000000000002,18.84914037622695,-14.564785315357613,0.6202009312855754,3.824710851537729,1.850652662566251,1.347950585927764,-2.7617940662738993,0.06786703601108034,0.6370000000000002,-0.38562499993210597
scene-1077,CAM_FRONT_RIGHT,27,2,car,0.9064327478408813,10.09405327003267,-11.574823809442877,0.7657101335252992,4.742005531190368,2.5347401797305054,1.7031106151964779,-3.0477153877815235,-0.18140029740456876,0.1411764705882353,2.8200000000000007,10.09405327003267,-11.574823809442877,0.7657101335252992,4.742005531190368,2.5347401797305054,1.7031106151964779,-3.0477153877815235,0.1411764705882353,2.8200000000000007,-0.18140029740456876
scene-1077,CAM_FRONT_RIGHT,27,0,bus,0.9375000596046448,6.716362509613784,-23.51172122328348,1.783459931875894,11.97993218897167,3.225153137021106,3.952580610553131,3.1130873648373583,-0.29585270131208175,0.039153645833333334,6.014000000000001,6.716362509613784,-23.51172122328348,1.783459931875894,11.97993218897167,3.225153137021106,3.952580610553131,3.1130873648373583,0.039153645833333334,6.014000000000001,-0.29585270131208175
scene-1077,CAM_BACK,27,1,car,0.6995305418968201,-31.477163612544118,-12.174451216751386,0.6331816747862157,4.389809001269185,2.3755355220009187,2.022757148304035,-2.870400745226937,0.3952321005577041,0.005303030303030303,0.11200000000000003,-31.477163612544118,-12.174451216751386,0.6331816747862157,4.389809001269185,2.3755355220009187,2.022757148304035,-2.870400745226937,0.005303030303030303,0.11200000000000003,0.3952321005577041
scene-1077,CAM_BACK,27,0,motorcycle,0.5428571701049805,-53.80851369661226,-26.197423293910454,-0.6413585412165016,1.6066444783017602,1.701623362830837,1.7952173714538822,1.1994965588805127,1.3611833204836343,0.0,0.0,-53.80851369661226,-26.197423293910454,-0.6413585412165016,1.6066444783017602,1.701623362830837,1.7952173714538822,1.1994965588805127,0.0,0.0,1.3611833204836343
scene-1077,CAM_BACK_RIGHT,27,0,bus,0.9101123809814453,3.529603982550367,-23.70204354908152,1.7000043063787271,7.22258484234214,2.6375068156090506,3.7376663402589925,-3.0707377196667873,-0.4078557304035888,0.03901016401016401,2.7020000000000004,3.529603982550367,-23.70204354908152,1.7000043063787271,7.22258484234214,2.6375068156090506,3.7376663402589925,-3.0707377196667873,0.03901016401016401,2.7020000000000004,-0.4078557304035888
scene-1077,CAM_FRONT,28,0,car,0.7538461089134216,34.63064262516859,-12.127048095302278,0.8859144321167945,4.932790394374873,2.274968245467104,1.811004735627227,-3.1086579042407605,-0.15767700802209128,0.007147786650892241,0.14500000000000005,34.63064262516859,-12.127048095302278,0.8859144321167945,4.932790394374873,2.274968245467104,1.811004735627227,-3.1086579042407605,0.007147786650892241,0.14500000000000005,-0.15767700802209128
scene-1077,CAM_FRONT,28,1,car,0.5586206912994385,81.98528360765759,-16.39291719238237,-6.153445644696486,8.628393384724347,5.523103515305387,2.8507122115660684,3.0632977049720713,7.654791846214117,0.0,0.0,81.98528360765759,-16.39291719238237,-6.153445644696486,8.628393384724347,5.523103515305387,2.8507122115660684,3.0632977049720713,0.0,0.0,7.654791846214117
scene-1077,CAM_FRONT,28,2,car,0.8518518805503845,24.83773422467275,0.35856334917311206,0.957013477748889,3.206572428341289,1.981047964944257,1.5890215847807778,3.124221975876547,-0.13373982327220402,0.0,0.0,24.83773422467275,0.35856334917311206,0.957013477748889,3.206572428341289,1.981047964944257,1.5890215847807778,3.124221975876547,0.0,0.0,-0.13373982327220402
scene-1077,CAM_FRONT,28,3,car,0.6012461185455322,58.20867158320078,-12.210124633317491,0.5627828843226467,3.6977306214990833,2.407860875199832,1.6654672310545424,2.8399245698896323,0.2615805552469448,0.0,0.0,58.20867158320078,-12.210124633317491,0.5627828843226467,3.6977306214990833,2.407860875199832,1.6654672310545424,2.8399245698896323,0.0,0.0,0.2615805552469448
scene-1077,CAM_FRONT,28,4,car,0.675126850605011,50.551759936267544,-22.85134916392157,0.7640547001353262,7.685719813881882,4.934504120357546,2.4501402510379013,2.737293808759593,0.07702853506761498,0.003169891333156639,0.29900000000000004,50.551759936267544,-22.85134916392157,0.7640547001353262,7.685719813881882,4.934504120357546,2.4501402510379013,2.737293808759593,0.003169891333156639,0.29900000000000004,0.07702853506761498
scene-1077,CAM_FRONT,28,5,car,0.6246334314346313,69.04968221167294,-17.15730982311328,1.1375368038894975,3.067884431929066,1.9293003703663771,1.4872634036445094,1.7003991992671756,-0.42502014970089075,0.0,0.0,69.04968221167294,-17.15730982311328,1.1375368038894975,3.067884431929066,1.9293003703663771,1.4872634036445094,1.7003991992671756,0.0,0.0,-0.42502014970089075
scene-1077,CAM_FRONT_RIGHT,28,0,car,0.9139785170555115,6.926963951970876,-14.838711733673547,0.47086832432111225,4.935261936428884,2.114856627447759,1.5231355127209563,-2.8025274446443964,-0.11387385950078,0.11396177518626498,1.7590000000000003,6.926963951970876,-14.838711733673547,0.47086832432111225,4.935261936428884,2.114856627447759,1.5231355127209563,-2.8025274446443964,0.11396177518626498,1.7590000000000003,-0.11387385950078
scene-1077,CAM_FRONT_RIGHT,28,1,car,0.8439024686813354,16.66391082640327,-11.542104102226642,0.8492948308335664,4.108369455415271,2.3363080062775214,1.993426351839783,-2.768226319354518,-0.19038233650470882,0.04029692470837752,0.7600000000000001,16.66391082640327,-11.542104102226642,0.8492948308335664,4.108369455415271,2.3363080062775214,1.993426351839783,-2.768226319354518,0.04029692470837752,0.7600000000000001,-0.19038233650470882
scene-1077,CAM_FRONT_RIGHT,28,2,car,0.5857605338096619,52.844913551699776,-24.019734908286317,0.3915376523843336,2.920464329515969,2.918214183203439,1.5988593148191648,1.624067478980225,-0.10017780822624656,0.0,0.0,52.844913551699776,-24.019734908286317,0.3915376523843336,2.920464329515969,2.918214183203439,1.5988593148191648,1.624067478980225,0.0,0.0,-0.10017780822624656
scene-1077,CAM_FRONT_RIGHT,28,0,bus,0.8128654956817627,2.886083172492193,-23.014029051733356,1.2144126089456777,5.857563603742014,1.9165309609749457,5.060714699523483,-2.8286183204742477,0.7819331384143302,0.035175176225708836,2.011,2.886083172492193,-23.014029051733356,1.2144126089456777,5.857563603742014,1.9165309609749457,5.060714699523483,-2.8286183204742477,0.035175176225708836,2.011,0.7819331384143302
scene-1077,CAM_BACK,28,0,car,0.6167664527893066,-41.82734677217686,-11.522530714251205,0.936889573010626,2.827854562073649,2.835787440087344,0.8484928670438749,1.8133430836876598,-0.4778985191655074,0.0031887755102040817,0.020000000000000004,-41.82734677217686,-11.522530714251205,0.936889573010626,2.827854562073649,2.835787440087344,0.8484928670438749,1.8133430836876598,0.0031887755102040817,0.020000000000000004,-0.4778985191655074
scene-1077,CAM_BACK,28,1,car,0.8400000333786011,-39.35064911503854,-26.872909079776576,0.3360961584141624,8.079239136340881,4.917008893102434,3.2521808352407215,2.865847594027832,0.8613388136304843,0.008604564160119716,1.1270000000000004,-39.35064911503854,-26.872909079776576,0.3360961584141624,8.079239136340881,4.917008893102434,3.2521808352407215,2.865847594027832,0.008604564160119716,1.1270000000000004,0.8613388136304843
scene-1077,CAM_BACK_RIGHT,28,0,car,0.8632478713989258,-1.2824289319042212,-11.780708937866558,0.7295368007817785,4.778995241156784,2.8768292898197974,1.8564373708597592,3.0335353887556513,-0.1302293006164863,0.1301043557168784,3.4410000000000007,-1.2824289319042212,-11.780708937866558,0.7295368007817785,4.778995241156784,2.8768292898197974,1.8564373708597592,3.0335353887556513,0.1301043557168784,3.4410000000000007,-0.1302293006164863
scene-1077,CAM_BACK_RIGHT,28,0,bus,0.7655677795410156,0.007837787207420847,-23.149539013260004,1.7630596588872554,12.148535693256946,3.3056665384234627,4.413796595154679,3.0738662108870374,-0.05658127603235852,0.04173212212280582,7.332000000000002,0.007837787207420847,-23.149539013260004,1.7630596588872554,12.148535693256946,3.3056665384234627,4.413796595154679,3.0738662108870374,0.04173212212280582,7.332000000000002,-0.05658127603235852
scene-1077,CAM_FRONT,29,0,car,0.7928802371025085,46.050741725929775,-12.36985491156642,0.4271333608120481,4.368926958325403,2.7200182111397533,2.2920045241942546,2.80760743385222,0.4775331516589195,0.0,0.0,46.050741725929775,-12.36985491156642,0.4271333608120481,4.368926958325403,2.7200182111397533,2.2920045241942546,2.80760743385222,0.0,0.0,0.4775331516589195
scene-1077,CAM_FRONT,29,1,car,0.8827838897705078,25.443039158276164,0.1647249322726956,0.8384263105529194,3.4770757462989508,2.1261664119530295,1.6651217028560021,3.132292170206676,0.03164183648360219,0.0028011204481792717,0.03500000000000001,25.443039158276164,0.1647249322726956,0.8384263105529194,3.4770757462989508,2.1261664119530295,1.6651217028560021,3.132292170206676,0.0028011204481792717,0.03500000000000001,0.03164183648360219
scene-1077,CAM_FRONT,29,2,car,0.7697842121124268,22.196117917059436,-11.936250989244538,0.5411000793595498,3.6749226241748225,2.3017101296525944,1.7911659509365905,3.007829217947223,0.13089910842907315,0.006201854027940984,0.09500000000000001,22.196117917059436,-11.936250989244538,0.5411000793595498,3.6749226241748225,2.3017101296525944,1.7911659509365905,3.007829217947223,0.006201854027940984,0.09500000000000001,0.13089910842907315
scene-1077,CAM_FRONT,29,3,car,0.6132930517196655,67.16464168054054,-13.739982224650799,0.4842826712786643,4.770443441585542,2.9698948958034332,2.3907625994770947,2.927332323129082,0.44163833778948813,0.0,0.0,67.16464168054054,-13.739982224650799,0.4842826712786643,4.770443441585542,2.9698948958034332,2.3907625994770947,2.927332323129082,0.0,0.0,0.44163833778948813
scene-1077,CAM_FRONT,29,4,car,0.6289855241775513,50.2716381416972,-15.886111772487089,0.9307250348475675,3.1951214652837088,1.9532586262176892,1.4778008488413912,1.9245940307345906,-0.48249211449906126,0.0,0.0,50.2716381416972,-15.886111772487089,0.9307250348475675,3.1951214652837088,1.9532586262176892,1.4778008488413912,1.9245940307345906,0.0,0.0,-0.48249211449906126
scene-1077,CAM_FRONT_RIGHT,29,0,car,0.8048780560493469,4.121949897993214,-11.830494193366752,0.5212474752617696,5.496436928594218,2.6983287742486795,2.256927390975571,-3.075031221527038,0.34266711386653415,0.1110525545308154,3.793000000000001,4.121949897993214,-11.830494193366752,0.5212474752617696,5.496436928594218,2.6983287742486795,2.256927390975571,-3.075031221527038,0.1110525545308154,3.793000000000001,0.34266711386653415
scene-1077,CAM_FRONT_RIGHT,29,1,car,0.7655677795410156,44.88611426645966,-30.134530124002595,-0.23107149886598932,5.782834716121879,3.527142742019606,1.833092678163512,-2.7912162578160595,0.5864823074759435,0.009195402298850575,0.3360000000000001,44.88611426645966,-30.134530124002595,-0.23107149886598932,5.782834716121879,3.527142742019606,1.833092678163512,-2.7912162578160595,0.009195402298850575,0.3360000000000001,0.5864823074759435
scene-1077,CAM_FRONT_RIGHT,29,2,car,0.8476190567016602,21.387171216627106,-11.964816115146332,0.7485110323486626,4.164097458439034,2.102745145938991,1.826332140185717,-3.013066865281909,-0.08800407447084613,0.014109347442680775,0.22400000000000003,21.387171216627106,-11.964816115146332,0.7485110323486626,4.164097458439034,2.102745145938991,1.826332140185717,-3.013066865281909,0.014109347442680775,0.22400000000000003,-0.08800407447084613
scene-1077,CAM_BACK,29,0,car,0.6483516097068787,-40.38569911848569,-8.069900694846272,1.4243447581832605,2.626216700507861,2.2657456046339775,0.8826661157053652,-2.558736703608838,-0.8854190186842308,0.017279821627647716,0.09300000000000003,-40.38569911848569,-8.069900694846272,1.4243447581832605,2.626216700507861,2.2657456046339775,0.8826661157053652,-2.558736703608838,0.017279821627647716,0.09300000000000003,-0.8854190186842308
scene-1077,CAM_BACK,29,1,car,0.5936508178710938,-58.82433167660709,-7.09653876238728,1.946125652500015,2.557041334276332,2.4888887849891717,0.6838613612594266,1.815495434523435,-1.3294664352644667,0.0,0.0,-58.82433167660709,-7.09653876238728,1.946125652500015,2.557041334276332,2.4888887849891717,0.6838613612594266,1.815495434523435,0.0,0.0,-1.3294664352644667
scene-1077,CAM_BACK,29,2,car,0.8160918951034546,-13.980379945772968,-11.377749967945643,0.8242078895104978,5.464188762341756,2.938868615371634,1.9099185907455172,2.9391836670193405,-0.08166268000276,0.10905791123576968,3.3050000000000006,-13.980379945772968,-11.377749967945643,0.8242078895104978,5.464188762341756,2.938868615371634,1.9099185907455172,2.9391836670193405,0.10905791123576968,3.3050000000000006,-0.08166268000276
scene-1077,CAM_BACK,29,3,car,0.8439024686813354,-31.33059007727203,-12.826717609178715,1.7357935065531163,4.9237168951176855,3.04961526889577,1.8742944501053445,-3.015731892091397,-0.8304188056188675,0.01811672037235947,0.5060000000000001,-31.33059007727203,-12.826717609178715,1.7357935065531163,4.9237168951176855,3.04961526889577,1.8742944501053445,-3.015731892091397,0.01811672037235947,0.5060000000000001,-0.8304188056188675
scene-1077,CAM_BACK,29,4,car,0.604938268661499,-53.67069174320771,-8.496738591576198,1.2147706611236693,1.8383218949585007,1.169644113535405,1.7359148655744985,1.5221393804275791,-0.12906220218285558,0.0,0.0,-53.67069174320771,-8.496738591576198,1.2147706611236693,1.8383218949585007,1.169644113535405,1.7359148655744985,1.5221393804275791,0.0,0.0,-0.12906220218285558
scene-1077,CAM_BACK_RIGHT,29,0,car,0.8358974456787109,-13.95070947412824,-11.504042994582178,0.1958707631702492,5.0115192270864615,2.9212451664010572,2.2026693762264453,-2.6691048044844896,0.759064531265262,0.047899686520376177,1.5280000000000005,-13.95070947412824,-11.504042994582178,0.1958707631702492,5.0115192270864615,2.9212451664010572,2.2026693762264453,-2.6691048044844896,0.047899686520376177,1.5280000000000005,0.759064531265262
scene-1077,CAM_BACK_RIGHT,29,1,car,0.5540069937705994,2.634309498477049,-11.851153272009393,0.26885718827117583,2.5439021369279615,1.716302682295181,1.1159535762457438,1.3359493637522029,0.1215859637585564,0.09946524064171124,0.4650000000000001,2.634309498477049,-11.851153272009393,0.26885718827117583,2.5439021369279615,1.716302682295181,1.1159535762457438,1.3359493637522029,0.09946524064171124,0.4650000000000001,0.1215859637585564
scene-1077,CAM_BACK_RIGHT,29,2,car,0.8865247964859009,-6.118501109691675,-14.663135994513564,0.6213569349641568,4.610863541787446,2.115191181168788,1.4527559584056782,2.9645210018257155,-0.11158026792180964,0.1285024154589372,1.8620000000000005,-6.118501109691675,-14.663135994513564,0.6213569349641568,4.610863541787446,2.115191181168788,1.4527559584056782,2.9645210018257155,0.1285024154589372,1.8620000000000005,-0.11158026792180964
scene-1077,CAM_BACK_RIGHT,29,0,bus,0.8904109597206116,-7.699288791212616,-23.097741389014363,2.131180214251414,11.906808622509871,3.329171174786932,4.2125370103810935,3.093574975375382,-0.4796448721792297,0.040494985873137136,6.679000000000001,-7.699288791212616,-23.097741389014363,2.131180214251414,11.906808622509871,3.329171174786932,4.2125370103810935,3.093574975375382,0.040494985873137136,6.679000000000001,-0.4796448721792297
scene-1077,CAM_FRONT,30,0,car,0.8787879347801208,24.60603692119325,0.08025331315837254,0.8368570887577049,3.4130807801591203,2.163475212841257,1.6167045184005868,3.101374082005339,-0.09773470059203371,0.004762700534759358,0.057000000000000016,24.60603692119325,0.08025331315837254,0.8368570887577049,3.4130807801591203,2.163475212841257,1.6167045184005868,3.101374082005339,0.004762700534759358,0.057000000000000016,-0.09773470059203371
scene-1077,CAM_FRONT,30,1,car,0.827957034111023,28.544659809254455,-10.790732757408662,0.7803031100718103,3.621699663287316,2.20828854049822,1.9122595292228324,3.1288827045480443,-0.10194744099567243,0.01608187134502924,0.24200000000000005,28.544659809254455,-10.790732757408662,0.7803031100718103,3.621699663287316,2.20828854049822,1.9122595292228324,3.1288827045480443,0.01608187134502924,0.24200000000000005,-0.10194744099567243
scene-1077,CAM_FRONT,30,2,car,0.7968254089355469,52.2568368236375,-13.193345717803739,0.3777558439174813,3.973089280012715,2.3030438066339274,1.828126893779511,3.0156240409740933,0.30629819616723575,0.0,0.0,52.2568368236375,-13.193345717803739,0.3777558439174813,3.973089280012715,2.3030438066339274,1.828126893779511,3.0156240409740933,0.0,0.0,0.30629819616723575
scene-1077,CAM_FRONT_RIGHT,30,0,car,0.6640419960021973,31.615867145398152,-34.756539554679904,-0.3647700172159494,4.862123861132504,3.0289672745578926,2.261626150856411,-2.752119737129965,1.1648722047352194,0.0,0.0,31.615867145398152,-34.756539554679904,-0.3647700172159494,4.862123861132504,3.0289672745578926,2.261626150856411,-2.752119737129965,0.0,0.0,1.1648722047352194
scene-1077,CAM_FRONT_RIGHT,30,1,car,0.6213017702102661,64.22350263041058,-29.92452432892137,-0.4216979281998148,4.028199378803144,1.4815192066108267,2.9565643081034363,-2.390682673539591,1.5871958575029215,0.0,0.0,64.22350263041058,-29.92452432892137,-0.4216979281998148,4.028199378803144,1.4815192066108267,2.9565643081034363,-2.390682673539591,0.0,0.0,1.5871958575029215
scene-1077,CAM_FRONT_RIGHT,30,2,car,0.7500000596046448,8.262984302624007,-11.482658272718046,0.8238028995838028,4.123667723769337,2.29167969492536,1.9235032854319958,-2.668979083023506,-0.14472649333135168,0.12596974940001116,2.2570000000000006,8.262984302624007,-11.482658272718046,0.8238028995838028,4.123667723769337,2.29167969492536,1.9235032854319958,-2.668979083023506,0.12596974940001116,2.2570000000000006,-0.14472649333135168
scene-1077,CAM_BACK,30,0,car,0.8358974456787109,-28.80637851584289,-8.571166822163503,1.4839404717526041,1.9008704295639873,1.4117067357815642,0.6216963120754904,1.4726344809960314,-1.0797221165113677,0.017543859649122806,0.028000000000000004,-28.80637851584289,-8.571166822163503,1.4839404717526041,1.9008704295639873,1.4117067357815642,0.6216963120754904,1.4726344809960314,0.017543859649122806,0.028000000000000004,-1.0797221165113677
scene-1077,CAM_BACK,30,1,car,0.5540069937705994,-24.25782960192416,-24.367622547529717,-0.14203363893679177,1.0710710562764802,0.4991919116445658,1.2474621966496504,1.659907851172157,0.6914022655619023,0.007575757575757576,0.005000000000000001,-24.25782960192416,-24.367622547529717,-0.14203363893679177,1.0710710562764802,0.4991919116445658,1.2474621966496504,1.659907851172157,0.007575757575757576,0.005000000000000001,0.6914022655619023
scene-1077,CAM_BACK,30,2,car,0.8947368264198303,-25.93665620790413,-10.93591471752405,0.8775363832301059,4.787526661061925,2.58768241039828,1.6908461273915123,3.008650583498716,0.02869909415812466,0.022577300150829562,0.4790000000000001,-25.93665620790413,-10.93591471752405,0.8775363832301059,4.787526661061925,2.58768241039828,1.6908461273915123,3.008650583498716,0.022577300150829562,0.4790000000000001,0.02869909415812466
scene-1077,CAM_BACK,30,3,car,0.8904109597206116,-19.7272672023268,-14.519642163275659,1.0571362468930627,5.1880343431336335,2.2313777394215677,1.5746479963447768,2.989073268629533,-0.34634303308918934,0.061571241258741256,1.1270000000000002,-19.7272672023268,-14.519642163275659,1.0571362468930627,5.1880343431336335,2.2313777394215677,1.5746479963447768,2.989073268629533,0.061571241258741256,1.1270000000000002,-0.34634303308918934
scene-1077,CAM_BACK_RIGHT,30,0,car,0.8202247023582458,-7.659493572005262,-10.869727386325524,0.8945781340290452,4.347530965387675,1.4492531951875112,1.7944309764259148,2.8586949163935276,-0.0809318744652272,0.06598375784422296,0.7150000000000001,-7.659493572005262,-10.869727386325524,0.8945781340290452,4.347530965387675,1.4492531951875112,1.7944309764259148,2.8586949163935276,0.06598375784422296,0.7150000000000001,-0.0809318744652272
scene-1077,CAM_BACK_RIGHT,30,1,car,0.7655677795410156,-17.31652141484233,-14.348534614965846,0.42623693230601445,2.22733875265218,2.2004805506785274,0.6157157338140231,2.8319126442635363,-0.1821518331812142,0.10330578512396695,0.3000000000000001,-17.31652141484233,-14.348534614965846,0.42623693230601445,2.22733875265218,2.2004805506785274,0.6157157338140231,2.8319126442635363,0.10330578512396695,0.3000000000000001,-0.1821518331812142
scene-1077,CAM_BACK_RIGHT,30,0,bus,0.8048780560493469,-14.633608241031075,-22.822145776343685,2.2842020944344523,11.64085017915189,3.9965047745880256,5.171823720784661,3.035066527017309,0.050717616843269475,0.035543766578249335,8.576000000000002,-14.633608241031075,-22.822145776343685,2.2842020944344523,11.64085017915189,3.9965047745880256,5.171823720784661,3.035066527017309,0.035543766578249335,8.576000000000002,0.050717616843269475
scene-1077,CAM_FRONT,31,0,car,0.8672199249267578,42.0739318958806,-14.182255415553946,0.5602090879859066,4.401915272278821,2.5117450154029353,1.7998688637565519,2.5742023578315565,0.014753042170796427,0.0,0.0,42.0739318958806,-14.182255415553946,0.5602090879859066,4.401915272278821,2.5117450154029353,1.7998688637565519,2.5742023578315565,0.0,0.0,0.014753042170796427
scene-1077,CAM_FRONT,31,1,car,0.8750000596046448,22.318102129784695,-0.11622949717204584,0.9190846002939558,3.437693794181932,2.0555495991125827,1.6202334208567313,3.0495716848425034,-0.06745791884298424,0.056022408963585436,0.6400000000000002,22.318102129784695,-0.11622949717204584,0.9190846002939558,3.437693794181932,2.0555495991125827,1.6202334208567313,3.0495716848425034,0.056022408963585436,0.6400000000000002,-0.06745791884298424
scene-1077,CAM_FRONT,31,2,car,0.7037037014961243,60.731646617914365,-13.760956477953917,0.9638687772474966,3.878982221481312,2.463505236405368,2.07895273396141,1.051966135679873,-0.2210064313296426,0.0,0.0,60.731646617914365,-13.760956477953917,0.9638687772474966,3.878982221481312,2.463505236405368,2.07895273396141,1.051966135679873,0.0,0.0,-0.2210064313296426
scene-1077,CAM_FRONT,31,3,car,0.8400000333786011,37.13046465665663,-20.306012231950113,0.5125430914591809,5.589118680685985,2.6933734640064273,2.212740488706564,2.978863263995993,0.2682915872794007,0.006012506012506013,0.20000000000000007,37.13046465665663,-20.306012231950113,0.5125430914591809,5.589118680685985,2.6933734640064273,2.212740488706564,2.978863263995993,0.006012506012506013,0.20000000000000007,0.2682915872794007
scene-1077,CAM_FRONT_RIGHT,31,0,car,0.8787879347801208,17.567357603228146,-12.028010677274894,0.7450154560486025,3.535559161881414,2.033718080649301,1.6952836974375145,-2.9548096268287707,-0.3012911583704947,0.04747899159663865,0.5650000000000001,17.567357603228146,-12.028010677274894,0.7450154560486025,3.535559161881414,2.033718080649301,1.6952836974375145,-2.9548096268287707,0.04747899159663865,0.5650000000000001,-0.3012911583704947
scene-1077,CAM_FRONT_RIGHT,31,1,car,0.7387754917144775,3.042363012844479,-18.78995246072006,0.44432977778026095,4.702775803708449,2.1887173413393874,1.6336880395673983,-2.8008600100682783,-0.05989343517017631,0.08794729206963249,1.4550000000000003,3.042363012844479,-18.78995246072006,0.44432977778026095,4.702775803708449,2.1887173413393874,1.6336880395673983,-2.8008600100682783,0.08794729206963249,1.4550000000000003,-0.05989343517017631
scene-1077,CAM_FRONT_RIGHT,31,2,car,0.8358974456787109,36.026216985043725,-19.262596162749908,0.7487481158142354,3.508765295892733,2.046218778534925,1.7905400392371071,-3.0252892079504785,-0.19112282223366095,0.004920634920634921,0.06200000000000002,36.026216985043725,-19.262596162749908,0.7487481158142354,3.508765295892733,2.046218778534925,1.7905400392371071,-3.0252892079504785,0.004920634920634921,0.06200000000000002,-0.19112282223366095
scene-1077,CAM_BACK,31,0,car,0.7064220309257507,-62.04447856203194,-26.366041453887007,-0.056753903591021615,8.204818850906939,5.238953258048451,3.700106540767406,-3.133878006520832,1.7717457311227043,0.0,0.0,-62.04447856203194,-26.366041453887007,-0.056753903591021615,8.204818850906939,5.238953258048451,3.700106540767406,-3.133878006520832,0.0,0.0,1.7717457311227043
scene-1077,CAM_BACK,31,1,car,0.7730495929718018,-38.65168690121947,-10.833056217522575,0.8422728585604404,4.377925188574551,1.9889392127515144,1.5700506870926407,3.0386825677744325,-0.30190725176663014,0.0029829545454545456,0.04200000000000001,-38.65168690121947,-10.833056217522575,0.8422728585604404,4.377925188574551,1.9889392127515144,1.5700506870926407,3.0386825677744325,0.0029829545454545456,0.04200000000000001,-0.30190725176663014
scene-1077,CAM_BACK,31,2,car,0.7460317611694336,-29.930139771812282,-16.009334718684638,0.9897262122638126,5.695818841771278,3.4584031166958233,2.699174697688832,2.347552862791317,0.047339202071325914,0.01028497168848046,0.5540000000000002,-29.930139771812282,-16.009334718684638,0.9897262122638126,5.695818841771278,3.4584031166958233,2.699174697688832,2.347552862791317,0.01028497168848046,0.5540000000000002,0.047339202071325914
scene-1077,CAM_BACK,31,0,bus,0.8439024686813354,-25.08368729285242,-22.848610547064972,1.9488826673342463,9.28713070164849,3.326238919108338,4.707167071335568,2.682597412922318,0.06795834800120115,0.022018399506388526,3.1760000000000006,-25.08368729285242,-22.848610547064972,1.9488826673342463,9.28713070164849,3.326238919108338,4.707167071335568,2.682597412922318,0.022018399506388526,3.1760000000000006,0.06795834800120115
scene-1077,CAM_BACK_RIGHT,31,0,car,0.6559139490127563,2.1914082303678275,-18.78073756049291,0.4717577839352176,5.6001088651180275,2.4156835025667753,1.6575391866640494,3.0037569708909624,-0.001166210126813505,0.10302871148459383,2.3540000000000005,2.1914082303678275,-18.78073756049291,0.4717577839352176,5.6001088651180275,2.4156835025667753,1.6575391866640494,3.0037569708909624,0.10302871148459383,2.3540000000000005,-0.001166210126813505
scene-1077,CAM_BACK_RIGHT,31,1,car,0.6521739363670349,-4.408115959122876,-11.56923320287005,0.5573840190726572,4.595536805178317,2.549579373187095,1.1774733833307007,2.9727267568847413,-0.27990409372658176,0.10094202898550725,1.3930000000000002,-4.408115959122876,-11.56923320287005,0.5573840190726572,4.595536805178317,2.549579373187095,1.1774733833307007,2.9727267568847413,0.10094202898550725,1.3930000000000002,-0.27990409372658176
scene-1077,CAM_BACK_RIGHT,31,0,bus,0.9101123809814453,-22.566020401652462,-22.84696000309951,2.0710788334536057,12.942845588587263,3.4617263841411017,3.871166885732917,3.131162400804655,-0.5010798534682355,0.02545361615129057,4.482000000000001,-22.566020401652462,-22.84696000309951,2.0710788334536057,12.942845588587263,3.4617263841411017,3.871166885732917,3.131162400804655,0.02545361615129057,4.482000000000001,-0.5010798534682355
scene-1077,CAM_FRONT,32,0,car,0.8904109597206116,24.528984388903357,-0.15362249200620853,0.7141773325048012,3.6166403712669997,2.1667726707036126,1.716123352994822,3.0412109556470526,-0.08437112163410676,0.0074272133095662505,0.10000000000000002,24.528984388903357,-0.15362249200620853,0.7141773325048012,3.6166403712669997,2.1667726707036126,1.716123352994822,3.0412109556470526,0.0074272133095662505,0.10000000000000002,-0.08437112163410676
scene-1077,CAM_FRONT,32,1,car,0.8439024686813354,26.246350897440543,-13.133863813443336,0.5313450413674716,4.7351643092107345,2.1455533277420935,1.6594887955716735,2.9410112621532654,-0.014132949299103137,0.03468621491149651,0.5820000000000001,26.246350897440543,-13.133863813443336,0.5313450413674716,4.7351643092107345,2.1455533277420935,1.6594887955716735,2.9410112621532654,0.03468621491149651,0.5820000000000001,-0.014132949299103137
scene-1077,CAM_FRONT,32,2,car,0.7064220309257507,47.03506946962434,-13.889983464760103,0.796286292591316,3.501148460783284,2.18836227797323,1.7876722529471885,3.0508819825451114,-0.2528705815191805,0.005627705627705628,0.07800000000000003,47.03506946962434,-13.889983464760103,0.796286292591316,3.501148460783284,2.18836227797323,1.7876722529471885,3.0508819825451114,0.005627705627705628,0.07800000000000003,-0.2528705815191805
scene-1077,CAM_FRONT,32,3,car,0.719298243522644,73.61558536101218,-31.770561600490872,-0.5713838772721455,5.617274819196325,5.479937995327175,2.091399019933677,2.7788734955728405,1.1565474437308358,0.0,0.0,73.61558536101218,-31.770561600490872,-0.5713838772721455,5.617274819196325,5.479937995327175,2.091399019933677,2.7788734955728405,0.0,0.0,1.1565474437308358
scene-1077,CAM_FRONT_RIGHT,32,0,car,0.8904109597206116,23.113434560748864,-19.60798316722451,0.9225772206734905,4.404582108501003,2.5324687068550986,1.5230568841520677,-3.072443109224952,-0.3468440857568804,0.016606060606060607,0.2740000000000001,23.113434560748864,-19.60798316722451,0.9225772206734905,4.404582108501003,2.5324687068550986,1.5230568841520677,-3.072443109224952,0.016606060606060607,0.2740000000000001,-0.3468440857568804
scene-1077,CAM_FRONT_RIGHT,32,1,car,0.8202247023582458,4.882129930908059,-11.837362359744212,0.7094153437474199,4.238826745403582,1.9443643449167194,1.7300823952578421,-3.046779858435961,-0.022250916614867222,0.10828541943093027,1.4690000000000003,4.882129930908059,-11.837362359744212,0.7094153437474199,4.238826745403582,1.9443643449167194,1.7300823952578421,-3.046779858435961,0.10828541943093027,1.4690000000000003,-0.022250916614867222
scene-1077,CAM_FRONT_RIGHT,32,2,car,0.6404494643211365,34.17161657580275,-15.604323977397717,0.587906664005771,0.6507524536833564,0.581170828666508,2.347566098895798,-2.4703925593529346,0.40296639012466884,0.015527950310559006,0.015000000000000003,34.17161657580275,-15.604323977397717,0.587906664005771,0.6507524536833564,0.581170828666508,2.347566098895798,-2.4703925593529346,0.015527950310559006,0.015000000000000003,0.40296639012466884
scene-1077,CAM_FRONT_RIGHT,32,3,car,0.8904109597206116,26.059382122322106,-13.392331665603017,0.6453496508580474,4.308922836755379,2.0407291101988534,1.6454253012852078,3.0918426087508815,0.0220483754750167,0.03728197674418605,0.5130000000000001,26.059382122322106,-13.392331665603017,0.6453496508580474,4.308922836755379,2.0407291101988534,1.6454253012852078,3.0918426087508815,0.03728197674418605,0.5130000000000001,0.0220483754750167
scene-1077,CAM_FRONT_RIGHT,32,4,car,0.6995305418968201,7.872565535428709,-11.852017243833258,0.8371325867470445,2.6741964571294634,1.6410033141808107,1.1527768094367996,-3.1195981337180942,-0.4172777362250024,0.0763888888888889,0.39600000000000013,7.872565535428709,-11.852017243833258,0.8371325867470445,2.6741964571294634,1.6410033141808107,1.1527768094367996,-3.1195981337180942,0.0763888888888889,0.39600000000000013,-0.4172777362250024
scene-1077,CAM_BACK,32,0,car,0.6908212304115295,-29.884106171819074,-9.682495396944182,1.1541366967293043,2.578223590398256,1.9457527104152739,0.906391529807507,2.6613831006512787,-0.6988350401209915,0.008771929824561403,0.039,-29.884106171819074,-9.682495396944182,1.1541366967293043,2.578223590398256,1.9457527104152739,0.906391529807507,2.6613831006512787,0.008771929824561403,0.039,-0.6988350401209915
scene-1077,CAM_BACK,32,1,car,0.7142857313156128,-49.15825072526365,-10.124145496169065,1.1875766153826075,4.002507370398476,2.4987008279970286,2.088586057622366,3.1347826970963344,-0.016369592020719637,0.004333333333333333,0.09100000000000001,-49.15825072526365,-10.124145496169065,1.1875766153826075,4.002507370398476,2.4987008279970286,2.088586057622366,3.1347826970963344,0.004333333333333333,0.09100000000000001,-0.016369592020719637
scene-1077,CAM_BACK,32,2,car,0.7887788414955139,-30.979015726099952,-20.29017571890107,0.556918469487236,7.59356733608011,4.4511367229766705,3.6985390136564527,1.8265177959805574,1.2169484273370421,0.0002844950213371266,0.03600000000000001,-30.979015726099952,-20.29017571890107,0.556918469487236,7.59356733608011,4.4511367229766705,3.6985390136564527,1.8265177959805574,0.0002844950213371266,0.03600000000000001,1.2169484273370421
scene-1077,CAM_BACK,32,0,bus,0.6012461185455322,-28.745497643544397,-21.208788821470698,2.699495912930093,10.879269329329617,3.6601761619651363,4.444015174622606,2.7075557230478267,-0.5781615913739664,0.018168293397651195,3.224000000000001,-28.745497643544397,-21.208788821470698,2.699495912930093,10.879269329329617,3.6601761619651363,4.444015174622606,2.7075557230478267,0.018168293397651195,3.224000000000001,-0.5781615913739664
scene-1077,CAM_BACK_RIGHT,32,0,car,0.6132930517196655,-10.839568087747477,-18.398004876434097,0.5437078416408714,4.273568494117304,2.4025688824095397,1.1350291244977528,2.918837456489012,-0.20629505849527408,0.06721282593375616,0.763,-10.839568087747477,-18.398004876434097,0.5437078416408714,4.273568494117304,2.4025688824095397,1.1350291244977528,2.918837456489012,0.06721282593375616,0.763,-0.20629505849527408
scene-1077,CAM_BACK_RIGHT,32,1,car,0.7620818018913269,3.0914823554136803,-11.610686046049658,0.5080314072696301,1.6714808683994224,1.4464005621718865,0.5824099226782096,2.5357280284662083,-0.3891908149652925,0.14775910364145659,0.21100000000000005,3.0914823554136803,-11.610686046049658,0.5080314072696301,1.6714808683994224,1.4464005621718865,0.5824099226782096,2.5357280284662083,0.14775910364145659,0.21100000000000005,-0.3891908149652925
scene-1077,CAM_BACK_RIGHT,32,0,bus,0.8439024686813354,-28.765463031087148,-21.63812395725856,1.0137033648206357,9.537214873671623,3.1129958021509676,4.99317006084064,-2.87427783944304,1.2530541274670168,0.010831918505942275,1.5950000000000004,-28.765463031087148,-21.63812395725856,1.0137033648206357,9.537214873671623,3.1129958021509676,4.99317006084064,-2.87427783944304,0.010831918505942275,1.5950000000000004,1.2530541274670168
scene-1077,CAM_FRONT,33,0,car,0.9101123809814453,22.490930930977218,-0.14330313203720743,0.7970415820577899,3.2857626707846954,2.083627871585431,1.5915171624482238,3.0627957879795633,-0.15881634844033687,0.015422077922077922,0.17100000000000004,22.490930930977218,-0.14330313203720743,0.7970415820577899,3.2857626707846954,2.083627871585431,1.5915171624482238,3.0627957879795633,0.015422077922077922,0.17100000000000004,-0.15881634844033687
scene-1077,CAM_FRONT,33,1,car,0.8904109597206116,33.561027553735045,-13.542935744223893,0.5429141572512176,3.5977041382623973,2.2068977043428717,1.822348099426163,-3.0078952708453017,0.10459755420502792,0.005471380471380472,0.07800000000000003,33.561027553735045,-13.542935744223893,0.5429141572512176,3.5977041382623973,2.2068977043428717,1.822348099426163,-3.0078952708453017,0.005471380471380472,0.07800000000000003,0.10459755420502792
scene-1077,CAM_FRONT,33,2,car,0.6559139490127563,38.944937154451445,-11.68857308117387,0.7601659742357435,1.553772422916147,1.4944721435282666,0.41102014376569307,2.378144490268083,-0.8162295448451913,0.0,0.0,38.944937154451445,-11.68857308117387,0.7601659742357435,1.553772422916147,1.4944721435282666,0.41102014376569307,2.378144490268083,0.0,0.0,-0.8162295448451913
scene-1077,CAM_FRONT_RIGHT,33,0,car,0.9064327478408813,9.74083467057843,-19.085639540759047,0.725522810939708,4.46633777215442,2.7162571646015117,1.532103984015066,-3.0737226013124808,-0.2869513437105411,0.07764060356652949,1.4150000000000005,9.74083467057843,-19.085639540759047,0.725522810939708,4.46633777215442,2.7162571646015117,1.532103984015066,-3.0737226013124808,0.07764060356652949,1.4150000000000005,-0.2869513437105411
scene-1077,CAM_FRONT_RIGHT,33,1,car,0.7460317611694336,30.375038173074323,-14.216411589016806,0.37851627271548965,1.039697045910632,0.8082181587766826,0.9522523610714867,-2.633857055035126,-0.21809622602221457,0.05625,0.04500000000000001,30.375038173074323,-14.216411589016806,0.37851627271548965,1.039697045910632,0.8082181587766826,0.9522523610714867,-2.633857055035126,0.05625,0.04500000000000001,-0.21809622602221457
scene-1077,CAM_FRONT_RIGHT,33,2,car,0.8632478713989258,23.92263598113576,-15.750475464013991,0.553083531498199,3.29885348517624,1.7823951905689235,1.1880449459826434,-2.8102436730055067,-0.27789017771235214,0.0043490460157126825,0.03100000000000001,23.92263598113576,-15.750475464013991,0.553083531498199,3.29885348517624,1.7823951905689235,1.1880449459826434,-2.8102436730055067,0.0043490460157126825,0.03100000000000001,-0.27789017771235214
scene-1077,CAM_FRONT_RIGHT,33,3,car,0.9139785170555115,12.797953887756787,-12.807811514984607,0.6625494068515256,4.6871073020790455,2.139806290638644,1.4588733556223419,-3.0988342823094785,-0.22400491282102486,0.06896318811212428,1.0210000000000001,12.797953887756787,-12.807811514984607,0.6625494068515256,4.6871073020790455,2.139806290638644,1.4588733556223419,-3.0988342823094785,0.06896318811212428,1.0210000000000001,-0.22400491282102486
scene-1077,CAM_BACK,33,0,car,0.7419355511665344,-62.296025215241706,-9.148881713057502,2.692391960747611,5.310470356945487,2.533346904161373,2.1505589328440093,3.1047014677984803,-1.520851574158637,0.0,0.0,-62.296025215241706,-9.148881713057502,2.692391960747611,5.310470356945487,2.533346904161373,2.1505589328440093,3.1047014677984803,0.0,0.0,-1.520851574158637
scene-1077,CAM_BACK,33,1,car,0.6831682920455933,-77.13498363705654,-27.786683584714716,0.6760267145847907,9.584819903144677,8.299443897030415,3.2848189103731675,-2.5928253409496618,1.1096521453707369,0.0,0.0,-77.13498363705654,-27.786683584714716,0.6760267145847907,9.584819903144677,8.299443897030415,3.2848189103731675,-2.5928253409496618,0.0,0.0,1.1096521453707369
scene-1077,CAM_BACK,33,2,car,0.859649121761322,-32.504364929483245,-23.654169506860256,0.8655922676553509,5.995999600752651,3.6440386476443862,2.013244239744982,2.011245249284015,0.03175650793880447,0.007546296296296297,0.32600000000000007,-32.504364929483245,-23.654169506860256,0.8655922676553509,5.995999600752651,3.6440386476443862,2.013244239744982,2.011245249284015,0.007546296296296297,0.32600000000000007,0.03175650793880447
scene-1077,CAM_BACK,33,3,car,0.6995305418968201,-36.8652982555398,-21.985807277179244,0.6790242229742263,3.975675983250845,3.7028161149280656,1.3304813896588858,-2.9105248778069717,-0.07412087791723665,0.014033264033264034,0.2700000000000001,-36.8652982555398,-21.985807277179244,0.6790242229742263,3.975675983250845,3.7028161149280656,1.3304813896588858,-2.9105248778069717,0.014033264033264034,0.2700000000000001,-0.07412087791723665
scene-1077,CAM_BACK,33,4,car,0.7538461089134216,-41.50746735711377,-9.816540713478146,1.6946412741595709,4.06782983070898,2.842772673982645,1.9403338911409636,-3.0216298356195597,-0.7074731914516761,0.0006418485237483953,0.014000000000000002,-41.50746735711377,-9.816540713478146,1.6946412741595709,4.06782983070898,2.842772673982645,1.9403338911409636,-3.0216298356195597,0.0006418485237483953,0.014000000000000002,-0.7074731914516761
scene-1077,CAM_BACK,33,0,bus,0.8439024686813354,-36.229865205299255,-21.645786207535238,3.0772086049454064,9.657436472152899,2.8049039277163956,4.029354250362935,2.6848465700967865,-1.125580773818447,0.009664948453608248,1.0500000000000003,-36.229865205299255,-21.645786207535238,3.0772086049454064,9.657436472152899,2.8049039277163956,4.029354250362935,2.6848465700967865,0.009664948453608248,1.0500000000000003,-1.125580773818447
scene-1077,CAM_BACK_RIGHT,33,0,car,0.7730495929718018,-7.965922335189134,-11.453269247346553,0.7973232171347828,4.162586727549379,1.9014976834636403,1.4842856680823573,2.9298603337869236,-0.21506400144840154,0.08788638262322473,1.0520000000000003,-7.965922335189134,-11.453269247346553,0.7973232171347828,4.162586727549379,1.9014976834636403,1.4842856680823573,2.9298603337869236,0.08788638262322473,1.0520000000000003,-0.21506400144840154
scene-1077,CAM_BACK_RIGHT,33,1,car,0.8128654956817627,-4.702299419741381,-15.490014498994949,0.7173398092631498,4.806265142338864,2.3428433168700096,1.5447241937621303,2.9367077923905143,-0.15809476052642513,0.11316425120772947,1.874,-4.702299419741381,-15.490014498994949,0.7173398092631498,4.806265142338864,2.3428433168700096,1.5447241937621303,2.9367077923905143,0.11316425120772947,1.874,-0.15809476052642513
scene-1077,CAM_BACK_RIGHT,33,2,car,0.6483516097068787,-20.88693736472718,-17.405289997484747,0.6784797967595688,1.8616577152679135,1.8322703018030657,0.5739169847006709,-2.3954319099745427,-0.5652500982687152,0.02387914230019493,0.04900000000000001,-20.88693736472718,-17.405289997484747,0.6784797967595688,1.8616577152679135,1.8322703018030657,0.5739169847006709,-2.3954319099745427,0.02387914230019493,0.04900000000000001,-0.5652500982687152
scene-1077,CAM_FRONT,34,0,car,0.5661016702651978,65.7549645544821,-6.6541972452056966,0.44907928232917516,2.3028243602686356,2.22339497855922,0.8248478151167808,1.6482610324520062,-0.0478018754774574,0.0,0.0,65.7549645544821,-6.6541972452056966,0.44907928232917516,2.3028243602686356,2.22339497855922,0.8248478151167808,1.6482610324520062,0.0,0.0,-0.0478018754774574
scene-1077,CAM_FRONT,34,1,car,0.8827838897705078,24.435178934049052,-0.48247645844255915,0.7686998152100071,3.540058009351217,2.1089374961407366,1.668183485869089,3.076151229084426,-0.004744008416476708,0.006322529011604642,0.07900000000000001,24.435178934049052,-0.48247645844255915,0.7686998152100071,3.540058009351217,2.1089374961407366,1.668183485869089,3.076151229084426,0.006322529011604642,0.07900000000000001,-0.004744008416476708
scene-1077,CAM_FRONT_RIGHT,34,0,car,0.9064327478408813,18.20012425829646,-13.246528904831962,0.8914843295412547,4.206522878271112,1.947075949821473,1.5298524253260273,-3.108052877953667,-0.21182686766502234,0.026399331662489558,0.31600000000000006,18.20012425829646,-13.246528904831962,0.8914843295412547,4.206522878271112,1.947075949821473,1.5298524253260273,-3.108052877953667,0.026399331662489558,0.31600000000000006,-0.21182686766502234
scene-1077,CAM_FRONT_RIGHT,34,1,car,0.7104072570800781,10.401812516148274,-16.020611665003496,0.5629031489359231,3.1445196085244422,1.0231507227119785,0.9358618302213113,-3.006198566674512,-0.18796135073238718,0.008602150537634409,0.024000000000000004,10.401812516148274,-16.020611665003496,0.5629031489359231,3.1445196085244422,1.0231507227119785,0.9358618302213113,-3.006198566674512,0.008602150537634409,0.024000000000000004,-0.18796135073238718
scene-1077,CAM_BACK,34,0,car,0.7460317611694336,-41.176317109270265,-10.171235960292089,1.407666178992118,3.1092975977596993,2.9256423535310887,0.9566375541751103,3.02927496173262,-0.9369695395703115,0.0,0.0,-41.176317109270265,-10.171235960292089,1.407666178992118,3.1092975977596993,2.9256423535310887,0.9566375541751103,3.02927496173262,0.0,0.0,-0.9369695395703115
scene-1077,CAM_BACK,34,1,car,0.7142857313156128,-54.82488890436519,-9.643249472436846,1.0117727980573226,2.5603925926285562,2.066606325442578,2.3096254112136725,2.325125420220452,0.23760638687480817,0.0,0.0,-54.82488890436519,-9.643249472436846,1.0117727980573226,2.5603925926285562,2.066606325442578,2.3096254112136725,2.325125420220452,0.0,0.0,0.23760638687480817
scene-1077,CAM_BACK,34,2,car,0.5936508178710938,-21.643384633082174,-10.474552240210006,0.9914982382608346,5.616786097376824,1.4703437022522348,2.1537607227777347,2.9728843904937,-0.017107214197063403,0.02932900432900433,0.5420000000000001,-21.643384633082174,-10.474552240210006,0.9914982382608346,5.616786097376824,1.4703437022522348,2.1537607227777347,2.9728843904937,0.02932900432900433,0.5420000000000001,-0.017107214197063403
scene-1077,CAM_BACK,34,3,car,0.6640419960021973,-19.794553627462445,-14.699248903385088,1.2667692210579617,4.608256687759772,3.2335573885983138,1.5071062785265044,2.4697462294179404,-0.5636558493342108,0.04827898550724638,1.0660000000000003,-19.794553627462445,-14.699248903385088,1.2667692210579617,4.608256687759772,3.2335573885983138,1.5071062785265044,2.4697462294179404,0.04827898550724638,1.0660000000000003,-0.5636558493342108
scene-1077,CAM_BACK,34,4,car,0.6800000071525574,-64.71229153401325,-7.933261390138108,1.3990742275831058,2.3227046896351364,1.4998545191949688,1.7186049896740212,1.5563434721625424,-0.40159927016350705,0.0,0.0,-64.71229153401325,-7.933261390138108,1.3990742275831058,2.3227046896351364,1.4998545191949688,1.7186049896740212,1.5563434721625424,0.0,0.0,-0.40159927016350705
scene-1077,CAM_BACK,34,0,truck,0.5747508406639099,-45.0393032870932,-21.61287103084192,1.7040782876451148,11.641989136990649,3.3805947790127178,6.38145032103815,2.875981043657538,1.574179110046087,0.003660623732251521,0.9240000000000002,-45.0393032870932,-21.61287103084192,1.7040782876451148,11.641989136990649,3.3805947790127178,6.38145032103815,2.875981043657538,0.003660623732251521,0.9240000000000002,1.574179110046087
scene-1077,CAM_BACK_RIGHT,34,0,car,0.7655677795410156,-34.890835315795876,-27.679039834099708,-0.5594116285820697,6.198006451187894,4.147920362812549,2.0596319348373955,3.0908394675067474,1.5357800477007397,0.0,0.0,-34.890835315795876,-27.679039834099708,-0.5594116285820697,6.198006451187894,4.147920362812549,2.0596319348373955,3.0908394675067474,0.0,0.0,1.5357800477007397
scene-1077,CAM_BACK_RIGHT,34,1,car,0.921951174736023,-1.6949594171471063,-12.614730363778213,0.9373802411631077,4.928389697852509,2.2757835393609174,1.5368706612303937,3.109251069875539,-0.2573845092274534,0.10937592428275658,1.8490000000000004,-1.6949594171471063,-12.614730363778213,0.9373802411631077,4.928389697852509,2.2757835393609174,1.5368706612303937,3.109251069875539,0.10937592428275658,1.8490000000000004,-0.2573845092274534
scene-1077,CAM_BACK_RIGHT,34,2,car,0.9064327478408813,-5.209693483718024,-18.379865571430358,1.0542776251972081,4.537677536666471,2.0958579074156702,1.559803818770565,2.784889667151533,-0.39942342933006836,0.06428571428571428,0.9720000000000001,-5.209693483718024,-18.379865571430358,1.0542776251972081,4.537677536666471,2.0958579074156702,1.559803818770565,2.784889667151533,0.06428571428571428,0.9720000000000001,-0.39942342933006836
scene-1077,CAM_FRONT,35,0,car,0.8947368264198303,24.92073787666077,-0.5891371958306917,0.8641072683103312,3.7861737375760605,2.2605073192783127,1.6824059680352255,3.061853591015424,-0.10070479660656129,0.00639386189258312,0.09500000000000003,24.92073787666077,-0.5891371958306917,0.8641072683103312,3.7861737375760605,2.2605073192783127,1.6824059680352255,3.061853591015424,0.00639386189258312,0.09500000000000003,-0.10070479660656129
scene-1077,CAM_FRONT,35,1,car,0.7460317611694336,43.26209499407684,-16.7919545917924,1.495866263649027,5.424636246274758,2.6200178467444246,1.9219187625262908,2.238652770130996,-0.8102208856150228,0.004310991153096416,0.11500000000000002,43.26209499407684,-16.7919545917924,1.495866263649027,5.424636246274758,2.6200178467444246,1.9219187625262908,2.238652770130996,0.004310991153096416,0.11500000000000002,-0.8102208856150228
scene-1077,CAM_FRONT,35,2,car,0.6640419960021973,71.00151247367289,-8.013026296212997,0.14502734588466965,2.1672010080662716,1.8647513942360627,0.7852636205648299,3.0511585264151884,0.0992766965487768,0.0,0.0,71.00151247367289,-8.013026296212997,0.14502734588466965,2.1672010080662716,1.8647513942360627,0.7852636205648299,3.0511585264151884,0.0,0.0,0.0992766965487768
scene-1077,CAM_FRONT_RIGHT,35,0,car,0.8947368264198303,5.222441282619694,-12.881990868621164,0.7370462320898863,4.830743352738825,2.2229066619968005,1.5629134726765521,-2.723081566297104,-0.24748989209865613,0.13257575757575757,2.2400000000000007,5.222441282619694,-12.881990868621164,0.7370462320898863,4.830743352738825,2.2229066619968005,1.5629134726765521,-2.723081566297104,0.13257575757575757,2.2400000000000007,-0.24748989209865613
scene-1077,CAM_FRONT_RIGHT,35,1,car,0.5508772134780884,25.79761034364675,-14.418146006890012,0.8744683728873979,2.337361739686026,2.182060054810613,0.5232815694194447,1.337988382897483,-0.8602015118370001,0.0,0.0,25.79761034364675,-14.418146006890012,0.8744683728873979,2.337361739686026,2.182060054810613,0.5232815694194447,1.337988382897483,0.0,0.0,-0.8602015118370001
scene-1077,CAM_BACK,35,0,car,0.5114504098892212,-52.28967039898262,-10.093385385951095,0.6416825378088614,2.9764441908222334,2.9270291664580412,0.9789902458785249,1.436958091947392,-0.4047452587931677,0.0,0.0,-52.28967039898262,-10.093385385951095,0.6416825378088614,2.9764441908222334,2.9270291664580412,0.9789902458785249,1.436958091947392,0.0,0.0,-0.4047452587931677
scene-1077,CAM_BACK,35,1,car,0.719298243522644,-27.800263070124284,-26.784293424847583,-0.047958799320179823,4.988017002278397,3.0873693459214504,1.7518288206448593,-2.5765995446064287,0.6020412978403176,0.005053763440860215,0.14100000000000001,-27.800263070124284,-26.784293424847583,-0.047958799320179823,4.988017002278397,3.0873693459214504,1.7518288206448593,-2.5765995446064287,0.005053763440860215,0.14100000000000001,0.6020412978403176
scene-1077,CAM_BACK,35,2,car,0.8439024686813354,-48.215789846746496,-21.31757454306728,0.22267127316514657,5.718999687072987,3.5977210688568206,2.693989666053888,1.1401560600936367,0.87149600492062,0.0046386542487907014,0.25700000000000006,-48.215789846746496,-21.31757454306728,0.22267127316514657,5.718999687072987,3.5977210688568206,2.693989666053888,1.1401560600936367,0.0046386542487907014,0.25700000000000006,0.87149600492062
scene-1077,CAM_BACK,35,3,car,0.9139785170555115,-15.110452313871225,-11.805578771711332,0.6532608440131084,5.588931670525465,2.359622675367614,1.599844481337944,2.923685047265215,-0.1390406530763446,0.07998511904761904,1.7200000000000002,-15.110452313871225,-11.805578771711332,0.6532608440131084,5.588931670525465,2.359622675367614,1.599844481337944,2.923685047265215,0.07998511904761904,1.7200000000000002,-0.1390406530763446
scene-1077,CAM_BACK,35,4,car,0.5151515007019043,-69.01182153347887,-10.403097786222894,0.7747979249209969,3.278691167474676,2.93271775599419,2.6971294328829996,1.506412779724794,0.3057748314718274,0.0,0.0,-69.01182153347887,-10.403097786222894,0.7747979249209969,3.278691167474676,2.93271775599419,2.6971294328829996,1.506412779724794,0.0,0.0,0.3057748314718274
scene-1077,CAM_BACK,35,5,car,0.8709677457809448,-40.25864623983016,-12.431959526172479,0.45045897630671106,4.797735754050674,2.1853231439563032,1.7788584638945735,2.499361022488322,0.19296928027016857,0.00021043771043771043,0.004000000000000001,-40.25864623983016,-12.431959526172479,0.45045897630671106,4.797735754050674,2.1853231439563032,1.7788584638945735,2.499361022488322,0.00021043771043771043,0.004000000000000001,0.19296928027016857
scene-1077,CAM_BACK,35,0,bus,0.5508772134780884,-48.056488950398354,-20.4859056519845,2.0094440314587256,7.1690563452531455,2.373113275470267,4.01592864881216,2.004168541267618,-0.25402965336078154,0.006611689814814815,0.45700000000000013,-48.056488950398354,-20.4859056519845,2.0094440314587256,7.1690563452531455,2.373113275470267,4.01592864881216,2.004168541267618,0.006611689814814815,0.45700000000000013,-0.25402965336078154
scene-1077,CAM_BACK_RIGHT,35,0,car,0.8672199249267578,-18.380086480490853,-18.44471498245228,0.2545764862564197,4.900292840192378,2.6926946562756804,1.9067859397564852,-2.9382523802107596,0.3040737861444822,0.023471376854835503,0.5900000000000002,-18.380086480490853,-18.44471498245228,0.2545764862564197,4.900292840192378,2.6926946562756804,1.9067859397564852,-2.9382523802107596,0.023471376854835503,0.5900000000000002,0.3040737861444822
scene-1077,CAM_BACK_RIGHT,35,1,car,0.8827838897705078,-14.353709802197319,-11.647372614979803,0.1738248913091044,5.164897366740897,2.2069444201149153,1.7437484824333358,-2.934861967921903,0.350662185076402,0.04797408473879062,0.9330000000000002,-14.353709802197319,-11.647372614979803,0.1738248913091044,5.164897366740897,2.2069444201149153,1.7437484824333358,-2.934861967921903,0.04797408473879062,0.9330000000000002,0.350662185076402
scene-1077,CAM_BACK_RIGHT,35,2,car,0.5747508406639099,3.12027605337411,-12.245779998853086,0.604324790324025,0.8010874401089856,0.2946698215638417,1.1076924092300908,2.8881528596942942,-0.3679967007526197,0.26136363636363635,0.06900000000000002,3.12027605337411,-12.245779998853086,0.604324790324025,0.8010874401089856,0.2946698215638417,1.1076924092300908,2.8881528596942942,0.26136363636363635,0.06900000000000002,-0.3679967007526197
scene-1077,CAM_BACK_RIGHT,35,3,car,0.7887788414955139,-3.499141864025011,-15.536823570555404,0.416139392758454,4.4836049391014665,2.6776916336990677,1.2467304400635157,2.949912629537225,-0.19955098837954344,0.08758573388203018,1.2770000000000004,-3.499141864025011,-15.536823570555404,0.416139392758454,4.4836049391014665,2.6776916336990677,1.2467304400635157,2.949912629537225,0.08758573388203018,1.2770000000000004,-0.19955098837954344
scene-1077,CAM_FRONT,36,0,car,0.8865247964859009,23.69176182179881,-0.6361797241523209,0.7001782002822988,3.4484979246159284,2.0733937106727254,1.588866736637949,3.060649654934168,-0.10538021843030432,0.008928571428571428,0.10200000000000002,23.69176182179881,-0.6361797241523209,0.7001782002822988,3.4484979246159284,2.0733937106727254,1.588866736637949,3.060649654934168,0.008928571428571428,0.10200000000000002,-0.10538021843030432
scene-1077,CAM_FRONT,36,1,car,0.8709677457809448,30.490900095252623,-15.339252699242007,0.3816507121713115,5.172056598950753,2.314534502095402,1.9823168176546724,2.9659597396586577,0.23248954298857472,0.018185618729096988,0.43500000000000005,30.490900095252623,-15.339252699242007,0.3816507121713115,5.172056598950753,2.314534502095402,1.9823168176546724,2.9659597396586577,0.018185618729096988,0.43500000000000005,0.23248954298857472
scene-1077,CAM_FRONT,36,2,car,0.7460317611694336,61.239012448897874,-6.950068308620606,-0.2832723734351402,2.1680867607058403,1.6691631525987458,0.7260483862518472,3.0936475312202245,0.26473689658959776,0.0,0.0,61.239012448897874,-6.950068308620606,-0.2832723734351402,2.1680867607058403,1.6691631525987458,0.7260483862518472,3.0936475312202245,0.0,0.0,0.26473689658959776
scene-1077,CAM_FRONT_RIGHT,36,0,car,0.921951174736023,30.050128399645445,-15.263758042209327,0.8374058284986244,4.444283266978935,2.156773264558719,1.5869181029937744,-2.9903365397481534,-0.39755142153870926,0.026665805785123967,0.4130000000000001,30.050128399645445,-15.263758042209327,0.8374058284986244,4.444283266978935,2.156773264558719,1.5869181029937744,-2.9903365397481534,0.026665805785123967,0.4130000000000001,-0.39755142153870926
scene-1077,CAM_FRONT_RIGHT,36,1,car,0.5661016702651978,25.975640588284005,-21.014020401313985,-2.2393896818023826,1.0590647368492476,0.9435915408420321,0.9045047890179565,-3.1001928972818082,2.3256045585253347,0.0,0.0,25.975640588284005,-21.014020401313985,-2.2393896818023826,1.0590647368492476,0.9435915408420321,0.9045047890179565,-3.1001928972818082,0.0,0.0,2.3256045585253347
scene-1077,CAM_FRONT_RIGHT,36,2,car,0.9024390578269958,12.935772289618415,-12.525118103459288,0.731789109734855,4.103203475262663,1.8996756203545857,1.3540472697293353,-2.8991372772141792,-0.3469423175597015,0.06189253621859527,0.6750000000000002,12.935772289618415,-12.525118103459288,0.731789109734855,4.103203475262663,1.8996756203545857,1.3540472697293353,-2.8991372772141792,0.06189253621859527,0.6750000000000002,-0.3469423175597015
scene-1077,CAM_BACK,36,0,car,0.827957034111023,-27.005593644578017,-11.338300238263985,0.9571825453837706,4.615347949042373,2.0815142620568903,1.412079124118049,3.0461411774032587,-0.30823696125290767,0.017006802721088437,0.23000000000000007,-27.005593644578017,-11.338300238263985,0.9571825453837706,4.615347949042373,2.0815142620568903,1.412079124118049,3.0461411774032587,0.017006802721088437,0.23000000000000007,-0.30823696125290767
scene-1077,CAM_BACK,36,1,car,0.7344398498535156,-46.42630263784445,-14.400547552791831,1.0427061250839427,4.311915050820076,2.5720867184180776,1.32119902827986,-3.1393668246414537,-0.25352779906008627,0.0002752167331773772,0.004000000000000002,-46.42630263784445,-14.400547552791831,1.0427061250839427,4.311915050820076,2.5720867184180776,1.32119902827986,-3.1393668246414537,0.0002752167331773772,0.004000000000000002,-0.25352779906008627
scene-1077,CAM_BACK,36,2,car,0.604938268661499,-29.899554137147348,-25.58754385569419,0.6259457549708628,6.277791008828801,3.4902973219553957,2.1842738511458846,2.413498471517937,0.3770406226208173,0.02119150690579262,1.0280000000000002,-29.899554137147348,-25.58754385569419,0.6259457549708628,6.277791008828801,3.4902973219553957,2.1842738511458846,2.413498471517937,0.02119150690579262,1.0280000000000002,0.3770406226208173
scene-1077,CAM_BACK,36,3,car,0.8476190567016602,-31.534655705299716,-17.699814798200382,1.1198944767938417,5.024648980569555,2.7066272793330732,1.7885400547670927,3.055015035236277,-0.25072980658040034,0.022386831275720165,0.5440000000000002,-31.534655705299716,-17.699814798200382,1.1198944767938417,5.024648980569555,2.7066272793330732,1.7885400547670927,3.055015035236277,0.022386831275720165,0.5440000000000002,-0.25072980658040034
scene-1077,CAM_BACK,36,4,car,0.518796980381012,-62.509338814946254,-9.728288220576763,1.2073402230078343,2.2292266114023036,1.7756915987253166,1.880844928401916,2.069696671500878,0.09455127157337273,0.0,0.0,-62.509338814946254,-9.728288220576763,1.2073402230078343,2.2292266114023036,1.7756915987253166,1.880844928401916,2.069696671500878,0.0,0.0,0.09455127157337273
scene-1077,CAM_BACK,36,5,car,0.5276752710342407,-50.51094151782,-13.796710174745675,0.9959349129046512,1.8162510854388358,0.7031840591942995,1.7141537099401816,1.3796366679998782,0.04040612987824477,0.0,0.0,-50.51094151782,-13.796710174745675,0.9959349129046512,1.8162510854388358,0.7031840591942995,1.7141537099401816,1.3796366679998782,0.0,0.0,0.04040612987824477
scene-1077,CAM_BACK,36,6,car,0.7387754917144775,-45.831444043543776,-11.43445360435988,1.2261060702511148,2.758550822520128,2.3759167556140106,0.8379663444639304,0.9467368181064031,-0.676904421962097,0.0,0.0,-45.831444043543776,-11.43445360435988,1.2261060702511148,2.758550822520128,2.3759167556140106,0.8379663444639304,0.9467368181064031,0.0,0.0,-0.676904421962097
scene-1077,CAM_BACK_RIGHT,36,0,car,0.8904109597206116,-8.244428168586992,-12.520372036159895,0.8346397095221131,4.733588288796187,2.270849301116648,1.664877634249798,3.0617028218333413,-0.20872054082994573,0.1302715350710127,2.394000000000001,-8.244428168586992,-12.520372036159895,0.8346397095221131,4.733588288796187,2.270849301116648,1.664877634249798,3.0617028218333413,0.1302715350710127,2.394000000000001,-0.20872054082994573
scene-1077,CAM_BACK_RIGHT,36,1,car,0.7815700173377991,-30.82112755727442,-27.086332340444642,0.15984023185962082,7.915501463574181,3.598094038267824,2.5994968921592916,-3.1264987015030967,1.0036699521627206,0.003448555663745537,0.25500000000000006,-30.82112755727442,-27.086332340444642,0.15984023185962082,7.915501463574181,3.598094038267824,2.5994968921592916,-3.1264987015030967,0.003448555663745537,0.25500000000000006,1.0036699521627206
scene-1077,CAM_FRONT,37,0,car,0.7852349281311035,64.13204505554964,-7.522300265539068,-0.3166392753269144,2.2150032629236165,1.3673455795447373,0.6884458678264365,3.0812027311095656,0.5796002763902486,0.0,0.0,64.13204505554964,-7.522300265539068,-0.3166392753269144,2.2150032629236165,1.3673455795447373,0.6884458678264365,3.0812027311095656,0.0,0.0,0.5796002763902486
scene-1077,CAM_FRONT,37,1,car,0.8827838897705078,26.18704489420863,-0.7074300774936415,0.6724422663610821,3.6927934355622156,2.1533198960786475,1.745419611448256,3.0112753246892416,0.14856401924385576,0.0047694753577106515,0.066,26.18704489420863,-0.7074300774936415,0.6724422663610821,3.6927934355622156,2.1533198960786475,1.745419611448256,3.0112753246892416,0.0047694753577106515,0.066,0.14856401924385576
scene-1077,CAM_FRONT_RIGHT,37,0,car,0.7538461089134216,3.274327383871042,-13.465784572282821,0.8580681819270227,4.214469835047002,1.8809507037601598,1.397738270402195,-2.693615001989796,-0.4092785593220556,0.11027568922305764,1.2320000000000002,3.274327383871042,-13.465784572282821,0.8580681819270227,4.214469835047002,1.8809507037601598,1.397738270402195,-2.693615001989796,0.11027568922305764,1.2320000000000002,-0.4092785593220556
scene-1077,CAM_FRONT_RIGHT,37,1,car,0.921951174736023,17.81643230450821,-14.136105370272356,0.8937169010379847,4.254114726069478,2.2674007617157326,1.5990926294749392,-2.9884768690565755,-0.3615317503935327,0.059782608695652176,0.9460000000000003,17.81643230450821,-14.136105370272356,0.8937169010379847,4.254114726069478,2.2674007617157326,1.5990926294749392,-2.9884768690565755,0.059782608695652176,0.9460000000000003,-0.3615317503935327
scene-1077,CAM_FRONT_RIGHT,37,2,car,0.6878048777580261,6.437234936482439,-17.410492181438745,0.6398634122977124,4.104019140803974,2.4969074469788453,1.7552865559868522,1.0450232272059574,-0.04125889139008643,0.057398373983739835,1.0590000000000002,6.437234936482439,-17.410492181438745,0.6398634122977124,4.104019140803974,2.4969074469788453,1.7552865559868522,1.0450232272059574,0.057398373983739835,1.0590000000000002,-0.04125889139008643
scene-1077,CAM_BACK,37,0,car,0.719298243522644,-38.5005133464475,-11.679018560969938,0.8040357243489459,3.8158386768272052,2.2354543029913607,1.344341483230879,-3.0806540996354332,-0.41118915666081346,0.0038645564961354434,0.04200000000000001,-38.5005133464475,-11.679018560969938,0.8040357243489459,3.8158386768272052,2.2354543029913607,1.344341483230879,-3.0806540996354332,0.0038645564961354434,0.04200000000000001,-0.41118915666081346
scene-1077,CAM_BACK,37,1,car,0.5311355590820312,-68.32611527093987,-17.93930758481058,1.1534720264433465,4.2477489259415115,4.167773973756368,1.5793287971741197,2.268242197016581,-0.6122304442520462,0.0,0.0,-68.32611527093987,-17.93930758481058,1.1534720264433465,4.2477489259415115,4.167773973756368,1.5793287971741197,2.268242197016581,0.0,0.0,-0.6122304442520462
scene-1077,CAM_BACK,37,2,car,0.8787879347801208,-20.566075942165995,-11.950507245949192,0.7177763213806604,4.409587414658926,2.12884425677729,1.5621423068270743,2.87535255503599,-0.21098619289998455,0.02096861471861472,0.3100000000000001,-20.566075942165995,-11.950507245949192,0.7177763213806604,4.409587414658926,2.12884425677729,1.5621423068270743,2.87535255503599,0.02096861471861472,0.3100000000000001,-0.21098619289998455
scene-1077,CAM_BACK,37,3,car,0.518796980381012,-35.64694723984873,-17.41567344174487,0.29139165661723865,2.783123402099818,2.5657184884965343,1.3484074328215894,-2.8465520833036595,0.08934823361405164,0.0,0.0,-35.64694723984873,-17.41567344174487,0.29139165661723865,2.783123402099818,2.5657184884965343,1.3484074328215894,-2.8465520833036595,0.0,0.0,0.08934823361405164
scene-1077,CAM_BACK,37,4,car,0.6640419960021973,-57.12321227901426,-11.568836156042241,0.3718687684043173,2.2651535654977053,2.253740920922546,0.8299437379406281,2.239489321740075,-0.21202868053523005,0.0,0.0,-57.12321227901426,-11.568836156042241,0.3718687684043173,2.2651535654977053,2.253740920922546,0.8299437379406281,2.239489321740075,0.0,0.0,-0.21202868053523005
scene-1077,CAM_BACK,37,5,car,0.7344398498535156,-44.181983062074856,-18.430339077233977,0.6927178976817969,4.982301389014054,2.170004530303686,1.7486613952161334,3.0673880084214526,-0.10272707505656409,0.0039037433155080215,0.07300000000000001,-44.181983062074856,-18.430339077233977,0.6927178976817969,4.982301389014054,2.170004530303686,1.7486613952161334,3.0673880084214526,0.0039037433155080215,0.07300000000000001,-0.10272707505656409
scene-1077,CAM_BACK_RIGHT,37,0,car,0.6831682920455933,2.132437792395717,-13.48534907856237,0.7545654276426843,4.456181687450188,2.468507944246557,1.3355171997491748,2.9767498331525393,-0.3858364164674377,0.1204102564102564,1.7610000000000003,2.132437792395717,-13.48534907856237,0.7545654276426843,4.456181687450188,2.468507944246557,1.3355171997491748,2.9767498331525393,0.1204102564102564,1.7610000000000003,-0.3858364164674377
scene-1077,CAM_FRONT,38,0,car,0.8518518805503845,24.815531860193367,-0.6487574502217206,0.7031921362335801,3.76421089770837,2.202646499682084,1.6443356269484488,2.9991947514299517,-0.09849937940761011,0.010989832535885168,0.14700000000000005,24.815531860193367,-0.6487574502217206,0.7031921362335801,3.76421089770837,2.202646499682084,1.6443356269484488,2.9991947514299517,0.010989832535885168,0.14700000000000005,-0.09849937940761011
scene-1077,CAM_FRONT,38,1,car,0.5704697966575623,46.15649721542945,-18.24412719905347,0.14696549853826474,2.048428128756285,1.3617790595925214,1.4647160923257658,-2.7088183224200275,0.2882659564190213,0.0,0.0,46.15649721542945,-18.24412719905347,0.14696549853826474,2.048428128756285,1.3617790595925214,1.4647160923257658,-2.7088183224200275,0.0,0.0,0.2882659564190213
scene-1077,CAM_FRONT,38,2,car,0.7852349281311035,63.33488105681263,-6.8398049263152405,-0.2018812515312881,1.8499060185532983,1.8528800208842284,0.5154055646058764,2.140847833906812,0.17059741054702537,0.0,0.0,63.33488105681263,-6.8398049263152405,-0.2018812515312881,1.8499060185532983,1.8528800208842284,0.5154055646058764,2.140847833906812,0.0,0.0,0.17059741054702537
scene-1077,CAM_FRONT,38,0,construction vehicle,0.7104072570800781,19.024078836659225,-9.873831091082595,0.7615629609237319,1.7447028168999452,1.7169640135938113,1.659444837904968,2.8974986091821946,-0.20720428527645418,0.03175249338489721,0.15600000000000003,19.024078836659225,-9.873831091082595,0.7615629609237319,1.7447028168999452,1.7169640135938113,1.659444837904968,2.8974986091821946,0.03175249338489721,0.15600000000000003,-0.20720428527645418
scene-1077,CAM_FRONT_RIGHT,38,0,car,0.7299578189849854,4.965275979313799,-13.74637480521663,0.8597490126316354,4.538817854271189,2.0817393840947016,1.6075109485333012,-3.085928156399453,-0.23389710114917972,0.12328042328042328,1.8640000000000003,4.965275979313799,-13.74637480521663,0.8597490126316354,4.538817854271189,2.0817393840947016,1.6075109485333012,-3.085928156399453,0.12328042328042328,1.8640000000000003,-0.23389710114917972
scene-1077,CAM_FRONT_RIGHT,38,1,car,0.518796980381012,49.46964041956084,-31.581251895826107,-0.0075940377208787435,6.8177900392358595,1.5561571370169602,1.7163205268704096,2.584352931522253,0.632551456297914,0.002216695501730104,0.041000000000000016,49.46964041956084,-31.581251895826107,-0.0075940377208787435,6.8177900392358595,1.5561571370169602,1.7163205268704096,2.584352931522253,0.002216695501730104,0.041000000000000016,0.632551456297914
scene-1077,CAM_FRONT_RIGHT,38,2,car,0.6995305418968201,8.110778424574827,-13.2983564505501,0.9346808819064527,2.610487679464038,0.9509713041477283,1.185379900091835,-2.932642993303522,-0.5303971012750555,0.11185897435897436,0.3490000000000001,8.110778424574827,-13.2983564505501,0.9346808819064527,2.610487679464038,0.9509713041477283,1.185379900091835,-2.932642993303522,0.11185897435897436,0.3490000000000001,-0.5303971012750555
scene-1077,CAM_FRONT_RIGHT,38,0,construction vehicle,0.7142857313156128,15.393320265451246,-9.84359493117334,1.3405769133856422,4.587857767791341,2.5597589711496145,2.26994191510485,-3.1231299968050945,-0.40981169235112347,0.12727206630798313,3.501000000000001,15.393320265451246,-9.84359493117334,1.3405769133856422,4.587857767791341,2.5597589711496145,2.26994191510485,-3.1231299968050945,0.12727206630798313,3.501000000000001,-0.40981169235112347
scene-1077,CAM_BACK,38,0,car,0.7419355511665344,-50.575845452249666,-11.930070870816943,0.6698499429689952,3.7090862127181197,2.313152754436116,1.8852394573490692,3.051518704910662,0.17684931236836587,0.0010513946440719895,0.017,-50.575845452249666,-11.930070870816943,0.6698499429689952,3.7090862127181197,2.313152754436116,1.8852394573490692,3.051518704910662,0.0010513946440719895,0.017,0.17684931236836587
scene-1077,CAM_BACK,38,1,car,0.8324607610702515,-32.30594091124645,-11.848398707547897,1.0402046507793337,3.669533088537799,2.3178539665690856,1.7948054619522387,1.47052961215517,-0.2924127372356179,0.006397702049875963,0.09800000000000002,-32.30594091124645,-11.848398707547897,1.0402046507793337,3.669533088537799,2.3178539665690856,1.7948054619522387,1.47052961215517,0.006397702049875963,0.09800000000000002,-0.2924127372356179
scene-1077,CAM_BACK_RIGHT,38,0,car,0.6952381134033203,-10.175623152845127,-12.711750771205026,0.6965525448766022,3.4629660069253316,2.264746254689765,1.141550518082598,2.8169447481510597,-0.4130369539471044,0.08435911914172783,0.7470000000000001,-10.175623152845127,-12.711750771205026,0.6965525448766022,3.4629660069253316,2.264746254689765,1.141550518082598,2.8169447481510597,0.08435911914172783,0.7470000000000001,-0.4130369539471044
scene-1077,CAM_BACK_RIGHT,38,1,car,0.6640419960021973,3.1600632614727178,-13.418961811208309,0.5860142532555734,1.9002042247140762,1.5018565978304288,0.7863971982411195,-2.36107527461869,-0.4682413266661416,0.12192982456140351,0.2780000000000001,3.1600632614727178,-13.418961811208309,0.5860142532555734,1.9002042247140762,1.5018565978304288,0.7863971982411195,-2.36107527461869,0.12192982456140351,0.2780000000000001,-0.4682413266661416
scene-1077,CAM_BACK_RIGHT,38,2,car,0.5460992455482483,-7.97434969712898,-12.926376293517759,0.6536092042354062,1.7264587412356196,1.2232932791358921,0.5846225335550413,-2.6746508405740075,-0.6469569526365659,0.035130718954248366,0.04300000000000001,-7.97434969712898,-12.926376293517759,0.6536092042354062,1.7264587412356196,1.2232932791358921,0.5846225335550413,-2.6746508405740075,0.035130718954248366,0.04300000000000001,-0.6469569526365659
scene-1077,CAM_FRONT,39,0,car,0.9024390578269958,26.311779853176144,-0.5854944592166793,0.6065427065604643,4.086574457479745,2.460135393131651,1.9670306713911505,3.014949913915098,0.1650372281722814,0.013121951219512195,0.269,26.311779853176144,-0.5854944592166793,0.6065427065604643,4.086574457479745,2.460135393131651,1.9670306713911505,3.014949913915098,0.013121951219512195,0.269,0.1650372281722814
scene-1077,CAM_FRONT,39,1,car,0.7620818018913269,33.26783575844777,-15.647651408952814,0.28291587338229374,4.636261318654874,1.5023587200244926,1.5450382125015623,2.8904455992981046,0.21143905473547653,0.0004830917874396135,0.005000000000000002,33.26783575844777,-15.647651408952814,0.28291587338229374,4.636261318654874,1.5023587200244926,1.5450382125015623,2.8904455992981046,0.0004830917874396135,0.005000000000000002,0.21143905473547653
scene-1077,CAM_FRONT,39,2,car,0.7815700173377991,57.89988662338928,-6.070124531200967,-0.3282808653549629,1.7472619003561078,1.3115984708891921,0.5595893783540151,3.0253443535081086,0.32949518696681546,0.0,0.0,57.89988662338928,-6.070124531200967,-0.3282808653549629,1.7472619003561078,1.3115984708891921,0.5595893783540151,3.0253443535081086,0.0,0.0,0.32949518696681546
scene-1077,CAM_FRONT_RIGHT,39,0,car,0.6604774594306946,38.05429402283735,-17.101806825025246,0.2578017770586369,1.5462177002379018,1.2623117087988405,0.9274353158239855,1.4312227024081663,-0.07911460334616804,0.0,0.0,38.05429402283735,-17.101806825025246,0.2578017770586369,1.5462177002379018,1.2623117087988405,0.9274353158239855,1.4312227024081663,0.0,0.0,-0.07911460334616804
scene-1077,CAM_FRONT_RIGHT,39,0,construction vehicle,0.8083832263946533,9.148599283056155,-10.038991406946398,1.2836938988812685,5.11287463545602,2.81421287984678,2.5801734569692876,-2.8731302253459043,-0.25462297301846615,0.18045679810385692,6.700000000000001,9.148599283056155,-10.038991406946398,1.2836938988812685,5.11287463545602,2.81421287984678,2.5801734569692876,-2.8731302253459043,0.18045679810385692,6.700000000000001,-0.25462297301846615
scene-1077,CAM_BACK,39,0,car,0.6097560524940491,-20.9224435101562,-12.118052363853627,0.9634257625903336,3.626422130096806,2.2151251776696945,1.195711845983179,1.9582434507383681,-0.5323363341113021,0.02662037037037037,0.25300000000000006,-20.9224435101562,-12.118052363853627,0.9634257625903336,3.626422130096806,2.2151251776696945,1.195711845983179,1.9582434507383681,0.02662037037037037,0.25300000000000006,-0.5323363341113021
scene-1077,CAM_BACK,39,1,car,0.6363636255264282,-61.60883432206085,-12.538703820180109,0.842305139984644,3.146510481287585,2.3101972084436877,1.5734397623899783,3.1294643281204086,-0.19025541204988583,0.0,0.0,-61.60883432206085,-12.538703820180109,0.842305139984644,3.146510481287585,2.3101972084436877,1.5734397623899783,3.1294643281204086,0.0,0.0,-0.19025541204988583
scene-1077,CAM_BACK,39,2,car,0.675126850605011,-45.31263928288274,-12.23872502480496,1.1298875248792573,3.8217411281693145,1.8795209366517405,1.4673390269405249,3.008965085242802,-0.5555285013019544,0.010064635272391506,0.10900000000000003,-45.31263928288274,-12.23872502480496,1.1298875248792573,3.8217411281693145,1.8795209366517405,1.4673390269405249,3.008965085242802,0.010064635272391506,0.10900000000000003,-0.5555285013019544
scene-1077,CAM_BACK_RIGHT,39,0,car,0.8947368264198303,-7.710932843913856,-13.37446330143924,0.9166378831664724,4.724294791384407,2.1682956810928964,1.6879059876281508,2.965628605341021,-0.29413660398729236,0.08738195471612242,1.5360000000000003,-7.710932843913856,-13.37446330143924,0.9166378831664724,4.724294791384407,2.1682956810928964,1.6879059876281508,2.965628605341021,0.08738195471612242,1.5360000000000003,-0.29413660398729236
scene-1077,CAM_BACK_RIGHT,39,1,car,0.9024390578269958,-4.813705290425628,-17.147960122857366,0.744921935480059,4.780774584390408,2.708302831053782,1.5780663072333179,3.084319918400343,-0.19828363152141248,0.07407407407407407,1.5360000000000003,-4.813705290425628,-17.147960122857366,0.744921935480059,4.780774584390408,2.708302831053782,1.5780663072333179,3.084319918400343,0.07407407407407407,1.5360000000000003,-0.19828363152141248
scene-1077,CAM_FRONT,40,0,car,0.675126850605011,62.04616563103145,-5.948150183725891,0.17535460118149782,2.067617349840006,1.2658993832125889,1.062578077444327,3.1268606470966214,0.11814194562782387,0.0,0.0,62.04616563103145,-5.948150183725891,0.17535460118149782,2.067617349840006,1.2658993832125889,1.062578077444327,3.1268606470966214,0.0,0.0,0.11814194562782387
scene-1077,CAM_FRONT,40,1,car,0.7264957427978516,52.57870092084039,-17.74488796798112,0.8003861920051049,2.698013541759245,1.6352768887050289,1.3492327548260439,-2.9457448613949118,-0.37388657603808206,0.0,0.0,52.57870092084039,-17.74488796798112,0.8003861920051049,2.698013541759245,1.6352768887050289,1.3492327548260439,-2.9457448613949118,0.0,0.0,-0.37388657603808206
scene-1077,CAM_FRONT,40,2,car,0.8709677457809448,22.634561585229257,-0.44538269046522255,0.804555042439322,3.4857151478755313,2.1896528319476314,1.615935415888392,3.0678287518006164,-0.10849983833366506,0.04943181818181818,0.6090000000000001,22.634561585229257,-0.44538269046522255,0.804555042439322,3.4857151478755313,2.1896528319476314,1.615935415888392,3.0678287518006164,0.04943181818181818,0.6090000000000001,-0.10849983833366506
scene-1077,CAM_BACK,40,0,car,0.5586206912994385,-65.2737140345946,-28.42929956516098,-2.390270885509022,10.987700272666508,8.357891457488343,2.921371945421417,-3.047612423568613,3.6736385385414234,0.0,0.0,-65.2737140345946,-28.42929956516098,-2.390270885509022,10.987700272666508,8.357891457488343,2.921371945421417,-3.047612423568613,0.0,0.0,3.6736385385414234
scene-1077,CAM_BACK,40,1,car,0.827957034111023,-19.286700534336088,-16.861064647503483,0.8367737887957375,5.181210022327809,2.3445365806453538,1.8367391327105993,2.960781688302176,-0.07428409249754386,0.05838907469342252,1.2570000000000003,-19.286700534336088,-16.861064647503483,0.8367737887957375,5.181210022327809,2.3445365806453538,1.8367391327105993,2.960781688302176,0.05838907469342252,1.2570000000000003,-0.07428409249754386
scene-1077,CAM_BACK,40,2,car,0.5395683646202087,-67.12223929986392,-15.121649657876326,4.5929851617685635,30.535155253346915,20.852853555269846,10.672309295284549,2.9647488507416373,0.4420980804629444,0.0,0.0,-67.12223929986392,-15.121649657876326,4.5929851617685635,30.535155253346915,20.852853555269846,10.672309295284549,2.9647488507416373,0.0,0.0,0.4420980804629444
scene-1077,CAM_BACK,40,3,car,0.7815700173377991,-18.903329611121492,-11.930945825922299,1.2227702271776193,4.397584125632918,2.042429177065621,1.6281240928729477,2.598122960357144,-0.42622793789274915,0.07052556818181818,0.9930000000000002,-18.903329611121492,-11.930945825922299,1.2227702271776193,4.397584125632918,2.042429177065621,1.6281240928729477,2.598122960357144,0.07052556818181818,0.9930000000000002,-0.42622793789274915
scene-1077,CAM_BACK,40,4,car,0.6132930517196655,-73.63656368883126,-13.44438782230638,0.4180353704846479,4.891888439540011,3.286341307612986,2.2104794000294676,-2.9831450569928246,0.2751826925671953,0.0,0.0,-73.63656368883126,-13.44438782230638,0.4180353704846479,4.891888439540011,3.286341307612986,2.2104794000294676,-2.9831450569928246,0.0,0.0,0.2751826925671953
scene-1077,CAM_BACK,40,5,car,0.6952381134033203,-54.800626344858124,-12.807887794038477,0.21130370461984116,2.8165779184602187,2.804080575707353,1.5624091490644716,2.8282187638405674,0.2263812716667739,0.0,0.0,-54.800626344858124,-12.807887794038477,0.21130370461984116,2.8165779184602187,2.804080575707353,1.5624091490644716,2.8282187638405674,0.0,0.0,0.2263812716667739
scene-1077,CAM_BACK_RIGHT,40,0,car,0.8518518805503845,-18.731812815710136,-16.773159704358264,0.5881090606356391,5.107459253110029,2.492870303578961,1.7632021248826486,2.9859223525761713,0.026975614343069276,0.031633986928104575,0.7260000000000002,-18.731812815710136,-16.773159704358264,0.5881090606356391,5.107459253110029,2.492870303578961,1.7632021248826486,2.9859223525761713,0.031633986928104575,0.7260000000000002,0.026975614343069276
scene-1077,CAM_BACK_RIGHT,40,1,car,0.5936508178710938,0.8169182053167607,-9.265749892802441,1.2572761400035923,4.845308950383766,1.4589753025595442,2.436148175592181,2.850263071783328,-0.2715317933278403,0.3226273148148148,5.575000000000002,0.8169182053167607,-9.265749892802441,1.2572761400035923,4.845308950383766,1.4589753025595442,2.436148175592181,2.850263071783328,0.3226273148148148,5.575000000000002,-0.2715317933278403
