scene,cam,frame_idx,sam3_index,cls,score,center_x,center_y,center_z,length,width,height,yaw,below_ground,free_frac,free_m3,pipeline_center_x,pipeline_center_y,pipeline_center_z,pipeline_length,pipeline_width,pipeline_height,pipeline_yaw,pipeline_free_frac,pipeline_free_m3,pipeline_below_ground
scene-0553,CAM_FRONT,0,0,car,0.7538461089134216,126.12149492517366,15.257865461109686,-1.493113879441672,2.450438185574683,1.772728249771875,1.0032088251444264,-2.905759146296145,1.493808129088165,0.0,0.0,126.12149492517366,15.257865461109686,-1.493113879441672,2.450438185574683,1.772728249771875,1.0032088251444264,-2.905759146296145,0.0,0.0,1.493808129088165
scene-0553,CAM_FRONT,0,1,car,0.6908212304115295,135.2718018520514,11.518211988723923,-1.6158471521612148,2.337338401903253,1.9041670269810638,0.9211720286259224,-3.014078015128788,1.4974976029098754,0.0,0.0,135.2718018520514,11.518211988723923,-1.6158471521612148,2.337338401903253,1.9041670269810638,0.9211720286259224,-3.014078015128788,0.0,0.0,1.4974976029098754
scene-0553,CAM_FRONT,0,2,car,0.5747508406639099,136.98220536814037,24.323790951811606,-0.581486268943648,2.393936680999488,2.388592178934772,0.7879960729477351,2.605083537248081,0.5879891453146713,0.0,0.0,136.98220536814037,24.323790951811606,-0.581486268943648,2.393936680999488,2.388592178934772,0.7879960729477351,2.605083537248081,0.0,0.0,0.5879891453146713
scene-0553,CAM_FRONT,0,0,bicycle,0.8987342119216919,14.747315408587172,-5.4456350793312565,0.704909920746754,1.3978405733962012,0.7268303987487812,0.9043567745591146,1.6120620645368366,-0.10963210624399111,0.17346938775510204,0.15300000000000002,14.858199003856958,-5.493991142750367,0.8555581829516434,1.5116745587643319,0.9912719757753248,1.417395553851072,1.7577780355972101,0.08333333333333333,0.17500000000000004,-0.0037609788029018265
scene-0553,CAM_FRONT,0,0,construction vehicle,0.5508772134780884,153.07999367278686,-68.11515970815856,11.371764254208255,5.267833838956932,2.541901499685963,19.314167455748056,1.5243187638752849,0.2699190639672864,0.0,0.0,153.07999367278686,-68.11515970815856,11.371764254208255,5.267833838956932,2.541901499685963,19.314167455748056,1.5243187638752849,0.0,0.0,0.2699190639672864
scene-0553,CAM_FRONT,0,1,construction vehicle,0.5460992455482483,1.9025411117497388,-2.7583702724288695,-0.36831322841355685,0.32089382659842425,0.1813008676791008,0.8116804448767563,0.9154413319596054,0.762918601160544,0.0,0.0,1.9025411117497388,-2.7583702724288695,-0.36831322841355685,0.32089382659842425,0.1813008676791008,0.8116804448767563,0.9154413319596054,0.0,0.0,0.762918601160544
scene-0553,CAM_FRONT_LEFT,0,0,car,0.8400000333786011,38.18490750873933,46.649250132495894,0.3772373757132751,5.576170334390383,2.633714578355395,1.9780185890539779,2.1161678877211885,0.47635553030205613,0.0006181318681318681,0.018000000000000006,38.18490750873933,46.649250132495894,0.3772373757132751,5.576170334390383,2.633714578355395,1.9780185890539779,2.1161678877211885,0.0006181318681318681,0.018000000000000006,0.47635553030205613
scene-0553,CAM_FRONT_LEFT,0,1,car,0.7538461089134216,2.4202012432083486,22.552591404422433,1.199931483399534,1.0737534162754887,0.6204100822486325,0.563179619591993,-2.6511077037900597,-1.114109135857108,0.020202020202020204,0.008000000000000002,2.4202012432083486,22.552591404422433,1.199931483399534,1.0737534162754887,0.6204100822486325,0.563179619591993,-2.6511077037900597,0.020202020202020204,0.008000000000000002,-1.114109135857108
scene-0553,CAM_FRONT_LEFT,0,2,car,0.949367105960846,2.348871284534079,3.3106144180006067,0.7483807349703404,3.36806053171113,1.5822420312598164,1.07885632312742,2.7820200620981335,-0.14251954601996508,0.35260695187165775,2.1100000000000008,2.348871284534079,3.3106144180006067,0.7483807349703404,3.36806053171113,1.5822420312598164,1.07885632312742,2.7820200620981335,0.35260695187165775,2.1100000000000008,-0.14251954601996508
scene-0553,CAM_FRONT_LEFT,0,3,car,0.7142857313156128,13.87705195685038,23.662300719838722,1.0297806365308766,1.4084015950437063,0.8289084783750198,0.6945557219740314,1.8553729238886505,-0.9907408646284861,0.0,0.0,13.87705195685038,23.662300719838722,1.0297806365308766,1.4084015950437063,0.8289084783750198,0.6945557219740314,1.8553729238886505,0.0,0.0,-0.9907408646284861
scene-0553,CAM_FRONT_LEFT,0,4,car,0.5540069937705994,25.302989202549067,30.41202178446034,1.163007445053398,1.8114128988780767,0.8409588353404729,0.7226028303340329,2.0907238130747157,-1.1316434879247117,0.0,0.0,25.302989202549067,30.41202178446034,1.163007445053398,1.8114128988780767,0.8409588353404729,0.7226028303340329,2.0907238130747157,0.0,0.0,-1.1316434879247117
scene-0553,CAM_FRONT_LEFT,0,0,bus,0.7655677795410156,26.76498763460853,42.31215259071622,2.25037082101051,8.6768002226922,2.336498650797406,2.364198409436253,1.6241259694266807,-1.1217690201524757,0.00385224054639347,0.18500000000000003,26.76498763460853,42.31215259071622,2.25037082101051,8.6768002226922,2.336498650797406,2.364198409436253,1.6241259694266807,0.00385224054639347,0.18500000000000003,-1.1217690201524757
scene-0553,CAM_FRONT_RIGHT,0,0,car,0.8358974456787109,16.040354403752723,-42.2604328592324,1.9756428239262946,2.7779555137374032,1.4676133010410553,1.194181745408374,1.438700708323785,-0.5047821910902717,0.005158730158730159,0.026000000000000006,16.040354403752723,-42.2604328592324,1.9756428239262946,2.7779555137374032,1.4676133010410553,1.194181745408374,1.438700708323785,0.005158730158730159,0.026000000000000006,-0.5047821910902717
scene-0553,CAM_FRONT_RIGHT,0,1,car,0.8048780560493469,21.942531506210212,-53.4387146129213,2.056841650706245,2.8246229892790637,1.3000945012241445,1.013850363704206,1.4909762735687813,-0.4346170055820471,0.0,0.0,21.942531506210212,-53.4387146129213,2.056841650706245,2.8246229892790637,1.3000945012241445,1.013850363704206,1.4909762735687813,0.0,0.0,-0.4346170055820471
scene-0553,CAM_FRONT_RIGHT,0,2,car,0.7500000596046448,22.195560386948618,-48.84201175589095,1.904606640822235,2.4632918192470257,1.562251903314992,1.3045379729507172,2.022534290138733,-0.21160598587458646,0.015,0.07800000000000001,22.195560386948618,-48.84201175589095,1.904606640822235,2.4632918192470257,1.562251903314992,1.3045379729507172,2.022534290138733,0.015,0.07800000000000001,-0.21160598587458646
scene-0553,CAM_FRONT_RIGHT,0,3,car,0.8128654956817627,13.911366466439468,-40.83810581806126,1.2132222309502863,0.9996581154374198,0.5714083880997247,0.5287142941214888,1.6676028751089198,-0.11698904438453694,0.0,0.0,13.911366466439468,-40.83810581806126,1.2132222309502863,0.9996581154374198,0.5714083880997247,0.5287142941214888,1.6676028751089198,0.0,0.0,-0.11698904438453694
scene-0553,CAM_BACK,0,0,truck,0.976608157157898,-10.710101737924255,3.6905852572953375,1.8231994779596243,13.663458868118898,3.6866695812642836,4.961136402891382,-3.0485428803301997,0.7568767109853038,0.06812783586506214,17.267000000000007,-10.710101737924255,3.6905852572953375,1.8231994779596243,13.663458868118898,3.6866695812642836,4.961136402891382,-3.0485428803301997,0.06812783586506214,17.267000000000007,0.7568767109853038
scene-0553,CAM_BACK,0,1,truck,0.8709677457809448,-6.7210902665132375,0.18950023341148464,0.888394182343556,4.6249526677612325,2.816249202251565,2.271328614830411,3.1389297719723626,0.2475830047532367,0.16459627329192547,4.876000000000001,-6.7210902665132375,0.18950023341148464,0.888394182343556,4.6249526677612325,2.816249202251565,2.271328614830411,3.1389297719723626,0.16459627329192547,4.876000000000001,0.2475830047532367
scene-0553,CAM_BACK_LEFT,0,0,car,0.6878048777580261,0.9976561936028742,22.632725576879956,1.0105596081857382,2.2356391509334936,1.0237621074344183,0.8237595634882845,-2.961001681990548,-0.9013089992435674,0.023863636363636365,0.04200000000000001,0.9976561936028742,22.632725576879956,1.0105596081857382,2.2356391509334936,1.0237621074344183,0.8237595634882845,-2.961001681990548,0.023863636363636365,0.04200000000000001,-0.9013089992435674
scene-0553,CAM_BACK_LEFT,0,1,car,0.5311355590820312,2.356624354628625,22.591407790583172,0.9926310294270204,0.4486717883414748,0.33253489370609035,0.4533929004643915,1.7977371908860569,-1.0688694046152043,0.0,0.0,2.356624354628625,22.591407790583172,0.9926310294270204,0.4486717883414748,0.33253489370609035,0.4533929004643915,1.7977371908860569,0.0,0.0,-1.0688694046152043
scene-0553,CAM_BACK_LEFT,0,2,car,0.9649122953414917,0.7718681026257831,3.4617886496265973,0.8137519070122724,4.555743061970117,1.5212337459753282,1.4197208651212094,-2.9280243408010636,0.07968734458481608,0.3505175983436853,3.3860000000000006,0.7718681026257831,3.4617886496265973,0.8137519070122724,4.555743061970117,1.5212337459753282,1.4197208651212094,-2.9280243408010636,0.3505175983436853,3.3860000000000006,0.07968734458481608
scene-0553,CAM_FRONT,1,0,car,0.7142857313156128,118.86883959224818,15.158696950059024,-2.7716594211270618,1.6810334917810508,1.6584748397445637,1.568305548012813,-2.7277782092635263,2.969437912296554,0.0,0.0,118.86883959224818,15.158696950059024,-2.7716594211270618,1.6810334917810508,1.6584748397445637,1.568305548012813,-2.7277782092635263,0.0,0.0,2.969437912296554
scene-0553,CAM_FRONT,1,1,car,0.507692277431488,126.97928842361705,23.09985520191841,0.29895122222996845,3.1127675537709933,2.009723632874838,1.3608611910964141,0.881614063943477,-0.2695607634958788,0.0,0.0,126.97928842361705,23.09985520191841,0.29895122222996845,3.1127675537709933,2.009723632874838,1.3608611910964141,0.881614063943477,0.0,0.0,-0.2695607634958788
scene-0553,CAM_FRONT,1,2,car,0.6717948913574219,125.58229082616286,11.16533488709738,-1.5476867458262678,1.870908978981575,1.39843240629542,1.3117928973798656,-2.8543563605482603,1.6032143371324725,0.0,0.0,125.58229082616286,11.16533488709738,-1.5476867458262678,1.870908978981575,1.39843240629542,1.3117928973798656,-2.8543563605482603,0.0,0.0,1.6032143371324725
scene-0553,CAM_FRONT,1,0,bicycle,0.8358974456787109,14.941063122849423,-7.520283755878712,0.8672842973003136,1.4790912171228912,0.7353001596394595,0.973594293416268,1.3742913344962786,-0.15994339351114784,0.2342857142857143,0.24600000000000008,14.941063122849423,-7.520283755878712,0.8672842973003136,1.4790912171228912,0.7353001596394595,0.973594293416268,1.3742913344962786,0.2342857142857143,0.24600000000000008,-0.15994339351114784
scene-0553,CAM_FRONT_LEFT,1,0,car,0.7538461089134216,24.9907337966221,30.253052399855644,1.2547581914477925,2.46525769368084,1.405943938138158,1.0930139932266942,2.1285503245791433,-1.0024807618853793,0.044675324675324674,0.17200000000000004,24.9907337966221,30.253052399855644,1.2547581914477925,2.46525769368084,1.405943938138158,1.0930139932266942,2.1285503245791433,0.044675324675324674,0.17200000000000004,-1.0024807618853793
scene-0553,CAM_FRONT_LEFT,1,1,car,0.7460317611694336,2.445066097911099,22.52295013994761,1.3013463962499499,0.9492689639506011,0.5930301225041585,0.48515987366749824,1.0253677636776184,-1.0900756691802045,0.1259259259259259,0.034,2.445066097911099,22.52295013994761,1.3013463962499499,0.9492689639506011,0.5930301225041585,0.48515987366749824,1.0253677636776184,0.1259259259259259,0.034,-1.0900756691802045
scene-0553,CAM_FRONT_LEFT,1,2,car,0.949367105960846,2.4161159258430573,3.3008892711027493,0.7814074276348119,3.267386072193611,1.5364945337855893,1.0289527003794292,2.7957198992490806,-0.20475928297097234,0.3884848484848485,1.9230000000000005,2.4161159258430573,3.3008892711027493,0.7814074276348119,3.267386072193611,1.5364945337855893,1.0289527003794292,2.7957198992490806,0.3884848484848485,1.9230000000000005,-0.20475928297097234
scene-0553,CAM_FRONT_LEFT,1,3,car,0.8012422323226929,19.222546588173753,25.31851319864982,0.712995092964069,4.0548544706127885,1.8286802572634215,1.426193686742718,1.8433289730721076,-0.3604555077218299,0.019260549748354627,0.19900000000000004,19.222546588173753,25.31851319864982,0.712995092964069,4.0548544706127885,1.8286802572634215,1.426193686742718,1.8433289730721076,0.019260549748354627,0.19900000000000004,-0.3604555077218299
scene-0553,CAM_FRONT_LEFT,1,4,car,0.7229437232017517,37.21052681091258,42.84828119326297,0.5634739301877639,5.075367468488821,2.297164598025823,1.8893521073827115,1.5417641359165233,0.3726180190252326,0.0014806838067034595,0.03300000000000001,37.21052681091258,42.84828119326297,0.5634739301877639,5.075367468488821,2.297164598025823,1.8893521073827115,1.5417641359165233,0.0014806838067034595,0.03300000000000001,0.3726180190252326
scene-0553,CAM_FRONT_LEFT,1,0,bus,0.5114504098892212,5.045493374051572,7.137043364523159,1.5070018169936663,0.7670973612105358,0.2750294869691299,0.41772157730486215,1.6107690146994404,-1.3277820456590073,0.3125,0.03000000000000001,5.045493374051572,7.137043364523159,1.5070018169936663,0.7670973612105358,0.2750294869691299,0.41772157730486215,1.6107690146994404,0.3125,0.03000000000000001,-1.3277820456590073
scene-0553,CAM_FRONT_LEFT,1,1,bus,0.7968254089355469,28.119199608185138,43.51518968367817,2.0009692812554944,9.607011833876612,2.8033311269569623,2.890398517989084,1.5493832386110395,-0.03593544422369055,0.0021295155993431856,0.16600000000000004,28.119199608185138,43.51518968367817,2.0009692812554944,9.607011833876612,2.8033311269569623,2.890398517989084,1.5493832386110395,0.0021295155993431856,0.16600000000000004,-0.03593544422369055
scene-0553,CAM_FRONT_RIGHT,1,0,car,0.8083832263946533,23.564923673454306,-62.198077054406156,2.449561447578466,3.6817155378510087,2.1074567088439835,1.7913412116955951,-2.430167031042754,-0.3706619913659832,0.0,0.0,23.564923673454306,-62.198077054406156,2.449561447578466,3.6817155378510087,2.1074567088439835,1.7913412116955951,-2.430167031042754,0.0,0.0,-0.3706619913659832
scene-0553,CAM_FRONT_RIGHT,1,1,car,0.8012422323226929,21.716702209097303,-53.60620768100886,1.7076167709234933,2.880404614111953,1.232303083049672,1.001490809373771,1.5976430719570658,-0.18864235851566047,0.0,0.0,21.716702209097303,-53.60620768100886,1.7076167709234933,2.880404614111953,1.232303083049672,1.001490809373771,1.5976430719570658,0.0,0.0,-0.18864235851566047
scene-0553,CAM_FRONT_RIGHT,1,2,car,0.7620818018913269,22.29666627569554,-48.96531145225146,1.917757952566975,2.6135897987097323,1.6794775280609824,1.446750036315085,2.0272897482985117,-0.2434259937584926,0.011635423400129283,0.07200000000000002,22.29666627569554,-48.96531145225146,1.917757952566975,2.6135897987097323,1.6794775280609824,1.446750036315085,2.0272897482985117,0.011635423400129283,0.07200000000000002,-0.2434259937584926
scene-0553,CAM_FRONT_RIGHT,1,3,car,0.7887788414955139,13.830056391421284,-40.17853871364318,1.3873957557672116,1.8296382134289502,0.8245201102165434,0.74207849610492,1.8594512862707926,-0.30769340175009097,0.0,0.0,13.830056391421284,-40.17853871364318,1.3873957557672116,1.8296382134289502,0.8245201102165434,0.74207849610492,1.8594512862707926,0.0,0.0,-0.30769340175009097
scene-0553,CAM_FRONT_RIGHT,1,0,bicycle,0.9024390578269958,14.772266331317239,-7.412534235981295,0.851779897682412,1.4555152828894489,0.7283309049619735,1.0206769496535388,1.4466375383638908,-0.184736609613684,0.24095238095238095,0.25300000000000006,14.773444644015523,-7.412109602593591,0.8474880309200871,1.4554421791096317,0.7282699713571485,1.413414744618146,1.4356220840086937,0.14421768707482993,0.21200000000000005,0.015924154630944543
scene-0553,CAM_BACK,1,0,truck,0.976608157157898,-10.826231224158668,3.556988288206891,1.7463228690875716,13.761930232403149,3.439081965217825,4.954637664045601,-3.0531630681400244,0.6851847121293739,0.06478260869565218,15.198000000000004,-10.826231224158668,3.556988288206891,1.7463228690875716,13.761930232403149,3.439081965217825,4.954637664045601,-3.0531630681400244,0.06478260869565218,15.198000000000004,0.6851847121293739
scene-0553,CAM_BACK,1,1,truck,0.8632478713989258,-6.642048558395586,0.18391904355735303,0.9040738456582883,4.445298767677019,2.8457410953799425,2.317157365436503,-3.139688873141556,0.2450376227140313,0.17895962732919254,5.071000000000001,-6.642048558395586,0.18391904355735303,0.9040738456582883,4.445298767677019,2.8457410953799425,2.317157365436503,-3.139688873141556,0.17895962732919254,5.071000000000001,0.2450376227140313
scene-0553,CAM_BACK_LEFT,1,0,car,0.5631399154663086,-3.889902320485972,4.397188931934763,0.5236337942557614,0.598727023649146,0.1529674536651956,0.5999736496742014,2.415729446361145,-0.23815964243902354,0.3611111111111111,0.02600000000000001,-3.889902320485972,4.397188931934763,0.5236337942557614,0.598727023649146,0.1529674536651956,0.5999736496742014,2.415729446361145,0.3611111111111111,0.02600000000000001,-0.23815964243902354
scene-0553,CAM_BACK_LEFT,1,1,car,0.5395683646202087,2.366565430878602,22.61362419189277,0.9648589851521522,0.5854534029497795,0.24177114249006948,0.5124441518392187,2.4940783386133667,-0.8875991250137547,0.0,0.0,2.366565430878602,22.61362419189277,0.9648589851521522,0.5854534029497795,0.24177114249006948,0.5124441518392187,2.4940783386133667,0.0,0.0,-0.8875991250137547
scene-0553,CAM_BACK_LEFT,1,2,car,0.96875,0.8507813077633838,3.4398069960441098,0.7707118574509091,4.676023972903597,1.5638056001821976,1.4747166473013467,-2.925181994045803,0.15049313360870742,0.33856382978723404,3.819000000000001,0.8507813077633838,3.4398069960441098,0.7707118574509091,4.676023972903597,1.5638056001821976,1.4747166473013467,-2.925181994045803,0.33856382978723404,3.819000000000001,0.15049313360870742
scene-0553,CAM_BACK_LEFT,1,3,car,0.7387754917144775,1.0000378199236486,22.712386498416684,0.9590903070013573,2.622360517790769,1.21780596886261,0.9434058674857491,-2.92861515357141,-0.6629020861882085,0.018518518518518517,0.05200000000000001,1.0000378199236486,22.712386498416684,0.9590903070013573,2.622360517790769,1.21780596886261,0.9434058674857491,-2.92861515357141,0.018518518518518517,0.05200000000000001,-0.6629020861882085
scene-0553,CAM_FRONT,2,0,car,0.7387754917144775,135.04170828885555,16.733499886933046,-0.9053144251510742,3.7790054431987983,2.5537947721290166,1.1887068740899716,-2.7908666603383905,1.0296737344456632,0.0,0.0,135.04170828885555,16.733499886933046,-0.9053144251510742,3.7790054431987983,2.5537947721290166,1.1887068740899716,-2.7908666603383905,0.0,0.0,1.0296737344456632
scene-0553,CAM_FRONT,2,1,car,0.6878048777580261,134.28091374768522,11.751117501533145,-0.974030655889186,3.4931165619026956,2.4800190399644677,1.1554557573450444,-2.799164289038478,1.0747671493402269,0.0,0.0,134.28091374768522,11.751117501533145,-0.974030655889186,3.4931165619026956,2.4800190399644677,1.1554557573450444,-2.799164289038478,0.0,0.0,1.0747671493402269
scene-0553,CAM_FRONT,2,2,car,0.5311355590820312,136.38513582872756,25.22161999710706,-0.4863074446705734,2.1160514647218065,2.123920603144935,0.7424411977770686,-3.0040742113368593,0.40077526645949835,0.0,0.0,136.38513582872756,25.22161999710706,-0.4863074446705734,2.1160514647218065,2.123920603144935,0.7424411977770686,-3.0040742113368593,0.0,0.0,0.40077526645949835
scene-0553,CAM_FRONT_LEFT,2,0,car,0.7500000596046448,2.4088401663537082,22.46511281295328,1.2131211957936245,0.9380184729765446,0.6865923585707385,0.3560511945535523,2.3953986061934813,-1.363946612892535,0.0992063492063492,0.025000000000000005,2.4088401663537082,22.46511281295328,1.2131211957936245,0.9380184729765446,0.6865923585707385,0.3560511945535523,2.3953986061934813,0.0992063492063492,0.025000000000000005,-1.363946612892535
scene-0553,CAM_FRONT_LEFT,2,1,car,0.9532163739204407,2.3112050781977054,3.256209261962464,0.7228095523976859,3.335410395750598,1.575621664669273,1.070427615220611,2.7786494050786503,-0.0861184794294092,0.3551997245179063,2.0630000000000006,2.3112050781977054,3.256209261962464,0.7228095523976859,3.335410395750598,1.575621664669273,1.070427615220611,2.7786494050786503,0.3551997245179063,2.0630000000000006,-0.0861184794294092
scene-0553,CAM_FRONT_LEFT,2,2,car,0.7299578189849854,45.78914329069362,45.28720577149857,-0.3511500053050065,5.981983256440991,2.733024916739687,2.2193742410566832,1.6521681095162999,1.1397674680307663,0.0007014590347923681,0.025000000000000005,45.78914329069362,45.28720577149857,-0.3511500053050065,5.981983256440991,2.733024916739687,2.2193742410566832,1.6521681095162999,0.0007014590347923681,0.025000000000000005,1.1397674680307663
scene-0553,CAM_FRONT_LEFT,2,3,car,0.8160918951034546,18.636350157774196,22.83472811196702,0.6436437871815407,4.472486449935323,1.9939163767469559,1.4915858845939602,2.0379811131528567,-0.2410064077622156,0.01762962962962963,0.23800000000000007,18.636350157774196,22.83472811196702,0.6436437871815407,4.472486449935323,1.9939163767469559,1.4915858845939602,2.0379811131528567,0.01762962962962963,0.23800000000000007,-0.2410064077622156
scene-0553,CAM_FRONT_LEFT,2,4,car,0.719298243522644,24.31308559405705,28.431086721602764,0.9735438188720359,2.679463301952566,1.287464982262032,1.05955701661533,0.9541084129021624,-0.7790551762965638,0.026677026677026677,0.10300000000000004,24.31308559405705,28.431086721602764,0.9735438188720359,2.679463301952566,1.287464982262032,1.05955701661533,0.9541084129021624,0.026677026677026677,0.10300000000000004,-0.7790551762965638
scene-0553,CAM_FRONT_LEFT,2,0,bus,0.5936508178710938,7.672482948749818,12.275181924811362,1.6198897228859535,1.8699365745410201,0.6647501917815681,1.009682587498837,1.727496636374265,-1.4156459180166925,0.12255639097744361,0.16300000000000003,7.672482948749818,12.275181924811362,1.6198897228859535,1.8699365745410201,0.6647501917815681,1.009682587498837,1.727496636374265,0.12255639097744361,0.16300000000000003,-1.4156459180166925
scene-0553,CAM_FRONT_LEFT,2,1,bus,0.7500000596046448,24.74834095595439,37.356847407193214,1.8792149404457663,7.023839795712693,2.931662115524759,2.690531855316528,1.9963111633869557,-0.842969591648739,0.013610654989965335,0.7460000000000002,24.74834095595439,37.356847407193214,1.8792149404457663,7.023839795712693,2.931662115524759,2.690531855316528,1.9963111633869557,0.013610654989965335,0.7460000000000002,-0.842969591648739
scene-0553,CAM_FRONT_RIGHT,2,0,car,0.8160918951034546,22.970134896394335,-62.771571933859285,2.0779545250331584,3.828050580126586,1.9489504867866145,1.6713221232458246,1.3242818165965229,0.15666355067361626,0.0,0.0,22.970134896394335,-62.771571933859285,2.0779545250331584,3.828050580126586,1.9489504867866145,1.6713221232458246,1.3242818165965229,0.0,0.0,0.15666355067361626
scene-0553,CAM_FRONT_RIGHT,2,1,car,0.8083832263946533,21.947721008005523,-53.378822587836225,2.072800593983006,2.878082334872346,1.2907160913662103,1.03855401543391,1.5184540490215412,-0.3444966535496814,0.0,0.0,21.947721008005523,-53.378822587836225,2.072800593983006,2.878082334872346,1.2907160913662103,1.03855401543391,1.5184540490215412,0.0,0.0,-0.3444966535496814
scene-0553,CAM_FRONT_RIGHT,2,2,car,0.7460317611694336,22.374552815473535,-49.40900016751807,1.8107220455135957,2.6476136023823713,1.66089900231621,1.4736217871116484,1.8182484909858596,0.06263307564232612,0.007993966817496229,0.05300000000000001,22.374552815473535,-49.40900016751807,1.8107220455135957,2.6476136023823713,1.66089900231621,1.4736217871116484,1.8182484909858596,0.007993966817496229,0.05300000000000001,0.06263307564232612
scene-0553,CAM_FRONT_RIGHT,2,3,car,0.7852349281311035,13.71229596730086,-39.95158607759395,1.2634891789384106,1.093177911989855,0.7058065955610422,0.7136385304910602,1.7552114538902146,-0.04968935148279752,0.0,0.0,13.71229596730086,-39.95158607759395,1.2634891789384106,1.093177911989855,0.7058065955610422,0.7136385304910602,1.7552114538902146,0.0,0.0,-0.04968935148279752
scene-0553,CAM_FRONT_RIGHT,2,0,bicycle,0.9179486632347107,14.58248904262395,-8.978438828991758,1.009230120872812,1.5343208919997782,0.7629917508034314,1.098294881211217,1.3903553831396294,-0.24566160170446705,0.1803030303030303,0.23800000000000004,14.729961616388612,-9.001761819069115,0.9467957556312083,1.5287401369201952,1.0986066012160798,1.4811057982346574,1.4810864700490265,0.1701010101010101,0.4210000000000001,0.008178222048856876
scene-0553,CAM_BACK,2,0,truck,0.976608157157898,-10.691259574336302,3.5015692278768578,1.7608481767763227,13.785349769405677,3.383088590611553,4.96896906685445,-3.060830077282496,0.6740709668985145,0.07327365728900256,17.190000000000005,-10.691259574336302,3.5015692278768578,1.7608481767763227,13.785349769405677,3.383088590611553,4.96896906685445,-3.060830077282496,0.07327365728900256,17.190000000000005,0.6740709668985145
scene-0553,CAM_BACK,2,1,truck,0.8750000596046448,-6.60259207074813,0.18525284186539176,0.8867328670127659,4.438134004176349,2.8630103499983526,2.3141084007008104,-3.1392903348540537,0.24368228905281875,0.17820635136976967,5.230000000000001,-6.60259207074813,0.18525284186539176,0.8867328670127659,4.438134004176349,2.8630103499983526,2.3141084007008104,-3.1392903348540537,0.17820635136976967,5.230000000000001,0.24368228905281875
scene-0553,CAM_BACK_LEFT,2,0,car,0.5241636037826538,2.301609527246779,22.57270881542449,1.0332295912743972,0.5605493198475404,0.2625589767380312,0.5066255532015389,-2.8995436290096794,-0.891825563419546,0.0,0.0,2.301609527246779,22.57270881542449,1.0332295912743972,0.5605493198475404,0.2625589767380312,0.5066255532015389,-2.8995436290096794,0.0,0.0,-0.891825563419546
scene-0553,CAM_BACK_LEFT,2,1,car,0.9649122953414917,0.7840878844153347,3.4223987607234707,0.8002865981703201,4.559810606311416,1.5384699249671567,1.4343441576188234,-2.9232625287113794,0.004568517562500096,0.35714285714285715,3.4500000000000006,0.7840878844153347,3.4223987607234707,0.8002865981703201,4.559810606311416,1.5384699249671567,1.4343441576188234,-2.9232625287113794,0.35714285714285715,3.4500000000000006,0.004568517562500096
scene-0553,CAM_BACK_LEFT,2,2,car,0.6831682920455933,0.9183218589836791,22.667313907377522,1.023528444345294,2.465208112156108,1.145993761363254,0.8912974635165245,-2.925292087446432,-0.6753559714609714,0.03191919191919192,0.07900000000000001,0.9183218589836791,22.667313907377522,1.023528444345294,2.465208112156108,1.145993761363254,0.8912974635165245,-2.925292087446432,0.03191919191919192,0.07900000000000001,-0.6753559714609714
scene-0553,CAM_FRONT,3,0,car,0.7104072570800781,139.09014080499645,17.049002800564043,-2.0173962982854814,2.3863969533421763,2.3059268247943407,0.8295167335903284,1.8026093978098463,1.9085997439304379,0.0,0.0,139.09014080499645,17.049002800564043,-2.0173962982854814,2.3863969533421763,2.3059268247943407,0.8295167335903284,1.8026093978098463,0.0,0.0,1.9085997439304379
scene-0553,CAM_FRONT,3,1,car,0.6683937907218933,134.83467262300732,11.917861085912984,-2.250377930204877,2.128966527800955,2.128744312558851,1.0697879917679338,0.9279145191850284,2.2384166552262643,0.0,0.0,134.83467262300732,11.917861085912984,-2.250377930204877,2.128966527800955,2.128744312558851,1.0697879917679338,0.9279145191850284,0.0,0.0,2.2384166552262643
scene-0553,CAM_FRONT,3,2,car,0.6604774594306946,120.53954590510982,21.879916907803892,0.0597578835415552,3.420143462351845,2.1670379138984295,1.6270187795001563,3.115721530243467,0.3029008406392175,0.0,0.0,120.53954590510982,21.879916907803892,0.0597578835415552,3.420143462351845,2.1670379138984295,1.6270187795001563,3.115721530243467,0.0,0.0,0.3029008406392175
scene-0553,CAM_FRONT,3,0,construction vehicle,0.5038759708404541,-8.933737492959853,-0.18557905160432173,-1.1414769780276426,1.060392126121756,0.16476669081467143,1.2407224306418985,2.2098377030000624,1.7563523159539156,0.0,0.0,-8.933737492959853,-0.18557905160432173,-1.1414769780276426,1.060392126121756,0.16476669081467143,1.2407224306418985,2.2098377030000624,0.0,0.0,1.7563523159539156
scene-0553,CAM_FRONT_LEFT,3,0,car,0.9139785170555115,26.061236324535717,23.682933228057497,0.7440346744157643,3.892386160250277,1.6771171416209896,1.2953967275803018,1.892952318658873,-0.46251863789612124,0.004176818656456666,0.036000000000000004,26.061236324535717,23.682933228057497,0.7440346744157643,3.892386160250277,1.6771171416209896,1.2953967275803018,1.892952318658873,0.004176818656456666,0.036000000000000004,-0.46251863789612124
scene-0553,CAM_FRONT_LEFT,3,1,car,0.7419355511665344,2.3755454147081165,22.570649995280164,1.2973898729536426,1.0463459827084138,0.6588561664841848,0.5236379972232166,-2.9740480621719647,-1.1478273267832497,0.002857142857142857,0.0010000000000000002,2.3755454147081165,22.570649995280164,1.2973898729536426,1.0463459827084138,0.6588561664841848,0.5236379972232166,-2.9740480621719647,0.002857142857142857,0.0010000000000000002,-1.1478273267832497
scene-0553,CAM_FRONT_LEFT,3,2,car,0.9532163739204407,2.3418447226137333,3.2459646428336932,0.7507192913306125,3.2170685715643654,1.4997527459305098,1.0135892477702158,2.765542895083758,-0.21897788843282462,0.3725,1.7880000000000003,2.3418447226137333,3.2459646428336932,0.7507192913306125,3.2170685715643654,1.4997527459305098,1.0135892477702158,2.765542895083758,0.3725,1.7880000000000003,-0.21897788843282462
scene-0553,CAM_FRONT_LEFT,3,3,car,0.7697842121124268,19.02889712151792,21.39075976039598,0.6455789187195607,3.842939545744354,1.7664171742470565,1.3020029992293487,1.575614455640826,-0.3832193129685644,0.001349527665317139,0.012000000000000002,19.02889712151792,21.39075976039598,0.6455789187195607,3.842939545744354,1.7664171742470565,1.3020029992293487,1.575614455640826,0.001349527665317139,0.012000000000000002,-0.3832193129685644
scene-0553,CAM_FRONT_LEFT,3,4,car,0.6132930517196655,23.24607748175831,28.853367346469547,1.72768225232019,3.087271052214696,1.3992351910135525,1.0657965235940297,1.7386261157933711,-1.609339838167981,0.025136154168412233,0.12000000000000002,23.24607748175831,28.853367346469547,1.72768225232019,3.087271052214696,1.3992351910135525,1.0657965235940297,1.7386261157933711,0.025136154168412233,0.12000000000000002,-1.609339838167981
scene-0553,CAM_FRONT_LEFT,3,0,bus,0.5508772134780884,37.923783786020074,56.239344882531704,1.9462146992225253,8.90437314772813,3.5083460722107844,3.569583073967794,2.5616712652938753,-0.6476828015017815,0.0,0.0,37.923783786020074,56.239344882531704,1.9462146992225253,8.90437314772813,3.5083460722107844,3.569583073967794,2.5616712652938753,0.0,0.0,-0.6476828015017815
scene-0553,CAM_FRONT_RIGHT,3,0,car,0.7968254089355469,22.711407899264902,-62.88091535072593,2.005629819650965,4.014776007879064,1.9520907335389452,1.7285016103167965,1.5511877021653204,-0.02004958772712495,0.0,0.0,22.711407899264902,-62.88091535072593,2.005629819650965,4.014776007879064,1.9520907335389452,1.7285016103167965,1.5511877021653204,0.0,0.0,-0.02004958772712495
scene-0553,CAM_FRONT_RIGHT,3,1,car,0.7852349281311035,21.985977328474846,-53.71566146252381,1.9091811204091225,2.941486344982451,1.333362894046342,1.0412566713275897,1.5703785811711817,-0.41938561183654466,0.0,0.0,21.985977328474846,-53.71566146252381,1.9091811204091225,2.941486344982451,1.333362894046342,1.0412566713275897,1.5703785811711817,0.0,0.0,-0.41938561183654466
scene-0553,CAM_FRONT_RIGHT,3,2,car,0.7344398498535156,22.195520870537614,-48.895721445592635,1.854080912184958,2.525996274341253,1.558200273030438,1.3198182203031819,1.9402449940373567,-0.295560256470623,0.012884615384615385,0.06700000000000002,22.195520870537614,-48.895721445592635,1.854080912184958,2.525996274341253,1.558200273030438,1.3198182203031819,1.9402449940373567,0.012884615384615385,0.06700000000000002,-0.295560256470623
scene-0553,CAM_FRONT_RIGHT,3,3,car,0.7730495929718018,13.44957816280511,-39.69976250823017,1.1813321539799158,1.4330055138594204,0.6740607304678392,0.6109390144311042,1.8849236261135514,-0.17085157698973596,0.0,0.0,13.44957816280511,-39.69976250823017,1.1813321539799158,1.4330055138594204,0.6740607304678392,0.6109390144311042,1.8849236261135514,0.0,0.0,-0.17085157698973596
scene-0553,CAM_FRONT_RIGHT,3,0,bicycle,0.8947368264198303,14.469538700199038,-10.692369318483788,0.9802133587389704,1.504886462668793,0.76456741408456,1.1311462386508573,1.5841966307597029,-0.05131419652299307,0.17727272727272728,0.23400000000000004,14.609398420278342,-10.681278060596462,1.035372334712369,1.489660899965454,1.079338860310843,1.3683973167673695,1.7252022608137785,0.1380952380952381,0.3190000000000001,0.01215236656186458
scene-0553,CAM_BACK,3,0,truck,0.9726027250289917,-10.553911483646075,3.561303811128112,1.8103235495995098,13.463592626821015,3.4079424073122624,4.927629411373085,-3.0623476596966857,0.6555891799784819,0.07125516873416034,16.026000000000007,-10.553911483646075,3.561303811128112,1.8103235495995098,13.463592626821015,3.4079424073122624,4.927629411373085,-3.0623476596966857,0.07125516873416034,16.026000000000007,0.6555891799784819
scene-0553,CAM_BACK,3,1,truck,0.8750000596046448,-6.571309243505429,0.16887879581349666,0.8832706286839915,4.324538340848345,2.8102207252264817,2.2700958978758035,3.133023452525295,0.251031353223385,0.17676585295392172,4.895000000000001,-6.571309243505429,0.16887879581349666,0.8832706286839915,4.324538340848345,2.8102207252264817,2.2700958978758035,3.133023452525295,0.17676585295392172,4.895000000000001,0.251031353223385
scene-0553,CAM_BACK_LEFT,3,0,car,0.5276752710342407,2.3363694501669414,22.724602032567923,1.0128887525604497,0.7477357856734095,0.5534097446227904,0.3083917953311437,1.8504503712162628,-0.9140924143331065,0.0,0.0,2.3363694501669414,22.724602032567923,1.0128887525604497,0.7477357856734095,0.5534097446227904,0.3083917953311437,1.8504503712162628,0.0,0.0,-0.9140924143331065
scene-0553,CAM_BACK_LEFT,3,1,car,0.96875,0.8082672369221267,3.450580384900526,0.7973163750625989,4.664933615172401,1.563927238208353,1.4728605234040906,-2.934725804304025,-0.012348777070670947,0.3458333333333333,3.901000000000001,0.8082672369221267,3.450580384900526,0.7973163750625989,4.664933615172401,1.563927238208353,1.4728605234040906,-2.934725804304025,0.3458333333333333,3.901000000000001,-0.012348777070670947
scene-0553,CAM_BACK_LEFT,3,2,car,0.7229437232017517,0.9954047088766669,22.644717048074497,1.018237760734956,2.3954382873732523,1.088603038311188,0.8854096702481062,-2.975138566026975,-0.616381523495081,0.03198653198653199,0.07600000000000003,0.9954047088766669,22.644717048074497,1.018237760734956,2.3954382873732523,1.088603038311188,0.8854096702481062,-2.975138566026975,0.03198653198653199,0.07600000000000003,-0.616381523495081
scene-0553,CAM_FRONT,4,0,car,0.5276752710342407,115.98902007612426,19.63194558893242,-1.6475361365988423,2.0000966471716453,1.6576425977949185,0.6885564005381632,-3.0914151698706234,1.1907968140560343,0.0,0.0,115.98902007612426,19.63194558893242,-1.6475361365988423,2.0000966471716453,1.6576425977949185,0.6885564005381632,-3.0914151698706234,0.0,0.0,1.1907968140560343
scene-0553,CAM_FRONT,4,1,car,0.7142857313156128,120.96976936603129,14.727374721738903,-1.8398098481269776,1.6255534994914314,1.6367406985077366,1.2976138219249962,-2.3591417769752647,1.6384769027509747,0.0,0.0,120.96976936603129,14.727374721738903,-1.8398098481269776,1.6255534994914314,1.6367406985077366,1.2976138219249962,-2.3591417769752647,0.0,0.0,1.6384769027509747
scene-0553,CAM_FRONT,4,2,car,0.7104072570800781,125.65270712251017,11.235991793750973,-1.5376964773490507,1.9630766597894507,1.9447215689884843,1.0562572175247955,0.931622801351842,1.1789958291000349,0.0,0.0,125.65270712251017,11.235991793750973,-1.5376964773490507,1.9630766597894507,1.9447215689884843,1.0562572175247955,0.931622801351842,0.0,0.0,1.1789958291000349
scene-0553,CAM_FRONT,4,3,car,0.7037037014961243,105.17422789430235,19.995739321168244,0.6436311256404162,2.4398741448423493,1.54819928822306,1.2215757871948478,1.9222796888948783,-0.7545135616137626,0.0,0.0,105.17422789430235,19.995739321168244,0.6436311256404162,2.4398741448423493,1.54819928822306,1.2215757871948478,1.9222796888948783,0.0,0.0,-0.7545135616137626
scene-0553,CAM_FRONT_LEFT,4,0,car,0.7500000596046448,2.4530554072394812,22.76207437476898,1.3174201771941456,0.9632863717659141,0.6194512638235028,0.4326226940844191,1.4692109931213513,-1.3138977994302716,0.029166666666666667,0.007000000000000002,2.4530554072394812,22.76207437476898,1.3174201771941456,0.9632863717659141,0.6194512638235028,0.4326226940844191,1.4692109931213513,0.029166666666666667,0.007000000000000002,-1.3138977994302716
scene-0553,CAM_FRONT_LEFT,4,1,car,0.9259259104728699,44.600815091354356,35.47640628043336,0.03865637634507868,7.368562361939029,3.129546692473582,2.5178583891358177,2.3972521101252524,1.0603591144235824,0.002929380993897123,0.16800000000000007,44.600815091354356,35.47640628043336,0.03865637634507868,7.368562361939029,3.129546692473582,2.5178583891358177,2.3972521101252524,0.002929380993897123,0.16800000000000007,1.0603591144235824
scene-0553,CAM_FRONT_LEFT,4,2,car,0.7575758099555969,23.218327761113095,26.420433815774363,0.3815976928032233,4.744649877649135,2.9190529362262936,2.596964917630153,2.200877902105367,0.5574996332222414,0.001072295276257125,0.038000000000000006,23.218327761113095,26.420433815774363,0.3815976928032233,4.744649877649135,2.9190529362262936,2.596964917630153,2.200877902105367,0.001072295276257125,0.038000000000000006,0.5574996332222414
scene-0553,CAM_FRONT_LEFT,4,3,car,0.9649122953414917,2.291466962881601,3.1947288883762344,0.6848689913521542,3.3599500552689006,1.582585952231498,1.075685808555067,2.76612852768888,-0.012175063519818785,0.31634358288770054,1.8930000000000005,2.291466962881601,3.1947288883762344,0.6848689913521542,3.3599500552689006,1.582585952231498,1.075685808555067,2.76612852768888,0.31634358288770054,1.8930000000000005,-0.012175063519818785
scene-0553,CAM_FRONT_LEFT,4,4,car,0.9024390578269958,18.644275453654668,16.699753730409096,0.6249138937190502,4.27061018198148,1.9555922335572546,1.4488401024271984,1.7188824656546526,-0.20568634285831044,0.04501661129568106,0.5420000000000001,18.644275453654668,16.699753730409096,0.6249138937190502,4.27061018198148,1.9555922335572546,1.4488401024271984,1.7188824656546526,0.04501661129568106,0.5420000000000001,-0.20568634285831044
scene-0553,CAM_FRONT_LEFT,4,0,bus,0.7387754917144775,18.837080989091227,30.27418322876355,1.6297922987374285,5.1447133540007,2.9975465124406,2.512076361053698,1.7807864583000421,-0.6706446154182211,0.010823529411764706,0.4140000000000001,18.837080989091227,30.27418322876355,1.6297922987374285,5.1447133540007,2.9975465124406,2.512076361053698,1.7807864583000421,0.010823529411764706,0.4140000000000001,-0.6706446154182211
scene-0553,CAM_FRONT_LEFT,4,1,bus,0.6831682920455933,25.14472368879874,34.25604337734789,1.8996317868008168,4.712476350507499,2.0997876687872505,2.41191774214973,2.3556310740257023,-1.004650285272842,0.013508949679162444,0.32000000000000006,25.14472368879874,34.25604337734789,1.8996317868008168,4.712476350507499,2.0997876687872505,2.41191774214973,2.3556310740257023,0.013508949679162444,0.32000000000000006,-1.004650285272842
scene-0553,CAM_FRONT_RIGHT,4,0,car,0.8128654956817627,23.47548722276664,-62.470458966889325,2.418889794008351,3.893745119142949,2.1546536959434093,1.90919157672534,0.9109915889489295,-0.44131736875908434,0.0,0.0,23.47548722276664,-62.470458966889325,2.418889794008351,3.893745119142949,2.1546536959434093,1.90919157672534,0.9109915889489295,0.0,0.0,-0.44131736875908434
scene-0553,CAM_FRONT_RIGHT,4,1,car,0.8012422323226929,21.83426931601523,-53.523231049587,1.9247460756650627,2.9977658335467154,1.348237702518123,1.0740486730332637,1.5834576442392996,-0.47410502228670603,0.0,0.0,21.83426931601523,-53.523231049587,1.9247460756650627,2.9977658335467154,1.348237702518123,1.0740486730332637,1.5834576442392996,0.0,0.0,-0.47410502228670603
scene-0553,CAM_FRONT_RIGHT,4,2,car,0.7460317611694336,22.274718025461166,-49.298420657036615,1.8541957791656627,2.4401858310216227,1.531507181226944,1.2971687308496223,1.7549785620931804,-0.31464052798722,0.011111111111111112,0.05200000000000002,22.274718025461166,-49.298420657036615,1.8541957791656627,2.4401858310216227,1.531507181226944,1.2971687308496223,1.7549785620931804,0.011111111111111112,0.05200000000000002,-0.31464052798722
scene-0553,CAM_FRONT_RIGHT,4,3,car,0.8083832263946533,13.011275912729692,-38.50589971870636,1.1867129129575795,1.7399845294503535,0.8002626786915454,0.7449783348362202,1.8509051866478006,-0.2065589816120097,0.0,0.0,13.011275912729692,-38.50589971870636,1.1867129129575795,1.7399845294503535,0.8002626786915454,0.7449783348362202,1.8509051866478006,0.0,0.0,-0.2065589816120097
scene-0553,CAM_FRONT_RIGHT,4,0,bicycle,0.8827838897705078,14.682366502957215,-12.652470154072565,1.0472257822652147,1.5730726641534787,0.7898571975637587,1.1111059727687023,1.5926877676660838,-0.03630767451627004,0.13849431818181818,0.19500000000000003,14.684843600036764,-12.65136646897228,1.1251791021077029,1.5729463689363818,0.7895408152375936,1.3533247862651612,1.5795525192933262,0.11216517857142858,0.20100000000000007,0.0068484123894712035
scene-0553,CAM_BACK,4,0,truck,0.96875,-10.47646236878579,3.715095946608239,1.7249002508514533,13.415761870495398,3.429946407633966,4.979716323288631,-3.03227394615722,0.8015978023577084,0.06677787532923617,15.212000000000003,-10.47646236878579,3.715095946608239,1.7249002508514533,13.415761870495398,3.429946407633966,4.979716323288631,-3.03227394615722,0.06677787532923617,15.212000000000003,0.8015978023577084
scene-0553,CAM_BACK,4,1,truck,0.8324607610702515,-6.6731215210818355,0.18131092448046632,0.8684796336717452,4.568189235088994,2.922013328009482,2.247665494789521,3.1314826203881276,0.25774281294367263,0.18532779065012947,5.439000000000001,-6.6731215210818355,0.18131092448046632,0.8684796336717452,4.568189235088994,2.922013328009482,2.247665494789521,3.1314826203881276,0.18532779065012947,5.439000000000001,0.25774281294367263
scene-0553,CAM_BACK_LEFT,4,0,car,0.6995305418968201,1.0191007430268635,22.658523441773102,1.03729267530482,2.280184098823796,1.0357137667484793,0.8397131621604725,-2.9829850168153897,-0.5227583181263323,0.029891304347826088,0.055000000000000014,1.0191007430268635,22.658523441773102,1.03729267530482,2.280184098823796,1.0357137667484793,0.8397131621604725,-2.9829850168153897,0.029891304347826088,0.055000000000000014,-0.5227583181263323
scene-0553,CAM_BACK_LEFT,4,1,car,0.5704697966575623,2.30428675293663,22.603861696178402,1.0068718532676901,0.5129745480987964,0.40743552182979137,0.4353575533475913,0.8162600112058689,-0.7320938795340247,0.0,0.0,2.30428675293663,22.603861696178402,1.0068718532676901,0.5129745480987964,0.40743552182979137,0.4353575533475913,0.8162600112058689,0.0,0.0,-0.7320938795340247
scene-0553,CAM_BACK_LEFT,4,2,car,0.96875,0.7685376927127987,3.422030533662565,0.82076301445967,4.481148181997682,1.4982540029778515,1.3995645934003855,-2.924451490272661,-0.18960388801609196,0.35534391534391535,3.358000000000001,0.7685376927127987,3.422030533662565,0.82076301445967,4.481148181997682,1.4982540029778515,1.3995645934003855,-2.924451490272661,0.35534391534391535,3.358000000000001,-0.18960388801609196
scene-0553,CAM_FRONT,5,0,car,0.9101123809814453,26.8930991129095,16.12416731372157,0.5744713329139242,3.0719916054164855,1.4011548446269835,1.0630480080343379,1.8216011418678972,-0.2781233855202141,0.01152073732718894,0.055000000000000014,26.8930991129095,16.12416731372157,0.5744713329139242,3.0719916054164855,1.4011548446269835,1.0630480080343379,1.8216011418678972,0.01152073732718894,0.055000000000000014,-0.2781233855202141
scene-0553,CAM_FRONT,5,1,car,0.7928802371025085,101.56800763898671,18.774944431993568,0.10286393859118115,3.3596922849510378,1.5520073843741864,1.2475648921582683,-2.8802788126975716,0.2532292198254469,0.0,0.0,101.56800763898671,18.774944431993568,0.10286393859118115,3.3596922849510378,1.5520073843741864,1.2475648921582683,-2.8802788126975716,0.0,0.0,0.2532292198254469
scene-0553,CAM_FRONT,5,2,car,0.5775577425956726,123.80223682514338,20.884701170840877,-1.7407348479453488,1.4734339996841186,1.4656258787627792,0.3929356995919724,2.397415721560089,1.6581760105961019,0.0,0.0,123.80223682514338,20.884701170840877,-1.7407348479453488,1.4734339996841186,1.4656258787627792,0.3929356995919724,2.397415721560089,0.0,0.0,1.6581760105961019
scene-0553,CAM_FRONT,5,3,car,0.7142857313156128,123.62719137033851,10.168320954580798,-1.4147071386029273,2.1915730097068007,1.8625676173930596,0.9590498337279056,-2.953754441746499,1.568504175465812,0.0,0.0,123.62719137033851,10.168320954580798,-1.4147071386029273,2.1915730097068007,1.8625676173930596,0.9590498337279056,-2.953754441746499,0.0,0.0,1.568504175465812
scene-0553,CAM_FRONT,5,4,car,0.7697842121124268,123.58491902101188,15.737614777518742,-1.391683682148883,1.5794018078500898,1.5576646497406332,1.173425911079033,-2.992938163140402,1.6778144970042717,0.0,0.0,123.58491902101188,15.737614777518742,-1.391683682148883,1.5794018078500898,1.5576646497406332,1.173425911079033,-2.992938163140402,0.0,0.0,1.6778144970042717
scene-0553,CAM_FRONT_LEFT,5,0,car,0.9452055096626282,18.622675330727354,14.243400637409218,0.7315747017337596,4.812624821616339,2.0734923915181653,1.5652670333292222,1.541451340335279,-0.2312292595625567,0.020771329365079364,0.3350000000000001,18.622675330727354,14.243400637409218,0.7315747017337596,4.812624821616339,2.0734923915181653,1.5652670333292222,1.541451340335279,0.020771329365079364,0.3350000000000001,-0.2312292595625567
scene-0553,CAM_FRONT_LEFT,5,1,car,0.6683937907218933,2.544078615959993,22.766608068028813,1.2964552456503151,0.9610313660442493,0.5977766443164256,0.5249560299374496,1.1434256748792009,-1.113601481212787,0.0,0.0,2.544078615959993,22.766608068028813,1.2964552456503151,0.9610313660442493,0.5977766443164256,0.5249560299374496,1.1434256748792009,0.0,0.0,-1.113601481212787
scene-0553,CAM_FRONT_LEFT,5,2,car,0.5936508178710938,40.58148057496836,40.95953127721328,0.6172374360259704,7.772960640557141,4.7470671687843975,4.054131982545099,1.8063848043988442,2.248540055414426,0.0014636807579205089,0.22000000000000006,40.58148057496836,40.95953127721328,0.6172374360259704,7.772960640557141,4.7470671687843975,4.054131982545099,1.8063848043988442,0.0014636807579205089,0.22000000000000006,2.248540055414426
scene-0553,CAM_FRONT_LEFT,5,3,car,0.921951174736023,26.886416653388178,16.8355652998009,1.0147153603301147,4.09064897864862,1.7192080377780172,1.3359260035748943,1.8962367669517444,-0.6389376650917398,0.014788654673877055,0.134,26.886416653388178,16.8355652998009,1.0147153603301147,4.09064897864862,1.7192080377780172,1.3359260035748943,1.8962367669517444,0.014788654673877055,0.134,-0.6389376650917398
scene-0553,CAM_FRONT_LEFT,5,4,car,0.9649122953414917,2.307001008090207,3.2200685059546568,0.6959785470452688,3.312312289896039,1.682440627238479,1.0690994324772838,2.77034783657961,-0.08057605404080359,0.3252309188138065,2.007,2.307001008090207,3.2200685059546568,0.6959785470452688,3.312312289896039,1.682440627238479,1.0690994324772838,2.77034783657961,0.3252309188138065,2.007,-0.08057605404080359
scene-0553,CAM_FRONT_LEFT,5,5,car,0.5114504098892212,24.884514635700526,22.200180878873425,1.1896036996717405,1.5766358063927122,1.06436615345822,0.485513324995548,3.1113117628345823,-1.0523434437291423,0.0,0.0,24.884514635700526,22.200180878873425,1.1896036996717405,1.5766358063927122,1.06436615345822,0.485513324995548,3.1113117628345823,0.0,0.0,-1.0523434437291423
scene-0553,CAM_FRONT_LEFT,5,0,bus,0.8632478713989258,18.69853125095221,28.541911122544285,1.71781040732172,6.6513099187111635,2.640467951597099,2.6241354293251353,1.6537185810368369,-0.8403940972783692,0.011171950896405547,0.5060000000000001,18.69853125095221,28.541911122544285,1.71781040732172,6.6513099187111635,2.640467951597099,2.6241354293251353,1.6537185810368369,0.011171950896405547,0.5060000000000001,-0.8403940972783692
scene-0553,CAM_FRONT_LEFT,5,1,bus,0.7815700173377991,37.74102651662531,48.098067309248826,2.5854833079101764,5.398482055074975,2.8055407971061896,2.666730767686266,2.596976424177703,-0.3502498191323511,0.005903390162649422,0.24100000000000008,37.74102651662531,48.098067309248826,2.5854833079101764,5.398482055074975,2.8055407971061896,2.666730767686266,2.596976424177703,0.005903390162649422,0.24100000000000008,-0.3502498191323511
scene-0553,CAM_FRONT_RIGHT,5,0,car,0.8241757750511169,22.87091233916014,-62.83854863551199,2.112160154820966,4.069296267894288,2.093696319479001,1.838683105878013,1.42774274499713,-0.4301027853841568,0.0,0.0,22.87091233916014,-62.83854863551199,2.112160154820966,4.069296267894288,2.093696319479001,1.838683105878013,1.42774274499713,0.0,0.0,-0.4301027853841568
scene-0553,CAM_FRONT_RIGHT,5,1,car,0.8012422323226929,21.74478861112102,-53.722712327142034,1.7963492603800382,2.963978629714994,1.3515808991323155,1.0693324437868934,1.5218910180938652,-0.5821546232834969,0.0,0.0,21.74478861112102,-53.722712327142034,1.7963492603800382,2.963978629714994,1.3515808991323155,1.0693324437868934,1.5218910180938652,0.0,0.0,-0.5821546232834969
scene-0553,CAM_FRONT_RIGHT,5,2,car,0.7770034670829773,22.146957096868785,-48.75648195683931,1.9617104759736255,2.3452636043818913,1.4062715762935234,1.306603466774107,1.5069945279919292,-0.6601662093796321,0.015527950310559006,0.06500000000000002,22.146957096868785,-48.75648195683931,1.9617104759736255,2.3452636043818913,1.4062715762935234,1.306603466774107,1.5069945279919292,0.015527950310559006,0.06500000000000002,-0.6601662093796321
scene-0553,CAM_FRONT_RIGHT,5,3,car,0.8012422323226929,14.003321216031122,-40.74844338822603,1.3004520759196283,1.904088528741255,0.8881837291321095,0.8307944495578242,1.9251772285985065,-0.37793161925289875,0.0,0.0,14.003321216031122,-40.74844338822603,1.3004520759196283,1.904088528741255,0.8881837291321095,0.8307944495578242,1.9251772285985065,0.0,0.0,-0.37793161925289875
scene-0553,CAM_FRONT_RIGHT,5,0,bicycle,0.8552036285400391,13.694049562235138,-13.181222750142085,1.115891613833974,1.4237294767455007,0.7469618298325429,0.9482038048612259,-2.760162541566556,-0.3175958165402324,0.1621315192743764,0.14300000000000004,13.694049562235138,-13.181222750142085,1.115891613833974,1.4237294767455007,0.7469618298325429,0.9482038048612259,-2.760162541566556,0.1621315192743764,0.14300000000000004,-0.3175958165402324
scene-0553,CAM_BACK,5,0,truck,0.976608157157898,-10.387264189697433,3.5742125931888817,1.7950024710978745,12.994430935785456,3.358579410460532,4.782755870158544,-3.0575682394599886,0.6087590888927059,0.0703525641025641,14.926000000000004,-10.387264189697433,3.5742125931888817,1.7950024710978745,12.994430935785456,3.358579410460532,4.782755870158544,-3.0575682394599886,0.0703525641025641,14.926000000000004,0.6087590888927059
scene-0553,CAM_BACK,5,1,truck,0.8947368264198303,-6.666811751938867,0.16803369212867153,0.9171705712054863,4.463337473050365,2.866446290554303,2.359278019642542,3.138480963990696,0.23211697863577374,0.18393997445721583,5.761000000000001,-6.666811751938867,0.16803369212867153,0.9171705712054863,4.463337473050365,2.866446290554303,2.359278019642542,3.138480963990696,0.18393997445721583,5.761000000000001,0.23211697863577374
scene-0553,CAM_BACK_LEFT,5,0,car,0.9649122953414917,0.8567312460062776,3.383306830858469,0.7636263881797734,4.61761888562453,1.5510071921319946,1.4582053195956188,-2.929631400741833,-0.040789063166948525,0.3468297101449275,3.8290000000000006,0.8567312460062776,3.383306830858469,0.7636263881797734,4.61761888562453,1.5510071921319946,1.4582053195956188,-2.929631400741833,0.3468297101449275,3.8290000000000006,-0.040789063166948525
scene-0553,CAM_BACK_LEFT,5,1,car,0.6444444060325623,1.114379591508352,22.671121491800857,0.9582407240725748,2.5821130407847024,1.1796725432252941,0.9559568415804445,-3.012157685387058,-0.7448824285760842,0.01955128205128205,0.06100000000000001,1.114379591508352,22.671121491800857,0.9582407240725748,2.5821130407847024,1.1796725432252941,0.9559568415804445,-3.012157685387058,0.01955128205128205,0.06100000000000001,-0.7448824285760842
scene-0553,CAM_FRONT,6,0,car,0.7299578189849854,83.87764501737567,15.707083188823344,-0.30660517880556315,2.947776327446107,1.3182083662485518,1.167778887663889,-3.1215810960294594,0.48733440821337437,0.0,0.0,83.87764501737567,15.707083188823344,-0.30660517880556315,2.947776327446107,1.3182083662485518,1.167778887663889,-3.1215810960294594,0.0,0.0,0.48733440821337437
scene-0553,CAM_FRONT,6,1,car,0.9179486632347107,18.129374799525213,9.613899996859095,0.7317404526641832,3.9404588880555895,1.6601197200788533,1.35258988925779,1.5424361448113932,-0.2042936691366295,0.05505279034690799,0.5110000000000001,18.129374799525213,9.613899996859095,0.7317404526641832,3.9404588880555895,1.6601197200788533,1.35258988925779,1.5424361448113932,0.05505279034690799,0.5110000000000001,-0.2042936691366295
scene-0553,CAM_FRONT,6,2,car,0.5816993117332458,110.84549789069096,19.8309910430084,-1.2600812861707196,1.677534086476399,1.6813362541201826,0.5862145598829764,3.0114511791443586,1.095673356198954,0.0,0.0,110.84549789069096,19.8309910430084,-1.2600812861707196,1.677534086476399,1.6813362541201826,0.5862145598829764,3.0114511791443586,0.0,0.0,1.095673356198954
scene-0553,CAM_FRONT,6,3,car,0.8987342119216919,26.55761827163927,12.143540234508912,0.936726566098102,3.275004838951162,1.4916976172582892,1.1220094251914696,1.6029996517335607,-0.5316659624653799,0.05730027548209366,0.31200000000000006,26.55761827163927,12.143540234508912,0.936726566098102,3.275004838951162,1.4916976172582892,1.1220094251914696,1.6029996517335607,0.05730027548209366,0.31200000000000006,-0.5316659624653799
scene-0553,CAM_FRONT,6,4,car,0.7299578189849854,124.57985942845447,10.417222232784493,-1.002700286868553,2.484790886076567,1.8214727853237558,0.9609302624731693,-3.0843698618848907,0.9250879039335373,0.0,0.0,124.57985942845447,10.417222232784493,-1.002700286868553,2.484790886076567,1.8214727853237558,0.9609302624731693,-3.0843698618848907,0.0,0.0,0.9250879039335373
scene-0553,CAM_FRONT,6,5,car,0.7538461089134216,125.65335024304431,15.855376370514483,-3.650216701548248,1.4889560562217525,1.4413057480388858,1.3499284370606004,1.2117780025791605,3.767238648845943,0.0,0.0,125.65335024304431,15.855376370514483,-3.650216701548248,1.4889560562217525,1.4413057480388858,1.3499284370606004,1.2117780025791605,0.0,0.0,3.767238648845943
scene-0553,CAM_FRONT_LEFT,6,0,car,0.9336099624633789,18.377928348826195,10.114770138564646,0.8298185595122297,4.638737303183758,1.9897421302311962,1.53679159330402,1.7581534346423442,-0.1972895538701227,0.05659420289855072,0.7810000000000001,18.377928348826195,10.114770138564646,0.8298185595122297,4.638737303183758,1.9897421302311962,1.53679159330402,1.7581534346423442,0.05659420289855072,0.7810000000000001,-0.1972895538701227
scene-0553,CAM_FRONT_LEFT,6,1,car,0.7229437232017517,2.3796670651476637,22.57209622689074,1.202918732822229,0.9030604641461935,0.6867227097737318,0.48891146028618704,1.2443365696934399,-1.027074959811952,0.0761904761904762,0.024000000000000007,2.3796670651476637,22.57209622689074,1.202918732822229,0.9030604641461935,0.6867227097737318,0.48891146028618704,1.2443365696934399,0.0761904761904762,0.024000000000000007,-1.027074959811952
scene-0553,CAM_FRONT_LEFT,6,2,car,0.9609756469726562,2.410309370960839,3.2838628172005744,0.7405150774309468,3.2251056639615445,1.534555267694481,1.0419642454947464,2.732799177144123,-0.13034269510772978,0.33729166666666666,1.6190000000000002,2.410309370960839,3.2838628172005744,0.7405150774309468,3.2251056639615445,1.534555267694481,1.0419642454947464,2.732799177144123,0.33729166666666666,1.6190000000000002,-0.13034269510772978
scene-0553,CAM_FRONT_LEFT,6,3,car,0.6213017702102661,26.119317122888802,38.302617437882354,-4.393787861588764,1.889368318892303,1.866975770155321,0.4743784042573518,2.5341469178987572,4.526374063732222,0.0,0.0,26.119317122888802,38.302617437882354,-4.393787861588764,1.889368318892303,1.866975770155321,0.4743784042573518,2.5341469178987572,0.0,0.0,4.526374063732222
scene-0553,CAM_FRONT_LEFT,6,4,car,0.8476190567016602,28.192815014360164,13.072852561068823,1.1395330168298168,2.686595659230944,0.4752906805005459,0.6402194176831528,1.6015782578445665,-1.0317673881979723,0.0,0.0,28.192815014360164,13.072852561068823,1.1395330168298168,2.686595659230944,0.4752906805005459,0.6402194176831528,1.6015782578445665,0.0,0.0,-1.0317673881979723
scene-0553,CAM_FRONT_LEFT,6,0,bus,0.8518518805503845,19.3058543287008,25.11046200831322,1.4289230553720538,7.263404096731296,3.001026135266887,3.0537212246350416,1.698947811302471,-0.27701165989718435,0.018220651053174254,1.2370000000000003,19.3058543287008,25.11046200831322,1.4289230553720538,7.263404096731296,3.001026135266887,3.0537212246350416,1.698947811302471,0.018220651053174254,1.2370000000000003,-0.27701165989718435
scene-0553,CAM_FRONT_LEFT,6,0,truck,0.7620818018913269,22.452122104674956,18.647020157491045,1.160535611261107,6.389525675359415,3.1496876984289095,2.304435158982727,1.4746915553280138,-0.31875273082827604,0.01628243338008415,0.7430000000000001,22.452122104674956,18.647020157491045,1.160535611261107,6.389525675359415,3.1496876984289095,2.304435158982727,1.4746915553280138,0.01628243338008415,0.7430000000000001,-0.31875273082827604
scene-0553,CAM_FRONT_RIGHT,6,0,car,0.7620818018913269,22.232064438048372,-48.95216015414441,1.8459674370485881,2.5163107090335544,1.5858393128505561,1.4038180244256915,2.10791117015957,-0.05818422496849385,0.0125,0.07000000000000002,22.232064438048372,-48.95216015414441,1.8459674370485881,2.5163107090335544,1.5858393128505561,1.4038180244256915,2.10791117015957,0.0125,0.07000000000000002,-0.05818422496849385
scene-0553,CAM_FRONT_RIGHT,6,1,car,0.7575758099555969,23.23515204876841,-62.795251209593,2.3132567871386467,3.8704347666061523,2.0832128097327782,1.8764040532900876,1.4113145650611143,-0.08507446817335129,0.0,0.0,23.23515204876841,-62.795251209593,2.3132567871386467,3.8704347666061523,2.0832128097327782,1.8764040532900876,1.4113145650611143,0.0,0.0,-0.08507446817335129
scene-0553,CAM_FRONT_RIGHT,6,2,car,0.8128654956817627,21.83019764484524,-53.72645254956178,1.7417793412649498,2.9575196156449692,1.3473165247882122,1.0453504304847723,1.5443610595620436,-0.06599469475577902,0.0,0.0,21.83019764484524,-53.72645254956178,1.7417793412649498,2.9575196156449692,1.3473165247882122,1.0453504304847723,1.5443610595620436,0.0,0.0,-0.06599469475577902
scene-0553,CAM_FRONT_RIGHT,6,3,car,0.7852349281311035,13.409073415710868,-39.0439873636198,1.264405155201835,1.8379940055326074,0.8356668788514465,0.6661800175423439,1.7324479081285553,-0.11645372961395162,0.0,0.0,13.409073415710868,-39.0439873636198,1.264405155201835,1.8379940055326074,0.8356668788514465,0.6661800175423439,1.7324479081285553,0.0,0.0,-0.11645372961395162
scene-0553,CAM_FRONT_RIGHT,6,0,bicycle,0.8439024686813354,14.569931535354186,-15.635590317695252,1.1141831525653607,1.4328873151638977,0.7456431821160407,0.9051067712141374,1.2152051862370676,-0.2105467922859745,0.060090702947845805,0.05300000000000001,14.639854901898033,-15.656838914901114,1.201883930589989,1.4318444401566968,0.8725847526750137,1.5043369993211488,1.2499167387309302,0.08095238095238096,0.15300000000000002,0.0013675437429028214
scene-0553,CAM_BACK,6,0,truck,0.976608157157898,-10.563734235562993,3.7678961722958664,1.7071968801061377,13.469578002323367,3.619055723563814,4.859805420472478,-3.0420024895703266,0.6534580926032076,0.07111782984798858,16.936000000000003,-10.563734235562993,3.7678961722958664,1.7071968801061377,13.469578002323367,3.619055723563814,4.859805420472478,-3.0420024895703266,0.07111782984798858,16.936000000000003,0.6534580926032076
scene-0553,CAM_BACK,6,1,truck,0.8827838897705078,-6.623062821826341,0.1794207186909717,0.8898690347713095,4.400793229544673,2.8369152148870365,2.3340913964953556,-3.140752470338077,0.2523311155022586,0.1737012987012987,4.922000000000001,-6.623062821826341,0.1794207186909717,0.8898690347713095,4.400793229544673,2.8369152148870365,2.3340913964953556,-3.140752470338077,0.1737012987012987,4.922000000000001,0.2523311155022586
scene-0553,CAM_BACK_LEFT,6,0,car,0.5460992455482483,2.2767670309029167,22.565973590928483,1.0441471770486854,0.32885278346072866,0.2767813080547201,0.4978038613880852,1.164591491531336,-1.017261551086012,0.0,0.0,2.2767670309029167,22.565973590928483,1.0441471770486854,0.32885278346072866,0.2767813080547201,0.4978038613880852,1.164591491531336,0.0,0.0,-1.017261551086012
scene-0553,CAM_BACK_LEFT,6,1,car,0.7037037014961243,1.046005645339208,22.602372730909572,0.9542915329336327,2.343743677003175,1.0720233608993581,0.8730365243466494,-3.0128093425820377,-0.7274369896991355,0.024593763724198508,0.056000000000000015,1.046005645339208,22.602372730909572,0.9542915329336327,2.343743677003175,1.0720233608993581,0.8730365243466494,-3.0128093425820377,0.024593763724198508,0.056000000000000015,-0.7274369896991355
scene-0553,CAM_BACK_LEFT,6,2,car,0.96875,0.8020141677660276,3.462060912781948,0.8132847473118066,4.588472362025056,1.5444274921252812,1.4176080970360725,-2.9321550855525853,0.03679282954370833,0.355175983436853,3.431000000000001,0.8020141677660276,3.462060912781948,0.8132847473118066,4.588472362025056,1.5444274921252812,1.4176080970360725,-2.9321550855525853,0.355175983436853,3.431000000000001,0.03679282954370833
scene-0553,CAM_FRONT,7,0,car,0.9452055096626282,18.28474409399251,5.904414972421831,0.931628699173201,4.931071010554113,2.0988140750831263,1.6403122295561978,1.6871004572196038,-0.17833844581096514,0.04081632653061224,0.672,18.28474409399251,5.904414972421831,0.931628699173201,4.931071010554113,2.0988140750831263,1.6403122295561978,1.6871004572196038,0.04081632653061224,0.672,-0.17833844581096514
scene-0553,CAM_FRONT,7,1,car,0.6444444060325623,95.10747530924239,17.463580111237256,-0.0387952269835824,1.918809455954161,1.808174454183746,0.5446954449833312,-2.7894179913765695,-0.3012086468801902,0.0,0.0,95.10747530924239,17.463580111237256,-0.0387952269835824,1.918809455954161,1.808174454183746,0.5446954449833312,-2.7894179913765695,0.0,0.0,-0.3012086468801902
scene-0553,CAM_FRONT,7,2,car,0.8324607610702515,21.50064268116848,12.986212177533295,0.7066329995260997,4.203986890588213,2.0400011790000683,1.909124694217511,1.6728754306442601,-0.010970430545014453,0.0443609022556391,0.7080000000000003,21.50064268116848,12.986212177533295,0.7066329995260997,4.203986890588213,2.0400011790000683,1.909124694217511,1.6728754306442601,0.0443609022556391,0.7080000000000003,-0.010970430545014453
scene-0553,CAM_FRONT,7,3,car,0.7064220309257507,119.0373392427097,10.248995673927169,-0.5599479736817097,2.5700038082365495,1.8585675348156443,0.9704536931643499,-3.0579311923576924,0.2536693046884757,0.0,0.0,119.0373392427097,10.248995673927169,-0.5599479736817097,2.5700038082365495,1.8585675348156443,0.9704536931643499,-3.0579311923576924,0.0,0.0,0.2536693046884757
scene-0553,CAM_FRONT,7,4,car,0.7142857313156128,119.43829926636978,15.053413834318881,-2.0710399796180674,1.597358008864603,1.5571160993360422,1.546341494010374,-2.6312419391724937,2.05461995065661,0.0,0.0,119.43829926636978,15.053413834318881,-2.0710399796180674,1.597358008864603,1.5571160993360422,1.546341494010374,-2.6312419391724937,0.0,0.0,2.05461995065661
scene-0553,CAM_FRONT,7,5,car,0.7037037014961243,85.83745117344809,16.51811390950257,0.9964813494748027,2.4225891626526277,1.5543647969394465,1.1433271897969683,-3.0105984352830455,-0.9678754347063234,0.0,0.0,85.83745117344809,16.51811390950257,0.9964813494748027,2.4225891626526277,1.5543647969394465,1.1433271897969683,-3.0105984352830455,0.0,0.0,-0.9678754347063234
scene-0553,CAM_FRONT_LEFT,7,0,car,0.8709677457809448,16.71576745895946,23.73484304861062,0.43301486643409515,2.6734935508518127,1.205051899905543,0.9311801953241052,1.4188734462387658,-0.37010969575873687,0.018518518518518517,0.05400000000000001,16.71576745895946,23.73484304861062,0.43301486643409515,2.6734935508518127,1.205051899905543,0.9311801953241052,1.4188734462387658,0.018518518518518517,0.05400000000000001,-0.37010969575873687
scene-0553,CAM_FRONT_LEFT,7,1,car,0.7697842121124268,2.401984969612754,22.58120227295952,1.3221860333819184,1.038264832862998,0.630168453354873,0.5203649917770266,-2.6059668336704793,-1.2342194611603592,0.03333333333333333,0.010000000000000002,2.401984969612754,22.58120227295952,1.3221860333819184,1.038264832862998,0.630168453354873,0.5203649917770266,-2.6059668336704793,0.03333333333333333,0.010000000000000002,-1.2342194611603592
scene-0553,CAM_FRONT_LEFT,7,2,car,0.9609756469726562,2.4287274270527712,3.308091587533645,0.7403847345678015,3.2895073337841856,1.5467908291917243,1.056583295067284,2.763926366314946,-0.194930905597144,0.3632690541781451,1.9780000000000004,2.4287274270527712,3.308091587533645,0.7403847345678015,3.2895073337841856,1.5467908291917243,1.056583295067284,2.763926366314946,0.3632690541781451,1.9780000000000004,-0.194930905597144
scene-0553,CAM_FRONT_LEFT,7,3,car,0.9064327478408813,18.43059880201751,6.805827286004997,0.3625992839546873,3.2592374112377698,1.576207641750738,1.3762241534119404,1.8242609912735575,0.22223172692963522,0.011363636363636364,0.08400000000000003,18.43059880201751,6.805827286004997,0.3625992839546873,3.2592374112377698,1.576207641750738,1.3762241534119404,1.8242609912735575,0.011363636363636364,0.08400000000000003,0.22223172692963522
scene-0553,CAM_FRONT_LEFT,7,4,car,0.6604774594306946,20.044523252443398,33.40853762192979,1.130633761469736,1.670576396952585,1.0710713748260687,0.9562316082021908,2.8839539105303937,-0.9480834731252477,0.012834224598930482,0.024000000000000007,20.044523252443398,33.40853762192979,1.130633761469736,1.670576396952585,1.0710713748260687,0.9562316082021908,2.8839539105303937,0.012834224598930482,0.024000000000000007,-0.9480834731252477
scene-0553,CAM_FRONT_LEFT,7,0,truck,0.9024390578269958,21.534832563833845,14.179970413825997,1.1060166743300366,5.50875274795289,2.5820879892499633,2.033567583524551,1.7673982489366473,-0.35615470082413925,0.031223776223776225,0.8930000000000003,21.534832563833845,14.179970413825997,1.1060166743300366,5.50875274795289,2.5820879892499633,2.033567583524551,1.7673982489366473,0.031223776223776225,0.8930000000000003,-0.35615470082413925
scene-0553,CAM_FRONT_LEFT,7,1,truck,0.6604774594306946,18.384828665672313,20.751563184380775,1.2228640108474642,6.283122858500847,2.7552974612907057,2.820180611016724,2.031084809945419,-0.202755899047522,0.030895691609977325,1.5260000000000002,18.384828665672313,20.751563184380775,1.2228640108474642,6.283122858500847,2.7552974612907057,2.820180611016724,2.031084809945419,0.030895691609977325,1.5260000000000002,-0.202755899047522
scene-0553,CAM_FRONT_RIGHT,7,0,car,0.8012422323226929,15.317503862001834,-39.82179182245706,2.1254769128306137,2.292092225206183,1.1819665816487728,1.1105162371218875,0.9690952024497855,-1.075134746952165,0.0016469038208168643,0.005000000000000001,15.317503862001834,-39.82179182245706,2.1254769128306137,2.292092225206183,1.1819665816487728,1.1105162371218875,0.9690952024497855,0.0016469038208168643,0.005000000000000001,-1.075134746952165
scene-0553,CAM_FRONT_RIGHT,7,1,car,0.8160918951034546,22.24026177747681,-53.46824591592016,2.171822881050384,3.0256021261550643,1.3736553309705322,1.0928413569490623,1.4539650141933373,-0.9589280390435957,0.0,0.0,22.24026177747681,-53.46824591592016,2.171822881050384,3.0256021261550643,1.3736553309705322,1.0928413569490623,1.4539650141933373,0.0,0.0,-0.9589280390435957
scene-0553,CAM_FRONT_RIGHT,7,2,car,0.7460317611694336,22.19692967327895,-48.92831999395608,1.9639632770922995,2.18507151456706,1.3111107665295378,1.2312132388932795,-3.111723981814955,-0.699745231292205,0.017191142191142192,0.05900000000000002,22.19692967327895,-48.92831999395608,1.9639632770922995,2.18507151456706,1.3111107665295378,1.2312132388932795,-3.111723981814955,0.017191142191142192,0.05900000000000002,-0.699745231292205
scene-0553,CAM_FRONT_RIGHT,7,3,car,0.7968254089355469,13.642160991270663,-39.460667589764874,1.4375499585440632,1.2527955522319303,0.7182176157572324,0.7099704857664708,1.9878388996852188,-0.6206368844878847,0.0,0.0,13.642160991270663,-39.460667589764874,1.4375499585440632,1.2527955522319303,0.7182176157572324,0.7099704857664708,1.9878388996852188,0.0,0.0,-0.6206368844878847
scene-0553,CAM_FRONT_RIGHT,7,0,bicycle,0.8476190567016602,14.292150527382626,-17.378415159987416,1.0938044386641224,1.3364934041052337,0.6872290031689925,0.9561561250380632,1.4614907765773553,-0.20047196206351725,0.12857142857142856,0.11700000000000002,14.440426250257346,-17.385214519227127,1.1116009782890999,1.3272329755070729,1.0209805299406085,1.3813389832968839,1.578381280509782,0.08791208791208792,0.16000000000000006,-0.005677072559084451
scene-0553,CAM_BACK,7,0,truck,0.9726027250289917,-10.727788612004838,3.698890289447867,1.7079291928086933,13.899875223895906,3.3763079753206626,5.14776766356472,-3.052853754859001,0.8939510672845377,0.06085235617734187,14.667000000000005,-10.727788612004838,3.698890289447867,1.7079291928086933,13.899875223895906,3.3763079753206626,5.14776766356472,-3.052853754859001,0.06085235617734187,14.667000000000005,0.8939510672845377
scene-0553,CAM_BACK,7,1,truck,0.8709677457809448,-6.605089489556635,0.1637166064986129,0.9093232359483524,4.431561611794693,2.8184124968363786,2.3060636949933215,3.1342427421160943,0.22312095862663173,0.19533455674760022,5.535000000000001,-6.605089489556635,0.1637166064986129,0.9093232359483524,4.431561611794693,2.8184124968363786,2.3060636949933215,3.1342427421160943,0.19533455674760022,5.535000000000001,0.22312095862663173
scene-0553,CAM_BACK_LEFT,7,0,car,0.5151515007019043,-3.9372458225628906,4.535815061931288,0.5493339305519936,0.5010489483966163,0.15248329287760365,0.4937008973589745,2.5019034886913563,-0.3243977851752713,0.56,0.028000000000000008,-3.9372458225628906,4.535815061931288,0.5493339305519936,0.5010489483966163,0.15248329287760365,0.4937008973589745,2.5019034886913563,0.56,0.028000000000000008,-0.3243977851752713
scene-0553,CAM_BACK_LEFT,7,1,car,0.5428571701049805,2.321439262902108,22.54712383963512,0.9974218222996094,0.5342353837846239,0.22570374289633222,0.5282086602253305,3.0139074930125984,-0.8182915725111171,0.0,0.0,2.321439262902108,22.54712383963512,0.9974218222996094,0.5342353837846239,0.22570374289633222,0.5282086602253305,3.0139074930125984,0.0,0.0,-0.8182915725111171
scene-0553,CAM_BACK_LEFT,7,2,car,0.9609756469726562,0.8194188200872827,3.4815617021637526,0.7955813319408023,4.6602438287419465,1.559930102120981,1.453865611771322,-2.9268774094176426,0.05463140310593051,0.34122340425531916,3.849000000000001,0.8194188200872827,3.4815617021637526,0.7955813319408023,4.6602438287419465,1.559930102120981,1.453865611771322,-2.9268774094176426,0.34122340425531916,3.849000000000001,0.05463140310593051
scene-0553,CAM_BACK_LEFT,7,3,car,0.7104072570800781,1.001647198815369,22.520212008820558,1.065867921823183,2.227431534814052,0.9507100617200628,0.809336791830378,-3.09200307400215,-0.7266231635365493,0.04261363636363636,0.07500000000000001,1.001647198815369,22.520212008820558,1.065867921823183,2.227431534814052,0.9507100617200628,0.809336791830378,-3.09200307400215,0.04261363636363636,0.07500000000000001,-0.7266231635365493
scene-0553,CAM_FRONT,8,0,car,0.5897435545921326,18.012682279561798,3.284483774862639,1.4544565523466368,0.6855101578026748,0.41684707629699247,0.33879656289987903,1.4354355640756011,-1.276517662907863,0.0,0.0,18.012682279561798,3.284483774862639,1.4544565523466368,0.6855101578026748,0.41684707629699247,0.33879656289987903,1.4354355640756011,0.0,0.0,-1.276517662907863
scene-0553,CAM_FRONT,8,1,car,0.9298245906829834,32.14067446332093,8.823455185167504,0.8493144690959546,4.39952428548014,1.9870680881514815,1.4286553168520766,2.2209611217930902,-0.2631068307018454,0.01176948051948052,0.14500000000000002,32.14067446332093,8.823455185167504,0.8493144690959546,4.39952428548014,1.9870680881514815,1.4286553168520766,2.2209611217930902,0.01176948051948052,0.14500000000000002,-0.2631068307018454
scene-0553,CAM_FRONT,8,2,car,0.9532163739204407,18.090601136383448,1.230869751069669,0.9349409429305434,5.153276958796553,2.169395240652186,1.6747413339134714,1.609286220676233,-0.03605723203374045,0.036867544220485396,0.7170000000000001,18.090601136383448,1.230869751069669,0.9349409429305434,5.153276958796553,2.169395240652186,1.6747413339134714,1.609286220676233,0.036867544220485396,0.7170000000000001,-0.03605723203374045
scene-0553,CAM_FRONT,8,0,truck,0.8672199249267578,21.741915240578095,10.206531268376462,0.9914242298745355,5.840177016250386,2.685190001889186,2.1730181977180947,1.6421897379899861,-0.04926971284837389,0.04748635783118542,1.6360000000000003,21.741915240578095,10.206531268376462,0.9914242298745355,5.840177016250386,2.685190001889186,2.1730181977180947,1.6421897379899861,0.04748635783118542,1.6360000000000003,-0.04926971284837389
scene-0553,CAM_FRONT_LEFT,8,0,car,0.6213017702102661,24.716578706917492,43.043154937470874,0.8621588647653268,2.1876935188977704,1.2648781213453901,1.1951635798838602,2.8806773838678947,-0.41538286107541844,0.0034965034965034965,0.012000000000000004,24.716578706917492,43.043154937470874,0.8621588647653268,2.1876935188977704,1.2648781213453901,1.1951635798838602,2.8806773838678947,0.0034965034965034965,0.012000000000000004,-0.41538286107541844
scene-0553,CAM_FRONT_LEFT,8,1,car,0.6483516097068787,38.5328046869659,61.43957941238942,1.5396452003988357,4.019719002386751,2.867753678963271,1.3508585476155228,1.0612766176148691,-0.9989881826078055,0.0,0.0,38.5328046869659,61.43957941238942,1.5396452003988357,4.019719002386751,2.867753678963271,1.3508585476155228,1.0612766176148691,0.0,0.0,-0.9989881826078055
scene-0553,CAM_FRONT_LEFT,8,2,car,0.7655677795410156,2.4076393944013543,22.48345647597432,1.1112090011207862,1.0031846295135267,0.7104992229218867,0.38753264276804944,1.2173693992167727,-1.0068954456187766,0.0,0.0,2.4076393944013543,22.48345647597432,1.1112090011207862,1.0031846295135267,0.7104992229218867,0.38753264276804944,1.2173693992167727,0.0,0.0,-1.0068954456187766
scene-0553,CAM_FRONT_LEFT,8,3,car,0.7064220309257507,14.987276782850884,26.636409457174235,1.1727338835464671,1.4018681309939467,0.9373374028058016,0.5659034444228865,1.0507691741849052,-1.1868214913406696,0.0,0.0,14.987276782850884,26.636409457174235,1.1727338835464671,1.4018681309939467,0.9373374028058016,0.5659034444228865,1.0507691741849052,0.0,0.0,-1.1868214913406696
scene-0553,CAM_FRONT_LEFT,8,4,car,0.9532163739204407,2.351442282193066,3.25905937627689,0.7694460320782721,3.246805464416214,1.5291642892401938,1.0208165125025137,2.774521912536004,-0.15217754049357257,0.38645833333333335,1.8550000000000004,2.351442282193066,3.25905937627689,0.7694460320782721,3.246805464416214,1.5291642892401938,1.0208165125025137,2.774521912536004,0.38645833333333335,1.8550000000000004,-0.15217754049357257
scene-0553,CAM_FRONT_LEFT,8,5,car,0.6908212304115295,22.934735971357494,31.153275547106936,0.6145503226300367,3.1034269298775286,1.390903469269194,1.1558413946216828,1.8846398334947745,-0.34884093022222573,0.001152073732718894,0.006000000000000001,22.934735971357494,31.153275547106936,0.6145503226300367,3.1034269298775286,1.390903469269194,1.1558413946216828,1.8846398334947745,0.001152073732718894,0.006000000000000001,-0.34884093022222573
scene-0553,CAM_FRONT_LEFT,8,0,bus,0.8439024686813354,18.026849011288775,16.71062721947873,1.3426905612663997,7.077596766991706,2.8081288387822987,2.980386473847762,1.9730061304737685,-0.14801670610406958,0.03698859825620389,2.2060000000000004,18.026849011288775,16.71062721947873,1.3426905612663997,7.077596766991706,2.8081288387822987,2.980386473847762,1.9730061304737685,0.03698859825620389,2.2060000000000004,-0.14801670610406958
scene-0553,CAM_FRONT_LEFT,8,1,bus,0.5857605338096619,25.00337161313623,31.25058979171238,1.6253566646590687,2.7285055785601386,1.0957442038088487,2.3486739229592377,1.4186606581458896,-0.7638495254813145,0.014053579270970576,0.09600000000000002,25.00337161313623,31.25058979171238,1.6253566646590687,2.7285055785601386,1.0957442038088487,2.3486739229592377,1.4186606581458896,0.014053579270970576,0.09600000000000002,-0.7638495254813145
scene-0553,CAM_FRONT_LEFT,8,0,truck,0.8518518805503845,21.854198279614177,10.583825265602822,1.0451989829145862,5.854510836872677,2.8824203337659426,2.260083173217108,1.6061412370483859,-0.0903714336051884,0.03928544202475034,1.5460000000000003,21.854198279614177,10.583825265602822,1.0451989829145862,5.854510836872677,2.8824203337659426,2.260083173217108,1.6061412370483859,0.03928544202475034,1.5460000000000003,-0.0903714336051884
scene-0553,CAM_FRONT_RIGHT,8,0,car,0.8241757750511169,23.04566934758497,-61.89257518533852,2.3276579749678445,3.823243752418165,2.045061334517751,1.8444320422004061,1.4600303750017782,-0.12274725648757556,0.0,0.0,23.04566934758497,-61.89257518533852,2.3276579749678445,3.823243752418165,2.045061334517751,1.8444320422004061,1.4600303750017782,0.0,0.0,-0.12274725648757556
scene-0553,CAM_FRONT_RIGHT,8,1,car,0.7852349281311035,21.90788718645743,-53.649027872548565,1.964218708585598,2.99659260321927,1.3668208571216205,1.0752148961766324,1.5147448252497018,-0.18945391567916658,0.0,0.0,21.90788718645743,-53.649027872548565,1.964218708585598,2.99659260321927,1.3668208571216205,1.0752148961766324,1.5147448252497018,0.0,0.0,-0.18945391567916658
scene-0553,CAM_FRONT_RIGHT,8,2,car,0.7697842121124268,22.41912732211519,-49.41104110022913,1.8102928002643546,2.548661257885378,1.5930802597016767,1.4459099333302512,2.089175562904163,0.14806582336030472,0.008928571428571428,0.05000000000000001,22.41912732211519,-49.41104110022913,1.8102928002643546,2.548661257885378,1.5930802597016767,1.4459099333302512,2.089175562904163,0.008928571428571428,0.05000000000000001,0.14806582336030472
scene-0553,CAM_FRONT_RIGHT,8,3,car,0.7770034670829773,8.898259228847069,-32.98813782151963,0.1824016276167495,0.7648571570027585,0.4441245785951988,0.466306731985652,2.072571277666036,0.8345685527986839,0.0,0.0,8.898259228847069,-32.98813782151963,0.1824016276167495,0.7648571570027585,0.4441245785951988,0.466306731985652,2.072571277666036,0.0,0.0,0.8345685527986839
scene-0553,CAM_FRONT_RIGHT,8,0,bicycle,0.8904109597206116,13.998149213059792,-18.88484786560815,1.206768228906635,1.6341585583810847,0.8218193595461791,1.1806588390472728,1.5624831331650726,-0.019537988650881966,0.064453125,0.09900000000000003,14.134263843741055,-18.914224073917442,1.3220009243524682,1.6777827556727978,1.1710876689061287,1.430409147841766,1.756692636470999,0.0469187675070028,0.13400000000000004,-0.009895529699468497
scene-0553,CAM_BACK,8,0,truck,0.9726027250289917,-10.412390718984057,3.6512647203647357,1.7208650542930837,13.261727639049932,3.4271195091458893,5.040335587428686,-3.04398466545431,0.8177971666253914,0.0686952675807165,15.532000000000002,-10.412390718984057,3.6512647203647357,1.7208650542930837,13.261727639049932,3.4271195091458893,5.040335587428686,-3.04398466545431,0.0686952675807165,15.532000000000002,0.8177971666253914
scene-0553,CAM_BACK,8,1,truck,0.8439024686813354,-6.601349875965606,0.1868901035155968,0.8739575595037777,4.447635885711305,2.876805216040403,2.2912604474676277,3.1394070714962905,0.2293886784662479,0.1752419244922993,5.143000000000001,-6.601349875965606,0.1868901035155968,0.8739575595037777,4.447635885711305,2.876805216040403,2.2912604474676277,3.1394070714962905,0.1752419244922993,5.143000000000001,0.2293886784662479
scene-0553,CAM_BACK_LEFT,8,0,car,0.7264957427978516,1.104425461231284,22.64651941648974,0.959190616395689,2.397098398035605,1.1128317807309713,0.8918232495820317,-2.948320727923496,-0.6321750960000627,0.02356902356902357,0.05600000000000002,1.104425461231284,22.64651941648974,0.959190616395689,2.397098398035605,1.1128317807309713,0.8918232495820317,-2.948320727923496,0.02356902356902357,0.05600000000000002,-0.6321750960000627
scene-0553,CAM_BACK_LEFT,8,1,car,0.5540069937705994,2.2812032994034666,22.54978600333464,1.059462628270005,0.5753665494765707,0.17047733939232756,0.5010342817478121,-2.868735216335785,-0.9292913704675216,0.0,0.0,2.2812032994034666,22.54978600333464,1.059462628270005,0.5753665494765707,0.17047733939232756,0.5010342817478121,-2.868735216335785,0.0,0.0,-0.9292913704675216
scene-0553,CAM_BACK_LEFT,8,2,car,0.9609756469726562,0.8198883484355526,3.39704697859379,0.7993986343710773,4.591255731765346,1.5396623834931904,1.4404479277894784,-2.930753697738143,-0.13172798146667164,0.3635610766045549,3.512000000000001,0.8198883484355526,3.39704697859379,0.7993986343710773,4.591255731765346,1.5396623834931904,1.4404479277894784,-2.930753697738143,0.3635610766045549,3.512000000000001,-0.13172798146667164
scene-0553,CAM_FRONT,9,0,car,0.9609756469726562,17.863557202411084,-3.5928507535803047,1.0524743243586236,5.262478938545058,2.20381531581166,1.679539351158004,1.559985764128112,-0.1276809773909956,0.07183937039652911,1.4240000000000006,17.863557202411084,-3.5928507535803047,1.0524743243586236,5.262478938545058,2.20381531581166,1.679539351158004,1.559985764128112,0.07183937039652911,1.4240000000000006,-0.1276809773909956
scene-0553,CAM_FRONT,9,1,car,0.719298243522644,105.50508816486916,10.170868330553155,-0.5944758958047064,1.0215513964590173,0.7244232393160672,0.9851842652738025,1.0788368319596366,0.5403739881431457,0.0,0.0,105.50508816486916,10.170868330553155,-0.5944758958047064,1.0215513964590173,0.7244232393160672,0.9851842652738025,1.0788368319596366,0.0,0.0,0.5403739881431457
scene-0553,CAM_FRONT,9,2,car,0.7575758099555969,105.47118704952375,13.227873937717733,-0.38422669839402745,2.6647546308513768,1.9181113051835936,1.0796280047749685,-3.0321160867503267,0.3933922904612297,0.0,0.0,105.47118704952375,13.227873937717733,-0.38422669839402745,2.6647546308513768,1.9181113051835936,1.0796280047749685,-3.0321160867503267,0.0,0.0,0.3933922904612297
scene-0553,CAM_FRONT,9,0,bus,0.597484290599823,17.938970179041178,10.841730629468204,1.2261729388884812,4.756078174028934,1.8200287597558606,2.56830888473658,1.6136835857956509,-0.12146437419143297,0.060051638176638174,1.3490000000000002,17.938970179041178,10.841730629468204,1.2261729388884812,4.756078174028934,1.8200287597558606,2.56830888473658,1.6136835857956509,0.060051638176638174,1.3490000000000002,-0.12146437419143297
scene-0553,CAM_FRONT,9,0,truck,0.859649121761322,22.038134992317033,6.215805208799148,1.3225201761366527,6.093184529313243,3.2076837108240355,2.243079899065407,1.5960906220585054,-0.30191973885675694,0.021819113263785394,0.9370000000000002,22.038134992317033,6.215805208799148,1.3225201761366527,6.093184529313243,3.2076837108240355,2.243079899065407,1.5960906220585054,0.021819113263785394,0.9370000000000002,-0.30191973885675694
scene-0553,CAM_FRONT_LEFT,9,0,car,0.7538461089134216,2.441660534270126,22.727538393903924,1.2612044560838984,1.221032267590628,0.7789031558013093,0.41664413199219297,-2.5945020438928545,-1.2901143897234983,0.020833333333333332,0.008000000000000002,2.441660534270126,22.727538393903924,1.2612044560838984,1.221032267590628,0.7789031558013093,0.41664413199219297,-2.5945020438928545,0.020833333333333332,0.008000000000000002,-1.2901143897234983
scene-0553,CAM_FRONT_LEFT,9,1,car,0.6640419960021973,32.64288613016477,51.82509501129881,0.8868845470609007,2.722844040219158,1.769083156188577,0.8836765771510591,-2.360377237419666,-0.9258969550490919,0.0,0.0,32.64288613016477,51.82509501129881,0.8868845470609007,2.722844040219158,1.769083156188577,0.8836765771510591,-2.360377237419666,0.0,0.0,-0.9258969550490919
scene-0553,CAM_FRONT_LEFT,9,2,car,0.675126850605011,32.69146317437048,46.54465642612025,0.9040276862781195,2.5735563670763177,1.5561820059843257,1.277953192668272,2.149312091672213,-0.7319594256297135,0.0,0.0,32.69146317437048,46.54465642612025,0.9040276862781195,2.5735563670763177,1.5561820059843257,1.277953192668272,2.149312091672213,0.0,0.0,-0.7319594256297135
scene-0553,CAM_FRONT_LEFT,9,3,car,0.5586206912994385,21.347954013897006,35.85768494913415,1.052186243792268,1.6682107193281652,0.7684912441620853,0.5948949570761508,1.5879621458008724,-1.1439597778465083,0.014705882352941176,0.012000000000000002,21.347954013897006,35.85768494913415,1.052186243792268,1.6682107193281652,0.7684912441620853,0.5948949570761508,1.5879621458008724,0.014705882352941176,0.012000000000000002,-1.1439597778465083
scene-0553,CAM_FRONT_LEFT,9,4,car,0.5857605338096619,31.174585957574912,13.455729065331443,0.6217234063541838,0.41217772359387084,0.3514599611008711,1.3224402905427841,-2.810006641618676,-0.16902495502772275,0.0,0.0,31.174585957574912,13.455729065331443,0.6217234063541838,0.41217772359387084,0.3514599611008711,1.3224402905427841,-2.810006641618676,0.0,0.0,-0.16902495502772275
scene-0553,CAM_FRONT_LEFT,9,5,car,0.9649122953414917,2.3876896861050305,3.3541825445400364,0.7650519612713691,3.318256067688232,1.5722389830355392,1.0267005449147661,2.786914757721355,-0.07148706023675366,0.3778409090909091,1.9950000000000006,2.3876896861050305,3.3541825445400364,0.7650519612713691,3.318256067688232,1.5722389830355392,1.0267005449147661,2.786914757721355,0.3778409090909091,1.9950000000000006,-0.07148706023675366
scene-0553,CAM_FRONT_LEFT,9,6,car,0.6012461185455322,11.958325909595514,13.496050366601466,1.1244359248899691,1.6144827379824815,1.0139770362480895,0.7883433684575367,2.3387804879657796,-1.0490829886584847,0.04765625,0.061000000000000006,11.958325909595514,13.496050366601466,1.1244359248899691,1.6144827379824815,1.0139770362480895,0.7883433684575367,2.3387804879657796,0.04765625,0.061000000000000006,-1.0490829886584847
scene-0553,CAM_FRONT_LEFT,9,7,car,0.7460317611694336,15.476730872994374,26.200371981395854,0.9002286361217912,2.322019521297989,1.1056733395915934,0.8870505602346495,1.8578267072641501,-0.816905906892528,0.007465963987703118,0.017000000000000005,15.476730872994374,26.200371981395854,0.9002286361217912,2.322019521297989,1.1056733395915934,0.8870505602346495,1.8578267072641501,0.007465963987703118,0.017000000000000005,-0.816905906892528
scene-0553,CAM_FRONT_LEFT,9,0,bus,0.7655677795410156,18.223646779300694,12.659840174337132,1.3539879840599123,7.405409111480941,2.926741287084809,2.900615717141993,1.6625463052001315,-0.13730339170900852,0.04624481794517466,2.8780000000000006,18.223646779300694,12.659840174337132,1.3539879840599123,7.405409111480941,2.926741287084809,2.900615717141993,1.6625463052001315,0.04624481794517466,2.8780000000000006,-0.13730339170900852
scene-0553,CAM_FRONT_LEFT,9,1,bus,0.6995305418968201,16.819080023099858,17.171120506411025,1.4476383126005914,3.8580192290533386,1.4496130067425206,1.875086040919704,1.882752119307737,-0.8345684347646407,0.044148833622517834,0.45800000000000013,16.819080023099858,17.171120506411025,1.4476383126005914,3.8580192290533386,1.4496130067425206,1.875086040919704,1.882752119307737,0.044148833622517834,0.45800000000000013,-0.8345684347646407
scene-0553,CAM_FRONT_RIGHT,9,0,car,0.7575758099555969,22.117718183461143,-48.753463949009536,1.8247819578048514,2.582220491226437,1.6259833011972216,1.3946630906131712,2.096757558082358,0.10880451799794999,0.013907967032967032,0.08100000000000002,22.117718183461143,-48.753463949009536,1.8247819578048514,2.582220491226437,1.6259833011972216,1.3946630906131712,2.096757558082358,0.013907967032967032,0.08100000000000002,0.10880451799794999
scene-0553,CAM_FRONT_RIGHT,9,1,car,0.8048780560493469,23.796355569129496,-65.92530355997975,2.01965627948986,4.504952166481637,2.200712054779114,1.8291796277231127,1.5672986873772128,0.4032352692960126,0.0,0.0,23.796355569129496,-65.92530355997975,2.01965627948986,4.504952166481637,2.200712054779114,1.8291796277231127,1.5672986873772128,0.0,0.0,0.4032352692960126
scene-0553,CAM_FRONT_RIGHT,9,2,car,0.6404494643211365,14.034036188230878,-41.07128605506968,0.508562852815619,0.3548495927390434,0.33539588159842104,0.3488926690781996,1.8674043259741564,0.6201400162998969,0.0,0.0,14.034036188230878,-41.07128605506968,0.508562852815619,0.3548495927390434,0.33539588159842104,0.3488926690781996,1.8674043259741564,0.0,0.0,0.6201400162998969
scene-0553,CAM_FRONT_RIGHT,9,3,car,0.8128654956817627,22.004804686950862,-54.10699185393467,1.8334772751994173,2.846946681330607,1.2906692329012266,1.0262575975214026,1.5970041987728503,0.006202841729924025,0.0,0.0,22.004804686950862,-54.10699185393467,1.8334772751994173,2.846946681330607,1.2906692329012266,1.0262575975214026,1.5970041987728503,0.0,0.0,0.006202841729924025
scene-0553,CAM_FRONT_RIGHT,9,0,bicycle,0.8400000333786011,14.426631248271343,-20.92007322644472,1.2501683427268784,1.5106787176697551,0.7686910078146525,1.1538485004856944,1.6164889507829932,-0.10371712209752604,0.022916666666666665,0.03300000000000001,14.483397810532352,-20.917554296200105,1.3233304976915141,1.5090813807757222,0.8943228839315616,1.5091694524660741,1.662878941816099,0.01728395061728395,0.035,0.0007811989280280818
scene-0553,CAM_BACK,9,0,truck,0.976608157157898,-10.52263560923896,3.5147491863889533,1.7040554048137804,13.453475392988064,3.3674375919517585,5.065932129514559,-3.041092906851238,0.8534434176429888,0.0708488188303644,16.585000000000004,-10.52263560923896,3.5147491863889533,1.7040554048137804,13.453475392988064,3.3674375919517585,5.065932129514559,-3.041092906851238,0.0708488188303644,16.585000000000004,0.8534434176429888
scene-0553,CAM_BACK,9,1,truck,0.8947368264198303,-6.612095843884645,0.17770381430579377,0.8941543738526616,4.433840352843115,2.8569585862297244,2.3219513087689476,3.139557178805479,0.22704350244276572,0.18294261959929126,5.369000000000001,-6.612095843884645,0.17770381430579377,0.8941543738526616,4.433840352843115,2.8569585862297244,2.3219513087689476,3.139557178805479,0.18294261959929126,5.369000000000001,0.22704350244276572
scene-0553,CAM_BACK_LEFT,9,0,car,0.518796980381012,2.2605405591350616,22.680653968834793,1.07678757353876,0.753509207034071,0.4823708804444937,0.29092419675296,1.814978044360141,-1.1962894596517208,0.0,0.0,2.2605405591350616,22.680653968834793,1.07678757353876,0.753509207034071,0.4823708804444937,0.29092419675296,1.814978044360141,0.0,0.0,-1.1962894596517208
scene-0553,CAM_BACK_LEFT,9,1,car,0.9609756469726562,0.7778375996512021,3.4611927021406803,0.8100902642910605,4.5655300374588785,1.5353728659043893,1.436909645005316,-2.929715071020234,-0.1389629751526984,0.35403726708074534,3.420000000000001,0.7778375996512021,3.4611927021406803,0.8100902642910605,4.5655300374588785,1.5353728659043893,1.436909645005316,-2.929715071020234,0.35403726708074534,3.420000000000001,-0.1389629751526984
scene-0553,CAM_BACK_LEFT,9,2,car,0.6521739363670349,1.0629099570275833,22.695825804492298,0.9337738893131035,2.6512017600019324,1.2195896744546602,0.9550372971744776,-2.9760984640847297,-0.7214415505403178,0.018827160493827162,0.06100000000000002,1.0629099570275833,22.695825804492298,0.9337738893131035,2.6512017600019324,1.2195896744546602,0.9550372971744776,-2.9760984640847297,0.018827160493827162,0.06100000000000002,-0.7214415505403178
scene-0553,CAM_FRONT,10,0,car,0.9024390578269958,17.93764931278968,-8.469348894114992,1.2539964154882992,4.522786697237467,1.9611586134228212,1.5276576531093466,1.6073211583557456,-0.3465126613222749,0.016666666666666666,0.22500000000000006,17.93764931278968,-8.469348894114992,1.2539964154882992,4.522786697237467,1.9611586134228212,1.5276576531093466,1.6073211583557456,0.016666666666666666,0.22500000000000006,-0.3465126613222749
scene-0553,CAM_FRONT,10,0,bus,0.8787879347801208,17.838076564355298,7.685054801289959,1.3448069374682703,6.1827206258522445,2.5629774402119523,2.841007435214326,1.6184218501096828,-0.0075490337076953296,0.04118663594470046,1.8590000000000004,17.838076564355298,7.685054801289959,1.3448069374682703,6.1827206258522445,2.5629774402119523,2.841007435214326,1.6184218501096828,0.04118663594470046,1.8590000000000004,-0.0075490337076953296
scene-0553,CAM_FRONT,10,0,truck,0.8987342119216919,21.227645752358463,1.7772628984193073,1.3662433185809206,5.88125741475724,2.713638666080964,2.376857789054287,1.6049430607268178,-0.16465562024806824,0.03497070516844528,1.3370000000000002,21.227645752358463,1.7772628984193073,1.3662433185809206,5.88125741475724,2.713638666080964,2.376857789054287,1.6049430607268178,0.03497070516844528,1.3370000000000002,-0.16465562024806824
scene-0553,CAM_FRONT_LEFT,10,0,car,0.7770034670829773,2.383739208611626,22.698199473785806,1.2735885983686763,1.1441887616100601,0.8502405626015603,0.3894169884828176,1.4229720536688117,-1.3572933402684724,0.04040404040404041,0.016000000000000004,2.383739208611626,22.698199473785806,1.2735885983686763,1.1441887616100601,0.8502405626015603,0.3894169884828176,1.4229720536688117,0.04040404040404041,0.016000000000000004,-1.3572933402684724
scene-0553,CAM_FRONT_LEFT,10,1,car,0.7928802371025085,22.20044509238466,19.21281401815407,0.49617290415908477,2.3782672972034185,1.0873892467012425,0.8344023850967335,1.599581487041673,-0.43947946808235194,0.04640151515151515,0.09800000000000003,22.20044509238466,19.21281401815407,0.49617290415908477,2.3782672972034185,1.0873892467012425,0.8344023850967335,1.599581487041673,0.04640151515151515,0.09800000000000003,-0.43947946808235194
scene-0553,CAM_FRONT_LEFT,10,2,car,0.9609756469726562,2.3183448407528764,3.223946977603469,0.7531475380824976,3.24917010076701,1.5307650404062976,1.0205951816323855,2.7818698337531282,-0.15995548789950642,0.38395833333333335,1.8430000000000004,2.3183448407528764,3.223946977603469,0.7531475380824976,3.24917010076701,1.5307650404062976,1.0205951816323855,2.7818698337531282,0.38395833333333335,1.8430000000000004,-0.15995548789950642
scene-0553,CAM_FRONT_LEFT,10,3,car,0.7104072570800781,32.36163989599597,45.94743808229141,0.8367100786195303,2.2447989579710512,1.435254912664604,1.1532642516468168,2.339220492980456,-0.615234463864466,0.0,0.0,32.36163989599597,45.94743808229141,0.8367100786195303,2.2447989579710512,1.435254912664604,1.1532642516468168,2.339220492980456,0.0,0.0,-0.615234463864466
scene-0553,CAM_FRONT_LEFT,10,4,car,0.7620818018913269,36.77872158403794,44.53666415831321,0.8358949958578663,5.333207589878484,2.520153679520158,2.000938430367382,1.110533985784359,-0.2433374985658685,0.02071698113207547,0.5490000000000002,36.77872158403794,44.53666415831321,0.8358949958578663,5.333207589878484,2.520153679520158,2.000938430367382,1.110533985784359,0.02071698113207547,0.5490000000000002,-0.2433374985658685
scene-0553,CAM_FRONT_LEFT,10,5,car,0.7620818018913269,22.89481302136112,39.77275018758862,1.1288276666633454,2.4238243402973687,1.091127422664556,0.8912851069987754,2.376968497485362,-0.9808229632101155,0.0,0.0,22.89481302136112,39.77275018758862,1.1288276666633454,2.4238243402973687,1.091127422664556,0.8912851069987754,2.376968497485362,0.0,0.0,-0.9808229632101155
scene-0553,CAM_FRONT_LEFT,10,6,car,0.8709677457809448,10.974650647264305,16.32353034336935,1.275477500319318,1.8968241189832868,0.9483348823056659,0.656238453574596,2.1179162831526637,-1.3362105717917552,0.09440267335004177,0.11300000000000002,10.974650647264305,16.32353034336935,1.275477500319318,1.8968241189832868,0.9483348823056659,0.656238453574596,2.1179162831526637,0.09440267335004177,0.11300000000000002,-1.3362105717917552
scene-0553,CAM_FRONT_LEFT,10,0,bus,0.8632478713989258,17.63432379237628,9.033543995029994,1.4504176464391865,5.52121528834498,2.3805345793649053,2.72424421833661,1.6008932468962063,-0.2141429365056533,0.0473063973063973,1.6860000000000002,17.63432379237628,9.033543995029994,1.4504176464391865,5.52121528834498,2.3805345793649053,2.72424421833661,1.6008932468962063,0.0473063973063973,1.6860000000000002,-0.2141429365056533
scene-0553,CAM_FRONT_LEFT,10,1,bus,0.8750000596046448,25.974210668455154,22.006257030304855,1.5880954955360398,7.151007114665315,3.044474026869974,3.1051843510888784,1.767151595834838,-0.3954825918803335,0.012604540023894863,0.8440000000000003,25.974210668455154,22.006257030304855,1.5880954955360398,7.151007114665315,3.044474026869974,3.1051843510888784,1.767151595834838,0.012604540023894863,0.8440000000000003,-0.3954825918803335
scene-0553,CAM_FRONT_RIGHT,10,0,car,0.8324607610702515,14.759935808075584,-38.24253088158274,1.9715501427163757,2.6974926563009944,1.332572819526309,1.2962643491078063,1.3415601255555958,-0.5992273753966644,0.0010957703265395574,0.005000000000000002,14.759935808075584,-38.24253088158274,1.9715501427163757,2.6974926563009944,1.332572819526309,1.2962643491078063,1.3415601255555958,0.0010957703265395574,0.005000000000000002,-0.5992273753966644
scene-0553,CAM_FRONT_RIGHT,10,1,car,0.6167664527893066,2.7649602203317913,-16.376589222042465,0.3367753235707671,0.5151511809004035,0.30516787805952905,0.32651587451719344,1.5423592399656822,0.1775352555564209,0.0,0.0,2.7649602203317913,-16.376589222042465,0.3367753235707671,0.5151511809004035,0.30516787805952905,0.32651587451719344,1.5423592399656822,0.0,0.0,0.1775352555564209
scene-0553,CAM_FRONT_RIGHT,10,2,car,0.949367105960846,17.780840559691644,-9.265381746132727,1.2568425927693059,4.442308837830971,1.8682569872468733,1.4734918032676338,1.5610067172433308,-0.26585427093895575,0.028309409888357256,0.3550000000000001,17.780840559691644,-9.265381746132727,1.2568425927693059,4.442308837830971,1.8682569872468733,1.4734918032676338,1.5610067172433308,0.028309409888357256,0.3550000000000001,-0.26585427093895575
scene-0553,CAM_FRONT_RIGHT,10,3,car,0.8128654956817627,21.84501199335527,-53.70040076741847,1.975570064498653,3.0849051666781335,1.3083367095029352,1.0539285841708947,1.4769229763615,-0.45220487967867795,0.0,0.0,21.84501199335527,-53.70040076741847,1.975570064498653,3.0849051666781335,1.3083367095029352,1.0539285841708947,1.4769229763615,0.0,0.0,-0.45220487967867795
scene-0553,CAM_FRONT_RIGHT,10,4,car,0.7575758099555969,22.165627499296143,-48.95928219395838,1.7893971096768029,2.6244038456617673,1.6040408582322585,1.4380446000210334,2.050137594377772,-0.13159682647765703,0.013221153846153846,0.07700000000000003,22.165627499296143,-48.95928219395838,1.7893971096768029,2.6244038456617673,1.6040408582322585,1.4380446000210334,2.050137594377772,0.013221153846153846,0.07700000000000003,-0.13159682647765703
scene-0553,CAM_FRONT_RIGHT,10,0,bicycle,0.8202247023582458,14.166053789677523,-22.42349392148469,0.9812029153584967,1.4300474198350592,0.7094681278370487,0.9201413458965981,1.6238473363001984,0.01349704292534315,0.0,0.0,14.166053789677523,-22.42349392148469,0.9812029153584967,1.4300474198350592,0.7094681278370487,0.9201413458965981,1.6238473363001984,0.0,0.0,0.01349704292534315
scene-0553,CAM_BACK,10,0,truck,0.9726027250289917,-10.606445030371624,3.675540312483673,1.7437744579200487,13.511954266951978,3.370980628723871,5.026391368984715,-3.0602759899764416,0.7799450897090772,0.0598562091503268,13.737000000000004,-10.606445030371624,3.675540312483673,1.7437744579200487,13.511954266951978,3.370980628723871,5.026391368984715,-3.0602759899764416,0.0598562091503268,13.737000000000004,0.7799450897090772
scene-0553,CAM_BACK,10,1,truck,0.8709677457809448,-6.584777335748914,0.17642129289768743,0.9117108748894941,4.33569097389218,2.837062755775425,2.2925752149884246,-3.1373003619607194,0.19415234470269682,0.1940271558572873,5.373000000000001,-6.584777335748914,0.17642129289768743,0.9117108748894941,4.33569097389218,2.837062755775425,2.2925752149884246,-3.1373003619607194,0.1940271558572873,5.373000000000001,0.19415234470269682
scene-0553,CAM_BACK_LEFT,10,0,car,0.518796980381012,-3.9983241528066977,4.644760343925566,0.5256402992219752,0.4825219215140333,0.12927438634453348,0.46533221167319083,2.4231461486729446,-0.2983306541950874,0.56,0.014000000000000004,-3.9983241528066977,4.644760343925566,0.5256402992219752,0.4825219215140333,0.12927438634453348,0.46533221167319083,2.4231461486729446,0.56,0.014000000000000004,-0.2983306541950874
scene-0553,CAM_BACK_LEFT,10,1,car,0.5345454812049866,2.368107845011781,22.55671334932647,0.9445520706205648,0.472214685745282,0.34420863445050465,0.46741936355529934,1.8345732188656203,-0.7866066425784575,0.02666666666666667,0.0020000000000000005,2.368107845011781,22.55671334932647,0.9445520706205648,0.472214685745282,0.34420863445050465,0.46741936355529934,1.8345732188656203,0.02666666666666667,0.0020000000000000005,-0.7866066425784575
scene-0553,CAM_BACK_LEFT,10,2,car,0.96875,0.8183747238767417,3.440727556701981,0.7846212019684953,4.611842844560304,1.5448046392470594,1.44695961250014,-2.9262611695984098,-0.04245921388325069,0.360351966873706,3.4810000000000008,0.8183747238767417,3.440727556701981,0.7846212019684953,4.611842844560304,1.5448046392470594,1.44695961250014,-2.9262611695984098,0.360351966873706,3.4810000000000008,-0.04245921388325069
scene-0553,CAM_BACK_LEFT,10,3,car,0.7299578189849854,1.0385584329793192,22.56929580031808,0.9775494850609158,2.2968481372408087,1.0515988938029253,0.8528572555542933,-2.9725683894242443,-0.6119011440727096,0.02766798418972332,0.06300000000000001,1.0385584329793192,22.56929580031808,0.9775494850609158,2.2968481372408087,1.0515988938029253,0.8528572555542933,-2.9725683894242443,0.02766798418972332,0.06300000000000001,-0.6119011440727096
scene-0553,CAM_FRONT,11,0,bus,0.7730495929718018,17.698512018573346,3.496910654970051,1.486587968018827,7.682027694443746,2.755405518354763,2.987618258606659,1.5955588794991842,-0.061459162375871124,0.042393320964749535,2.742000000000001,17.698512018573346,3.496910654970051,1.486587968018827,7.682027694443746,2.755405518354763,2.987618258606659,1.5955588794991842,0.042393320964749535,2.742000000000001,-0.061459162375871124
scene-0553,CAM_FRONT,11,0,truck,0.8827838897705078,21.276686591135306,-2.47212204895716,1.5072374838779554,5.862949758384791,2.8926359078676036,2.2076783059913803,1.6165187828361307,-0.3361711908132574,0.049944211253387175,1.8800000000000006,21.276686591135306,-2.47212204895716,1.5072374838779554,5.862949758384791,2.8926359078676036,2.2076783059913803,1.6165187828361307,0.049944211253387175,1.8800000000000006,-0.3361711908132574
scene-0553,CAM_FRONT,11,1,truck,0.8750000596046448,27.245759997172154,16.249467166325637,1.2918275266554609,4.878270015051365,1.7355232541769112,2.56653385325185,1.9215707772720128,-0.2955160758367259,0.020823714101025025,0.4510000000000001,27.245759997172154,16.249467166325637,1.2918275266554609,4.878270015051365,1.7355232541769112,2.56653385325185,1.9215707772720128,0.020823714101025025,0.4510000000000001,-0.2955160758367259
scene-0553,CAM_FRONT_LEFT,11,0,car,0.7815700173377991,23.21915068219653,32.53061592525569,0.7872211995558491,3.7755253851628865,1.6966868049331225,1.2714683995953173,1.5247421158983985,-0.4665302703461116,0.0011907597046915933,0.010000000000000002,23.21915068219653,32.53061592525569,0.7872211995558491,3.7755253851628865,1.6966868049331225,1.2714683995953173,1.5247421158983985,0.0011907597046915933,0.010000000000000002,-0.4665302703461116
scene-0553,CAM_FRONT_LEFT,11,1,car,0.8947368264198303,10.000550868796035,6.966422721427903,1.1484390710205383,1.9506202403321518,0.8203231975644201,0.6481384682318406,2.054932571662678,-0.9141197319408385,0.18125,0.17400000000000002,10.000550868796035,6.966422721427903,1.1484390710205383,1.9506202403321518,0.8203231975644201,0.6481384682318406,2.054932571662678,0.18125,0.17400000000000002,-0.9141197319408385
scene-0553,CAM_FRONT_LEFT,11,2,car,0.7037037014961243,2.455584720200705,22.480008686547333,1.1128331912976934,0.5763475277066696,0.44056759222650044,0.5773353792429468,2.2807175454070907,-0.9537822539431039,0.05555555555555555,0.008000000000000002,2.455584720200705,22.480008686547333,1.1128331912976934,0.5763475277066696,0.44056759222650044,0.5773353792429468,2.2807175454070907,0.05555555555555555,0.008000000000000002,-0.9537822539431039
scene-0553,CAM_FRONT_LEFT,11,3,car,0.9569892287254333,2.3243791023294222,3.23809295084653,0.7603441446618373,3.311408911383317,1.5505237361479605,1.0385832616986086,2.783965042509976,-0.1608741412506014,0.3924242424242424,2.0720000000000005,2.3243791023294222,3.23809295084653,0.7603441446618373,3.311408911383317,1.5505237361479605,1.0385832616986086,2.783965042509976,0.3924242424242424,2.0720000000000005,-0.1608741412506014
scene-0553,CAM_FRONT_LEFT,11,4,car,0.7037037014961243,36.591330784567994,64.45057126097404,1.029731926517675,5.462399483166951,2.469962107196338,2.064108564942906,2.168306560551518,0.3305620650926482,0.0,0.0,36.591330784567994,64.45057126097404,1.029731926517675,5.462399483166951,2.469962107196338,2.064108564942906,2.168306560551518,0.0,0.0,0.3305620650926482
scene-0553,CAM_FRONT_LEFT,11,5,car,0.7500000596046448,36.75650800218775,43.426176836081545,0.9718823557927969,3.4666528492689253,2.0834140927357305,1.6848870725514553,0.9541433273432245,-0.2619249393834404,0.02705082032813125,0.3380000000000001,36.75650800218775,43.426176836081545,0.9718823557927969,3.4666528492689253,2.0834140927357305,1.6848870725514553,0.9541433273432245,0.02705082032813125,0.3380000000000001,-0.2619249393834404
scene-0553,CAM_FRONT_LEFT,11,0,bus,0.8160918951034546,26.244670266008704,19.05617935224604,1.7833366282347884,10.128811837362523,2.9913009692405765,3.3138436167368877,1.6574833802005309,-0.3345234089194986,0.01971197119711971,1.9710000000000003,26.244670266008704,19.05617935224604,1.7833366282347884,10.128811837362523,2.9913009692405765,3.3138436167368877,1.6574833802005309,0.01971197119711971,1.9710000000000003,-0.3345234089194986
scene-0553,CAM_FRONT_RIGHT,11,0,car,0.8048780560493469,15.836939695523673,-41.53588559150329,2.0640464287060216,2.8030950138341453,1.3709472522257293,1.1688496539151203,1.347763614645092,-0.4410514361143063,0.0,0.0,15.836939695523673,-41.53588559150329,2.0640464287060216,2.8030950138341453,1.3709472522257293,1.1688496539151203,1.347763614645092,0.0,0.0,-0.4410514361143063
scene-0553,CAM_FRONT_RIGHT,11,1,car,0.9452055096626282,17.85352463252036,-13.91158574193561,1.448115237242713,4.936645481089556,2.079718280087743,1.6052257553542155,1.5527524301792746,-0.1458562323416368,0.018282312925170068,0.30100000000000005,17.85352463252036,-13.91158574193561,1.448115237242713,4.936645481089556,2.079718280087743,1.6052257553542155,1.5527524301792746,0.018282312925170068,0.30100000000000005,-0.1458562323416368
scene-0553,CAM_FRONT_RIGHT,11,2,car,0.8048780560493469,22.226254010309408,-53.61478721310528,2.0671553278286927,3.143292686704413,1.4178296878644616,1.109334197854127,1.406100437708856,-0.22131906233668786,0.0,0.0,22.226254010309408,-53.61478721310528,2.0671553278286927,3.143292686704413,1.4178296878644616,1.109334197854127,1.406100437708856,0.0,0.0,-0.22131906233668786
scene-0553,CAM_FRONT_RIGHT,11,3,car,0.675126850605011,6.649476695657898,-23.16169824010879,-0.16128069186342642,0.2686386170682944,0.24881340365826432,0.3524657471142243,3.0650659658785187,0.9493970268959109,0.0,0.0,6.649476695657898,-23.16169824010879,-0.16128069186342642,0.2686386170682944,0.24881340365826432,0.3524657471142243,3.0650659658785187,0.0,0.0,0.9493970268959109
scene-0553,CAM_FRONT_RIGHT,11,4,car,0.7655677795410156,22.19412002903119,-48.939325259377796,1.8727147491909535,2.6139738101896963,1.6418647451761643,1.375049517981707,-2.95498661732998,0.030802698932590467,0.014251373626373626,0.08300000000000002,22.19412002903119,-48.939325259377796,1.8727147491909535,2.6139738101896963,1.6418647451761643,1.375049517981707,-2.95498661732998,0.014251373626373626,0.08300000000000002,0.030802698932590467
scene-0553,CAM_FRONT_RIGHT,11,0,bicycle,0.8358974456787109,12.646131073690063,-20.625591425753562,1.320134324064695,1.1474262024839064,0.5740394676824927,0.7502135181100841,1.1816395718787787,-0.31546512747532063,0.0,0.0,12.646131073690063,-20.625591425753562,1.320134324064695,1.1474262024839064,0.5740394676824927,0.7502135181100841,1.1816395718787787,0.0,0.0,-0.31546512747532063
scene-0553,CAM_BACK,11,0,truck,0.9726027250289917,-10.468548094881204,3.637030294452576,1.76984034067187,13.127890372823938,3.464015019438528,4.77382690754181,-3.0553355026568902,0.6743543613705005,0.06978825881497637,15.359000000000002,-10.468548094881204,3.637030294452576,1.76984034067187,13.127890372823938,3.464015019438528,4.77382690754181,-3.0553355026568902,0.06978825881497637,15.359000000000002,0.6743543613705005
scene-0553,CAM_BACK,11,1,truck,0.8518518805503845,-6.628297789245867,0.1732061267199801,0.9201853930363536,4.402814571709381,2.844853617032923,2.3889828657136523,3.1346768151518924,0.25144518495635204,0.18222402597402598,5.388000000000002,-6.628297789245867,0.1732061267199801,0.9201853930363536,4.402814571709381,2.844853617032923,2.3889828657136523,3.1346768151518924,0.18222402597402598,5.388000000000002,0.25144518495635204
scene-0553,CAM_BACK_LEFT,11,0,car,0.518796980381012,2.3144424109947623,22.55310982492048,1.0059742779070915,0.5259043185195345,0.22456407057464034,0.5201194249608522,3.105809626267956,-0.9432050008600532,0.0,0.0,2.3144424109947623,22.55310982492048,1.0059742779070915,0.5259043185195345,0.22456407057464034,0.5201194249608522,3.105809626267956,0.0,0.0,-0.9432050008600532
scene-0553,CAM_BACK_LEFT,11,1,car,0.9609756469726562,0.8128970820273866,3.4498717274177526,0.7870348614341027,4.60868306323387,1.5471175832928457,1.4403837499901635,-2.920632490659831,-0.01531851122215544,0.3606625258799172,3.484000000000001,0.8128970820273866,3.4498717274177526,0.7870348614341027,4.60868306323387,1.5471175832928457,1.4403837499901635,-2.920632490659831,0.3606625258799172,3.484000000000001,-0.01531851122215544
scene-0553,CAM_BACK_LEFT,11,2,car,0.6717948913574219,1.196699185500477,22.68004043367458,0.9209640121609727,2.606406689130074,1.201447182017283,0.9565696047479533,-3.0226882347092983,-0.6349436474624721,0.01955128205128205,0.06100000000000001,1.196699185500477,22.68004043367458,0.9209640121609727,2.606406689130074,1.201447182017283,0.9565696047479533,-3.0226882347092983,0.01955128205128205,0.06100000000000001,-0.6349436474624721
scene-0553,CAM_FRONT,12,0,car,0.6683937907218933,16.821623092188005,3.1728131458562308,1.3710074508428525,0.7936322543108894,0.4636634169196585,0.4068826099446572,-3.0448045633567618,-1.190868931922751,0.0,0.0,16.821623092188005,3.1728131458562308,1.3710074508428525,0.7936322543108894,0.4636634169196585,0.4068826099446572,-3.0448045633567618,0.0,0.0,-1.190868931922751
scene-0553,CAM_FRONT,12,1,car,0.6012461185455322,19.73922614201438,2.906585924095135,1.268199281794307,0.21835321262888385,0.171979128147969,0.5831673980693017,2.8845918878896915,-1.021498573179521,0.0,0.0,19.73922614201438,2.906585924095135,1.268199281794307,0.21835321262888385,0.171979128147969,0.5831673980693017,2.8845918878896915,0.0,0.0,-1.021498573179521
scene-0553,CAM_FRONT,12,2,car,0.8865247964859009,21.62825188183876,11.484505559828408,0.7201252374296385,4.133231259862383,1.8668874201722723,1.3344546411131253,1.6231695126064682,-0.23765166266737214,0.030314999506270365,0.30700000000000005,21.62825188183876,11.484505559828408,0.7201252374296385,4.133231259862383,1.8668874201722723,1.3344546411131253,1.6231695126064682,0.030314999506270365,0.30700000000000005,-0.23765166266737214
scene-0553,CAM_FRONT,12,0,bus,0.8160918951034546,27.810464029099666,14.84136193943803,1.9364741209326009,6.19657628501291,2.1994830877912968,2.411281858746542,1.8709885563667024,-0.9117934891438635,0.01933651026392962,0.6330000000000002,27.810464029099666,14.84136193943803,1.9364741209326009,6.19657628501291,2.1994830877912968,2.411281858746542,1.8709885563667024,0.01933651026392962,0.6330000000000002,-0.9117934891438635
scene-0553,CAM_FRONT,12,1,bus,0.8787879347801208,17.16866665309646,-1.1534099642342643,1.6669828692487398,7.299697016608521,2.601863546965893,2.813281708602528,1.5825355090341593,-0.2178726401119846,0.06663028752069848,3.541000000000001,17.16866665309646,-1.1534099642342643,1.6669828692487398,7.299697016608521,2.601863546965893,2.813281708602528,1.5825355090341593,0.06663028752069848,3.541000000000001,-0.2178726401119846
scene-0553,CAM_FRONT,12,0,truck,0.6683937907218933,20.478882682137918,-6.548082644121859,1.6996685067647868,5.405881196154122,2.26045647245585,2.0615066672583526,1.5384411628755967,-0.4008082357271632,0.04075607698796105,1.0630000000000004,20.478882682137918,-6.548082644121859,1.6996685067647868,5.405881196154122,2.26045647245585,2.0615066672583526,1.5384411628755967,0.04075607698796105,1.0630000000000004,-0.4008082357271632
scene-0553,CAM_FRONT_LEFT,12,0,car,0.7299578189849854,2.385674677411634,22.589081140714296,1.3384143088828289,0.8466298183367602,0.5525234065631288,0.5325394851338296,-2.9873350561524017,-1.4394411130135305,0.029166666666666667,0.007000000000000002,2.385674677411634,22.589081140714296,1.3384143088828289,0.8466298183367602,0.5525234065631288,0.5325394851338296,-2.9873350561524017,0.029166666666666667,0.007000000000000002,-1.4394411130135305
scene-0553,CAM_FRONT_LEFT,12,1,car,0.9569892287254333,2.3403619094537387,3.2143961595855446,0.754456778566585,3.243228807427279,1.5281034246360652,1.0241267673471293,2.773087085243606,-0.19709475893339512,0.3908333333333333,1.8760000000000001,2.3403619094537387,3.2143961595855446,0.754456778566585,3.243228807427279,1.5281034246360652,1.0241267673471293,2.773087085243606,0.3908333333333333,1.8760000000000001,-0.19709475893339512
scene-0553,CAM_FRONT_LEFT,12,2,car,0.9179486632347107,21.756575842227676,11.606151295282341,0.7474748812019795,4.488972866081712,1.9215443919370294,1.318674190774421,1.8915208738988616,-0.26320570232725826,0.02627080521817364,0.29200000000000004,21.756575842227676,11.606151295282341,0.7474748812019795,4.488972866081712,1.9215443919370294,1.318674190774421,1.8915208738988616,0.02627080521817364,0.29200000000000004,-0.26320570232725826
scene-0553,CAM_FRONT_LEFT,12,3,car,0.5775577425956726,31.915853040857886,45.27236458441082,0.6644709500272612,3.379875184696104,1.5482741242163574,1.2612493084911942,1.0475810866665936,-0.35863260120921536,0.0,0.0,31.915853040857886,45.27236458441082,0.6644709500272612,3.379875184696104,1.5482741242163574,1.2612493084911942,1.0475810866665936,0.0,0.0,-0.35863260120921536
scene-0553,CAM_FRONT_LEFT,12,4,car,0.6012461185455322,38.069096319837875,61.73019015883151,0.10283488190753298,1.992905555925745,1.8506804077547683,0.8271261026718595,0.8981682913498423,-0.008454107297372282,0.0,0.0,38.069096319837875,61.73019015883151,0.10283488190753298,1.992905555925745,1.8506804077547683,0.8271261026718595,0.8981682913498423,0.0,0.0,-0.008454107297372282
scene-0553,CAM_FRONT_LEFT,12,5,car,0.7419355511665344,26.55857259924261,46.60943626159074,1.456917927235412,2.528861135882263,1.6039445961188719,1.354160087921437,2.652786026159442,-1.1077737875391436,0.0032142857142857142,0.018000000000000006,26.55857259924261,46.60943626159074,1.456917927235412,2.528861135882263,1.6039445961188719,1.354160087921437,2.652786026159442,0.0032142857142857142,0.018000000000000006,-1.1077737875391436
scene-0553,CAM_FRONT_LEFT,12,6,car,0.675126850605011,22.616422977635764,28.982970662239154,0.7176404101994428,3.5472194689756655,1.600333577187584,1.3403400237464045,1.8222186016767294,-0.4073812440827713,0.008104395604395605,0.059000000000000025,22.616422977635764,28.982970662239154,0.7176404101994428,3.5472194689756655,1.600333577187584,1.3403400237464045,1.8222186016767294,0.008104395604395605,0.059000000000000025,-0.4073812440827713
scene-0553,CAM_FRONT_LEFT,12,0,bus,0.8672199249267578,28.195563216869463,17.30000908364398,1.696560933615881,9.56629795563641,2.7664924745555304,3.175014500116286,2.1634623952636054,-0.35507245091461037,0.00939360119047619,0.8080000000000002,28.195563216869463,17.30000908364398,1.696560933615881,9.56629795563641,2.7664924745555304,3.175014500116286,2.1634623952636054,0.00939360119047619,0.8080000000000002,-0.35507245091461037
scene-0553,CAM_FRONT_RIGHT,12,0,car,0.8439024686813354,15.115279190564078,-39.95056364395443,2.0473198754844972,2.4852514859016672,1.1896588461366697,1.0857266998238975,1.21381261279151,-0.6544113214099507,0.0,0.0,15.115279190564078,-39.95056364395443,2.0473198754844972,2.4852514859016672,1.1896588461366697,1.0857266998238975,1.21381261279151,0.0,0.0,-0.6544113214099507
scene-0553,CAM_FRONT_RIGHT,12,1,car,0.7815700173377991,22.451634510713472,-49.333975718153056,1.9683342414222245,2.4622403116909197,1.590741598126816,1.3681771810385124,2.0240724226104776,-0.23740212215540968,0.00875,0.049000000000000016,22.451634510713472,-49.333975718153056,1.9683342414222245,2.4622403116909197,1.590741598126816,1.3681771810385124,2.0240724226104776,0.00875,0.049000000000000016,-0.23740212215540968
scene-0553,CAM_FRONT_RIGHT,12,2,car,0.9532163739204407,17.9404620160812,-19.33843786278534,1.5257214782971844,4.765671122267918,2.1604515877670885,1.5481801509067672,1.5465245306363244,-0.10795094954332474,0.021338383838383837,0.3380000000000001,17.9404620160812,-19.33843786278534,1.5257214782971844,4.765671122267918,2.1604515877670885,1.5481801509067672,1.5465245306363244,0.021338383838383837,0.3380000000000001,-0.10795094954332474
scene-0553,CAM_FRONT_RIGHT,12,3,car,0.8083832263946533,19.462324669194988,-8.399745015887563,1.27195172170851,2.683871404106185,1.4776621381172417,1.3932410391733454,2.4538583509471876,-0.2436663716755939,0.0417989417989418,0.23700000000000007,19.462324669194988,-8.399745015887563,1.27195172170851,2.683871404106185,1.4776621381172417,1.3932410391733454,2.4538583509471876,0.0417989417989418,0.23700000000000007,-0.2436663716755939
scene-0553,CAM_FRONT_RIGHT,12,4,car,0.6404494643211365,7.899641153806265,-21.04070878286656,1.31243183316175,0.3824844912024936,0.21528308017726094,0.22303679360833728,1.849942181373458,-0.6929365467472908,0.0,0.0,7.899641153806265,-21.04070878286656,1.31243183316175,0.3824844912024936,0.21528308017726094,0.22303679360833728,1.849942181373458,0.0,0.0,-0.6929365467472908
scene-0553,CAM_FRONT_RIGHT,12,5,car,0.8048780560493469,22.189628265358806,-54.12087079059724,2.1224195842474907,2.9602755824415325,1.3451907387300395,1.0275268963728512,1.3424858457196032,-0.4792518296493218,0.0,0.0,22.189628265358806,-54.12087079059724,2.1224195842474907,2.9602755824415325,1.3451907387300395,1.0275268963728512,1.3424858457196032,0.0,0.0,-0.4792518296493218
scene-0553,CAM_FRONT_RIGHT,12,0,bicycle,0.6444444060325623,11.986534677512818,-21.40480875096781,1.3127138793327133,1.343702647412801,0.6689975328488289,0.8572802763784346,2.154265948283659,-0.35326231211975334,0.0,0.0,11.986534677512818,-21.40480875096781,1.3127138793327133,1.343702647412801,0.6689975328488289,0.8572802763784346,2.154265948283659,0.0,0.0,-0.35326231211975334
scene-0553,CAM_BACK,12,0,truck,0.9726027250289917,-10.501368024039252,3.7313803909344263,1.6014326395389102,13.517157946130386,3.3924779779992322,4.950591943326969,-3.065211576288435,1.2978132294138502,0.06423529411764706,14.742000000000003,-10.501368024039252,3.7313803909344263,1.6014326395389102,13.517157946130386,3.3924779779992322,4.950591943326969,-3.065211576288435,0.06423529411764706,14.742000000000003,1.2978132294138502
scene-0553,CAM_BACK,12,1,truck,0.8787879347801208,-6.615333900030741,0.18321751863191976,0.8685434642285221,4.410717449870631,2.818456727992417,2.3565413681072,-3.1349355027946872,0.3238260279944427,0.18246076839826839,5.395000000000001,-6.615333900030741,0.18321751863191976,0.8685434642285221,4.410717449870631,2.818456727992417,2.3565413681072,-3.1349355027946872,0.18246076839826839,5.395000000000001,0.3238260279944427
scene-0553,CAM_BACK_LEFT,12,0,car,0.507692277431488,2.304945293024843,22.639855471211224,1.0494339945140947,0.45668786418415863,0.33872402482583297,0.48044660912780124,3.0200415090186814,-0.9520838728429935,0.0,0.0,2.304945293024843,22.639855471211224,1.0494339945140947,0.45668786418415863,0.33872402482583297,0.48044660912780124,3.0200415090186814,0.0,0.0,-0.9520838728429935
scene-0553,CAM_BACK_LEFT,12,1,car,0.9649122953414917,0.7774162734012814,3.42836050442692,0.807046669364899,4.501230406505566,1.5129441765926646,1.3983380663476215,-2.919058344969252,-0.056927380946117934,0.35735449735449737,3.377000000000001,0.7774162734012814,3.42836050442692,0.807046669364899,4.501230406505566,1.5129441765926646,1.3983380663476215,-2.919058344969252,0.35735449735449737,3.377000000000001,-0.056927380946117934
scene-0553,CAM_BACK_LEFT,12,2,car,0.6604774594306946,0.9010281215841449,22.671253105821933,1.061436382469789,2.43131080650713,1.1230288972207703,0.8839489136450687,-2.954901477857342,-0.7630873191571195,0.03282828282828283,0.07800000000000003,0.9010281215841449,22.671253105821933,1.061436382469789,2.43131080650713,1.1230288972207703,0.8839489136450687,-2.954901477857342,0.03282828282828283,0.07800000000000003,-0.7630873191571195
scene-0553,CAM_FRONT,13,0,car,0.9375000596046448,21.61472507306223,7.12197403427581,0.8425020849795776,5.018835045767764,2.1113169999311516,1.49495731965984,1.6803254668263747,-0.14832802661035283,0.03358730158730159,0.5290000000000001,21.61472507306223,7.12197403427581,0.8425020849795776,5.018835045767764,2.1113169999311516,1.49495731965984,1.6803254668263747,0.03358730158730159,0.5290000000000001,-0.14832802661035283
scene-0553,CAM_FRONT,13,1,car,0.7104072570800781,100.44399853550411,9.249441716338444,-0.7885721642662198,1.6628742366578209,1.5630766120830941,1.1926083463072765,2.216704401413488,0.7496536640037204,0.0,0.0,100.44399853550411,9.249441716338444,-0.7885721642662198,1.6628742366578209,1.5630766120830941,1.1926083463072765,2.216704401413488,0.0,0.0,0.7496536640037204
scene-0553,CAM_FRONT,13,2,car,0.8827838897705078,45.46240870067497,6.085324787880554,0.6441132318182071,3.6440918230990818,1.5317694040766836,1.2205473273062426,-3.0532699718903786,-0.2815868851216059,0.0,0.0,45.46240870067497,6.085324787880554,0.6441132318182071,3.6440918230990818,1.5317694040766836,1.2205473273062426,-3.0532699718903786,0.0,0.0,-0.2815868851216059
scene-0553,CAM_FRONT,13,3,car,0.518796980381012,48.037254951007284,6.177079869481781,1.269896879799666,0.7608228062303581,0.7262302288405174,0.1908282773932517,2.6650840330146637,-1.4425333521221746,0.0,0.0,48.037254951007284,6.177079869481781,1.269896879799666,0.7608228062303581,0.7262302288405174,0.1908282773932517,2.6650840330146637,0.0,0.0,-1.4425333521221746
scene-0553,CAM_FRONT,13,4,car,0.8202247023582458,47.70165416846389,9.695938108477062,1.0436348552025714,2.6645396436105884,1.245121863419599,1.1737380253717424,-3.0904598346946894,-0.6799380154207147,0.0,0.0,47.70165416846389,9.695938108477062,1.0436348552025714,2.6645396436105884,1.245121863419599,1.1737380253717424,-3.0904598346946894,0.0,0.0,-0.6799380154207147
scene-0553,CAM_FRONT,13,0,bus,0.8400000333786011,16.980761194955313,-6.244066787376193,1.727229655758718,7.427304612081667,3.031379576089453,3.0092725483412677,1.5888260669021832,-0.07238821644030269,0.05540540540540541,3.6900000000000013,16.980761194955313,-6.244066787376193,1.727229655758718,7.427304612081667,3.031379576089453,3.0092725483412677,1.5888260669021832,0.05540540540540541,3.6900000000000013,-0.07238821644030269
scene-0553,CAM_FRONT,13,1,bus,0.9179486632347107,28.45402365127422,14.222242877399317,1.5902686766186975,7.25435281523664,2.9116509528478716,3.1636454966476926,1.6354514293270797,-0.0697667435302276,0.015041922531884742,1.0190000000000001,28.45402365127422,14.222242877399317,1.5902686766186975,7.25435281523664,2.9116509528478716,3.1636454966476926,1.6354514293270797,0.015041922531884742,1.0190000000000001,-0.0697667435302276
scene-0553,CAM_FRONT,13,0,construction vehicle,0.5428571701049805,16.81770295497624,-7.064937421916716,4.331758450084134,0.9606611618886358,0.37666695046597276,2.4411262111952743,-2.6000772761618984,-2.9338624216702205,0.0,0.0,16.81770295497624,-7.064937421916716,4.331758450084134,0.9606611618886358,0.37666695046597276,2.4411262111952743,-2.6000772761618984,0.0,0.0,-2.9338624216702205
scene-0553,CAM_FRONT,13,1,construction vehicle,0.5460992455482483,20.765683611947264,-4.1266596732092635,4.184080023961547,2.0521798129542397,0.32715172870077325,2.339136042487964,2.002326651140041,-2.971609141927074,0.0,0.0,20.765683611947264,-4.1266596732092635,4.184080023961547,2.0521798129542397,0.32715172870077325,2.339136042487964,2.002326651140041,0.0,0.0,-2.971609141927074
scene-0553,CAM_FRONT_LEFT,13,0,car,0.7620818018913269,2.483028865782863,22.516304792330953,1.192391128179656,1.028956324265149,0.6661619718235094,0.4431305946955846,0.8577390344960079,-1.1361163653281712,0.08214285714285714,0.023000000000000007,2.483028865782863,22.516304792330953,1.192391128179656,1.028956324265149,0.6661619718235094,0.4431305946955846,0.8577390344960079,0.08214285714285714,0.023000000000000007,-1.1361163653281712
scene-0553,CAM_FRONT_LEFT,13,1,car,0.6800000071525574,38.334105790734505,60.986712816227666,-0.0904309772852494,3.285219556741829,3.286750320379646,1.1393492963965333,-2.864828756442719,0.5329853094549211,0.0,0.0,38.334105790734505,60.986712816227666,-0.0904309772852494,3.285219556741829,3.286750320379646,1.1393492963965333,-2.864828756442719,0.0,0.0,0.5329853094549211
scene-0553,CAM_FRONT_LEFT,13,2,car,0.6683937907218933,21.460512967127613,25.16152955882259,0.8915018965343569,2.6059337978012245,1.2682380651276155,1.0277318922049679,1.1968355700447078,-0.7562079077816501,0.03284023668639053,0.11100000000000002,21.460512967127613,25.16152955882259,0.8915018965343569,2.6059337978012245,1.2682380651276155,1.0277318922049679,1.1968355700447078,0.03284023668639053,0.11100000000000002,-0.7562079077816501
scene-0553,CAM_FRONT_LEFT,13,3,car,0.8827838897705078,22.02976540409391,8.109778709133593,-0.042700060350727154,2.8898776639577086,1.7835217720947938,0.8942478996510033,2.2752696267352777,0.36782455269770553,0.011068539804171988,0.05200000000000001,22.02976540409391,8.109778709133593,-0.042700060350727154,2.8898776639577086,1.7835217720947938,0.8942478996510033,2.2752696267352777,0.011068539804171988,0.05200000000000001,0.36782455269770553
scene-0553,CAM_FRONT_LEFT,13,4,car,0.6683937907218933,28.608152852330864,49.36416015842049,1.461054259313713,2.5593535408235084,1.625733791662519,1.2916447944222569,-3.0734704484562894,-0.9593481445656583,0.0064718934911242604,0.03500000000000001,28.608152852330864,49.36416015842049,1.461054259313713,2.5593535408235084,1.625733791662519,1.2916447944222569,-3.0734704484562894,0.0064718934911242604,0.03500000000000001,-0.9593481445656583
scene-0553,CAM_FRONT_LEFT,13,5,car,0.9532163739204407,2.414602382646397,3.2738314955014696,0.7609916096134722,3.33947715124063,1.5678627760515256,1.0384649680278766,2.812845980053978,-0.21901525975194636,0.4009469696969697,2.1170000000000004,2.414602382646397,3.2738314955014696,0.7609916096134722,3.33947715124063,1.5678627760515256,1.0384649680278766,2.812845980053978,0.4009469696969697,2.1170000000000004,-0.21901525975194636
scene-0553,CAM_FRONT_LEFT,13,6,car,0.6332378387451172,8.02160381104239,7.442574762769065,1.2242390007124682,1.3907590826147223,0.6328999674660736,0.5144914243718294,1.9754574366394881,-1.022730262408275,0.2261904761904762,0.09500000000000003,8.02160381104239,7.442574762769065,1.2242390007124682,1.3907590826147223,0.6328999674660736,0.5144914243718294,1.9754574366394881,0.2261904761904762,0.09500000000000003,-1.022730262408275
scene-0553,CAM_FRONT_LEFT,13,7,car,0.6878048777580261,34.05251559502232,47.80146667014049,0.7230035631536033,2.8606194190848555,1.4561661721667445,1.3001987306996898,-2.458450301625154,-0.3213098629629838,0.0028293545534924846,0.016000000000000004,34.05251559502232,47.80146667014049,0.7230035631536033,2.8606194190848555,1.4561661721667445,1.3001987306996898,-2.458450301625154,0.0028293545534924846,0.016000000000000004,-0.3213098629629838
scene-0553,CAM_FRONT_LEFT,13,8,car,0.7419355511665344,18.024836604420525,31.930918998860932,0.9198294793159434,2.885169326241382,1.2469722870544757,1.0232165565636029,1.6502472376935853,-0.6774859586673512,0.0011494252873563218,0.004000000000000001,18.024836604420525,31.930918998860932,0.9198294793159434,2.885169326241382,1.2469722870544757,1.0232165565636029,1.6502472376935853,0.0011494252873563218,0.004000000000000001,-0.6774859586673512
scene-0553,CAM_FRONT_LEFT,13,0,bus,0.9298245906829834,27.979406571181325,14.805609701216552,1.2764929161180296,7.929642640072514,3.1141288164495364,3.3174660089239483,2.431945075865806,0.27376740580829617,0.017780912431790342,1.4370000000000005,27.979406571181325,14.805609701216552,1.2764929161180296,7.929642640072514,3.1141288164495364,3.3174660089239483,2.431945075865806,0.017780912431790342,1.4370000000000005,0.27376740580829617
scene-0553,CAM_FRONT_RIGHT,13,0,car,0.7887788414955139,13.639571588139553,-36.12351654346546,1.9567428083747185,1.9132309098314266,0.9241556309054886,0.9409785284384091,1.34037178925291,-0.8563027227558253,0.018843404808317088,0.029000000000000005,13.639571588139553,-36.12351654346546,1.9567428083747185,1.9132309098314266,0.9241556309054886,0.9409785284384091,1.34037178925291,0.018843404808317088,0.029000000000000005,-0.8563027227558253
scene-0553,CAM_FRONT_RIGHT,13,1,car,0.9336099624633789,17.8121635807843,-24.367194427035443,1.6051030952620762,4.372657262361351,2.015529219905126,1.4651664298739213,1.452100357498742,-0.33782038071802933,0.028484848484848484,0.37600000000000006,17.8121635807843,-24.367194427035443,1.6051030952620762,4.372657262361351,2.015529219905126,1.4651664298739213,1.452100357498742,0.028484848484848484,0.37600000000000006,-0.33782038071802933
scene-0553,CAM_FRONT_RIGHT,13,2,car,0.5151515007019043,7.4842790984774865,-20.74039167860156,1.5438434444786022,0.518795509405864,0.24749105337150823,0.22627748525605162,0.9984766296430067,-0.9954611250855159,0.45,0.009000000000000003,7.4842790984774865,-20.74039167860156,1.5438434444786022,0.518795509405864,0.24749105337150823,0.22627748525605162,0.9984766296430067,0.45,0.009000000000000003,-0.9954611250855159
scene-0553,CAM_FRONT_RIGHT,13,3,car,0.7697842121124268,22.097917632537833,-48.89592574829486,1.8093891230422372,2.711356989440141,1.6146127760607634,1.4829242282976354,1.777245086609338,-0.2114996373914968,0.013271604938271606,0.08600000000000002,22.097917632537833,-48.89592574829486,1.8093891230422372,2.711356989440141,1.6146127760607634,1.4829242282976354,1.777245086609338,0.013271604938271606,0.08600000000000002,-0.2114996373914968
scene-0553,CAM_FRONT_RIGHT,13,4,car,0.7928802371025085,22.537587864251137,-54.13464708887347,2.296762396900384,3.4854980360019994,1.579957855435687,1.1828448489368133,1.206011458836179,-0.7803258938148812,0.0,0.0,22.537587864251137,-54.13464708887347,2.296762396900384,3.4854980360019994,1.579957855435687,1.1828448489368133,1.206011458836179,0.0,0.0,-0.7803258938148812
scene-0553,CAM_FRONT_RIGHT,13,0,truck,0.7037037014961243,16.901689672805574,-9.8040247787175,1.7366511813208945,3.4978877761778904,1.605836040478632,1.5185350284525685,1.033725499690398,-0.7596837370227795,0.07428571428571429,0.6240000000000002,16.901689672805574,-9.8040247787175,1.7366511813208945,3.4978877761778904,1.605836040478632,1.5185350284525685,1.033725499690398,0.07428571428571429,0.6240000000000002,-0.7596837370227795
scene-0553,CAM_FRONT_RIGHT,13,1,truck,0.8048780560493469,17.053714837550324,-8.406172086973372,1.6419915719452634,4.81334045637179,1.8642637051664241,2.57273337872927,1.8810649838448823,-0.19694956958471765,0.04124493927125506,0.9780000000000003,17.053714837550324,-8.406172086973372,1.6419915719452634,4.81334045637179,1.8642637051664241,2.57273337872927,1.8810649838448823,0.04124493927125506,0.9780000000000003,-0.19694956958471765
scene-0553,CAM_BACK,13,0,truck,0.9726027250289917,-10.764998378452546,3.559198992808934,1.8041423621883135,13.614908340708693,3.423183671243727,5.0147849256319965,-3.0575242585573825,0.640166288033271,0.06430795847750866,14.868000000000004,-10.764998378452546,3.559198992808934,1.8041423621883135,13.614908340708693,3.423183671243727,5.0147849256319965,-3.0575242585573825,0.06430795847750866,14.868000000000004,0.640166288033271
scene-0553,CAM_BACK,13,1,truck,0.8324607610702515,-6.606460332693441,0.19240429060363914,0.8788983415917144,4.449480345412145,2.8842930072409674,2.3625335864569665,3.1351897761975036,0.27986045626971867,0.1858672936259143,5.692000000000001,-6.606460332693441,0.19240429060363914,0.8788983415917144,4.449480345412145,2.8842930072409674,2.3625335864569665,3.1351897761975036,0.1858672936259143,5.692000000000001,0.27986045626971867
scene-0553,CAM_BACK_LEFT,13,0,car,0.507692277431488,2.3601359394822885,22.620616433438407,1.0780475670273801,0.5620846445362255,0.2966603303904094,0.46845989011041234,3.05914781445024,-1.0924455975552505,0.0,0.0,2.3601359394822885,22.620616433438407,1.0780475670273801,0.5620846445362255,0.2966603303904094,0.46845989011041234,3.05914781445024,0.0,0.0,-1.0924455975552505
scene-0553,CAM_BACK_LEFT,13,1,car,0.9649122953414917,0.7902223225512685,3.6883138682037884,0.8168414153747257,4.717069369290565,2.0330011469255895,1.5290335184677661,-2.934489707293132,0.02351061652894959,0.3860992907801418,5.444000000000001,0.7902223225512685,3.6883138682037884,0.8168414153747257,4.717069369290565,2.0330011469255895,1.5290335184677661,-2.934489707293132,0.3860992907801418,5.444000000000001,0.02351061652894959
scene-0553,CAM_BACK_LEFT,13,2,car,0.6363636255264282,1.0764011897593775,22.61895587397816,0.9864818778697214,2.40094547805857,1.104448274824712,0.889990093474063,-2.997805831306815,-0.7930000142496028,0.023989898989898988,0.057000000000000016,1.0764011897593775,22.61895587397816,0.9864818778697214,2.40094547805857,1.104448274824712,0.889990093474063,-2.997805831306815,0.023989898989898988,0.057000000000000016,-0.7930000142496028
scene-0553,CAM_FRONT,14,0,car,0.5151515007019043,32.208192859472334,8.1020258649662,0.5707173773822879,3.7268582615135326,2.1025304353237715,1.6137245914895926,1.4984691999149198,0.06714010552586136,0.01463963963963964,0.18200000000000002,32.208192859472334,8.1020258649662,0.5707173773822879,3.7268582615135326,2.1025304353237715,1.6137245914895926,1.4984691999149198,0.01463963963963964,0.18200000000000002,0.06714010552586136
scene-0553,CAM_FRONT,14,1,car,0.9336099624633789,21.413195448332164,2.3896271998954837,0.9754207883114917,5.218809121909031,2.187203105753426,1.5296889727509109,1.622190585890951,-0.2566326097883045,0.030885780885780884,0.5300000000000001,21.413195448332164,2.3896271998954837,0.9754207883114917,5.218809121909031,2.187203105753426,1.5296889727509109,1.622190585890951,0.030885780885780884,0.5300000000000001,-0.2566326097883045
scene-0553,CAM_FRONT,14,0,bus,0.7620818018913269,16.8506954471375,-9.315301281706162,1.4369849073063716,4.18823565681112,2.7094186148149895,3.2201486568250592,2.0313252423269637,0.5106355312593562,0.04513888888888889,1.6380000000000006,16.8506954471375,-9.315301281706162,1.4369849073063716,4.18823565681112,2.7094186148149895,3.2201486568250592,2.0313252423269637,0.04513888888888889,1.6380000000000006,0.5106355312593562
scene-0553,CAM_FRONT,14,1,bus,0.8358974456787109,29.99677718495773,12.229640410649631,1.6005274239211578,8.41091013881239,3.259485799652552,3.3188205963646196,2.0863053948967756,-0.06316381244777514,0.01475796930342385,1.3500000000000005,29.99677718495773,12.229640410649631,1.6005274239211578,8.41091013881239,3.259485799652552,3.3188205963646196,2.0863053948967756,0.01475796930342385,1.3500000000000005,-0.06316381244777514
scene-0553,CAM_FRONT_LEFT,14,0,car,0.7968254089355469,46.82748913107603,41.419712736834526,-0.8685368945764645,9.909831888111096,4.359860453945245,3.505852081123485,2.1180912461532126,2.3693100451712423,0.00033451397087760725,0.05100000000000001,46.82748913107603,41.419712736834526,-0.8685368945764645,9.909831888111096,4.359860453945245,3.505852081123485,2.1180912461532126,0.00033451397087760725,0.05100000000000001,2.3693100451712423
scene-0553,CAM_FRONT_LEFT,14,1,car,0.7500000596046448,2.516458936644953,22.49614708450575,1.1436135340139093,0.6387089307819458,0.4133278143607697,0.6004914420203824,3.047194548122277,-1.1435007730848186,0.0625,0.009000000000000003,2.516458936644953,22.49614708450575,1.1436135340139093,0.6387089307819458,0.4133278143607697,0.6004914420203824,3.047194548122277,0.0625,0.009000000000000003,-1.1435007730848186
scene-0553,CAM_FRONT_LEFT,14,2,car,0.8241757750511169,38.09342586852331,46.9074856827427,0.6698200974901523,4.94766079528918,2.848552271948499,2.328353255718085,2.292243059439689,0.22566654032525002,0.010869565217391304,0.3430000000000001,38.09342586852331,46.9074856827427,0.6698200974901523,4.94766079528918,2.848552271948499,2.328353255718085,2.292243059439689,0.010869565217391304,0.3430000000000001,0.22566654032525002
scene-0553,CAM_FRONT_LEFT,14,3,car,0.9609756469726562,2.3765573559662223,3.2027249312139636,0.7277641991353436,3.2956497763806096,1.5479921495010673,1.0584555767805228,2.7335070585390886,-0.1455063371023515,0.37869605142332413,2.0620000000000003,2.3765573559662223,3.2027249312139636,0.7277641991353436,3.2956497763806096,1.5479921495010673,1.0584555767805228,2.7335070585390886,0.37869605142332413,2.0620000000000003,-0.1455063371023515
scene-0553,CAM_FRONT_LEFT,14,4,car,0.8439024686813354,31.45616767122492,54.54352340598512,0.5374893043284306,6.267568929914098,2.722644439664464,2.2317800898848574,1.7038323098452801,0.36178282855993626,0.0,0.0,31.45616767122492,54.54352340598512,0.5374893043284306,6.267568929914098,2.722644439664464,2.2317800898848574,1.7038323098452801,0.0,0.0,0.36178282855993626
scene-0553,CAM_FRONT_LEFT,14,0,bus,0.8632478713989258,29.212325206286515,13.583539139414132,1.405280770446554,4.526981599152123,2.8332560999994385,3.0471921441105145,2.449314366242651,-0.14459965400729402,0.012698412698412698,0.48000000000000015,29.212325206286515,13.583539139414132,1.405280770446554,4.526981599152123,2.8332560999994385,3.0471921441105145,2.449314366242651,0.012698412698412698,0.48000000000000015,-0.14459965400729402
scene-0553,CAM_FRONT_RIGHT,14,0,car,0.8358974456787109,22.159877543808655,-64.70551171788456,2.1246537813388278,3.327272920291996,1.6169590027400815,1.5121239204955548,1.3320434799134522,-0.3494111656116192,0.0,0.0,22.159877543808655,-64.70551171788456,2.1246537813388278,3.327272920291996,1.6169590027400815,1.5121239204955548,1.3320434799134522,0.0,0.0,-0.3494111656116192
scene-0553,CAM_FRONT_RIGHT,14,1,car,0.6952381134033203,21.966110541702317,-48.389102970071264,2.0109680038614224,2.0330530818644252,1.2692044822746809,1.2217744908836965,-2.482188794131,-0.5602864802747378,0.01987179487179487,0.062000000000000006,21.966110541702317,-48.389102970071264,2.0109680038614224,2.0330530818644252,1.2692044822746809,1.2217744908836965,-2.482188794131,0.01987179487179487,0.062000000000000006,-0.5602864802747378
scene-0553,CAM_FRONT_RIGHT,14,2,car,0.9259259104728699,14.70268024658336,-23.70667395912821,1.634985208723449,3.4039138208456237,1.561903993413356,1.1422691337423003,1.4164521403647239,-0.4936789280232583,0.005013368983957219,0.03000000000000001,14.70268024658336,-23.70667395912821,1.634985208723449,3.4039138208456237,1.561903993413356,1.1422691337423003,1.4164521403647239,0.005013368983957219,0.03000000000000001,-0.4936789280232583
scene-0553,CAM_FRONT_RIGHT,14,3,car,0.7419355511665344,7.6695520165505835,-21.054962342985764,1.5313809264131113,0.4252179266132252,0.255637482517745,0.4021516781329053,2.34003730430935,-0.8541270671077823,0.125,0.006000000000000002,7.6695520165505835,-21.054962342985764,1.5313809264131113,0.4252179266132252,0.255637482517745,0.4021516781329053,2.34003730430935,0.125,0.006000000000000002,-0.8541270671077823
scene-0553,CAM_FRONT_RIGHT,14,4,car,0.7538461089134216,22.423807495357625,-53.99848874479075,2.0872962601614247,3.5202572300663633,1.5136072256589017,1.1704853827098392,1.4655526387752318,-0.6049359540604113,0.0,0.0,22.423807495357625,-53.99848874479075,2.0872962601614247,3.5202572300663633,1.5136072256589017,1.1704853827098392,1.4655526387752318,0.0,0.0,-0.6049359540604113
scene-0553,CAM_FRONT_RIGHT,14,0,bicycle,0.5586206912994385,6.061249166453861,-10.67218514489754,1.3924949863949119,0.46165779894631065,0.2377122285270623,0.3211346408892446,1.667703377353768,-0.9583053319468411,0.4,0.012000000000000004,6.061249166453861,-10.67218514489754,1.3924949863949119,0.46165779894631065,0.2377122285270623,0.3211346408892446,1.667703377353768,0.4,0.012000000000000004,-0.9583053319468411
scene-0553,CAM_FRONT_RIGHT,14,0,bus,0.8160918951034546,17.012027375839946,-11.025836356875748,1.8336167019952632,7.657493705920986,2.4563111870966523,2.919154979994977,1.716712813221219,0.034276118746014994,0.040304523063143756,2.2500000000000004,17.012027375839946,-11.025836356875748,1.8336167019952632,7.657493705920986,2.4563111870966523,2.919154979994977,1.716712813221219,0.040304523063143756,2.2500000000000004,0.034276118746014994
scene-0553,CAM_BACK,14,0,truck,0.9726027250289917,-10.164423165201159,3.7501922401084875,1.606798615637279,12.925649057767842,3.2745889461840587,5.061547191938622,-3.0538573331050105,0.8765994503275307,0.06779606369209652,14.719000000000003,-10.164423165201159,3.7501922401084875,1.606798615637279,12.925649057767842,3.2745889461840587,5.061547191938622,-3.0538573331050105,0.06779606369209652,14.719000000000003,0.8765994503275307
scene-0553,CAM_BACK,14,1,truck,0.859649121761322,-6.636682282134075,0.18028576365051985,0.8726639666268613,4.448386351429722,2.8720011745319485,2.3814005535110354,3.1343695250081227,0.31388657515474894,0.18635710553814003,5.707000000000002,-6.636682282134075,0.18028576365051985,0.8726639666268613,4.448386351429722,2.8720011745319485,2.3814005535110354,3.1343695250081227,0.18635710553814003,5.707000000000002,0.31388657515474894
scene-0553,CAM_BACK_LEFT,14,0,car,0.5460992455482483,2.2993050075602994,22.558536403246343,1.032656959158237,0.5260262292490072,0.15607026957982129,0.532192708615625,-2.749957543054975,-1.0708900895515812,0.0,0.0,2.2993050075602994,22.558536403246343,1.032656959158237,0.5260262292490072,0.15607026957982129,0.532192708615625,-2.749957543054975,0.0,0.0,-1.0708900895515812
scene-0553,CAM_BACK_LEFT,14,1,car,0.9609756469726562,0.8321500221532944,3.410259957681502,0.7898693769612953,4.590073317033101,1.5402137309471815,1.4331369848429618,-2.9235457407069334,0.05021383476760821,0.3613871635610766,3.4910000000000005,0.8321500221532944,3.410259957681502,0.7898693769612953,4.590073317033101,1.5402137309471815,1.4331369848429618,-2.9235457407069334,0.3613871635610766,3.4910000000000005,0.05021383476760821
scene-0553,CAM_BACK_LEFT,14,2,car,0.6995305418968201,1.0103380904355523,22.708786616756097,0.9559591795831376,2.5469019591205733,1.1704730297113457,0.919365377904086,-2.95148653185444,-0.8047706412696749,0.017037037037037038,0.04600000000000001,1.0103380904355523,22.708786616756097,0.9559591795831376,2.5469019591205733,1.1704730297113457,0.919365377904086,-2.95148653185444,0.017037037037037038,0.04600000000000001,-0.8047706412696749
scene-0553,CAM_FRONT,15,0,car,0.9298245906829834,21.147759205188652,-1.3761114881395582,0.9975259772022833,5.259925658221427,2.2033552084801507,1.5723026380098752,1.6013416712341382,-0.22609195023793216,0.0294811320754717,0.5500000000000002,21.147759205188652,-1.3761114881395582,0.9975259772022833,5.259925658221427,2.2033552084801507,1.5723026380098752,1.6013416712341382,0.0294811320754717,0.5500000000000002,-0.22609195023793216
scene-0553,CAM_FRONT,15,1,car,0.6952381134033203,121.23612336796307,11.07475025140512,-0.9294242132208573,1.659075357529872,1.6147539424429027,0.8888014623514231,-2.481295939401574,0.9499483608203665,0.0,0.0,121.23612336796307,11.07475025140512,-0.9294242132208573,1.659075357529872,1.6147539424429027,0.8888014623514231,-2.481295939401574,0.0,0.0,0.9499483608203665
scene-0553,CAM_FRONT,15,2,car,0.8324607610702515,55.372445053628205,6.888600166141728,-0.04595852829547731,3.5166988099292453,1.5873050506890953,1.2260959506281592,-3.138152889270853,0.42340130844487645,0.0,0.0,55.372445053628205,6.888600166141728,-0.04595852829547731,3.5166988099292453,1.5873050506890953,1.2260959506281592,-3.138152889270853,0.0,0.0,0.42340130844487645
scene-0553,CAM_FRONT,15,0,bus,0.8552036285400391,31.72108337577172,9.739019958981531,1.8250627964570292,10.127843554952142,2.6188139493859524,3.0597974768831273,2.2863329135947876,-0.44246430139315107,0.017836523106404933,1.4520000000000004,31.72108337577172,9.739019958981531,1.8250627964570292,10.127843554952142,2.6188139493859524,3.0597974768831273,2.2863329135947876,0.017836523106404933,1.4520000000000004,-0.44246430139315107
scene-0553,CAM_FRONT_LEFT,15,0,car,0.7419355511665344,2.323756854360405,22.61145574531866,1.3070245077913176,1.105261765730912,0.6815198324552547,0.5489569625522472,-2.791084053110071,-1.2783059010974847,0.023376623376623377,0.009000000000000001,2.323756854360405,22.61145574531866,1.3070245077913176,1.105261765730912,0.6815198324552547,0.5489569625522472,-2.791084053110071,0.023376623376623377,0.009000000000000001,-1.2783059010974847
scene-0553,CAM_FRONT_LEFT,15,1,car,0.9179486632347107,22.420657250849896,15.453711307674624,0.6077923340315585,4.34746484459094,1.873944302566084,1.5094957146024215,1.6040826906587204,-0.17215066812706104,0.0,0.0,22.420657250849896,15.453711307674624,0.6077923340315585,4.34746484459094,1.873944302566084,1.5094957146024215,1.6040826906587204,0.0,0.0,-0.17215066812706104
scene-0553,CAM_FRONT_LEFT,15,2,car,0.9649122953414917,2.3512012034692518,3.223420936493453,0.734813972709476,3.269744456636208,1.535926989424686,1.0563566601911583,2.789446467274365,-0.053579259480962316,0.3673094582185491,2.0000000000000004,2.3512012034692518,3.223420936493453,0.734813972709476,3.269744456636208,1.535926989424686,1.0563566601911583,2.789446467274365,0.3673094582185491,2.0000000000000004,-0.053579259480962316
scene-0553,CAM_FRONT_LEFT,15,3,car,0.8827838897705078,37.641109839942956,47.08005547358679,0.749155425323216,3.8239189739065758,2.3247397979775997,1.882816023424882,2.350159632554023,-0.2833979029410667,0.009574852462965194,0.15900000000000006,37.641109839942956,47.08005547358679,0.749155425323216,3.8239189739065758,2.3247397979775997,1.882816023424882,2.350159632554023,0.009574852462965194,0.15900000000000006,-0.2833979029410667
scene-0553,CAM_FRONT_LEFT,15,4,car,0.7104072570800781,20.513009979715257,35.09259841808487,1.1582490007553856,2.550557075482045,1.1871971663403897,0.860133284461726,2.4540954986602874,-1.0893696377489184,0.0,0.0,20.513009979715257,35.09259841808487,1.1582490007553856,2.550557075482045,1.1871971663403897,0.860133284461726,2.4540954986602874,0.0,0.0,-1.0893696377489184
scene-0553,CAM_FRONT_LEFT,15,5,car,0.8987342119216919,11.743186855168586,16.7454612042502,0.8626185049877078,3.4278532074004797,1.5146911151837692,1.0822552766530116,1.7469516336930588,-0.6993423528672567,0.12192513368983957,0.6840000000000002,11.743186855168586,16.7454612042502,0.8626185049877078,3.4278532074004797,1.5146911151837692,1.0822552766530116,1.7469516336930588,0.12192513368983957,0.6840000000000002,-0.6993423528672567
scene-0553,CAM_FRONT_LEFT,15,0,trailer,0.5747508406639099,30.55238439656498,11.247634302944665,0.9133265498391007,4.711500067421724,3.0142250116553733,2.886566321104949,2.6108931599951886,0.35627377203501387,0.012423575446319394,0.5080000000000001,30.55238439656498,11.247634302944665,0.9133265498391007,4.711500067421724,3.0142250116553733,2.886566321104949,2.6108931599951886,0.012423575446319394,0.5080000000000001,0.35627377203501387
scene-0553,CAM_FRONT_RIGHT,15,0,car,0.827957034111023,13.641569155591563,-37.0438445899249,1.8742702365230697,2.0043507818075597,1.0710015477195256,1.0089468395901753,1.521190600756002,-0.718089465520249,0.0,0.0,13.641569155591563,-37.0438445899249,1.8742702365230697,2.0043507818075597,1.0710015477195256,1.0089468395901753,1.521190600756002,0.0,0.0,-0.718089465520249
scene-0553,CAM_FRONT_RIGHT,15,1,car,0.8476190567016602,22.90351043090996,-54.26399692746425,2.1437680472748255,4.441170181114842,1.8848384943394514,1.5191544315593872,1.5243020929827849,-0.5366894939669031,0.0,0.0,22.90351043090996,-54.26399692746425,2.1437680472748255,4.441170181114842,1.8848384943394514,1.5191544315593872,1.5243020929827849,0.0,0.0,-0.5366894939669031
scene-0553,CAM_FRONT_RIGHT,15,2,car,0.7037037014961243,7.586854039676555,-21.052298814730708,1.410774619953878,0.49105821833659036,0.3139908454571292,0.3241171255711286,1.7559480205489195,-0.7645882376301971,0.26666666666666666,0.012000000000000004,7.586854039676555,-21.052298814730708,1.410774619953878,0.49105821833659036,0.3139908454571292,0.3241171255711286,1.7559480205489195,0.26666666666666666,0.012000000000000004,-0.7645882376301971
scene-0553,CAM_FRONT_RIGHT,15,3,car,0.8787879347801208,34.58867685486025,-66.39021001611997,1.9286434674733035,7.110582150447556,3.194316121617778,2.4411773589545143,1.6804945569506888,0.28075175773835914,0.0,0.0,34.58867685486025,-66.39021001611997,1.9286434674733035,7.110582150447556,3.194316121617778,2.4411773589545143,1.6804945569506888,0.0,0.0,0.28075175773835914
scene-0553,CAM_FRONT_RIGHT,15,0,bicycle,0.6908212304115295,9.076084366016458,-19.593355760232182,1.4045292739279622,1.3150262427562893,0.6506845232560705,0.820577944502099,1.6798016674260596,-0.5411678133689599,0.09203296703296704,0.06700000000000002,9.076084366016458,-19.593355760232182,1.4045292739279622,1.3150262427562893,0.6506845232560705,0.820577944502099,1.6798016674260596,0.09203296703296704,0.06700000000000002,-0.5411678133689599
scene-0553,CAM_FRONT_RIGHT,15,0,bus,0.7620818018913269,16.89323122807451,-14.320960562285448,2.1061214755643007,7.860008191399476,2.755545363645812,2.921395708810343,1.5897346064235738,-0.10705390594535369,0.0386450084180333,2.4790000000000005,16.89323122807451,-14.320960562285448,2.1061214755643007,7.860008191399476,2.755545363645812,2.921395708810343,1.5897346064235738,0.0386450084180333,2.4790000000000005,-0.10705390594535369
scene-0553,CAM_BACK,15,0,truck,0.9726027250289917,-10.442138771500558,3.6059793284587403,1.6607226812380804,13.693092692405884,3.4368601287956455,5.180721856944763,-3.045995653544732,1.1573699966496989,0.07180367936057074,17.392000000000007,-10.442138771500558,3.6059793284587403,1.6607226812380804,13.693092692405884,3.4368601287956455,5.180721856944763,-3.045995653544732,0.07180367936057074,17.392000000000007,1.1573699966496989
scene-0553,CAM_BACK,15,1,truck,0.8904109597206116,-6.6523802691402,0.18576198806727098,0.8905430156524905,4.43113333274735,2.8905149399176686,2.3765159200397408,-3.1389922920435906,0.27960888612744306,0.18665099268547544,5.716000000000001,-6.6523802691402,0.18576198806727098,0.8905430156524905,4.43113333274735,2.8905149399176686,2.3765159200397408,-3.1389922920435906,0.18665099268547544,5.716000000000001,0.27960888612744306
scene-0553,CAM_BACK_LEFT,15,0,car,0.9649122953414917,0.7918803767679192,3.4719343298715284,0.809074008574822,4.591086844927594,1.531067583793158,1.4303149484993622,-2.9398478572360514,-0.09112562133933921,0.3507246376811594,3.388000000000001,0.7918803767679192,3.4719343298715284,0.809074008574822,4.591086844927594,1.531067583793158,1.4303149484993622,-2.9398478572360514,0.3507246376811594,3.388000000000001,-0.09112562133933921
scene-0553,CAM_BACK_LEFT,15,1,car,0.6483516097068787,1.0098848094264843,22.631284539844383,1.0379617629776656,2.3071738778785447,1.0448552981361097,0.847692110668558,-2.997128410938689,-0.9488394782618254,0.035326086956521736,0.06500000000000002,1.0098848094264843,22.631284539844383,1.0379617629776656,2.3071738778785447,1.0448552981361097,0.847692110668558,-2.997128410938689,0.035326086956521736,0.06500000000000002,-0.9488394782618254
scene-0553,CAM_FRONT,16,0,car,0.6097560524940491,129.67435885732579,10.311651485841534,-2.679965227791398,2.601195378235417,1.8690830948501456,1.057486828247229,-3.043941165626656,2.761186150698353,0.0,0.0,129.67435885732579,10.311651485841534,-2.679965227791398,2.601195378235417,1.8690830948501456,1.057486828247229,-3.043941165626656,0.0,0.0,2.761186150698353
scene-0553,CAM_FRONT,16,1,car,0.9375000596046448,20.650807964491946,-6.0143183841967645,1.1095387642959462,5.282859778269611,2.242235366147611,1.5939993911860588,1.582765954913862,-0.11256015086577387,0.057300600343053176,1.0690000000000004,20.650807964491946,-6.0143183841967645,1.1095387642959462,5.282859778269611,2.242235366147611,1.5939993911860588,1.582765954913862,0.057300600343053176,1.0690000000000004,-0.11256015086577387
scene-0553,CAM_FRONT,16,2,car,0.5428571701049805,37.366471666215546,4.877508546548412,0.4183587705563999,3.4319183196095366,1.9640787305336707,1.6210447232032055,-2.9061054136555944,0.2514717444360872,0.0058823529411764705,0.06400000000000002,37.366471666215546,4.877508546548412,0.4183587705563999,3.4319183196095366,1.9640787305336707,1.6210447232032055,-2.9061054136555944,0.0058823529411764705,0.06400000000000002,0.2514717444360872
scene-0553,CAM_FRONT,16,3,car,0.8241757750511169,21.37249533215027,9.052035113083642,0.7228833817619981,3.7290195853791532,1.675235780339385,1.3376917713065255,1.7060530358090231,-0.178980588574136,0.00794912559618442,0.065,21.37249533215027,9.052035113083642,0.7228833817619981,3.7290195853791532,1.675235780339385,1.3376917713065255,1.7060530358090231,0.00794912559618442,0.065,-0.178980588574136
scene-0553,CAM_FRONT,16,0,bus,0.9064327478408813,33.7420400685471,7.895224611831813,1.584634649164237,10.162602086201707,2.644000849961788,3.0449605943452838,2.4014247563544715,-0.1437610604586017,0.01569884364002011,1.2490000000000003,33.7420400685471,7.895224611831813,1.584634649164237,10.162602086201707,2.644000849961788,3.0449605943452838,2.4014247563544715,0.01569884364002011,1.2490000000000003,-0.1437610604586017
scene-0553,CAM_FRONT_LEFT,16,0,car,0.8632478713989258,38.210966631863094,46.50306953673063,0.892792587634545,4.437662450024888,2.18648742119197,1.5873859824361896,1.5924446015329516,-0.39849840608785225,0.010976239669421487,0.17000000000000004,38.210966631863094,46.50306953673063,0.892792587634545,4.437662450024888,2.18648742119197,1.5873859824361896,1.5924446015329516,0.010976239669421487,0.17000000000000004,-0.39849840608785225
scene-0553,CAM_FRONT_LEFT,16,1,car,0.7387754917144775,2.455815402989578,22.520742268397687,1.2383001505295494,0.9645474133138201,0.614149692346678,0.5032782493599404,1.5878006491907675,-1.2701447695171817,0.06666666666666667,0.020000000000000004,2.455815402989578,22.520742268397687,1.2383001505295494,0.9645474133138201,0.614149692346678,0.5032782493599404,1.5878006491907675,0.06666666666666667,0.020000000000000004,-1.2701447695171817
scene-0553,CAM_FRONT_LEFT,16,2,car,0.5775577425956726,40.81725557021472,65.77303838867066,-0.1799466728522432,2.878550177077983,2.051996330756504,1.044010690422537,0.9833259282403048,0.5300241040401124,0.0,0.0,40.81725557021472,65.77303838867066,-0.1799466728522432,2.878550177077983,2.051996330756504,1.044010690422537,0.9833259282403048,0.0,0.0,0.5300241040401124
scene-0553,CAM_FRONT_LEFT,16,3,car,0.8083832263946533,57.86831130376078,28.87226772458368,-2.6718267742157935,10.599666277539043,4.813133169180183,4.467201571545718,2.541925411193174,4.898458406107579,0.0,0.0,57.86831130376078,28.87226772458368,-2.6718267742157935,10.599666277539043,4.813133169180183,4.467201571545718,2.541925411193174,0.0,0.0,4.898458406107579
scene-0553,CAM_FRONT_LEFT,16,4,car,0.7344398498535156,24.66269649375572,42.848736072949976,1.375552408672397,2.6059945016730204,1.4892369327518153,1.2772905756712416,2.5480059507374864,-0.9864821099172052,0.009270216962524655,0.047000000000000014,24.66269649375572,42.848736072949976,1.375552408672397,2.6059945016730204,1.4892369327518153,1.2772905756712416,2.5480059507374864,0.009270216962524655,0.047000000000000014,-0.9864821099172052
scene-0553,CAM_FRONT_LEFT,16,5,car,0.9569892287254333,2.2878967106350436,3.1974851142480096,0.6935631561945051,3.30712117535946,1.5499268710092862,1.0649631746897292,2.810083984261485,0.008070780383986786,0.3210284664830119,1.7480000000000002,2.2878967106350436,3.1974851142480096,0.6935631561945051,3.30712117535946,1.5499268710092862,1.0649631746897292,2.810083984261485,0.3210284664830119,1.7480000000000002,0.008070780383986786
scene-0553,CAM_FRONT_LEFT,16,6,car,0.8202247023582458,22.344477080194274,31.688292118334324,0.507244370339685,5.192003812230119,2.1675388707575323,1.721203172786554,2.172766557105399,0.009396215611087166,0.015065816536404772,0.2930000000000001,22.344477080194274,31.688292118334324,0.507244370339685,5.192003812230119,2.1675388707575323,1.721203172786554,2.172766557105399,0.015065816536404772,0.2930000000000001,0.009396215611087166
scene-0553,CAM_FRONT_RIGHT,16,0,car,0.604938268661499,8.410900069797245,-22.272259348594975,-1.5103555937065916,2.5324481133042482,1.1455052846566964,1.1072489023697234,2.997651057817096,2.532408030798054,0.0,0.0,8.410900069797245,-22.272259348594975,-1.5103555937065916,2.5324481133042482,1.1455052846566964,1.1072489023697234,2.997651057817096,0.0,0.0,2.532408030798054
scene-0553,CAM_FRONT_RIGHT,16,1,car,0.7815700173377991,13.563322789262143,-37.20449244269749,1.9024509588817269,1.8109220814989158,1.0418888751761841,0.9815714935696607,1.7537182198526098,-0.9805553366562991,0.006666666666666667,0.012000000000000004,13.563322789262143,-37.20449244269749,1.9024509588817269,1.8109220814989158,1.0418888751761841,0.9815714935696607,1.7537182198526098,0.006666666666666667,0.012000000000000004,-0.9805553366562991
scene-0553,CAM_FRONT_RIGHT,16,2,car,0.7344398498535156,22.523584754943403,-54.62948257461013,2.0594299384160313,3.1872994541494393,1.4374962639461444,1.2185137541246247,1.5504572105885477,-1.1151934675999042,0.0,0.0,22.523584754943403,-54.62948257461013,2.0594299384160313,3.1872994541494393,1.4374962639461444,1.2185137541246247,1.5504572105885477,0.0,0.0,-1.1151934675999042
scene-0553,CAM_FRONT_RIGHT,16,0,bicycle,0.7697842121124268,11.236702301171078,-24.876536604125953,1.307795479856074,1.127020287204214,0.5530407213603947,0.6986087918102837,1.4548684205406979,-0.4849228530835463,0.0670995670995671,0.03100000000000001,11.236702301171078,-24.876536604125953,1.307795479856074,1.127020287204214,0.5530407213603947,0.6986087918102837,1.4548684205406979,0.0670995670995671,0.03100000000000001,-0.4849228530835463
scene-0553,CAM_FRONT_RIGHT,16,0,bus,0.6683937907218933,17.12191027083278,-18.863766059488903,2.2184890789689162,7.54341522150413,2.9133476240695586,2.854229698492854,1.5935774059270524,-0.2966823213629617,0.027348394768133173,1.7250000000000003,17.12191027083278,-18.863766059488903,2.2184890789689162,7.54341522150413,2.9133476240695586,2.854229698492854,1.5935774059270524,0.027348394768133173,1.7250000000000003,-0.2966823213629617
scene-0553,CAM_BACK,16,0,truck,0.9804878830909729,-10.188295930793569,3.832332563978742,1.6480451427322103,13.122124131971557,3.458849431504873,4.95564263150241,-3.053084467406363,0.8624994657273914,0.07100981461286805,16.279000000000003,-10.188295930793569,3.832332563978742,1.6480451427322103,13.122124131971557,3.458849431504873,4.95564263150241,-3.053084467406363,0.07100981461286805,16.279000000000003,0.8624994657273914
scene-0553,CAM_BACK,16,1,truck,0.9064327478408813,-6.643685023422478,0.18587054457180907,0.8601909781191148,4.459070738802203,2.9107397229046263,2.3596873411348476,3.139762832291154,0.27799990869682123,0.17819284802043422,5.581000000000001,-6.643685023422478,0.18587054457180907,0.8601909781191148,4.459070738802203,2.9107397229046263,2.3596873411348476,3.139762832291154,0.17819284802043422,5.581000000000001,0.27799990869682123
scene-0553,CAM_BACK_LEFT,16,0,car,0.5345454812049866,2.314309924809185,22.623145042202164,1.0819320885826165,0.5224127967170054,0.3218565358533212,0.5244190032285194,2.797763384456013,-0.9507117510823552,0.0,0.0,2.314309924809185,22.623145042202164,1.0819320885826165,0.5224127967170054,0.3218565358533212,0.5244190032285194,2.797763384456013,0.0,0.0,-0.9507117510823552
scene-0553,CAM_BACK_LEFT,16,1,car,0.9609756469726562,0.8057095348410422,3.427164171917472,0.786493425376632,4.606156563576469,1.537067859032311,1.4433943028626253,-2.927416428229221,0.0997239897265556,0.3629399585921325,3.5060000000000007,0.8057095348410422,3.427164171917472,0.786493425376632,4.606156563576469,1.537067859032311,1.4433943028626253,-2.927416428229221,0.3629399585921325,3.5060000000000007,0.0997239897265556
scene-0553,CAM_BACK_LEFT,16,2,car,0.6683937907218933,1.0661952865495892,22.676537847027422,0.9306398534485121,2.6034692050370487,1.211121288535459,0.9385021929010873,-2.9607076271718613,-0.5853380016163843,0.021367521367521368,0.06000000000000002,1.0661952865495892,22.676537847027422,0.9306398534485121,2.6034692050370487,1.211121288535459,0.9385021929010873,-2.9607076271718613,0.021367521367521368,0.06000000000000002,-0.5853380016163843
scene-0553,CAM_FRONT,17,0,car,0.921951174736023,20.36306447195056,-10.141129087884712,1.2731972224960413,4.6817036201766085,2.1570955408742805,1.5526412250442825,1.533784765950938,-0.2866421169567034,0.0223041586073501,0.3690000000000001,20.36306447195056,-10.141129087884712,1.2731972224960413,4.6817036201766085,2.1570955408742805,1.5526412250442825,1.533784765950938,0.0223041586073501,0.3690000000000001,-0.2866421169567034
scene-0553,CAM_FRONT,17,1,car,0.7620818018913269,39.586446335579076,4.1126146599426345,0.747895958854175,1.1674267461686967,0.8512310732313821,1.5728986772439615,1.6997203569713832,-0.15136346936854683,0.014467592592592593,0.025000000000000005,39.586446335579076,4.1126146599426345,0.747895958854175,1.1674267461686967,0.8512310732313821,1.5728986772439615,1.6997203569713832,0.014467592592592593,0.025000000000000005,-0.15136346936854683
scene-0553,CAM_FRONT,17,2,car,0.949367105960846,21.50025972735691,5.253842537647065,0.8569679635827888,4.839534779603095,2.074613552062541,1.4351576473803591,1.6452965411697786,-0.2516675268431021,0.06646825396825397,0.9380000000000003,21.50025972735691,5.253842537647065,0.8569679635827888,4.839534779603095,2.074613552062541,1.4351576473803591,1.6452965411697786,0.06646825396825397,0.9380000000000003,-0.2516675268431021
scene-0553,CAM_FRONT,17,0,bus,0.9179486632347107,35.426378829414304,7.189572263124395,1.8708358543194752,7.57904993155622,2.939564387889,3.384952766684777,2.361955409187209,-0.3345649463074394,0.007713248638838476,0.5780000000000002,35.426378829414304,7.189572263124395,1.8708358543194752,7.57904993155622,2.939564387889,3.384952766684777,2.361955409187209,0.007713248638838476,0.5780000000000002,-0.3345649463074394
scene-0553,CAM_FRONT_LEFT,17,0,car,0.7419355511665344,2.4611625250280365,22.530137032111863,1.2037183069672488,0.9285388686246314,0.6194479295379303,0.5037365337598301,0.8520361934829466,-1.2389620376917039,0.04814814814814815,0.013000000000000003,2.4611625250280365,22.530137032111863,1.2037183069672488,0.9285388686246314,0.6194479295379303,0.5037365337598301,0.8520361934829466,0.04814814814814815,0.013000000000000003,-1.2389620376917039
scene-0553,CAM_FRONT_LEFT,17,1,car,0.9532163739204407,2.3880958412140205,3.2558265851623345,0.7947346491392889,3.104467529060842,1.459392038184673,0.970408743680552,2.7810020748939404,-0.23685433392437916,0.3821505376344086,1.7770000000000004,2.3880958412140205,3.2558265851623345,0.7947346491392889,3.104467529060842,1.459392038184673,0.970408743680552,2.7810020748939404,0.3821505376344086,1.7770000000000004,-0.23685433392437916
scene-0553,CAM_FRONT_LEFT,17,2,car,0.7770034670829773,38.7064480343093,60.98960800381752,1.2069177693654976,4.634653508131919,3.2465502327638145,1.6548466551653873,0.9154252551538391,-0.7243923676365331,0.0,0.0,38.7064480343093,60.98960800381752,1.2069177693654976,4.634653508131919,3.2465502327638145,1.6548466551653873,0.9154252551538391,0.0,0.0,-0.7243923676365331
scene-0553,CAM_FRONT_LEFT,17,3,car,0.7299578189849854,32.68717376026978,46.577605586597734,0.9713041098788636,3.097802190285025,1.337664243226179,1.1014084571488285,2.22569653113861,-0.7998657261263793,0.003834874802616738,0.017,32.68717376026978,46.577605586597734,0.9713041098788636,3.097802190285025,1.337664243226179,1.1014084571488285,2.22569653113861,0.003834874802616738,0.017,-0.7998657261263793
scene-0553,CAM_FRONT_LEFT,17,4,car,0.7620818018913269,27.63259003284687,48.29980439856246,1.4499374639433822,2.8747890543484527,1.5704052303159628,1.3062011138903271,2.3122264846726632,-1.1047386470723763,0.0031498673740053052,0.019000000000000006,27.63259003284687,48.29980439856246,1.4499374639433822,2.8747890543484527,1.5704052303159628,1.3062011138903271,2.3122264846726632,0.0031498673740053052,0.019000000000000006,-1.1047386470723763
scene-0553,CAM_FRONT_LEFT,17,5,car,0.8518518805503845,22.35513044730547,27.394487212310153,0.7004694831554334,5.050314374795896,1.997154352358855,1.5514182381857156,1.7990134608518902,-0.3974768743584436,0.021200980392156864,0.3460000000000001,22.35513044730547,27.394487212310153,0.7004694831554334,5.050314374795896,1.997154352358855,1.5514182381857156,1.7990134608518902,0.021200980392156864,0.3460000000000001,-0.3974768743584436
scene-0553,CAM_FRONT_LEFT,17,6,car,0.7928802371025085,24.426907787634683,28.832770685766437,1.1058806575825149,2.971700050370366,1.3389945098883596,1.0710155281191867,0.8576974252803513,-1.0400074264513883,0.01818181818181818,0.07800000000000001,24.426907787634683,28.832770685766437,1.1058806575825149,2.971700050370366,1.3389945098883596,1.0710155281191867,0.8576974252803513,0.01818181818181818,0.07800000000000001,-1.0400074264513883
scene-0553,CAM_FRONT_RIGHT,17,0,car,0.9336099624633789,20.527272010703772,-10.929654184559324,1.3575225354626639,4.571598451843174,1.969173619198056,1.504160363824145,1.4840091170860237,-0.44649142867723934,0.021594202898550723,0.29800000000000004,20.527272010703772,-10.929654184559324,1.3575225354626639,4.571598451843174,1.969173619198056,1.504160363824145,1.4840091170860237,0.021594202898550723,0.29800000000000004,-0.44649142867723934
scene-0553,CAM_FRONT_RIGHT,17,1,car,0.5816993117332458,22.796771419909287,-24.958274908325162,2.000896894935167,3.750486132035256,2.179482350824112,2.0984782532682726,2.0701481781233673,-0.6507599316158499,0.004727728411938938,0.08300000000000002,22.796771419909287,-24.958274908325162,2.000896894935167,3.750486132035256,2.179482350824112,2.0984782532682726,2.0701481781233673,0.004727728411938938,0.08300000000000002,-0.6507599316158499
scene-0553,CAM_FRONT_RIGHT,17,2,car,0.7887788414955139,19.083459218449025,-45.714697310310676,1.961117614596311,4.320362641494825,2.0577278025943535,1.6182088740146423,1.608140969466798,-0.5655025193248298,0.0010382059800664453,0.015000000000000005,19.083459218449025,-45.714697310310676,1.961117614596311,4.320362641494825,2.0577278025943535,1.6182088740146423,1.608140969466798,0.0010382059800664453,0.015000000000000005,-0.5655025193248298
scene-0553,CAM_FRONT_RIGHT,17,3,car,0.5816993117332458,21.63084636337286,-48.21989536894815,1.4001549719805997,2.510694059578036,1.4683625233609092,1.278700971552526,2.306942068232098,-0.13541014187450273,0.0,0.0,21.63084636337286,-48.21989536894815,1.4001549719805997,2.510694059578036,1.4683625233609092,1.278700971552526,2.306942068232098,0.0,0.0,-0.13541014187450273
scene-0553,CAM_FRONT_RIGHT,17,0,bicycle,0.6363636255264282,12.459931160255362,-28.93609670721367,1.4435273983505035,1.112182825634747,0.5487301091652235,0.7027472583852492,1.740056207110024,-0.7302816325650139,0.08571428571428572,0.03300000000000001,12.459931160255362,-28.93609670721367,1.4435273983505035,1.112182825634747,0.5487301091652235,0.7027472583852492,1.740056207110024,0.08571428571428572,0.03300000000000001,-0.7302816325650139
scene-0553,CAM_FRONT_RIGHT,17,0,bus,0.5897435545921326,17.486705921419368,-23.74469683171463,2.353645548977898,7.415853102714582,2.8873442149258803,2.9209239069972703,1.616023384397455,-0.5985537832386623,0.019667705755696242,1.2240000000000002,17.486705921419368,-23.74469683171463,2.353645548977898,7.415853102714582,2.8873442149258803,2.9209239069972703,1.616023384397455,0.019667705755696242,1.2240000000000002,-0.5985537832386623
scene-0553,CAM_BACK,17,0,truck,0.976608157157898,-10.640413627263678,3.7741052705068845,1.7458701891229305,13.639337610627898,3.5730686661099673,4.97362203381568,-3.0497035960422525,0.7581920809129612,0.06554738562091503,16.046000000000003,-10.640413627263678,3.7741052705068845,1.7458701891229305,13.639337610627898,3.5730686661099673,4.97362203381568,-3.0497035960422525,0.06554738562091503,16.046000000000003,0.7581920809129612
scene-0553,CAM_BACK,17,1,truck,0.8048780560493469,-6.605775063252628,0.17772736044510187,0.8748530719576465,4.447831827337958,2.902421558322751,2.310108665813998,3.1359450954273806,0.24223514368651233,0.1814774430966335,5.3260000000000005,-6.605775063252628,0.17772736044510187,0.8748530719576465,4.447831827337958,2.902421558322751,2.310108665813998,3.1359450954273806,0.1814774430966335,5.3260000000000005,0.24223514368651233
scene-0553,CAM_BACK_LEFT,17,0,car,0.6908212304115295,1.0168193968687158,22.762678950108157,0.9576457274321131,2.6564943085835697,1.2302813938384674,0.9670373610048904,-2.952653574608819,-0.6544150339234576,0.012962962962962963,0.04200000000000001,1.0168193968687158,22.762678950108157,0.9576457274321131,2.6564943085835697,1.2302813938384674,0.9670373610048904,-2.952653574608819,0.012962962962962963,0.04200000000000001,-0.6544150339234576
scene-0553,CAM_BACK_LEFT,17,1,car,0.5540069937705994,2.3867610647881174,22.7097657366387,0.9828194600840395,0.70236296912333,0.6192238723745298,0.31670746673030403,-2.955166633155782,-1.0101193238353579,0.0,0.0,2.3867610647881174,22.7097657366387,0.9828194600840395,0.70236296912333,0.6192238723745298,0.31670746673030403,-2.955166633155782,0.0,0.0,-1.0101193238353579
scene-0553,CAM_BACK_LEFT,17,2,car,0.96875,0.8321192961826251,3.4334569289514145,0.7877870966949622,4.58901349108903,1.5412976424319473,1.4461819696580493,-2.9268496813049225,0.07376261692434571,0.3584886128364389,3.4630000000000005,0.8321192961826251,3.4334569289514145,0.7877870966949622,4.58901349108903,1.5412976424319473,1.4461819696580493,-2.9268496813049225,0.3584886128364389,3.4630000000000005,0.07376261692434571
scene-0553,CAM_FRONT,18,0,car,0.9375000596046448,21.282570367747578,0.5858503731389674,0.9586404719315434,4.917431780512723,1.9568765695202934,1.4975948608692715,1.5686579226291397,-0.1629011948877921,0.03292517006802721,0.4840000000000001,21.282570367747578,0.5858503731389674,0.9586404719315434,4.917431780512723,1.9568765695202934,1.4975948608692715,1.5686579226291397,0.03292517006802721,0.4840000000000001,-0.1629011948877921
scene-0553,CAM_FRONT,18,0,bus,0.8987342119216919,38.38406810536089,5.701712151882044,1.1512977330951237,8.61129517192457,3.4074289175419032,3.536726030574397,2.800552802752762,0.5623429432772036,0.012263044752784835,1.2550000000000003,38.38406810536089,5.701712151882044,1.1512977330951237,8.61129517192457,3.4074289175419032,3.536726030574397,2.800552802752762,0.012263044752784835,1.2550000000000003,0.5623429432772036
scene-0553,CAM_FRONT_LEFT,18,0,car,0.7460317611694336,22.155128771705947,25.875667753858416,1.5081199255170215,1.76517259102706,1.0711467441210762,0.5643661676048157,0.9093476677459724,-1.6154151377561021,0.10437710437710437,0.12400000000000004,22.155128771705947,25.875667753858416,1.5081199255170215,1.76517259102706,1.0711467441210762,0.5643661676048157,0.9093476677459724,0.10437710437710437,0.12400000000000004,-1.6154151377561021
scene-0553,CAM_FRONT_LEFT,18,1,car,0.7299578189849854,23.41168252056876,24.549816778816083,0.48884590034077635,4.840783633795638,2.2191181288071284,1.633948807283411,2.067385292484439,-0.042780502102589546,0.010120738636363636,0.17100000000000004,23.41168252056876,24.549816778816083,0.48884590034077635,4.840783633795638,2.2191181288071284,1.633948807283411,2.067385292484439,0.010120738636363636,0.17100000000000004,-0.042780502102589546
scene-0553,CAM_FRONT_LEFT,18,2,car,0.7344398498535156,2.451556338146418,22.63235285012652,1.2031059866774894,0.8587741320306463,0.5346909896051927,0.4231633976342968,1.457915390658471,-1.2774576632189225,0.06111111111111111,0.011000000000000003,2.451556338146418,22.63235285012652,1.2031059866774894,0.8587741320306463,0.5346909896051927,0.4231633976342968,1.457915390658471,0.06111111111111111,0.011000000000000003,-1.2774576632189225
scene-0553,CAM_FRONT_LEFT,18,3,car,0.9532163739204407,2.2864100554660993,3.203128089207211,0.7320601215688618,3.287550033599982,1.5426802404761197,1.0480688020100724,2.785715212103483,-0.09877378925412561,0.33454545454545453,1.6560000000000004,2.2864100554660993,3.203128089207211,0.7320601215688618,3.287550033599982,1.5426802404761197,1.0480688020100724,2.785715212103483,0.33454545454545453,1.6560000000000004,-0.09877378925412561
scene-0553,CAM_FRONT_LEFT,18,4,car,0.7142857313156128,31.719291130591465,50.74091075091854,0.5980985206691138,2.6312321481606773,2.6544092637976675,0.7953558740429666,2.630598755338639,-0.8215415729702928,0.0,0.0,31.719291130591465,50.74091075091854,0.5980985206691138,2.6312321481606773,2.6544092637976675,0.7953558740429666,2.630598755338639,0.0,0.0,-0.8215415729702928
scene-0553,CAM_FRONT_LEFT,18,5,car,0.7142857313156128,32.733863037461674,46.643019607284984,0.9586584353161203,2.3881244309087286,1.4527621228364964,1.2364012962459565,2.2189293983960825,-0.9471718570364343,0.001851851851851852,0.008000000000000002,32.733863037461674,46.643019607284984,0.9586584353161203,2.3881244309087286,1.4527621228364964,1.2364012962459565,2.2189293983960825,0.001851851851851852,0.008000000000000002,-0.9471718570364343
scene-0553,CAM_FRONT_LEFT,18,6,car,0.7620818018913269,28.167672400965603,49.451041128859096,1.417841061017706,2.751992784084647,1.7214929048873842,1.441056604557018,2.6971515282158958,-1.2826766832425234,0.003001200480192077,0.020000000000000004,28.167672400965603,49.451041128859096,1.417841061017706,2.751992784084647,1.7214929048873842,1.441056604557018,2.6971515282158958,0.003001200480192077,0.020000000000000004,-1.2826766832425234
scene-0553,CAM_FRONT_RIGHT,18,0,car,0.6444444060325623,23.202415583459196,-55.15654557426761,2.051968612667028,2.7652602883107207,1.6443417427505551,1.3721640917998585,1.817010711420004,-0.6258174754470607,0.0,0.0,23.202415583459196,-55.15654557426761,2.051968612667028,2.7652602883107207,1.6443417427505551,1.3721640917998585,1.817010711420004,0.0,0.0,-0.6258174754470607
scene-0553,CAM_FRONT_RIGHT,18,1,car,0.7344398498535156,19.232886298460336,-51.36230698466501,2.101423960974244,4.380345456483262,1.8703027886152768,1.5085005411421424,1.6817297453749829,-0.6845244165307975,0.0008771929824561404,0.011000000000000003,19.232886298460336,-51.36230698466501,2.101423960974244,4.380345456483262,1.8703027886152768,1.5085005411421424,1.6817297453749829,0.0008771929824561404,0.011000000000000003,-0.6845244165307975
scene-0553,CAM_FRONT_RIGHT,18,2,car,0.9375000596046448,20.729002223968248,-14.766862705004634,1.5374587590861593,5.069414997111938,2.132691587732797,1.574804413183618,1.5958625733083789,-0.3396116968043478,0.015814659197012138,0.271,20.729002223968248,-14.766862705004634,1.5374587590861593,5.069414997111938,2.132691587732797,1.574804413183618,1.5958625733083789,0.015814659197012138,0.271,-0.3396116968043478
scene-0553,CAM_FRONT_RIGHT,18,3,car,0.7852349281311035,21.976247441641956,-48.53629535260658,1.9298855882283679,2.56497790173902,1.472776276610574,1.276810805778153,1.7406018935550742,-0.6262478845809296,0.015976331360946745,0.08100000000000002,21.976247441641956,-48.53629535260658,1.9298855882283679,2.56497790173902,1.472776276610574,1.276810805778153,1.7406018935550742,0.015976331360946745,0.08100000000000002,-0.6262478845809296
scene-0553,CAM_FRONT_RIGHT,18,0,bus,0.8241757750511169,17.498211779233262,-28.19132665040332,2.352574394520843,7.272471395050662,3.1042089606400083,2.8341874815237373,1.5747245152046214,-0.43161147784802445,0.007464806514740231,0.47300000000000014,17.498211779233262,-28.19132665040332,2.352574394520843,7.272471395050662,3.1042089606400083,2.8341874815237373,1.5747245152046214,0.007464806514740231,0.47300000000000014,-0.43161147784802445
scene-0553,CAM_FRONT_RIGHT,18,0,truck,0.5276752710342407,21.89158109093775,-28.85901272525108,2.6809878843561656,4.6473746630126875,2.5385226875665303,2.170223596721553,1.7544626994112549,-1.0482147219168674,0.0021343873517786563,0.05400000000000001,21.89158109093775,-28.85901272525108,2.6809878843561656,4.6473746630126875,2.5385226875665303,2.170223596721553,1.7544626994112549,0.0021343873517786563,0.05400000000000001,-1.0482147219168674
scene-0553,CAM_BACK,18,0,truck,0.9726027250289917,-10.426411682903234,3.6119527803085005,1.7858679355715943,13.44043799819815,3.321893629807356,4.886818779467037,-3.0790174404084496,0.6450130197661339,0.07179778288520293,15.557000000000004,-10.426411682903234,3.6119527803085005,1.7858679355715943,13.44043799819815,3.321893629807356,4.886818779467037,-3.0790174404084496,0.07179778288520293,15.557000000000004,0.6450130197661339
scene-0553,CAM_BACK,18,1,truck,0.8787879347801208,-6.637910644709309,0.1915638297512647,0.8545874774300287,4.435444462737177,2.8842164190651287,2.3220917720716088,-3.13891183926674,0.2988967994567965,0.17762709554313752,5.213000000000001,-6.637910644709309,0.1915638297512647,0.8545874774300287,4.435444462737177,2.8842164190651287,2.3220917720716088,-3.13891183926674,0.17762709554313752,5.213000000000001,0.2988967994567965
scene-0553,CAM_BACK_LEFT,18,0,car,0.5114504098892212,-3.8842513921120947,4.573558916149438,0.5468965479697221,0.4876696725460379,0.12790327805338175,0.47778572259667207,2.463122403184666,-0.3075324309293726,0.6,0.015000000000000003,-3.8842513921120947,4.573558916149438,0.5468965479697221,0.4876696725460379,0.12790327805338175,0.47778572259667207,2.463122403184666,0.6,0.015000000000000003,-0.3075324309293726
scene-0553,CAM_BACK_LEFT,18,1,car,0.5460992455482483,2.321008644256128,22.555473669827954,1.0716491383933966,0.5479431978096778,0.3067068360417764,0.48038564914330695,3.00774547259965,-1.0135997040004234,0.0,0.0,2.321008644256128,22.555473669827954,1.0716491383933966,0.5479431978096778,0.3067068360417764,0.48038564914330695,3.00774547259965,0.0,0.0,-1.0135997040004234
scene-0553,CAM_BACK_LEFT,18,2,car,0.6952381134033203,0.9896924592400091,22.655217740972343,1.0103246629251916,2.3853998920456614,1.0908489960155698,0.8593441572565649,-2.9806072164465505,-0.7560895280663642,0.01936026936026936,0.04600000000000001,0.9896924592400091,22.655217740972343,1.0103246629251916,2.3853998920456614,1.0908489960155698,0.8593441572565649,-2.9806072164465505,0.01936026936026936,0.04600000000000001,-0.7560895280663642
scene-0553,CAM_BACK_LEFT,18,3,car,0.9649122953414917,0.8017733390654872,3.4688625200293766,0.7971097344652472,4.599281150200998,1.5311051036192698,1.438360991818674,-2.9359186097892813,0.1161769081373194,0.35548654244306416,3.4340000000000006,0.8017733390654872,3.4688625200293766,0.7971097344652472,4.599281150200998,1.5311051036192698,1.438360991818674,-2.9359186097892813,0.35548654244306416,3.4340000000000006,0.1161769081373194
scene-0553,CAM_FRONT,19,0,car,0.9452055096626282,21.117739988214307,-4.013510414158062,1.0888650485400815,5.117401363738242,2.029117253028698,1.533263803832142,1.5489641197340638,-0.38469515611354677,0.046013071895424834,0.7040000000000002,21.117739988214307,-4.013510414158062,1.0888650485400815,5.117401363738242,2.029117253028698,1.533263803832142,1.5489641197340638,0.046013071895424834,0.7040000000000002,-0.38469515611354677
scene-0553,CAM_FRONT,19,0,bus,0.6640419960021973,39.83759944206659,4.758531098968399,1.2998886349296181,6.66189203418444,2.626769682506662,3.5333957494563557,2.6123654403012426,0.08381730001546339,0.010464162702968674,0.6380000000000001,39.83759944206659,4.758531098968399,1.2998886349296181,6.66189203418444,2.626769682506662,3.5333957494563557,2.6123654403012426,0.010464162702968674,0.6380000000000001,0.08381730001546339
scene-0553,CAM_FRONT_LEFT,19,0,car,0.8048780560493469,8.589795887635558,6.5858491353176385,1.214809608092893,1.7972549689983883,0.8233163947282982,0.5971553220063431,1.9520266641850246,-0.9921697173967854,0.2638888888888889,0.22800000000000006,8.589795887635558,6.5858491353176385,1.214809608092893,1.7972549689983883,0.8233163947282982,0.5971553220063431,1.9520266641850246,0.2638888888888889,0.22800000000000006,-0.9921697173967854
scene-0553,CAM_FRONT_LEFT,19,1,car,0.8552036285400391,37.28752812974722,47.23804369344162,0.7416780909463101,3.149574809752818,1.9366637312908352,1.699719195892373,2.3991450829594854,0.057093151518251783,0.005992210126835114,0.060000000000000005,37.28752812974722,47.23804369344162,0.7416780909463101,3.149574809752818,1.9366637312908352,1.699719195892373,2.3991450829594854,0.005992210126835114,0.060000000000000005,0.057093151518251783
scene-0553,CAM_FRONT_LEFT,19,2,car,0.7697842121124268,2.4921794033986204,22.70761176421393,1.2753871406660702,0.8951247265206526,0.5735460970365651,0.4760903708968347,1.4741736555415987,-1.0149121387928062,0.02962962962962963,0.008000000000000002,2.4921794033986204,22.70761176421393,1.2753871406660702,0.8951247265206526,0.5735460970365651,0.4760903708968347,1.4741736555415987,0.02962962962962963,0.008000000000000002,-1.0149121387928062
scene-0553,CAM_FRONT_LEFT,19,3,car,0.6878048777580261,32.786456924710464,52.63627249631412,0.9183676565585905,3.226884046425326,2.2962033959112036,1.1181151743029263,1.105441891775449,-0.31328195455183794,0.0,0.0,32.786456924710464,52.63627249631412,0.9183676565585905,3.226884046425326,2.2962033959112036,1.1181151743029263,1.105441891775449,0.0,0.0,-0.31328195455183794
scene-0553,CAM_FRONT_LEFT,19,4,car,0.6097560524940491,28.400249847957625,48.554975922422486,1.2029462556222388,2.665197023039937,1.6153127968142602,1.4516139550586438,0.8650534744679915,-0.4118348125010094,0.004629629629629629,0.030000000000000006,28.400249847957625,48.554975922422486,1.2029462556222388,2.665197023039937,1.6153127968142602,1.4516139550586438,0.8650534744679915,0.004629629629629629,0.030000000000000006,-0.4118348125010094
scene-0553,CAM_FRONT_LEFT,19,5,car,0.9609756469726562,2.3313461983210853,3.2024667975999135,0.7487617522457425,3.1929117836968333,1.5009587525050532,1.0240439544639732,2.7849300458268105,-0.1777138689873925,0.35833333333333334,1.7200000000000002,2.3313461983210853,3.2024667975999135,0.7487617522457425,3.1929117836968333,1.5009587525050532,1.0240439544639732,2.7849300458268105,0.35833333333333334,1.7200000000000002,-0.1777138689873925
scene-0553,CAM_FRONT_LEFT,19,6,car,0.7419355511665344,33.40217233770608,47.626495484133436,0.8906935206780612,2.440681957371332,1.4772260877927437,1.275859451943979,2.1502365947748845,-0.5197264123417986,0.0008547008547008547,0.004000000000000001,33.40217233770608,47.626495484133436,0.8906935206780612,2.440681957371332,1.4772260877927437,1.275859451943979,2.1502365947748845,0.0008547008547008547,0.004000000000000001,-0.5197264123417986
scene-0553,CAM_FRONT_LEFT,19,7,car,0.7575758099555969,17.3761037538951,29.604401740064645,0.8023819084293395,3.550717233029136,1.625459255162884,1.280481509887335,1.3910719897476973,-0.4063802751611634,0.004540598290598291,0.03400000000000001,17.3761037538951,29.604401740064645,0.8023819084293395,3.550717233029136,1.625459255162884,1.280481509887335,1.3910719897476973,0.004540598290598291,0.03400000000000001,-0.4063802751611634
scene-0553,CAM_FRONT_RIGHT,19,0,car,0.9375000596046448,21.021657203366125,-18.581651969947114,1.5711153929120596,4.79506493512574,2.2009812043208647,1.4900819658984943,1.6418590126534285,-0.2277001624118481,0.03888888888888889,0.6160000000000001,21.021657203366125,-18.581651969947114,1.5711153929120596,4.79506493512574,2.2009812043208647,1.4900819658984943,1.6418590126534285,0.03888888888888889,0.6160000000000001,-0.2277001624118481
scene-0553,CAM_FRONT_RIGHT,19,1,car,0.7770034670829773,22.068093674374396,-49.214139336732856,1.8549417839723876,2.8573420025266287,1.692207385769347,1.4092509258233736,1.700173530815342,0.13903347332711657,0.004056795131845842,0.028000000000000008,22.068093674374396,-49.214139336732856,1.8549417839723876,2.8573420025266287,1.692207385769347,1.4092509258233736,1.700173530815342,0.004056795131845842,0.028000000000000008,0.13903347332711657
scene-0553,CAM_FRONT_RIGHT,19,2,car,0.7142857313156128,23.5963121656185,-57.2517545491842,2.023135057862583,3.4436982686695643,1.9722172542052823,1.6945904244135848,1.8205194412073717,0.31742828655398725,0.0,0.0,23.5963121656185,-57.2517545491842,2.023135057862583,3.4436982686695643,1.9722172542052823,1.6945904244135848,1.8205194412073717,0.0,0.0,0.31742828655398725
scene-0553,CAM_FRONT_RIGHT,19,3,car,0.6640419960021973,13.789577935034906,-38.42891828409435,1.7954171457736061,2.3502867410132993,1.004315737693977,0.8429900830783199,1.6791777017703933,-0.4352091497132671,0.0,0.0,13.789577935034906,-38.42891828409435,1.7954171457736061,2.3502867410132993,1.004315737693977,0.8429900830783199,1.6791777017703933,0.0,0.0,-0.4352091497132671
scene-0553,CAM_FRONT_RIGHT,19,0,truck,0.7730495929718018,22.875100317400882,-32.7898133963874,2.2642238393010987,5.877684564391153,2.8654693824973947,2.2837034259496347,1.5722237170632163,-0.2259399649951046,0.0008893858155667928,0.035,22.875100317400882,-32.7898133963874,2.2642238393010987,5.877684564391153,2.8654693824973947,2.2837034259496347,1.5722237170632163,0.0008893858155667928,0.035,-0.2259399649951046
scene-0553,CAM_FRONT_RIGHT,19,1,truck,0.6908212304115295,3.3460475116216624,-3.8049801895164883,1.6169461188897105,0.5376289224034365,0.31544111717810264,0.3144355198758564,1.6990495400617411,-1.3504946815645447,0.6888888888888889,0.031000000000000007,3.3460475116216624,-3.8049801895164883,1.6169461188897105,0.5376289224034365,0.31544111717810264,0.3144355198758564,1.6990495400617411,0.6888888888888889,0.031000000000000007,-1.3504946815645447
scene-0553,CAM_BACK,19,0,truck,0.9726027250289917,-10.346431442174744,3.6772961594432565,1.7747655548561454,12.892941687067278,3.407166849914062,4.7264050956572845,-3.054000853315511,0.5937489738160409,0.06871962045580231,14.166000000000002,-10.346431442174744,3.6772961594432565,1.7747655548561454,12.892941687067278,3.407166849914062,4.7264050956572845,-3.054000853315511,0.06871962045580231,14.166000000000002,0.5937489738160409
scene-0553,CAM_BACK,19,1,truck,0.8552036285400391,-6.582661607132087,0.1777559183058911,0.8753173630691116,4.380783028049522,2.8026705449002645,2.255018485458943,3.1386658221599864,0.23655379644083174,0.17225437605872387,4.881,-6.582661607132087,0.1777559183058911,0.8753173630691116,4.380783028049522,2.8026705449002645,2.255018485458943,3.1386658221599864,0.17225437605872387,4.881,0.23655379644083174
scene-0553,CAM_BACK_LEFT,19,0,car,0.5038759708404541,-3.9385741928988196,4.638705111390947,0.5027778746858633,0.5673777224743057,0.15923502365306755,0.5454237199454944,2.275397964938971,-0.23740327197916072,0.5833333333333334,0.03500000000000001,-3.9385741928988196,4.638705111390947,0.5027778746858633,0.5673777224743057,0.15923502365306755,0.5454237199454944,2.275397964938971,0.5833333333333334,0.03500000000000001,-0.23740327197916072
scene-0553,CAM_BACK_LEFT,19,1,car,0.6995305418968201,0.9585687724651869,22.647196930379526,1.001768048000534,2.392885571059492,1.088331479038139,0.8670103289300576,-2.97586090875728,-0.7191434885178813,0.021464646464646464,0.05100000000000002,0.9585687724651869,22.647196930379526,1.001768048000534,2.392885571059492,1.088331479038139,0.8670103289300576,-2.97586090875728,0.021464646464646464,0.05100000000000002,-0.7191434885178813
scene-0553,CAM_BACK_LEFT,19,2,car,0.5540069937705994,2.299237215505473,22.5266397249733,1.0612560366432182,0.3830852218092291,0.17078535446858822,0.5267050610453482,-3.0229057553685488,-0.9390338939035947,0.0,0.0,2.299237215505473,22.5266397249733,1.0612560366432182,0.3830852218092291,0.17078535446858822,0.5267050610453482,-3.0229057553685488,0.0,0.0,-0.9390338939035947
scene-0553,CAM_BACK_LEFT,19,3,car,0.9609756469726562,0.7845732278360138,3.4584681508952544,0.7871478978333522,4.61905572831773,1.536820922134463,1.4414921766100037,-2.9319867695096895,0.08345209054660851,0.3575569358178054,3.4540000000000006,0.7845732278360138,3.4584681508952544,0.7871478978333522,4.61905572831773,1.536820922134463,1.4414921766100037,-2.9319867695096895,0.3575569358178054,3.4540000000000006,0.08345209054660851
scene-0553,CAM_FRONT,20,0,car,0.9452055096626282,20.85107073591205,-8.290499471708996,1.1575308642743711,4.9398898002154255,1.9723328967519436,1.5446305681237353,1.4883128571166235,-0.17185318444910624,0.026530612244897958,0.39000000000000007,20.85107073591205,-8.290499471708996,1.1575308642743711,4.9398898002154255,1.9723328967519436,1.5446305681237353,1.4883128571166235,0.026530612244897958,0.39000000000000007,-0.17185318444910624
scene-0553,CAM_FRONT,20,1,car,0.8827838897705078,21.71127993870209,13.325022564375642,0.4641954989234073,4.163917044358197,1.7278323154642727,1.4766456092502878,1.7713349854093776,0.05692723508215347,0.03137254901960784,0.3360000000000001,21.71127993870209,13.325022564375642,0.4641954989234073,4.163917044358197,1.7278323154642727,1.4766456092502878,1.7713349854093776,0.03137254901960784,0.3360000000000001,0.05692723508215347
scene-0553,CAM_FRONT_LEFT,20,0,car,0.7770034670829773,2.451753338464744,22.466066897621964,1.1836491093281105,1.0233861346915698,0.6538085897062338,0.4992107987642579,3.1091241385496886,-1.180476416659658,0.06285714285714286,0.022000000000000006,2.451753338464744,22.466066897621964,1.1836491093281105,1.0233861346915698,0.6538085897062338,0.4992107987642579,3.1091241385496886,0.06285714285714286,0.022000000000000006,-1.180476416659658
scene-0553,CAM_FRONT_LEFT,20,1,car,0.9139785170555115,22.084947095747975,13.62459066544052,0.7480737730499963,4.864361256994714,2.0596872475960133,1.4832494616543481,2.1269024190296544,-0.22922032918723878,0.02112082928409459,0.32600000000000007,22.084947095747975,13.62459066544052,0.7480737730499963,4.864361256994714,2.0596872475960133,1.4832494616543481,2.1269024190296544,0.02112082928409459,0.32600000000000007,-0.22922032918723878
scene-0553,CAM_FRONT_LEFT,20,2,car,0.9609756469726562,2.3254872543284706,3.2513705815903595,0.7277653250658931,3.3261716840088784,1.5620907429232456,1.0892650499692471,2.825528707238572,-0.10273586473752716,0.35795454545454547,2.0790000000000006,2.3254872543284706,3.2513705815903595,0.7277653250658931,3.3261716840088784,1.5620907429232456,1.0892650499692471,2.825528707238572,0.35795454545454547,2.0790000000000006,-0.10273586473752716
scene-0553,CAM_FRONT_LEFT,20,3,car,0.8827838897705078,38.04348479271659,46.381622051497565,0.7730035123508502,4.275930399073957,2.171190056797002,1.5123962443033239,1.6721491224254825,-0.33627335198736574,0.0012684989429175475,0.018000000000000002,38.04348479271659,46.381622051497565,0.7730035123508502,4.275930399073957,2.171190056797002,1.5123962443033239,1.6721491224254825,0.0012684989429175475,0.018000000000000002,-0.33627335198736574
scene-0553,CAM_FRONT_LEFT,20,4,car,0.7037037014961243,34.553827701973404,49.24988381012373,0.790462396889929,2.427170958660719,1.4906728188764617,1.2277275196397268,2.410461695603798,-0.5341511654514133,0.0,0.0,34.553827701973404,49.24988381012373,0.790462396889929,2.427170958660719,1.4906728188764617,1.2277275196397268,2.410461695603798,0.0,0.0,-0.5341511654514133
scene-0553,CAM_FRONT_LEFT,20,5,car,0.8518518805503845,20.46998885162746,33.13993450562891,1.0345402367436851,4.140354294381904,1.8759100628777787,1.3620999967784795,1.619565204455436,-0.7274913241126546,0.0,0.0,20.46998885162746,33.13993450562891,1.0345402367436851,4.140354294381904,1.8759100628777787,1.3620999967784795,1.619565204455436,0.0,0.0,-0.7274913241126546
scene-0553,CAM_FRONT_RIGHT,20,0,car,0.7037037014961243,12.99196992594623,-40.508714960701724,1.9098898934757278,2.0941356582088204,0.9719375460737201,0.7209466919904528,1.6786943524648588,-0.9111159498128072,0.0,0.0,12.99196992594623,-40.508714960701724,1.9098898934757278,2.0941356582088204,0.9719375460737201,0.7209466919904528,1.6786943524648588,0.0,0.0,-0.9111159498128072
scene-0553,CAM_FRONT_RIGHT,20,1,car,0.9064327478408813,20.67828187427278,-9.365614099836572,0.9565783265054787,3.212116467426287,1.5894684807660546,1.2893128897250372,1.48046277709958,0.019424034151412473,0.0234375,0.15600000000000003,20.67828187427278,-9.365614099836572,0.9565783265054787,3.212116467426287,1.5894684807660546,1.2893128897250372,1.48046277709958,0.0234375,0.15600000000000003,0.019424034151412473
scene-0553,CAM_FRONT_RIGHT,20,2,car,0.9259259104728699,17.213578050287115,-18.86678628956283,1.5252941732450713,3.7314017784425424,1.691563871776081,1.2736354328111272,1.8543042180586957,-0.24633839293188442,0.06053564877094289,0.4950000000000001,17.213578050287115,-18.86678628956283,1.5252941732450713,3.7314017784425424,1.691563871776081,1.2736354328111272,1.8543042180586957,0.06053564877094289,0.4950000000000001,-0.24633839293188442
scene-0553,CAM_FRONT_RIGHT,20,3,car,0.5816993117332458,2.1331489755761335,-43.39640256832646,-17.287021470543756,3.3871978954704787,1.5001775999646512,3.227358975105089,1.2132760451669367,19.427694232785022,0.0,0.0,2.1331489755761335,-43.39640256832646,-17.287021470543756,3.3871978954704787,1.5001775999646512,3.227358975105089,1.2132760451669367,0.0,0.0,19.427694232785022
scene-0553,CAM_FRONT_RIGHT,20,0,bus,0.6604774594306946,17.38965587171706,-37.78510304152628,2.4172829920921894,7.212450431426564,2.597889793061036,3.590001632945488,1.2576655869607554,0.05489936630026282,0.011841168091168091,0.7980000000000002,17.38965587171706,-37.78510304152628,2.4172829920921894,7.212450431426564,2.597889793061036,3.590001632945488,1.2576655869607554,0.011841168091168091,0.7980000000000002,0.05489936630026282
scene-0553,CAM_FRONT_RIGHT,20,0,truck,0.7299578189849854,18.559051809330377,-27.935482485673262,2.258569826383596,4.446011330334876,2.3314622245059518,1.7969581382611712,1.4317793554805578,-0.8130786665700267,0.0010979358805445762,0.020000000000000007,18.559051809330377,-27.935482485673262,2.258569826383596,4.446011330334876,2.3314622245059518,1.7969581382611712,1.4317793554805578,0.0010979358805445762,0.020000000000000007,-0.8130786665700267
scene-0553,CAM_BACK,20,0,truck,0.976608157157898,-10.523307260432434,3.564338901188759,1.7288903997706608,13.552883594205657,3.383155512662728,5.095061105045257,-3.056023306100085,0.8485431995387529,0.06968756360675758,16.434000000000005,-10.523307260432434,3.564338901188759,1.7288903997706608,13.552883594205657,3.383155512662728,5.095061105045257,-3.056023306100085,0.06968756360675758,16.434000000000005,0.8485431995387529
scene-0553,CAM_BACK,20,1,truck,0.859649121761322,-6.633840600185826,0.18949126863248353,0.8614780824113806,4.493032459862246,2.9075378454988097,2.3504209557076803,3.1372040976576288,0.3160657012185788,0.1787037037037037,5.597000000000001,-6.633840600185826,0.18949126863248353,0.8614780824113806,4.493032459862246,2.9075378454988097,2.3504209557076803,3.1372040976576288,0.1787037037037037,5.597000000000001,0.3160657012185788
scene-0553,CAM_BACK_LEFT,20,0,car,0.5508772134780884,2.3059108560575168,22.585967345793133,1.0245864690955417,0.6008706618740218,0.23529198213286406,0.5269567515021929,-2.9713613038691267,-0.885130241894002,0.0,0.0,2.3059108560575168,22.585967345793133,1.0245864690955417,0.6008706618740218,0.23529198213286406,0.5269567515021929,-2.9713613038691267,0.0,0.0,-0.885130241894002
scene-0553,CAM_BACK_LEFT,20,1,car,0.96875,0.8028320669668497,3.399971879689717,0.7987427690754342,4.603069317998184,1.5421909830875697,1.4403908504119192,-2.9258906901884267,0.06323139343712025,0.3639751552795031,3.5160000000000005,0.8028320669668497,3.399971879689717,0.7987427690754342,4.603069317998184,1.5421909830875697,1.4403908504119192,-2.9258906901884267,0.3639751552795031,3.5160000000000005,0.06323139343712025
scene-0553,CAM_BACK_LEFT,20,2,car,0.7037037014961243,1.0590449004886553,22.667695864321196,0.8652695185125716,2.6259292873819335,1.2077036017807927,0.947215555702237,-2.95120761260071,-0.5208795441396941,0.019230769230769232,0.05400000000000002,1.0590449004886553,22.667695864321196,0.8652695185125716,2.6259292873819335,1.2077036017807927,0.947215555702237,-2.95120761260071,0.019230769230769232,0.05400000000000002,-0.5208795441396941
scene-0553,CAM_FRONT,21,0,car,0.921951174736023,20.97014804268113,-12.577558344188143,0.9510536040826274,5.20136810174213,2.2154794798668114,1.933997575943879,1.6147548936869474,0.42252470816795284,0.004278616120721384,0.09300000000000003,20.97014804268113,-12.577558344188143,0.9510536040826274,5.20136810174213,2.2154794798668114,1.933997575943879,1.6147548936869474,0.004278616120721384,0.09300000000000003,0.42252470816795284
scene-0553,CAM_FRONT,21,1,car,0.9452055096626282,21.66788748164592,8.747257091608835,0.7197533930310275,5.044135898802238,2.0082598617560556,1.4763227577372888,1.7056728095491922,-0.12647299441560267,0.028666666666666667,0.4300000000000001,21.66788748164592,8.747257091608835,0.7197533930310275,5.044135898802238,2.0082598617560556,1.4763227577372888,1.7056728095491922,0.028666666666666667,0.4300000000000001,-0.12647299441560267
scene-0553,CAM_FRONT,21,2,car,0.9064327478408813,52.2890576513216,12.721121014003831,0.6591469995838763,4.57466177710193,2.4753359808813116,2.046245271407893,-3.014534474340178,0.13577505147003044,0.0,0.0,52.2890576513216,12.721121014003831,0.6591469995838763,4.57466177710193,2.4753359808813116,2.046245271407893,-3.014534474340178,0.0,0.0,0.13577505147003044
scene-0553,CAM_FRONT,21,0,truck,0.8358974456787109,47.75194675733783,4.564666157314102,0.8218972822711388,7.0411820433602585,3.8173239198642257,3.786143416269935,-3.1125519046274843,0.8910476396318341,0.0014938662445587653,0.15100000000000005,47.75194675733783,4.564666157314102,0.8218972822711388,7.0411820433602585,3.8173239198642257,3.786143416269935,-3.1125519046274843,0.0014938662445587653,0.15100000000000005,0.8910476396318341
scene-0553,CAM_FRONT_LEFT,21,0,car,0.7770034670829773,2.368554845499747,22.137174444880735,1.047366275573848,0.8983298987581789,0.6657366601496193,0.3701544289592069,-3.0651766599482118,-1.0135868240842423,0.0,0.0,2.368554845499747,22.137174444880735,1.047366275573848,0.8983298987581789,0.6657366601496193,0.3701544289592069,-3.0651766599482118,0.0,0.0,-1.0135868240842423
scene-0553,CAM_FRONT_LEFT,21,1,car,0.921951174736023,22.937872449409678,8.891777201003828,0.036017853783058495,4.2473146102108785,1.9641766575919775,1.5486151334326053,2.167155115268696,0.6213744422470946,0.0005555555555555556,0.007000000000000002,22.937872449409678,8.891777201003828,0.036017853783058495,4.2473146102108785,1.9641766575919775,1.5486151334326053,2.167155115268696,0.0005555555555555556,0.007000000000000002,0.6213744422470946
scene-0553,CAM_FRONT_LEFT,21,2,car,0.9609756469726562,2.328012791593409,3.2261935793341703,0.7332333687961639,3.225085564097372,1.5148068186425685,1.04856964350975,2.8110930633714633,-0.15979055503594064,0.32708333333333334,1.5700000000000003,2.328012791593409,3.2261935793341703,0.7332333687961639,3.225085564097372,1.5148068186425685,1.04856964350975,2.8110930633714633,0.32708333333333334,1.5700000000000003,-0.15979055503594064
scene-0553,CAM_FRONT_LEFT,21,3,car,0.6012461185455322,19.166112231053248,25.93131773629135,-0.5802290052022295,1.059154351560693,1.076656196292177,0.9848711010046138,3.0860264122676426,0.6746001211761856,0.0,0.0,19.166112231053248,25.93131773629135,-0.5802290052022295,1.059154351560693,1.076656196292177,0.9848711010046138,3.0860264122676426,0.0,0.0,0.6746001211761856
scene-0553,CAM_FRONT_LEFT,21,4,car,0.8012422323226929,20.197777564212803,34.322146127055696,1.2737797226269043,2.766848403769295,1.254487972087702,1.0424713369984988,1.6818028717642826,-1.00361216936203,0.00989010989010989,0.03600000000000001,20.197777564212803,34.322146127055696,1.2737797226269043,2.766848403769295,1.254487972087702,1.0424713369984988,1.6818028717642826,0.00989010989010989,0.03600000000000001,-1.00361216936203
scene-0553,CAM_FRONT_LEFT,21,5,car,0.8987342119216919,38.06189890417774,46.441562259835315,0.8072951255665383,4.078908362762363,1.9832866838993155,1.5057727703660275,1.6404629431687243,-0.3165659123481699,0.002682926829268293,0.03300000000000001,38.06189890417774,46.441562259835315,0.8072951255665383,4.078908362762363,1.9832866838993155,1.5057727703660275,1.6404629431687243,0.002682926829268293,0.03300000000000001,-0.3165659123481699
scene-0553,CAM_FRONT_LEFT,21,6,car,0.8947368264198303,18.15452497025677,25.05985197953028,0.5323175597451755,3.074668623796576,1.4000969872796105,1.0733946266925112,1.6424506946491917,-0.398059632051462,0.02618349392542941,0.12500000000000003,18.15452497025677,25.05985197953028,0.5323175597451755,3.074668623796576,1.4000969872796105,1.0733946266925112,1.6424506946491917,0.02618349392542941,0.12500000000000003,-0.398059632051462
scene-0553,CAM_FRONT_RIGHT,21,0,car,0.9298245906829834,22.247964231691913,-25.567883991743255,1.8394485622444066,4.171116106113232,1.89117092023141,1.4224945937317395,1.5797808690258393,-0.4097121549087186,0.0002685284640171858,0.0030000000000000005,22.247964231691913,-25.567883991743255,1.8394485622444066,4.171116106113232,1.89117092023141,1.4224945937317395,1.5797808690258393,0.0002685284640171858,0.0030000000000000005,-0.4097121549087186
scene-0553,CAM_FRONT_RIGHT,21,1,car,0.7815700173377991,12.139715652580135,-40.74196447613307,1.5749405956186737,3.0332291513540994,1.3927832046566646,1.076917242775694,1.489245753020442,-0.387980220423759,0.0,0.0,12.139715652580135,-40.74196447613307,1.5749405956186737,3.0332291513540994,1.3927832046566646,1.076917242775694,1.489245753020442,0.0,0.0,-0.387980220423759
scene-0553,CAM_FRONT_RIGHT,21,2,car,0.941605806350708,19.78989710169223,-11.743704526045466,1.4398360382449116,4.6395126734876,2.1328387811103333,1.531127565818109,1.2134789768790837,-0.2264057559118764,0.01953071083505866,0.2830000000000001,19.78989710169223,-11.743704526045466,1.4398360382449116,4.6395126734876,2.1328387811103333,1.531127565818109,1.2134789768790837,0.01953071083505866,0.2830000000000001,-0.2264057559118764
scene-0553,CAM_FRONT_RIGHT,21,0,bus,0.7730495929718018,17.861764048093875,-43.64846714391394,2.504304241174978,5.859984471050474,3.717800116971212,3.218451835057786,1.1947206146389275,-0.04965516166259509,0.00320659642693541,0.2240000000000001,17.861764048093875,-43.64846714391394,2.504304241174978,5.859984471050474,3.717800116971212,3.218451835057786,1.1947206146389275,0.00320659642693541,0.2240000000000001,-0.04965516166259509
scene-0553,CAM_FRONT_RIGHT,21,0,truck,0.6717948913574219,18.88411302098916,-30.124188481274924,2.2409781277976286,4.559332594577032,2.3742394301222447,1.7759989603442676,1.4089399139265268,-0.6069573768735417,0.0007045088566827697,0.014000000000000002,18.88411302098916,-30.124188481274924,2.2409781277976286,4.559332594577032,2.3742394301222447,1.7759989603442676,1.4089399139265268,0.0007045088566827697,0.014000000000000002,-0.6069573768735417
scene-0553,CAM_BACK,21,0,truck,0.976608157157898,-10.765296982200448,3.6032389032118295,1.8249266171096532,13.9543637175341,3.4666647099964787,4.94864311253852,-3.053813819590729,0.6627732910864106,0.06932111620158267,16.644000000000002,-10.765296982200448,3.6032389032118295,1.8249266171096532,13.9543637175341,3.4666647099964787,4.94864311253852,-3.053813819590729,0.06932111620158267,16.644000000000002,0.6627732910864106
scene-0553,CAM_BACK,21,1,truck,0.8632478713989258,-6.667818174066125,0.17923556822434056,0.8692830570650805,4.545040341755971,2.968710248884141,2.4015366974609273,-3.1391147325293782,0.32665951335985266,0.1943827160493827,6.298000000000001,-6.667818174066125,0.17923556822434056,0.8692830570650805,4.545040341755971,2.968710248884141,2.4015366974609273,-3.1391147325293782,0.1943827160493827,6.298000000000001,0.32665951335985266
scene-0553,CAM_BACK_LEFT,21,0,car,0.6878048777580261,1.0321231507202193,22.61805536221891,0.9957316092373731,2.317231002229458,1.076515589168359,0.8486090222126341,-3.077183399468742,-0.8848782392500594,0.021739130434782608,0.04400000000000001,1.0321231507202193,22.61805536221891,0.9957316092373731,2.317231002229458,1.076515589168359,0.8486090222126341,-3.077183399468742,0.021739130434782608,0.04400000000000001,-0.8848782392500594
scene-0553,CAM_BACK_LEFT,21,1,car,0.5428571701049805,2.2757287974641964,22.722432424860376,1.0997296143712427,0.8076098550722755,0.4964270520969438,0.3225997897515265,1.6235078275002817,-1.2424481275555532,0.0,0.0,2.2757287974641964,22.722432424860376,1.0997296143712427,0.8076098550722755,0.4964270520969438,0.3225997897515265,1.6235078275002817,0.0,0.0,-1.2424481275555532
scene-0553,CAM_BACK_LEFT,21,2,car,0.9609756469726562,0.8181949471627925,3.4339752553514638,0.7920703453291986,4.527319233982397,1.5086775124113148,1.4104199083345121,-2.9327021375971567,-0.03337855156471736,0.353015873015873,3.3360000000000007,0.8181949471627925,3.4339752553514638,0.7920703453291986,4.527319233982397,1.5086775124113148,1.4104199083345121,-2.9327021375971567,0.353015873015873,3.3360000000000007,-0.03337855156471736
scene-0553,CAM_FRONT,22,0,car,0.949367105960846,21.86717704006339,3.4557277611335495,0.9692260033670734,5.483703004355299,2.189580619575022,1.5463885514495956,1.6453527077967274,-0.25174365267203025,0.022920110192837465,0.41600000000000015,21.86717704006339,3.4557277611335495,0.9692260033670734,5.483703004355299,2.189580619575022,1.5463885514495956,1.6453527077967274,0.022920110192837465,0.41600000000000015,-0.25174365267203025
scene-0553,CAM_FRONT,22,1,car,0.8827838897705078,48.346131638660296,12.266014304792492,1.1072062601440886,4.644290522079366,2.3081539128091597,2.1987846416032557,-2.9516583558588745,-0.16550269115921035,0.0,0.0,48.346131638660296,12.266014304792492,1.1072062601440886,4.644290522079366,2.3081539128091597,2.1987846416032557,-2.9516583558588745,0.0,0.0,-0.16550269115921035
scene-0553,CAM_FRONT,22,0,truck,0.5345454812049866,42.538574609473315,1.5325036231229436,-0.6584137279313715,4.318333369954281,2.7800927670953297,2.440159258206883,-3.1231144018968138,1.6903069648467408,0.0037029346622369876,0.10700000000000003,42.538574609473315,1.5325036231229436,-0.6584137279313715,4.318333369954281,2.7800927670953297,2.440159258206883,-3.1231144018968138,0.0037029346622369876,0.10700000000000003,1.6903069648467408
scene-0553,CAM_FRONT_LEFT,22,0,car,0.7460317611694336,2.4920483497563453,22.14596027325909,0.8831907693230019,0.566159734495006,0.42398678880259055,0.5581796839141798,2.413851779719753,-0.7254371788631806,0.14583333333333334,0.021000000000000008,2.4920483497563453,22.14596027325909,0.8831907693230019,0.566159734495006,0.42398678880259055,0.5581796839141798,2.413851779719753,0.14583333333333334,0.021000000000000008,-0.7254371788631806
scene-0553,CAM_FRONT_LEFT,22,1,car,0.949367105960846,2.3931381412995956,3.2327692736767113,0.7732406254396211,3.24328743163427,1.5176980775998339,1.0094079960982878,2.8085890500054957,-0.14691317091235834,0.396875,1.9050000000000002,2.3931381412995956,3.2327692736767113,0.7732406254396211,3.24328743163427,1.5176980775998339,1.0094079960982878,2.8085890500054957,0.396875,1.9050000000000002,-0.14691317091235834
scene-0553,CAM_FRONT_LEFT,22,2,car,0.6640419960021973,38.8987754571668,62.365724027784,0.2877373998825237,3.253244694751345,3.2515335097173548,1.1395531639214838,1.355368865495967,0.36554207075772255,0.0,0.0,38.8987754571668,62.365724027784,0.2877373998825237,3.253244694751345,3.2515335097173548,1.1395531639214838,1.355368865495967,0.0,0.0,0.36554207075772255
scene-0553,CAM_FRONT_LEFT,22,3,car,0.604938268661499,22.671452247089523,31.707058097578287,1.093379230128577,2.264779140146487,1.4773873064458272,0.8019519156571597,1.9032244666433236,-1.0473070596744936,0.0,0.0,22.671452247089523,31.707058097578287,1.093379230128577,2.264779140146487,1.4773873064458272,0.8019519156571597,1.9032244666433236,0.0,0.0,-1.0473070596744936
scene-0553,CAM_FRONT_LEFT,22,4,car,0.9024390578269958,18.577151777012944,23.28436829489268,0.6994258935079999,3.1510372088323813,1.3412041148965947,1.053229893543788,1.6296393886665805,-0.6063513505790319,0.036276223776223776,0.16600000000000004,18.577151777012944,23.28436829489268,0.6994258935079999,3.1510372088323813,1.3412041148965947,1.053229893543788,1.6296393886665805,0.036276223776223776,0.16600000000000004,-0.6063513505790319
scene-0553,CAM_FRONT_LEFT,22,5,car,0.8202247023582458,37.102963590589695,45.217761709732066,0.9193195502601355,4.135295861188162,2.32474185278722,1.8896210219988419,1.6179138176391754,-0.1801649120825224,0.01395322877713903,0.25000000000000006,37.102963590589695,45.217761709732066,0.9193195502601355,4.135295861188162,2.32474185278722,1.8896210219988419,1.6179138176391754,0.01395322877713903,0.25000000000000006,-0.1801649120825224
scene-0553,CAM_FRONT_LEFT,22,6,car,0.7419355511665344,29.061037992280525,50.99084096788799,1.3281186210614782,3.024597027302115,1.9241986096210084,1.5823698448539778,2.5437228491525308,-0.5129998558562834,0.0010964912280701754,0.010000000000000002,29.061037992280525,50.99084096788799,1.3281186210614782,3.024597027302115,1.9241986096210084,1.5823698448539778,2.5437228491525308,0.0010964912280701754,0.010000000000000002,-0.5129998558562834
scene-0553,CAM_FRONT_RIGHT,22,0,car,0.9024390578269958,27.018455899219916,-34.09677066171065,2.055388607901106,4.307449655604183,1.9864541370694155,1.4065835627264214,-2.617705703026322,-0.634337038501549,0.0016611295681063123,0.020000000000000004,27.018455899219916,-34.09677066171065,2.055388607901106,4.307449655604183,1.9864541370694155,1.4065835627264214,-2.617705703026322,0.0016611295681063123,0.020000000000000004,-0.634337038501549
scene-0553,CAM_FRONT_RIGHT,22,1,car,0.5038759708404541,7.190494876927435,-26.26694430793425,0.529652126242613,0.2936763483325784,0.28754768424987454,0.30420527566653677,2.02906259171452,0.06671432747047712,0.0,0.0,7.190494876927435,-26.26694430793425,0.529652126242613,0.2936763483325784,0.28754768424987454,0.30420527566653677,2.02906259171452,0.0,0.0,0.06671432747047712
scene-0553,CAM_FRONT_RIGHT,22,2,car,0.6717948913574219,9.848549528630063,-34.10284600850142,1.0416049888949535,0.49504156327832005,0.5058957348927606,0.21768757264479843,-2.9715615939185978,-0.42958737444755424,0.0,0.0,9.848549528630063,-34.10284600850142,1.0416049888949535,0.49504156327832005,0.5058957348927606,0.21768757264479843,-2.9715615939185978,0.0,0.0,-0.42958737444755424
scene-0553,CAM_FRONT_RIGHT,22,3,car,0.9375000596046448,20.737438325987146,-15.856074006008143,1.6055973612452754,5.051253616855146,2.15101131163426,1.5274454228846508,1.654287149026712,-0.37126277951410114,0.01645870469399881,0.2770000000000001,20.737438325987146,-15.856074006008143,1.6055973612452754,5.051253616855146,2.15101131163426,1.5274454228846508,1.654287149026712,0.01645870469399881,0.2770000000000001,-0.37126277951410114
scene-0553,CAM_FRONT_RIGHT,22,4,car,0.859649121761322,22.849383588351266,-51.960196267792995,1.6311749774720585,5.05309892027617,2.2879730209604183,1.7700251710432182,1.6510982193943258,-0.00023172025855489053,0.0019892014776925265,0.042000000000000016,22.849383588351266,-51.960196267792995,1.6311749774720585,5.05309892027617,2.2879730209604183,1.7700251710432182,1.6510982193943258,0.0019892014776925265,0.042000000000000016,-0.00023172025855489053
scene-0553,CAM_FRONT_RIGHT,22,0,bus,0.719298243522644,17.886244240067153,-48.32948013298818,2.3763319903340125,6.97567773136619,2.9757807300689496,2.665382195234381,1.6870085933012704,-0.3790030886854501,0.0038447971781305113,0.21800000000000003,17.886244240067153,-48.32948013298818,2.3763319903340125,6.97567773136619,2.9757807300689496,2.665382195234381,1.6870085933012704,0.0038447971781305113,0.21800000000000003,-0.3790030886854501
scene-0553,CAM_FRONT_RIGHT,22,0,truck,0.5038759708404541,20.249315725712943,-34.29056778781151,2.3267139972106383,4.731543715324214,2.610134346181347,1.904788245431183,1.3893456358526504,-0.743943714350241,0.0,0.0,20.249315725712943,-34.29056778781151,2.3267139972106383,4.731543715324214,2.610134346181347,1.904788245431183,1.3893456358526504,0.0,0.0,-0.743943714350241
scene-0553,CAM_BACK,22,0,truck,0.976608157157898,-10.389373343938225,3.694992388403194,1.786239231207706,13.294278629281099,3.4178964182244633,4.8576140443152545,-3.0533174942760883,0.6034628747945829,0.07026870898735434,15.570000000000004,-10.389373343938225,3.694992388403194,1.786239231207706,13.294278629281099,3.4178964182244633,4.8576140443152545,-3.0533174942760883,0.07026870898735434,15.570000000000004,0.6034628747945829
scene-0553,CAM_BACK,22,1,truck,0.8787879347801208,-6.651786198408951,0.17958460420122374,0.9045841962751296,4.438956781220712,2.895730698360576,2.3032493368458997,3.1394105118472075,0.2261042140105941,0.19500477034210167,5.723000000000001,-6.651786198408951,0.17958460420122374,0.9045841962751296,4.438956781220712,2.895730698360576,2.3032493368458997,3.1394105118472075,0.19500477034210167,5.723000000000001,0.2261042140105941
scene-0553,CAM_BACK_LEFT,22,0,car,0.5428571701049805,2.2427350851661694,22.532242381153832,1.0702173332656362,0.5814858218319596,0.2047800034524876,0.37384914262334246,-2.630386688122099,-0.9564084311448486,0.0,0.0,2.2427350851661694,22.532242381153832,1.0702173332656362,0.5814858218319596,0.2047800034524876,0.37384914262334246,-2.630386688122099,0.0,0.0,-0.9564084311448486
scene-0553,CAM_BACK_LEFT,22,1,car,0.9609756469726562,0.7864592762947172,3.4467321017408086,0.7920478198669753,4.619142096969168,1.5589515658426016,1.4560008172902206,-2.9264406016377302,0.00353461490213558,0.3418478260869565,3.774000000000001,0.7864592762947172,3.4467321017408086,0.7920478198669753,4.619142096969168,1.5589515658426016,1.4560008172902206,-2.9264406016377302,0.3418478260869565,3.774000000000001,0.00353461490213558
scene-0553,CAM_BACK_LEFT,22,2,car,0.6952381134033203,1.0982734337535314,22.648966356755043,0.9713381374188278,2.379958829282207,1.0919112781538551,0.8755919243330819,-3.0441607764233125,-0.5960400816391391,0.021885521885521887,0.05200000000000002,1.0982734337535314,22.648966356755043,0.9713381374188278,2.379958829282207,1.0919112781538551,0.8755919243330819,-3.0441607764233125,0.021885521885521887,0.05200000000000002,-0.5960400816391391
scene-0553,CAM_FRONT,23,0,car,0.9298245906829834,21.149654408096705,-1.6606837145838358,1.0610362786900165,4.848654951662841,2.046144905341073,1.475168304422464,1.6279679786345282,-0.39887405583822055,0.020416666666666666,0.2940000000000001,21.149654408096705,-1.6606837145838358,1.0610362786900165,4.848654951662841,2.046144905341073,1.475168304422464,1.6279679786345282,0.020416666666666666,0.2940000000000001,-0.39887405583822055
scene-0553,CAM_FRONT,23,1,car,0.6908212304115295,107.99442784004997,12.592514810279303,-0.8796078541004687,2.687465419293659,1.9645072218642206,1.0523654519858858,-2.882525121150903,1.1099052556152622,0.0,0.0,107.99442784004997,12.592514810279303,-0.8796078541004687,2.687465419293659,1.9645072218642206,1.0523654519858858,-2.882525121150903,0.0,0.0,1.1099052556152622
scene-0553,CAM_FRONT,23,2,car,0.8865247964859009,46.31925536877867,11.567683428017883,0.8606290662941168,3.890070913929094,2.3575951113073152,1.8319338792017386,-3.0384605578251858,-0.22772923389387012,0.0,0.0,46.31925536877867,11.567683428017883,0.8606290662941168,3.890070913929094,2.3575951113073152,1.8319338792017386,-3.0384605578251858,0.0,0.0,-0.22772923389387012
scene-0553,CAM_FRONT,23,3,car,0.8518518805503845,48.575537282942804,13.501310565033416,0.7605360097552739,2.6832773554298086,1.3261616865294021,1.3775813515617739,-2.977512041153385,-0.3592436888861912,0.0,0.0,48.575537282942804,13.501310565033416,0.7605360097552739,2.6832773554298086,1.3261616865294021,1.3775813515617739,-2.977512041153385,0.0,0.0,-0.3592436888861912
scene-0553,CAM_FRONT,23,0,truck,0.7852349281311035,54.92677114571446,5.146261648583179,1.4522541398484152,6.283860681391026,3.7305036354972696,3.67548801284117,-3.0920949702850686,0.11901561959341,0.0,0.0,54.92677114571446,5.146261648583179,1.4522541398484152,6.283860681391026,3.7305036354972696,3.67548801284117,-3.0920949702850686,0.0,0.0,0.11901561959341
scene-0553,CAM_FRONT_LEFT,23,0,car,0.8202247023582458,37.93615208003361,47.326111308468384,0.8440757320938648,4.221575796379687,2.5350141050255743,1.9709546428002587,2.2657941130018022,-0.10490471085700448,0.008666666666666666,0.18200000000000002,37.93615208003361,47.326111308468384,0.8440757320938648,4.221575796379687,2.5350141050255743,1.9709546428002587,2.2657941130018022,0.008666666666666666,0.18200000000000002,-0.10490471085700448
scene-0553,CAM_FRONT_LEFT,23,1,car,0.8048780560493469,38.59821922964107,43.00637894000838,-0.31651258653005865,8.044137405222596,3.5387843990801287,2.874140870023114,1.8772624114664982,1.5279131308994496,0.001416256157635468,0.11500000000000002,38.59821922964107,43.00637894000838,-0.31651258653005865,8.044137405222596,3.5387843990801287,2.874140870023114,1.8772624114664982,0.001416256157635468,0.11500000000000002,1.5279131308994496
scene-0553,CAM_FRONT_LEFT,23,2,car,0.7460317611694336,2.410338852139602,22.7289311081427,1.3043526321035863,0.7634910548360043,0.4656479291973028,0.43277990641546804,-2.522436429694452,-1.2283385314806912,0.00625,0.0010000000000000002,2.410338852139602,22.7289311081427,1.3043526321035863,0.7634910548360043,0.4656479291973028,0.43277990641546804,-2.522436429694452,0.00625,0.0010000000000000002,-1.2283385314806912
scene-0553,CAM_FRONT_LEFT,23,3,car,0.9532163739204407,2.4499236306425924,3.2540411285268362,0.7673682558096038,3.105659048402688,1.4575982184010372,1.0243382986011236,2.7712517675422896,-0.11160502033884545,0.3931182795698925,1.8280000000000005,2.4499236306425924,3.2540411285268362,0.7673682558096038,3.105659048402688,1.4575982184010372,1.0243382986011236,2.7712517675422896,0.3931182795698925,1.8280000000000005,-0.11160502033884545
scene-0553,CAM_FRONT_LEFT,23,4,car,0.7104072570800781,32.94649767240327,52.8794512313965,0.6939169511853064,2.715559714063687,2.7143374204590565,0.8823674874947358,1.0182577040285667,-0.38804503450149896,0.0,0.0,32.94649767240327,52.8794512313965,0.6939169511853064,2.715559714063687,2.7143374204590565,0.8823674874947358,1.0182577040285667,0.0,0.0,-0.38804503450149896
scene-0553,CAM_FRONT_LEFT,23,5,car,0.7460317611694336,34.29944990830891,49.18129792419438,0.8798716527266124,2.425159287257168,1.4550326354434517,1.2563985723372868,2.36180344901685,-0.484225461183442,0.0,0.0,34.29944990830891,49.18129792419438,0.8798716527266124,2.425159287257168,1.4550326354434517,1.2563985723372868,2.36180344901685,0.0,0.0,-0.484225461183442
scene-0553,CAM_FRONT_LEFT,23,6,car,0.7655677795410156,28.87489681089256,50.83392225933213,1.5797012251010076,2.8113508581634292,1.8464687311829877,1.3945570515589811,2.5373188201389616,-0.9531711178910819,0.001417233560090703,0.010000000000000002,28.87489681089256,50.83392225933213,1.5797012251010076,2.8113508581634292,1.8464687311829877,1.3945570515589811,2.5373188201389616,0.001417233560090703,0.010000000000000002,-0.9531711178910819
scene-0553,CAM_FRONT_RIGHT,23,0,car,0.8241757750511169,22.116075284322356,-53.52660360323329,2.13054868400708,3.9985282968956,1.8236383874413882,1.3461239725107281,1.560257498125616,-0.242621132451728,0.0,0.0,22.116075284322356,-53.52660360323329,2.13054868400708,3.9985282968956,1.8236383874413882,1.3461239725107281,1.560257498125616,0.0,0.0,-0.242621132451728
scene-0553,CAM_FRONT_RIGHT,23,1,car,0.9452055096626282,22.258042711383066,-20.289296062024114,1.7118433176937629,5.559769572128641,2.3630614287395986,1.6546116140223113,1.7408954029335526,-0.1610752270713096,0.0020133053221288513,0.046000000000000006,22.258042711383066,-20.289296062024114,1.7118433176937629,5.559769572128641,2.3630614287395986,1.6546116140223113,1.7408954029335526,0.0020133053221288513,0.046000000000000006,-0.1610752270713096
scene-0553,CAM_FRONT_RIGHT,23,2,car,0.9139785170555115,24.51028381306197,-34.17158348170449,2.0994621359808896,3.644002125331392,1.6637505293107466,1.2276055334362044,0.9694601271878003,-0.5163104021874396,0.004357298474945534,0.032000000000000015,24.51028381306197,-34.17158348170449,2.0994621359808896,3.644002125331392,1.6637505293107466,1.2276055334362044,0.9694601271878003,0.004357298474945534,0.032000000000000015,-0.5163104021874396
scene-0553,CAM_FRONT_RIGHT,23,0,truck,0.6640419960021973,17.635196030670894,-54.77533884797734,2.5263714688762864,6.362548682139469,4.0264256039758735,3.402559971374593,1.3681346954403908,0.31710779468881767,0.0,0.0,17.635196030670894,-54.77533884797734,2.5263714688762864,6.362548682139469,4.0264256039758735,3.402559971374593,1.3681346954403908,0.0,0.0,0.31710779468881767
scene-0553,CAM_FRONT_RIGHT,23,1,truck,0.6097560524940491,18.08769415919086,-31.906580165897427,2.068825334792315,4.194484278097114,2.3410424822456797,1.7601263974801618,1.4664704943154645,-0.32168073231993444,0.0,0.0,18.08769415919086,-31.906580165897427,2.068825334792315,4.194484278097114,2.3410424822456797,1.7601263974801618,1.4664704943154645,0.0,0.0,-0.32168073231993444
scene-0553,CAM_BACK,23,0,truck,0.976608157157898,-10.371327627309478,3.644368825365063,1.7413514899749123,13.240643893433736,3.3591524166157423,5.022893642977827,-3.0607237651951955,0.7407397347630267,0.06704545454545455,15.045000000000005,-10.371327627309478,3.644368825365063,1.7413514899749123,13.240643893433736,3.3591524166157423,5.022893642977827,-3.0607237651951955,0.06704545454545455,15.045000000000005,0.7407397347630267
scene-0553,CAM_BACK,23,1,truck,0.8987342119216919,-6.559731413886459,0.1840321319119485,0.9025005728677084,4.2400265655682245,2.770105611168723,2.262140215194246,3.1373378759766215,0.21882346377819129,0.18496746524696836,5.003000000000001,-6.559731413886459,0.1840321319119485,0.9025005728677084,4.2400265655682245,2.770105611168723,2.262140215194246,3.1373378759766215,0.18496746524696836,5.003000000000001,0.21882346377819129
scene-0553,CAM_BACK_LEFT,23,0,car,0.5114504098892212,2.3440797808871268,22.669623440886525,0.9714578914776942,0.6972283430043715,0.5130098692941907,0.43141215216886786,-2.958788985555463,-0.9591689377573045,0.0,0.0,2.3440797808871268,22.669623440886525,0.9714578914776942,0.6972283430043715,0.5130098692941907,0.43141215216886786,-2.958788985555463,0.0,0.0,-0.9591689377573045
scene-0553,CAM_BACK_LEFT,23,1,car,0.96875,0.8487805234925776,3.4272115701952424,0.7820624619797629,4.567697037489831,1.5367140621122357,1.4220017596443868,-2.9197890699759155,0.04046761166099966,0.35579710144927534,3.4370000000000007,0.8487805234925776,3.4272115701952424,0.7820624619797629,4.567697037489831,1.5367140621122357,1.4220017596443868,-2.9197890699759155,0.35579710144927534,3.4370000000000007,0.04046761166099966
scene-0553,CAM_BACK_LEFT,23,2,car,0.6717948913574219,0.9705056303142037,22.62709605652452,1.0412909638307422,2.2739235376692712,1.017478054663826,0.8411783378714048,-2.972523912590017,-0.810866301330434,0.0375,0.06900000000000002,0.9705056303142037,22.62709605652452,1.0412909638307422,2.2739235376692712,1.017478054663826,0.8411783378714048,-2.972523912590017,0.0375,0.06900000000000002,-0.810866301330434
scene-0553,CAM_FRONT,24,0,car,0.9259259104728699,20.82998530899745,-6.877563958946109,1.1649253238507713,5.232482115955034,2.0172633161413316,1.6643622231799482,1.5915094127505187,-0.10401781033571023,0.036990950226244344,0.6540000000000001,20.82998530899745,-6.877563958946109,1.1649253238507713,5.232482115955034,2.0172633161413316,1.6643622231799482,1.5915094127505187,0.036990950226244344,0.6540000000000001,-0.10401781033571023
scene-0553,CAM_FRONT,24,1,car,0.8750000596046448,9.808248834784248,2.120074233029846,1.3979317445072992,0.6956857581633056,0.4169054404589816,0.3945143314055308,-3.0059098559602435,-1.199999287981551,0.4017857142857143,0.04500000000000001,9.808248834784248,2.120074233029846,1.3979317445072992,0.6956857581633056,0.4169054404589816,0.3945143314055308,-3.0059098559602435,0.4017857142857143,0.04500000000000001,-1.199999287981551
scene-0553,CAM_FRONT,24,2,car,0.6831682920455933,122.46568586788912,14.772608881787255,-1.1501940420694448,2.279358595822714,1.7188564474302646,0.7932166774873481,-2.9987949880436107,1.1001067550311059,0.0,0.0,122.46568586788912,14.772608881787255,-1.1501940420694448,2.279358595822714,1.7188564474302646,0.7932166774873481,-2.9987949880436107,0.0,0.0,1.1001067550311059
scene-0553,CAM_FRONT,24,0,truck,0.8083832263946533,58.20693196239264,4.93942091649573,0.8773385102344016,6.061450811627097,3.7376604493798213,3.8502631758813872,-3.1174681853901274,0.7348856799592522,0.0,0.0,58.20693196239264,4.93942091649573,0.8773385102344016,6.061450811627097,3.7376604493798213,3.8502631758813872,-3.1174681853901274,0.0,0.0,0.7348856799592522
scene-0553,CAM_FRONT_LEFT,24,0,car,0.9259259104728699,20.854796745475696,18.37688275744898,0.7268183366708207,4.3995188353038515,1.9858092367764542,1.4961701662325466,2.103044615067438,-0.27441100485726655,0.005833333333333334,0.07700000000000003,20.854796745475696,18.37688275744898,0.7268183366708207,4.3995188353038515,1.9858092367764542,1.4961701662325466,2.103044615067438,0.005833333333333334,0.07700000000000003,-0.27441100485726655
scene-0553,CAM_FRONT_LEFT,24,1,car,0.7887788414955139,2.4619465188275225,22.356620585274044,1.088941357145289,0.589502513280773,0.43870232079380855,0.5812505743143245,2.665832799392487,-0.8989566947497083,0.11805555555555555,0.017000000000000005,2.4619465188275225,22.356620585274044,1.088941357145289,0.589502513280773,0.43870232079380855,0.5812505743143245,2.665832799392487,0.11805555555555555,0.017000000000000005,-0.8989566947497083
scene-0553,CAM_FRONT_LEFT,24,2,car,0.9609756469726562,2.3250385124981605,3.243474429508331,0.7496234292496737,3.340863128570515,1.5697330540257162,1.0560010992968012,2.793936499505607,-0.11280226240232905,0.3665633608815427,2.1290000000000004,2.3250385124981605,3.243474429508331,0.7496234292496737,3.340863128570515,1.5697330540257162,1.0560010992968012,2.793936499505607,0.3665633608815427,2.1290000000000004,-0.11280226240232905
scene-0553,CAM_FRONT_LEFT,24,3,car,0.7299578189849854,38.6338120725589,62.77307844090622,0.8229863325427408,3.8080286627132622,2.4371951964755,1.7185951648600903,2.2271422482349585,0.04474673763449677,0.0,0.0,38.6338120725589,62.77307844090622,0.8229863325427408,3.8080286627132622,2.4371951964755,1.7185951648600903,2.2271422482349585,0.0,0.0,0.04474673763449677
scene-0553,CAM_FRONT_LEFT,24,4,car,0.7419355511665344,33.888969905589434,48.490049349342314,0.9090626188057093,2.459751443589721,1.4794913515638441,1.3578322612666238,2.4267941969475677,-0.43558334372697805,0.0,0.0,33.888969905589434,48.490049349342314,0.9090626188057093,2.459751443589721,1.4794913515638441,1.3578322612666238,2.4267941969475677,0.0,0.0,-0.43558334372697805
scene-0553,CAM_FRONT_LEFT,24,5,car,0.9024390578269958,38.033512904233895,46.43044576671632,0.9006913878216005,4.091829674363645,2.001618271863663,1.506753698440598,1.6733333969747417,-0.2735628833803161,0.012439024390243903,0.15300000000000005,38.033512904233895,46.43044576671632,0.9006913878216005,4.091829674363645,2.001618271863663,1.506753698440598,1.6733333969747417,0.012439024390243903,0.15300000000000005,-0.2735628833803161
scene-0553,CAM_FRONT_LEFT,24,6,car,0.7655677795410156,28.039083453895106,49.16940960391709,1.4663431058678702,2.8957573293631143,1.4131412336304976,1.2639301767662898,2.4403865995577863,-0.8552779689427026,0.0034103827207275484,0.018000000000000006,28.039083453895106,49.16940960391709,1.4663431058678702,2.8957573293631143,1.4131412336304976,1.2639301767662898,2.4403865995577863,0.0034103827207275484,0.018000000000000006,-0.8552779689427026
scene-0553,CAM_FRONT_RIGHT,24,0,car,0.7928802371025085,16.263860553460162,-45.88371215266745,1.9082909679248137,2.0600934685474144,0.9599016645160301,0.7095638987714852,1.777062491252997,-0.6959851599918605,0.0,0.0,16.263860553460162,-45.88371215266745,1.9082909679248137,2.0600934685474144,0.9599016645160301,0.7095638987714852,1.777062491252997,0.0,0.0,-0.6959851599918605
scene-0553,CAM_FRONT_RIGHT,24,1,car,0.9375000596046448,20.544542626776213,-20.826944391468754,1.8517077581442254,3.8535217631468583,1.7267519166049787,1.2647412786987544,-2.375661985499452,-0.6455763708853022,0.0030165912518853697,0.026000000000000006,20.544542626776213,-20.826944391468754,1.8517077581442254,3.8535217631468583,1.7267519166049787,1.2647412786987544,-2.375661985499452,0.0030165912518853697,0.026000000000000006,-0.6455763708853022
scene-0553,CAM_FRONT_RIGHT,24,2,car,0.921951174736023,32.37173469976558,-48.78969126387137,1.5786272938386123,6.094241840102683,2.7072833150110327,2.0813314190216405,1.602462447518333,0.4225930154341708,0.0,0.0,32.37173469976558,-48.78969126387137,1.5786272938386123,6.094241840102683,2.7072833150110327,2.0813314190216405,1.602462447518333,0.0,0.0,0.4225930154341708
scene-0553,CAM_FRONT_RIGHT,24,3,car,0.859649121761322,21.47203236359119,-54.06108703398992,2.1390335904256976,3.6935358343546625,1.714018524517055,1.2367856220634923,1.549320813560808,-0.5436815508783264,0.0,0.0,21.47203236359119,-54.06108703398992,2.1390335904256976,3.6935358343546625,1.714018524517055,1.2367856220634923,1.549320813560808,0.0,0.0,-0.5436815508783264
scene-0553,CAM_FRONT_RIGHT,24,0,truck,0.5395683646202087,18.245585599982654,-32.77870132843971,2.316462555310722,4.157396018082608,1.9049292511888716,1.6749149346014527,1.6776455328815407,-0.754463006653947,0.0,0.0,18.245585599982654,-32.77870132843971,2.316462555310722,4.157396018082608,1.9049292511888716,1.6749149346014527,1.6776455328815407,0.0,0.0,-0.754463006653947
scene-0553,CAM_BACK,24,0,truck,0.976608157157898,-10.702940284246868,3.6843897852708745,1.7936222441267147,13.909070318774225,3.5048292508650007,5.127854906192264,-3.050866120720454,0.7448047475102573,0.0631723192874272,15.674000000000003,-10.702940284246868,3.6843897852708745,1.7936222441267147,13.909070318774225,3.5048292508650007,5.127854906192264,-3.050866120720454,0.0631723192874272,15.674000000000003,0.7448047475102573
scene-0553,CAM_BACK,24,1,truck,0.9064327478408813,-6.670103610248609,0.1975135790480647,0.8773976234267014,4.566767170928948,2.9674655947044006,2.352441697829556,3.1296478912410497,0.2729913175004821,0.19106280193236716,6.328000000000001,-6.670103610248609,0.1975135790480647,0.8773976234267014,4.566767170928948,2.9674655947044006,2.352441697829556,3.1296478912410497,0.19106280193236716,6.328000000000001,0.2729913175004821
scene-0553,CAM_BACK_LEFT,24,0,car,0.5276752710342407,-3.9396539507647144,4.580049634520376,0.4855332269839615,0.49886621852601465,0.13122395022945704,0.48559523994896403,2.282754907529598,-0.25392083583409497,0.64,0.016000000000000004,-3.9396539507647144,4.580049634520376,0.4855332269839615,0.49886621852601465,0.13122395022945704,0.48559523994896403,2.282754907529598,0.64,0.016000000000000004,-0.25392083583409497
scene-0553,CAM_BACK_LEFT,24,1,car,0.5631399154663086,2.300127341041289,22.607293982083583,1.0151320869195448,0.5080175791770785,0.20108059118854626,0.5089063929829054,2.5269714978009152,-0.769330042681243,0.0,0.0,2.300127341041289,22.607293982083583,1.0151320869195448,0.5080175791770785,0.20108059118854626,0.5089063929829054,2.5269714978009152,0.0,0.0,-0.769330042681243
scene-0553,CAM_BACK_LEFT,24,2,car,0.96875,0.8152842445498918,3.4161318149604396,0.7737174101459959,4.564946243016919,1.5284197440038674,1.434983452600538,-2.923530538718,0.1578739766700583,0.35973084886128365,3.4750000000000005,0.8152842445498918,3.4161318149604396,0.7737174101459959,4.564946243016919,1.5284197440038674,1.434983452600538,-2.923530538718,0.35973084886128365,3.4750000000000005,0.1578739766700583
scene-0553,CAM_BACK_LEFT,24,3,car,0.7064220309257507,1.0872366724324916,22.634271301377733,1.0114557835698423,2.3704722007759447,1.079631184889461,0.8749596951301678,-3.0063462466740876,-0.5580762330981499,0.032407407407407406,0.07700000000000003,1.0872366724324916,22.634271301377733,1.0114557835698423,2.3704722007759447,1.079631184889461,0.8749596951301678,-3.0063462466740876,0.032407407407407406,0.07700000000000003,-0.5580762330981499
scene-0553,CAM_FRONT,25,0,car,0.8518518805503845,45.37865185037248,11.42228955609897,0.7412802531631177,4.024517874116874,2.2422307366582537,2.0263378562823164,-3.0148292333711058,0.06897574830415132,0.0,0.0,45.37865185037248,11.42228955609897,0.7412802531631177,4.024517874116874,2.2422307366582537,2.0263378562823164,-3.0148292333711058,0.0,0.0,0.06897574830415132
scene-0553,CAM_FRONT,25,1,car,0.8904109597206116,20.513574473871454,-10.694680721063781,1.1015870325574102,4.806606767330278,1.9417561877789815,1.584699934003876,1.570874823009875,0.018829879520516624,0.022478070175438597,0.3280000000000001,20.513574473871454,-10.694680721063781,1.1015870325574102,4.806606767330278,1.9417561877789815,1.584699934003876,1.570874823009875,0.022478070175438597,0.3280000000000001,0.018829879520516624
scene-0553,CAM_FRONT,25,2,car,0.8987342119216919,20.375253192644966,12.171750533806163,0.46343944048771113,2.595722865723207,1.1983281915364792,0.9733732636031194,1.5107756651312305,-0.18898393809403413,0.023076923076923078,0.07200000000000002,20.375253192644966,12.171750533806163,0.46343944048771113,2.595722865723207,1.1983281915364792,0.9733732636031194,1.5107756651312305,0.023076923076923078,0.07200000000000002,-0.18898393809403413
scene-0553,CAM_FRONT,25,3,car,0.8632478713989258,49.22122867520235,14.388367155597376,0.7774802173362614,3.0022543276486715,1.8130633042052962,1.6024577429842242,-2.9708953383580328,-0.19707710740077466,0.0,0.0,49.22122867520235,14.388367155597376,0.7774802173362614,3.0022543276486715,1.8130633042052962,1.6024577429842242,-2.9708953383580328,0.0,0.0,-0.19707710740077466
scene-0553,CAM_FRONT,25,4,car,0.6363636255264282,125.00901318357528,15.632554973397054,-0.877430904261038,1.7024565038915398,1.7093477699813775,0.7377103759249621,1.2996042510228851,0.9952439646142661,0.0,0.0,125.00901318357528,15.632554973397054,-0.877430904261038,1.7024565038915398,1.7093477699813775,0.7377103759249621,1.2996042510228851,0.0,0.0,0.9952439646142661
scene-0553,CAM_FRONT,25,0,truck,0.8400000333786011,62.74663145893847,5.601158165711751,0.9572834411708249,5.794301716992564,3.4876452153519573,3.6427038647506778,-3.0985116379242545,0.6394930014450688,0.0,0.0,62.74663145893847,5.601158165711751,0.9572834411708249,5.794301716992564,3.4876452153519573,3.6427038647506778,-3.0985116379242545,0.0,0.0,0.6394930014450688
scene-0553,CAM_FRONT,25,0,construction vehicle,0.5395683646202087,6.54138990277216,-3.621565996464323,1.1680873870330508,1.250589027036022,0.29509837801942385,1.9906964495077961,2.490280339540858,-0.09506510121920098,0.5820512820512821,0.4540000000000001,6.54138990277216,-3.621565996464323,1.1680873870330508,1.250589027036022,0.29509837801942385,1.9906964495077961,2.490280339540858,0.5820512820512821,0.4540000000000001,-0.09506510121920098
scene-0553,CAM_FRONT_LEFT,25,0,car,0.9452055096626282,34.11366020529395,23.5302492313353,-0.183954201143543,8.2539348964366,3.7541375169775577,2.8373366585791677,1.9186697393188457,1.3968380605902162,0.002468520699338708,0.21800000000000005,34.11366020529395,23.5302492313353,-0.183954201143543,8.2539348964366,3.7541375169775577,2.8373366585791677,1.9186697393188457,0.002468520699338708,0.21800000000000005,1.3968380605902162
scene-0553,CAM_FRONT_LEFT,25,1,car,0.7538461089134216,2.4012463938001565,22.6139748859232,1.3263001626043156,0.9611547551152411,0.6213004110529994,0.44297514490761203,-2.9817234273834963,-1.207211388020192,0.0375,0.009000000000000001,2.4012463938001565,22.6139748859232,1.3263001626043156,0.9611547551152411,0.6213004110529994,0.44297514490761203,-2.9817234273834963,0.0375,0.009000000000000001,-1.207211388020192
scene-0553,CAM_FRONT_LEFT,25,2,car,0.7387754917144775,39.06770999989015,63.28206231632365,0.5521348539118911,3.1688745949914505,3.1694139085443482,1.0753586825450858,1.033200833062625,-0.26464156853801457,0.0,0.0,39.06770999989015,63.28206231632365,0.5521348539118911,3.1688745949914505,3.1694139085443482,1.0753586825450858,1.033200833062625,0.0,0.0,-0.26464156853801457
scene-0553,CAM_FRONT_LEFT,25,3,car,0.9609756469726562,2.341692563146717,3.2864011701250755,0.7771372426059407,3.225183549093458,1.5135000657003963,1.0430983087862649,2.778054855217076,-0.06751250105937356,0.38208333333333333,1.8340000000000003,2.341692563146717,3.2864011701250755,0.7771372426059407,3.225183549093458,1.5135000657003963,1.0430983087862649,2.778054855217076,0.38208333333333333,1.8340000000000003,-0.06751250105937356
scene-0553,CAM_FRONT_LEFT,25,4,car,0.9024390578269958,38.07543510927,46.44218832261869,0.8070052167629981,4.1694171727416105,2.0475378718696575,1.540676526931844,1.6106457150405435,-0.37030496570628624,0.003015873015873016,0.03800000000000001,38.07543510927,46.44218832261869,0.8070052167629981,4.1694171727416105,2.0475378718696575,1.540676526931844,1.6106457150405435,0.003015873015873016,0.03800000000000001,-0.37030496570628624
scene-0553,CAM_FRONT_LEFT,25,5,car,0.7852349281311035,34.78744574001822,49.78707973198594,0.7686340681750199,2.532559453543403,1.5348166707219306,1.3565588400414161,2.2325683279381603,-0.43970215014749114,0.0007619047619047619,0.004000000000000001,34.78744574001822,49.78707973198594,0.7686340681750199,2.532559453543403,1.5348166707219306,1.3565588400414161,2.2325683279381603,0.0007619047619047619,0.004000000000000001,-0.43970215014749114
scene-0553,CAM_FRONT_LEFT,25,6,car,0.7697842121124268,29.30549199843747,51.38592203345415,1.3727712581286093,3.1696989134783653,2.1198365771905827,1.2534719356760435,2.4179665165239763,-0.9685127263562614,0.00022893772893772894,0.0020000000000000005,29.30549199843747,51.38592203345415,1.3727712581286093,3.1696989134783653,2.1198365771905827,1.2534719356760435,2.4179665165239763,0.00022893772893772894,0.0020000000000000005,-0.9685127263562614
scene-0553,CAM_FRONT_RIGHT,25,0,car,0.941605806350708,24.291639632430883,-27.4862696036358,1.8667132900201204,4.612040570488208,2.060284445340624,1.4982252779355218,1.5792494596910036,-0.46468040492809193,0.00020703933747412008,0.003000000000000001,24.291639632430883,-27.4862696036358,1.8667132900201204,4.612040570488208,2.060284445340624,1.4982252779355218,1.5792494596910036,0.00020703933747412008,0.003000000000000001,-0.46468040492809193
scene-0553,CAM_FRONT_RIGHT,25,1,car,0.7344398498535156,15.706768949054867,-45.138070160112434,1.654334483865807,2.0889610826017986,1.2763655844685822,1.0235243185021057,1.7477715861688727,-0.30378613982700386,0.0,0.0,15.706768949054867,-45.138070160112434,1.654334483865807,2.0889610826017986,1.2763655844685822,1.0235243185021057,1.7477715861688727,0.0,0.0,-0.30378613982700386
scene-0553,CAM_FRONT_RIGHT,25,2,car,0.9452055096626282,20.87687927301965,-11.006455394315559,1.4181808113304855,5.091077499703351,2.1577787488990765,1.5379319734777033,1.5872500981757585,-0.40466966286754324,0.014141414141414142,0.2380000000000001,20.87687927301965,-11.006455394315559,1.4181808113304855,5.091077499703351,2.1577787488990765,1.5379319734777033,1.5872500981757585,0.014141414141414142,0.2380000000000001,-0.40466966286754324
scene-0553,CAM_FRONT_RIGHT,25,3,car,0.9101123809814453,24.526256680878824,-37.85244121362526,1.8061170913969584,4.198028083437244,1.9245859661009384,1.452478931747548,1.688132263566881,-0.22960997682628514,0.0,0.0,24.526256680878824,-37.85244121362526,1.8061170913969584,4.198028083437244,1.9245859661009384,1.452478931747548,1.688132263566881,0.0,0.0,-0.22960997682628514
scene-0553,CAM_FRONT_RIGHT,25,4,car,0.8787879347801208,22.726500055812824,-57.50485036616289,2.060680556357193,4.125221342282003,1.9037870225028293,1.3728841469713227,1.6015074670729454,-0.24558853284406568,0.0,0.0,22.726500055812824,-57.50485036616289,2.060680556357193,4.125221342282003,1.9037870225028293,1.3728841469713227,1.6015074670729454,0.0,0.0,-0.24558853284406568
scene-0553,CAM_FRONT_RIGHT,25,0,truck,0.5428571701049805,17.883801683526556,-63.08054958346993,2.945877555989491,5.106118408409614,3.162895413172568,3.24789581240411,1.8076207443816739,-0.18538041539717742,0.0,0.0,17.883801683526556,-63.08054958346993,2.945877555989491,5.106118408409614,3.162895413172568,3.24789581240411,1.8076207443816739,0.0,0.0,-0.18538041539717742
scene-0553,CAM_FRONT_RIGHT,25,1,truck,0.6831682920455933,18.27483648008087,-33.2924761264141,2.215183496080364,3.836206776815942,1.9999563722526172,1.6859060665560768,1.7338632340886289,-0.67247980095235,0.0,0.0,18.27483648008087,-33.2924761264141,2.215183496080364,3.836206776815942,1.9999563722526172,1.6859060665560768,1.7338632340886289,0.0,0.0,-0.67247980095235
scene-0553,CAM_BACK,25,0,truck,0.9726027250289917,-10.784478359133791,3.559394122633725,1.7794147057042744,13.759295819854831,3.534465404250325,4.772124610990492,-3.060789411991096,0.5960694293722322,0.0704968944099379,16.344000000000005,-10.784478359133791,3.559394122633725,1.7794147057042744,13.759295819854831,3.534465404250325,4.772124610990492,-3.060789411991096,0.0704968944099379,16.344000000000005,0.5960694293722322
scene-0553,CAM_BACK,25,1,truck,0.8750000596046448,-6.689040743295227,0.18677915444512266,0.877446333793924,4.455100155924798,2.8965759939731317,2.2851991008533075,-3.138890522802186,0.2419691108788311,0.16874895885390637,5.065000000000001,-6.689040743295227,0.18677915444512266,0.877446333793924,4.455100155924798,2.8965759939731317,2.2851991008533075,-3.138890522802186,0.16874895885390637,5.065000000000001,0.2419691108788311
scene-0553,CAM_BACK_LEFT,25,0,car,0.7264957427978516,1.0646369849449226,22.62674567573796,0.9775360988994191,2.3826458443421727,1.098987653208809,0.8782994306966394,-3.001798809807969,-0.6949088512835289,0.022306397306397305,0.05300000000000001,1.0646369849449226,22.62674567573796,0.9775360988994191,2.3826458443421727,1.098987653208809,0.8782994306966394,-3.001798809807969,0.022306397306397305,0.05300000000000001,-0.6949088512835289
scene-0553,CAM_BACK_LEFT,25,1,car,0.5704697966575623,2.3146411724042064,22.64014558190897,1.0403892187672672,0.640059972172967,0.428875684753335,0.449518506679514,1.440848841255252,-0.9719615641862077,0.010416666666666666,0.0010000000000000002,2.3146411724042064,22.64014558190897,1.0403892187672672,0.640059972172967,0.428875684753335,0.449518506679514,1.440848841255252,0.010416666666666666,0.0010000000000000002,-0.9719615641862077
scene-0553,CAM_BACK_LEFT,25,2,car,0.9649122953414917,0.820833352983091,3.414908859024695,0.7873989925880955,4.612322692706869,1.5509099215312063,1.452207090547101,-2.9303482823189184,-0.013083917463585282,0.3457427536231884,3.817000000000001,0.820833352983091,3.414908859024695,0.7873989925880955,4.612322692706869,1.5509099215312063,1.452207090547101,-2.9303482823189184,0.3457427536231884,3.817000000000001,-0.013083917463585282
scene-0553,CAM_FRONT,26,0,car,0.8865247964859009,50.46059346151157,15.080934169116162,0.5287943017492616,3.328234493977291,1.9646355733414502,1.6573835342728347,-2.9624580725064678,0.235448199787905,0.0,0.0,50.46059346151157,15.080934169116162,0.5287943017492616,3.328234493977291,1.9646355733414502,1.6573835342728347,-2.9624580725064678,0.0,0.0,0.235448199787905
scene-0553,CAM_FRONT,26,1,car,0.8987342119216919,47.835828621798136,12.143146036038418,0.8286949654313516,4.0482234577995655,2.537775548201666,1.951009151276014,-3.051334731981361,-0.05834899596495258,0.0,0.0,47.835828621798136,12.143146036038418,0.8286949654313516,4.0482234577995655,2.537775548201666,1.951009151276014,-3.051334731981361,0.0,0.0,-0.05834899596495258
scene-0553,CAM_FRONT,26,2,car,0.9179486632347107,20.868050625033714,9.801947388350289,0.7824784270535151,4.758797938023886,2.1635656522563593,1.5456174273982872,1.7229392081435204,-0.1044328582051024,0.026515151515151516,0.4200000000000001,20.868050625033714,9.801947388350289,0.7824784270535151,4.758797938023886,2.1635656522563593,1.5456174273982872,1.7229392081435204,0.026515151515151516,0.4200000000000001,-0.1044328582051024
scene-0553,CAM_FRONT,26,3,car,0.5276752710342407,48.53546120873918,-28.930978277085586,1.686228083969509,1.8892867103162203,1.781046650374705,0.5824507892065258,1.8355678323485463,-0.8622613811539659,0.0,0.0,48.53546120873918,-28.930978277085586,1.686228083969509,1.8892867103162203,1.781046650374705,0.5824507892065258,1.8355678323485463,0.0,0.0,-0.8622613811539659
scene-0553,CAM_FRONT,26,0,truck,0.8048780560493469,65.35861752754359,5.947232504820109,0.6716566143592422,5.589067672257265,2.999526149378044,3.6073104065320676,-3.0895348792418535,0.6720752619376449,0.0,0.0,65.35861752754359,5.947232504820109,0.6716566143592422,5.589067672257265,2.999526149378044,3.6073104065320676,-3.0895348792418535,0.0,0.0,0.6720752619376449
scene-0553,CAM_FRONT_LEFT,26,0,car,0.7697842121124268,2.4455626920209785,22.648911453384457,1.2859522532340648,1.0315490441902462,0.6658976615963059,0.5407458597636012,1.1231872632437252,-1.298160235465454,0.03428571428571429,0.012000000000000004,2.4455626920209785,22.648911453384457,1.2859522532340648,1.0315490441902462,0.6658976615963059,0.5407458597636012,1.1231872632437252,0.03428571428571429,0.012000000000000004,-1.298160235465454
scene-0553,CAM_FRONT_LEFT,26,1,car,0.9569892287254333,2.367222370484064,3.2613562859672585,0.7674331286581542,3.183069683211308,1.4513245983724703,0.994777801305891,2.822361574764742,-0.1562383081195733,0.384375,1.8450000000000004,2.367222370484064,3.2613562859672585,0.7674331286581542,3.183069683211308,1.4513245983724703,0.994777801305891,2.822361574764742,0.384375,1.8450000000000004,-0.1562383081195733
scene-0553,CAM_FRONT_LEFT,26,2,car,0.8048780560493469,39.53747776599045,63.58329835373387,0.7239653153089349,4.17686466963697,2.9937632488912884,1.5105096847775719,0.9767403703800499,-0.3710358348872358,0.0,0.0,39.53747776599045,63.58329835373387,0.7239653153089349,4.17686466963697,2.9937632488912884,1.5105096847775719,0.9767403703800499,0.0,0.0,-0.3710358348872358
scene-0553,CAM_FRONT_LEFT,26,3,car,0.9139785170555115,20.793103518222576,9.559796857707465,0.8359552039268686,4.251949635083337,1.9164098008772967,1.5749579885792506,1.545888420929845,-0.22047640919359401,0.028151774785801713,0.36800000000000005,20.793103518222576,9.559796857707465,0.8359552039268686,4.251949635083337,1.9164098008772967,1.5749579885792506,1.545888420929845,0.028151774785801713,0.36800000000000005,-0.22047640919359401
scene-0553,CAM_FRONT_LEFT,26,4,car,0.7770034670829773,34.53102439917037,49.28089857898262,0.8270993993778099,2.444980723504788,1.4758911643574066,1.240120225696008,2.172720513591154,-0.6123070019839074,0.0011574074074074073,0.005000000000000001,34.53102439917037,49.28089857898262,0.8270993993778099,2.444980723504788,1.4758911643574066,1.240120225696008,2.172720513591154,0.0011574074074074073,0.005000000000000001,-0.6123070019839074
scene-0553,CAM_FRONT_LEFT,26,5,car,0.8947368264198303,37.976394886964385,46.44327621832244,0.9251059656375145,4.129319704389019,2.0924850216372732,1.529052199338457,1.677047237771266,-0.5843206999660124,0.014014711575687186,0.18100000000000005,37.976394886964385,46.44327621832244,0.9251059656375145,4.129319704389019,2.0924850216372732,1.529052199338457,1.677047237771266,0.014014711575687186,0.18100000000000005,-0.5843206999660124
scene-0553,CAM_FRONT_LEFT,26,6,car,0.7887788414955139,27.440544425040116,47.951873625009384,1.3408623271344082,2.9290676185452655,1.369146033004263,1.1187573043243515,2.5030763781665484,-1.1470911750485264,0.0,0.0,27.440544425040116,47.951873625009384,1.3408623271344082,2.9290676185452655,1.369146033004263,1.1187573043243515,2.5030763781665484,0.0,0.0,-1.1470911750485264
scene-0553,CAM_FRONT_RIGHT,26,0,car,0.8241757750511169,22.9761523837952,-60.17396784203924,2.0683818808949397,4.253100897010057,1.9657024032498178,1.4177042152921522,1.5714830045872208,-0.20944730426235236,0.0,0.0,22.9761523837952,-60.17396784203924,2.0683818808949397,4.253100897010057,1.9657024032498178,1.4177042152921522,1.5714830045872208,0.0,0.0,-0.20944730426235236
scene-0553,CAM_FRONT_RIGHT,26,1,car,0.9336099624633789,22.57807853634744,-27.558832688931716,1.8338161755228803,4.32536107437603,1.8381227208613282,1.355520545687586,1.574396851357711,-0.45292446537745157,0.0012919896640826874,0.014000000000000004,22.57807853634744,-27.558832688931716,1.8338161755228803,4.32536107437603,1.8381227208613282,1.355520545687586,1.574396851357711,0.0012919896640826874,0.014000000000000004,-0.45292446537745157
scene-0553,CAM_FRONT_RIGHT,26,2,car,0.941605806350708,21.017808900360045,-14.564778774937306,1.551512564713241,5.241538193763491,2.194813519810687,1.4923583070949458,1.642157198286928,-0.36059839076667455,0.025815850815850815,0.44300000000000006,21.017808900360045,-14.564778774937306,1.551512564713241,5.241538193763491,2.194813519810687,1.4923583070949458,1.642157198286928,0.025815850815850815,0.44300000000000006,-0.36059839076667455
scene-0553,CAM_FRONT_RIGHT,26,3,car,0.6908212304115295,5.184314232159797,-24.06846597392709,0.14878312053820597,0.5515422930543856,0.37347021622222343,0.3147099675069778,-3.1296328187965,0.42094734315188265,0.0,0.0,5.184314232159797,-24.06846597392709,0.14878312053820597,0.5515422930543856,0.37347021622222343,0.3147099675069778,-3.1296328187965,0.0,0.0,0.42094734315188265
scene-0553,CAM_FRONT_RIGHT,26,4,car,0.8987342119216919,18.444215473957367,-29.488964449183506,1.9757964608475842,2.9893422393228875,1.3729410625955438,1.0133199629802836,1.3077874476536737,-0.7916185884272666,0.0,0.0,18.444215473957367,-29.488964449183506,1.9757964608475842,2.9893422393228875,1.3729410625955438,1.0133199629802836,1.3077874476536737,0.0,0.0,-0.7916185884272666
scene-0553,CAM_BACK,26,0,truck,0.9726027250289917,-10.623597184740147,3.695636045139932,1.711942958923004,13.64358555560371,3.38164221496938,5.094056158813949,-3.0570380199077984,0.858966824099159,0.06226677522219961,14.684000000000005,-10.623597184740147,3.695636045139932,1.711942958923004,13.64358555560371,3.38164221496938,5.094056158813949,-3.0570380199077984,0.06226677522219961,14.684000000000005,0.858966824099159
scene-0553,CAM_BACK,26,1,truck,0.9064327478408813,-6.650891623469317,0.18375212532421373,0.8737413425338899,4.47293984203638,2.859484144861323,2.3440505518931616,3.14131685640539,0.2847030449029405,0.17367982675329002,5.213000000000001,-6.650891623469317,0.18375212532421373,0.8737413425338899,4.47293984203638,2.859484144861323,2.3440505518931616,3.14131685640539,0.17367982675329002,5.213000000000001,0.2847030449029405
scene-0553,CAM_BACK_LEFT,26,0,car,0.6683937907218933,1.0503480932108566,22.606703722491186,1.0522051025990695,2.3395052525869606,1.062733648028722,0.8615213165622821,-3.0278678329611575,-0.9588395461035882,0.03908651734738691,0.08900000000000002,1.0503480932108566,22.606703722491186,1.0522051025990695,2.3395052525869606,1.062733648028722,0.8615213165622821,-3.0278678329611575,0.03908651734738691,0.08900000000000002,-0.9588395461035882
scene-0553,CAM_BACK_LEFT,26,1,car,0.518796980381012,2.319735933180658,22.67251949383208,1.002679940743151,0.5650893492192695,0.498903169052916,0.40927841846839785,2.978748062457916,-1.1367564040019331,0.0,0.0,2.319735933180658,22.67251949383208,1.002679940743151,0.5650893492192695,0.498903169052916,0.40927841846839785,2.978748062457916,0.0,0.0,-1.1367564040019331
scene-0553,CAM_BACK_LEFT,26,2,car,0.9569892287254333,0.7918032553964184,3.426479788119156,0.7843576093668294,4.510879747517306,1.5248654941740987,1.419111272908832,-2.912970131514379,-0.045508525179488,0.3593650793650794,3.3960000000000012,0.7918032553964184,3.426479788119156,0.7843576093668294,4.510879747517306,1.5248654941740987,1.419111272908832,-2.912970131514379,0.3593650793650794,3.3960000000000012,-0.045508525179488
scene-0553,CAM_FRONT,27,0,car,0.8083832263946533,20.21251309016887,3.697726412815519,0.8443424570616859,4.098835109949349,1.843496150256474,1.4088764699241454,1.5856711473811156,-0.1967390539334526,0.032617111885404566,0.3370000000000001,20.21251309016887,3.697726412815519,0.8443424570616859,4.098835109949349,1.843496150256474,1.4088764699241454,1.5856711473811156,0.032617111885404566,0.3370000000000001,-0.1967390539334526
scene-0553,CAM_FRONT,27,1,car,0.5775577425956726,110.48022711260974,14.194841388086761,-1.2156539266802129,1.388765425685306,1.4038198726924378,0.871755978581731,1.670899085229597,0.9211862495625396,0.0,0.0,110.48022711260974,14.194841388086761,-1.2156539266802129,1.388765425685306,1.4038198726924378,0.871755978581731,1.670899085229597,0.0,0.0,0.9211862495625396
scene-0553,CAM_FRONT,27,0,truck,0.5508772134780884,71.89135055464833,6.560310361022366,1.1050265903238183,6.772639155971689,4.009588574716605,3.9756928988090445,-3.097926127925393,0.40592446713963337,0.0,0.0,71.89135055464833,6.560310361022366,1.1050265903238183,6.772639155971689,4.009588574716605,3.9756928988090445,-3.097926127925393,0.0,0.0,0.40592446713963337
scene-0553,CAM_FRONT,27,0,construction vehicle,0.5241636037826538,28.996977013869945,-5.308365666914337,4.184727318928399,1.9248753219015171,0.3858084657363907,1.9421303887839478,-2.854238223014467,-3.1152625599125923,0.0,0.0,28.996977013869945,-5.308365666914337,4.184727318928399,1.9248753219015171,0.3858084657363907,1.9421303887839478,-2.854238223014467,0.0,0.0,-3.1152625599125923
scene-0553,CAM_FRONT_LEFT,27,0,car,0.7655677795410156,2.4862089911351593,22.42263236860433,1.1472005063750235,0.7083447520040984,0.5438370010693259,0.628212732873477,1.91016556108431,-1.0822216024445792,0.1,0.021000000000000005,2.4862089911351593,22.42263236860433,1.1472005063750235,0.7083447520040984,0.5438370010693259,0.628212732873477,1.91016556108431,0.1,0.021000000000000005,-1.0822216024445792
scene-0553,CAM_FRONT_LEFT,27,1,car,0.9609756469726562,2.37197823000907,3.232349146071332,0.7256516625123095,3.231135234184129,1.5170555972890183,1.054410001434305,2.7978900673676277,-0.03342278357841355,0.3640151515151515,1.9220000000000004,2.37197823000907,3.232349146071332,0.7256516625123095,3.231135234184129,1.5170555972890183,1.054410001434305,2.7978900673676277,0.3640151515151515,1.9220000000000004,-0.03342278357841355
scene-0553,CAM_FRONT_LEFT,27,2,car,0.7460317611694336,39.18651130178985,63.06697228324684,0.8580616262533026,3.5003438253958414,3.498659499237988,1.063915259240258,3.0222436207311993,-0.7668736094223276,0.0,0.0,39.18651130178985,63.06697228324684,0.8580616262533026,3.5003438253958414,3.498659499237988,1.063915259240258,3.0222436207311993,0.0,0.0,-0.7668736094223276
scene-0553,CAM_FRONT_LEFT,27,3,car,0.7887788414955139,29.877617558686012,52.30703972652307,1.3611366815587613,3.382086283128608,1.5537188639928132,1.375557158957641,2.046076333461809,-1.0505113198724518,0.0,0.0,29.877617558686012,52.30703972652307,1.3611366815587613,3.382086283128608,1.5537188639928132,1.375557158957641,2.046076333461809,0.0,0.0,-1.0505113198724518
scene-0553,CAM_FRONT_LEFT,27,4,car,0.7770034670829773,35.23980955096153,50.33889113747511,0.7135677095410139,2.4883387668279493,1.5100319882191897,1.352733806090732,2.27645685926668,-0.44219356572340063,0.0007619047619047619,0.004000000000000001,35.23980955096153,50.33889113747511,0.7135677095410139,2.4883387668279493,1.5100319882191897,1.352733806090732,2.27645685926668,0.0007619047619047619,0.004000000000000001,-0.44219356572340063
scene-0553,CAM_FRONT_LEFT,27,5,car,0.8987342119216919,37.98957543795418,46.53486287810352,0.8650232979305815,4.01970843588029,2.00328488270911,1.493615445089233,1.681910804957827,-0.5283019687422883,0.0015833333333333333,0.019000000000000006,37.98957543795418,46.53486287810352,0.8650232979305815,4.01970843588029,2.00328488270911,1.493615445089233,1.681910804957827,0.0015833333333333333,0.019000000000000006,-0.5283019687422883
scene-0553,CAM_FRONT_RIGHT,27,0,car,0.8476190567016602,23.134731837356107,-61.80833032697198,1.9778002020613892,4.504253696208437,2.0540067370079917,1.4962417933911658,1.630964467277878,-0.20253380041432933,0.0,0.0,23.134731837356107,-61.80833032697198,1.9778002020613892,4.504253696208437,2.0540067370079917,1.4962417933911658,1.630964467277878,0.0,0.0,-0.20253380041432933
scene-0553,CAM_FRONT_RIGHT,27,1,car,0.9064327478408813,18.528228422092667,-30.915585693567294,1.9865772380039206,3.3561495473201113,1.5441195499462772,1.098180207932326,1.3383315740155597,-0.8630369988067397,0.0,0.0,18.528228422092667,-30.915585693567294,1.9865772380039206,3.3561495473201113,1.5441195499462772,1.098180207932326,1.3383315740155597,0.0,0.0,-0.8630369988067397
scene-0553,CAM_FRONT_RIGHT,27,2,car,0.9336099624633789,23.231159356909174,-30.63508178024766,1.7285131832942287,4.646502513486755,1.8466783679152172,1.4229758410245186,1.6152286243823513,-0.455227524706713,0.0007763975155279503,0.009000000000000001,23.231159356909174,-30.63508178024766,1.7285131832942287,4.646502513486755,1.8466783679152172,1.4229758410245186,1.6152286243823513,0.0007763975155279503,0.009000000000000001,-0.455227524706713
scene-0553,CAM_FRONT_RIGHT,27,3,car,0.6213017702102661,-5.70609506621055,4.469197040340353,0.07747123598217176,0.1348140103562292,0.13193949053749954,0.15729889970934763,2.2535169898064775,-0.009972474060466086,0.0,0.0,-5.70609506621055,4.469197040340353,0.07747123598217176,0.1348140103562292,0.13193949053749954,0.15729889970934763,2.2535169898064775,0.0,0.0,-0.009972474060466086
scene-0553,CAM_FRONT_RIGHT,27,4,car,0.949367105960846,21.391434368157412,-17.929165297804843,1.6277845957681047,5.077302414732586,2.1594208577314866,1.5270386242337561,1.6667620309732758,-0.48897787005411975,0.014854426619132501,0.25000000000000006,21.391434368157412,-17.929165297804843,1.6277845957681047,5.077302414732586,2.1594208577314866,1.5270386242337561,1.6667620309732758,0.014854426619132501,0.25000000000000006,-0.48897787005411975
scene-0553,CAM_FRONT_RIGHT,27,5,car,0.7697842121124268,5.058734436111647,-8.716318910091983,1.5518226044331518,0.5329455236919269,0.34317064477761283,0.270445244933728,1.7448521537893795,-1.1505369474318334,0.26666666666666666,0.012000000000000004,5.058734436111647,-8.716318910091983,1.5518226044331518,0.5329455236919269,0.34317064477761283,0.270445244933728,1.7448521537893795,0.26666666666666666,0.012000000000000004,-1.1505369474318334
scene-0553,CAM_FRONT_RIGHT,27,6,car,0.5631399154663086,5.400969918912297,-8.297547261600636,1.5587566376339326,0.3600232910052181,0.2547022065681539,0.13148412290980027,2.039623701472487,-1.2343746445002606,0.0,0.0,5.400969918912297,-8.297547261600636,1.5587566376339326,0.3600232910052181,0.2547022065681539,0.13148412290980027,2.039623701472487,0.0,0.0,-1.2343746445002606
scene-0553,CAM_BACK,27,0,truck,0.9726027250289917,-10.35286298480841,3.614627874669192,1.6028889032789742,13.348220630206768,3.3991715785469054,5.080118578834357,-3.033061089933538,0.9300864448871649,0.07301558394255535,16.839000000000002,-10.35286298480841,3.614627874669192,1.6028889032789742,13.348220630206768,3.3991715785469054,5.080118578834357,-3.033061089933538,0.07301558394255535,16.839000000000002,0.9300864448871649
scene-0553,CAM_BACK,27,1,truck,0.8672199249267578,-6.663711125761282,0.18311817652712772,0.8734834757488054,4.458201411551787,2.89151127315547,2.3492936059290335,-3.139242664717361,0.31026435670117547,0.17597867732800265,5.282000000000001,-6.663711125761282,0.18311817652712772,0.8734834757488054,4.458201411551787,2.89151127315547,2.3492936059290335,-3.139242664717361,0.17597867732800265,5.282000000000001,0.31026435670117547
scene-0553,CAM_BACK_LEFT,27,0,car,0.5540069937705994,-3.904451921454743,4.484762307672304,0.544115842487125,0.5008508409822561,0.13837506938054495,0.48819855309568694,2.37015548033418,-0.33027312042364887,0.48,0.012000000000000002,-3.904451921454743,4.484762307672304,0.544115842487125,0.5008508409822561,0.13837506938054495,0.48819855309568694,2.37015548033418,0.48,0.012000000000000002,-0.33027312042364887
scene-0553,CAM_BACK_LEFT,27,1,car,0.5540069937705994,2.3373277151240197,22.502895530584855,0.9037756105021881,0.41062962118461144,0.3827913161647789,0.37839021021080177,1.923018136416696,-0.9966166012544075,0.046875,0.003000000000000001,2.3373277151240197,22.502895530584855,0.9037756105021881,0.41062962118461144,0.3827913161647789,0.37839021021080177,1.923018136416696,0.046875,0.003000000000000001,-0.9966166012544075
scene-0553,CAM_BACK_LEFT,27,2,car,0.9609756469726562,0.797859760802571,3.4326229020772185,0.7802890937503827,4.647452057909131,1.558025366747025,1.448185305600784,-2.9235873854309746,0.004127363666937445,0.36374223602484473,3.7480000000000007,0.797859760802571,3.4326229020772185,0.7802890937503827,4.647452057909131,1.558025366747025,1.448185305600784,-2.9235873854309746,0.36374223602484473,3.7480000000000007,0.004127363666937445
scene-0553,CAM_BACK_LEFT,27,3,car,0.6952381134033203,1.0171019951879319,22.660343223847285,1.0551238571430717,2.2603734379985685,1.0349947889616224,0.8386495703009297,-2.9479798062553804,-0.9167184748303601,0.026630434782608695,0.04900000000000001,1.0171019951879319,22.660343223847285,1.0551238571430717,2.2603734379985685,1.0349947889616224,0.8386495703009297,-2.9479798062553804,0.026630434782608695,0.04900000000000001,-0.9167184748303601
scene-0553,CAM_FRONT,28,0,car,0.5857605338096619,124.2073462276406,14.932009619641395,-1.1429169247416577,2.8155281429797867,2.670903611678142,0.6838272184579455,1.257150524410283,1.139102613438404,0.0,0.0,124.2073462276406,14.932009619641395,-1.1429169247416577,2.8155281429797867,2.670903611678142,0.6838272184579455,1.257150524410283,0.0,0.0,1.139102613438404
scene-0553,CAM_FRONT,28,1,car,0.9024390578269958,47.678781275836435,14.79702947833703,0.7105358375112033,3.9361288882850403,1.850131079373023,1.563759759230347,-3.0152317655629495,-0.16889028819254626,0.0,0.0,47.678781275836435,14.79702947833703,0.7105358375112033,3.9361288882850403,1.850131079373023,1.563759759230347,-3.0152317655629495,0.0,0.0,-0.16889028819254626
scene-0553,CAM_FRONT,28,2,car,0.8904109597206116,8.143706539897305,1.721459852172834,1.3936619028644106,0.5498327004847798,0.31756324327316077,0.29350124197457506,-2.9440191491386725,-1.2799860929780829,0.2,0.009000000000000003,8.143706539897305,1.721459852172834,1.3936619028644106,0.5498327004847798,0.31756324327316077,0.29350124197457506,-2.9440191491386725,0.2,0.009000000000000003,-1.2799860929780829
scene-0553,CAM_FRONT,28,3,car,0.9452055096626282,19.699216199052554,-0.6987742888657891,1.0362568511194317,4.934877407742788,2.1152482908043027,1.619198248210118,1.604091123281037,-0.24338030184442794,0.03990524781341108,0.6570000000000001,19.699216199052554,-0.6987742888657891,1.0362568511194317,4.934877407742788,2.1152482908043027,1.619198248210118,1.604091123281037,0.03990524781341108,0.6570000000000001,-0.24338030184442794
scene-0553,CAM_FRONT,28,0,truck,0.6604774594306946,76.8568107252486,7.479868374610165,1.7449626881129352,5.728969509054792,4.195092969043729,4.046042988753094,-3.0252767295936698,0.00023151358287165635,0.0,0.0,76.8568107252486,7.479868374610165,1.7449626881129352,5.728969509054792,4.195092969043729,4.046042988753094,-3.0252767295936698,0.0,0.0,0.00023151358287165635
scene-0553,CAM_FRONT_LEFT,28,0,car,0.7730495929718018,2.4072931382144542,22.5271295999791,1.3145212575591305,0.8233937059704619,0.26176523012916775,0.5327557580280256,-2.858304123582659,-1.3184564030659918,0.025,0.003000000000000001,2.4072931382144542,22.5271295999791,1.3145212575591305,0.8233937059704619,0.26176523012916775,0.5327557580280256,-2.858304123582659,0.025,0.003000000000000001,-1.3184564030659918
scene-0553,CAM_FRONT_LEFT,28,1,car,0.9649122953414917,2.348239088384184,3.2285031170514307,0.7487823391841896,3.1462953810462664,1.4721106325317965,1.026444466509855,2.7919506926780016,-0.23748660255420861,0.3610752688172043,1.6790000000000005,2.348239088384184,3.2285031170514307,0.7487823391841896,3.1462953810462664,1.4721106325317965,1.026444466509855,2.7919506926780016,0.3610752688172043,1.6790000000000005,-0.23748660255420861
scene-0553,CAM_FRONT_LEFT,28,2,car,0.7500000596046448,39.1191652470292,63.13744310973518,0.6876965452611953,4.619071333184351,2.7605420318681695,2.156107982666091,2.0966516756986335,0.08879650771354342,0.0,0.0,39.1191652470292,63.13744310973518,0.6876965452611953,4.619071333184351,2.7605420318681695,2.156107982666091,2.0966516756986335,0.0,0.0,0.08879650771354342
scene-0553,CAM_FRONT_LEFT,28,3,car,0.9024390578269958,38.09372955184059,46.411301863752016,0.8098392491695879,4.067186474267196,1.9925512009094888,1.5176866415592236,1.6676388416202261,-0.362465006453941,0.003821138211382114,0.047000000000000014,38.09372955184059,46.411301863752016,0.8098392491695879,4.067186474267196,1.9925512009094888,1.5176866415592236,1.6676388416202261,0.003821138211382114,0.047000000000000014,-0.362465006453941
scene-0553,CAM_FRONT_LEFT,28,4,car,0.7460317611694336,29.562380508632106,51.49301934383208,1.2914438405327753,3.447530891880781,2.097566988372744,1.4582540386579992,1.4252534187913426,-0.8428366345029548,0.00065359477124183,0.007000000000000001,29.562380508632106,51.49301934383208,1.2914438405327753,3.447530891880781,2.097566988372744,1.4582540386579992,1.4252534187913426,0.00065359477124183,0.007000000000000001,-0.8428366345029548
scene-0553,CAM_FRONT_LEFT,28,5,car,0.7500000596046448,35.50095025278293,50.70328350691028,0.8036993724214063,2.626858475248415,1.5800817491608896,1.3775500158848049,2.2144022966520964,-0.4382130137996063,0.00017170329670329672,0.0010000000000000005,35.50095025278293,50.70328350691028,0.8036993724214063,2.626858475248415,1.5800817491608896,1.3775500158848049,2.2144022966520964,0.00017170329670329672,0.0010000000000000005,-0.4382130137996063
scene-0553,CAM_FRONT_RIGHT,28,0,car,0.9064327478408813,17.05641792059983,-30.254239022702752,1.8473752525337999,3.265109404900116,1.5070503220112919,1.1132393162282352,1.4990847416343385,-0.6915921217672469,0.00018365472910927456,0.0010000000000000002,17.05641792059983,-30.254239022702752,1.8473752525337999,3.265109404900116,1.5070503220112919,1.1132393162282352,1.4990847416343385,0.00018365472910927456,0.0010000000000000002,-0.6915921217672469
scene-0553,CAM_FRONT_RIGHT,28,1,car,0.949367105960846,21.992081050714425,-20.777794219503612,1.6588276592266427,4.860176872360096,2.084360044210932,1.4644882830329982,1.7104034576946674,-0.38836561552661086,0.014836410754778102,0.22900000000000006,21.992081050714425,-20.777794219503612,1.6588276592266427,4.860176872360096,2.084360044210932,1.4644882830329982,1.7104034576946674,0.014836410754778102,0.22900000000000006,-0.38836561552661086
scene-0553,CAM_FRONT_RIGHT,28,2,car,0.8827838897705078,15.58058389012078,-33.2722017161053,1.964405581111099,2.270599182172255,1.0999499343792039,1.0247179038101704,1.432688837284237,-0.8227271998084307,0.0,0.0,15.58058389012078,-33.2722017161053,1.964405581111099,2.270599182172255,1.0999499343792039,1.0247179038101704,1.432688837284237,0.0,0.0,-0.8227271998084307
scene-0553,CAM_FRONT_RIGHT,28,3,car,0.8632478713989258,23.171283467829973,-63.06184686538567,2.08552002117558,4.367437410867012,2.0253286328353433,1.5261725060298057,1.6309360902577372,-0.37948769176755004,0.0,0.0,23.171283467829973,-63.06184686538567,2.08552002117558,4.367437410867012,2.0253286328353433,1.5261725060298057,1.6309360902577372,0.0,0.0,-0.37948769176755004
scene-0553,CAM_FRONT_RIGHT,28,4,car,0.9375000596046448,25.164408378905723,-34.812265590243186,2.0885261358100444,4.167377059726302,1.8509263852993172,1.3720471078270944,1.2545811892899084,-0.7332406495234505,0.0015216612960973863,0.017000000000000005,25.164408378905723,-34.812265590243186,2.0885261358100444,4.167377059726302,1.8509263852993172,1.3720471078270944,1.2545811892899084,0.0015216612960973863,0.017000000000000005,-0.7332406495234505
scene-0553,CAM_BACK,28,0,truck,0.9726027250289917,-10.428124176087232,3.4666848416564306,1.668145333578603,13.47779742626452,3.4871608774928546,5.062070458833764,-3.062148570644884,0.7698101649699396,0.07858906525573192,18.938000000000002,-10.428124176087232,3.4666848416564306,1.668145333578603,13.47779742626452,3.4871608774928546,5.062070458833764,-3.062148570644884,0.07858906525573192,18.938000000000002,0.7698101649699396
scene-0553,CAM_BACK,28,1,truck,0.8709677457809448,-6.6078095559691885,0.17416829393010472,0.8530981020247406,4.466901438654395,2.859563919121114,2.390031780344557,3.13314933573905,0.3054808429475715,0.1808109833971903,5.663000000000001,-6.6078095559691885,0.17416829393010472,0.8530981020247406,4.466901438654395,2.859563919121114,2.390031780344557,3.13314933573905,0.1808109833971903,5.663000000000001,0.3054808429475715
scene-0553,CAM_BACK_LEFT,28,0,car,0.5704697966575623,2.2954579809174733,22.583246150710846,1.014833328041493,0.5154353141874743,0.4476019156462847,0.4799102711733858,-2.887127629675369,-1.0389079933466763,0.02,0.0020000000000000005,2.2954579809174733,22.583246150710846,1.014833328041493,0.5154353141874743,0.4476019156462847,0.4799102711733858,-2.887127629675369,0.02,0.0020000000000000005,-1.0389079933466763
scene-0553,CAM_BACK_LEFT,28,1,car,0.7264957427978516,1.0831497302780873,22.65312617708769,0.9885806264337005,2.4052182912908147,1.0988929373848642,0.8843625505468036,-2.9864977915442514,-0.8133143148825277,0.021043771043771045,0.05000000000000002,1.0831497302780873,22.65312617708769,0.9885806264337005,2.4052182912908147,1.0988929373848642,0.8843625505468036,-2.9864977915442514,0.021043771043771045,0.05000000000000002,-0.8133143148825277
scene-0553,CAM_BACK_LEFT,28,2,car,0.9609756469726562,0.8312497681674244,3.4532225769421765,0.7884281749090729,4.631474777436936,1.5510960578965185,1.4450276049637565,-2.9433449284334765,-0.07517012439462478,0.3562694099378882,3.6710000000000007,0.8312497681674244,3.4532225769421765,0.7884281749090729,4.631474777436936,1.5510960578965185,1.4450276049637565,-2.9433449284334765,0.3562694099378882,3.6710000000000007,-0.07517012439462478
scene-0553,CAM_FRONT,29,0,car,0.7538461089134216,44.37009600143872,14.764687648969812,0.4540454973517246,3.68903936565372,2.0873756020226057,2.00697985313656,-2.7987056798940193,0.25658824258821367,0.0033462033462033462,0.05200000000000002,44.37009600143872,14.764687648969812,0.4540454973517246,3.68903936565372,2.0873756020226057,2.00697985313656,-2.7987056798940193,0.0033462033462033462,0.05200000000000002,0.25658824258821367
scene-0553,CAM_FRONT,29,1,car,0.9452055096626282,19.411916204884662,-5.828043827274899,1.094397186428156,5.655884835503439,2.434619246092236,1.6857897622974112,1.6083966572543138,-0.07965525985785016,0.033367733058135535,0.7760000000000001,19.411916204884662,-5.828043827274899,1.094397186428156,5.655884835503439,2.434619246092236,1.6857897622974112,1.6083966572543138,0.033367733058135535,0.7760000000000001,-0.07965525985785016
scene-0553,CAM_FRONT,29,2,car,0.8787879347801208,9.391722255126249,2.0061564674313566,1.4350509278360128,0.6599030294393877,0.399494459452824,0.3337004993948729,-3.0842555630449424,-1.276101556925617,0.16666666666666666,0.014000000000000002,9.391722255126249,2.0061564674313566,1.4350509278360128,0.6599030294393877,0.399494459452824,0.3337004993948729,-3.0842555630449424,0.16666666666666666,0.014000000000000002,-1.276101556925617
scene-0553,CAM_FRONT,29,0,construction vehicle,0.518796980381012,8.938202728730042,-1.37271013002243,0.4880562688058466,1.2094560581491507,0.3153792933717803,1.2009802745469254,1.0784431979646734,0.09312971216421029,0.5324074074074074,0.23000000000000007,8.938202728730042,-1.37271013002243,0.4880562688058466,1.2094560581491507,0.3153792933717803,1.2009802745469254,1.0784431979646734,0.5324074074074074,0.23000000000000007,0.09312971216421029
scene-0553,CAM_FRONT,29,1,construction vehicle,0.5508772134780884,27.922625174718192,-14.096887392216004,3.036501324686726,4.445243760948486,0.2609110795091327,4.432076074383458,2.792515115355803,-0.3564111467822588,0.002238292011019284,0.013000000000000005,27.922625174718192,-14.096887392216004,3.036501324686726,4.445243760948486,0.2609110795091327,4.432076074383458,2.792515115355803,0.002238292011019284,0.013000000000000005,-0.3564111467822588
scene-0553,CAM_FRONT_LEFT,29,0,car,0.7655677795410156,2.3792640241946326,22.359998777944124,1.2658122019863574,1.0035662378211114,0.7155223039622634,0.3042760658467065,1.6534155937717425,-1.4944847874635778,0.1380952380952381,0.02900000000000001,2.3792640241946326,22.359998777944124,1.2658122019863574,1.0035662378211114,0.7155223039622634,0.3042760658467065,1.6534155937717425,0.1380952380952381,0.02900000000000001,-1.4944847874635778
scene-0553,CAM_FRONT_LEFT,29,1,car,0.949367105960846,2.291907848060767,3.2317467136972575,0.7475807765860933,3.210400576431845,1.5110556865506832,1.0443679900883005,2.803727348015484,-0.1368696385403867,0.3416666666666667,1.6400000000000003,2.291907848060767,3.2317467136972575,0.7475807765860933,3.210400576431845,1.5110556865506832,1.0443679900883005,2.803727348015484,0.3416666666666667,1.6400000000000003,-0.1368696385403867
scene-0553,CAM_FRONT_LEFT,29,2,car,0.7264957427978516,33.99632982681075,54.12164844862664,0.6558815412218056,2.633931274786576,2.6336542458819068,0.8503371031957834,2.3535330341373757,-0.8455709612921574,0.0,0.0,33.99632982681075,54.12164844862664,0.6558815412218056,2.633931274786576,2.6336542458819068,0.8503371031957834,2.3535330341373757,0.0,0.0,-0.8455709612921574
scene-0553,CAM_FRONT_LEFT,29,3,car,0.6878048777580261,30.451314557847553,52.297095675331704,0.8582199338336909,2.692925860774075,1.70454077313817,1.4717638560504236,-2.9747697430480255,-0.7191091268335645,0.0,0.0,30.451314557847553,52.297095675331704,0.8582199338336909,2.692925860774075,1.70454077313817,1.4717638560504236,-2.9747697430480255,0.0,0.0,-0.7191091268335645
scene-0553,CAM_FRONT_LEFT,29,4,car,0.8827838897705078,38.03920740487729,46.417282487506945,0.8524914949116579,4.002750601945074,1.945556988916472,1.4171233710496784,1.696113291774977,-0.7029615343166282,0.0038533834586466165,0.04100000000000001,38.03920740487729,46.417282487506945,0.8524914949116579,4.002750601945074,1.945556988916472,1.4171233710496784,1.696113291774977,0.0038533834586466165,0.04100000000000001,-0.7029615343166282
scene-0553,CAM_FRONT_LEFT,29,5,car,0.7500000596046448,35.34830359189143,50.46785741947147,0.8770416877714492,2.641042684458977,1.6006777632941933,1.4006030784816061,2.31334001879604,-0.7683473615509708,0.0013736263736263737,0.008000000000000004,35.34830359189143,50.46785741947147,0.8770416877714492,2.641042684458977,1.6006777632941933,1.4006030784816061,2.31334001879604,0.0013736263736263737,0.008000000000000004,-0.7683473615509708
scene-0553,CAM_FRONT_RIGHT,29,0,car,0.8552036285400391,22.847777625056388,-63.41426005582565,2.0356664455907674,3.9458223093165614,1.821781313716432,1.368760048616834,1.6226994959512975,0.1520886321234114,0.0,0.0,22.847777625056388,-63.41426005582565,2.0356664455907674,3.9458223093165614,1.821781313716432,1.368760048616834,1.6226994959512975,0.0,0.0,0.1520886321234114
scene-0553,CAM_FRONT_RIGHT,29,1,car,0.9336099624633789,22.49076669557731,-23.39285916076148,1.6905461272130922,4.8171824194113775,2.0801073645756816,1.4996057648482615,1.7124882466262947,-0.133214272163229,0.01455026455026455,0.22000000000000003,22.49076669557731,-23.39285916076148,1.6905461272130922,4.8171824194113775,2.0801073645756816,1.4996057648482615,1.7124882466262947,0.01455026455026455,0.22000000000000003,-0.133214272163229
scene-0553,CAM_FRONT_RIGHT,29,2,car,0.8012422323226929,14.616928028210125,-32.728262198868805,2.2318049888183538,2.754201103834614,1.3377965952747388,1.152573478795896,1.3918479192246214,-0.8420979537050739,0.0,0.0,14.616928028210125,-32.728262198868805,2.2318049888183538,2.754201103834614,1.3377965952747388,1.152573478795896,1.3918479192246214,0.0,0.0,-0.8420979537050739
scene-0553,CAM_FRONT_RIGHT,29,3,car,0.8518518805503845,16.229063671602464,-29.53784914803034,1.7908820247277624,2.7997542323865225,1.2476546627514349,1.0031379462743366,1.6124600683163248,-0.5309692953917109,0.0,0.0,16.229063671602464,-29.53784914803034,1.7908820247277624,2.7997542323865225,1.2476546627514349,1.0031379462743366,1.6124600683163248,0.0,0.0,-0.5309692953917109
scene-0553,CAM_FRONT_RIGHT,29,4,car,0.921951174736023,22.875978066149944,-33.622916446010635,1.8064077250945132,4.201121078035552,1.7965451026933899,1.305290547057798,1.485013378897892,-0.24105130807196185,0.0,0.0,22.875978066149944,-33.622916446010635,1.8064077250945132,4.201121078035552,1.7965451026933899,1.305290547057798,1.485013378897892,0.0,0.0,-0.24105130807196185
scene-0553,CAM_BACK,29,0,truck,0.9804878830909729,-10.389185374927036,3.7521512827981622,1.7520890886673455,13.328776010100084,3.466792265608502,4.8924352759036935,-3.057306069377618,0.7532246546812489,0.06918608474539117,15.781000000000004,-10.389185374927036,3.7521512827981622,1.7520890886673455,13.328776010100084,3.466792265608502,4.8924352759036935,-3.057306069377618,0.06918608474539117,15.781000000000004,0.7532246546812489
scene-0553,CAM_BACK,29,1,truck,0.9024390578269958,-6.6702946476259415,0.1817365312855517,0.901364424127471,4.563685331533869,2.960978571618508,2.3501142000059367,3.125934501424993,0.23915566598064952,0.18919082125603864,6.266000000000001,-6.6702946476259415,0.1817365312855517,0.901364424127471,4.563685331533869,2.960978571618508,2.3501142000059367,3.125934501424993,0.18919082125603864,6.266000000000001,0.23915566598064952
scene-0553,CAM_BACK_LEFT,29,0,car,0.5460992455482483,2.3174177046388595,22.55580732921089,1.003330197656987,0.5961465513753144,0.20915222123053212,0.44710458885175564,2.6643503689074275,-1.086454410227264,0.0,0.0,2.3174177046388595,22.55580732921089,1.003330197656987,0.5961465513753144,0.20915222123053212,0.44710458885175564,2.6643503689074275,0.0,0.0,-1.086454410227264
scene-0553,CAM_BACK_LEFT,29,1,car,0.9649122953414917,0.800621838503647,3.4564510029265527,0.7853527117493094,4.6122167007250665,1.5456349923784294,1.4493150399663042,-2.9394918366774077,0.005025217388734626,0.3530020703933747,3.4100000000000006,0.800621838503647,3.4564510029265527,0.7853527117493094,4.6122167007250665,1.5456349923784294,1.4493150399663042,-2.9394918366774077,0.3530020703933747,3.4100000000000006,0.005025217388734626
scene-0553,CAM_BACK_LEFT,29,2,car,0.6995305418968201,1.0597030718456981,22.63408185909063,1.000962327578161,2.3767864323356322,1.0883399132381903,0.8756419630580488,-2.99502999778887,-0.8667562008617586,0.021885521885521887,0.05200000000000002,1.0597030718456981,22.63408185909063,1.000962327578161,2.3767864323356322,1.0883399132381903,0.8756419630580488,-2.99502999778887,0.021885521885521887,0.05200000000000002,-0.8667562008617586
scene-0553,CAM_FRONT,30,0,car,0.6404494643211365,121.65485316726449,15.083995900745137,-1.764253085278632,2.1465120469449204,2.145120230105192,0.5425229959049385,0.9598192974019712,1.450664391161094,0.0,0.0,121.65485316726449,15.083995900745137,-1.764253085278632,2.1465120469449204,2.145120230105192,0.5425229959049385,0.9598192974019712,0.0,0.0,1.450664391161094
scene-0553,CAM_FRONT,30,1,car,0.9064327478408813,19.02768636910655,-11.361317963464735,0.8710455938762994,4.090475006225162,1.883406472200793,1.7373166392567974,1.6402632484246769,0.2842835893804867,0.029147474137280072,0.3860000000000001,19.02768636910655,-11.361317963464735,0.8710455938762994,4.090475006225162,1.883406472200793,1.7373166392567974,1.6402632484246769,0.029147474137280072,0.3860000000000001,0.2842835893804867
scene-0553,CAM_FRONT,30,2,car,0.9139785170555115,47.94819552951084,12.021671282383044,0.696327412057797,3.941805724239231,2.388244001334874,1.9561003218082724,-3.0316737077234857,0.0317549353545179,0.00042735042735042735,0.008000000000000002,47.94819552951084,12.021671282383044,0.696327412057797,3.941805724239231,2.388244001334874,1.9561003218082724,-3.0316737077234857,0.00042735042735042735,0.008000000000000002,0.0317549353545179
scene-0553,CAM_FRONT,30,3,car,0.9101123809814453,49.864927548556416,15.708563506416729,0.6662546567740704,4.242915871432714,2.0581170353357754,1.7274048444745058,-2.9484873593761773,-0.052893232709577465,0.0,0.0,49.864927548556416,15.708563506416729,0.6662546567740704,4.242915871432714,2.0581170353357754,1.7274048444745058,-2.9484873593761773,0.0,0.0,-0.052893232709577465
scene-0553,CAM_FRONT,30,0,truck,0.8048780560493469,78.81133816466908,7.414877374953516,1.0926289384497687,5.012527734587948,3.039357806331972,3.676356820343426,-3.1065973083755196,0.3516002610781759,0.0,0.0,78.81133816466908,7.414877374953516,1.0926289384497687,5.012527734587948,3.039357806331972,3.676356820343426,-3.1065973083755196,0.0,0.0,0.3516002610781759
scene-0553,CAM_FRONT_LEFT,30,0,car,0.7655677795410156,2.5007047245907392,22.654952287909474,1.2034569308884577,0.7667069368535877,0.767294392853815,0.44426432542117833,1.0942857047301027,-0.943314275256993,0.04296875,0.011000000000000003,2.5007047245907392,22.654952287909474,1.2034569308884577,0.7667069368535877,0.767294392853815,0.44426432542117833,1.0942857047301027,0.04296875,0.011000000000000003,-0.943314275256993
scene-0553,CAM_FRONT_LEFT,30,1,car,0.9649122953414917,2.4360292442070177,3.2612871684368177,0.7738868501955921,3.0814001331921643,1.4215390026694799,0.9797519280321103,2.7992269391314175,-0.22117768131408133,0.38410138248847925,1.6670000000000003,2.4360292442070177,3.2612871684368177,0.7738868501955921,3.0814001331921643,1.4215390026694799,0.9797519280321103,2.7992269391314175,0.38410138248847925,1.6670000000000003,-0.22117768131408133
scene-0553,CAM_FRONT_LEFT,30,2,car,0.7620818018913269,34.14893096890464,54.348887659139216,0.7975274870376607,2.320225919222672,2.321619108232529,1.297683371131459,-2.5605906714379234,-0.36539033397601295,0.0,0.0,34.14893096890464,54.348887659139216,0.7975274870376607,2.320225919222672,2.321619108232529,1.297683371131459,-2.5605906714379234,0.0,0.0,-0.36539033397601295
scene-0553,CAM_FRONT_LEFT,30,3,car,0.8987342119216919,37.886794379032466,46.401103942207286,0.7771806725548294,4.001360374296333,1.982077810511747,1.4678573412155527,1.7521437343274273,-0.30327166194308575,0.00225,0.027000000000000007,37.886794379032466,46.401103942207286,0.7771806725548294,4.001360374296333,1.982077810511747,1.4678573412155527,1.7521437343274273,0.00225,0.027000000000000007,-0.30327166194308575
scene-0553,CAM_FRONT_LEFT,30,4,car,0.7770034670829773,26.549160125677307,46.10250360678392,1.2260322975202507,3.4229158188774207,1.6111997802306561,1.2507905288031382,1.797972218712576,-0.7981929178375765,0.0,0.0,26.549160125677307,46.10250360678392,1.2260322975202507,3.4229158188774207,1.6111997802306561,1.2507905288031382,1.797972218712576,0.0,0.0,-0.7981929178375765
scene-0553,CAM_FRONT_LEFT,30,5,car,0.7730495929718018,35.16886497724285,50.2850353096912,0.7818662075897506,2.554229632295076,1.5372593699252164,1.3141216458809304,2.2457349599775225,-0.412708574308404,0.0013806706114398422,0.007000000000000002,35.16886497724285,50.2850353096912,0.7818662075897506,2.554229632295076,1.5372593699252164,1.3141216458809304,2.2457349599775225,0.0013806706114398422,0.007000000000000002,-0.412708574308404
scene-0553,CAM_FRONT_RIGHT,30,0,car,0.941605806350708,23.013322339329523,-26.073982102123438,1.8877550569124217,4.568130157213481,1.936032378753115,1.4236499121032773,1.5068790255850306,-0.7335778655435528,0.009398496240601503,0.11500000000000002,23.013322339329523,-26.073982102123438,1.8877550569124217,4.568130157213481,1.936032378753115,1.4236499121032773,1.5068790255850306,0.009398496240601503,0.11500000000000002,-0.7335778655435528
scene-0553,CAM_FRONT_RIGHT,30,1,car,0.8672199249267578,23.279436907993826,-64.77392120072273,1.946073465226039,4.549269358697565,2.115068264580703,1.5625457722313922,1.6089682215461274,0.16258794589881242,0.0,0.0,23.279436907993826,-64.77392120072273,1.946073465226039,4.549269358697565,2.115068264580703,1.5625457722313922,1.6089682215461274,0.0,0.0,0.16258794589881242
scene-0553,CAM_FRONT_RIGHT,30,2,car,0.9452055096626282,18.92527063141662,-11.545719504008938,1.385802732909406,5.31928557388565,2.2644614031824872,1.6147499624878476,1.4602520788840871,-0.4130409705690238,0.018252666119770302,0.35600000000000004,18.92527063141662,-11.545719504008938,1.385802732909406,5.31928557388565,2.2644614031824872,1.6147499624878476,1.4602520788840871,0.018252666119770302,0.35600000000000004,-0.4130409705690238
scene-0553,CAM_FRONT_RIGHT,30,3,car,0.8358974456787109,5.77644369235536,-9.260564974513345,1.5985701307676006,0.882410540883571,0.4100513508666661,0.30589135523337374,1.9829134526254455,-1.2227872881528592,0.0,0.0,5.77644369235536,-9.260564974513345,1.5985701307676006,0.882410540883571,0.4100513508666661,0.30589135523337374,1.9829134526254455,0.0,0.0,-1.2227872881528592
scene-0553,CAM_FRONT_RIGHT,30,4,car,0.921951174736023,17.412334807146472,-26.327660107771013,1.917959784603395,2.911499060402811,1.2095743207122425,0.9725984055173227,1.2891715818866938,-0.9678748142894968,0.0,0.0,17.412334807146472,-26.327660107771013,1.917959784603395,2.911499060402811,1.2095743207122425,0.9725984055173227,1.2891715818866938,0.0,0.0,-0.9678748142894968
scene-0553,CAM_FRONT_RIGHT,30,5,car,0.8904109597206116,5.501510414629909,-10.33769140225341,1.7062902317601716,1.0856344190764826,0.5336508366338482,0.43747966584543985,1.4057194507442625,-1.245732671152477,0.22272727272727272,0.04900000000000001,5.501510414629909,-10.33769140225341,1.7062902317601716,1.0856344190764826,0.5336508366338482,0.43747966584543985,1.4057194507442625,0.22272727272727272,0.04900000000000001,-1.245732671152477
scene-0553,CAM_BACK,30,0,truck,0.9726027250289917,-10.500017767673661,3.5871968462351465,1.734684820365822,13.12754140416003,3.3780993024207113,4.831637811656064,-3.058152978041921,0.7053622634268972,0.06759841341116599,14.452000000000002,-10.500017767673661,3.5871968462351465,1.734684820365822,13.12754140416003,3.3780993024207113,4.831637811656064,-3.058152978041921,0.06759841341116599,14.452000000000002,0.7053622634268972
scene-0553,CAM_BACK,30,1,truck,0.859649121761322,-6.605558347518126,0.18384587794713192,0.8944382163174648,4.424327753912885,2.8441021079627062,2.3510493676743565,3.125550729681914,0.24455203147263627,0.1807021103896104,5.343000000000002,-6.605558347518126,0.18384587794713192,0.8944382163174648,4.424327753912885,2.8441021079627062,2.3510493676743565,3.125550729681914,0.1807021103896104,5.343000000000002,0.24455203147263627
scene-0553,CAM_BACK_LEFT,30,0,car,0.5311355590820312,2.49461482906135,22.56231287164637,0.8318848540922016,0.6645505614127138,0.24054267863747114,0.49189637317035273,2.3588648395314475,-0.8543356676748719,0.014285714285714285,0.0010000000000000002,2.49461482906135,22.56231287164637,0.8318848540922016,0.6645505614127138,0.24054267863747114,0.49189637317035273,2.3588648395314475,0.014285714285714285,0.0010000000000000002,-0.8543356676748719
scene-0553,CAM_BACK_LEFT,30,1,car,0.9649122953414917,0.8303432100631724,3.4335777950559607,0.792952280301299,4.671539377593139,1.5540558603265993,1.460976544338559,-2.9391550505230772,-0.011160144606628952,0.34370567375886524,3.8770000000000007,0.8303432100631724,3.4335777950559607,0.792952280301299,4.671539377593139,1.5540558603265993,1.460976544338559,-2.9391550505230772,0.34370567375886524,3.8770000000000007,-0.011160144606628952
scene-0553,CAM_BACK_LEFT,30,2,car,0.6831682920455933,1.0693057317752002,22.72263710242338,0.8625657463505191,2.760723455612302,1.2644142255459556,0.9914631043189444,-2.941558142335757,-0.6131213910656654,0.016483516483516484,0.06000000000000002,1.0693057317752002,22.72263710242338,0.8625657463505191,2.760723455612302,1.2644142255459556,0.9914631043189444,-2.941558142335757,0.016483516483516484,0.06000000000000002,-0.6131213910656654
scene-0553,CAM_FRONT,31,0,car,0.9101123809814453,45.76130242825459,11.612949048620349,0.7995741232142851,3.674214506463983,2.2123194478521757,1.8182245320866486,-3.083133402159862,-0.13260536894311659,0.0,0.0,45.76130242825459,11.612949048620349,0.7995741232142851,3.674214506463983,2.2123194478521757,1.8182245320866486,-3.083133402159862,0.0,0.0,-0.13260536894311659
scene-0553,CAM_FRONT,31,1,car,0.5661016702651978,133.3474349208558,17.52195993184024,-0.8977626098700642,2.4909585100036367,2.482679380589204,0.6500089077206641,1.3795275043318445,0.9357888487512245,0.0,0.0,133.3474349208558,17.52195993184024,-0.8977626098700642,2.4909585100036367,2.482679380589204,0.6500089077206641,1.3795275043318445,0.0,0.0,0.9357888487512245
scene-0553,CAM_FRONT,31,2,car,0.9024390578269958,47.62857738691537,15.075003150798281,0.6842365980439183,4.233081739343781,1.9320996107618331,1.7105980347750653,-3.056772743443222,-0.0778895223849776,0.0004422821760283061,0.006000000000000002,47.62857738691537,15.075003150798281,0.6842365980439183,4.233081739343781,1.9320996107618331,1.7105980347750653,-3.056772743443222,0.0004422821760283061,0.006000000000000002,-0.0778895223849776
scene-0553,CAM_FRONT_LEFT,31,0,car,0.7770034670829773,2.3958533430166926,22.57926413365048,1.2081288518276703,1.1613166897799694,0.7869713517521224,0.41277054680734837,1.5293785827512312,-1.2056781585116578,0.07291666666666667,0.02800000000000001,2.3958533430166926,22.57926413365048,1.2081288518276703,1.1613166897799694,0.7869713517521224,0.41277054680734837,1.5293785827512312,0.07291666666666667,0.02800000000000001,-1.2056781585116578
scene-0553,CAM_FRONT_LEFT,31,1,car,0.9649122953414917,2.25750298398451,3.2043978640396396,0.7135767409650027,3.350197030466349,1.5716698293425848,1.0613778795269866,2.7771041869712283,-0.10921160993115797,0.36764705882352944,2.2000000000000006,2.25750298398451,3.2043978640396396,0.7135767409650027,3.350197030466349,1.5716698293425848,1.0613778795269866,2.7771041869712283,0.36764705882352944,2.2000000000000006,-0.10921160993115797
scene-0553,CAM_FRONT_LEFT,31,2,car,0.7229437232017517,37.483399242703705,59.76208518674156,0.5675279896859271,3.1611389358718966,3.1544425490199046,1.1268188081070232,2.1490996066199375,-0.4160729885559995,0.0,0.0,37.483399242703705,59.76208518674156,0.5675279896859271,3.1611389358718966,3.1544425490199046,1.1268188081070232,2.1490996066199375,0.0,0.0,-0.4160729885559995
scene-0553,CAM_FRONT_LEFT,31,3,car,0.8947368264198303,37.933482797687866,46.308033601361956,0.9024614785582613,4.105618483020635,1.99202179533944,1.4438889613900432,1.6546538871937138,-0.6689160862459607,0.004442508710801394,0.05100000000000001,37.933482797687866,46.308033601361956,0.9024614785582613,4.105618483020635,1.99202179533944,1.4438889613900432,1.6546538871937138,0.004442508710801394,0.05100000000000001,-0.6689160862459607
scene-0553,CAM_FRONT_LEFT,31,4,car,0.8083832263946533,28.9287699766143,50.59627944686889,1.197317409869153,2.974104253386221,1.8679460647534256,1.5812448276452304,2.430277486325526,-0.734652357983107,0.0027412280701754384,0.025000000000000005,28.9287699766143,50.59627944686889,1.197317409869153,2.974104253386221,1.8679460647534256,1.5812448276452304,2.430277486325526,0.0027412280701754384,0.025000000000000005,-0.734652357983107
scene-0553,CAM_FRONT_LEFT,31,5,car,0.7419355511665344,35.169586906566,50.16891974756797,0.7589921411681666,2.4733539618387077,1.5112192625248468,1.2982995724205781,2.1736789827699963,-0.5844212719843973,0.0012307692307692308,0.006000000000000001,35.169586906566,50.16891974756797,0.7589921411681666,2.4733539618387077,1.5112192625248468,1.2982995724205781,2.1736789827699963,0.0012307692307692308,0.006000000000000001,-0.5844212719843973
scene-0553,CAM_FRONT_RIGHT,31,0,car,0.7852349281311035,21.98749901683778,-54.59477638231584,2.7137972399744927,5.687447863738207,2.908175526025939,2.163254964030071,1.5722535143160425,-1.302777920839401,0.0,0.0,21.98749901683778,-54.59477638231584,2.7137972399744927,5.687447863738207,2.908175526025939,2.163254964030071,1.5722535143160425,0.0,0.0,-1.302777920839401
scene-0553,CAM_FRONT_RIGHT,31,1,car,0.9336099624633789,23.17467204094572,-28.303346551766673,1.9679560882285463,4.455160297600983,1.899497240572714,1.3469824448861312,1.4650884585294002,-1.113875771027447,0.009536662168241115,0.10600000000000001,23.17467204094572,-28.303346551766673,1.9679560882285463,4.455160297600983,1.899497240572714,1.3469824448861312,1.4650884585294002,0.009536662168241115,0.10600000000000001,-1.113875771027447
scene-0553,CAM_FRONT_RIGHT,31,2,car,0.8865247964859009,23.515594189071667,-65.78919777243419,1.9176254627506342,4.322841713083605,2.0081335605252733,1.4777279772748773,1.763659806830889,-0.7703581967160398,0.0,0.0,23.515594189071667,-65.78919777243419,1.9176254627506342,4.322841713083605,2.0081335605252733,1.4777279772748773,1.763659806830889,0.0,0.0,-0.7703581967160398
scene-0553,CAM_FRONT_RIGHT,31,3,car,0.921951174736023,18.317878898063178,-16.397200123641483,1.4930051054798739,5.124685082677852,2.3460285595376043,1.6898447938689305,1.3593596580034704,-0.5252799592692474,0.0205105059926784,0.4090000000000001,18.317878898063178,-16.397200123641483,1.4930051054798739,5.124685082677852,2.3460285595376043,1.6898447938689305,1.3593596580034704,0.0205105059926784,0.4090000000000001,-0.5252799592692474
scene-0553,CAM_FRONT_RIGHT,31,4,car,0.6404494643211365,5.5508321837130286,-8.577345616347941,1.6068372146654233,0.430568297029275,0.26367431501986105,0.24811482948869323,2.0774790968980215,-1.3850404163427763,0.0,0.0,5.5508321837130286,-8.577345616347941,1.6068372146654233,0.430568297029275,0.26367431501986105,0.24811482948869323,2.0774790968980215,0.0,0.0,-1.3850404163427763
scene-0553,CAM_FRONT_RIGHT,31,5,car,0.921951174736023,18.559212672130176,-29.569288634725307,1.937875590170056,3.2111629306131313,1.4450287798449999,1.0846187820571978,1.3562192274201426,-1.2227280923900152,0.0,0.0,18.559212672130176,-29.569288634725307,1.937875590170056,3.2111629306131313,1.4450287798449999,1.0846187820571978,1.3562192274201426,0.0,0.0,-1.2227280923900152
scene-0553,CAM_BACK,31,0,truck,0.976608157157898,-10.547653592900328,3.6384325267402295,1.7182411844934686,13.405129245301529,3.405940082007992,4.892506260786492,-3.062715953710787,0.7463875773215818,0.06718657612298651,14.999000000000004,-10.547653592900328,3.6384325267402295,1.7182411844934686,13.405129245301529,3.405940082007992,4.892506260786492,-3.062715953710787,0.06718657612298651,14.999000000000004,0.7463875773215818
scene-0553,CAM_BACK,31,1,truck,0.859649121761322,-6.653537354112345,0.19020057362745932,0.8947076776585217,4.445268143197018,2.8799915871779103,2.3190563981633243,3.1387383796649106,0.2426807710020933,0.17537821998091863,5.147000000000001,-6.653537354112345,0.19020057362745932,0.8947076776585217,4.445268143197018,2.8799915871779103,2.3190563981633243,3.1387383796649106,0.17537821998091863,5.147000000000001,0.2426807710020933
scene-0553,CAM_BACK_LEFT,31,0,car,0.6800000071525574,0.9670838205339213,22.71816236919693,0.9246309443962947,2.4909734099313856,1.1527772055659256,0.8938572143577901,-3.00747332400227,-0.6402736482144089,0.018518518518518517,0.05000000000000001,0.9670838205339213,22.71816236919693,0.9246309443962947,2.4909734099313856,1.1527772055659256,0.8938572143577901,-3.00747332400227,0.018518518518518517,0.05000000000000001,-0.6402736482144089
scene-0553,CAM_BACK_LEFT,31,1,car,0.5151515007019043,2.3401573329160157,22.636719683932434,0.9806256627964021,0.6664987187565465,0.5192980001388321,0.4488799475965627,0.8191431560287763,-0.9244281137246069,0.014285714285714285,0.0020000000000000005,2.3401573329160157,22.636719683932434,0.9806256627964021,0.6664987187565465,0.5192980001388321,0.4488799475965627,0.8191431560287763,0.014285714285714285,0.0020000000000000005,-0.9244281137246069
scene-0553,CAM_BACK_LEFT,31,2,car,0.9609756469726562,0.8072925388693605,3.4665686327916765,0.8024146645619304,4.629062926850651,1.552005238497653,1.4484239010264124,-2.9218975568892978,-0.005301040433745463,0.35597826086956524,3.668000000000001,0.8072925388693605,3.4665686327916765,0.8024146645619304,4.629062926850651,1.552005238497653,1.4484239010264124,-2.9218975568892978,0.35597826086956524,3.668000000000001,-0.005301040433745463
scene-0553,CAM_FRONT,32,0,car,0.8865247964859009,47.19834779018979,11.875267955177407,0.813133734118665,3.821148082987712,2.3319634767204347,1.8792287045546516,-3.0763599132536483,-0.2510504930817261,0.0,0.0,47.19834779018979,11.875267955177407,0.813133734118665,3.821148082987712,2.3319634767204347,1.8792287045546516,-3.0763599132536483,0.0,0.0,-0.2510504930817261
scene-0553,CAM_FRONT,32,1,car,0.8865247964859009,48.7018994862181,15.350866375940464,0.654355250200712,4.1795286107558525,2.0060580965438604,1.7093973190642693,-3.039064579849739,-0.2206097452324811,0.0,0.0,48.7018994862181,15.350866375940464,0.654355250200712,4.1795286107558525,2.0060580965438604,1.7093973190642693,-3.039064579849739,0.0,0.0,-0.2206097452324811
scene-0553,CAM_FRONT,32,2,car,0.6132930517196655,130.82236713676795,17.09348898330368,-1.0677307789507595,3.87334109882363,3.8090771444929743,1.3238197051540999,2.5223209851171458,0.9167830632638019,0.0,0.0,130.82236713676795,17.09348898330368,-1.0677307789507595,3.87334109882363,3.8090771444929743,1.3238197051540999,2.5223209851171458,0.0,0.0,0.9167830632638019
scene-0553,CAM_FRONT,32,0,truck,0.6604774594306946,81.48817133335213,7.56816353824957,0.9264604560370912,4.132108205012926,3.079787772359423,2.5460553440852802,-3.053976019451987,-0.1829234932992606,0.0,0.0,81.48817133335213,7.56816353824957,0.9264604560370912,4.132108205012926,3.079787772359423,2.5460553440852802,-3.053976019451987,0.0,0.0,-0.1829234932992606
scene-0553,CAM_FRONT_LEFT,32,0,car,0.7460317611694336,2.4358706719030407,22.600342649356243,1.267585741822094,0.957330748513137,0.6237256428723832,0.42029568427465325,-3.0598130266555907,-1.3491915493963762,0.0375,0.009000000000000001,2.4358706719030407,22.600342649356243,1.267585741822094,0.957330748513137,0.6237256428723832,0.42029568427465325,-3.0598130266555907,0.0375,0.009000000000000001,-1.3491915493963762
scene-0553,CAM_FRONT_LEFT,32,1,car,0.9452055096626282,2.3701502905177683,3.2532956932397474,0.7545424250196326,3.2285266362823286,1.517998295655429,1.012101696910674,2.792669024167392,-0.09031648064850128,0.38104166666666667,1.8290000000000002,2.3701502905177683,3.2532956932397474,0.7545424250196326,3.2285266362823286,1.517998295655429,1.012101696910674,2.792669024167392,0.38104166666666667,1.8290000000000002,-0.09031648064850128
scene-0553,CAM_FRONT_LEFT,32,2,car,0.6640419960021973,37.13555271344449,59.134704673121234,0.8280385442997752,2.5532878593020314,2.552093411033624,0.8651140339230341,1.9399546841048168,-0.7545430665113844,0.0,0.0,37.13555271344449,59.134704673121234,0.8280385442997752,2.5532878593020314,2.552093411033624,0.8651140339230341,1.9399546841048168,0.0,0.0,-0.7545430665113844
scene-0553,CAM_FRONT_LEFT,32,3,car,0.7730495929718018,28.766497441478226,50.17910948748153,1.3292426352015658,3.3933831524763676,1.5382355958982927,1.291016490772449,1.9849004320797654,-1.0315059748029816,0.003167420814479638,0.021000000000000005,28.766497441478226,50.17910948748153,1.3292426352015658,3.3933831524763676,1.5382355958982927,1.291016490772449,1.9849004320797654,0.003167420814479638,0.021000000000000005,-1.0315059748029816
scene-0553,CAM_FRONT_LEFT,32,4,car,0.8750000596046448,37.95393389683791,46.46844939108128,0.8425268111036762,4.1064309985129555,2.0712342175629317,1.504271172540758,1.6931628458944503,-0.45085821172790475,0.004258614014711576,0.055000000000000014,37.95393389683791,46.46844939108128,0.8425268111036762,4.1064309985129555,2.0712342175629317,1.504271172540758,1.6931628458944503,0.004258614014711576,0.055000000000000014,-0.45085821172790475
scene-0553,CAM_FRONT_LEFT,32,5,car,0.7419355511665344,34.9655020675037,49.914587626297504,0.822024239685832,2.5408746928338672,1.5041602911427674,1.2912122291896233,2.219518318365989,-0.54583483880562,0.0012307692307692308,0.006000000000000001,34.9655020675037,49.914587626297504,0.822024239685832,2.5408746928338672,1.5041602911427674,1.2912122291896233,2.219518318365989,0.0012307692307692308,0.006000000000000001,-0.54583483880562
scene-0553,CAM_FRONT_RIGHT,32,0,car,0.8476190567016602,14.501011463655992,-40.09055545837077,1.8678633892338123,1.9824897177942589,0.8944140150951494,0.7474007671754115,1.666729513637179,-1.362826838191387,0.0,0.0,14.501011463655992,-40.09055545837077,1.8678633892338123,1.9824897177942589,0.8944140150951494,0.7474007671754115,1.666729513637179,0.0,0.0,-1.362826838191387
scene-0553,CAM_FRONT_RIGHT,32,1,car,0.921951174736023,18.04897352869422,-22.037254791683374,1.5350125167052833,4.636173284243572,2.008771034927136,1.5276666518020519,1.4860863783084464,-0.6220145588414812,0.03065217391304348,0.4230000000000001,18.04897352869422,-22.037254791683374,1.5350125167052833,4.636173284243572,2.008771034927136,1.5276666518020519,1.4860863783084464,0.03065217391304348,0.4230000000000001,-0.6220145588414812
scene-0553,CAM_FRONT_RIGHT,32,2,car,0.8904109597206116,14.880005561477862,-19.5181475090524,1.8919032600270298,2.334865238644479,0.9408734679937538,0.8349897553738366,1.4074974405175065,-1.3122960569101951,0.03140096618357488,0.05200000000000001,14.880005561477862,-19.5181475090524,1.8919032600270298,2.334865238644479,0.9408734679937538,0.8349897553738366,1.4074974405175065,0.03140096618357488,0.05200000000000001,-1.3122960569101951
scene-0553,CAM_FRONT_RIGHT,32,3,car,0.7538461089134216,23.707760251722835,-58.071622606021656,2.8025132254646965,6.180500550733157,3.137036438993956,2.4442484042015353,1.5589432535097967,-1.4607087677124548,0.0,0.0,23.707760251722835,-58.071622606021656,2.8025132254646965,6.180500550733157,3.137036438993956,2.4442484042015353,1.5589432535097967,0.0,0.0,-1.4607087677124548
scene-0553,CAM_FRONT_RIGHT,32,4,car,0.6246334314346313,5.442817883577819,-9.44096911214296,1.4776709208151795,0.29851970694349816,0.28146240834979097,0.20835823963715394,2.2325182579446303,-1.1739711832731374,0.0,0.0,5.442817883577819,-9.44096911214296,1.4776709208151795,0.29851970694349816,0.28146240834979097,0.20835823963715394,2.2325182579446303,0.0,0.0,-1.1739711832731374
scene-0553,CAM_FRONT_RIGHT,32,5,car,0.9179486632347107,17.51363919339835,-28.936408560363297,1.9140580893572658,3.0947959192432926,1.3837976432188412,1.03274801077326,1.3365082482309116,-1.2640355394206937,0.0,0.0,17.51363919339835,-28.936408560363297,1.9140580893572658,3.0947959192432926,1.3837976432188412,1.03274801077326,1.3365082482309116,0.0,0.0,-1.2640355394206937
scene-0553,CAM_BACK,32,0,truck,0.9726027250289917,-10.491609229530596,3.635572591206517,1.7708062822175652,13.043357351653382,3.366156723881615,4.835996300275301,-3.070571561106907,0.6700250513278689,0.06451263197586728,13.687000000000005,-10.491609229530596,3.635572591206517,1.7708062822175652,13.043357351653382,3.366156723881615,4.835996300275301,-3.070571561106907,0.06451263197586728,13.687000000000005,0.6700250513278689
scene-0553,CAM_BACK,32,1,truck,0.8987342119216919,-6.635610977944375,0.1891325839483038,0.8807084424370947,4.472901649023453,2.860258209806344,2.394503840940178,3.137534692455281,0.2960823061675312,0.17701149425287357,5.544000000000001,-6.635610977944375,0.1891325839483038,0.8807084424370947,4.472901649023453,2.860258209806344,2.394503840940178,3.137534692455281,0.17701149425287357,5.544000000000001,0.2960823061675312
scene-0553,CAM_BACK_LEFT,32,0,car,0.7387754917144775,1.0688030338685905,22.651474574272875,0.9434847034738865,2.3225004394856277,1.0612686452060274,0.8563379034291585,-2.992373990996875,-0.5047660462837384,0.016249451032059728,0.03700000000000001,1.0688030338685905,22.651474574272875,0.9434847034738865,2.3225004394856277,1.0612686452060274,0.8563379034291585,-2.992373990996875,0.016249451032059728,0.03700000000000001,-0.5047660462837384
scene-0553,CAM_BACK_LEFT,32,1,car,0.6167664527893066,2.325637315955375,22.55661637055218,1.0289957169646398,0.7868764638509953,0.37676089456816797,0.6212361573848412,-3.0465353626039926,-0.730421870610886,0.0,0.0,2.325637315955375,22.55661637055218,1.0289957169646398,0.7868764638509953,0.37676089456816797,0.6212361573848412,-3.0465353626039926,0.0,0.0,-0.730421870610886
scene-0553,CAM_BACK_LEFT,32,2,car,0.9649122953414917,0.7915162029679573,3.484836626508522,0.807552647441641,4.580272539132236,1.5228654519714437,1.4306751050685378,-2.9254049779023448,-0.16672593746909392,0.3510351966873706,3.3910000000000005,0.7915162029679573,3.484836626508522,0.807552647441641,4.580272539132236,1.5228654519714437,1.4306751050685378,-2.9254049779023448,0.3510351966873706,3.3910000000000005,-0.16672593746909392
scene-0553,CAM_FRONT,33,0,car,0.8987342119216919,48.983152717171556,15.550840263188503,0.6084288145833286,4.32601866078145,2.0044204196306667,1.7484519259248443,-2.989565636468307,0.1033504408919872,0.0,0.0,48.983152717171556,15.550840263188503,0.6084288145833286,4.32601866078145,2.0044204196306667,1.7484519259248443,-2.989565636468307,0.0,0.0,0.1033504408919872
scene-0553,CAM_FRONT,33,1,car,0.9024390578269958,47.406210574542534,11.935428915164845,0.7168406061889686,4.467315557682966,2.1499597358442317,1.9317076477047117,-3.0567383357570495,-0.020735082650562342,0.0,0.0,47.406210574542534,11.935428915164845,0.7168406061889686,4.467315557682966,2.1499597358442317,1.9317076477047117,-3.0567383357570495,0.0,0.0,-0.020735082650562342
scene-0553,CAM_FRONT,33,2,car,0.6246334314346313,131.45923925360216,16.08151374302255,-2.360241588318129,1.5542070182518302,1.5946855589395597,1.2435868744077885,0.9500639977902768,2.0980107630937397,0.0,0.0,131.45923925360216,16.08151374302255,-2.360241588318129,1.5542070182518302,1.5946855589395597,1.2435868744077885,0.9500639977902768,0.0,0.0,2.0980107630937397
scene-0553,CAM_FRONT,33,3,car,0.5857605338096619,97.29797925750061,10.639490570586025,-0.5576262906186166,1.6823947385076536,1.3224602340375768,0.7106899234909909,-3.0622642105551594,0.23791080133338083,0.0,0.0,97.29797925750061,10.639490570586025,-0.5576262906186166,1.6823947385076536,1.3224602340375768,0.7106899234909909,-3.0622642105551594,0.0,0.0,0.23791080133338083
scene-0553,CAM_FRONT,33,0,truck,0.7344398498535156,86.98005434790997,7.887708170472141,0.38345092910139145,4.294657615443441,2.331538918579607,2.860366943169463,-3.053878127593772,0.4439859366102321,0.0,0.0,86.98005434790997,7.887708170472141,0.38345092910139145,4.294657615443441,2.331538918579607,2.860366943169463,-3.053878127593772,0.0,0.0,0.4439859366102321
scene-0553,CAM_FRONT_LEFT,33,0,car,0.7770034670829773,2.4312642109309457,22.57273028294312,1.2331209193352297,1.0140690908930328,0.6485147123398391,0.5088432883113896,-2.888287049380309,-1.2168871545034943,0.03333333333333333,0.010000000000000002,2.4312642109309457,22.57273028294312,1.2331209193352297,1.0140690908930328,0.6485147123398391,0.5088432883113896,-2.888287049380309,0.03333333333333333,0.010000000000000002,-1.2168871545034943
scene-0553,CAM_FRONT_LEFT,33,1,car,0.9532163739204407,2.3279575610758245,3.2426931650587063,0.7470420628302649,3.267869511979483,1.5389926473600668,1.0370187851026673,2.8104393759187287,-0.1552359743312841,0.3519191919191919,1.7420000000000004,2.3279575610758245,3.2426931650587063,0.7470420628302649,3.267869511979483,1.5389926473600668,1.0370187851026673,2.8104393759187287,0.3519191919191919,1.7420000000000004,-0.1552359743312841
scene-0553,CAM_FRONT_LEFT,33,2,car,0.5816993117332458,29.671615199912804,33.75857784064704,-8.55603434652764,7.860721080568581,7.844634433950948,2.767279351477794,-2.5110509254285347,9.527745606968075,0.0,0.0,29.671615199912804,33.75857784064704,-8.55603434652764,7.860721080568581,7.844634433950948,2.767279351477794,-2.5110509254285347,0.0,0.0,9.527745606968075
scene-0553,CAM_FRONT_LEFT,33,3,car,0.5897435545921326,7.76725272800586,22.72069718615508,1.9861180598037989,0.533741261663331,0.5319721644765565,0.2107899266304707,3.0590842626668597,-2.1647185162292404,0.0,0.0,7.76725272800586,22.72069718615508,1.9861180598037989,0.533741261663331,0.5319721644765565,0.2107899266304707,3.0590842626668597,0.0,0.0,-2.1647185162292404
scene-0553,CAM_FRONT_LEFT,33,4,car,0.7299578189849854,36.37230667359225,64.33862709836454,0.9071109828220386,4.714826612247978,3.024879685753362,2.565425483090416,2.5047299721423046,0.1356417439030705,0.0,0.0,36.37230667359225,64.33862709836454,0.9071109828220386,4.714826612247978,3.024879685753362,2.565425483090416,2.5047299721423046,0.0,0.0,0.1356417439030705
scene-0553,CAM_FRONT_LEFT,33,5,car,0.8827838897705078,38.08478060118439,46.488873808612574,0.8774422249998036,4.156938173847152,2.0536678931015615,1.4730712790709972,1.6376561344068685,-0.5327547919843856,0.0006802721088435374,0.009000000000000003,38.08478060118439,46.488873808612574,0.8774422249998036,4.156938173847152,2.0536678931015615,1.4730712790709972,1.6376561344068685,0.0006802721088435374,0.009000000000000003,-0.5327547919843856
scene-0553,CAM_FRONT_LEFT,33,6,car,0.7419355511665344,47.033765638594225,67.02841974589028,-0.2256774340567025,3.8252559695309962,2.446059527084387,2.009050614649146,2.8195536515619692,0.858581311461079,0.0,0.0,47.033765638594225,67.02841974589028,-0.2256774340567025,3.8252559695309962,2.446059527084387,2.009050614649146,2.8195536515619692,0.0,0.0,0.858581311461079
scene-0553,CAM_FRONT_RIGHT,33,0,car,0.8947368264198303,15.68205631790894,-27.264369999909885,2.044597269753523,2.4899586954741935,1.1243747173050203,0.8668874955214494,1.2667458350305232,-0.9783665327807622,0.0008080808080808081,0.0020000000000000005,15.68205631790894,-27.264369999909885,2.044597269753523,2.4899586954741935,1.1243747173050203,0.8668874955214494,1.2667458350305232,0.0008080808080808081,0.0020000000000000005,-0.9783665327807622
scene-0553,CAM_FRONT_RIGHT,33,1,car,0.8083832263946533,12.849245973141018,-35.76946073259451,1.8386337385340195,1.706609074777468,0.7973005441219403,0.6419453742668513,1.7320543981206182,-1.0241645439943592,0.0,0.0,12.849245973141018,-35.76946073259451,1.8386337385340195,1.706609074777468,0.7973005441219403,0.6419453742668513,1.7320543981206182,0.0,0.0,-1.0241645439943592
scene-0553,CAM_FRONT_RIGHT,33,2,car,0.8827838897705078,23.739618436212467,-32.161411627306855,1.4754326027528357,4.7669173134928045,2.208224373982638,1.668927030782367,1.9077536597302016,0.14107115101877987,0.0022838680926916223,0.041000000000000016,23.739618436212467,-32.161411627306855,1.4754326027528357,4.7669173134928045,2.208224373982638,1.668927030782367,1.9077536597302016,0.0022838680926916223,0.041000000000000016,0.14107115101877987
scene-0553,CAM_FRONT_RIGHT,33,3,car,0.7852349281311035,13.75615676697072,-32.97022113894893,2.206294451657398,3.4862381355547,1.687563472810714,1.3723993059467172,1.5716214842864544,-0.9539056288003112,0.0,0.0,13.75615676697072,-32.97022113894893,2.206294451657398,3.4862381355547,1.687563472810714,1.3723993059467172,1.5716214842864544,0.0,0.0,-0.9539056288003112
scene-0553,CAM_FRONT_RIGHT,33,4,car,0.5586206912994385,36.94194450408877,-43.08668608501358,1.6980474762572797,0.9515724672270451,0.9583523357073318,0.6334159755656474,2.7475943401810468,-0.35469633146914603,0.0,0.0,36.94194450408877,-43.08668608501358,1.6980474762572797,0.9515724672270451,0.9583523357073318,0.6334159755656474,2.7475943401810468,0.0,0.0,-0.35469633146914603
scene-0553,CAM_FRONT_RIGHT,33,5,car,0.8202247023582458,15.865121162636745,-30.999233985745615,1.7274954103944844,0.9276932919782865,0.5209188953080393,0.48303656224115366,1.0821504377727307,-0.8377600472502871,0.022222222222222223,0.005000000000000002,15.865121162636745,-30.999233985745615,1.7274954103944844,0.9276932919782865,0.5209188953080393,0.48303656224115366,1.0821504377727307,0.022222222222222223,0.005000000000000002,-0.8377600472502871
scene-0553,CAM_FRONT_RIGHT,33,6,car,0.9336099624633789,18.30237355306335,-27.487415201058056,1.8898314944414931,4.420687287212125,1.982640108479366,1.5030425250835344,1.359902393420424,-0.4645685336346501,0.00022727272727272727,0.0030000000000000005,18.30237355306335,-27.487415201058056,1.8898314944414931,4.420687287212125,1.982640108479366,1.5030425250835344,1.359902393420424,0.00022727272727272727,0.0030000000000000005,-0.4645685336346501
scene-0553,CAM_BACK,33,0,truck,0.976608157157898,-10.636006097909766,3.660719926441483,1.7523402608579337,13.40131664278994,3.40159864590746,4.972938739527008,-3.0621743852239773,0.6254717264769241,0.06483757682177349,14.770000000000005,-10.636006097909766,3.660719926441483,1.7523402608579337,13.40131664278994,3.40159864590746,4.972938739527008,-3.0621743852239773,0.06483757682177349,14.770000000000005,0.6254717264769241
scene-0553,CAM_BACK,33,1,truck,0.8827838897705078,-6.615137893668789,0.1809388344498015,0.8984659040990964,4.435573609321976,2.8264420624669118,2.330298711767404,3.140219937537182,0.26071859891509497,0.18231225296442688,5.166000000000001,-6.615137893668789,0.1809388344498015,0.8984659040990964,4.435573609321976,2.8264420624669118,2.330298711767404,3.140219937537182,0.18231225296442688,5.166000000000001,0.26071859891509497
scene-0553,CAM_BACK_LEFT,33,0,car,0.507692277431488,-3.941397701105593,4.579651841765502,0.6330951100142943,0.3784914020448644,0.07236015562323361,0.3761943493319406,1.851376458567684,-0.45595768352704447,0.5,0.008000000000000002,-3.941397701105593,4.579651841765502,0.6330951100142943,0.3784914020448644,0.07236015562323361,0.3761943493319406,1.851376458567684,0.5,0.008000000000000002,-0.45595768352704447
scene-0553,CAM_BACK_LEFT,33,1,car,0.5936508178710938,2.25897233414458,22.537871459467233,1.0601594779241408,0.5465358213603331,0.1666595192974185,0.40942039990825296,-3.01666683773372,-0.919014994117437,0.0,0.0,2.25897233414458,22.537871459467233,1.0601594779241408,0.5465358213603331,0.1666595192974185,0.40942039990825296,-3.01666683773372,0.0,0.0,-0.919014994117437
scene-0553,CAM_BACK_LEFT,33,2,car,0.7299578189849854,1.0160045848737236,22.636321791621835,0.9537617933188136,2.4620585367995376,1.1283745670157792,0.8865798209722979,-2.9658207286368214,-0.5269086682921831,0.023434343434343436,0.05800000000000002,1.0160045848737236,22.636321791621835,0.9537617933188136,2.4620585367995376,1.1283745670157792,0.8865798209722979,-2.9658207286368214,0.023434343434343436,0.05800000000000002,-0.5269086682921831
scene-0553,CAM_BACK_LEFT,33,3,car,0.9649122953414917,0.8362207251562804,3.444108078699865,0.7932574746065479,4.549120024253527,1.5309555217925963,1.403625898740867,-2.9370436832698776,-0.013721782082542378,0.3514285714285714,3.321000000000001,0.8362207251562804,3.444108078699865,0.7932574746065479,4.549120024253527,1.5309555217925963,1.403625898740867,-2.9370436832698776,0.3514285714285714,3.321000000000001,-0.013721782082542378
scene-0553,CAM_FRONT,34,0,car,0.5311355590820312,108.21983199837652,12.004194730149232,0.14578194821452412,1.8094902371138062,1.8180000882147738,0.7005904481127695,1.4977310051889,-0.24381492116055026,0.0,0.0,108.21983199837652,12.004194730149232,0.14578194821452412,1.8094902371138062,1.8180000882147738,0.7005904481127695,1.4977310051889,0.0,0.0,-0.24381492116055026
scene-0553,CAM_FRONT,34,1,car,0.8904109597206116,45.2476984214549,11.447625235812236,0.8339707714249199,3.7514963993295254,2.1555264106937795,1.8583292169163685,-3.037836999902495,-0.08126495386505872,0.0,0.0,45.2476984214549,11.447625235812236,0.8339707714249199,3.7514963993295254,2.1555264106937795,1.8583292169163685,-3.037836999902495,0.0,0.0,-0.08126495386505872
scene-0553,CAM_FRONT,34,2,car,0.8904109597206116,47.52685206508485,14.968053509067426,0.672551732625377,4.226691267577557,1.9568937893023408,1.7201043837801142,-2.923237252783781,0.008206916164323008,0.0004201680672268908,0.006000000000000002,47.52685206508485,14.968053509067426,0.672551732625377,4.226691267577557,1.9568937893023408,1.7201043837801142,-2.923237252783781,0.0004201680672268908,0.006000000000000002,0.008206916164323008
scene-0553,CAM_FRONT,34,3,car,0.6246334314346313,133.05623189310916,19.771488787639893,-2.340193369338201,1.913807903187422,1.9569194632624658,1.5736828133052163,1.5861310042591756,2.5936666057294264,0.0,0.0,133.05623189310916,19.771488787639893,-2.340193369338201,1.913807903187422,1.9569194632624658,1.5736828133052163,1.5861310042591756,0.0,0.0,2.5936666057294264
scene-0553,CAM_FRONT,34,4,car,0.675126850605011,132.490906065577,15.819358027967436,-0.8853724451295572,3.055859353384079,1.7911676404915795,1.2449386759813403,-2.8872900837117,0.9798615747233157,0.0,0.0,132.490906065577,15.819358027967436,-0.8853724451295572,3.055859353384079,1.7911676404915795,1.2449386759813403,-2.8872900837117,0.0,0.0,0.9798615747233157
scene-0553,CAM_FRONT,34,0,truck,0.6995305418968201,89.27434024435077,7.895340120379408,0.6868500055410498,4.112117280683705,2.6727431847906544,2.3673042688590216,3.107296617864158,0.11573178324827849,0.0,0.0,89.27434024435077,7.895340120379408,0.6868500055410498,4.112117280683705,2.6727431847906544,2.3673042688590216,3.107296617864158,0.0,0.0,0.11573178324827849
scene-0553,CAM_FRONT_LEFT,34,0,car,0.7655677795410156,2.4934875013068774,22.448592562024064,1.2058101831846295,0.5839390937380635,0.3850099813805645,0.5838222280020676,2.213456514157422,-1.1261445484097081,0.08333333333333333,0.012000000000000004,2.4934875013068774,22.448592562024064,1.2058101831846295,0.5839390937380635,0.3850099813805645,0.5838222280020676,2.213456514157422,0.08333333333333333,0.012000000000000004,-1.1261445484097081
scene-0553,CAM_FRONT_LEFT,34,1,car,0.9569892287254333,2.2789832913968793,3.267779128115798,0.7362497861062669,3.3683735060749784,1.5812817779688104,1.0693201455894257,2.781985230218181,-0.0732356109384309,0.3572860962566845,2.138000000000001,2.2789832913968793,3.267779128115798,0.7362497861062669,3.3683735060749784,1.5812817779688104,1.0693201455894257,2.781985230218181,0.3572860962566845,2.138000000000001,-0.0732356109384309
scene-0553,CAM_FRONT_LEFT,34,2,car,0.6246334314346313,34.7537634739307,54.93843615600774,0.8980191003287955,3.4924313182920415,2.545412761095621,1.2745175676280145,0.849665917524253,-0.7820969912050348,0.0,0.0,34.7537634739307,54.93843615600774,0.8980191003287955,3.4924313182920415,2.545412761095621,1.2745175676280145,0.849665917524253,0.0,0.0,-0.7820969912050348
scene-0553,CAM_FRONT_LEFT,34,3,car,0.7697842121124268,36.34430705549259,64.1575749342976,0.5617893327259552,4.600010812858104,2.775928675888693,2.363113649033176,2.4494567733025128,0.07500106570420695,0.0,0.0,36.34430705549259,64.1575749342976,0.5617893327259552,4.600010812858104,2.775928675888693,2.363113649033176,2.4494567733025128,0.0,0.0,0.07500106570420695
scene-0553,CAM_FRONT_LEFT,34,4,car,0.8987342119216919,38.08962632168366,46.41545446169446,0.8611036530267011,4.344917151204449,2.2017326001463076,1.5702454665301624,1.5780374297225566,-0.5940118016433338,0.003171247357293869,0.04800000000000001,38.08962632168366,46.41545446169446,0.8611036530267011,4.344917151204449,2.2017326001463076,1.5702454665301624,1.5780374297225566,0.003171247357293869,0.04800000000000001,-0.5940118016433338
scene-0553,CAM_FRONT_LEFT,34,5,car,0.7852349281311035,34.354949146549764,49.11236384074887,0.8945068199510914,2.4237456515858113,1.5279105432529576,1.274318259634119,2.334872902785349,-0.7654858699130846,0.0,0.0,34.354949146549764,49.11236384074887,0.8945068199510914,2.4237456515858113,1.5279105432529576,1.274318259634119,2.334872902785349,0.0,0.0,-0.7654858699130846
scene-0553,CAM_FRONT_RIGHT,34,0,car,0.7968254089355469,12.0306125403061,-33.77350884721028,1.071612862417783,1.5140645579589744,0.6763974458276443,0.5395009406815234,1.8389220604293979,-0.15409198726134743,0.0,0.0,12.0306125403061,-33.77350884721028,1.071612862417783,1.5140645579589744,0.6763974458276443,0.5395009406815234,1.8389220604293979,0.0,0.0,-0.15409198726134743
scene-0553,CAM_FRONT_RIGHT,34,1,car,0.8128654956817627,16.98517919476755,-25.596389077056454,1.817531149666649,2.428690652489106,1.0289007243868014,0.8473188966465808,1.3923314888340996,-0.8894613152578486,0.0078125,0.015000000000000003,16.98517919476755,-25.596389077056454,1.817531149666649,2.428690652489106,1.0289007243868014,0.8473188966465808,1.3923314888340996,0.0078125,0.015000000000000003,-0.8894613152578486
scene-0553,CAM_FRONT_RIGHT,34,2,car,0.7460317611694336,13.616634708080486,-33.54049652325016,2.146805613005081,3.1363935671149363,1.535704291238531,1.2794182401397818,1.4569008662717844,-0.8638809558639622,0.005789909015715467,0.03500000000000001,13.616634708080486,-33.54049652325016,2.146805613005081,3.1363935671149363,1.535704291238531,1.2794182401397818,1.4569008662717844,0.005789909015715467,0.03500000000000001,-0.8638809558639622
scene-0553,CAM_FRONT_RIGHT,34,3,car,0.859649121761322,13.320278073725955,-28.879447223108404,1.6813347334693454,1.7658475401826763,0.8511091568578877,0.7201523687744844,1.4977158321351525,-0.7536489409087328,0.0,0.0,13.320278073725955,-28.879447223108404,1.6813347334693454,1.7658475401826763,0.8511091568578877,0.7201523687744844,1.4977158321351525,0.0,0.0,-0.7536489409087328
scene-0553,CAM_FRONT_RIGHT,34,4,car,0.8987342119216919,13.082971229400409,-23.146138328645783,1.577550866725101,3.3162275859692976,1.5196813304379475,1.1279234112254901,1.6309742250943269,-0.5326779062295435,0.0,0.0,13.082971229400409,-23.146138328645783,1.577550866725101,3.3162275859692976,1.5196813304379475,1.1279234112254901,1.6309742250943269,0.0,0.0,-0.5326779062295435
scene-0553,CAM_FRONT_RIGHT,34,5,car,0.518796980381012,36.20860666004368,-41.81880359717841,2.0958250956592233,0.8382015733991821,0.8461103735890632,0.5446554458637463,0.8610984893771101,-1.083048301796869,0.0,0.0,36.20860666004368,-41.81880359717841,2.0958250956592233,0.8382015733991821,0.8461103735890632,0.5446554458637463,0.8610984893771101,0.0,0.0,-1.083048301796869
scene-0553,CAM_BACK,34,0,truck,0.976608157157898,-10.302693630393952,3.654061157883459,1.6999925767389357,13.122044110483097,3.403334608306608,5.201009820926858,-3.047988590103929,1.0225578134393638,0.06770923284169804,15.682000000000004,-10.302693630393952,3.654061157883459,1.6999925767389357,13.122044110483097,3.403334608306608,5.201009820926858,-3.047988590103929,0.06770923284169804,15.682000000000004,1.0225578134393638
scene-0553,CAM_BACK,34,1,truck,0.8947368264198303,-6.659252163658624,0.17605368768529717,0.8924983776468086,4.470898773360367,2.855007952063327,2.429436702618089,-3.1410714987667205,0.29921535239491714,0.1844508301404853,5.777000000000001,-6.659252163658624,0.17605368768529717,0.8924983776468086,4.470898773360367,2.855007952063327,2.429436702618089,-3.1410714987667205,0.1844508301404853,5.777000000000001,0.29921535239491714
scene-0553,CAM_BACK_LEFT,34,0,car,0.7500000596046448,1.0755237449312582,22.684360527099752,0.8771292574483254,2.5380070624943674,1.168295327534885,0.9121116983852171,-2.9592071387669745,-0.6931034041739907,0.015555555555555555,0.04200000000000001,1.0755237449312582,22.684360527099752,0.8771292574483254,2.5380070624943674,1.168295327534885,0.9121116983852171,-2.9592071387669745,0.015555555555555555,0.04200000000000001,-0.6931034041739907
scene-0553,CAM_BACK_LEFT,34,1,car,0.5897435545921326,2.238256632122887,22.564190680088153,1.1053642653790348,0.5413455990774878,0.30907342359691725,0.4618139892099188,-2.6813397792059273,-1.1542452582447023,0.0,0.0,2.238256632122887,22.564190680088153,1.1053642653790348,0.5413455990774878,0.30907342359691725,0.4618139892099188,-2.6813397792059273,0.0,0.0,-1.1542452582447023
scene-0553,CAM_BACK_LEFT,34,2,car,0.96875,0.8250684128503524,3.453916856518657,0.7572439672084196,4.743336929121666,1.5839868686005776,1.4729971567077456,-2.938344653108908,0.11823170663018678,0.3472517730496454,3.917000000000001,0.8250684128503524,3.453916856518657,0.7572439672084196,4.743336929121666,1.5839868686005776,1.4729971567077456,-2.938344653108908,0.3472517730496454,3.917000000000001,0.11823170663018678
scene-0553,CAM_FRONT,35,0,car,0.8827838897705078,46.01366357825019,11.619548786797138,0.8581166431231607,3.8089407226530625,2.195159976846451,1.8813999781583928,-3.0621564812180657,-0.15765774946766276,0.0,0.0,46.01366357825019,11.619548786797138,0.8581166431231607,3.8089407226530625,2.195159976846451,1.8813999781583928,-3.0621564812180657,0.0,0.0,-0.15765774946766276
scene-0553,CAM_FRONT,35,1,car,0.8827838897705078,47.305723474981775,14.960751061261604,0.7200076660477958,3.994558481150257,1.8450482476850851,1.6610416205841247,-3.056754772287744,-0.1299135004386176,0.0,0.0,47.305723474981775,14.960751061261604,0.7200076660477958,3.994558481150257,1.8450482476850851,1.6610416205841247,-3.056754772287744,0.0,0.0,-0.1299135004386176
scene-0553,CAM_FRONT,35,2,car,0.6483516097068787,134.0006442207512,16.722285351469512,-1.0274540938368784,2.6755231483017496,1.8358755287778323,1.420424201097024,-3.004828811662372,1.243749533838134,0.0,0.0,134.0006442207512,16.722285351469512,-1.0274540938368784,2.6755231483017496,1.8358755287778323,1.420424201097024,-3.004828811662372,0.0,0.0,1.243749533838134
scene-0553,CAM_FRONT,35,3,car,0.5345454812049866,107.27135116758548,12.027698090128506,0.2521050365956732,2.073847643279393,1.9333072521105237,0.44080811457821545,2.4550184989285,-0.45259384377227896,0.0,0.0,107.27135116758548,12.027698090128506,0.2521050365956732,2.073847643279393,1.9333072521105237,0.44080811457821545,2.4550184989285,0.0,0.0,-0.45259384377227896
scene-0553,CAM_FRONT,35,0,truck,0.6604774594306946,89.40839425514302,8.170528756975099,0.9458152575199456,3.7808507611175344,2.29366908833196,2.218425640880545,3.109014383122346,-0.21100975829434898,0.0,0.0,89.40839425514302,8.170528756975099,0.9458152575199456,3.7808507611175344,2.29366908833196,2.218425640880545,3.109014383122346,0.0,0.0,-0.21100975829434898
scene-0553,CAM_FRONT_LEFT,35,0,car,0.7770034670829773,2.500361746313974,22.44773572490248,1.2459048871755338,0.9381299064126678,0.5947867924977288,0.4291726211501945,2.9899515856118195,-1.138292790915851,0.018518518518518517,0.004000000000000001,2.500361746313974,22.44773572490248,1.2459048871755338,0.9381299064126678,0.5947867924977288,0.4291726211501945,2.9899515856118195,0.018518518518518517,0.004000000000000001,-1.138292790915851
scene-0553,CAM_FRONT_LEFT,35,1,car,0.9532163739204407,2.3494823422532884,3.2825609732807544,0.7535401685369213,3.3076668493609547,1.5570722179282384,1.0433409454619393,2.7997859810628136,-0.04162348630373147,0.3736742424242424,1.9730000000000003,2.3494823422532884,3.2825609732807544,0.7535401685369213,3.3076668493609547,1.5570722179282384,1.0433409454619393,2.7997859810628136,0.3736742424242424,1.9730000000000003,-0.04162348630373147
scene-0553,CAM_FRONT_LEFT,35,2,car,0.6332378387451172,34.37817294818797,54.61556040236972,0.9278998103923741,2.9031056453898003,2.90799499880195,0.6963435087571036,-2.3757386712922055,-0.68332291048789,0.0,0.0,34.37817294818797,54.61556040236972,0.9278998103923741,2.9031056453898003,2.90799499880195,0.6963435087571036,-2.3757386712922055,0.0,0.0,-0.68332291048789
scene-0553,CAM_FRONT_LEFT,35,3,car,0.5661016702651978,7.495395277073469,22.311776076134887,1.7924760490835185,0.4493183102874525,0.44871436815785515,0.2790062508911437,-2.8383465894113393,-1.850932868243774,0.1875,0.009000000000000003,7.495395277073469,22.311776076134887,1.7924760490835185,0.4493183102874525,0.44871436815785515,0.2790062508911437,-2.8383465894113393,0.1875,0.009000000000000003,-1.850932868243774
scene-0553,CAM_FRONT_LEFT,35,4,car,0.7815700173377991,28.148211793549134,49.15489789869056,1.2794223026770064,2.75962618837975,1.6642788709194747,1.3944076188129686,2.315082041583147,-0.6262289387461004,0.004351740696278511,0.029000000000000005,28.148211793549134,49.15489789869056,1.2794223026770064,2.75962618837975,1.6642788709194747,1.3944076188129686,2.315082041583147,0.004351740696278511,0.029000000000000005,-0.6262289387461004
scene-0553,CAM_FRONT_LEFT,35,5,car,0.7500000596046448,34.750792932136925,49.675072430761375,0.8083265068129761,2.4960115808166776,1.5040986834656138,1.3697452968288002,2.2469081380405442,-0.3623694657317593,0.0,0.0,34.750792932136925,49.675072430761375,0.8083265068129761,2.4960115808166776,1.5040986834656138,1.3697452968288002,2.2469081380405442,0.0,0.0,-0.3623694657317593
scene-0553,CAM_FRONT_LEFT,35,6,car,0.8865247964859009,38.188557535115734,46.46673115231191,0.8444563490575059,4.035662033318879,1.9500544374853988,1.4913625999627333,1.7160725814201134,-0.37003429733282256,0.003,0.03600000000000001,38.188557535115734,46.46673115231191,0.8444563490575059,4.035662033318879,1.9500544374853988,1.4913625999627333,1.7160725814201134,0.003,0.03600000000000001,-0.37003429733282256
scene-0553,CAM_FRONT_RIGHT,35,0,car,0.8518518805503845,15.267593679145394,-27.897954732053478,1.8768314254344518,2.6613761990832607,1.1989908994831993,0.9446274386949316,1.6078832584944998,-0.6890647966173815,0.0,0.0,15.267593679145394,-27.897954732053478,1.8768314254344518,2.6613761990832607,1.1989908994831993,0.9446274386949316,1.6078832584944998,0.0,0.0,-0.6890647966173815
scene-0553,CAM_FRONT_RIGHT,35,1,car,0.8750000596046448,23.60025260762633,-36.108425329214725,1.9195884049496899,5.073054204242574,2.1431548199047157,1.696104317629044,1.7759414571346828,-0.1749054821275995,0.001812489701763058,0.03300000000000001,23.60025260762633,-36.108425329214725,1.9195884049496899,5.073054204242574,2.1431548199047157,1.696104317629044,1.7759414571346828,0.001812489701763058,0.03300000000000001,-0.1749054821275995
scene-0553,CAM_FRONT_RIGHT,35,2,car,0.8709677457809448,16.532824956868733,-37.51611273117478,2.0976470969116185,2.843643827142216,1.6557779604746798,1.4552022181475834,1.304850519926276,-0.5579272191458102,0.0008403361344537816,0.006000000000000002,16.532824956868733,-37.51611273117478,2.0976470969116185,2.843643827142216,1.6557779604746798,1.4552022181475834,1.304850519926276,0.0008403361344537816,0.006000000000000002,-0.5579272191458102
scene-0553,CAM_FRONT_RIGHT,35,3,car,0.7264957427978516,23.604754325152058,-61.74635005580724,2.3838608648166395,6.130937537645792,3.3705668292651154,2.648438024451397,1.5208950938427177,0.04631577470550674,0.0,0.0,23.604754325152058,-61.74635005580724,2.3838608648166395,6.130937537645792,3.3705668292651154,2.648438024451397,1.5208950938427177,0.0,0.0,0.04631577470550674
scene-0553,CAM_BACK,35,0,truck,0.9726027250289917,-10.552506190099779,3.691053359183467,1.735344723975707,13.379039375142318,3.428909238383111,4.931094265071514,-3.0650901834310935,0.680130438931716,0.06532314418304636,14.583000000000004,-10.552506190099779,3.691053359183467,1.735344723975707,13.379039375142318,3.428909238383111,4.931094265071514,-3.0650901834310935,0.06532314418304636,14.583000000000004,0.680130438931716
scene-0553,CAM_BACK,35,1,truck,0.8827838897705078,-6.62495398730034,0.19267600078720795,0.8858029823574616,4.4713725499208,2.898791284251768,2.336574159398838,3.1377124915571866,0.2844904660535481,0.19177078127602865,5.756000000000001,-6.62495398730034,0.19267600078720795,0.8858029823574616,4.4713725499208,2.898791284251768,2.336574159398838,3.1377124915571866,0.19177078127602865,5.756000000000001,0.2844904660535481
scene-0553,CAM_BACK_LEFT,35,0,car,0.6995305418968201,0.9714308250671001,22.671188830234932,0.940479702957833,2.5884033218952203,1.2012000700820522,0.9373216371851198,-2.933952131406797,-0.4454847774431234,0.02207977207977208,0.06200000000000001,0.9714308250671001,22.671188830234932,0.940479702957833,2.5884033218952203,1.2012000700820522,0.9373216371851198,-2.933952131406797,0.02207977207977208,0.06200000000000001,-0.4454847774431234
scene-0553,CAM_BACK_LEFT,35,1,car,0.5311355590820312,2.322034631947617,22.584540720758177,1.0319845444612619,0.5825185311667767,0.18664351345936225,0.4561822899660458,2.6650992683956,-0.8206019523156107,0.0,0.0,2.322034631947617,22.584540720758177,1.0319845444612619,0.5825185311667767,0.18664351345936225,0.4561822899660458,2.6650992683956,0.0,0.0,-0.8206019523156107
scene-0553,CAM_BACK_LEFT,35,2,car,0.9609756469726562,0.8102785797644231,3.4404776781589232,0.7903386743668911,4.5289507364672,1.515019193540541,1.4121544527796364,-2.933340920586605,0.255819826532357,0.3523809523809524,3.3300000000000014,0.8102785797644231,3.4404776781589232,0.7903386743668911,4.5289507364672,1.515019193540541,1.4121544527796364,-2.933340920586605,0.3523809523809524,3.3300000000000014,0.255819826532357
scene-0553,CAM_FRONT,36,0,car,0.6521739363670349,142.92364503738182,17.479542510202236,-1.8555087933295673,2.0995425798276264,2.1217418322738695,0.7958446634030745,1.63399680310316,1.3914863899809031,0.0,0.0,142.92364503738182,17.479542510202236,-1.8555087933295673,2.0995425798276264,2.1217418322738695,0.7958446634030745,1.63399680310316,0.0,0.0,1.3914863899809031
scene-0553,CAM_FRONT,36,1,car,0.8904109597206116,48.05676379575751,15.201540087788088,0.7424718124630945,4.103118274457792,1.920275838563331,1.7280390268733457,-2.988242743908685,-0.0731496790923396,0.0,0.0,48.05676379575751,15.201540087788088,0.7424718124630945,4.103118274457792,1.920275838563331,1.7280390268733457,-2.988242743908685,0.0,0.0,-0.0731496790923396
scene-0553,CAM_FRONT,36,2,car,0.8865247964859009,46.668021907653404,11.769653994978043,0.7160668708909693,4.395768334726341,2.0285896715261478,2.0185678793161417,-3.0470624390939562,0.075973382448704,0.0005681818181818182,0.010000000000000002,46.668021907653404,11.769653994978043,0.7160668708909693,4.395768334726341,2.0285896715261478,2.0185678793161417,-3.0470624390939562,0.0005681818181818182,0.010000000000000002,0.075973382448704
scene-0553,CAM_FRONT,36,3,car,0.5747508406639099,118.07793296323491,12.82346410658637,-0.11097129904089698,1.9434779233659611,1.768845461377854,0.677321550188765,-3.058910258268561,-0.2607369763674976,0.0,0.0,118.07793296323491,12.82346410658637,-0.11097129904089698,1.9434779233659611,1.768845461377854,0.677321550188765,-3.058910258268561,0.0,0.0,-0.2607369763674976
scene-0553,CAM_FRONT,36,0,truck,0.6800000071525574,95.60385211789257,8.546250938846587,0.7796866795915305,3.8739387681962825,2.4907715806614235,2.368027601009845,3.1004364130323627,-0.15882477508651638,0.0,0.0,95.60385211789257,8.546250938846587,0.7796866795915305,3.8739387681962825,2.4907715806614235,2.368027601009845,3.1004364130323627,0.0,0.0,-0.15882477508651638
scene-0553,CAM_FRONT_LEFT,36,0,car,0.7968254089355469,2.3791217600826284,22.475134173465538,1.2072028295057888,0.5668722178032919,0.42015088211673657,0.523060184820094,2.5336042367814935,-1.1069872692565008,0.075,0.009000000000000001,2.3791217600826284,22.475134173465538,1.2072028295057888,0.5668722178032919,0.42015088211673657,0.523060184820094,2.5336042367814935,0.075,0.009000000000000001,-1.1069872692565008
scene-0553,CAM_FRONT_LEFT,36,1,car,0.9569892287254333,2.3264833973433148,3.2639940729369443,0.7626107073502304,3.238288997864641,1.5069601889907824,1.0214242085019078,2.800525170455379,-0.08324007834761327,0.385,1.8480000000000003,2.3264833973433148,3.2639940729369443,0.7626107073502304,3.238288997864641,1.5069601889907824,1.0214242085019078,2.800525170455379,0.385,1.8480000000000003,-0.08324007834761327
scene-0553,CAM_FRONT_LEFT,36,2,car,0.5241636037826538,36.20931497488032,58.68392108836739,0.4715736169041581,2.318839008311439,2.0408308571791522,0.9096455340418721,2.110214072773744,-0.20698631564822145,0.0,0.0,36.20931497488032,58.68392108836739,0.4715736169041581,2.318839008311439,2.0408308571791522,0.9096455340418721,2.110214072773744,0.0,0.0,-0.20698631564822145
scene-0553,CAM_FRONT_LEFT,36,3,car,0.8750000596046448,37.951182425193394,46.30685019012124,0.7640768524722145,3.942255279889231,1.8901489749298719,1.4730895735844023,1.6897492060939603,-0.30880930500267567,0.0016194331983805667,0.018000000000000002,37.951182425193394,46.30685019012124,0.7640768524722145,3.942255279889231,1.8901489749298719,1.4730895735844023,1.6897492060939603,0.0016194331983805667,0.018000000000000002,-0.30880930500267567
scene-0553,CAM_FRONT_LEFT,36,4,car,0.7697842121124268,28.081460060885462,49.1473653587613,1.2458678181866616,2.9129585782177827,1.8825826784559325,1.5227894544233773,2.3875155913058377,-0.684666183201955,0.003266787658802178,0.027000000000000007,28.081460060885462,49.1473653587613,1.2458678181866616,2.9129585782177827,1.8825826784559325,1.5227894544233773,2.3875155913058377,0.003266787658802178,0.027000000000000007,-0.684666183201955
scene-0553,CAM_FRONT_LEFT,36,5,car,0.7264957427978516,34.057651253132256,48.60611622041233,0.8893677591230015,2.5019817071005424,1.4946858763873863,1.2707373363968897,2.350580854878379,-0.5226419336941794,0.0,0.0,34.057651253132256,48.60611622041233,0.8893677591230015,2.5019817071005424,1.4946858763873863,1.2707373363968897,2.350580854878379,0.0,0.0,-0.5226419336941794
scene-0553,CAM_FRONT_RIGHT,36,0,car,0.8358974456787109,17.806691904432697,-44.40274263830792,1.9632919802640116,5.114188177174327,2.3030775231374854,1.7129095988951901,1.4339174275083573,-0.9173163747422741,0.0,0.0,17.806691904432697,-44.40274263830792,1.9632919802640116,5.114188177174327,2.3030775231374854,1.7129095988951901,1.4339174275083573,0.0,0.0,-0.9173163747422741
scene-0553,CAM_FRONT_RIGHT,36,1,car,0.6878048777580261,12.96636783720509,-35.39993863998135,1.7628370012170744,1.4044059406543283,1.0233999591334824,0.4753746134600143,1.714290624592492,-1.2562085304703436,0.0,0.0,12.96636783720509,-35.39993863998135,1.7628370012170744,1.4044059406543283,1.0233999591334824,0.4753746134600143,1.714290624592492,0.0,0.0,-1.2562085304703436
scene-0553,CAM_FRONT_RIGHT,36,2,car,0.8439024686813354,20.014412980980353,-44.09676433064817,0.35854630124807113,2.1087544383571384,1.2548058569224203,1.2221036347459475,1.6182343990818102,0.43832093985193815,0.0,0.0,20.014412980980353,-44.09676433064817,0.35854630124807113,2.1087544383571384,1.2548058569224203,1.2221036347459475,1.6182343990818102,0.0,0.0,0.43832093985193815
scene-0553,CAM_FRONT_RIGHT,36,3,car,0.9179486632347107,18.18239713622768,-29.27102890910103,1.9758055798245466,3.425255075796219,1.4687688684524929,1.037045626229315,1.362231460078254,-1.1603750735622298,0.0,0.0,18.18239713622768,-29.27102890910103,1.9758055798245466,3.425255075796219,1.4687688684524929,1.037045626229315,1.362231460078254,0.0,0.0,-1.1603750735622298
scene-0553,CAM_BACK,36,0,truck,0.9726027250289917,-10.4872901859904,3.7195834630458933,1.7276414496615846,13.544091113172067,3.342090143970851,4.9777756155821,-3.05845038661909,0.716187154027903,0.06437261503928171,14.339000000000004,-10.4872901859904,3.7195834630458933,1.7276414496615846,13.544091113172067,3.342090143970851,4.9777756155821,-3.05845038661909,0.06437261503928171,14.339000000000004,0.716187154027903
scene-0553,CAM_BACK,36,1,truck,0.859649121761322,-6.609093419075187,0.19521419131386533,0.8678070440204715,4.4033550002328115,2.851411792147058,2.3052497316963563,3.126327597501633,0.2463229070575803,0.1738448957339512,5.102000000000001,-6.609093419075187,0.19521419131386533,0.8678070440204715,4.4033550002328115,2.851411792147058,2.3052497316963563,3.126327597501633,0.1738448957339512,5.102000000000001,0.2463229070575803
scene-0553,CAM_BACK_LEFT,36,0,car,0.6444444060325623,-3.9533342992034677,4.553716321675287,0.6158990044102253,0.3694675115019139,0.4518688034112121,0.48728656572253515,2.347291460928134,-0.3920430033005904,0.53,0.05300000000000001,-3.9533342992034677,4.553716321675287,0.6158990044102253,0.3694675115019139,0.4518688034112121,0.48728656572253515,2.347291460928134,0.53,0.05300000000000001,-0.3920430033005904
scene-0553,CAM_BACK_LEFT,36,1,car,0.675126850605011,1.0007264331812833,22.680535460873223,0.9872415625220688,2.5393315388276867,1.161759649488019,0.931631366778378,-2.9534940310047086,-0.6933452547909151,0.026296296296296297,0.07100000000000002,1.0007264331812833,22.680535460873223,0.9872415625220688,2.5393315388276867,1.161759649488019,0.931631366778378,-2.9534940310047086,0.026296296296296297,0.07100000000000002,-0.6933452547909151
scene-0553,CAM_BACK_LEFT,36,2,car,0.96875,0.8198940043092915,3.4434687021938153,0.7948768727416919,4.60932602300192,1.5505309808544996,1.4364911903956248,-2.9301412917051812,0.10617750908675094,0.359860248447205,3.708000000000001,0.8198940043092915,3.4434687021938153,0.7948768727416919,4.60932602300192,1.5505309808544996,1.4364911903956248,-2.9301412917051812,0.359860248447205,3.708000000000001,0.10617750908675094
scene-0553,CAM_BACK_LEFT,36,3,car,0.5508772134780884,2.207500358004317,22.56891251261542,1.0731083339159393,0.5376704411023852,0.21654810362556987,0.3993353728065677,-2.6465785805444266,-1.033228734523039,0.0,0.0,2.207500358004317,22.56891251261542,1.0731083339159393,0.5376704411023852,0.21654810362556987,0.3993353728065677,-2.6465785805444266,0.0,0.0,-1.033228734523039
scene-0553,CAM_FRONT,37,0,car,0.6097560524940491,141.45441404369296,18.318652610571565,-1.6204144247634382,2.4064118476663907,2.4185419976111007,0.8346880227958393,1.5921387063448087,1.34387972589143,0.0,0.0,141.45441404369296,18.318652610571565,-1.6204144247634382,2.4064118476663907,2.4185419976111007,0.8346880227958393,1.5921387063448087,0.0,0.0,1.34387972589143
scene-0553,CAM_FRONT,37,1,car,0.8904109597206116,47.97244109085,15.160784466138027,0.7871346249191529,4.083460748408008,1.922867645180041,1.688968417948859,-2.979489960567185,-0.21041295771565838,0.0,0.0,47.97244109085,15.160784466138027,0.7871346249191529,4.083460748408008,1.922867645180041,1.688968417948859,-2.979489960567185,0.0,0.0,-0.21041295771565838
scene-0553,CAM_FRONT,37,2,car,0.8865247964859009,46.07602775924013,11.743911743750209,0.8243781903790746,3.693941793309804,2.2142339121293784,1.838435716308108,-3.0543648451521435,-0.1815809850913841,0.0,0.0,46.07602775924013,11.743911743750209,0.8243781903790746,3.693941793309804,2.2142339121293784,1.838435716308108,-3.0543648451521435,0.0,0.0,-0.1815809850913841
scene-0553,CAM_FRONT,37,3,car,0.6132930517196655,116.20600061553017,23.105098150503466,0.5869398990822923,3.1036936133727124,3.0992223357028053,0.759305910613225,2.4112522958404563,-0.8005791204991599,0.0,0.0,116.20600061553017,23.105098150503466,0.5869398990822923,3.1036936133727124,3.0992223357028053,0.759305910613225,2.4112522958404563,0.0,0.0,-0.8005791204991599
scene-0553,CAM_FRONT,37,4,car,0.5897435545921326,109.86247159409923,9.666815309208294,-7.882137934974804,1.0067818471637224,0.9739700004658971,0.9848359220377478,-2.739434259591889,7.806799183557002,0.0,0.0,109.86247159409923,9.666815309208294,-7.882137934974804,1.0067818471637224,0.9739700004658971,0.9848359220377478,-2.739434259591889,0.0,0.0,7.806799183557002
scene-0553,CAM_FRONT,37,0,truck,0.6097560524940491,98.1758401725105,8.895933311604432,0.6485120219954666,3.638080680558147,2.034628982714821,2.2063010969571435,3.1224216383418075,-0.06499113078541907,0.0,0.0,98.1758401725105,8.895933311604432,0.6485120219954666,3.638080680558147,2.034628982714821,2.2063010969571435,3.1224216383418075,0.0,0.0,-0.06499113078541907
scene-0553,CAM_FRONT,37,0,construction vehicle,0.5428571701049805,16.14092531766362,-6.176358971994018,4.0783896560978805,1.2879575759341848,0.31135094797314977,1.7321171835251992,1.1818258832197168,-3.0558794814266506,0.0,0.0,16.14092531766362,-6.176358971994018,4.0783896560978805,1.2879575759341848,0.31135094797314977,1.7321171835251992,1.1818258832197168,0.0,0.0,-3.0558794814266506
scene-0553,CAM_FRONT,37,1,construction vehicle,0.5276752710342407,9.403053865210737,-2.278081609508326,0.8857688534359116,0.8502889883364286,0.3490205725896267,1.3530971329723278,1.0693146873487787,-0.18200301055538048,0.48677248677248675,0.18400000000000005,9.403053865210737,-2.278081609508326,0.8857688534359116,0.8502889883364286,0.3490205725896267,1.3530971329723278,1.0693146873487787,0.48677248677248675,0.18400000000000005,-0.18200301055538048
scene-0553,CAM_FRONT_LEFT,37,0,car,0.7770034670829773,2.3768202010209714,22.544741876161336,1.2187617040365697,1.0610614522842914,0.705496754825937,0.5257898940246682,-2.9037193429387056,-1.1228245526442002,0.04415584415584416,0.017000000000000005,2.3768202010209714,22.544741876161336,1.2187617040365697,1.0610614522842914,0.705496754825937,0.5257898940246682,-2.9037193429387056,0.04415584415584416,0.017000000000000005,-1.1228245526442002
scene-0553,CAM_FRONT_LEFT,37,1,car,0.9532163739204407,2.3568989762950596,3.231707801302395,0.7465348444371233,3.160392848091101,1.479640786482436,1.0044419853159086,2.7777749530889984,-0.1613856710845889,0.32354166666666667,1.5530000000000002,2.3568989762950596,3.231707801302395,0.7465348444371233,3.160392848091101,1.479640786482436,1.0044419853159086,2.7777749530889984,0.32354166666666667,1.5530000000000002,-0.1613856710845889
scene-0553,CAM_FRONT_LEFT,37,2,car,0.6444444060325623,36.55013918120613,58.474933131513914,0.6212285930767794,2.5968272033682958,2.6060118333623734,0.9698715112939125,2.9323418399505106,-0.5145208759792463,0.0,0.0,36.55013918120613,58.474933131513914,0.6212285930767794,2.5968272033682958,2.6060118333623734,0.9698715112939125,2.9323418399505106,0.0,0.0,-0.5145208759792463
scene-0553,CAM_FRONT_LEFT,37,3,car,0.7299578189849854,30.337025657872953,53.28517632714676,1.3009221934222708,3.049792195071591,1.933018982455657,1.5943459277143615,2.4642034991741117,-0.8539979239849509,0.0,0.0,30.337025657872953,53.28517632714676,1.3009221934222708,3.049792195071591,1.933018982455657,1.5943459277143615,2.4642034991741117,0.0,0.0,-0.8539979239849509
scene-0553,CAM_FRONT_LEFT,37,4,car,0.8827838897705078,38.076181068278835,46.71703110589591,0.8608748171160782,4.0688876267298255,2.3867361793915336,1.5158225308883846,1.7327412497094072,-0.528292432220363,0.0027100271002710027,0.04000000000000001,38.076181068278835,46.71703110589591,0.8608748171160782,4.0688876267298255,2.3867361793915336,1.5158225308883846,1.7327412497094072,0.0027100271002710027,0.04000000000000001,-0.528292432220363
scene-0553,CAM_FRONT_LEFT,37,5,car,0.7460317611694336,47.55233189045368,58.954515202667906,-5.377336021332409,5.93906937379213,3.590564559847877,3.0572424483464733,2.7616578476283546,6.475647800839737,0.0,0.0,47.55233189045368,58.954515202667906,-5.377336021332409,5.93906937379213,3.590564559847877,3.0572424483464733,2.7616578476283546,0.0,0.0,6.475647800839737
scene-0553,CAM_FRONT_RIGHT,37,0,car,0.8241757750511169,-15.063475110294332,-31.002283000550378,-14.981738244807932,21.319381695486477,9.061487661730851,6.953228111869153,1.6577531168196578,18.551590140381695,0.0,0.0,-15.063475110294332,-31.002283000550378,-14.981738244807932,21.319381695486477,9.061487661730851,6.953228111869153,1.6577531168196578,0.0,0.0,18.551590140381695
scene-0553,CAM_FRONT_RIGHT,37,1,car,0.7968254089355469,5.653373375850116,-8.773590588443973,1.5012105865010457,0.2435827766173455,0.2538395346238538,0.27680784745646125,1.0133286119389742,-1.054345056270282,0.0,0.0,5.653373375850116,-8.773590588443973,1.5012105865010457,0.2435827766173455,0.2538395346238538,0.27680784745646125,1.0133286119389742,0.0,0.0,-1.054345056270282
scene-0553,CAM_FRONT_RIGHT,37,2,car,0.6604774594306946,1.8697222661250152,-8.67682964313796,0.9147202926386111,0.3839926377902625,0.2648843703384667,0.20460065144744088,1.5423138784827868,-0.5850937526013835,0.5,0.012000000000000004,1.8697222661250152,-8.67682964313796,0.9147202926386111,0.3839926377902625,0.2648843703384667,0.20460065144744088,1.5423138784827868,0.5,0.012000000000000004,-0.5850937526013835
scene-0553,CAM_FRONT_RIGHT,37,3,car,0.9024390578269958,16.274882286884242,-26.630334849094513,1.9413725608724937,2.887037505716382,1.2148276799394004,0.8608526423906699,1.1176089024450508,-1.095153953281132,0.0,0.0,16.274882286884242,-26.630334849094513,1.9413725608724937,2.887037505716382,1.2148276799394004,0.8608526423906699,1.1176089024450508,0.0,0.0,-1.095153953281132
scene-0553,CAM_BACK,37,0,truck,0.9726027250289917,-10.60972542543215,3.6255208267090366,1.7011038443837818,13.57486373382446,3.4315841942624723,5.100891186319175,-3.0683598215063235,0.8695463226455109,0.06605773797408236,15.578000000000003,-10.60972542543215,3.6255208267090366,1.7011038443837818,13.57486373382446,3.4315841942624723,5.100891186319175,-3.0683598215063235,0.06605773797408236,15.578000000000003,0.8695463226455109
scene-0553,CAM_BACK,37,1,truck,0.8241757750511169,-6.596574898874312,0.18196044073742884,0.8892418873519343,4.417008260676303,2.851939440784412,2.3449563597347245,-3.141252712765107,0.27971163145128,0.18089818727000137,5.309000000000001,-6.596574898874312,0.18196044073742884,0.8892418873519343,4.417008260676303,2.851939440784412,2.3449563597347245,-3.141252712765107,0.18089818727000137,5.309000000000001,0.27971163145128
scene-0553,CAM_BACK_LEFT,37,0,car,0.5897435545921326,-3.9442901158193115,4.545969794493579,0.5586502085619902,0.5074319332959165,0.136396334333863,0.496023659825236,2.0783496590801547,-0.33019935646595394,0.4,0.010000000000000002,-3.9442901158193115,4.545969794493579,0.5586502085619902,0.5074319332959165,0.136396334333863,0.496023659825236,2.0783496590801547,0.4,0.010000000000000002,-0.33019935646595394
scene-0553,CAM_BACK_LEFT,37,1,car,0.7538461089134216,0.9471022229389237,22.65151544176635,1.0036935490747325,2.4112847480327058,1.1157564121670802,0.8700919082516381,-2.9633264555615586,-0.885059954425003,0.021464646464646464,0.05100000000000002,0.9471022229389237,22.65151544176635,1.0036935490747325,2.4112847480327058,1.1157564121670802,0.8700919082516381,-2.9633264555615586,0.021464646464646464,0.05100000000000002,-0.885059954425003
scene-0553,CAM_BACK_LEFT,37,2,car,0.9609756469726562,0.8230969903204072,3.442706905809108,0.7890232522864109,4.552898476555102,1.5452322334165856,1.4303496858823994,-2.9235081126843316,0.09298663050883849,0.35434782608695653,3.423000000000001,0.8230969903204072,3.442706905809108,0.7890232522864109,4.552898476555102,1.5452322334165856,1.4303496858823994,-2.9235081126843316,0.35434782608695653,3.423000000000001,0.09298663050883849
scene-0553,CAM_BACK_LEFT,37,3,car,0.604938268661499,2.313501911324822,22.645377111916776,1.0055054215759902,0.5230258514973798,0.4584239617005519,0.38440017801906057,0.9544657285764189,-1.1366868757259447,0.0,0.0,2.313501911324822,22.645377111916776,1.0055054215759902,0.5230258514973798,0.4584239617005519,0.38440017801906057,0.9544657285764189,0.0,0.0,-1.1366868757259447
scene-0553,CAM_FRONT,38,0,car,0.8904109597206116,48.45209693802475,15.387698108731191,0.7499894841728268,4.268951807729927,1.9367245287334924,1.6693250260808525,-3.000119028783949,-0.1984828296490937,0.0,0.0,48.45209693802475,15.387698108731191,0.7499894841728268,4.268951807729927,1.9367245287334924,1.6693250260808525,-3.000119028783949,0.0,0.0,-0.1984828296490937
scene-0553,CAM_FRONT,38,1,car,0.8865247964859009,46.56516872557829,11.827671455755619,0.8402601927264153,3.8013976352889642,2.1718103818540486,1.8760471106237673,-3.064736600342582,-0.17572578483922952,0.0,0.0,46.56516872557829,11.827671455755619,0.8402601927264153,3.8013976352889642,2.1718103818540486,1.8760471106237673,-3.064736600342582,0.0,0.0,-0.17572578483922952
scene-0553,CAM_FRONT,38,2,car,0.6132930517196655,133.9258868924131,17.521174441903018,-1.5362785423938143,2.177080116358269,2.168777460820877,0.7871229932108714,2.351912562901882,1.6422473299347664,0.0,0.0,133.9258868924131,17.521174441903018,-1.5362785423938143,2.177080116358269,2.168777460820877,0.7871229932108714,2.351912562901882,0.0,0.0,1.6422473299347664
scene-0553,CAM_FRONT,38,3,car,0.6289855241775513,95.13718902267988,20.776494837035465,1.8393337329928903,2.4730618114277334,1.572584836077695,0.8733570961799237,1.2595773154006944,-1.6925429112098436,0.0,0.0,95.13718902267988,20.776494837035465,1.8393337329928903,2.4730618114277334,1.572584836077695,0.8733570961799237,1.2595773154006944,0.0,0.0,-1.6925429112098436
scene-0553,CAM_FRONT,38,4,car,0.5508772134780884,109.12339841864868,11.034907054601788,-1.6342558554111932,1.2699069752283236,1.2873811072036148,1.0219165035439128,1.4156197579890115,1.855025556234053,0.0,0.0,109.12339841864868,11.034907054601788,-1.6342558554111932,1.2699069752283236,1.2873811072036148,1.0219165035439128,1.4156197579890115,0.0,0.0,1.855025556234053
scene-0553,CAM_FRONT,38,0,truck,0.6132930517196655,94.65425439001336,8.400674138755557,-0.5121091812775964,3.8907208800746815,2.3210357875677907,2.2106474556929316,-3.1080133314282348,1.3265769351650931,0.0,0.0,94.65425439001336,8.400674138755557,-0.5121091812775964,3.8907208800746815,2.3210357875677907,2.2106474556929316,-3.1080133314282348,0.0,0.0,1.3265769351650931
scene-0553,CAM_FRONT_LEFT,38,0,car,0.7968254089355469,2.4833193219899865,22.557588808384445,1.242151696905869,0.9231555173161827,0.5945747110528607,0.46833213814836805,-3.0711772988033603,-1.074555388273465,0.040740740740740744,0.011000000000000005,2.4833193219899865,22.557588808384445,1.242151696905869,0.9231555173161827,0.5945747110528607,0.46833213814836805,-3.0711772988033603,0.040740740740740744,0.011000000000000005,-1.074555388273465
scene-0553,CAM_FRONT_LEFT,38,1,car,0.9569892287254333,2.1942737895403455,3.2568928975882385,0.7531731525367475,3.3968082849274572,1.594752070764974,1.0803010489115086,2.791363905435339,-0.2006072189928585,0.3519385026737968,2.1060000000000008,2.1942737895403455,3.2568928975882385,0.7531731525367475,3.3968082849274572,1.594752070764974,1.0803010489115086,2.791363905435339,0.3519385026737968,2.1060000000000008,-0.2006072189928585
scene-0553,CAM_FRONT_LEFT,38,2,car,0.6683937907218933,39.27392216041925,52.587738394959715,-8.683797528079353,9.414080681474442,9.407066513740325,3.2635421679577865,2.893104858153408,10.145953358252132,0.0,0.0,39.27392216041925,52.587738394959715,-8.683797528079353,9.414080681474442,9.407066513740325,3.2635421679577865,2.893104858153408,0.0,0.0,10.145953358252132
scene-0553,CAM_FRONT_LEFT,38,3,car,0.5586206912994385,8.061275111649094,26.157276756099197,2.113999948980331,0.8280078184802679,0.5010824845622786,0.3901756129063587,2.4911640630783256,-1.9343584030986314,0.0,0.0,8.061275111649094,26.157276756099197,2.113999948980331,0.8280078184802679,0.5010824845622786,0.3901756129063587,2.4911640630783256,0.0,0.0,-1.9343584030986314
scene-0553,CAM_FRONT_LEFT,38,4,car,0.7500000596046448,26.017037791527976,45.103887650427666,1.2061960219063486,2.8559885446359807,1.3146320837012908,1.0906977874852264,2.1026182417748727,-0.7047673322071237,0.0016879672052085846,0.007000000000000002,26.017037791527976,45.103887650427666,1.2061960219063486,2.8559885446359807,1.3146320837012908,1.0906977874852264,2.1026182417748727,0.0016879672052085846,0.007000000000000002,-0.7047673322071237
scene-0553,CAM_FRONT_LEFT,38,5,car,0.8750000596046448,38.0816131552966,46.681613606142534,0.8392111094396956,4.004482309893966,2.1712676331409,1.4985820537655725,1.7833688466717772,-0.2924108146306932,0.00393939393939394,0.05200000000000001,38.0816131552966,46.681613606142534,0.8392111094396956,4.004482309893966,2.1712676331409,1.4985820537655725,1.7833688466717772,0.00393939393939394,0.05200000000000001,-0.2924108146306932
scene-0553,CAM_FRONT_LEFT,38,6,car,0.7620818018913269,35.59481972509766,49.826153483260626,0.528733671597642,2.4582101545772055,1.5036943250166104,1.2338027618827205,2.1527214869973204,-0.11843860424251673,0.004,0.018000000000000006,35.59481972509766,49.826153483260626,0.528733671597642,2.4582101545772055,1.5036943250166104,1.2338027618827205,2.1527214869973204,0.004,0.018000000000000006,-0.11843860424251673
scene-0553,CAM_FRONT_RIGHT,38,0,car,0.6167664527893066,5.670139702362121,-8.974522081438243,1.4823307424807783,0.2013798251336727,0.10781176044345897,0.1897353683066052,2.0475165025739677,-1.1047248495567237,0.0,0.0,5.670139702362121,-8.974522081438243,1.4823307424807783,0.2013798251336727,0.10781176044345897,0.1897353683066052,2.0475165025739677,0.0,0.0,-1.1047248495567237
scene-0553,CAM_FRONT_RIGHT,38,1,car,0.5747508406639099,10.633813675608312,-33.05835835594769,1.5885850187001618,0.8070798385213784,0.6075552245951101,0.773877772160962,2.6471222854620575,-0.5125144554689545,0.0,0.0,10.633813675608312,-33.05835835594769,1.5885850187001618,0.8070798385213784,0.6075552245951101,0.773877772160962,2.6471222854620575,0.0,0.0,-0.5125144554689545
scene-0553,CAM_FRONT_RIGHT,38,2,car,0.8904109597206116,16.01128691449103,-27.10520587740223,1.9657289839644636,2.91552085742385,1.2512407813096473,0.875401614615362,1.1321586327814452,-0.9459336861286758,0.0,0.0,16.01128691449103,-27.10520587740223,1.9657289839644636,2.91552085742385,1.2512407813096473,0.875401614615362,1.1321586327814452,0.0,0.0,-0.9459336861286758
scene-0553,CAM_FRONT_RIGHT,38,3,car,0.5540069937705994,4.526358760214348,-20.85041543094249,-3.0941814664953378,1.1252095661695023,0.3420565230190631,1.1241591235178374,1.4116998929618854,4.158387364351974,0.0,0.0,4.526358760214348,-20.85041543094249,-3.0941814664953378,1.1252095661695023,0.3420565230190631,1.1241591235178374,1.4116998929618854,0.0,0.0,4.158387364351974
scene-0553,CAM_BACK,38,0,truck,0.976608157157898,-10.785514092375372,3.6784518700187228,1.7974868197473348,13.67388764041237,3.7181210114246506,4.865803212585693,-3.043222315332114,0.7032856642286742,0.06832648229937073,16.971000000000004,-10.785514092375372,3.6784518700187228,1.7974868197473348,13.67388764041237,3.7181210114246506,4.865803212585693,-3.043222315332114,0.06832648229937073,16.971000000000004,0.7032856642286742
scene-0553,CAM_BACK,38,1,truck,0.8947368264198303,-6.611827883922925,0.1727969995762313,0.8801426418852283,4.418844876696268,2.867484831020769,2.328597564117106,-3.1367756285196857,0.24167051934684203,0.18178410794602698,5.335000000000001,-6.611827883922925,0.1727969995762313,0.8801426418852283,4.418844876696268,2.867484831020769,2.328597564117106,-3.1367756285196857,0.18178410794602698,5.335000000000001,0.24167051934684203
scene-0553,CAM_BACK_LEFT,38,0,car,0.5661016702651978,2.3030106927907563,22.586782171773486,1.0747861317712974,0.47465488491136476,0.2815716157389758,0.47661517892953686,2.867873529652607,-1.1319690456176863,0.0,0.0,2.3030106927907563,22.586782171773486,1.0747861317712974,0.47465488491136476,0.2815716157389758,0.47661517892953686,2.867873529652607,0.0,0.0,-1.1319690456176863
scene-0553,CAM_BACK_LEFT,38,1,car,0.7142857313156128,1.0198301435390067,22.70373618238098,0.9446722522353784,2.491229555996851,1.1516892778161356,0.9033811621217789,-2.9523334271891715,-0.7833640564283952,0.01814814814814815,0.049000000000000016,1.0198301435390067,22.70373618238098,0.9446722522353784,2.491229555996851,1.1516892778161356,0.9033811621217789,-2.9523334271891715,0.01814814814814815,0.049000000000000016,-0.7833640564283952
scene-0553,CAM_BACK_LEFT,38,2,car,0.9609756469726562,0.8207248308093248,3.4314310222251567,0.7934326661857016,4.567041228040807,1.5266652094463025,1.4189391750169151,-2.930478333186417,-0.05203148466307628,0.3575569358178054,3.4540000000000006,0.8207248308093248,3.4314310222251567,0.7934326661857016,4.567041228040807,1.5266652094463025,1.4189391750169151,-2.930478333186417,0.3575569358178054,3.4540000000000006,-0.05203148466307628
scene-0553,CAM_BACK_LEFT,38,3,car,0.5540069937705994,4.9316249237976,22.616128546782196,1.8421026033830104,0.5518374942407362,0.2669402469506572,0.3094974012003686,-3.028506998196207,-1.9974934396404311,0.0,0.0,4.9316249237976,22.616128546782196,1.8421026033830104,0.5518374942407362,0.2669402469506572,0.3094974012003686,-3.028506998196207,0.0,0.0,-1.9974934396404311
scene-0553,CAM_FRONT,39,0,car,0.8904109597206116,49.2338691966013,12.44522657437317,0.720001891531504,3.899666344003478,2.354679238750025,1.9277794752832136,-3.1142355285002394,-0.2357595220825699,0.0,0.0,49.2338691966013,12.44522657437317,0.720001891531504,3.899666344003478,2.354679238750025,1.9277794752832136,-3.1142355285002394,0.0,0.0,-0.2357595220825699
scene-0553,CAM_FRONT,39,1,car,0.8987342119216919,51.17210622289251,16.105693217419617,0.6265632027363793,4.296010589896028,1.973629957358252,1.7034207301848123,-3.036157779343749,-0.26046576651131326,0.0,0.0,51.17210622289251,16.105693217419617,0.6265632027363793,4.296010589896028,1.973629957358252,1.7034207301848123,-3.036157779343749,0.0,0.0,-0.26046576651131326
scene-0553,CAM_FRONT,39,2,car,0.5661016702651978,146.2385565501764,15.152983686103882,-2.3571774712191926,1.6131303174080727,1.624360274438942,0.5953100323901115,1.6736986919711239,1.6447589448193387,0.0,0.0,146.2385565501764,15.152983686103882,-2.3571774712191926,1.6131303174080727,1.624360274438942,0.5953100323901115,1.6736986919711239,0.0,0.0,1.6447589448193387
scene-0553,CAM_FRONT,39,0,truck,0.6683937907218933,121.00886049309729,10.672476558285497,-0.37475220143944643,5.0114629078882444,2.937441611865884,2.837704111004805,3.12069285446134,0.9415993712683259,0.0,0.0,121.00886049309729,10.672476558285497,-0.37475220143944643,5.0114629078882444,2.937441611865884,2.837704111004805,3.12069285446134,0.0,0.0,0.9415993712683259
scene-0553,CAM_FRONT_LEFT,39,0,car,0.7229437232017517,2.425788223925992,22.54480210642292,1.2531042404128647,0.8616244366573156,0.6051081150741098,0.38013503984523767,2.1977920400507505,-1.1707253635285189,0.125,0.027000000000000007,2.425788223925992,22.54480210642292,1.2531042404128647,0.8616244366573156,0.6051081150741098,0.38013503984523767,2.1977920400507505,0.125,0.027000000000000007,-1.1707253635285189
scene-0553,CAM_FRONT_LEFT,39,1,car,0.9452055096626282,2.2433690576749035,3.157293532486124,0.6837647783304607,3.2806145517289176,1.5083636953698747,1.0523807733900161,2.7994933937307542,0.0335118708290707,0.3199265381083563,1.7420000000000004,2.2433690576749035,3.157293532486124,0.6837647783304607,3.2806145517289176,1.5083636953698747,1.0523807733900161,2.7994933937307542,0.3199265381083563,1.7420000000000004,0.0335118708290707
scene-0553,CAM_FRONT_LEFT,39,2,car,0.5508772134780884,36.61022408843087,58.88636032504138,0.5504678016092366,2.857945442258462,2.8631756600984346,1.0348117204000422,-2.743434798957036,-0.33849813535223916,0.0,0.0,36.61022408843087,58.88636032504138,0.5504678016092366,2.857945442258462,2.8631756600984346,1.0348117204000422,-2.743434798957036,0.0,0.0,-0.33849813535223916
scene-0553,CAM_FRONT_LEFT,39,3,car,0.518796980381012,7.9273943409383,25.832633431513205,2.048498722565867,0.6465263719336356,0.6186789412379533,0.21301738378272672,1.2665750608284558,-2.041554605333374,0.0,0.0,7.9273943409383,25.832633431513205,2.048498722565867,0.6465263719336356,0.6186789412379533,0.21301738378272672,1.2665750608284558,0.0,0.0,-2.041554605333374
scene-0553,CAM_FRONT_LEFT,39,4,car,0.8787879347801208,38.091541223781284,46.297798622108864,0.8355087088350256,3.9991704883183345,1.9533416931432939,1.4747318782654222,1.6885437044263676,-0.46622916735017217,0.003833333333333333,0.04600000000000001,38.091541223781284,46.297798622108864,0.8355087088350256,3.9991704883183345,1.9533416931432939,1.4747318782654222,1.6885437044263676,0.003833333333333333,0.04600000000000001,-0.46622916735017217
scene-0553,CAM_FRONT_LEFT,39,5,car,0.7460317611694336,29.198736527374614,51.093488082976464,1.298743912057125,3.567056656781837,1.6099835281309751,1.2675727102180585,1.9922712561200218,-0.8982211687416137,0.0,0.0,29.198736527374614,51.093488082976464,1.298743912057125,3.567056656781837,1.6099835281309751,1.2675727102180585,1.9922712561200218,0.0,0.0,-0.8982211687416137
scene-0553,CAM_FRONT_LEFT,39,6,car,0.6831682920455933,35.76414719400555,51.65616083104044,0.7141084204715945,3.2252855425789404,1.94832565404311,1.84271771628341,2.5106326045035594,-0.1587427044578802,0.0,0.0,35.76414719400555,51.65616083104044,0.7141084204715945,3.2252855425789404,1.94832565404311,1.84271771628341,2.5106326045035594,0.0,0.0,-0.1587427044578802
scene-0553,CAM_FRONT_RIGHT,39,0,car,0.6952381134033203,23.44094648417597,-58.11404628228234,2.1431495560441425,4.296900260814283,2.088187863225116,1.5438300543126924,1.3350506067367933,-0.620741002429056,0.0,0.0,23.44094648417597,-58.11404628228234,2.1431495560441425,4.296900260814283,2.088187863225116,1.5438300543126924,1.3350506067367933,0.0,0.0,-0.620741002429056
scene-0553,CAM_FRONT_RIGHT,39,1,car,0.6878048777580261,5.139555877303309,-8.847631490919637,1.4658539410860412,0.23715336734505943,0.222384261426412,0.24379472988733086,1.2212115625097144,-1.0737092359400442,0.125,0.0010000000000000002,5.139555877303309,-8.847631490919637,1.4658539410860412,0.23715336734505943,0.222384261426412,0.24379472988733086,1.2212115625097144,0.125,0.0010000000000000002,-1.0737092359400442
scene-0553,CAM_FRONT_RIGHT,39,2,car,0.5857605338096619,4.478050286581239,-11.238551430258939,1.5666960029371886,0.31109025999391315,0.27402615433585,0.1546299569444214,-2.445825667106515,-1.1683305593580138,0.2222222222222222,0.004000000000000001,4.478050286581239,-11.238551430258939,1.5666960029371886,0.31109025999391315,0.27402615433585,0.1546299569444214,-2.445825667106515,0.2222222222222222,0.004000000000000001,-1.1683305593580138
scene-0553,CAM_FRONT_RIGHT,39,3,car,0.8904109597206116,16.20564374125573,-28.27023762879611,1.9567169928141022,2.4954835099868484,1.0778507410276248,0.7872469640249253,-2.4614370970493487,-1.0419813668082618,0.0,0.0,16.20564374125573,-28.27023762879611,1.9567169928141022,2.4954835099868484,1.0778507410276248,0.7872469640249253,-2.4614370970493487,0.0,0.0,-1.0419813668082618
scene-0553,CAM_BACK,39,0,truck,0.9726027250289917,-10.749006033711566,3.5765671036730944,1.7524760196633198,13.616758758270151,3.4054120997322217,4.946517573352516,-3.081965390528775,0.6833453466745458,0.06600434291363605,14.955000000000005,-10.749006033711566,3.5765671036730944,1.7524760196633198,13.616758758270151,3.4054120997322217,4.946517573352516,-3.081965390528775,0.06600434291363605,14.955000000000005,0.6833453466745458
scene-0553,CAM_BACK,39,1,truck,0.8518518805503845,-6.677077176125593,0.17385459252773003,0.8489955270959686,4.544434870749853,2.9505196216012477,2.2491153139969913,-3.1259309090643543,0.2050731703516695,0.18235690235690236,5.416000000000001,-6.677077176125593,0.17385459252773003,0.8489955270959686,4.544434870749853,2.9505196216012477,2.2491153139969913,-3.1259309090643543,0.18235690235690236,5.416000000000001,0.2050731703516695
scene-0553,CAM_BACK_LEFT,39,0,car,0.604938268661499,-3.8345289072797755,4.546709277449851,0.6265077300106174,0.33092707398084453,0.048752854081439256,0.32877097018669665,1.8714078757160675,-0.4761978594292358,0.6666666666666666,0.006000000000000002,-3.8345289072797755,4.546709277449851,0.6265077300106174,0.33092707398084453,0.048752854081439256,0.32877097018669665,1.8714078757160675,0.6666666666666666,0.006000000000000002,-0.4761978594292358
scene-0553,CAM_BACK_LEFT,39,1,car,0.9649122953414917,0.7745233433720773,3.4203421474473723,0.8092798934780222,4.537336162289177,1.521444321357635,1.4334249273738024,-2.9255054367583213,-0.014946014533667062,0.36074074074074075,3.409000000000001,0.7745233433720773,3.4203421474473723,0.8092798934780222,4.537336162289177,1.521444321357635,1.4334249273738024,-2.9255054367583213,0.36074074074074075,3.409000000000001,-0.014946014533667062
scene-0553,CAM_BACK_LEFT,39,2,car,0.7064220309257507,1.0605359884487422,22.59998418083779,0.9899279640324817,2.291593961729024,1.047907090651158,0.8574605270074558,-2.999405541670742,-0.5820404762312303,0.021739130434782608,0.045000000000000005,1.0605359884487422,22.59998418083779,0.9899279640324817,2.291593961729024,1.047907090651158,0.8574605270074558,-2.999405541670742,0.021739130434782608,0.045000000000000005,-0.5820404762312303
scene-0553,CAM_FRONT,40,0,car,0.8947368264198303,50.30756103804132,15.866723417778834,0.6475610313806722,4.428928975313113,1.9957536516100856,1.7741311505728905,-3.0331407970516215,0.09994640744260774,0.0,0.0,50.30756103804132,15.866723417778834,0.6475610313806722,4.428928975313113,1.9957536516100856,1.7741311505728905,-3.0331407970516215,0.0,0.0,0.09994640744260774
scene-0553,CAM_FRONT,40,1,car,0.8947368264198303,48.467241228289105,12.190013264926197,0.6234503004831191,4.643786325200459,2.234002486034872,1.9916607286391832,-3.0466871205541945,0.1452280142949991,0.0001976284584980237,0.004000000000000001,48.467241228289105,12.190013264926197,0.6234503004831191,4.643786325200459,2.234002486034872,1.9916607286391832,-3.0466871205541945,0.0001976284584980237,0.004000000000000001,0.1452280142949991
scene-0553,CAM_FRONT,40,2,car,0.5704697966575623,134.91182704372196,13.185605327216718,-2.4878585265105224,2.610052318092471,1.8776620909553454,1.1103167151520572,-3.0027521925354645,2.4170579645614048,0.0,0.0,134.91182704372196,13.185605327216718,-2.4878585265105224,2.610052318092471,1.8776620909553454,1.1103167151520572,-3.0027521925354645,0.0,0.0,2.4170579645614048
scene-0553,CAM_FRONT,40,0,truck,0.6683937907218933,121.26553493023512,10.856174386525451,0.709080106847737,4.811028415330483,2.895772760929555,2.789719847624043,3.1321217361667237,0.09165049300493378,0.0,0.0,121.26553493023512,10.856174386525451,0.709080106847737,4.811028415330483,2.895772760929555,2.789719847624043,3.1321217361667237,0.0,0.0,0.09165049300493378
scene-0553,CAM_FRONT_LEFT,40,0,car,0.7655677795410156,2.2883480938420315,22.735634045275493,1.3425721204789443,1.1000852834809631,0.7112417681305914,0.5562617983111293,-2.701054050385704,-1.2871814542678681,0.0021645021645021645,0.0010000000000000002,2.2883480938420315,22.735634045275493,1.3425721204789443,1.1000852834809631,0.7112417681305914,0.5562617983111293,-2.701054050385704,0.0021645021645021645,0.0010000000000000002,-1.2871814542678681
scene-0553,CAM_FRONT_LEFT,40,1,car,0.9569892287254333,2.2909163281850584,3.2013117297043343,0.7181701185776864,3.2577972502941326,1.497972608591588,1.0640546133045088,2.7909488279273864,-0.006243074686548056,0.359228650137741,1.9560000000000004,2.2909163281850584,3.2013117297043343,0.7181701185776864,3.2577972502941326,1.497972608591588,1.0640546133045088,2.7909488279273864,0.359228650137741,1.9560000000000004,-0.006243074686548056
scene-0553,CAM_FRONT_LEFT,40,2,car,0.6097560524940491,36.60611656914822,58.15221433024305,0.4624487501806773,2.8024461852503393,2.786153359066411,0.8562429228080606,1.61968275836267,-0.7060235940516104,0.0,0.0,36.60611656914822,58.15221433024305,0.4624487501806773,2.8024461852503393,2.786153359066411,0.8562429228080606,1.61968275836267,0.0,0.0,-0.7060235940516104
scene-0553,CAM_FRONT_LEFT,40,3,car,0.7500000596046448,28.63920681305764,49.26433902854712,1.0605270028011877,3.4525803108853026,1.5487655307596668,1.3527659551128475,1.8285799151774298,-0.963007824816755,0.005442176870748299,0.04000000000000001,28.63920681305764,49.26433902854712,1.0605270028011877,3.4525803108853026,1.5487655307596668,1.3527659551128475,1.8285799151774298,0.005442176870748299,0.04000000000000001,-0.963007824816755
scene-0553,CAM_FRONT_LEFT,40,4,car,0.8750000596046448,38.21004664879803,46.55140996291492,0.8592071829664487,4.169063668976577,2.03583399242801,1.4775779891045984,1.5941873669986386,-0.7071371053071549,0.002777777777777778,0.03500000000000001,38.21004664879803,46.55140996291492,0.8592071829664487,4.169063668976577,2.03583399242801,1.4775779891045984,1.5941873669986386,0.002777777777777778,0.03500000000000001,-0.7071371053071549
scene-0553,CAM_FRONT_LEFT,40,5,car,0.7575758099555969,36.5608695348945,52.19553684787584,0.8772439610661591,2.5959947788279756,1.5842021818699834,1.3008138996272272,2.1419856577479246,-0.8553489765273563,0.0,0.0,36.5608695348945,52.19553684787584,0.8772439610661591,2.5959947788279756,1.5842021818699834,1.3008138996272272,2.1419856577479246,0.0,0.0,-0.8553489765273563
scene-0553,CAM_FRONT_RIGHT,40,0,car,0.8012422323226929,23.11780774717777,-59.73860016585119,1.9658716142779429,4.086625645332155,1.8159813658404822,1.3134609157634274,1.5545912479193302,-0.12806820603307,0.0,0.0,23.11780774717777,-59.73860016585119,1.9658716142779429,4.086625645332155,1.8159813658404822,1.3134609157634274,1.5545912479193302,0.0,0.0,-0.12806820603307
scene-0553,CAM_FRONT_RIGHT,40,1,car,0.8048780560493469,5.535913593817959,-9.847334773804306,1.5424922690880307,0.6269968198697331,0.2846928401845181,0.2601802796392714,1.4922497084753392,-1.1520564020631185,0.14814814814814814,0.008000000000000002,5.535913593817959,-9.847334773804306,1.5424922690880307,0.6269968198697331,0.2846928401845181,0.2601802796392714,1.4922497084753392,0.14814814814814814,0.008000000000000002,-1.1520564020631185
scene-0553,CAM_FRONT_RIGHT,40,2,car,0.8987342119216919,15.004468657946543,-26.45704086918367,1.9900410497882692,2.505688377597659,1.1663567633118461,0.8145533899938631,0.8889269902783665,-0.8639400874039476,0.0,0.0,15.004468657946543,-26.45704086918367,1.9900410497882692,2.505688377597659,1.1663567633118461,0.8145533899938631,0.8889269902783665,0.0,0.0,-0.8639400874039476
scene-0553,CAM_BACK,40,0,truck,0.9726027250289917,-10.547785211647732,3.5995194701464874,1.7669170339707878,13.299666320300277,3.3627865955340512,4.973899400554974,-3.0674699007928243,0.7342492532541405,0.06555506413091552,14.822000000000003,-10.547785211647732,3.5995194701464874,1.7669170339707878,13.299666320300277,3.3627865955340512,4.973899400554974,-3.0674699007928243,0.06555506413091552,14.822000000000003,0.7342492532541405
scene-0553,CAM_BACK,40,1,truck,0.8632478713989258,-6.651361036216619,0.16385913603506666,0.8918430609665717,4.4232897631944885,2.871230251642613,2.342421548294784,-3.1349075781429114,0.24609396412734208,0.18399890963609106,5.400000000000001,-6.651361036216619,0.16385913603506666,0.8918430609665717,4.4232897631944885,2.871230251642613,2.342421548294784,-3.1349075781429114,0.18399890963609106,5.400000000000001,0.24609396412734208
scene-0553,CAM_BACK_LEFT,40,0,car,0.6404494643211365,-3.8009917196177803,4.490825956408365,0.6172178580787098,0.3234530630560557,0.05423485030916453,0.32703394139097164,1.2423980063464983,-0.4625806681525721,0.4444444444444444,0.004000000000000001,-3.8009917196177803,4.490825956408365,0.6172178580787098,0.3234530630560557,0.05423485030916453,0.32703394139097164,1.2423980063464983,0.4444444444444444,0.004000000000000001,-0.4625806681525721
scene-0553,CAM_BACK_LEFT,40,1,car,0.7344398498535156,1.08647537384881,22.62017640477676,0.9899136533159889,2.5073035209730117,1.1554189146399416,0.9182953253451127,-2.9319317155449967,-0.7382462424325256,0.024814814814814814,0.06700000000000002,1.08647537384881,22.62017640477676,0.9899136533159889,2.5073035209730117,1.1554189146399416,0.9182953253451127,-2.9319317155449967,0.024814814814814814,0.06700000000000002,-0.7382462424325256
scene-0553,CAM_BACK_LEFT,40,2,car,0.5151515007019043,2.357043483689142,22.788392747281126,1.117904893329684,0.7732981648959765,0.5020325491205071,0.41599552082396496,1.6621456638198453,-1.1071033632100218,0.0,0.0,2.357043483689142,22.788392747281126,1.117904893329684,0.7732981648959765,0.5020325491205071,0.41599552082396496,1.6621456638198453,0.0,0.0,-1.1071033632100218
scene-0553,CAM_BACK_LEFT,40,3,car,0.9569892287254333,0.8247486342725511,3.423837730259152,0.7822242291653184,4.534906857839104,1.5065888709559054,1.4046183049034553,-2.931804245852259,0.04896055140015587,0.3547089947089947,3.3520000000000008,0.8247486342725511,3.423837730259152,0.7822242291653184,4.534906857839104,1.5065888709559054,1.4046183049034553,-2.931804245852259,0.3547089947089947,3.3520000000000008,0.04896055140015587
