scene,frame_idx,gt_index,category,center_x,center_y,center_z,length,width,height,yaw,speed,below_ground,free_frac,free_m3
scene-0655,0,0,vehicle.car,24.90088963621768,-8.045282274092251,1.1238745458827306,4.893,2.065,1.938,-1.5724383844823997,0.0,-0.24429418648341195,0.005575162395785382,0.10900000000000003
scene-0655,0,1,vehicle.truck,-16.081900868640677,-8.534217648054078,0.9713273892993863,5.295,2.06,1.927,-1.6265139794387018,0.076422379482194,0.055434998810774516,0.04530193408048423,0.9580000000000003
scene-0655,0,2,vehicle.car,40.07512613967958,8.501607156361445,1.0373487500247032,4.959,1.943,1.499,-3.0766573541020477,0.0,-0.3022572890740305,0.000912280701754386,0.013000000000000003
scene-0655,0,3,vehicle.car,45.6963205003924,8.372189198924826,1.272123006239666,4.791,1.872,1.698,3.140172177644202,0.12546161621288113,-0.4105644705669418,0.017027863777089782,0.264
scene-0655,0,4,vehicle.car,103.16049585284175,6.719312026640939,1.3400502931394374,4.782,1.924,1.481,3.141131707797286,0.11997015096680944,-0.46561989312551366,0.0,0.0
scene-0655,0,5,vehicle.car,3.2398032397580416,-8.303065151100194,0.739207009655881,5.006,1.933,1.673,1.5818131923603913,0.0,-0.0003598472899676297,0.09021671826625387,1.457
scene-0655,0,6,vehicle.car,59.06207543239421,8.010299670329028,1.6189487070816635,5.765,2.078,2.301,-3.107772143544539,0.021885850410944072,-0.40699591226159315,0.0,0.0
scene-0655,0,7,vehicle.car,32.63962836868866,8.343343299056865,0.9736192508805416,4.73,1.869,1.456,3.12042333616229,0.0,-0.3097719908226154,0.0003732736095558044,0.005000000000000001
scene-0655,0,8,vehicle.truck,0.34991251754703373,-7.55378033655973,0.956144513049779,5.375,1.941,1.715,-1.5864941763385838,0.05452562848146937,-0.15579136402314664,0.15451209723655543,2.6950000000000003
scene-0655,0,10,vehicle.car,19.65001931179295,-7.772479009820222,0.9320276926984365,4.621,1.907,1.561,1.6151977155139423,0.016458352193251664,-0.235961062036949,0.0045051487414187645,0.06300000000000001
scene-0655,0,11,vehicle.car,-31.09305696893951,-0.727255617453142,1.0251454644662987,4.617,2.026,1.743,0.02389369873953099,7.472277573765556,-0.07595367102452621,0.00159846547314578,0.025000000000000005
scene-0655,0,12,vehicle.car,51.73383166030702,8.066396616009698,1.3255541782470546,4.942,2.045,1.829,-3.1331212466913745,0.01285181388242234,-0.3770928970666728,0.0013038548752834468,0.023000000000000007
scene-0655,0,13,vehicle.car,-10.416388107618895,-7.937131053406532,0.7230478025577155,4.493,1.886,1.473,1.6261803419860756,0.0,-0.03501053245879082,0.06807017543859649,0.8730000000000002
scene-0655,0,14,vehicle.truck,-21.319397868548503,-9.018337765745,0.9896546259286391,5.33,1.998,1.914,-1.6265139794387018,0.0,0.13327388688302166,0.014001986097318769,0.2820000000000001
scene-0655,0,15,vehicle.car,-5.273767520730494,-20.782991673663858,0.2929415084485274,4.433,2.061,1.65,1.5551508574782253,0.0,1.0907552979822892,0.044845779220779224,0.6630000000000003
scene-0655,0,16,vehicle.car,22.32739028274335,-7.177549207691996,0.9067054800790286,4.086,2.107,1.485,1.5727860723411862,0.0036350418990787,-0.2661275674503779,0.0137824235385211,0.17800000000000005
scene-0655,0,17,vehicle.car,13.98056258689875,-7.865404195498181,0.8107579338110956,4.306,2.009,1.72,-1.5723336215145605,0.0,-0.015647029534724632,0.03974008207934337,0.5810000000000002
scene-0655,0,18,vehicle.car,11.218950690191544,-7.856254096030517,0.8794384088004614,4.572,1.996,1.712,-1.5150980236908522,0.243262805087345,-0.08672269416699663,0.040664961636828645,0.6360000000000001
scene-0655,0,19,vehicle.car,-47.68355382354359,17.48360605667737,1.2964353519558094,4.622,1.944,1.921,-1.8583887560987105,3.2594475346380634,-0.09255654882184483,0.0026496447067325063,0.04400000000000001
scene-0655,0,20,vehicle.truck,-55.906415506399554,5.312732375034399,1.1778580771176,6.049,1.993,2.0,-2.5226920754283406,3.904271912864752,0.07101466493924669,0.0,0.0
scene-0655,0,21,vehicle.car,34.26481748320753,-5.852297243778472,0.9664136517211313,4.468,2.038,1.758,-1.2566950945372108,3.124945964203391,-0.20751346446717922,0.003271604938271605,0.05300000000000001
scene-0655,0,22,vehicle.car,5.925510807440874,-8.472892897797113,0.8187770878399074,4.787,2.012,1.831,-1.5240377745702638,0.0,-0.010942820342844772,0.06597222222222222,1.1400000000000003
scene-0655,0,23,vehicle.car,68.99695625653439,-7.504705114182639,1.0771631898214982,4.496,1.956,1.766,1.6295327434818263,0.12045105025279751,-0.06377652435805059,0.0,0.0
scene-0655,0,24,vehicle.car,16.858695620118116,-8.018703341016055,0.8931995196491034,4.946,2.014,1.692,-1.5674097347281692,0.0,-0.11910218961532426,0.011824729891956784,0.19700000000000006
scene-0655,0,25,vehicle.car,8.61693006076556,-7.6080577057203085,0.8953505387150292,4.793,2.107,1.744,1.6369184975708369,0.1204510502529846,-0.07715105082025575,0.08140756302521009,1.3950000000000002
scene-0655,0,26,vehicle.truck,24.6069655649746,8.091400339940153,1.5392260287588355,7.42,2.592,2.558,3.126703882458142,0.02544529329127799,-0.3718130986874817,0.04833679833679834,2.418000000000001
scene-0655,0,27,vehicle.car,58.072884652303834,-8.381682671479727,1.1505658440142068,5.069,2.185,1.875,1.5850084747914273,0.0,-0.10542071236661998,0.0,0.0
scene-0655,0,28,vehicle.car,-35.58320750461763,7.841175050280467,1.234489819993944,5.091,2.167,2.083,2.498220780147463,3.8108282954865547,0.01272930825713181,0.001443001443001443,0.03400000000000001
scene-0655,0,29,vehicle.car,12.675323139848363,7.985017114533277,0.8535981061379567,4.81,1.891,1.873,-3.1215894232242447,0.07732478352101624,-0.05188167213603412,0.06226915974145891,1.0790000000000002
scene-0655,0,30,vehicle.construction,131.79057457868052,11.364143672267902,1.9871678528299928,7.556,2.525,2.252,1.5843798960547908,0.0,-0.6788658099880815,0.0,0.0
scene-0655,0,31,vehicle.car,-2.074740327359493,-7.558402317377114,0.8890533886002214,4.495,1.872,1.587,1.5895656811430403,0.03821118974119037,-0.14892936289774494,0.17324561403508773,2.3700000000000006
scene-0655,0,32,vehicle.truck,-4.862287488664676,-8.112526519324076,0.9743598497582399,5.291,1.984,1.865,-1.497969369600667,0.0,-0.13457442022094357,0.11713008937437934,2.3590000000000004
scene-0655,0,33,vehicle.car,-24.332559442437123,-8.683876288354867,1.012234479403375,4.668,1.966,1.851,-1.6090533212321814,0.030951266475177344,0.1134972068310991,0.005263157894736842,0.09400000000000001
scene-0655,1,0,vehicle.car,20.68646677740854,-8.061764610964223,0.9743313865871859,4.893,2.065,1.938,-1.5741629766638325,0.0,-0.13894176926331048,0.021226535727072785,0.41500000000000015
scene-0655,1,1,vehicle.truck,-20.29391322240378,-8.447032969457826,1.1373417019369567,5.295,2.06,1.927,-1.6282361851274962,0.07528631125288206,-0.04840924043678885,0.00978862249964534,0.20700000000000005
scene-0655,1,2,vehicle.car,35.885736949392964,8.460550006435943,0.8095651197916924,4.959,1.943,1.499,-3.078213942993393,0.042853719634496086,-0.09274996750420916,0.004701754385964913,0.06700000000000002
scene-0655,1,3,vehicle.car,41.50830966298267,8.25360028094534,1.009492335337114,4.791,1.872,1.698,3.138613997431795,0.12573670500886863,-0.1786055759367462,0.006320949432404541,0.09800000000000003
scene-0655,1,4,vehicle.car,99.03495393269901,6.579525446499808,0.7429768307639044,4.782,1.924,1.481,3.139573561122645,0.11281095423022959,-0.018581081910220898,0.0,0.0
scene-0655,1,5,vehicle.car,-0.9763951348241134,-8.289723420607228,0.8452207648727567,5.006,1.933,1.673,1.5800881811407652,0.0,-0.14354404246541563,0.15913312693498452,2.5700000000000003
scene-0655,1,6,vehicle.car,54.87565043723809,7.928532614277342,1.2677105318541098,5.765,2.078,2.301,-3.1093292940087793,0.021923704763185156,-0.09210340144582263,0.0,0.0
scene-0655,1,7,vehicle.car,28.449687599553407,8.314325635790292,0.771716735666469,4.73,1.869,1.456,3.1124658577077513,0.0,-0.1782472948486361,0.013139231056364315,0.17600000000000005
scene-0655,1,8,vehicle.car,68.3342111744897,8.590266400279276,0.8669159732900267,4.995,1.966,1.748,-3.1014085939740133,0.07171044589362949,0.14335653163570117,0.0,0.0
scene-0655,1,9,vehicle.truck,-3.839718132192288,-7.515652845587391,0.9838034392275554,5.375,1.941,1.715,-1.5762096840508024,0.05524189199921082,-0.17864481100222884,0.16769865841073273,2.9250000000000007
scene-0655,1,11,vehicle.car,15.42593726957308,-7.781520460055902,0.8050903954748638,4.621,1.907,1.561,1.6134718568371151,0.016300833833845053,-0.1746815220360287,0.04290617848970252,0.6000000000000002
scene-0655,1,12,vehicle.car,-31.186831266144143,-0.513755377519826,1.2096199255710214,4.617,2.026,1.743,0.02779424222368629,7.472592951526852,-0.09697535784297873,0.005434782608695652,0.08500000000000002
scene-0655,1,13,vehicle.car,47.54436814136154,8.014827496602125,1.0168817228020184,4.942,2.045,1.829,-3.1346790958873263,0.013366235948396536,-0.11177125739464688,0.006292517006802721,0.11100000000000002
scene-0655,1,14,vehicle.car,-14.63219837909884,-7.900011178131484,0.8199993112709545,4.493,1.886,1.473,1.6244542866640868,0.0,-0.013920887174846963,0.02019493177387914,0.25900000000000006
scene-0655,1,15,vehicle.truck,-25.53516097183813,-8.963625636730434,1.1408123172213693,5.33,1.998,1.914,-1.6282361851274962,0.0,0.012316826016698257,0.005908639523336643,0.11900000000000002
scene-0655,1,16,vehicle.car,-9.51220847742895,-20.7540040409619,0.3618935493538814,4.433,2.061,1.65,1.553426790949901,0.022855317138361825,0.8065609904219669,0.03794642857142857,0.5610000000000002
scene-0655,1,17,vehicle.car,18.11115186103542,-7.190665861262639,0.7884038475441608,4.086,2.107,1.485,1.5710613544717975,0.003809219523186613,-0.19013893696543305,0.06558265582655827,0.8470000000000002
scene-0655,1,18,vehicle.car,51.27164321602514,-7.7205161478356015,0.8315984012529509,4.248,1.716,1.395,1.5832833662623702,0.10480983408740424,-0.04785762536975313,0.0,0.0
scene-0655,1,19,vehicle.car,9.765106888145086,-7.867573386701037,0.8111966643270431,4.306,2.009,1.72,-1.574058217383102,0.0,-0.07181806241835931,0.051915184678522575,0.7590000000000002
scene-0655,1,20,vehicle.car,6.923423156445041,-7.745995434373551,0.8604142475485278,4.572,1.996,1.712,-1.5168240840394511,0.17015372580628552,-0.09295703676933775,0.06739130434782609,1.0540000000000003
scene-0655,1,21,vehicle.car,-52.418830760871565,15.877400783949973,1.5388161378821419,4.622,1.944,1.921,-1.9132936346437415,3.258404075522787,-0.07245729932394485,0.0,0.0
scene-0655,1,22,vehicle.truck,-61.93411934814681,4.30661745015643,1.493372290379893,6.049,1.993,2.0,-2.646430615062023,4.296314999822917,-0.0983119299482218,0.0,0.0
scene-0655,1,23,vehicle.car,30.61099264541643,-7.509856429897075,0.7399606228060642,4.468,2.038,1.758,-1.293333822663048,3.1427907905292947,0.08559181771803703,0.0016666666666666668,0.027000000000000007
scene-0655,1,24,vehicle.car,1.7094667001382515,-8.463659945477312,0.9091761306203288,4.787,2.012,1.831,-1.5257636788903814,0.02097233950176769,-0.12431188389429271,0.12604166666666666,2.1780000000000004
scene-0655,1,25,vehicle.car,64.7781205986076,-7.525499367061114,0.7256872639450505,4.496,1.956,1.766,1.6278066362676593,0.12139552924771717,0.21593879177241782,0.0,0.0
scene-0655,1,26,vehicle.car,12.64332680672402,-8.02449559838815,0.8488864477592404,4.946,2.014,1.692,-1.5691344997688588,0.0,-0.14920704409655883,0.04603841536614646,0.7670000000000002
scene-0655,1,27,vehicle.car,4.336123464940144,-7.604531569443717,0.8692052235194039,4.793,2.107,1.744,1.6351922894719964,0.04996652144239082,-0.057053576786119886,0.13176937441643324,2.2580000000000005
scene-0655,1,28,vehicle.truck,20.419687454678584,8.062061507346936,1.3644109931153385,7.42,2.592,2.558,3.1203458514611246,0.02571223178058939,-0.3066573995513051,0.07178554293938909,3.5910000000000006
scene-0655,1,29,vehicle.car,53.85747097090242,-8.449808116198456,0.8033663806378613,5.069,2.185,1.875,1.5832833662623702,0.0,0.2854779484808674,0.0,0.0
scene-0655,1,30,vehicle.car,-41.23461992265063,9.41933512409797,1.4896952740931404,5.091,2.167,2.083,2.306590525135015,3.7969202908938406,-0.07498448632000798,0.0014005602240896359,0.03300000000000001
scene-0655,1,31,vehicle.car,8.447052532006017,7.9664424114721974,0.7870012625913912,4.81,1.891,1.873,-3.1231469278136412,0.0763092781137431,-0.010594644592314406,0.07271468144044321,1.2600000000000002
scene-0655,1,32,vehicle.construction,127.60948117483314,11.1812638588612,1.2062720635606037,7.556,2.525,2.252,1.5826548063985322,0.0,0.08750429754722244,0.0,0.0
scene-0655,1,33,vehicle.car,-6.2895133294797,-7.513929421726119,0.9661534772429868,4.495,1.872,1.587,1.5878404397444466,0.03813978075232499,-0.15324692015985697,0.07441520467836257,1.0180000000000002
scene-0655,1,34,vehicle.truck,-9.07690413548662,-8.084486672394245,1.0628277669873198,5.291,1.984,1.865,-1.4996956532577708,0.0,-0.07507638469600286,0.0743296921549156,1.4970000000000003
scene-0655,1,35,vehicle.car,-28.54608258420066,-8.608315763696902,1.2112178449385351,4.668,1.966,1.851,-1.610776402299393,0.030488632317297655,-0.0532832294457144,0.003639417693169093,0.06500000000000002
scene-0655,1,36,vehicle.car,6.971704753651783,-19.647931435964033,0.30516628364803355,4.365,2.083,1.813,-1.5659393197551363,0.0,0.6430824859332843,0.011243386243386243,0.18700000000000006
scene-0655,2,0,vehicle.car,16.608268176322575,-8.031037409948832,0.9323718244512522,4.893,2.065,1.938,-1.5740360800361495,0.0,-0.13753470403747203,0.04853971663853511,0.9490000000000002
scene-0655,2,1,vehicle.truck,-24.369955210934705,-8.387197348353709,1.1534874555245829,5.295,2.06,1.927,-1.6281165240723077,0.07581767650916134,0.026077131710867896,0.009930486593843098,0.21000000000000005
scene-0655,2,2,vehicle.car,31.76907382502514,8.46635567381563,0.8808788925999628,4.959,1.943,1.499,-3.0720222927305496,0.09094637499597417,-0.0594681387537942,0.0076491228070175435,0.10900000000000003
scene-0655,2,3,vehicle.car,37.42769354047686,8.222645839246084,1.0699884704526308,4.791,1.872,1.698,3.1387504051772352,0.07474323794817037,-0.1836427481349352,0.017350361197110423,0.2690000000000001
scene-0655,2,4,vehicle.car,94.95492526798402,6.520008122096194,0.8594164546901725,4.782,1.924,1.481,3.1397098397222987,0.16005321496468403,-0.48708552398033356,0.0,0.0
scene-0655,2,5,vehicle.car,-5.054231082063902,-8.263757086578568,0.8817414727925967,5.006,1.933,1.673,1.5802167828231977,0.0,-0.16609539605376233,0.07405572755417957,1.1960000000000002
scene-0655,2,6,vehicle.car,50.795240965765835,7.950368754315921,1.3208271071689401,5.765,2.078,2.301,-3.1091976369145646,0.022130010601302843,-0.24778164432218408,0.0016063396872992076,0.04500000000000001
scene-0655,2,7,vehicle.car,19.45136001846839,-20.44973889264078,0.5598140961615208,5.075,2.12,1.792,1.5461652714464253,0.0,0.8285751655610439,0.00025936300446104365,0.005000000000000001
scene-0655,2,8,vehicle.car,24.369605380958113,8.346390683352867,0.814236966459971,4.73,1.869,1.456,3.1067931539433142,0.0,-0.09716762384675082,0.03546099290780142,0.47500000000000014
scene-0655,2,9,vehicle.car,64.27146989092236,8.59375771701702,0.9656178738271535,4.995,1.966,1.748,-3.1104568676262287,0.07076845343742481,-0.13920630044692162,0.0,0.0
scene-0655,2,10,vehicle.construction,130.3037834603643,6.321665869752842,1.063558184705352,7.094,2.641,2.073,3.1015241823082254,0.19972038674385265,-0.46869301851806555,0.0,0.0
scene-0655,2,11,vehicle.truck,70.32147737436466,8.68048782694984,0.9769465242876064,5.703,2.025,1.827,-3.122141197503715,0.10894831446096762,-0.14106514557733651,0.0,0.0
scene-0655,2,12,vehicle.truck,-7.894489443957472,-7.4734726730457135,0.969473926431448,5.375,1.941,1.715,-1.5651711964624055,0.055798644291209364,-0.11287353933504296,0.09580323357413141,1.6710000000000005
scene-0655,2,14,vehicle.car,11.339700903461193,-7.75125118917266,0.7560523360307829,4.621,1.907,1.561,1.6136049617756498,0.015824307254980456,-0.1533066785867827,0.04076086956521739,0.5700000000000002
scene-0655,2,15,vehicle.car,-31.53261905214047,-0.36001605111977225,1.2029659278219715,4.617,2.026,1.743,0.03288463986920126,7.543831493890642,-0.15725932822880895,0.004411764705882353,0.06900000000000002
scene-0655,2,16,vehicle.car,43.46444488839257,8.054949957512424,1.067115373294413,4.942,2.045,1.829,-3.134544020265018,0.05056946855228598,-0.1669622708964943,0.0177437641723356,0.31300000000000006
scene-0655,2,17,vehicle.car,-18.710244794269652,-7.874009556925548,0.8068258190237894,4.493,1.886,1.473,1.6245888726577775,0.0,0.12500898801451787,0.006237816764132553,0.08000000000000002
scene-0655,2,18,vehicle.truck,-29.61328765920678,-8.939167585025713,1.0841931936686706,5.33,1.998,1.914,-1.6281165240723077,0.0,0.09499574101512909,0.0013406156901688182,0.027000000000000003
scene-0655,2,19,vehicle.car,-13.589155703195429,-20.749444344104468,0.2993117183504409,4.433,2.061,1.65,1.5535518050556,0.04737947104069234,1.5581790119352035,0.0,0.0
scene-0655,2,20,vehicle.car,14.030952830069186,-7.15990030296882,0.7656542584625017,4.086,2.107,1.485,1.5711887400076683,0.004210469043174827,-0.1790911850658189,0.042740998838559814,0.5520000000000002
scene-0655,2,21,vehicle.car,47.21315844263934,-7.733079862685026,0.7692427750815094,4.248,1.716,1.395,1.5834123986795454,0.10463354437795329,-0.21475753390681152,0.0,0.0
scene-0655,2,22,vehicle.car,5.687207001353282,-7.839986078880138,0.8463009148716965,4.306,2.009,1.72,-1.5739313066557958,0.0,-0.15147960125208282,0.06053351573187415,0.8850000000000002
scene-0655,2,23,vehicle.car,2.7822820108739252,-7.717747075749807,0.8435758824337704,4.572,1.996,1.712,-1.5516143893448535,0.08042023428024238,-0.08762981867682762,0.11125319693094629,1.7400000000000004
scene-0655,2,24,vehicle.car,-57.089254048778464,14.377268934466748,1.5712917377091098,4.622,1.944,1.921,-1.9615484786024662,3.2585033536185133,0.1374756148719144,0.0,0.0
scene-0655,2,25,vehicle.truck,-68.26191578671319,3.5214965875539384,1.5443206107083989,6.049,1.993,2.0,-2.7859195868092117,5.176648831959757,-0.18737449998299605,0.0,0.0
scene-0655,2,26,vehicle.car,26.92547578972755,-9.010999748123654,0.6788528356933462,4.468,2.038,1.758,-1.3280946410632508,3.243473174286907,0.11007971807481176,0.009506172839506173,0.15400000000000003
scene-0655,2,27,vehicle.car,-2.36803078459226,-8.458495233818786,0.9089079203298426,4.787,2.012,1.831,-1.5256302559961146,0.045372566112843356,-0.14889162811544898,0.1337384259259259,2.3110000000000004
scene-0655,2,28,vehicle.car,60.6966001217031,-7.429066959588489,0.7521945482859149,4.496,1.956,1.766,1.627941674101914,0.0010526172609133754,0.003916610323475345,0.0,0.0
scene-0655,2,29,vehicle.car,8.565073938610606,-7.993426713065649,0.7820758167995665,4.946,2.014,1.692,-1.569006926129609,0.0,-0.12504906480447986,0.0436374549819928,0.7270000000000002
scene-0655,2,30,vehicle.car,0.27241664639579805,-7.564521807990572,0.8834741219034942,4.793,2.107,1.744,1.6353283222069055,0.0379672494421918,-0.041714054142549806,0.22461484593837536,3.8490000000000006
scene-0655,2,31,vehicle.car,76.59491059246713,8.323727546206971,0.7920120491484848,4.746,1.802,1.518,-3.135765115015751,0.30412195147665955,-0.2074574398497787,0.0,0.0
scene-0655,2,32,vehicle.truck,16.339108310971405,8.078108551063762,1.3863711346679888,7.42,2.592,2.558,3.116124848198709,0.02631543152044101,-0.22519641181766614,0.07656324964017272,3.8300000000000014
scene-0655,2,33,vehicle.car,49.779357253618095,-8.41433451495772,0.7670607376431197,5.069,2.185,1.875,1.5834123986795454,0.0,0.06746277627003494,0.0,0.0
scene-0655,2,34,vehicle.car,35.735214447592604,-7.979740278112787,0.8990860884737312,4.758,1.94,1.818,-1.5020733238150037,0.1654298022309338,-0.14297060161345587,0.0,0.0
scene-0655,2,35,vehicle.car,-46.37859393902297,11.021213841867294,1.5815498432678425,5.091,2.167,2.083,2.1341376208235525,3.614454704839576,-0.057711116747304114,0.0008488243782361429,0.020000000000000004
scene-0655,2,36,vehicle.car,4.333639289627529,7.978326473653712,0.8394862157164523,4.81,1.891,1.873,-3.1230134067987376,0.1759005017198263,0.03362893098011521,0.12927054478301014,2.24
scene-0655,2,37,vehicle.construction,123.5289621222792,11.222998961828473,1.292503063556541,7.556,2.525,2.252,1.5827837540720637,0.0,-0.233882478591789,0.0,0.0
scene-0655,2,38,vehicle.car,-10.368085953031366,-7.469418098993417,0.9833976732858838,4.495,1.872,1.587,1.587970086671734,0.038961060611112854,-0.12253451541749849,0.05138888888888889,0.7030000000000002
scene-0655,2,39,vehicle.truck,-13.15491514037277,-8.059576844087779,1.071225551378819,5.291,1.984,1.865,-1.4995587181671026,0.0,-0.030740725410076553,0.029890764647467725,0.6020000000000001
scene-0655,2,40,vehicle.car,-32.62371451174526,-8.57126089355454,1.208868098465109,4.668,1.966,1.851,-1.6106544162395589,0.02107864422125422,-0.06375506791224494,0.001623740201567749,0.029000000000000005
scene-0655,2,41,vehicle.car,2.895562525301397,-19.620263860555045,0.3473675466720548,4.365,2.083,1.813,-1.5658113157110927,0.0,0.6696680451686892,0.047979797979797977,0.7980000000000002
scene-0655,3,0,vehicle.car,12.779895540185269,-8.023007221487738,0.9756547373891364,4.893,2.065,1.938,-1.575200381219747,0.0,-0.10828792849784008,0.04956268221574344,0.9690000000000003
scene-0655,3,1,vehicle.truck,-28.19728565810523,-8.294280124555812,1.1388756138713343,5.295,2.06,1.927,-1.629278419104964,0.0768699706253815,-0.13081932023477383,0.010025062656641603,0.21200000000000005
scene-0655,3,2,vehicle.car,27.92794727377632,8.430119207997334,0.9704229281674784,4.959,1.943,1.499,-3.06781829638582,0.09094646629268921,-0.24231462167014295,0.007157894736842105,0.10200000000000002
scene-0655,3,3,vehicle.car,33.61907972591427,8.19686405188826,1.1421099817641023,4.791,1.872,1.698,3.1374893486711795,0.018947129714918232,-0.3028974872566703,0.03444272445820434,0.5340000000000001
scene-0655,3,4,vehicle.car,91.14530796590984,6.3758816609752955,1.0954558082483419,4.782,1.924,1.481,3.1384488311688052,0.12004003172618465,-0.4052994223199494,0.0,0.0
scene-0655,3,5,vehicle.car,-8.88259431367374,-8.23093603061593,0.9366683066170642,5.006,1.933,1.673,1.5790518355021197,0.0,-0.11286326148919557,0.06613003095975233,1.0680000000000003
scene-0655,3,6,vehicle.car,46.9864364091975,7.905724652914317,1.4496976152042786,5.765,2.078,2.301,-3.110456816910032,0.024301580952674786,-0.291825172571365,0.00970943099878632,0.2720000000000001
scene-0655,3,7,vehicle.car,15.60832910168739,-20.44089759335308,0.46983332572060443,5.075,2.12,1.792,1.5450019913203075,0.0,0.7434350458614268,0.007832762734723518,0.15100000000000002
scene-0655,3,8,vehicle.car,20.562177472477646,8.344187383803424,0.8589556420900882,4.73,1.869,1.456,3.100296294660903,0.034736404477310204,-0.14837509952569616,0.04740574841358716,0.6350000000000002
scene-0655,3,9,vehicle.car,60.47903081538733,8.513125513349866,1.1674311014339973,4.995,1.966,1.748,-3.1199818515518767,0.09773491640013325,-0.2615843956098606,0.0,0.0
scene-0655,3,10,vehicle.construction,126.52943129357904,6.105635439257158,1.403085962740173,7.094,2.641,2.073,3.100261404410414,0.19867456204157344,-0.46825415667652104,0.0,0.0
scene-0655,3,11,vehicle.truck,66.51450075336692,8.571916218650584,1.1547708993481827,5.703,2.025,1.827,-3.1234010941316144,0.10955324573657195,-0.20682467850319863,0.0,0.0
scene-0655,3,12,vehicle.truck,-11.701750173010659,-7.420987601664036,0.967078554983805,5.375,1.941,1.715,-1.5565106654309422,0.05494828935780356,-0.10090056201405362,0.08513931888544891,1.4850000000000003
scene-0655,3,14,vehicle.car,7.505224390840033,-7.736535910606337,0.7763447920612054,4.621,1.907,1.561,1.612438164791077,0.015824323140291276,-0.0954698281816202,0.07058066361556065,0.9870000000000003
scene-0655,3,15,vehicle.car,-31.922175529800906,-0.19147447527156503,1.1089247596828569,4.617,2.026,1.743,0.02529592976460902,7.62294601116197,-0.1660356805889237,0.002301790281329923,0.036000000000000004
scene-0655,3,16,vehicle.car,39.65642965337518,7.972587456070363,1.2208301313790408,4.942,2.045,1.829,-3.1358045739102787,0.0863724483571105,-0.307735564199361,0.0177437641723356,0.31300000000000006
scene-0655,3,17,vehicle.car,-22.537850926334087,-7.8229071870868845,0.7788921828026762,4.493,1.886,1.473,1.6234214220370609,0.0,-0.01624087587547207,0.004600389863547758,0.05900000000000001
scene-0655,3,18,vehicle.truck,-33.44301485902097,-8.872845213709265,0.9921050845639385,5.33,1.998,1.914,-1.629278419104964,0.0,0.03630095205143313,0.004220456802383317,0.08500000000000002
scene-0655,3,19,vehicle.car,-17.43105151661274,-20.726840916826887,0.31491471853494835,4.433,2.061,1.65,1.5523881824812575,0.04737951860281381,1.353308137986658,0.0,0.0
scene-0655,3,20,vehicle.car,10.202189112302769,-7.149285361040634,0.8127876681891935,4.086,2.107,1.485,1.5700242566047498,0.004210473269875457,-0.15473412819781462,0.09036004645760744,1.1670000000000003
scene-0655,3,21,vehicle.car,43.40336134992954,-7.806395043461025,0.8747143402961277,4.248,1.716,1.395,1.5822472834102004,0.1050616439094631,-0.28246305974993935,0.0020008003201280513,0.020000000000000004
scene-0655,3,22,vehicle.car,1.859424031113188,-7.820552251714025,0.9270748571966705,4.306,2.009,1.72,-1.575095613059971,0.0,-0.1882591913555679,0.07900136798905609,1.1550000000000002
scene-0655,3,23,vehicle.car,-0.9378647468022111,-7.756783973682115,0.9256258349640989,4.572,1.996,1.712,-1.535318385762654,0.12814736392987314,-0.16138901843863962,0.19814578005115088,3.0990000000000006
scene-0655,3,24,vehicle.car,20.98029433658425,-19.9936358945139,0.28836022079158197,4.272,1.83,1.651,-1.5965906622694859,0.044010304002280454,0.880614733575102,0.010867913056695546,0.14300000000000002
scene-0655,3,25,vehicle.car,-61.4854406988276,13.1373435823891,1.3467897036967678,4.622,1.944,1.921,-2.0062380697687088,2.9092330871266294,0.09025935545583541,0.0,0.0
scene-0655,3,26,vehicle.truck,-74.60894224312814,3.2818691924476893,1.3757511599651786,6.049,1.993,2.0,-2.9616137719061273,6.073919364773063,-0.02722909289517128,0.0,0.0
scene-0655,3,27,vehicle.car,23.344712867235632,-10.49484043925983,0.6868409746028783,4.468,2.038,1.758,-1.3871888443198368,3.332977902272857,0.1417805649600623,0.0044444444444444444,0.07200000000000001
scene-0655,3,28,vehicle.car,-6.195289999979948,-8.44905008857922,0.9394581671079557,4.787,2.012,1.831,-1.5267971914125222,0.04642273529121628,-0.0710730087479513,0.08125,1.4040000000000004
scene-0655,3,29,vehicle.car,56.87275564633708,-7.53699742531169,0.9302770187370651,4.496,1.956,1.766,1.626774019597811,0.13418303353159403,-0.1516634377949112,0.0,0.0
scene-0655,3,30,vehicle.car,4.737264330036613,-7.977320631918805,0.8585993954546399,4.946,2.014,1.692,-1.5701714802947073,0.0,-0.1360951679356046,0.09549819927971188,1.5910000000000004
scene-0655,3,31,vehicle.car,-3.542808226416419,-7.525964061952049,0.9291806013171955,4.793,2.107,1.744,1.6341602113907465,0.037245438157440205,-0.09390513892820318,0.11793884220354808,2.0210000000000004
scene-0655,3,32,vehicle.car,72.66178004867652,8.202623929360989,0.9418543181981172,4.746,1.802,1.518,-3.1370257317600854,0.30466527512514135,-0.15968028935447587,0.0,0.0
scene-0655,3,33,vehicle.truck,12.52938473994524,8.075508628272102,1.3915799397920638,7.42,2.592,2.558,3.110936616435814,0.025262839619851086,-0.1739329117332966,0.10876779146009916,5.441000000000002
scene-0655,3,34,vehicle.car,45.9508169289182,-8.448153674666187,0.9066350600973744,5.069,2.185,1.875,1.5822472834102004,0.0,-0.06607080915132946,0.0,0.0
scene-0655,3,35,vehicle.car,31.975156634512484,-8.024988860125086,0.980613942928958,4.758,1.94,1.818,-1.503241697863614,0.16478100141964738,-0.18551785285060407,0.008711013645224171,0.14300000000000002
scene-0655,3,36,vehicle.car,-50.75185743818379,12.547250511077623,1.4646478982137792,5.091,2.167,2.083,1.9644355902426096,3.9571103523850972,0.04460935662516441,0.0008488243782361429,0.020000000000000004
scene-0655,3,37,vehicle.car,0.7263337760821422,8.019708534984428,0.8413678951763923,4.81,1.891,1.873,-3.1325390919715317,0.448357332519282,0.044480073968190426,0.11922899353647276,2.0660000000000003
scene-0655,3,38,vehicle.construction,119.72324821834405,11.097067061078677,1.6298155617464314,7.556,2.525,2.252,1.581618671995403,0.0,-0.446531091098858,0.0,0.0
scene-0655,3,39,vehicle.car,-14.195296147097272,-7.409775151035957,0.9568435138472212,4.495,1.872,1.587,1.5868047285091247,0.03896109972237047,-0.14775147428445945,0.05701754385964912,0.7800000000000001
scene-0655,3,40,vehicle.car,34.78999516121661,-8.039636838120096,1.1936550312740009,4.369,1.965,1.548,1.5943480840314272,0.0,-0.5301962259513537,0.014015151515151515,0.18500000000000005
scene-0655,3,41,vehicle.truck,-16.98355053692389,-8.01551854190833,1.077960820730028,5.291,1.984,1.865,-1.5007272516507222,0.0,-0.12827915416210633,0.026713008937437933,0.538
scene-0655,3,42,vehicle.car,-36.45519779433556,-8.537384346728766,1.155169399863848,4.668,1.966,1.851,-1.611817024526309,0.0779008674557467,-0.14767088771499082,0.0020716685330347145,0.037000000000000005
scene-0655,3,43,vehicle.car,-0.9456311356493221,-19.59547369982081,0.35211798722186705,4.365,2.083,1.813,-1.56697603315658,0.0,0.567476775118321,0.040163540163540165,0.6680000000000003
scene-0655,4,0,vehicle.car,8.457387450336572,-8.006808692848375,0.9838764791286514,4.893,2.065,1.938,-1.5774799446813026,0.0,-0.1708159985340164,0.09124852948698277,1.7840000000000007
scene-0655,4,1,vehicle.truck,-32.518773161636574,-8.144530866165416,1.0773596581017073,5.295,2.06,1.927,-1.631557689625295,0.07561410013488608,0.3161126626933519,0.010497942970634132,0.22200000000000003
scene-0655,4,2,vehicle.car,23.607816804996006,8.384493179796348,1.015361226446063,4.959,1.943,1.499,-3.0800247034824744,0.08981098246100186,-0.22418048811617552,0.018175438596491227,0.25900000000000006
scene-0655,4,3,vehicle.car,29.334210243514562,8.153527496993693,1.2128531013653654,4.791,1.872,1.698,3.1351073869496124,0.01892801676282365,-0.2861050336883444,0.036829205366357066,0.5710000000000001
scene-0655,4,4,vehicle.car,86.85539230007055,6.145751515039213,1.3518114505634735,4.782,1.924,1.481,3.1360668801167253,0.12006165432168753,-0.5914200394974182,0.0,0.0
scene-0655,4,5,vehicle.car,-13.205520215537657,-8.165670037207056,0.9549881930824025,5.006,1.933,1.673,1.5767721167626467,0.0,-0.125263639318536,0.056842105263157895,0.9180000000000001
scene-0655,4,6,vehicle.car,42.70059734563958,7.827155424112828,1.5804168457498349,5.765,2.078,2.301,-3.112838263449841,0.025588454013066253,-0.2714412381162441,0.003176982937102877,0.08900000000000002
scene-0655,4,7,vehicle.car,11.258430239272275,-20.42604999368349,0.30997232705466937,5.075,2.12,1.792,1.5427226156056761,0.0,1.180478683172534,0.0,0.0
scene-0655,4,8,vehicle.car,16.278141431074914,8.309527314477897,0.8640204455158909,4.73,1.869,1.456,3.0979140649654067,0.03667921672301406,-0.16844273476817206,0.0740574841358716,0.9920000000000003
scene-0655,4,9,vehicle.car,56.21237568577901,8.357908527650252,1.275077313385977,4.995,1.966,1.748,-3.1223634622907115,0.12373051350303678,-0.04485682960606974,0.0,0.0
scene-0655,4,10,vehicle.construction,122.27870994210069,5.761164289428774,1.777823067468922,7.094,2.641,2.073,3.0978791745970633,0.198363074651007,-0.7615191327755855,0.0,0.0
scene-0655,4,11,vehicle.car,3.1294133363702707,-19.741286341807108,0.2974450207925011,4.461,1.85,1.499,1.586183711191749,0.0,0.4858525934839081,0.07152263374485597,0.8690000000000002
scene-0655,4,12,vehicle.truck,62.230911945015684,8.404851973463199,1.346775354851233,5.703,2.025,1.827,-3.1257827593156837,0.10901685498758124,-0.07064874266480103,0.0,0.0
scene-0655,4,13,vehicle.truck,-16.000235048803415,-7.332022893945704,0.9232479779504981,5.375,1.941,1.715,-1.5478793454058626,0.05401894021215631,-0.008461156644746226,0.06501547987616099,1.1340000000000003
scene-0655,4,14,vehicle.car,47.20631202091277,-20.139787319764302,0.4426941968908418,4.364,2.135,1.861,-1.505051131906231,0.010004774225859938,0.5903234228382003,0.009170653907496013,0.16100000000000006
scene-0655,4,16,vehicle.car,3.1757287819570883,-7.7124263181320405,0.892631050813705,4.621,1.907,1.561,1.610157879938252,0.004445965663288427,-0.2429918563251796,0.1632580091533181,2.283000000000001
scene-0655,4,18,vehicle.car,-32.416812390484125,0.03301133225718975,0.9976000557679172,4.617,2.026,1.743,0.015885084993767475,7.6230188909108705,-0.05192449678363753,0.001982097186700767,0.031000000000000007
scene-0655,4,19,vehicle.car,35.37133224108884,7.898911275791604,1.277456246060782,4.942,2.045,1.829,-3.138186416599901,0.06783740891985754,-0.258606275243216,0.016043083900226757,0.2830000000000001
scene-0655,4,20,vehicle.car,-26.859022905523062,-7.723737038211706,0.7041605252263938,4.493,1.886,1.473,1.6211409016156753,0.0,0.3618915291788186,0.0026510721247563354,0.03400000000000001
scene-0655,4,21,vehicle.car,14.00293311151096,-19.866576184155882,0.4228529752041804,4.274,1.966,1.752,1.5427226156056761,0.0650310324697957,1.1015214630816472,0.019896640826873386,0.3080000000000001
scene-0655,4,22,vehicle.truck,-37.76742792087132,-8.748853185372843,0.920925157845498,5.33,1.998,1.914,-1.631557689625295,0.0,0.5389977943296423,0.007497517378351539,0.15100000000000002
scene-0655,4,23,vehicle.car,-21.78214356505409,-20.664146324105786,0.26808177561106294,4.433,2.061,1.65,1.55010875255181,0.048905622297309964,1.6599710789269009,0.0,0.0
scene-0655,4,24,vehicle.bus.bendy,109.20327118371392,-4.498944531662333,1.9152903546501012,9.48,2.764,3.374,-0.041986401591053685,0.03501670979107849,-0.3845647776532979,0.0,0.0
scene-0655,4,25,vehicle.car,5.880287797481378,-7.127423866152199,0.8280891053475187,4.086,2.107,1.485,1.5677446519478184,0.003334474247466321,-0.15539225385559052,0.13511420828494,1.7450000000000006
scene-0655,4,26,vehicle.car,39.10218395074483,-7.910857312123121,0.9555607395024175,4.248,1.716,1.395,1.5799675203001384,0.1049579878553344,-0.2562989714891786,0.0063025210084033615,0.06300000000000001
scene-0655,4,27,vehicle.car,-2.4625716484889884,-7.780753535058762,0.9774464235881027,4.306,2.009,1.72,-1.5773751776720173,0.0,-0.26767653327972263,0.14863201094391246,2.1730000000000005
scene-0655,4,28,vehicle.car,41.53853387071302,-20.52609435045494,0.31468357953071135,4.345,2.034,1.537,-1.4481637714538316,0.0,0.6717979973888443,0.02868217054263566,0.3700000000000001
scene-0655,4,29,vehicle.car,-5.257406598655338,-7.701144415432185,0.958845633283683,4.572,1.996,1.712,-1.5375985490754538,0.019411363066195887,-0.21398692752463455,0.07461636828644501,1.1670000000000003
scene-0655,4,30,vehicle.car,16.630985582037898,-20.018133776748286,0.29472605264183094,4.272,1.83,1.651,-1.5988700379841172,0.04445965663389517,1.1732855535745998,0.019911840705274356,0.26200000000000007
scene-0655,4,31,vehicle.car,-66.36562721115554,12.181114596110662,1.1428080532005316,4.622,1.944,1.921,-2.0587533843690515,2.5249369123696557,0.25868299084396307,0.0,0.0
scene-0655,4,32,vehicle.truck,-82.10043030593947,3.1519687389095443,1.1579294870382117,6.049,1.993,2.0,-3.041289840371364,6.433268243031052,-0.1062713409548568,0.0,0.0
scene-0655,4,33,vehicle.car,19.189058797602787,-12.160870255670488,0.6584957382251968,4.468,2.038,1.758,-1.453786105445524,3.460732718417669,0.12560829542377094,0.0512962962962963,0.8310000000000002
scene-0655,4,34,vehicle.car,-10.518309659412308,-8.412130190049686,0.9312012195629608,4.787,2.012,1.831,-1.5290775247755564,0.08473618665919799,-0.07619140682048908,0.050868055555555555,0.8790000000000002
scene-0655,4,35,vehicle.car,52.55528595412379,-7.69321448937594,1.0937638088893424,4.496,1.956,1.766,1.6244934224351701,0.09479660004682446,-0.17481048087592232,0.0,0.0
scene-0655,4,36,vehicle.car,0.41504954777520114,-7.9449404020609435,0.936691994190179,4.946,2.014,1.692,-1.572451101514902,0.0,-0.23842156982418172,0.18253301320528212,3.041000000000001
scene-0655,4,37,vehicle.car,-7.849670845275737,-7.461033568176254,0.9396921290470441,4.793,2.107,1.744,1.6318794372045273,0.0377580030630248,-0.14542904320491157,0.0846171802054155,1.4500000000000004
scene-0655,4,39,vehicle.truck,70.02198978208385,-24.863651509869175,0.5178368069202726,4.74,2.292,1.774,-0.07052677755367813,0.12765891972292623,0.6714408772914584,0.0,0.0
scene-0655,4,40,vehicle.car,68.23790068745083,8.016362838425545,1.1020889428592302,4.746,1.802,1.518,-3.1394075902276173,0.14214058864861265,-0.10079853544002548,0.0,0.0
scene-0655,4,41,vehicle.truck,8.243527208433177,8.08065486902585,1.3853051057905708,7.42,2.592,2.558,3.1041943516615738,0.036187538705531694,-0.12837754394121514,0.13311610426995044,6.6590000000000025
scene-0655,4,42,vehicle.car,41.62725186169298,-8.510916946577982,1.024629402422208,5.069,2.185,1.875,1.5799675203001384,0.0,-0.06230384435583991,0.013697344966694811,0.29200000000000004
scene-0655,4,43,vehicle.car,27.72762070360392,-8.08706099784933,1.0346695122669878,4.758,1.94,1.818,-1.5055225773415908,0.16347616841440626,-0.2123896957586946,0.007919103313840156,0.13000000000000003
scene-0655,4,44,vehicle.car,-55.272362118692016,14.944078761420139,1.3364639582094633,5.091,2.167,2.083,1.7207396359699692,5.193855601568456,0.2498729205670871,0.0,0.0
scene-0655,4,45,vehicle.car,-3.333832411654762,8.083483789890446,0.8319686580840244,4.81,1.891,1.873,3.139084920869557,0.2907267226589515,0.056897731250177386,0.12176823638042475,2.1100000000000003
scene-0655,4,46,vehicle.construction,115.44314008095787,10.85819306735195,2.0089167940340222,7.556,2.525,2.252,1.5793389177786021,0.0,-0.10165004512884046,0.0,0.0
scene-0655,4,47,vehicle.car,-18.516551484742845,-7.31065726159151,0.8856700060045365,4.495,1.872,1.587,1.5845248985128653,0.030030844348457056,0.03251842561606133,0.014108187134502924,0.19300000000000003
scene-0655,4,48,vehicle.car,30.466452161393864,-8.076589346031074,1.3019569798533739,4.369,1.965,1.548,1.5920681340315355,0.0,-0.5871494808618845,0.010984848484848484,0.14500000000000002
scene-0655,4,49,vehicle.car,36.325887348631326,-20.27832227231639,0.08015589859426464,4.333,2.007,1.493,-1.5798546798611361,0.07503580669565564,1.053194726682301,0.0,0.0
scene-0655,4,50,vehicle.truck,-21.306295337314683,-7.930131500731047,1.0429656006019725,5.291,1.984,1.865,-1.5030081959862422,0.0,0.10619787920302015,0.027159880834160873,0.547
scene-0655,4,51,vehicle.car,-40.78035696484112,-8.444443575560701,1.049585040704132,4.668,1.966,1.851,-1.6140963238752148,0.07781233792882031,0.3414213937364807,0.002127659574468085,0.038000000000000006
scene-0655,4,52,vehicle.car,-5.2936146930870684,-19.54796569643572,0.3582063822691788,4.365,2.083,1.813,-1.5692556937660036,0.0,0.6493845555836807,0.03228715728715729,0.5370000000000001
scene-0655,4,53,vehicle.car,8.725503788948455,-19.93566110802256,0.1355064619999501,4.592,2.067,1.707,-1.5608393789400854,0.0,0.9412867232341198,0.005724028741931555,0.09400000000000003
scene-0655,5,0,vehicle.car,5.0038183464445485,-8.00304867832584,0.9412419497473556,4.893,2.065,1.938,-1.5811516943533874,0.007503864818531612,-0.19680082471206972,0.05692803437164339,1.1130000000000002
scene-0655,5,1,vehicle.truck,-35.970675649477535,-7.9631262266317675,1.1192222182886216,5.295,2.06,1.927,-1.6352313405024959,0.07758026932808314,0.14882139609889067,0.006431172270298388,0.13600000000000004
scene-0655,5,2,vehicle.car,20.184364453634196,8.312965725488096,0.9728467283256986,4.959,1.943,1.499,-3.0915381838619496,0.09029789239472805,-0.1993150221713521,0.04814035087719298,0.6860000000000002
scene-0655,5,3,vehicle.car,25.940426201095853,8.073729665292928,1.1725396598744577,4.791,1.872,1.698,3.1314549565842418,0.01880130396677455,-0.2777484734821505,0.03915118679050568,0.6070000000000002
scene-0655,5,4,vehicle.car,83.45270076986121,5.815152812107397,1.2606164739833274,4.782,1.924,1.481,3.1324144149246496,0.12008788935671037,-0.7289614039168754,0.0,0.0
scene-0655,5,5,vehicle.car,-16.65969241743614,-8.084925531014212,0.994332101503925,5.006,1.933,1.673,1.573100829317762,0.0,-0.054279394964294125,0.04934984520123839,0.7970000000000002
scene-0655,5,6,vehicle.car,39.304664362502606,7.694823124831353,1.542261445534947,5.765,2.078,2.301,-3.116491995168879,0.07013649782794666,-0.20111142946553473,0.0029985007496251873,0.08400000000000002
scene-0655,5,7,vehicle.car,7.758950173118899,-20.432888006089534,0.29038412838788086,5.075,2.12,1.792,1.5390500991559033,0.0,0.5092048893013472,0.0,0.0
scene-0655,5,8,vehicle.car,12.883945150896423,8.28410184837179,0.8552462146692126,4.73,1.869,1.456,3.094262955972026,0.12363678424396314,-0.10985395930336406,0.062411347517730496,0.8360000000000002
scene-0655,5,9,vehicle.car,52.83187331400967,8.138822874457546,1.2378929113508461,4.995,1.966,1.748,-3.12601683789231,0.12378850138999409,0.0804727688668968,0.0,0.0
scene-0655,5,10,vehicle.construction,118.90689506965009,5.275824752344128,1.6596425342618237,7.094,2.641,2.073,3.0942280668158526,0.19857298949830046,-0.8974640307484876,0.0,0.0
scene-0655,5,11,vehicle.car,26.82071679606206,-20.42580379817212,0.29604332032136926,4.742,2.067,1.88,-1.5835265155597098,0.024762428307220148,0.510107222772312,0.0005332480136511492,0.010000000000000002
scene-0655,5,12,vehicle.car,-0.36747877846601473,-19.717882973372312,0.26633630039269063,4.461,1.85,1.499,1.582512771227311,0.0,0.3751923666400281,0.08074074074074074,0.9810000000000001
scene-0655,5,13,vehicle.truck,58.83775403562499,8.168568208449713,1.2915396524877694,5.703,2.025,1.827,-3.129436007844762,0.10892098091788269,0.03285378775881265,0.0,0.0
scene-0655,5,14,vehicle.car,2.46086718684452,-20.034169224737965,0.3198630012870163,4.548,1.915,1.588,-1.6220300950228976,0.23518321655105096,0.37255055254694525,0.04466374269005848,0.6110000000000002
scene-0655,5,15,vehicle.truck,-19.43386951418285,-7.227279560790343,0.923941579088786,5.375,1.941,1.715,-1.542822922789786,0.05984825503884981,0.09313847281017029,0.04655429423231281,0.8120000000000002
scene-0655,5,16,vehicle.car,43.71181031484907,-20.276835300899666,0.35824562260595294,4.364,2.135,1.861,-1.5087201624211064,0.01000515309147027,0.4294091937831309,0.0165185691501481,0.2900000000000001
scene-0655,5,18,vehicle.car,-0.2728111848568334,-7.6890782743408295,0.8750575496340071,4.621,1.907,1.561,1.6064878389947856,0.010083015379323013,-0.25513895956518995,0.26537471395881007,3.711000000000001
scene-0655,5,20,vehicle.car,-32.794000108243665,0.256962187085962,1.0178615928407075,4.617,2.026,1.743,0.0066099822939478725,7.560353276938647,-0.026053677928006835,0.0008951406649616369,0.014000000000000004
scene-0655,5,21,vehicle.car,31.975719673389754,7.769345536579157,1.2537616117889674,4.942,2.045,1.829,3.141346099499719,0.08508057697677958,-0.24982642927716092,0.025736961451247164,0.45400000000000007
scene-0655,5,22,vehicle.car,-30.311578222759394,-7.591722070817028,0.716594266010434,4.493,1.886,1.473,1.6174712787644248,0.040196099449223914,0.29326801292785953,0.0010916179337231969,0.014000000000000004
scene-0655,5,23,vehicle.car,10.504891437134868,-19.907366103645586,0.33218490142334045,4.274,1.966,1.752,1.5390500991559033,0.06378285095787416,0.4393315388489908,0.0,0.0
scene-0655,5,24,vehicle.truck,-41.22359212849166,-8.578554739116077,0.9808343195289286,5.33,1.998,1.914,-1.6352313405024959,0.0,0.3068403883606282,0.006603773584905661,0.13300000000000003
scene-0655,5,25,vehicle.car,-25.28291603906186,-20.570210333184367,0.26676644801409044,4.433,2.061,1.65,1.546436498788242,0.048775121320668746,1.642025642401864,0.0,0.0
scene-0655,5,26,vehicle.bus.bendy,105.76208432243759,-4.876999918898374,1.7765297233629092,9.48,2.764,3.374,-0.0456375694388719,0.11631662838660049,-0.22813189073084428,0.0,0.0
scene-0655,5,27,vehicle.car,2.4288109949708443,-7.1144353392265405,0.8002438170274866,4.086,2.107,1.485,1.5640730342664715,0.0037519324094790786,-0.1741532379945886,0.1873015873015873,2.4190000000000005
scene-0655,5,28,vehicle.car,35.66457804814841,-8.056678871269437,0.8673818333952596,4.248,1.716,1.395,1.576296350471639,0.10526977109367097,-0.29348410447527673,0.0035014005602240898,0.03500000000000001
scene-0655,5,29,vehicle.car,-5.915287973519747,-7.737733643842997,0.961714023255672,4.306,2.009,1.72,-1.581046923543807,0.0,-0.22135868003305392,0.06422708618331054,0.9390000000000002
scene-0655,5,30,vehicle.car,38.038640040499835,-20.64127270663511,0.2047841761784288,4.345,2.034,1.537,-1.451830561304829,0.0,0.43129665487244395,0.0016279069767441861,0.021000000000000008
scene-0655,5,31,vehicle.car,-8.707663322289013,-7.641201992352493,0.9843977585191905,4.572,1.996,1.712,-1.541268822987593,0.02035901152641021,-0.19425660691215396,0.03823529411764706,0.5980000000000002
scene-0655,5,32,vehicle.car,13.13252437617517,-20.06053419855785,0.20729425977307392,4.272,1.83,1.651,-1.60254255443389,0.045023188911474034,0.5142953611151593,0.0,0.0
scene-0655,5,33,vehicle.car,-70.24368618377167,11.619340289144834,1.2128762339643158,4.622,1.944,1.921,-2.1026026658205508,2.4359498018117995,0.14204623755896917,0.0,0.0
scene-0655,5,34,vehicle.truck,-88.09208723286005,3.448284071765896,1.2563191083131071,6.049,1.993,2.0,-3.124211730357469,6.588765549617799,-0.15185471892931424,0.0,0.0
scene-0655,5,35,vehicle.car,15.877934704321857,-13.629885791917673,0.4638662775018462,4.468,2.038,1.758,-1.4574531199361085,3.580265651403158,0.15623260326597604,0.042839506172839506,0.6940000000000002
scene-0655,5,36,vehicle.truck,29.789147899193637,-20.55720425978765,0.21863721818254533,4.74,1.987,1.82,1.5580661380300835,0.03752074494509519,0.5592448398418611,0.0026004728132387705,0.04400000000000001
scene-0655,5,37,vehicle.car,-13.977069136436223,-8.239022601754233,0.8755405823362722,4.787,2.012,1.831,-1.5327474763019378,0.12412288647316905,0.07570002415052512,0.03391203703703704,0.5860000000000002
scene-0655,5,38,vehicle.car,49.10306491541163,-7.868526719056889,1.0199940413274229,4.496,1.956,1.766,1.620823927938585,0.04509261561255798,-0.2372655643262327,0.006419753086419753,0.10400000000000001
scene-0655,5,39,vehicle.car,-3.038337161671412,-7.912689464739838,0.928752121914939,4.946,2.014,1.692,-1.5761226682963174,0.0,-0.25093602978141705,0.16440576230492196,2.7390000000000003
scene-0655,5,40,vehicle.car,-11.289929025254086,-7.388521310918064,0.9554441314604865,4.793,2.107,1.744,1.6282102266560663,0.03803685645920985,-0.08237585231333833,0.05683940242763772,0.9740000000000002
scene-0655,5,42,vehicle.truck,66.54898607729046,-25.056936331580246,0.43502668700436187,4.74,2.292,1.774,-0.07417697002882297,0.12695732094056514,0.31040277471324373,0.0,0.0
scene-0655,5,43,vehicle.car,65.00535078478117,7.734317033101191,1.104846705358014,4.746,1.802,1.518,3.140124970604372,0.2557345558189956,-0.2129377650427674,0.0,0.0
scene-0655,5,44,vehicle.truck,4.872570708862014,8.072996001415232,1.388619321320314,7.42,2.592,2.558,3.100543023611936,0.06572726913555166,-0.112609194610376,0.17797457220534144,8.903000000000002
scene-0655,5,46,vehicle.car,38.17164429923145,-8.628218972262994,0.9571689462577471,5.069,2.185,1.875,1.576296350471639,0.0,-0.14123413174501742,0.00971010413734872,0.20700000000000005
scene-0655,5,47,vehicle.car,24.332873643902612,-8.180115501420275,0.9637285673103896,4.758,1.94,1.818,-1.509191626089761,0.01741945712865473,-0.2085045722208586,0.0062134502923976605,0.10200000000000002
scene-0655,5,48,vehicle.car,46.963149966829,8.206801305378619,1.1856319585724704,4.641,1.983,1.567,3.0978565500716404,0.01750968097411234,0.06382544461051298,0.004415760869565217,0.06500000000000002
scene-0655,5,49,vehicle.car,-58.97178350152803,17.583610291414836,1.493224699359887,5.091,2.167,2.083,1.699612727819243,4.322704509354079,0.1776211348953316,0.0,0.0
scene-0655,5,50,vehicle.car,-6.709578581463714,8.203028989758895,0.9671074726699502,4.81,1.891,1.873,3.135432345901335,0.26040441185765834,-0.0696276608227403,0.08056325023084025,1.3960000000000001
scene-0655,5,51,vehicle.construction,112.05838087627839,10.46984507813372,1.9244768191857453,7.556,2.525,2.252,1.5756677247830408,0.0,-0.16039610305262775,0.0,0.0
scene-0655,5,52,vehicle.car,-21.967343576723742,-7.202215009913789,0.9219559503733876,4.495,1.872,1.587,1.5808538970730415,0.018801303966916417,0.06494246566894024,0.0002192982456140351,0.003000000000000001
scene-0655,5,53,vehicle.car,27.01265025505416,-8.154168337590693,1.2648000854168113,4.369,1.965,1.548,1.5883974129244458,0.0,-0.6357876834783729,0.007424242424242424,0.09800000000000002
scene-0655,5,54,vehicle.car,32.79645963765854,-20.37776220467023,0.11708104384306872,4.333,2.007,1.493,-1.5835265155597098,0.07379860196725511,0.49606870305176776,0.0001550387596899225,0.002000000000000001
scene-0655,5,55,vehicle.car,18.743253083391608,-19.99803403666729,0.2530665634175231,4.61,1.974,1.504,-1.60254255443389,0.0,0.38112459541359645,0.05420289855072464,0.7480000000000001
scene-0655,5,56,vehicle.truck,-24.75944265546079,-7.819264395760815,1.0672652409958263,5.291,1.984,1.865,-1.5066771474188156,0.005156537874567254,0.0967570509029011,0.017725918570009932,0.3570000000000001
scene-0655,5,57,vehicle.car,-44.237213827348945,-8.29335410309601,1.0829854496745137,4.668,1.966,1.851,-1.6177693745982302,0.01875966204640012,0.16072747671327314,0.0007838745800671892,0.014000000000000002
scene-0655,5,58,vehicle.car,-8.789730247636754,-19.494301704363714,0.3462149971714146,4.365,2.083,1.813,-1.57292714383626,0.0,0.571864814401614,0.0012626262626262627,0.021000000000000008
scene-0655,5,59,vehicle.car,5.227607083237651,-19.934477109858182,0.1632238365220352,4.592,2.067,1.707,-1.5645105197895264,0.0,0.5876304235649781,0.006028498355864085,0.09900000000000003
scene-0655,6,0,vehicle.car,1.5785422843059946,-7.9879090977958285,0.9578114542632528,4.893,2.065,1.938,-1.583445837106673,0.014449729203192147,-0.15981515356592613,0.09048130530407651,1.7690000000000003
scene-0655,6,1,vehicle.truck,-39.3926166061477,-7.820149698337284,1.2890756344714696,5.295,2.06,1.927,-1.6375218189515455,0.02892082584620169,0.1250405464252895,0.003357450229346952,0.07100000000000002
scene-0655,6,2,vehicle.car,16.765186596559563,8.28099186789365,0.8628119716864727,4.959,1.943,1.499,-3.101583166951042,0.08613365208513268,-0.08791489448367573,0.08701754385964912,1.2400000000000002
scene-0655,6,3,vehicle.car,22.550824782728498,8.042391420001756,1.0486360955488732,4.791,1.872,1.698,3.129264903828983,0.008892141048137686,-0.20869068184018635,0.013544891640866873,0.21000000000000005
scene-0655,6,4,vehicle.car,80.05762465674272,5.618000689297797,0.937272569361761,4.782,1.924,1.481,3.1302244217560102,0.12006448604464967,-0.5270576416884211,0.0,0.0
scene-0655,6,5,vehicle.car,-20.084547765388766,-8.017123133602249,1.1183855459549954,5.006,1.933,1.673,1.5708059151652456,0.05907797245542482,-0.07313683281927608,0.02235294117647059,0.36100000000000004
scene-0655,6,6,vehicle.car,35.91706806157697,7.597792969945767,1.3402725624860552,5.765,2.078,2.301,-3.11867998699053,0.11468039728700187,-0.2885972199858453,0.013457556935817806,0.3770000000000001
scene-0655,6,7,vehicle.car,4.304443803809706,-20.41921229816498,0.3280308206615431,5.075,2.12,1.792,1.5367573353285322,0.11670935125627006,0.10288903731727772,0.010893246187363835,0.21000000000000008
scene-0655,6,8,vehicle.car,9.395759709528404,8.277760748111811,0.8206466237404585,4.73,1.869,1.456,3.0920704478920773,0.03558592741724762,-0.05894986797358992,0.10757745427398283,1.4410000000000003
scene-0655,6,9,vehicle.car,49.457111035637034,8.008437257991133,1.0436169889625821,4.995,1.966,1.748,-3.1282053606845968,0.15207901049326347,-0.2892753548082624,0.0037058823529411765,0.06300000000000001
scene-0655,6,10,vehicle.construction,115.54491569772914,4.977569816547286,1.215286722853879,7.094,2.641,2.073,3.092035556301572,0.1988498518150027,-0.568143276408414,0.0,0.0
scene-0655,6,11,vehicle.car,23.358811611730296,-20.45951934882239,0.22825215485505979,4.742,2.067,1.88,-1.5858205098782523,0.025150772937621645,0.28046574208326414,0.021009971737855276,0.3940000000000001
scene-0655,6,12,vehicle.car,-3.820456029619164,-19.685900052857907,0.31235129165026154,4.461,1.85,1.499,1.5802173054911834,0.0,-0.02084044789644679,0.04230452674897119,0.5140000000000001
scene-0655,6,13,vehicle.truck,55.44925860300574,8.029731353969215,1.0377781233275385,5.703,2.025,1.827,-3.131624725995128,0.1090194262127283,-0.2685035120928736,0.0,0.0
scene-0655,6,14,vehicle.car,-0.9874599634057052,-19.914443850746316,0.3595955639673646,4.548,1.915,1.588,-1.6243215218608664,0.09003978907051105,-0.03324430855049443,0.06089181286549707,0.8330000000000002
scene-0655,6,15,vehicle.truck,-22.85499182505258,-7.208910415660792,1.030102394496232,5.375,1.941,1.715,-1.5451192966227993,0.1414425292955705,0.03254891010639105,0.016511867905056758,0.28800000000000003
scene-0655,6,16,vehicle.car,40.26153523345524,-20.34086435810365,0.23251369960115464,4.364,2.135,1.861,-1.5110182537635695,0.011170613942339898,0.3794110671777913,0.010879471405787195,0.19100000000000006
scene-0655,6,18,vehicle.car,-3.6933969490364524,-7.656256199988811,0.8962235064114412,4.621,1.907,1.561,1.604191054059922,0.010003658679123305,-0.2299109407271227,0.1501716247139588,2.1000000000000005
scene-0655,6,20,vehicle.car,-33.202618482481014,0.3653198099624899,1.1240387970749344,4.617,2.026,1.743,0.006867547739028685,7.498441614182549,-0.07200650554337151,0.003069053708439898,0.048000000000000015
scene-0655,6,21,vehicle.car,28.585824893501698,7.6982476769410235,1.1320432120222115,4.942,2.045,1.829,3.1391566517907785,0.03780794176843626,-0.2778565411228203,0.027834467120181405,0.4910000000000001
scene-0655,6,22,vehicle.car,-33.73431054097245,-7.525749140161815,0.8564432453158408,4.493,1.886,1.473,1.6151739312849838,0.079199043690245,0.24580235872239775,0.0,0.0
scene-0655,6,23,vehicle.car,7.05073407548657,-19.922578445820456,0.28965686596851503,4.274,1.966,1.752,1.5367573353285322,0.46341221593329,0.11115696488399351,0.035723514211886305,0.5530000000000002
scene-0655,6,24,vehicle.truck,-44.64936600359493,-8.457000405381333,1.1939759532134415,5.33,1.998,1.914,-1.6375218189515455,0.0,0.30652202642751913,0.0011916583912611719,0.024000000000000007
scene-0655,6,25,vehicle.car,-28.738178250371142,-20.502949283717,0.4132417460830835,4.433,2.061,1.65,1.544143248199804,0.04779525813351892,1.6656885841934057,0.0,0.0
scene-0655,6,26,vehicle.bus.bendy,102.34219008135649,-5.153759075583719,1.4266848738526072,9.48,2.764,3.374,-0.04782995974357465,0.2156602015006722,-0.17595040205466406,0.0,0.0
scene-0655,6,27,vehicle.car,-0.9968019100971096,-7.087257112005181,0.8030074464152426,4.086,2.107,1.485,1.5617786667671585,0.09465536916765832,-0.12422907341223655,0.2840108401084011,3.668000000000001
scene-0655,6,28,vehicle.car,32.254489463788396,-8.140826160747164,0.7211280930721713,4.248,1.716,1.395,1.5740012469390008,0.10597374876078404,-0.42105761892437465,0.0,0.0
scene-0655,6,29,vehicle.car,-9.33963743496432,-7.692131983962154,0.9993026177482617,4.306,2.009,1.72,-1.5833410728186297,0.0,-0.05190312012004972,0.04972640218878249,0.7270000000000002
scene-0655,6,30,vehicle.car,34.583113743701574,-20.693646695062643,0.12021495769515078,4.345,2.034,1.537,-1.4541309350024672,0.0,0.28464997913346246,0.004418604651162791,0.057000000000000016
scene-0655,6,31,vehicle.car,-12.130387377613749,-7.582646193663875,1.0715633908162314,4.572,1.996,1.712,-1.543565280641899,0.019187769290062967,-0.11735053774215765,0.020396419437340153,0.31900000000000006
scene-0655,6,32,vehicle.car,9.677824654023345,-20.074918678632553,0.1612880783660392,4.272,1.83,1.651,-1.6048353182612611,0.19177464364847005,0.19108831161427697,0.031843745250038,0.41900000000000004
scene-0655,6,33,vehicle.car,-74.15717379348727,10.990066397084847,1.4537936108052474,4.622,1.944,1.921,-2.1450017349015327,2.435168725969313,0.16193714976909346,0.0,0.0
scene-0655,6,34,vehicle.truck,-94.17763051689997,3.8255215235155076,1.5987602985835183,6.049,1.993,2.0,3.0964068161259517,6.729689624120725,0.3369500123524558,0.0,0.0
scene-0655,6,35,vehicle.car,12.514916497202154,-15.047505897924374,0.38516662968391596,4.468,2.038,1.758,-1.512135748112681,3.3415882323142627,-0.0344512390016955,0.061419753086419754,0.9950000000000002
scene-0655,6,36,vehicle.truck,26.34891360578246,-20.591987210182623,0.1631036255428181,4.74,1.987,1.82,1.5557721437115408,0.03669691913508236,0.33049415373116875,0.003723404255319149,0.06300000000000003
scene-0655,6,37,vehicle.car,-17.40268653013597,-8.177464168349085,0.9947244468807324,4.787,2.012,1.831,-1.5350443842067716,0.0,0.10117626739748875,0.007696759259259259,0.13300000000000003
scene-0655,6,38,vehicle.car,45.67854490754813,-7.961006332041494,0.8509944554270168,4.496,1.956,1.766,1.6185264140421864,0.04458557562118978,-0.34930438193687396,0.001419753086419753,0.023000000000000003
scene-0655,6,39,vehicle.car,-6.463194162611051,-7.873789635615059,0.9678447327262855,4.946,2.014,1.692,-1.5784171215027645,0.0,-0.12994406517810586,0.07220888355342137,1.2030000000000003
scene-0655,6,40,vehicle.car,-14.702129299250851,-7.322347037848878,1.0389775353559052,4.793,2.107,1.744,1.6259123549223768,0.037758893607030254,-0.06472569273791662,0.023809523809523808,0.40800000000000003
scene-0655,6,42,vehicle.truck,63.1272808723179,-25.14485439934271,0.26359524564177106,4.74,2.292,1.774,-0.07637142182758155,0.12640061991329343,0.47195716019242695,0.0,0.0
scene-0655,6,43,vehicle.car,61.61473528560874,7.567732082555797,0.8254506651561483,4.746,1.802,1.518,3.1379354493087015,0.14567667278752003,-0.27095193640401205,0.0,0.0
scene-0655,6,44,vehicle.car,102.96193243798052,-15.003567714026062,0.1978304490027477,4.661,2.107,1.626,1.6054307740312757,0.0,0.17806002102517582,0.0,0.0
scene-0655,6,45,vehicle.truck,1.5088665882945476,8.085594108211788,1.3667380783032759,7.42,2.592,2.558,3.0983509497672648,0.06647767561649051,-0.06501994676107015,0.20300255877178955,10.155000000000003
scene-0655,6,47,vehicle.car,34.74494678143768,-8.678793369358052,0.8266678079991404,5.069,2.185,1.875,1.5740012469390008,0.0,-0.2911721989541117,0.0,0.0
scene-0655,6,48,vehicle.car,20.860997236279008,-8.178746250479564,0.8803698227707316,4.758,1.94,1.818,-1.5114896954455557,0.12843681217222708,-0.32894896462597145,0.004934210526315789,0.08100000000000002
scene-0655,6,49,vehicle.car,43.58096785726925,8.137383774799444,0.9807191104062513,4.641,1.983,1.567,3.0956642914329144,0.017818983167254616,-0.2798294195302442,0.0,0.0
scene-0655,6,50,vehicle.car,-62.48611589228246,18.76166718118468,1.7268645160732863,5.091,2.167,2.083,1.6973120347712096,2.5695486507009084,0.21637245864290033,0.0,0.0
scene-0655,6,51,vehicle.car,-10.311178286241196,8.25498638572044,0.8902609851691579,4.81,1.891,1.873,3.133242538907389,0.16034388279762102,0.09962243970896256,0.05557479224376731,0.9630000000000001
scene-0655,6,52,vehicle.construction,108.67613476849385,10.259654572818757,1.4811403926357187,7.556,2.525,2.252,1.5733726583346475,0.0,-0.5802735881551662,0.0,0.0
scene-0655,6,53,vehicle.car,-25.391243579690098,-7.115656134881133,1.0545906817869029,4.495,1.872,1.587,1.578558527187744,0.017687448790860046,-0.024999768371947728,0.009429824561403509,0.12900000000000003
scene-0655,6,54,vehicle.car,23.588060686811684,-8.177578242870956,1.1015588200734832,4.369,1.965,1.548,1.586101611913995,0.0,-0.6986821935819365,0.00446969696969697,0.05900000000000002
scene-0655,6,55,vehicle.car,29.312223311796654,-20.41850865137987,0.03895542427275556,4.333,2.007,1.493,-1.5858205098782523,0.07447997572359524,0.30396209219719994,0.011007751937984495,0.14200000000000004
scene-0655,6,56,vehicle.car,15.28939819449554,-20.006330768240787,0.17725987915491548,4.61,1.974,1.504,-1.6048353182612611,0.0,0.10735405393147979,0.008478260869565218,0.11700000000000003
scene-0655,6,57,vehicle.truck,-28.182547927260856,-7.73725006176068,1.207388028946795,5.291,1.984,1.865,-1.5089753334616962,0.008961341633035037,0.027990291270337475,0.003326713008937438,0.06700000000000002
scene-0655,6,58,vehicle.car,-47.65942864936462,-8.11914981922462,1.3102078334161185,4.668,1.966,1.851,-1.6200611002234702,0.11673052110067612,0.18081328760896698,0.0016797312430011197,0.030000000000000002
scene-0655,6,59,vehicle.car,-12.241862161026662,-19.444031535906035,0.43259849701927056,4.365,2.083,1.813,-1.5752217915603568,0.0,0.8480190562148298,0.003186628186628187,0.05300000000000002
scene-0655,6,60,vehicle.car,1.773810377058703,-19.916448894779414,0.2405069974718711,4.592,2.067,1.707,-1.5668056695597417,0.0,0.1407890325726846,0.0,0.0
scene-0655,7,0,vehicle.car,-2.7871031155556256,-7.93533909889056,1.0448977631343848,4.893,2.065,1.938,-1.5858991326007572,0.014003205079297563,-0.1057170430435187,0.17201166180758018,3.363000000000001
scene-0655,7,1,vehicle.truck,-43.75683734889732,-7.665437768714232,1.4618043729589474,5.295,2.06,1.927,-1.6399643981942749,0.012002747210875218,0.31692641384143716,0.0013713529105783327,0.02900000000000001
scene-0655,7,2,vehicle.car,12.439310025483627,8.252700211005846,0.751825827187921,4.959,1.943,1.499,-3.112711750284126,0.10219970985286245,-0.07664042145671979,0.07852631578947368,1.1190000000000002
scene-0655,7,3,vehicle.car,18.223557907732328,8.05318555467781,0.901863617801263,4.791,1.872,1.698,3.126850818551189,0.0,-0.1236642351384899,0.04785861713106295,0.7420000000000001
scene-0655,7,4,vehicle.car,75.72284521302437,5.429548634017777,0.6841328390120576,4.782,1.924,1.481,3.1278105249398767,0.11906506094928267,-0.3426146486281464,0.0,0.0
scene-0655,7,5,vehicle.car,-24.440429226068503,-7.956455237306607,1.2468716735171539,5.006,1.933,1.673,1.568350139468471,0.10534742387127914,0.11453043181426703,0.006501547987616099,0.10500000000000001
scene-0655,7,6,vehicle.car,31.5902226981188,7.521986467193557,1.144918983711865,5.765,2.078,2.301,-3.121087203768614,0.0570919600838617,-0.22160104419198268,0.00953094881130863,0.267
scene-0655,7,7,vehicle.car,0.013258201206703029,-20.377231857715437,0.6342214021378323,5.075,2.12,1.792,1.5343082581790148,0.050011446711923216,-0.16834803935821496,0.06458138811079987,1.2450000000000003
scene-0655,7,8,vehicle.car,5.165096024555431,8.294269655231417,0.7804029160242639,4.73,1.869,1.456,3.0896490081490318,0.12470813277446928,-0.14735056705289706,0.13482642777155654,1.8060000000000003
scene-0655,7,9,vehicle.car,45.1464982370942,7.868872855439253,0.8315368766467497,4.995,1.966,1.748,-3.1393391061633373,0.17468247361094782,-0.2359744016807005,0.0006470588235294118,0.011000000000000003
scene-0655,7,10,vehicle.construction,111.24995462071357,4.6743724701648075,0.8831355918301794,7.094,2.641,2.073,3.0896141096211,0.19820186861200836,-0.2890439747227881,0.0,0.0
scene-0655,7,11,vehicle.car,18.95233297736308,-20.465037539392853,0.3130177511249477,4.742,2.067,1.88,-1.5882733386754153,0.02546167183695295,0.21206600174561197,0.006932224177464939,0.13000000000000003
scene-0655,7,12,vehicle.car,-8.21532152980785,-19.617419130754794,0.4828106023740365,4.461,1.85,1.499,1.5777596949609733,0.0,0.3613227980661796,0.0,0.0
scene-0655,7,13,vehicle.truck,51.121789756449864,7.9073221938116305,0.8131274471967315,5.703,2.025,1.827,-3.1340344522508956,0.10913959870740257,-0.19597461826492302,0.0,0.0
scene-0655,7,14,vehicle.car,-5.3842457933910035,-19.865368957052723,0.5247636512707748,4.548,1.915,1.588,-1.626766731374971,0.02702469763466562,0.03074928389081577,0.079093567251462,1.0820000000000003
scene-0655,7,15,vehicle.truck,-27.21675682985764,-7.161429257808607,1.178778146935428,5.375,1.941,1.715,-1.5475800561168898,0.14225773379182963,0.22690857248214413,0.005102625845659901,0.08900000000000001
scene-0655,7,16,vehicle.car,35.870606970828355,-20.37753600551914,0.27659573022701167,4.364,2.135,1.861,-1.51348552224269,0.011047889678425345,0.3061545894923029,0.001594896331738437,0.028000000000000008
scene-0655,7,18,vehicle.car,-8.05317106310613,-7.584313781725863,0.9774618788501125,4.621,1.907,1.561,1.6017288093665074,0.010052176381694897,-0.04751145751679953,0.07858981693363844,1.0990000000000002
scene-0655,7,20,vehicle.car,-33.79930377652385,0.5051734839308486,1.1939799655499184,4.617,2.026,1.743,0.007517100001925128,7.498331001113527,-0.18902012930533518,0.001982097186700767,0.031000000000000007
scene-0655,7,21,vehicle.car,24.257897818762018,7.6951837398966125,0.9725427431939826,4.942,2.045,1.829,3.1367445057826373,0.0,-0.1980448448537574,0.0066326530612244895,0.11700000000000002
scene-0655,7,22,vehicle.car,-38.09704100388404,-7.421250421196993,1.0278932388679562,4.493,1.886,1.473,1.6127095848361854,0.07824833848578465,0.4481419140441837,0.002105263157894737,0.027000000000000007
scene-0655,7,23,vehicle.car,2.7121103770934014,-20.27498835995593,0.7183474972418432,4.274,1.966,1.752,1.5343082581790148,0.39238561669841643,-0.2885826175383215,0.026937984496124032,0.41700000000000015
scene-0655,7,24,vehicle.car,-33.13542534028353,-20.398157334052513,0.665117851341323,4.433,2.061,1.65,1.5416927108643852,0.04801098884327344,1.5135577525252542,0.0,0.0
scene-0655,7,25,vehicle.bus.bendy,97.97787670664646,-5.447495226817803,1.2362307174197231,9.48,2.764,3.374,-0.05025106309314486,0.11304357134925824,-0.0020321834078822487,0.0,0.0
scene-0655,7,26,vehicle.car,-5.443065477557356,-7.032301767247606,0.8267383964113069,4.086,2.107,1.485,1.559324658358979,0.16739720997057272,0.017746700520150704,0.1070073557878436,1.3820000000000003
scene-0655,7,27,vehicle.car,27.908000279279925,-8.203952559271668,0.6658523974235996,4.248,1.716,1.395,1.5715448473758402,0.10521438539740725,-0.34914865110478244,0.02541016406562625,0.25400000000000006
scene-0655,7,28,vehicle.car,-13.704226371700702,-7.605608415475289,1.0911739616753302,4.306,2.009,1.72,-1.5857943888920611,0.0,0.0169026560424127,0.019288645690834473,0.28200000000000003
scene-0655,7,29,vehicle.car,30.185089702707153,-20.718357472878427,0.1843345721960914,4.345,2.034,1.537,-1.4566087000628543,0.0,0.2168683744668114,0.003953488372093023,0.05100000000000001
scene-0655,7,30,vehicle.car,-16.492038895813327,-7.481022288925926,1.2173984738427088,4.572,1.996,1.712,-1.5460263397211427,0.01942093293771986,-0.05821277247246959,0.013746803069053709,0.21500000000000008
scene-0655,7,31,vehicle.car,5.375317649952303,-20.16932059426657,0.3855662701778737,4.272,1.83,1.651,-1.6072843954107785,0.08639106487217788,-0.012500511949571691,0.02416780665754674,0.31800000000000006
scene-0655,7,32,vehicle.car,-79.189802433067,10.248401729712105,1.5985551266194813,4.622,1.944,1.921,-2.1975618596645425,2.4346905724356325,0.29805483345971184,0.0,0.0
scene-0655,7,33,vehicle.truck,-101.86516263198993,4.385596242866425,1.8713236594777787,6.049,1.993,2.0,3.0577407990576044,7.32166295411781,0.2536107754129684,0.0,0.0
scene-0655,7,34,vehicle.car,8.198442087858718,-16.604005291391356,0.40254270031107703,4.468,2.038,1.758,-1.5320605660147788,3.177579348443883,0.021024050215351198,0.027469135802469135,0.44500000000000006
scene-0655,7,35,vehicle.truck,21.969383393428114,-20.596751683262127,0.2688796584331501,4.74,1.987,1.82,1.5533193149143778,0.01803188354795956,0.23949572160606503,0.01607565011820331,0.2720000000000001
scene-0655,7,36,vehicle.car,41.313770217431916,-8.029362185876991,0.7912938851973411,4.496,1.956,1.766,1.6160614289361446,0.04419155871381463,-0.3428448857924339,0.0044444444444444444,0.07200000000000001
scene-0655,7,37,vehicle.car,-10.828263784268035,-7.794693293397071,1.067255252901897,4.946,2.014,1.692,-1.5808714038258014,0.0,-0.023420463148936865,0.050120048019207684,0.8350000000000002
scene-0655,7,38,vehicle.car,-19.051132879830387,-7.2109198539713075,1.1750114994362955,4.793,2.107,1.744,1.6234459677721076,0.03754524218220808,0.0502201094313498,0.007878151260504201,0.135
scene-0655,7,40,vehicle.truck,58.77216549147256,-25.20340679047694,0.3166768031468097,4.74,2.292,1.774,-0.07879821507055712,0.1273437177074582,0.26925804993012514,0.0,0.0
scene-0655,7,41,vehicle.car,57.28490953685584,7.410120661943808,0.5822287484602935,4.746,1.802,1.518,3.1355230643264655,0.09455205963382213,-0.1541768032507903,0.0,0.0
scene-0655,7,42,vehicle.car,98.5774922024158,-15.193604165670985,0.12022363444946516,4.661,2.107,1.626,1.6029682913892644,0.0,0.2551150157771278,0.0,0.0
scene-0655,7,43,vehicle.truck,-2.7866797078264924,8.134923715236953,1.3269791442934866,7.42,2.592,2.558,3.095930757756498,0.06556651345040322,-0.12275452716988289,0.20014393091316168,10.012000000000002
scene-0655,7,45,vehicle.car,30.377257000563233,-8.69892948984882,0.7966120341359304,5.069,2.185,1.875,1.5715448473758402,0.0,-0.25602913885699974,0.0028145229383619475,0.06000000000000001
scene-0655,7,46,vehicle.car,16.43669429289878,-8.13703605855261,0.8812593349858671,4.758,1.94,1.818,-1.5139568749329633,0.12766150371642784,-0.2514583987637906,0.005969785575048733,0.09800000000000002
scene-0655,7,47,vehicle.car,39.26263454290229,8.095600266051179,0.7924637471431457,4.641,1.983,1.567,3.093243565920089,0.017033284975514915,-0.24726430904805297,0.0002717391304347826,0.004000000000000001
scene-0655,7,48,vehicle.car,-14.569503015851629,8.325939975118288,0.872009166910472,4.81,1.891,1.873,3.1308292344088544,0.1408441679845532,0.026498608992276074,0.05713296398891967,0.9900000000000002
scene-0655,7,49,vehicle.construction,104.35468916760823,10.066622673881948,1.1113483691343735,7.556,2.525,2.252,1.570916381426709,0.0,-0.3701121463903856,0.0,0.0
scene-0655,7,50,vehicle.car,19.22199360575444,-8.166987800086762,1.008190934619039,4.369,1.965,1.548,1.5836428584437234,0.0,-0.5424240169135031,0.0125,0.16500000000000004
scene-0655,7,51,vehicle.car,24.876741202327516,-20.429935498695407,0.12066383067235598,4.333,2.007,1.493,-1.5882733386754153,0.07502383796421419,0.23533723315134403,0.03705426356589147,0.4780000000000001
scene-0655,7,52,vehicle.car,10.893093666971975,-19.983185599670875,0.2329275143199256,4.61,1.974,1.504,-1.6072843954107785,0.0,0.07133765291640248,0.007173913043478261,0.09900000000000002
scene-0655,7,53,vehicle.car,13.702390007903073,-20.463800886968347,0.19480908770786654,4.404,1.963,1.509,-1.5882733386754153,0.0960440503408827,0.12355749778522118,0.015681818181818182,0.20700000000000005
scene-0655,7,54,vehicle.truck,-32.54663450956743,-7.608884081095743,1.3890377494451553,5.291,1.984,1.865,-1.511442987227241,0.008001831473916811,0.2260742524507492,0.0015392254220456803,0.031000000000000007
scene-0655,7,55,vehicle.car,-52.020702414057176,-7.8808184531392,1.5660940925227562,4.668,1.966,1.851,-1.6225071570427412,0.04702139943842941,0.2695928538693031,0.0,0.0
scene-0655,7,56,vehicle.car,-16.635765393665526,-19.354758129584535,0.6361740076735,4.365,2.083,1.813,-1.5776766998571334,0.0,0.9723134376809617,0.000962000962000962,0.016000000000000004
scene-0655,7,57,vehicle.car,-2.6215980431611032,-19.86330411824639,0.4614300536294024,4.592,2.067,1.707,-1.569262222391784,0.0,0.005034546695228348,0.06765314821580806,1.1110000000000002
scene-0655,8,0,vehicle.car,-7.033224007986157,-7.875575642606303,1.0558919865609318,4.893,2.065,1.938,-1.5897282711464984,0.01368413771979298,-0.0803890155078083,0.10807631323205974,2.1130000000000004
scene-0655,8,1,vehicle.truck,-48.002215245937656,-7.446483455731712,1.3959814451054975,5.295,2.06,1.927,-1.643795237009604,0.05477702153265836,0.19072493192392148,0.0013240648791790798,0.028000000000000008
scene-0655,8,2,vehicle.car,8.25726307921911,8.21064992903962,0.763309529581789,4.959,1.943,1.499,-3.1252996567624756,0.0896278724293911,-0.07897545907807724,0.11712280701754386,1.6690000000000005
scene-0655,8,3,vehicle.car,14.039450372780625,8.04025361654624,0.8987982703157639,4.791,1.872,1.698,3.1229883423265927,0.0,-0.11756633743726963,0.08552631578947369,1.3260000000000003
scene-0655,8,4,vehicle.car,71.52810197110011,5.135207014886793,0.7850764640423529,4.782,1.924,1.481,3.1239480202597205,0.06214060472051158,-0.418741432771372,0.0,0.0
scene-0655,8,5,vehicle.car,-28.677564225942444,-7.857347904232035,1.2113213239163299,5.006,1.933,1.673,1.5645213715231292,0.060742994906413064,-0.05403890089692065,0.002352941176470588,0.038
scene-0655,8,6,vehicle.car,27.40362811282893,7.455957795552437,1.213167044156319,5.765,2.078,2.301,-3.1249506839358103,0.027388510766388968,-0.23806339716268177,0.013136288998357963,0.36800000000000005
scene-0655,8,7,vehicle.car,-4.334969361411123,-20.318602144070976,0.6386206766372255,5.075,2.12,1.792,1.5304784693134366,0.11052572773748906,-0.21744427073054828,0.02422450461666148,0.46700000000000014
scene-0655,8,8,vehicle.car,1.009432351321673,8.337169774601772,0.7432728526528558,4.73,1.869,1.456,3.085787681270406,0.05491843395696638,-0.014813032620736077,0.14945875326614408,2.0020000000000002
scene-0655,8,9,vehicle.car,40.97812852004186,7.666208117326215,0.8703792136095982,4.995,1.966,1.748,3.131259013529684,0.11684622507046923,-0.22355373410215196,0.0008823529411764706,0.015000000000000003
scene-0655,8,10,vehicle.construction,107.09041611333478,4.2108830657731025,1.0406817967465143,7.094,2.641,2.073,3.0857527838620213,0.10359144630804067,-0.3928021733334284,0.0,0.0
scene-0655,8,11,vehicle.car,14.649653577846468,-20.48908428576952,0.3030425284049321,4.742,2.067,1.88,-1.5921025479372495,0.025350590551077225,0.28335667155768385,0.05956380312483336,1.1170000000000002
scene-0655,8,12,vehicle.car,-12.505365586293346,-19.52860482319355,0.4564126596908713,4.461,1.85,1.499,1.5739311954774722,0.0,0.0826038637895441,0.01646090534979424,0.20000000000000004
scene-0655,8,13,vehicle.truck,46.93776575689093,7.712199393962875,0.8635376030559841,5.703,2.025,1.827,-3.1378975735922374,0.1095995462810587,-0.19700897184565702,0.0,0.0
scene-0655,8,14,vehicle.car,-9.675903959757028,-19.801529407833776,0.5024134755370943,4.548,1.915,1.588,-1.6305971382215763,0.02736827543970563,-0.04458477475622569,0.07076023391812865,0.9680000000000002
scene-0655,8,15,vehicle.truck,-31.458443449916373,-7.071726655893403,1.1610918920205884,5.375,1.941,1.715,-1.5514081063795464,0.14130303088835489,0.054363623364085734,0.003611971104231166,0.06300000000000001
scene-0655,8,16,vehicle.car,31.582524689693358,-20.458507625944296,0.29360974200631107,4.364,2.135,1.861,-1.517312691634555,0.010578760158992223,0.8753702149782089,0.0,0.0
scene-0655,8,18,vehicle.car,-12.292487604485808,-7.495957986616175,0.9643832012236575,4.621,1.907,1.561,1.5979009658376528,0.009531933641304927,0.046521101254179076,0.03389588100686499,0.47400000000000014
scene-0655,8,20,vehicle.car,-34.264261570020054,0.6738700829161899,1.1318201199413862,4.617,2.026,1.743,0.006713695058507403,7.644389451422728,-0.031051434958132673,0.00159846547314578,0.025000000000000005
scene-0655,8,21,vehicle.car,20.07223403498641,7.658892575995491,0.9769778186115363,4.942,2.045,1.829,3.132881739173845,0.0,-0.1842159171733001,0.011791383219954649,0.20800000000000005
scene-0655,8,22,vehicle.truck,54.90821310724648,-28.460077065054218,0.541924780473207,5.489,2.278,2.022,-0.013404605831630239,0.0,1.4148100780396713,0.0,0.0
scene-0655,8,23,vehicle.car,-42.33911432990967,-7.257146132968264,0.9858383077835295,4.493,1.886,1.473,1.608882028119733,0.07919917569859239,0.28028663118131425,0.0,0.0
scene-0655,8,24,vehicle.car,-1.5809583485551186,-20.228674237676806,0.7091423946992151,4.274,1.966,1.752,1.5304784693134366,0.14501809242546304,-0.35069477049267217,0.06040051679586563,0.9350000000000002
scene-0655,8,25,vehicle.car,39.95770276647746,-8.162602105252729,0.862119731701767,4.232,2.008,1.54,1.5865707494562573,0.2558315506888383,-0.3497217677010651,0.007063492063492063,0.08900000000000002
scene-0655,8,26,vehicle.car,-37.42949997876104,-20.237568401693178,0.6144804633998444,4.433,2.061,1.65,1.5378631499302249,0.048420795008728375,1.3376241766071746,0.0,0.0
scene-0655,8,27,vehicle.bus.bendy,93.74050263437792,-5.768212257884924,1.3992506544481373,9.48,2.764,3.374,-0.05411244417903789,0.005263129892255685,0.052952374469175334,0.0,0.0
scene-0655,8,28,vehicle.car,-9.768631496328915,-6.964272626540497,0.772430021514957,4.086,2.107,1.485,1.5554956272399043,0.02824491891228062,0.13891216004842044,0.04545102593883082,0.5870000000000002
scene-0655,8,29,vehicle.car,23.68041264773328,-8.302619592166142,0.6548747230940194,4.248,1.716,1.395,1.5677161712592014,0.10463441093880045,-0.2872919453554482,0.03861544617847139,0.38600000000000007
scene-0655,8,30,vehicle.car,-17.948803278912102,-7.496253933533477,1.0658026453916838,4.306,2.009,1.72,-1.589623524326637,0.0,0.04158996432377793,0.02298221614227086,0.3360000000000001
scene-0655,8,31,vehicle.car,25.890905925608177,-20.77718175142087,0.1976741069952429,4.345,2.034,1.537,-1.4604345945762573,0.0,0.7650873694022714,0.0024031007751937985,0.03100000000000001
scene-0655,8,32,vehicle.car,-20.733835883993095,-7.352249326387281,1.2368057499143588,4.572,1.996,1.712,-1.5498543480148679,0.019409464010541246,-0.13468760671348445,0.003452685421994885,0.05400000000000001
scene-0655,8,33,vehicle.car,1.0569869033963475,-19.956367121724263,0.6700440276195867,4.272,1.83,1.651,-1.611114184276357,0.04760151117668661,-0.3793278081943853,0.0617875056999544,0.8130000000000002
scene-0655,8,34,vehicle.car,-84.13212690289028,9.663183526961063,1.5216174357900805,4.622,1.944,1.921,-2.2516219036454608,2.8569217333671677,0.13321832289598523,0.0,0.0
scene-0655,8,35,vehicle.truck,-110.0085790961127,5.1433005699303616,1.7691855004016555,6.049,1.993,2.0,3.068990039132781,7.914773129059012,0.3805772492702806,0.0,0.0
scene-0655,8,36,vehicle.car,3.9813168685244955,-18.163891599294043,0.32553313295427766,4.468,2.038,1.758,-1.553345941082855,2.6864303911032894,0.017624507979712822,0.05925925925925926,0.9600000000000002
scene-0655,8,37,vehicle.truck,17.675724452913016,-20.625589197152667,0.3418686567499404,4.74,1.987,1.82,1.5494901056525436,0.0,0.3761822439477678,0.008569739952718676,0.14500000000000005
scene-0655,8,38,vehicle.car,37.0686402037896,-8.153936723397287,0.8321127319558206,4.496,1.956,1.766,1.6122339580214085,0.045458332626781325,-0.21256749703722622,0.006358024691358025,0.10300000000000002
scene-0655,8,39,vehicle.car,-15.073535928985681,-7.6967321645234295,1.0593881815239419,4.946,2.014,1.692,-1.5847003938621496,0.0,0.03949704091105566,0.05546218487394958,0.9240000000000002
scene-0655,8,40,vehicle.car,-23.279748112525684,-7.070344913644432,1.175537269571795,4.793,2.107,1.744,1.6196186829772248,0.0380258858268295,-0.043265243509783224,0.005485527544351073,0.09400000000000001
scene-0655,8,42,vehicle.truck,54.514617222526425,-25.339543379087136,0.39468418051318777,4.74,2.292,1.774,-0.08265865851081745,0.127293777115255,1.218326440080837,0.0,0.0
scene-0655,8,43,vehicle.car,53.105709455935084,7.224351414647677,0.678960046187211,4.746,1.802,1.518,3.1361312419871417,0.04460948918238722,-0.21116300858574,0.0,0.0
scene-0655,8,44,vehicle.car,94.30426407121058,-15.518257927855329,0.3126065195845451,4.661,2.107,1.626,1.599140480671344,0.0,0.6279657933665428,0.0,0.0
scene-0655,8,45,vehicle.truck,-6.941392316137265,8.188216560332744,1.3482034662658635,7.42,2.592,2.558,3.0920692305961825,0.0652967575118928,-0.10601103314704341,0.14083240044778506,7.045000000000002
scene-0655,8,46,vehicle.car,38.69380039426716,3.3282714952140644,0.26172095454097893,4.703,1.918,1.541,3.1258324768924313,11.557988461144703,0.12735366475223397,0.00022396416573348266,0.003000000000000001
scene-0655,8,48,vehicle.car,26.128508302239435,-8.759114759588055,0.8172964842846241,5.069,2.185,1.875,1.5677161712592014,0.0,-0.21918381171725654,0.012243174781874472,0.26100000000000007
scene-0655,8,49,vehicle.car,12.133153027713394,-8.116139636406098,0.8814348563017582,4.758,1.94,1.818,-1.517784055921342,0.12729812926241738,-0.05957036495825996,0.03222465886939571,0.5290000000000001
scene-0655,8,50,vehicle.car,35.08669529684165,8.000884977982286,0.8338966764830167,4.641,1.983,1.567,3.089382124133866,0.01684201565531393,-0.223464574041229,0.0002717391304347826,0.004000000000000001
scene-0655,8,51,vehicle.car,-18.683746125624328,8.421834896413388,0.8689879762498526,4.81,1.891,1.873,3.126966640624778,0.1407924136792363,0.06821514994224032,0.03583795013850415,0.6210000000000001
scene-0655,8,52,vehicle.construction,100.17725287341473,9.720509469134111,1.2476042788602972,7.556,2.525,2.252,1.5670876873005677,0.0,-0.3853517623521949,0.0,0.0
scene-0655,8,53,vehicle.car,14.974908625734269,-8.18228453429545,0.9251952676433932,4.369,1.965,1.548,1.5798145237038477,0.0,-0.3126412429470431,0.019318181818181818,0.25500000000000006
scene-0655,8,54,vehicle.car,20.546823224332,-20.467822705902858,0.13168878379481697,4.333,2.007,1.493,-1.5921025479372495,0.0737138873842771,0.581296336561266,0.012558139534883722,0.16200000000000006
scene-0655,8,55,vehicle.car,6.601760037568306,-19.966341528837738,0.1664644393029006,4.61,1.974,1.504,-1.611114184276357,0.0947421858022243,0.057608996480485564,0.01681159420289855,0.23200000000000004
scene-0655,8,56,vehicle.car,9.361353340127721,-20.458490272044568,0.2035106135911951,4.404,1.963,1.509,-1.5921025479372495,0.09581209588313047,0.06812202629375363,0.06992424242424243,0.9230000000000003
scene-0655,8,57,vehicle.truck,-36.79163138395939,-7.432054361129068,1.3786818849388498,5.291,1.984,1.865,-1.5152701065588698,0.008486541950872553,0.004591413801537159,0.0010923535253227407,0.022000000000000002
scene-0655,8,58,vehicle.car,-56.267295212700105,-7.635414479442349,1.4603647604995125,4.668,1.966,1.851,-1.626337426745849,0.024233269873722794,0.22175528897711105,0.0,0.0
scene-0655,8,59,vehicle.car,-20.924950416358687,-19.233853562784844,0.6092589348181651,4.365,2.083,1.813,-1.5815055964104454,0.0,0.7735898229256704,0.0,0.0
scene-0655,8,60,vehicle.car,-6.912681370148671,-19.795052918996724,0.39894379219819553,4.592,2.067,1.707,-1.5730908760345594,0.0,0.020398359443650205,0.08586043112897333,1.4100000000000004
scene-0655,9,0,vehicle.car,-10.786383975606299,-7.820044359999264,1.0722416156283145,4.893,2.065,1.938,-1.5924364194265352,0.014765312492701398,-0.063659273718906,0.06925476957700373,1.3540000000000003
scene-0655,9,1,vehicle.truck,-51.758081678597236,-7.318032388128489,1.340294436572132,5.295,2.06,1.927,-1.6465026942116827,0.10209133261454592,0.3448497265595818,0.0,0.0
scene-0655,9,2,vehicle.car,4.549010356182617,8.196442609229624,0.7678818728022778,4.959,1.943,1.499,-3.1280297141968196,0.07736203248592173,-0.08656418475439187,0.14610526315789474,2.0820000000000007
scene-0655,9,3,vehicle.car,10.330042139722154,8.04440783917582,0.9095961854248857,4.791,1.872,1.698,3.120257768207214,0.0,-0.10527547697123052,0.10823013415892672,1.6780000000000004
scene-0655,9,4,vehicle.car,67.8106298110914,4.982398441937335,0.8510265239242041,4.782,1.924,1.481,3.121217459630176,0.0,-0.418144247866007,0.0,0.0
scene-0655,9,5,vehicle.car,-32.41449500174813,-7.737015219027724,1.1937718695751498,5.006,1.933,1.673,1.5618130422087904,0.03578295556954272,0.07491479357563757,0.0013003095975232198,0.021000000000000005
scene-0655,9,6,vehicle.car,23.69215722762825,7.39809708856647,1.2251414138748409,5.765,2.078,2.301,-3.1308847907978237,0.05789741400988386,-0.23940616089842326,0.022488755622188907,0.6300000000000002
scene-0655,9,7,vehicle.car,-8.171417548808002,-20.262612291611468,0.6694031195360175,5.075,2.12,1.792,1.5277706105311872,0.052599247862890434,-0.1947795862871161,0.013071895424836602,0.25200000000000006
scene-0655,9,8,vehicle.car,-2.6747729953096187,8.380650887867619,0.7458954955778284,4.73,1.869,1.456,3.083056616532019,0.05511638233353215,-0.08405057160474494,0.14273982829413961,1.9120000000000006
scene-0655,9,9,vehicle.car,37.26757629204682,7.573078804763199,0.8937932217587204,4.995,1.966,1.748,3.1285285570185617,0.05264131044263209,-0.2271445188988419,0.001,0.017000000000000005
scene-0655,9,10,vehicle.construction,103.37003746239316,3.961203652339162,1.1401366936416562,7.094,2.641,2.073,3.083021718693391,0.05154726290542213,-0.45072967974852873,0.0,0.0
scene-0655,9,11,vehicle.car,10.855517766526496,-20.495052947646155,0.31022371101341034,4.742,2.067,1.88,-1.5948106630547627,0.0447928227630934,0.2937549252513907,0.008585293019783502,0.16100000000000003
scene-0655,9,12,vehicle.car,-16.289512770054365,-19.45220799682326,0.46201493818180567,4.461,1.85,1.499,1.5712227269847834,0.0,-0.038389743632245066,0.012839506172839505,0.15600000000000003
scene-0655,9,13,vehicle.truck,43.227226950224015,7.578504280330204,0.8598727750877233,5.703,2.025,1.827,-3.1406278236930723,0.1084361273829216,-0.17391150976217706,0.0,0.0
scene-0655,9,14,vehicle.car,-13.46136446349509,-19.744807087675227,0.5105528423350063,4.548,1.915,1.588,-1.6333047515710442,0.027351608888554726,-0.07234637804438737,0.043201754385964915,0.5910000000000002
scene-0655,9,15,vehicle.truck,-35.207843071145454,-7.006816092294068,1.1640263066754333,5.375,1.941,1.715,-1.5541168243309667,0.14121698110428035,0.13122641701841442,0.0016626533654397432,0.02900000000000001
scene-0655,9,16,vehicle.car,27.800828181768363,-20.50122065750317,0.3166182746824068,4.364,2.135,1.861,-1.5200219691046226,0.011619553637483978,0.7483751508060652,0.0,0.0
scene-0655,9,18,vehicle.car,-16.0402611762293,-7.420003762192322,0.9617387610118455,4.621,1.907,1.561,1.5951921254993948,0.009467864615301143,0.0306172912676268,0.017448512585812356,0.24400000000000005
scene-0655,9,20,vehicle.car,-34.47988943530371,0.8024960448316543,1.1026060412391883,4.617,2.026,1.743,0.0012684128073587268,7.806978330100388,-0.07839999930708219,0.0014066496163682865,0.022000000000000006
scene-0655,9,21,vehicle.car,16.36165583490762,7.647692800006773,0.946628735254363,4.942,2.045,1.829,3.1301513060949553,0.0,-0.12012653685624974,0.035770975056689344,0.6310000000000002
scene-0655,9,22,vehicle.truck,51.099316113211735,-28.567229071128384,0.6010780780255575,5.489,2.278,2.022,-0.016135106367636282,0.0,0.9384203331530313,0.0,0.0
scene-0655,9,23,vehicle.car,-46.088659690488875,-7.135517542092,0.9734570724324936,4.493,1.886,1.473,1.6061730093017526,0.07915094550903308,0.38751155215933386,0.0,0.0
scene-0655,9,24,vehicle.car,-5.33947539805679,-20.04743793368415,0.7473303323057507,4.274,1.966,1.752,1.5277706105311872,0.3047344585986167,-0.3395912165907239,0.02280361757105943,0.3530000000000001
scene-0655,9,25,vehicle.car,36.20503277777926,-8.343436711250583,0.8686514481728502,4.232,2.008,1.54,1.5838620879517797,0.25704838586149,-0.3795098754589983,0.006904761904761905,0.08700000000000002
scene-0655,9,26,vehicle.car,-41.216556516884516,-20.115369211572904,0.6130554852717428,4.433,2.061,1.65,1.5351551935352816,0.04840274130206335,1.4573907198674174,0.0,0.0
scene-0655,9,27,vehicle.bus.bendy,89.992736557174,-5.978169514255574,1.4934347921381825,9.48,2.764,3.374,-0.056843487982208146,0.006311909743494229,-0.12225870475872691,0.0,0.0
scene-0655,9,28,vehicle.car,-13.410698782119951,-6.8760711339323,0.8741321893458835,4.086,2.107,1.485,1.5527874277518612,0.11583782735894375,0.04088460366673552,0.03453348819202478,0.4460000000000001
scene-0655,9,29,vehicle.car,34.256846971234715,-21.006866803665915,0.15787204660778192,4.74,2.028,1.53,1.5453679204129096,0.0,0.8282258548557266,0.0,0.0
scene-0655,9,30,vehicle.car,19.943683848286447,-8.36754829234648,0.6360581874447047,4.248,1.716,1.395,1.5650077951270986,0.33525326332130995,-0.24410530563165533,0.014205682272909163,0.14200000000000002
scene-0655,9,31,vehicle.car,-21.700645368883034,-7.404575376418803,1.055939379216656,4.306,2.009,1.72,-1.5923316740755469,0.0,0.06404064369060103,0.011764705882352941,0.17200000000000004
scene-0655,9,32,vehicle.car,22.10341604010376,-20.805302243498925,0.2196323114229698,4.345,2.034,1.537,-1.463144908383096,0.0,0.5908979187415581,0.0,0.0
scene-0655,9,33,vehicle.car,-24.48306095459628,-7.2459093477601,1.267433113706831,4.572,1.996,1.712,-1.5525630904068615,0.019397644163673074,-0.12546558488679327,0.00421994884910486,0.06600000000000002
scene-0655,9,34,vehicle.car,-2.674872530169736,-20.063446716915465,0.6501435260633988,4.272,1.83,1.651,-1.613822043058606,0.34950290510984827,-0.33272031305833283,0.06991944064447485,0.9200000000000003
scene-0655,9,35,vehicle.car,-88.83497832687776,8.818493265594768,1.4692082040598538,4.622,1.944,1.921,-2.4365140880625042,4.008616114505917,0.4401839720914219,0.0,0.0
scene-0655,9,36,vehicle.truck,-117.2821462504687,5.702306163789953,1.708655637883889,6.049,1.993,2.0,3.079864566667248,7.916728085263289,0.6246732052328712,0.0,0.0
scene-0655,9,37,vehicle.car,0.17959051630584466,-19.09753941602801,0.3337880260364514,4.468,2.038,1.758,-1.5560546286962733,1.4414593315372457,0.009199741659929206,0.06012345679012346,0.9740000000000002
scene-0655,9,38,vehicle.truck,13.88859420372463,-20.632668231975572,0.4221136552951639,4.74,1.987,1.82,1.5467819905350306,0.0,0.26670815578481505,0.014598108747044918,0.24700000000000008
scene-0655,9,39,vehicle.car,33.31607340689129,-8.23313788751508,0.8510752472097187,4.496,1.956,1.766,1.609524883725186,0.04543064971239279,-0.2664042429143696,0.006296296296296296,0.10200000000000002
scene-0655,9,40,vehicle.car,-18.825923857049936,-7.613150942934099,1.0633192475984043,4.946,2.014,1.692,-1.5874086132025107,0.0,0.02309681726003221,0.03601440576230492,0.6000000000000001
scene-0655,9,41,vehicle.car,-27.016984110063447,-6.953285244238185,1.1906895392150805,4.793,2.107,1.744,1.6169094848274412,0.03870961588906057,-0.013400985977165436,0.003676470588235294,0.06300000000000001
scene-0655,9,43,vehicle.truck,50.76271401623724,-25.416123399352827,0.46692117877604766,4.74,2.292,1.774,-0.08539003731321704,0.1272162585937772,0.8502516222417136,0.0,0.0
scene-0655,9,44,vehicle.car,49.39928751231523,7.1027489956782945,0.7149923864813875,4.746,1.802,1.518,3.137426832818915,0.045576572945792634,-0.23928920998297443,0.0,0.0
scene-0655,9,45,vehicle.car,90.5307778645352,-15.734283291739558,0.4500721934408617,4.661,2.107,1.626,1.5964316204392757,0.0,0.3396587641864347,0.0,0.0
scene-0655,9,46,vehicle.truck,-10.623173335377366,8.238601798920598,1.3462413045403376,7.42,2.592,2.558,3.089338244228247,0.058807746893242016,-0.09063787477582852,0.1049696145849992,5.251000000000002
scene-0655,9,47,vehicle.car,29.77042676907989,3.3580267070153487,0.4172443328208571,4.703,1.918,1.541,3.1231019428719713,11.557364419252915,0.02777747103503886,0.0003732736095558044,0.005000000000000001
scene-0655,9,49,vehicle.car,22.373249472261005,-8.787383330336475,0.8260487653078201,5.069,2.185,1.875,1.5650077951270986,0.0,-0.20691827309743194,0.016042780748663103,0.34200000000000014
scene-0655,9,50,vehicle.car,8.327683123842027,-8.08095031446858,0.878406632418948,4.758,1.94,1.818,-1.5204933253303208,0.045247583891623915,-0.07245077722819404,0.0685916179337232,1.1260000000000003
scene-0655,9,51,vehicle.car,31.38511968047057,7.948039912158014,0.8271645427648605,4.641,1.983,1.567,3.0866511040155493,0.01881847900579979,-0.16895898971005097,0.0008831521739130435,0.013000000000000003
scene-0655,9,52,vehicle.car,-22.330561305091027,8.499565826018532,0.8518915263800713,4.81,1.891,1.873,3.124236122695559,0.1417371622925488,0.14509376957129516,0.06763619575253925,1.1720000000000004
scene-0655,9,53,vehicle.construction,96.4717522223036,9.489820733600851,1.3368087942115194,7.556,2.525,2.252,1.5643793204140009,0.0,-0.4566335037461646,0.0,0.0
scene-0655,9,54,vehicle.car,11.221118440353209,-8.178290998218634,0.845257568287699,4.369,1.965,1.548,1.5771059662287061,0.0,-0.23174027292713384,0.029166666666666667,0.38500000000000006
scene-0655,9,55,vehicle.car,16.727252370153927,-20.48112646491961,0.15452272308203602,4.333,2.007,1.493,-1.5948106630547627,0.0746983399423418,0.4691840122309028,0.0,0.0
scene-0655,9,56,vehicle.car,2.906645994460132,-19.9477933891651,0.3078727750597561,4.61,1.974,1.504,-1.6055553996167502,0.1998799102406089,-0.08144155834298972,0.04108695652173913,0.5670000000000002
scene-0655,9,57,vehicle.car,5.531806831321353,-20.44110256619046,0.2300162629837651,4.404,1.963,1.509,-1.5948106630547627,0.017883744273133984,0.038784798646483876,0.02090909090909091,0.276
scene-0655,9,58,vehicle.truck,-40.542653033483795,-7.293688651492416,1.3922625888796698,5.291,1.984,1.865,-1.517979419063919,0.00848137387275122,0.0829898558644403,0.00019860973187686197,0.004000000000000001
scene-0655,9,59,vehicle.car,-60.021161830751275,-7.450834625271061,1.4599395989809945,4.668,1.966,1.851,-1.6290450922450468,0.02316756547184653,0.3136541491116569,0.0,0.0
scene-0655,9,60,vehicle.car,-24.708391524582243,-19.13461879367219,0.6178726123597718,4.365,2.083,1.813,-1.5842138614896728,0.0,0.4784332678291702,0.00042087542087542086,0.007000000000000002
scene-0655,9,61,vehicle.car,-10.6975545535972,-19.733017008282257,0.36791071679727466,4.592,2.067,1.707,-1.5757992637480114,0.0,0.09548177072866532,0.041103397880891485,0.6750000000000002
scene-0655,10,0,vehicle.car,-15.07936886025047,-7.738373044361718,1.025120113087511,4.893,2.065,1.938,-1.5968951912975424,0.0009991226747250094,-0.07722936625561705,0.06240090020970794,1.2200000000000002
scene-0655,10,1,vehicle.truck,-56.05270610289392,-7.095910909630674,1.21001631648768,5.295,2.06,1.927,-1.6509702271630462,0.19591977892844123,0.46951165859471744,0.0,0.0
scene-0655,10,2,vehicle.car,0.39359666085218326,8.221750562516636,0.834328509670279,4.959,1.943,1.499,-3.1412399932268023,0.1314330593599857,-0.018199457508108585,0.15894736842105264,2.2650000000000006
scene-0655,10,3,vehicle.car,6.10751158652857,8.040329536894376,0.9707529708059458,4.791,1.872,1.698,3.115776472225671,0.0,-0.0527847641618876,0.11661506707946337,1.8080000000000005
scene-0655,10,4,vehicle.car,63.57382848332881,4.720750097763441,0.9604736796928597,4.782,1.924,1.481,3.116736009059645,0.0,-0.4974170886589241,0.0,0.0
scene-0655,10,5,vehicle.car,-36.68960438796452,-7.550377802890312,1.1060412222050326,5.006,1.933,1.673,1.5573563060737234,0.03602251597945138,0.18775508965028354,0.0,0.0
scene-0655,10,6,vehicle.car,19.465841523690543,7.303396078427302,1.2860993957293962,5.765,2.078,2.301,-3.138932979062724,0.057983557405992425,-0.16835745284685832,0.036588848432926396,1.0250000000000004
scene-0655,10,7,vehicle.car,-12.520349895750273,-20.18273239756675,0.5817238708539869,5.075,2.12,1.792,1.5233083832884464,0.0,-0.2051766215368177,0.030656707127295364,0.5910000000000002
scene-0655,10,8,vehicle.car,-6.868162298057639,8.441532856625653,0.7990784616193538,4.73,1.869,1.456,3.0785813394833665,0.054523178034491776,0.018547135380768243,0.10347144456886898,1.3860000000000003
scene-0655,10,9,vehicle.car,33.042439251566584,7.422528868539542,0.9708685061383285,4.995,1.966,1.748,3.124045930186472,0.05299119109154191,-0.15318979925394438,0.000588235294117647,0.010000000000000002
scene-0655,10,10,vehicle.construction,99.12560214534096,3.4887704009455907,1.2995024567648208,7.094,2.641,2.073,3.078546447309911,0.09791911955741621,-0.6981849685713089,0.0,0.0
scene-0655,10,11,vehicle.car,6.554732113096241,-20.50223599209356,0.3683935896665197,4.742,2.067,1.88,-1.5905392489116879,0.09696123942376046,0.07978890616592349,0.012104729909881085,0.22700000000000004
scene-0655,10,12,vehicle.car,-20.634445491245625,-19.333180356415273,0.3199052379456624,4.461,1.85,1.499,1.5667674988731564,0.0,-0.05233436134730418,0.006584362139917695,0.08000000000000002
scene-0655,10,13,vehicle.truck,39.001749241909955,7.372663798211454,0.9691615339807981,5.703,2.025,1.827,3.1380726073480174,0.10802082617385363,-0.1272761272482389,0.004044834307992203,0.08300000000000002
scene-0655,10,14,vehicle.car,-17.808359340113125,-19.652748173266513,0.36952858740047,4.548,1.915,1.588,-1.6377701392818669,0.026994808149280732,-0.0800988927479126,0.023099415204678363,0.31600000000000006
scene-0655,10,15,vehicle.truck,-39.49702060243273,-6.879477053995466,1.1025221494126098,5.375,1.941,1.715,-1.5585694603110656,0.08307751602042071,0.22967114892723395,0.0,0.0
scene-0655,10,16,vehicle.car,23.456904559822622,-20.57868146680634,0.19269023022943965,4.364,2.135,1.861,-1.524469230346826,0.00599473604857723,0.2943638190240241,0.0035885167464114833,0.06300000000000001
scene-0655,10,18,vehicle.car,-20.32688008891656,-7.3058118047238425,0.8951905976353621,4.621,1.907,1.561,1.590740713894737,0.010041058611454016,0.07105070771589517,0.013872997711670481,0.19400000000000006
scene-0655,10,20,vehicle.car,-34.82742839305583,0.9736152857647188,1.0705956506057281,4.617,2.026,1.743,-0.006234700229686024,7.806659580483152,0.0009778300003510099,0.0009590792838874681,0.015000000000000005
scene-0655,10,21,vehicle.car,12.137237982513389,7.61631919150159,1.0123800841160584,4.942,2.045,1.829,3.125668418540294,0.0,-0.08532198150833137,0.04359410430839002,0.7690000000000002
scene-0655,10,22,vehicle.truck,46.712653118325306,-28.75078908474447,0.4630160790443272,5.489,2.278,2.022,-0.020617239427739898,0.0,0.13932538666726635,0.0,0.0
scene-0655,10,23,vehicle.car,-50.377550280372596,-6.925998352219097,0.8943042436479175,4.493,1.886,1.473,1.6017233323682458,0.024062060367600235,0.4689776968122876,0.0,0.0
scene-0655,10,24,vehicle.car,-9.65648223466502,-19.83129706735475,0.6396136667517994,4.274,1.966,1.752,1.5233083832884464,0.304535803648786,-0.28500446245950206,0.01744186046511628,0.2700000000000001
scene-0655,10,25,vehicle.car,31.909747466029224,-8.590883000819899,0.812948839107049,4.232,2.008,1.54,1.5794088771241035,0.257211514718311,-0.3649069041400079,0.011111111111111112,0.14000000000000004
scene-0655,10,26,vehicle.car,-45.56452115126365,-19.909868161393085,0.4538483653042743,4.433,2.061,1.65,1.5306941613835923,0.04796829478675375,1.0036979999568034,0.0,0.0
scene-0655,10,27,vehicle.bus.bendy,85.70594659986084,-6.340087958636048,1.56040548079596,9.48,2.764,3.374,-0.06131903976104332,0.05995568592903709,-0.3473240975676579,0.0,0.0
scene-0655,10,28,vehicle.car,-17.69976626616478,-6.771481470007685,0.764098814108432,4.086,2.107,1.485,1.548329240720446,0.0,0.09351217927688305,0.02113821138211382,0.273
scene-0655,10,29,vehicle.car,29.904768368563566,-21.112791328579178,0.06535225677167267,4.74,2.028,1.53,1.540908537765118,0.0,0.27059670162523897,0.00723404255319149,0.10200000000000002
scene-0655,10,30,vehicle.car,15.437722647278932,-8.112191387778921,0.5012539400874849,4.248,1.716,1.395,1.5605515715464344,0.0,-0.08121993921391923,0.030212084833933575,0.3020000000000001
scene-0655,10,31,vehicle.car,-25.992239918777933,-7.265241166688335,0.9798488608068636,4.306,2.009,1.72,-1.5967904290678279,0.0,0.1888847812944242,0.010875512995896033,0.15900000000000003
scene-0655,10,32,vehicle.car,17.75231173754526,-20.856403344024734,0.09112108661186069,4.345,2.034,1.537,-1.467583451030382,0.0,0.2218417134140792,0.008372093023255815,0.10800000000000004
scene-0655,10,33,vehicle.car,-28.771728507709792,-7.08692673485034,1.2383312536212694,4.572,1.996,1.712,-1.5570154795076183,0.019399453263859546,-0.036170126530815305,0.005562659846547314,0.08700000000000002
scene-0655,10,34,vehicle.car,-6.963629289378148,-20.17049474363954,0.4765034234697424,4.272,1.83,1.651,-1.618284270301347,0.1711418691709816,-0.1700453789407812,0.025763793889648882,0.3390000000000001
scene-0655,10,35,vehicle.car,-94.93688653746864,7.878499580721158,1.4361697994961773,4.622,1.944,1.921,-2.643594235819195,5.002181784069189,0.6439241784319844,0.0,0.0
scene-0655,10,36,vehicle.truck,-125.47221221123166,6.476466440581037,1.6459770233655115,6.049,1.993,2.0,3.0905144934853928,7.9188916052852045,1.001758691546903,0.0,0.0
scene-0655,10,37,vehicle.car,-4.145005116222014,-19.460498357451208,0.3295615911036145,4.468,2.038,1.758,-1.5605075728171738,0.4691410282213585,0.033056370303093274,0.09024691358024692,1.4620000000000004
scene-0655,10,38,vehicle.truck,9.538062477821164,-20.6502861872142,0.35900878097819255,4.74,1.987,1.82,1.5423228359461534,0.0,0.07234416578007774,0.0,0.0
scene-0655,10,39,vehicle.car,29.021391260887853,-8.36086659658412,0.8107384084854208,4.496,1.956,1.766,1.605075734378084,0.022071341286156575,-0.24738738957978113,0.009259259259259259,0.15000000000000002
scene-0655,10,40,vehicle.car,-23.118501073088673,-7.487133885921001,1.002291408090246,4.946,2.014,1.692,-1.5918665754600647,0.0,0.10000457093273363,0.012965186074429771,0.21600000000000005
scene-0655,10,41,vehicle.car,-31.292083587988785,-6.779627591466173,1.1465298059856546,4.793,2.107,1.744,1.6124614944774123,0.03745044455647284,0.09589512029532077,0.0006419234360410831,0.011000000000000001
scene-0655,10,43,vehicle.truck,46.44496955768395,-25.56450476348901,0.3671686195869117,4.74,2.292,1.774,-0.08986094950560128,0.12720287475551106,0.11265104131511161,0.0,0.0
scene-0655,10,44,vehicle.car,45.179308884901545,6.90256374367891,0.8024738139475546,4.746,1.802,1.518,3.137418212319622,0.04550123571088863,-0.15693697732340905,0.0,0.0
scene-0655,10,45,vehicle.car,86.20134726210811,-16.095919141976047,0.4955514504157402,4.661,2.107,1.626,1.591980405104802,0.0,-0.10120449154008415,0.0,0.0
scene-0655,10,46,vehicle.truck,-14.818182888154993,8.323651379515859,1.415984916749529,7.42,2.592,2.558,3.084861947890498,0.053961874779165545,-0.03759214502864294,0.07940188709419478,3.972000000000001
scene-0655,10,47,vehicle.car,19.745048230092262,3.3999717372657265,0.5970688971826773,4.703,1.918,1.541,3.127343576810587,11.557240971057693,-0.040186877662871434,0.0185143710339679,0.24800000000000008
scene-0655,10,49,vehicle.car,18.07527527113032,-8.843699241461414,0.76803740362061,5.069,2.185,1.875,1.5605515715464344,0.0,-0.15001490215195157,0.0063326766113143826,0.13500000000000004
scene-0655,10,50,vehicle.car,4.044452979573308,-8.086206525991347,0.8460220736180982,4.758,1.94,1.818,-1.524940660213547,0.15632359066348506,-0.108279942027255,0.08942495126705653,1.4680000000000004
scene-0655,10,51,vehicle.car,27.14529836400468,7.835090049460371,0.8999839221740165,4.641,1.983,1.567,3.0821752435949032,0.04451425105062271,-0.13124677078966285,0.0011548913043478261,0.017000000000000005
scene-0655,10,52,vehicle.car,-26.481373509011405,8.625071209325313,0.8801196092611391,4.81,1.891,1.873,3.1197541861501943,0.14166770354067462,0.21624395213069136,0.02146814404432133,0.37200000000000005
scene-0655,10,53,vehicle.construction,92.2542588220876,9.09634401154229,1.5080789073037586,7.556,2.525,2.252,1.5599229960469887,0.0,-0.5025282416867696,0.0,0.0
scene-0655,10,54,vehicle.car,6.926025214374755,-8.18218927064175,0.6910066926038747,4.369,1.965,1.548,1.572651678355422,0.36462639458952023,-0.10377739997272539,0.07053030303030303,0.9310000000000002
scene-0655,10,55,vehicle.car,12.339775113763583,-20.506100471301053,0.028757687220700823,4.333,2.007,1.493,-1.59926981764364,0.0749408611280144,0.2511968799732842,0.0,0.0
scene-0655,10,56,vehicle.car,-1.3407235214200326,-19.922471855225123,0.3170626147470905,4.61,1.974,1.504,-1.600823800084815,0.05195437908706353,-0.07601621992210883,0.10086956521739131,1.3920000000000003
scene-0655,10,57,vehicle.car,1.2423414005001094,-20.42612347905606,0.30723149288008633,4.404,1.963,1.509,-1.59926981764364,0.12091035694125125,-0.058275201681355915,0.057424242424242426,0.7580000000000002
scene-0655,10,58,vehicle.truck,-44.83414857925126,-7.076217554902166,1.3066302932117624,5.291,1.984,1.865,-1.5224263614285416,0.008055184525915188,0.17653079382437042,0.0,0.0
scene-0655,10,59,vehicle.car,-64.31358870004718,-7.154451629521959,1.3892499633443904,4.668,1.966,1.851,-1.6335097881913274,0.02297982151924315,0.38265673488253826,0.0,0.0
scene-0655,10,60,vehicle.car,-29.052005724225847,-18.979155804378305,0.48086281218242166,4.365,2.083,1.813,-1.588671309933331,0.0,0.21796620116520404,0.001863876863876864,0.03100000000000001
scene-0655,10,61,vehicle.car,-15.04366411159092,-19.637175782546848,0.18462646725680798,4.592,2.067,1.707,-1.5802553613761856,0.0,0.1543255290696386,0.029229082937522834,0.4800000000000001
scene-0655,11,0,vehicle.car,-19.429921884107333,-7.6639037087859005,0.9250195025044528,4.893,2.065,1.938,-1.5991225673052198,0.01701439741931563,-0.07033933363734157,0.051966651322183005,1.0160000000000002
scene-0655,11,1,vehicle.truck,-60.413568047420384,-7.075699859628983,0.8257804366465011,5.295,2.06,1.927,-1.6531967837366797,0.2899287681678752,0.2084398783330521,0.0,0.0
scene-0655,11,2,vehicle.car,-3.851245529823499,8.252977533562337,0.8147445485846325,4.959,1.943,1.499,3.130791915234315,0.09890781586795465,-0.04536958840053518,0.1471578947368421,2.0970000000000004
scene-0655,11,3,vehicle.car,1.7959743864454327,8.055287977282658,0.9792804310973208,4.791,1.872,1.698,3.1133452806871467,0.0,-0.0890857835467379,0.16395768833849328,2.5420000000000003
scene-0655,11,4,vehicle.car,59.25266608166852,4.5960457702594795,1.378672210217716,4.782,1.924,1.481,3.1143048429346405,0.0659494766928255,-0.4568082997810857,0.0,0.0
scene-0655,11,5,vehicle.car,15.14954736630179,7.257311416803641,1.3770178829091888,5.765,2.078,2.301,3.1382604319727654,0.05798339165971929,-0.1364249556917052,0.040586849432426644,1.1370000000000002
scene-0655,11,6,vehicle.car,-16.897044157380417,-20.12180729774015,0.4396726267838216,5.075,2.12,1.792,1.5210814746012307,0.0,-0.08441573934790847,0.006328457308849466,0.12200000000000004
scene-0655,11,7,vehicle.car,-11.150902426538414,8.492565711665527,0.7195306044698795,4.73,1.869,1.456,3.0761494528465736,0.05429368229618822,-0.003990329611404775,0.09301978350130646,1.2460000000000004
scene-0655,11,8,vehicle.car,28.728400553641382,7.345388624892445,1.1574170584711565,4.995,1.966,1.748,3.1216149699767395,0.052962775213775716,-0.1402888720068468,0.031294117647058826,0.5320000000000001
scene-0655,11,9,vehicle.construction,94.79446876666604,3.2283986644311016,1.9865120695716851,7.094,2.641,2.073,3.0761145602871487,0.09793413031546996,-0.5636026974803918,0.0,0.0
scene-0655,11,10,vehicle.car,2.224667283105091,-20.494797227905387,0.562388146618316,4.742,2.067,1.88,-1.5840371611597117,0.0969352206385609,-0.1418072802814936,0.0464992267903802,0.8720000000000001
scene-0655,11,11,vehicle.car,-25.00717661948828,-19.253315796945795,0.1449117743764361,4.461,1.85,1.499,1.5645394452239372,0.0,0.03783805682320995,0.007818930041152264,0.09500000000000003
scene-0655,11,12,vehicle.truck,34.687890551583855,7.253245598902397,1.2233460140696755,5.703,2.025,1.827,3.1356421030781894,0.10901857799444316,-0.1479354503623238,0.024366471734892786,0.5
scene-0655,11,13,vehicle.car,-22.183943107754185,-19.59266726938677,0.2143388323124844,4.548,1.915,1.588,-1.6399967852701565,0.02699473098449394,0.020259178704361336,0.026900584795321637,0.36800000000000005
scene-0655,11,14,vehicle.truck,-43.84438744155474,-6.766708619642063,0.8278932124281175,5.375,1.941,1.715,-1.5607981392773695,0.02306647219906676,0.0203316491937392,0.0008026602453847036,0.014000000000000004
scene-0655,11,15,vehicle.car,19.08080287342257,-20.60600920248672,0.3317025217081191,4.364,2.135,1.861,-1.5266995656053035,0.05072931876846512,0.08659664592493754,0.01139211665527455,0.20000000000000007
scene-0655,11,17,vehicle.car,-24.669415425268948,-7.225829699454412,0.719477306173744,4.621,1.907,1.561,1.5885117007874987,0.010189477959730459,-0.009546404169502032,0.011942219679633867,0.16700000000000004
scene-0655,11,19,vehicle.car,-35.24976426557754,1.0527090734295,0.8221135728651952,4.617,2.026,1.743,-0.011683359427428392,7.806637265109817,-0.09062768486089212,0.001534526854219949,0.024000000000000007
scene-0655,11,20,vehicle.car,7.824202912852627,7.616634792663908,1.0639103137222463,4.942,2.045,1.829,3.123237506983686,0.006993838731323995,-0.1133984390464956,0.10209750566893425,1.8010000000000006
scene-0655,11,21,vehicle.truck,42.31422690079528,-28.834060715621263,0.7524937543927586,5.489,2.278,2.022,-0.02304828878144585,0.0,-0.17187979102720385,3.9525691699604744e-05,0.0010000000000000002
scene-0655,11,22,vehicle.car,-54.724190811300545,-6.760835724482216,0.5800280378396074,4.493,1.886,1.473,1.5994938025897623,0.031117409915570188,0.19416662496976456,0.0,0.0
scene-0655,11,23,vehicle.car,-14.001726662126625,-19.62906616575037,0.5683263423294459,4.274,1.966,1.752,1.5210814746012307,0.152760813419383,-0.2257339112610255,0.011175710594315245,0.17300000000000004
scene-0655,11,24,vehicle.car,27.560131552377893,-8.76562241426966,0.9635283360440573,4.232,2.008,1.54,1.5771803464089302,0.25621336371890024,-0.3211802360970816,0.000873015873015873,0.011000000000000003
scene-0655,11,25,vehicle.car,-49.94023212452782,-19.793846903956883,0.11892514374720053,4.433,2.061,1.65,1.5284671124645581,0.0479577513000855,0.8445682451440195,0.0,0.0
scene-0655,11,26,vehicle.bus.bendy,81.34886938589678,-6.581239786602075,2.1369506014320763,9.48,2.764,3.374,-0.06375090707851666,0.12590495520863118,-0.7891983049843223,0.0,0.0
scene-0655,11,27,vehicle.car,-22.045577133223837,-6.700090712532636,0.6568663260872364,4.086,2.107,1.485,1.5461017668173576,0.0,0.011804276353597709,0.016182733255903987,0.20900000000000002
scene-0655,11,28,vehicle.car,25.528091233165185,-21.1558222678163,0.2503735630342676,4.74,2.028,1.53,1.5386812581582252,0.0,0.015887552039890118,0.0011347517730496454,0.016000000000000004
scene-0655,11,29,vehicle.car,11.29874769600564,-8.420321593962754,0.6672777340007626,4.248,1.716,1.395,1.558323728764476,0.36374685625852227,-0.20560592504270903,0.04111644657863145,0.41100000000000003
scene-0655,11,30,vehicle.car,-30.340138532905844,-7.172131989186376,0.7607567493238588,4.306,2.009,1.72,-1.5990178078241113,0.0,0.048025098629937535,0.004651162790697674,0.06800000000000002
scene-0655,11,31,vehicle.car,13.376590082533545,-20.869267148713313,0.1676272645670127,4.345,2.034,1.537,-1.4698175683296801,0.0,0.08023319666803364,0.024341085271317828,0.31400000000000006
scene-0655,11,32,vehicle.car,-33.11889305926243,-6.979500886540127,1.048663922811374,4.572,1.996,1.712,-1.559244223831119,0.01939939781043062,-0.2361786364563555,0.003260869565217391,0.05100000000000001
scene-0655,11,33,vehicle.car,-11.236393761973368,-20.013301997891833,0.4179309413745955,4.272,1.83,1.651,-1.6205111789885627,0.17321406937585032,-0.11681734731941973,0.003875968992248062,0.05100000000000001
scene-0655,11,34,vehicle.car,-101.70307908984022,7.015491035044378,0.7027395989067275,4.622,1.944,1.921,-2.701945230281458,5.869167778221586,0.500133122526912,0.0,0.0
scene-0655,11,35,vehicle.car,-8.487984707565031,-19.4837203546393,0.3203863219610983,4.468,2.038,1.758,-1.56273617163232,0.0741774976133716,0.03369321447689,0.026604938271604938,0.43100000000000005
scene-0655,11,36,vehicle.truck,5.160598729638859,-20.64518951481318,0.44998395945473146,4.74,1.987,1.82,1.540095521040424,0.0,-0.05975166108055541,0.0010638297872340426,0.018000000000000006
scene-0655,11,37,vehicle.car,24.67056183649167,-8.401194930037361,0.9723298000889976,4.496,1.956,1.766,1.602846037288719,0.0,-0.21677794166385722,0.018950617283950616,0.30700000000000005
scene-0655,11,38,vehicle.car,-27.467281745384184,-7.401371979190556,0.8166933685824997,4.946,2.014,1.692,-1.5940940884457393,0.0,-0.03160412993885353,0.004141656662665066,0.069
scene-0655,11,39,vehicle.car,-35.626475062795684,-6.662228517354644,0.9240495604476462,4.793,2.107,1.744,1.6102314129967885,0.03676435118631234,-0.09138582458109956,0.001342203548085901,0.023000000000000003
scene-0655,11,41,vehicle.truck,42.10856723245751,-25.61428796852716,0.6723217025962673,4.74,2.292,1.774,-0.09229298530065178,0.12720251114549183,-0.23699100815924035,0.00020557097337855896,0.004000000000000001
scene-0655,11,42,vehicle.car,40.87114999002646,6.801574353908314,1.0757153825783847,4.746,1.802,1.518,3.139462941109578,0.15429852180598289,-0.13838248753787263,0.0006304176516942475,0.008000000000000002
scene-0655,11,43,vehicle.car,81.83190871032099,-16.276815269347402,1.1198453613272008,4.661,2.107,1.626,1.589751336094521,0.0,-0.4396585467806158,0.0,0.0
scene-0655,11,44,vehicle.truck,-19.104940198474562,8.386335381441132,1.3076812990680053,7.42,2.592,2.558,3.082430138865995,0.05396172052889122,-0.08739685115960394,0.05683272029425875,2.843000000000001
scene-0655,11,45,vehicle.car,9.641858526060796,3.525859580907803,0.7877668027456823,4.703,1.918,1.541,3.133635728950269,12.04101219837555,-0.03488665099702515,0.09742441209406495,1.3050000000000004
scene-0655,11,47,vehicle.car,13.723993897473598,-8.857035470458161,0.8378762461317412,5.069,2.185,1.875,1.558323728764476,0.0,-0.1548142887724272,0.02340744910404353,0.4990000000000001
scene-0655,11,48,vehicle.car,-0.16189260746395268,-8.076283948020155,0.8766838768487488,4.758,1.94,1.818,-1.5271709694178581,0.2867630531956419,-0.1851719720130478,0.13955896686159844,2.2910000000000004
scene-0655,11,49,vehicle.car,22.816549656679012,7.785088290367342,1.0447131265726135,4.641,1.983,1.567,3.0797433993889376,0.04451412380650454,-0.0792625574197815,0.0020380434782608695,0.03000000000000001
scene-0655,11,50,vehicle.car,-30.721733816872906,8.701688945733434,0.6606819505180287,4.81,1.891,1.873,3.1173231024080796,0.038914402286876267,0.19013167875157122,0.0037511542012927056,0.06500000000000002
scene-0655,11,51,vehicle.construction,87.93903275772577,8.902063746587357,2.1292414037869776,7.556,2.525,2.252,1.5576951737163383,0.0,-0.20354066678746596,0.0,0.0
scene-0655,11,52,vehicle.car,2.6773203702640327,-8.524851362828114,0.8851065529795284,4.369,1.965,1.548,1.570423410678093,0.36462535230324644,-0.38797185649591637,0.07734848484848485,1.0210000000000001
scene-0655,11,53,vehicle.car,7.928452293054852,-20.505155898707837,0.07240318949088653,4.333,2.007,1.493,-1.6014971325493694,0.007273702073117159,0.15125070779457495,0.028294573643410852,0.3650000000000001
scene-0655,11,54,vehicle.car,-5.763641517809645,-19.888163583874864,0.31616035948153365,4.61,1.974,1.504,-1.6074183033104605,0.09491638278144288,-0.08629633245821822,0.019927536231884056,0.275
scene-0655,11,55,vehicle.car,-3.072790728368587,-20.40214614835283,0.3125614184017841,4.404,1.963,1.509,-1.6014971325493694,0.12091001131842587,-0.07694911705214424,0.0,0.0
scene-0655,11,56,vehicle.truck,-49.18267264081695,-6.941612443810584,0.9653151307322035,5.291,1.984,1.865,-1.5246568106048641,0.008055161500132116,-0.01718789555802447,0.0,0.0
scene-0655,11,57,vehicle.car,-68.66403955562843,-6.981525500810013,0.9481082028596489,4.668,1.966,1.851,-1.6357364783119837,0.2588028920605428,0.08919219954322888,0.0,0.0
scene-0655,11,58,vehicle.car,-33.42488439676533,-18.879160688980072,0.25888427786711454,4.365,2.083,1.813,-1.5908989153064201,0.0,0.20308592052575347,0.001022126022126022,0.017000000000000005
scene-0655,11,59,vehicle.car,-19.41597120951227,-19.569627312637905,0.0035077839893922214,4.592,2.067,1.707,-1.5824832299477622,0.0,0.2973584536509887,0.027158689562781634,0.4460000000000001
scene-0655,11,60,vehicle.car,61.778343078814714,-16.312076776714466,0.7441485567510868,4.84,2.027,1.676,1.5939940284737006,0.0,-0.1514349320352818,0.0,0.0
scene-0655,12,0,vehicle.car,-23.63210611428525,-7.754093693926154,1.0512750738598726,4.893,2.065,1.938,-1.592845648996798,0.016994408539762387,-0.3502822628952883,0.028591887882972736,0.5590000000000002
scene-0655,12,1,vehicle.car,-8.12172639615653,8.257917190773917,0.746130144840129,4.959,1.943,1.499,3.1371738407607612,0.06668637932559193,0.01694478320514392,0.10498245614035087,1.4960000000000002
scene-0655,12,2,vehicle.car,-2.5065718983979153,8.090107031939425,0.9391838080921528,4.791,1.872,1.698,3.1197235270146684,0.0,-0.07449209559348802,0.12880546955624356,1.9970000000000006
scene-0655,12,3,vehicle.car,54.9700601036095,4.932659046175336,1.1854233723520264,4.782,1.924,1.481,3.1206832932626636,0.13199065925295395,-0.5037499827980026,0.0,0.0
scene-0655,12,4,vehicle.car,10.85272897381867,7.352551946343562,1.2424175484671436,5.765,2.078,2.301,3.1410812681354714,0.05805843213464121,-0.07748310654304835,0.06875133861640609,1.9260000000000006
scene-0655,12,5,vehicle.car,-21.021416878095867,-20.206544449390243,0.6142248538791159,5.075,2.12,1.792,1.5273629866853846,0.0,-0.08162817419161583,0.002386139641041602,0.04600000000000002
scene-0655,12,6,vehicle.car,-15.429165851041745,8.448277221076609,0.6911240356378285,4.73,1.869,1.456,3.0825196549002607,0.020873745187433578,0.03760449703409985,0.07196715192235908,0.9640000000000002
scene-0655,12,7,vehicle.car,24.429411820811357,7.527361097393629,0.9912231359384914,4.995,1.966,1.748,3.1279949682111168,0.02599144835497751,-0.18309291433319053,0.009764705882352941,0.16600000000000004
scene-0655,12,8,vehicle.construction,90.51963117232178,3.8118215295275855,1.7477809915318137,7.094,2.641,2.073,3.082484754676863,0.1139800410658092,-0.7037424195780402,0.0,0.0
scene-0655,12,9,vehicle.car,-1.8487015126234536,-20.459438734583497,0.7330356071851016,4.742,2.067,1.88,-1.5777634276232066,0.09798816620359055,-0.17354438766453284,0.054924545406068365,1.0300000000000002
scene-0655,12,10,vehicle.car,-29.137615660748185,-19.3925177129153,0.35362402353369227,4.461,1.85,1.499,1.5708117207504522,0.0,-0.011134817219605297,0.0015637860082304527,0.019000000000000003
scene-0655,12,11,vehicle.truck,30.39008273049809,7.443879872067089,1.0717910664879506,5.703,2.025,1.827,-3.1411602673223173,0.109037494543165,-0.2428733505808538,0.02928849902534113,0.6010000000000001
scene-0655,12,12,vehicle.car,-26.312758509120407,-19.727366824093554,0.4199350003058707,4.548,1.915,1.588,-1.6337110145825013,0.027990790536199562,-0.028683227425316482,0.005116959064327485,0.07
scene-0655,12,13,vehicle.truck,-48.05173939286544,-7.030993192758466,0.9983014496280594,5.375,1.941,1.715,-1.5545292150084116,0.02301415680292762,-0.36311054727572634,0.0028666437335167984,0.05000000000000001
scene-0655,12,14,vehicle.car,29.21261241568124,-14.841785574809927,0.6873625977250198,4.471,1.95,1.582,1.5339614941675945,0.0,-0.17127593853198086,0.0,0.0
scene-0655,12,15,vehicle.car,14.93322153540113,-20.421002066529155,0.4600512986111584,4.364,2.135,1.861,-1.5204374659008832,0.10151461809835909,0.42958091080904576,0.0065504670767828664,0.11500000000000003
scene-0655,12,18,vehicle.car,-35.59994566034809,0.8443898403040045,0.8883563479047738,4.617,2.026,1.743,-0.008320554800488926,7.806949286833728,-0.17937435744819263,0.0,0.0
scene-0655,12,19,vehicle.car,3.53154604357622,7.690281332114835,1.001120296281999,4.942,2.045,1.829,3.1296178472787304,0.01399539526821343,-0.03133566204947791,0.13622448979591836,2.4030000000000005
scene-0655,12,20,vehicle.truck,38.24420558652362,-28.542100175920552,0.907254905432754,5.489,2.278,2.022,-0.016668939395803065,0.0,-0.3104961001577907,0.00011857707509881423,0.0030000000000000005
scene-0655,12,21,vehicle.car,-58.93388559360167,-7.0697049492762405,0.8110009805646786,4.493,1.886,1.473,1.6057589485324655,0.031134579178999627,-0.27424435574683037,0.0,0.0
scene-0655,12,22,vehicle.car,-18.129156501172087,-19.694841841315345,0.7571386494588832,4.274,1.966,1.752,1.5273629866853846,0.0,-0.2011704711866359,0.0,0.0
scene-0655,12,23,vehicle.car,23.365504433298177,-8.693461995353259,0.9196391670329818,4.232,2.008,1.54,1.5834500105671183,0.0019993421811084046,-0.2521921025140532,0.003015873015873016,0.03800000000000001
scene-0655,12,24,vehicle.car,-54.06788253106941,-20.11492084334924,0.40214712837442856,4.433,2.061,1.65,1.5347470283345275,0.047984212347738205,0.04089873811498179,0.0,0.0
scene-0655,12,25,vehicle.bus.bendy,77.13623449276436,-6.094317209361033,2.0006813740970335,9.48,2.764,3.374,-0.05738033357118028,0.3239181156436358,-0.3437078546525678,0.0,0.0
scene-0655,12,26,vehicle.car,-26.254777348835255,-6.817586456318342,0.792572949067103,4.086,2.107,1.485,1.552377914097278,0.0,-0.3034081269655099,0.004490902051877662,0.05800000000000001
scene-0655,12,27,vehicle.car,21.408794231417154,-20.9749673706428,0.36943838314525046,4.74,2.028,1.53,1.5449589837050843,0.0,0.6385212205220088,0.0,0.0
scene-0655,12,28,vehicle.car,7.099876154823103,-8.326621707413121,0.7201625778857053,4.248,1.716,1.395,1.5645973014004257,0.0,-0.07535822476776244,0.06132452981192477,0.6130000000000002
scene-0655,12,29,vehicle.car,-34.545951799826526,-7.340982208549563,0.9184622249241187,4.306,2.009,1.72,-1.5927409117943947,0.0,-0.3149766549702002,0.0,0.0
scene-0655,12,30,vehicle.car,9.255716503413574,-20.765416368338215,0.28484456225602994,4.345,2.034,1.537,-1.4810420868763021,0.0,0.10989271096021758,0.022170542635658916,0.2860000000000001
scene-0655,12,31,vehicle.car,-37.32281684601047,-7.1532429014707635,1.2066712946272689,4.572,1.996,1.712,-1.5529756167389737,0.019410101573138,-0.5987533214665252,0.00421994884910486,0.06600000000000002
scene-0655,12,32,vehicle.car,87.88089571975367,-16.26641561541945,1.2734832341806244,4.742,1.978,1.519,1.5748091951560645,0.0,-0.48914721549909823,0.0,0.0
scene-0655,12,33,vehicle.car,-15.348878922340031,-20.045138106882284,0.5838582092089744,4.272,1.83,1.651,-1.6142296669044087,0.043252384508020277,-0.005892767385968667,0.0,0.0
scene-0655,12,34,vehicle.car,-108.89435084627847,5.093878196895638,0.8681042400568885,4.622,1.944,1.921,-2.723512389332501,6.026466820970626,0.03950100374518217,0.0,0.0
scene-0655,12,35,vehicle.car,-12.617562206339777,-19.524155315751003,0.5560206762112333,4.468,2.038,1.758,-1.5564668509895316,0.012037633984819378,0.13607814185250267,0.0,0.0
scene-0655,12,36,vehicle.truck,1.0386490726242488,-20.5920356369588,0.6585395713879335,4.74,1.987,1.82,1.546372944930751,0.0,-0.16222119770781873,0.06453900709219858,1.0920000000000003
scene-0655,12,37,vehicle.car,20.472102855443087,-8.219570695332786,0.9606311788264683,4.496,1.956,1.766,1.609110514962248,0.0,-0.20598429772295268,0.004382716049382716,0.07100000000000001
scene-0655,12,38,vehicle.car,-31.671658621840848,-7.551784725642252,0.9824233519689355,4.946,2.014,1.692,-1.587818236994951,0.0,-0.40117484589975216,0.0016806722689075631,0.028000000000000008
scene-0655,12,39,vehicle.car,-39.82045071527164,-6.851212439012346,1.0695375829925504,4.793,2.107,1.744,1.6164944284387148,0.018433024124390365,-0.4360129206171003,0.0028594771241830064,0.049
scene-0655,12,41,vehicle.truck,38.07250724732982,-25.290913548038386,0.7985434019076534,4.74,2.292,1.774,-0.08592873922593308,0.12727269608155992,-0.46907511634704546,0.002209887963819509,0.04300000000000002
scene-0655,12,42,vehicle.car,36.54253554526442,6.954544095239492,0.8996026243980666,4.746,1.802,1.518,3.128396325763902,0.16713950567163013,-0.2328414827402373,0.001103230890464933,0.014000000000000004
scene-0655,12,43,vehicle.car,77.68205277663441,-15.733559360017598,1.1129346973922096,4.661,2.107,1.626,1.596018440014745,0.0,-0.2843344184186303,0.0,0.0
scene-0655,12,44,vehicle.truck,-23.38129960300831,8.29167759952361,1.2790154791567936,7.42,2.592,2.558,3.0888017170207456,0.08997595170903114,-0.03540070039969834,0.045258276027506796,2.2640000000000007
scene-0655,12,45,vehicle.car,-0.9006951681740776,3.6517983310167885,0.7770825969928459,4.703,1.918,1.541,3.131298250540107,12.20071749506889,0.03831418445170365,0.21866368047779022,2.9290000000000007
scene-0655,12,47,vehicle.car,9.52846378474326,-8.745455402104998,0.8396718243450002,5.069,2.185,1.875,1.5645973014004257,0.0,0.11818733417092997,0.04934796885261281,1.0520000000000003
scene-0655,12,48,vehicle.car,-4.21949063379905,-8.060380756371877,0.96135598705279,4.758,1.94,1.818,-1.5209087773683088,0.15035332363155532,-0.09433926365839607,0.0697490253411306,1.1450000000000002
scene-0655,12,49,vehicle.car,18.49911773885128,7.939334326986038,0.8881107721392789,4.641,1.983,1.567,3.086114389715444,0.044538684807115245,-0.12432660282298713,0.03050271739130435,0.4490000000000001
scene-0655,12,50,vehicle.car,-35.06654111577093,8.569954247740121,0.684238297795286,4.81,1.891,1.873,3.123702193184743,0.11309987313673711,0.1822974870452978,0.0035780240073868884,0.06200000000000001
scene-0655,12,51,vehicle.construction,83.6319349383129,9.492415232256418,1.8362839436689242,7.556,2.525,2.252,1.5639688779883267,0.0,-0.6881665524402485,0.0,0.0
scene-0655,12,52,vehicle.car,-1.520187234749129,-8.48332098238633,0.9462654239098185,4.369,1.965,1.548,1.5766944661929532,0.3651482542552533,-0.28997854746977025,0.17386363636363636,2.2950000000000004
scene-0655,12,53,vehicle.car,3.835159869578105,-20.4353833693243,0.22300607145257717,4.333,2.007,1.493,-1.6214197636027934,0.0602794207339684,0.10216192686132675,0.025271317829457365,0.3260000000000001
scene-0655,12,54,vehicle.car,-9.937301017974976,-19.90296531544167,0.527666729758055,4.61,1.974,1.504,-1.605506268135291,0.09496875360492221,0.08757792299005296,0.02246376811594203,0.31000000000000005
scene-0655,12,55,vehicle.car,-7.136249540245299,-20.403356497025673,0.5106583641420279,4.404,1.963,1.509,-1.595219708659042,0.12099737409859987,0.08378978339329612,0.031212121212121212,0.4120000000000001
scene-0655,12,56,vehicle.truck,-53.389055674175175,-7.230727811080782,1.1208167364729258,5.291,1.984,1.865,-1.5183951103903512,0.00899703981521512,-0.4008050748241755,0.0,0.0
scene-0655,12,57,vehicle.car,-72.85399904961378,-7.119640370364799,1.1716986731996482,4.668,1.966,1.851,-1.629451644365512,0.5415598674420151,-0.4225598614921515,0.0,0.0
scene-0655,12,58,vehicle.car,-37.55727021827266,-19.070453990641713,0.4819910393588662,4.365,2.083,1.813,-1.5846237390432913,0.0,0.02260872880290743,0.001924001924001924,0.03200000000000001
scene-0655,12,59,vehicle.car,-23.54456781993283,-19.673955425486625,0.15730116624217827,4.592,2.067,1.707,-1.576209821737101,0.0,0.3071000702919404,0.003349165753257825,0.055000000000000014
scene-0655,12,60,vehicle.car,57.628596127582924,-15.898137485466561,0.7411801207739974,4.84,2.027,1.676,1.6002602768605019,0.0,0.09633191090038762,0.0,0.0
scene-0655,13,0,vehicle.car,-27.82594955895308,-7.914447648068252,0.9700701616886487,4.893,2.065,1.938,-1.584133299121698,0.017003652642071668,-0.07811698817046786,0.016418597514193646,0.32100000000000006
scene-0655,13,1,vehicle.car,-12.42066085369937,8.226148127707527,0.6398203913687477,4.959,1.943,1.499,-3.137339686219525,0.02061995760724428,-0.04876911730754463,0.09494736842105263,1.3530000000000002
scene-0655,13,2,vehicle.car,-6.8379455860839125,8.101515575845218,0.9004982917548721,4.791,1.872,1.698,3.12839303056714,0.0,-0.09352641340509105,0.11422858617131063,1.7710000000000004
scene-0655,13,3,vehicle.car,50.66214772412361,5.377098003663367,1.3882269148699466,4.782,1.924,1.481,3.12935292137792,0.1650839402566614,-0.36287885068575776,0.004239766081871345,0.05800000000000001
scene-0655,13,4,vehicle.car,6.5266309054109115,7.452228344997168,1.2623412063425545,5.765,2.078,2.301,-3.136990633336641,0.0070015040291284665,-0.10049685546813047,0.10569715142428786,2.9610000000000007
scene-0655,13,5,vehicle.car,-19.76850194994803,8.347161142932906,0.5646733726338673,4.73,1.869,1.456,3.0911843952072937,0.013002793196757933,-0.023295277007036264,0.05375139977603583,0.7200000000000001
scene-0655,13,6,vehicle.car,20.10193712425682,7.772707432162764,1.0275642499428237,4.995,1.966,1.748,3.136665547810627,0.0,-0.14617448843531256,0.016764705882352942,0.2850000000000001
scene-0655,13,7,vehicle.construction,86.2139710310598,4.567950284755079,2.117813456262681,7.094,2.641,2.073,3.0911494905795456,0.13004331897889745,-0.4787909638539285,0.0,0.0
scene-0655,13,8,vehicle.car,-5.883582236631348,-20.44193066620151,0.8019882688701654,4.742,2.067,1.88,-1.5690530435606702,0.09804146683010088,-0.07266896225815067,0.06692262571321922,1.2550000000000003
scene-0655,13,9,vehicle.car,-33.227325954262696,-19.612158820512832,0.27149492432553657,4.461,1.85,1.499,1.5795211886105207,0.0,0.6964471580795538,0.00041152263374485596,0.005000000000000001
scene-0655,13,10,vehicle.truck,26.062389650385207,7.686672027104675,1.1727007127850788,5.703,2.025,1.827,-3.13248784995331,0.06221465080926587,-0.2103464884012478,0.03523391812865497,0.7230000000000001
scene-0655,13,11,vehicle.car,-30.400544482110867,-19.936204420636248,0.35361652769356045,4.548,1.915,1.588,-1.6249934413682905,0.02800738529401281,0.8218230687210056,0.0008771929824561404,0.012000000000000004
scene-0655,13,12,vehicle.truck,-52.251040505050305,-7.423664129702687,0.7894938260993919,5.375,1.941,1.715,-1.5458218933039958,0.023026675344948858,-0.06691349930381385,0.0,0.0
scene-0655,13,13,vehicle.car,25.079076441338334,-14.555648992757973,0.8751090759908151,4.471,1.95,1.582,1.5426757522680064,0.0,-0.05682264330734721,0.0,0.0
scene-0655,13,14,vehicle.car,10.82413710021173,-20.215270095077436,0.6046698795237243,4.364,2.135,1.861,-1.5117346998353656,0.10104150528442828,0.18605213228085637,0.0,0.0
scene-0655,13,16,vehicle.car,51.11336172819196,-15.650140136956933,1.247272666345436,4.791,2.142,1.78,1.6089658429754246,0.0,0.015668470014732372,0.0,0.0
scene-0655,13,18,vehicle.car,-35.964412127722774,0.5943905651452558,0.7043762059911807,4.617,2.026,1.743,-0.0026650372551882523,7.80575700964501,-0.0502292221292574,0.0019181585677749361,0.03000000000000001
scene-0655,13,19,vehicle.car,-0.7898354419823533,7.754205366927384,0.9789667796816521,4.942,2.045,1.829,3.138288638664079,0.013002793196757933,-0.013855350765197838,0.1717687074829932,3.0300000000000007
scene-0655,13,20,vehicle.truck,34.22714393585333,-28.17594478582103,1.2134411987163805,5.489,2.278,2.022,-0.007998760006854122,0.04402081850770975,-0.41713456619761224,0.0012648221343873518,0.03200000000000001
scene-0655,13,21,vehicle.car,-63.13182722510697,-7.530946399496636,0.5862824405225296,4.493,1.886,1.473,1.614463780071584,0.030073052903778298,0.008847412010810851,0.0,0.0
scene-0655,13,22,vehicle.car,-22.21885181315722,-19.81711347454603,0.7318075076920411,4.274,1.966,1.752,1.5360780899057864,0.0,1.0816403382437805,0.0,0.0
scene-0655,13,23,vehicle.car,19.175214614618042,-8.331092996661907,1.0715885468267574,4.232,2.008,1.54,1.5921578110286623,0.2524428178216333,-0.20601122488013646,0.02,0.25200000000000006
scene-0655,13,24,vehicle.car,-58.15138978879975,-20.573913015971996,0.21685208912006948,4.433,2.061,1.65,1.5434611855521159,0.11602923510109127,0.5230856082309093,0.0,0.0
scene-0655,13,25,vehicle.bus.bendy,72.90633964313919,-5.6479471201303655,2.3730232838306113,9.48,2.764,3.374,-0.048715379499908805,0.2830890789595992,-0.19291089855763155,0.0,0.0
scene-0655,13,26,vehicle.car,-30.455162363990468,-7.010554551967622,0.6549110008679204,4.086,2.107,1.485,1.5610897924351959,0.0,0.01353176281825974,0.007278358497870693,0.09400000000000001
scene-0655,13,27,vehicle.car,17.33011311697124,-20.75765652998075,0.5492350115912348,4.74,2.028,1.53,1.5536718243161969,0.0,0.03127079104014341,0.02950354609929078,0.4160000000000001
scene-0655,13,28,vehicle.car,2.910553937697824,-8.232520513662255,0.8189197314966642,4.248,1.716,1.395,1.5733075848631333,0.0,-0.19600943100342383,0.032513005202080836,0.3250000000000001
scene-0655,13,29,vehicle.car,-38.742574102215706,-7.605557564813823,0.7921811572399207,4.306,2.009,1.72,-1.5840285755055454,0.0,-0.04168435192967135,0.0008207934336525308,0.012000000000000002
scene-0655,13,30,vehicle.car,5.17513556946444,-20.655078040239868,0.5106024729200376,4.345,2.034,1.537,-1.4897975839270925,0.0,0.11732778058566917,0.009534883720930233,0.12300000000000004
scene-0655,13,31,vehicle.car,-41.52001285252252,-7.431239953004914,1.060578918980576,4.572,1.996,1.712,-1.5442685011416284,0.01942065969070619,-0.3205490909685865,0.0002557544757033248,0.004000000000000001
scene-0655,13,32,vehicle.car,83.75481773057902,-15.468595676812049,1.659948875033129,4.742,1.978,1.519,1.5835181368510605,0.0,-0.25694276531862104,0.0,0.0
scene-0655,13,33,vehicle.car,-19.421986100372415,-20.126464426656906,0.5537789339290662,4.272,1.83,1.651,-1.605514563684007,0.043275911626684656,1.369979442192455,0.0014439884480924152,0.019000000000000003
scene-0655,13,34,vehicle.car,-115.78600686415189,2.9938509961236583,0.28493327370853505,4.622,1.944,1.921,-2.7147851227349964,5.70706780160848,0.25670503910808484,0.0,0.0
scene-0655,13,35,vehicle.car,-16.70782083537468,-19.606770591997304,0.6172630460949212,4.468,2.038,1.758,-1.5477592724520808,0.012044181851341956,1.2245595700053902,0.008395061728395062,0.13600000000000004
scene-0655,13,36,vehicle.truck,-3.0442984958884014,-20.54985556631442,0.7841822168718603,4.74,1.987,1.82,1.5550856025096242,0.0,-0.06066247080672049,0.07724586288416076,1.3070000000000004
scene-0655,13,37,vehicle.car,16.28102102276509,-8.00722776761819,1.025765339892686,4.496,1.956,1.766,1.6178148979295643,0.0,-0.08586503980714144,0.022098765432098766,0.3580000000000001
scene-0655,13,38,vehicle.car,-35.8670677908802,-7.791336452359766,0.8847049834271404,4.946,2.014,1.692,-1.579106540312977,0.0,-0.1405980060835812,0.0019207683073229293,0.03200000000000001
scene-0655,13,39,vehicle.car,-44.02126971572283,-7.159873627532688,0.8641217437671677,4.793,2.107,1.744,1.6251978210411337,0.0,-0.1124357607053772,0.0,0.0
scene-0655,13,41,vehicle.truck,34.08121021012318,-24.89284186648727,1.0868095725061466,4.74,2.292,1.774,-0.07726734873217038,0.12734192601719024,-0.3516079102041294,0.0013362113269606332,0.02600000000000001
scene-0655,13,42,vehicle.car,32.219712918762305,7.271074962017904,0.9993391017154885,4.746,1.802,1.518,3.1283411011950437,0.06502165948939188,-0.13654682920734407,0.001970055161544523,0.025000000000000005
scene-0655,13,43,vehicle.car,73.55125278609013,-15.026685332945881,1.5843468143432649,4.661,2.107,1.626,1.6047245715973089,0.0,-0.21365440578155837,0.0,0.0
scene-0655,13,44,vehicle.truck,-27.65178576160153,8.121876271855314,1.0992835780973056,7.42,2.592,2.558,3.097467252170623,0.12603104156726785,0.10413608574918709,0.0120542139772909,0.6030000000000002
scene-0655,13,45,vehicle.car,-11.129664145111883,3.7359169673617916,0.7469027198661626,4.703,1.918,1.541,3.131237797041419,11.891781801501851,-0.13617562259328975,0.0898842851810377,1.2040000000000004
scene-0655,13,47,vehicle.car,5.34220146862587,-8.629454062348302,0.9359199163629816,5.069,2.185,1.875,1.5733075848631333,0.0,-0.0661329758479402,0.08659348907026926,1.8460000000000005
scene-0655,13,48,vehicle.car,-8.404047752198068,-8.050629572029218,0.9731834160106241,4.758,1.94,1.818,-1.512205947897603,0.0283080243883187,-0.006739178838020443,0.03319931773879142,0.5450000000000002
scene-0655,13,49,vehicle.car,14.153494022257936,8.117540680550045,0.8800932592714326,4.641,1.983,1.567,3.0947795843513344,0.044562911607887556,-0.08054216801767511,0.06698369565217391,0.9860000000000002
scene-0655,13,50,vehicle.car,-39.437716507290894,8.339946773740312,0.4790016147732431,4.81,1.891,1.873,3.132372213615777,0.11316139377036412,0.3596108468532866,0.0012119113573407201,0.021
scene-0655,13,51,vehicle.construction,79.28030965019734,10.253903473634988,2.1581394950281334,7.556,2.525,2.252,1.57267924376314,0.009001933751671623,-0.44539876283514035,0.0,0.0
scene-0655,13,52,vehicle.car,-5.611687571833976,-8.11202227543472,1.1065459260579313,4.369,1.965,1.548,1.5854031593385278,0.3653468765121545,-0.35627639778816356,0.14022727272727273,1.8510000000000004
scene-0655,13,53,vehicle.car,-0.21960322972914958,-20.372913208515808,0.6120977743602866,4.333,2.007,1.493,-1.6388695875459003,0.030156104851218325,-0.03756867823373011,0.08682170542635659,1.1200000000000003
scene-0655,13,54,vehicle.car,-14.072807563046757,-19.95454613134062,0.5810383460947292,4.61,1.974,1.504,-1.601153206959635,0.09502567596600041,0.8361506816915257,0.0007971014492753623,0.011000000000000001
scene-0655,13,55,vehicle.car,-11.158376299240842,-20.432419158969104,0.5699578219649117,4.404,1.963,1.509,-1.586507051080169,0.12106319057539935,0.3901369858983237,0.05484848484848485,0.7240000000000002
scene-0655,13,56,vehicle.truck,-57.587332983861664,-7.662603726360737,0.9424789552170063,5.291,1.984,1.865,-1.5096926192023508,0.009057330789928856,-0.1495358399826313,0.0,0.0
scene-0655,13,57,vehicle.car,-41.65050612434709,-19.362843350417926,0.4058958866273751,4.365,2.083,1.813,-1.575912458506209,0.0,0.5760155746663222,0.0013227513227513227,0.022000000000000006
scene-0655,13,58,vehicle.car,53.5025008701696,-15.3660591666714,1.074101760613749,4.84,2.027,1.676,1.6089658429754246,0.0,0.1554220774294638,0.0,0.0
scene-0655,14,0,vehicle.car,-31.93052044204014,-8.1355039303761,1.0202808932535787,4.893,2.065,1.938,-1.5749135521324282,0.008006325951663024,0.0050019213385442685,0.008081428059945783,0.15800000000000003
scene-0655,14,1,vehicle.car,-16.691905071487916,8.144633157207155,0.6849079696802401,4.959,1.943,1.499,-3.128093289182474,0.03514186599429279,0.020930726501534047,0.04856140350877193,0.6920000000000002
scene-0655,14,2,vehicle.car,-11.091557545687506,8.066027028222122,0.8836280410072034,4.791,1.872,1.698,3.1376395820969085,0.0,-0.07087326786724979,0.05566305469556244,0.8630000000000002
scene-0655,14,3,vehicle.car,46.4315697162504,5.774489767722645,1.2658727147742683,4.782,1.924,1.481,3.1385994648332507,0.09909849958368651,-0.4845277639492923,0.011915204678362573,0.16300000000000003
scene-0655,14,4,vehicle.car,2.2778438369968526,7.576358030070784,1.2345239528158032,5.765,2.078,2.301,-3.127744239554723,0.07111954493367788,-0.05109745669749599,0.12797172842150353,3.585000000000001
scene-0655,14,5,vehicle.car,-24.03061839297612,8.191753580540542,0.5986557191819478,4.73,1.869,1.456,3.100431221393603,0.013010279671537747,0.04013726488644587,0.03553564762971258,0.4760000000000001
scene-0655,14,6,vehicle.car,15.850488507094276,7.986412446185107,0.9550493831266885,4.995,1.966,1.748,-3.1372732790444418,0.0,-0.1389281865884786,0.04994117647058823,0.8490000000000001
scene-0655,14,7,vehicle.construction,81.98849955692327,5.328573566272835,1.9214793397879464,7.094,2.641,2.073,3.100396316988169,0.13011819258362955,-0.7348123067116601,0.0,0.0
scene-0655,14,8,vehicle.car,-9.824555459028211,-20.467621480639483,0.7939760184939204,4.742,2.067,1.88,-1.5598331641511034,0.0490489575410268,0.0603554176633061,0.002079667253239482,0.03900000000000001
scene-0655,14,9,vehicle.truck,21.804874449025117,7.948274408696354,1.0483743242321755,5.703,2.025,1.827,-3.123796737857663,0.022040129874813155,-0.18689964237792744,0.05428849902534113,1.114
scene-0655,14,10,vehicle.car,51.93037904997595,-14.08613740178541,1.3491694441994897,4.794,2.338,1.693,1.6181860917798827,0.0,-0.3889041895827523,0.0,0.0
scene-0655,14,11,vehicle.truck,-56.35885520238322,-7.889579955361383,0.8799340545906685,5.375,1.941,1.715,-1.5366017863262356,0.023105048503023178,0.05367280664304275,0.0,0.0
scene-0655,14,12,vehicle.car,21.033502300781002,-14.29509663471542,0.8074414829219408,4.471,1.95,1.582,1.5518953812750802,0.0,-0.0978040433133669,0.0,0.0
scene-0655,14,13,vehicle.car,6.8061742882492435,-20.042673703839952,0.5613186308686918,4.364,2.135,1.861,-1.5025142081402403,0.10024906445281179,0.17190315265009937,0.039473684210526314,0.6930000000000002
scene-0655,14,15,vehicle.car,47.0773776232223,-15.148739140774937,1.1358066165468876,4.791,2.142,1.78,1.6181860917798827,0.0,-0.10783341229178356,0.00016534391534391533,0.003000000000000001
scene-0655,14,17,vehicle.car,-36.24663410649736,0.33916372729035393,0.8111590924103858,4.617,2.026,1.743,0.003565405193345132,7.805824254605679,0.03915388153594723,0.00019181585677749362,0.003000000000000001
scene-0655,14,18,vehicle.car,-5.034683333350172,7.774045754031032,0.9874775063080887,4.942,2.045,1.829,-3.135650202590485,0.013048714850094236,-0.05359609120918318,0.11660997732426304,2.0570000000000004
scene-0655,14,19,vehicle.truck,30.351969223831077,-27.829662252173467,1.0959579482142563,5.489,2.278,2.022,0.0012477471837240202,0.08709179836888863,-0.21538816977187358,0.001857707509881423,0.04700000000000001
scene-0655,14,20,vehicle.car,-67.24016346129635,-8.071962295335428,0.731798115078049,4.493,1.886,1.473,1.6236840906278922,0.03007158281505153,0.0991571866835782,0.0,0.0
scene-0655,14,21,vehicle.car,-26.213932387299568,-19.993469842668624,0.7416297936554883,4.274,1.966,1.752,1.545297670068158,0.0,0.35748500977792996,0.0,0.0
scene-0655,14,22,vehicle.car,15.068642997858475,-7.999511942718694,1.0401083740689683,4.232,2.008,1.54,1.6013778807528327,0.2536446834808732,-0.12212421209596869,0.055952380952380955,0.7050000000000002
scene-0655,14,23,vehicle.car,-62.140930786747994,-21.17587038269759,0.38423090030841056,4.433,2.061,1.65,1.5526808205309988,0.21317782535116162,0.6751040602714615,0.0,0.0
scene-0655,14,24,vehicle.bus.bendy,68.77722446369151,-4.966978849816134,2.220911900671748,9.48,2.764,3.374,-0.03946856417582883,0.044046163887816014,-0.37206466689947004,0.0,0.0
scene-0655,14,25,vehicle.car,-34.56901569097506,-7.2646067032600765,0.7468419765836978,4.086,2.107,1.485,1.570309570193659,0.0,0.043626951187155316,0.0011614401858304297,0.015000000000000003
scene-0655,14,26,vehicle.car,13.341687927219091,-20.56858606996457,0.4952076787200956,4.74,2.028,1.53,1.5628915399580248,0.0,0.06234510536517818,0.049148936170212765,0.6930000000000002
scene-0655,14,27,vehicle.car,-1.1930783726848082,-8.177900155896506,0.8421949783300821,4.248,1.716,1.395,1.5825274713403947,0.0,-0.18987067225927745,0.13745498199279713,1.3740000000000003
scene-0655,14,28,vehicle.car,1.1852949104181079,-20.579790964659427,0.5842765925079298,4.345,2.034,1.537,-1.4980317694355219,0.0,0.0162319183200883,0.0,0.0
scene-0655,14,29,vehicle.car,-45.62632828987127,-7.776991566739103,1.1418632949507053,4.572,1.996,1.712,-1.5350483779371742,0.01943184130921806,-0.22507723023651194,0.005051150895140665,0.07900000000000001
scene-0655,14,30,vehicle.car,79.71725825913754,-14.66402169213804,1.3953274600049854,4.742,1.978,1.519,1.592738120263339,0.0,-0.43842958719939007,0.0,0.0
scene-0655,14,31,vehicle.car,-23.401993654325477,-20.259098542654915,0.5395507107601645,4.272,1.83,1.651,-1.5962949835216353,0.04330082812010391,0.4895871723069666,0.0,0.0
scene-0655,14,32,vehicle.car,-20.705947921102332,-19.73905921563737,0.6779324390497632,4.468,2.038,1.758,-1.5385391855356947,0.01205111639694633,0.3530845582875781,0.007407407407407408,0.12000000000000002
scene-0655,14,33,vehicle.truck,-7.033366272780809,-20.548958778852487,0.7631836412796082,4.74,1.987,1.82,1.5643053297624931,0.0,0.029834189271062406,0.003132387706855792,0.05300000000000002
scene-0655,14,34,vehicle.car,12.174609520704102,-7.829630646493233,1.0781817020316526,4.496,1.956,1.766,1.6270352468870024,0.0,-0.12018879200414867,0.0454320987654321,0.7360000000000001
scene-0655,14,35,vehicle.car,-39.97298115373593,-8.095078940679503,0.9728201617302604,4.946,2.014,1.692,-1.5698867505324128,0.0,-0.06829996758720358,0.00024009603841536616,0.004000000000000001
scene-0655,14,36,vehicle.car,-48.13215388227427,-7.538185132820543,0.9031949317812505,4.793,2.107,1.744,1.634418256627425,0.0,0.030174796515744617,0.00017507002801120448,0.0030000000000000005
scene-0655,14,38,vehicle.truck,30.185029661551166,-24.51388680164775,1.0084974186212803,4.74,2.292,1.774,-0.06802037125970406,0.12741524427074835,-0.25905184064219244,0.00046253469010175765,0.009000000000000003
scene-0655,14,39,vehicle.car,27.971510384240666,7.564782828186269,0.9069336999896532,4.746,1.802,1.518,3.1288610340013925,0.049038746453680025,-0.22235437562499105,0.020803782505910164,0.26400000000000007
scene-0655,14,40,vehicle.car,69.5087174079682,-14.318319266355793,1.476083406005825,4.661,2.107,1.626,1.613944773829988,0.0,-0.4983802007779732,0.0,0.0
scene-0655,14,41,vehicle.truck,-31.8415004329394,7.892340523397719,1.1317735100989086,7.42,2.592,2.558,3.106714037255655,0.09653870500041455,0.016354165792013875,0.007596353750199904,0.3800000000000001
scene-0655,14,42,vehicle.car,-21.295938550940722,3.6802207928696524,0.7756050546855392,4.703,1.918,1.541,3.140484324497894,11.907293244830752,-0.04127163321680449,0.021575214632325493,0.28900000000000003
scene-0655,14,44,vehicle.car,1.2424595219669283,-8.552074015258736,0.9394373902966444,5.069,2.185,1.875,1.5825274713403947,0.0,-0.08106970879334852,0.17886293273290177,3.8130000000000006
scene-0655,14,46,vehicle.car,-12.500068012623862,-8.088336234899737,0.9870003179023645,4.758,1.94,1.818,-1.5029854619264462,0.029177813424016815,0.030645761995516052,0.01797027290448343,0.2950000000000001
scene-0655,14,47,vehicle.car,9.882046426868216,8.259936133518096,0.8667265239463406,4.641,1.983,1.567,3.1127579790756226,0.04458856910306407,-0.16732405836444675,0.0858016304347826,1.2630000000000003
scene-0655,14,48,vehicle.car,-43.73218769030458,8.043313109323218,0.565224460296517,4.81,1.891,1.873,-3.1415665758279343,0.11252110687659872,0.22239118368160193,0.0,0.0
scene-0655,14,49,vehicle.construction,75.01415468530998,11.014721557928222,1.9882523043378277,7.556,2.525,2.252,1.581899124455432,0.018014233391184915,-0.8396780546828195,0.0,0.0
scene-0655,14,50,vehicle.car,-9.71524385605069,-8.135486482909641,1.103624805380186,4.369,1.965,1.548,1.5946231612481077,0.0,-0.26815579809673684,0.07469696969696969,0.9860000000000001
scene-0655,14,51,vehicle.car,-4.210709690878775,-20.346007409337833,0.5864194982596409,4.333,2.007,1.493,-1.6296502179944894,0.0,0.02148635119714626,0.01868217054263566,0.24100000000000008
scene-0655,14,52,vehicle.car,-18.11456024269747,-20.0560014614112,0.6152705442882902,4.61,1.974,1.504,-1.5962949835216353,0.09403687860512538,0.21475190592037374,0.030797101449275364,0.4250000000000001
scene-0655,14,53,vehicle.car,-15.088733349066384,-20.50747839210292,0.5876084613512284,4.404,1.963,1.509,-1.5772873238273,0.060055783981143876,0.16398974984781678,0.03015151515151515,0.3980000000000001
scene-0655,14,54,vehicle.truck,-61.6927490128282,-8.171465165222394,1.0958010213995393,5.291,1.984,1.865,-1.5004721025734216,0.008247579849143895,-0.07640664333347635,0.0,0.0
scene-0655,14,55,vehicle.car,49.46350532080793,-14.842679344562377,0.9586117747570905,4.84,2.027,1.676,1.6181860917798827,0.0,-0.0019355146433743808,0.0,0.0
scene-0655,15,0,vehicle.car,-35.84851658601701,-8.398470199553252,1.2412523812536944,4.893,2.065,1.938,-1.5660350656182596,0.0,-0.3045543957833995,0.004603345097437471,0.09000000000000002
scene-0655,15,1,vehicle.car,-20.773902910053476,8.020416625233361,0.7341666337719744,4.959,1.943,1.499,-3.119133312513752,0.08043438042901054,-0.04279002116830999,0.01649122807017544,0.23500000000000007
scene-0655,15,2,vehicle.car,-15.15525761022072,7.987059739286755,0.8617374487292769,4.791,1.872,1.698,-3.136586461121106,0.0661207522948312,-0.057481038786173166,0.03315273477812178,0.5140000000000001
scene-0655,15,3,vehicle.car,42.38733116096275,6.210675610530531,0.9937144829255968,4.782,1.924,1.481,-3.1356265378988497,0.0,-0.40490119602507646,0.000804093567251462,0.011000000000000003
scene-0655,15,4,vehicle.car,-1.7813490212992482,7.653725814555825,1.1770476924471684,5.765,2.078,2.301,-3.118784249139838,0.03506224956348597,-0.08027411970422937,0.11426429642321696,3.2010000000000005
scene-0655,15,5,vehicle.car,-28.10297630601572,7.995629857239054,0.6494448967119797,4.73,1.869,1.456,3.1093888027450114,0.013056266380799507,-0.008954305305157506,0.007764091078760731,0.10400000000000002
scene-0655,15,6,vehicle.car,11.786578426314314,8.147837648623328,0.8258564742623928,4.995,1.966,1.748,-3.1283136710707065,0.007080754608591296,-0.11285797772995265,0.07476470588235294,1.2710000000000004
scene-0655,15,7,vehicle.construction,77.94663634880736,6.020467775107432,1.560664689808461,7.094,2.641,2.073,3.109353896659,0.11417373741266947,-0.6744196248346299,0.0,0.0
scene-0655,15,8,vehicle.car,-13.633902579502497,-20.534056706581573,0.9439904226978085,4.742,2.067,1.88,-1.5509552968760516,0.0,-0.0594287028033994,0.042819815496187276,0.8030000000000002
scene-0655,15,9,vehicle.truck,17.734233403980387,8.154477454678021,0.8933781716509148,5.703,2.025,1.827,-3.115391160859014,0.022052884902152393,-0.1292487674637124,0.03698830409356725,0.7590000000000001
scene-0655,15,10,vehicle.car,48.06355530734946,-13.599053180020324,1.1644589844435593,4.794,2.338,1.693,1.6270626181526855,0.0,-0.3017379901498696,0.001438618925831202,0.027000000000000007
scene-0655,15,11,vehicle.truck,-60.277420757408386,-8.382713326871555,1.1481840948331339,5.375,1.941,1.715,-1.5277247998231778,0.04815954308662272,-0.34652273933768096,0.0,0.0
scene-0655,15,12,vehicle.car,17.167684673468692,-14.087161007640635,0.8108793991747892,4.471,1.95,1.582,1.5607745105048487,0.0,-0.12723752700720192,0.007152777777777778,0.10300000000000004
scene-0655,15,13,vehicle.car,2.965162992236461,-19.92020937556727,0.6501322948226717,4.364,2.135,1.861,-1.493638349877438,0.04999835096571837,0.08822202975656723,0.05126452494873548,0.9000000000000002
scene-0655,15,14,vehicle.car,40.48438337389926,-14.825242723306339,1.1284311183312488,4.529,1.949,1.766,-1.5145300354371076,0.0,-0.22959728600769758,0.0007797270955165692,0.012000000000000004
scene-0655,15,15,vehicle.car,43.21913700827573,-14.706711839166166,1.0502327246813505,4.791,2.142,1.78,1.6270626181526855,0.0,-0.14251012547299557,0.0,0.0
scene-0655,15,17,vehicle.car,-36.34380469332166,0.11975427755440048,0.9866145043270835,4.617,2.026,1.743,0.009512606874770745,7.806339055126259,-0.1405629681842574,0.00044757033248081843,0.007000000000000002
scene-0655,15,18,vehicle.car,-9.088516286163662,7.750802347616616,0.9142460371586578,4.942,2.045,1.829,-3.1266905284263395,0.01405489659009427,-0.05258201572625809,0.08747165532879819,1.5430000000000004
scene-0655,15,19,vehicle.truck,26.65074558749373,-27.535439717995036,1.11363413409721,5.489,2.278,2.022,0.010207228719549577,0.08714219999064539,-0.25840008477698917,0.0,0.0
scene-0655,15,20,vehicle.car,-30.026941459156294,-20.20617338565554,0.9461854206705376,4.274,1.966,1.752,1.5541770973760767,0.0,-0.13628261313679657,0.0,0.0
scene-0655,15,21,vehicle.car,11.141676009391452,-7.716572396424243,1.0495723548875657,4.232,2.008,1.54,1.610254998344778,0.12231478410429517,-0.21400522652729426,0.08928571428571429,1.1250000000000002
scene-0655,15,22,vehicle.car,-65.94396489685711,-21.831678446044318,0.7212839437990263,4.433,2.061,1.65,1.5615599147352734,0.2423510211314419,0.1209037037224695,0.0,0.0
scene-0655,15,23,vehicle.bus.bendy,64.83051322632282,-4.347181710641426,1.991210130476876,9.48,2.764,3.374,-0.03051090154283598,0.043058906556570124,-0.369075600409432,0.0,0.0
scene-0655,15,24,vehicle.car,-38.49560968582785,-7.552936554745802,0.9713283615137467,4.086,2.107,1.485,1.5791879042527102,0.0,-0.26145474452031936,0.0011614401858304297,0.015000000000000003
scene-0655,15,25,vehicle.car,9.531146682497113,-20.430792880540213,0.5643612992652255,4.74,2.028,1.53,1.5717701877931647,0.0,0.010228921186129503,0.014680851063829787,0.20700000000000005
scene-0655,15,26,vehicle.car,-5.112541260209506,-8.168208154021078,0.9202661482990195,4.248,1.716,1.395,1.5914053080735286,0.0,-0.17056670263413687,0.04721888755502201,0.4720000000000001
scene-0655,15,27,vehicle.car,-2.624839686779064,-20.550341506307582,0.8052855945221901,4.345,2.034,1.537,-1.5065887483422178,0.0,-0.22266682177705766,0.08255813953488372,1.0650000000000004
scene-0655,15,28,vehicle.car,-49.544179424514624,-8.15192320222435,1.3797297884385247,4.572,1.996,1.712,-1.5261714471241057,0.018464348989694894,-0.5775198995332379,0.0,0.0
scene-0655,15,29,vehicle.car,75.85409438725316,-13.929750241539624,1.1916454120084636,4.742,1.978,1.519,1.6016155601555258,0.0,-0.48130107198208505,0.0,0.0
scene-0655,15,30,vehicle.car,-27.201058060602083,-20.43016306002065,0.7151602195487445,4.272,1.83,1.651,-1.5874155562137167,0.042496327270085704,0.04033858060975615,0.0,0.0
scene-0655,15,31,vehicle.car,-24.521106643666744,-19.909590292503804,0.9213770873994918,4.468,2.038,1.758,-1.5296621290100605,0.01205809059913061,-0.11680516891194292,0.0,0.0
scene-0655,15,32,vehicle.truck,-10.842221911402431,-20.590748524520208,0.9039144306986415,4.74,1.987,1.82,1.5731839171106095,0.0,-0.09607082392860289,0.039775413711583926,0.6730000000000003
scene-0655,15,33,vehicle.car,8.252647410819584,-7.698866528716983,1.027886901652554,4.496,1.956,1.766,1.6359114811811812,0.0,-0.09434991893742417,0.07487654320987654,1.213
scene-0655,15,34,vehicle.car,-43.89107237384516,-8.42987391702117,1.2098325435681594,4.946,2.014,1.692,-1.5610084745413018,0.0,-0.411674427763964,0.0013205282112845138,0.022000000000000006
scene-0655,15,35,vehicle.car,-52.054759549750464,-7.945686730105055,1.1022339283989724,4.793,2.107,1.744,1.643294257449971,0.0,-0.2856334245072659,0.0,0.0
scene-0655,15,37,vehicle.truck,26.4632885208563,-24.187359733374777,1.0450392016865622,4.74,2.292,1.774,-0.05906413826028722,0.12748898181054416,-0.31509724695462094,0.0,0.0
scene-0655,15,38,vehicle.car,23.910361578767137,7.816811213184626,0.73776236923436,4.746,1.802,1.518,3.137819920813753,0.03304520735737836,-0.1329313773701556,0.04578408195429472,0.5810000000000001
scene-0655,15,39,vehicle.car,65.64301555353934,-13.674662590797034,1.345034923122573,4.661,2.107,1.626,1.6228214449008054,0.0,-0.5617215677959204,0.0,0.0
scene-0655,15,40,vehicle.truck,-35.931978990474505,7.720994795413747,1.309518793751076,7.42,2.592,2.558,3.1156719180308476,0.19126427607401073,-0.14250739781983213,0.008335998720614106,0.41700000000000015
scene-0655,15,41,vehicle.car,-31.266116507860602,3.476463338074777,0.8740535241886053,4.703,1.918,1.541,-3.133741599168406,12.102484313514925,-0.19472800003728008,0.0029861888764464353,0.04000000000000001
scene-0655,15,43,vehicle.car,-2.6734595449336016,-8.520057296795693,1.0154163817996922,5.069,2.185,1.875,1.5914053080735286,0.0,-0.09458919420194056,0.2047565437658317,4.365000000000001
scene-0655,15,45,vehicle.car,-16.412057181895072,-8.165397476842985,1.0963940440702524,4.758,1.94,1.818,-1.494109589417134,0.028692350012954296,-0.15134225663424394,0.014376218323586744,0.23600000000000004
scene-0655,15,46,vehicle.car,5.799162294476543,8.352559715440485,0.8065448309601888,4.641,1.983,1.567,3.130437249237909,0.02287861831541272,-0.12617605815545174,0.09646739130434782,1.4200000000000004
scene-0655,15,48,vehicle.car,-47.83388342896941,7.711976754485557,0.7084535627872631,4.81,1.891,1.873,-3.132607145006189,0.1895236423972473,0.13556586713484076,0.00017313019390581717,0.0030000000000000005
scene-0655,15,49,vehicle.construction,70.93308132347538,11.709345058729228,1.630737213184523,7.556,2.525,2.252,1.5907769861701335,0.018052452959923502,-0.5382756515642877,0.0,0.0
scene-0655,15,50,vehicle.car,-13.633687699070874,-8.199780415079575,1.1914036776312833,4.369,1.965,1.548,1.6035005297617744,0.0,-0.3699044903406148,0.034545454545454546,0.4560000000000001
scene-0655,15,51,vehicle.car,-8.022117612367758,-20.36386242283006,0.7158733728779059,4.333,2.007,1.493,-1.6207691797276904,0.0,-0.12856477269060418,0.0,0.0
scene-0655,15,52,vehicle.car,-18.89819771193993,-20.622146174195954,0.7564217571639734,4.404,1.963,1.509,-1.5684087364791839,0.0,-0.0700386157655436,0.03333333333333333,0.4400000000000001
scene-0655,15,53,vehicle.car,51.00992008229237,-13.787534766705365,1.1572962715879993,4.558,2.15,1.752,1.6270626181526855,0.0,-0.2722797503129558,0.0,0.0
scene-0655,15,54,vehicle.car,45.601810718479406,-14.380612319619111,0.8626131786437605,4.84,2.027,1.676,1.6270626181526855,0.0,-0.006218760582980987,0.0,0.0
scene-0655,16,0,vehicle.car,-39.74750272099522,-8.593520275057992,1.7191469217320992,4.893,2.065,1.938,-1.5603964122247724,0.0,0.10276180877479779,0.0023016725487187356,0.04500000000000001
scene-0655,16,1,vehicle.car,-24.782687613778418,7.986857087236652,1.2456732363782623,4.959,1.943,1.499,-3.0958813992009873,0.05928105851820064,-0.06586525202615046,0.010526315789473684,0.15000000000000002
scene-0655,16,2,vehicle.car,-19.15604467344962,7.981527520538763,1.2708489740883,4.791,1.872,1.698,-3.130783738745846,0.05307928921249109,-0.05362518773423508,0.006514447884416925,0.10100000000000002
scene-0655,16,3,vehicle.car,38.39282731230565,6.477414508020157,0.4967881155586467,4.782,1.924,1.481,-3.129823919681589,0.0,-0.11707669931413983,0.0320906432748538,0.4390000000000001
scene-0655,16,4,vehicle.car,-5.776236436535882,7.657330073770263,1.4073537685852686,5.765,2.078,2.301,-3.112983507184269,0.0,-0.042587289569918196,0.09880773898764904,2.7680000000000007
scene-0655,16,5,vehicle.car,-32.109379882554734,7.850242675266966,1.298312585662151,4.73,1.869,1.456,3.1151953261012837,0.013055586883821144,-0.029004480670238086,0.006345651362448675,0.08500000000000002
scene-0655,16,6,vehicle.car,7.787885725009207,8.239794288774636,0.8657243519865054,4.995,1.966,1.748,-3.122511856229167,0.014885659325242294,-0.05257768426761811,0.07805882352941176,1.3270000000000002
scene-0655,16,7,vehicle.construction,73.9542927292879,6.443185989764592,0.4557661052388305,7.094,2.641,2.073,3.1151604233609897,0.14220123066145754,0.35999664610203563,0.0,0.0
scene-0655,16,8,vehicle.car,-17.470038797344028,-20.59383414200586,0.9367830516801923,4.742,2.067,1.88,-1.5453149739692587,0.0,1.4702437780393511,0.0,0.0
scene-0655,16,9,vehicle.truck,13.723028044582334,8.269041550432906,0.7780702357281427,5.703,2.025,1.827,-3.110145362663728,0.021288308541445037,-0.10616474401843357,0.08031189083820663,1.6480000000000001
scene-0655,16,10,vehicle.car,44.18386804952735,-13.299018237156613,0.3644663284600398,4.794,2.338,1.693,1.632707272317748,0.0,0.058151306313214635,0.0,0.0
scene-0655,16,11,vehicle.truck,-64.17772241575383,-8.661801035896591,2.0559501335946377,5.375,1.941,1.715,-1.522081762485429,0.07020658939706459,0.40189976951205164,0.0,0.0
scene-0655,16,12,vehicle.car,13.289903434110842,-13.965683886773366,0.4783006511176878,4.471,1.95,1.582,1.5664115996755852,0.0,0.13044968362199727,0.032916666666666664,0.4740000000000001
scene-0655,16,13,vehicle.car,-0.8771887951185713,-19.885754147087393,0.7868146401911145,4.364,2.135,1.861,-1.4879910278697386,0.0,-0.1916351725130444,0.022043745727956254,0.3870000000000001
scene-0655,16,14,vehicle.car,36.612584515155,-14.57040895221213,0.4877233437276465,4.529,1.949,1.766,-1.5088853812720453,0.0,-0.04516459452873289,0.0010396361273554255,0.016000000000000004
scene-0655,16,15,vehicle.car,39.34538330560147,-14.435066998873495,0.37576207095624625,4.791,2.142,1.78,1.632707272317748,0.0,0.06950511401651682,0.0011574074074074073,0.021000000000000005
scene-0655,16,17,vehicle.car,-36.39869617491887,0.03158312742503304,1.505741173376079,4.617,2.026,1.743,0.01230251473108135,7.774463642888683,0.04549907673454723,0.0005115089514066496,0.008000000000000002
scene-0655,16,18,vehicle.car,-13.079646527038083,7.71430841034321,1.2350647117339197,4.942,2.045,1.829,-3.120888894258307,0.014018449268455666,-0.041262591525179526,0.0413265306122449,0.7290000000000002
scene-0655,16,19,vehicle.truck,22.89655966725188,-27.359343767005313,0.47687554779207,5.489,2.278,2.022,0.016009383140244686,0.2644408094879024,0.5793405208333801,0.0013438735177865612,0.034
scene-0655,16,20,vehicle.car,-33.86330215028934,-20.36199210079328,1.1521940748560588,4.274,1.966,1.752,1.5598135119752408,0.0,0.8230302541386921,0.0,0.0
scene-0655,16,21,vehicle.car,7.2417040516609505,-7.880855866057911,0.7658335856649057,4.232,2.008,1.54,1.6158976023665175,0.24172442291684557,-0.07481736938682948,0.0873015873015873,1.1000000000000003
scene-0655,16,22,vehicle.bus.bendy,60.90720038261446,-3.9803921384932615,1.1470622078466528,9.48,2.764,3.374,-0.024704540955947044,0.008010542438971162,0.32376265320299935,0.0,0.0
scene-0655,16,23,vehicle.car,-42.4027370895372,-7.760564291294226,1.479909012474896,4.086,2.107,1.485,1.5848269528008962,0.0,0.1859720776892887,0.0,0.0
scene-0655,16,24,vehicle.car,5.687491850012219,-20.351561938946123,0.29377800008492383,4.74,2.028,1.53,1.5774084335449685,0.0,0.23723320821089833,0.05290780141843972,0.7460000000000002
scene-0655,16,25,vehicle.car,-9.020452805919305,-8.179031626316311,0.9512076816186806,4.248,1.716,1.395,1.5970457179717386,0.0,-0.16698343010996786,0.028411364545818326,0.28400000000000003
scene-0655,16,26,vehicle.car,-6.463686891469298,-20.544375218028186,0.6660201685366305,4.345,2.034,1.537,-1.500943095480483,0.0,-0.1542539436754855,0.038449612403100776,0.49600000000000016
scene-0655,16,27,vehicle.car,-53.439575233394315,-8.419129327744212,2.005596066780326,4.572,1.996,1.712,-1.5205282222333625,0.019442074981376442,0.09425750225043572,0.0,0.0
scene-0655,16,28,vehicle.car,71.97447949421544,-13.46850918857808,0.10751234862429548,4.742,1.978,1.519,1.6072571445661987,0.0,0.3416581545152003,0.0,0.0
scene-0655,16,29,vehicle.car,-31.027359983146297,-20.549831441068886,0.8629045885894545,4.272,1.83,1.651,-1.5817791416145526,0.0424941156021303,0.9003123723175279,0.0,0.0
scene-0655,16,30,vehicle.car,-28.35962773281119,-20.039951953886526,1.1198823095558608,4.468,2.038,1.758,-1.5240193245360454,0.012015882504551106,0.5369016803504503,0.0015432098765432098,0.025
scene-0655,16,31,vehicle.truck,-14.678825540898726,-20.63376168338463,0.8603935989854083,4.74,1.987,1.82,1.5788223144712532,0.0,1.4098648610594524,0.000591016548463357,0.010000000000000004
scene-0655,16,32,vehicle.car,4.341915275098754,-7.6321407242678205,0.8676217459211348,4.496,1.956,1.766,1.6415572493901989,0.0,-0.008966428614616273,0.14845679012345678,2.4050000000000002
scene-0655,16,33,vehicle.car,23.246636064092215,-20.445643420596376,0.1166533435348619,4.156,2.03,1.545,3.0883374883598282,0.0,0.4345742177005659,0.003650793650793651,0.04600000000000001
scene-0655,16,34,vehicle.car,-47.78929177530124,-8.672119704740782,1.815339102789777,4.946,2.014,1.692,-1.5553692728630666,0.0,0.09995868773756678,0.0,0.0
scene-0655,16,35,vehicle.car,-55.957102367104184,-8.232963995045237,1.7172809614946287,4.793,2.107,1.744,1.648940973105343,0.0,0.48062650730114764,0.0,0.0
scene-0655,16,37,vehicle.truck,22.698773692569272,-23.977690639464164,0.48691712188403957,4.74,2.292,1.774,-0.053255165229965006,0.08931956876893105,0.32910989904720434,0.0024154589371980675,0.047000000000000014
scene-0655,16,38,vehicle.car,19.905419815004507,7.9610263666839405,0.5437336325371328,4.746,1.802,1.518,-3.1395617254893056,0.01705182777444853,-0.129017898770577,0.015996847911741528,0.20300000000000004
scene-0655,16,39,vehicle.car,61.76462925354268,-13.274167154561543,0.35622551041487727,4.661,2.107,1.626,1.6284655735400115,0.0,0.12009297460671386,0.0,0.0
scene-0655,16,40,vehicle.truck,-39.95087727049619,7.6128710120617935,2.019357250308692,7.42,2.592,2.558,3.121477832359575,0.06731954252357637,-0.023388713931738803,0.005317447625139933,0.2660000000000001
scene-0655,16,41,vehicle.car,-41.37796431057426,3.2414257962999913,1.4880246749528308,4.703,1.918,1.541,-3.1279391863574184,12.296173266771376,0.02765849488893557,0.0,0.0
scene-0655,16,43,vehicle.car,-6.578181089333383,-8.517977720607686,1.0364743663717995,5.069,2.185,1.875,1.5970457179717386,0.0,-0.001356501763034812,0.13805235012665354,2.943000000000001
scene-0655,16,45,vehicle.car,-20.30937035012344,-8.232501174072667,1.2851098942831312,4.758,1.94,1.818,-1.488462329016466,0.02833923983524785,0.049887899391337864,0.009502923976608187,0.15600000000000003
scene-0655,16,46,vehicle.car,1.8312697708725367,8.411130105437847,0.87594261279212,4.641,1.983,1.567,3.132821083477541,0.07605402587123208,-0.024027030612096878,0.09911684782608696,1.4590000000000005
scene-0655,16,48,vehicle.car,-51.602320934404254,7.396526763415473,1.6301815665177026,4.81,1.891,1.873,-3.1268048563792283,0.2698286744290803,0.3459672047683081,0.0009233610341643582,0.016000000000000004
scene-0655,16,49,vehicle.construction,66.92186141301818,12.136371576860103,0.8743131788607568,7.556,2.525,2.252,1.5964173248796665,0.01905137053827373,0.19236729518213558,0.0,0.0
scene-0655,16,50,vehicle.car,-17.537080128431615,-8.263308642053476,1.332044174166208,4.369,1.965,1.548,1.6091423346285876,0.0,-0.22589076444674072,0.014848484848484849,0.19600000000000004
scene-0655,16,51,vehicle.car,-11.862717154697568,-20.38844156633653,0.6386356288031472,4.333,2.007,1.493,-1.6151359484619958,0.0,0.498209110157119,0.05434108527131783,0.7010000000000002
scene-0655,16,52,vehicle.car,-22.735611395374995,-20.711051708603648,0.8297024421117369,4.404,1.963,1.509,-1.56277033911854,0.0,0.9822124472238953,0.004242424242424243,0.056000000000000015
scene-0655,16,53,vehicle.car,47.1315106000233,-13.471434624516174,0.39262629782715663,4.558,2.15,1.752,1.632707272317748,0.0,0.06881758630713597,0.0,0.0
scene-0655,16,54,vehicle.car,41.72354202368892,-14.093106302834446,0.16105297951145403,4.84,2.027,1.676,1.632707272317748,0.0,0.23518728514270548,0.0004901960784313725,0.008000000000000002
scene-0655,17,0,vehicle.car,-43.87863203399211,-8.532824448962364,1.1500211031326946,4.893,2.065,1.938,-1.5614948150935106,0.0,0.016161984335452684,0.0015344483658124904,0.03000000000000001
scene-0655,17,1,vehicle.car,-28.842647551540598,8.006620483527223,0.9637364590501043,4.959,1.943,1.499,-3.1059552163873425,0.10078224367790008,0.1080019266272334,0.005824561403508772,0.08300000000000002
scene-0655,17,2,vehicle.car,-23.260803994389992,8.002770586914469,1.0977837708229115,4.791,1.872,1.698,-3.132127501390387,0.02605395353772415,0.04621755716857412,0.012448400412796698,0.19300000000000003
scene-0655,17,3,vehicle.car,34.290235076387745,6.436191989601314,1.0471836499816989,4.782,1.924,1.481,-3.1311678459038803,0.06509446265912365,-0.37456758853264793,0.0021929824561403508,0.030000000000000006
scene-0655,17,4,vehicle.car,-9.884659946689307,7.673427464801616,1.330937203298346,5.765,2.078,2.301,-3.1143302292667228,0.07115820578339806,-0.00570530797077784,0.07274933961590634,2.0380000000000007
scene-0655,17,5,vehicle.car,-36.2211940163806,7.904226120275359,0.8960278143252058,4.73,1.869,1.456,3.1138582467357474,0.019051693464983727,0.19384283215153975,0.000597237775289287,0.008000000000000002
scene-0655,17,6,vehicle.car,3.690662458897399,8.2455761876865,1.0128988042373979,4.995,1.966,1.748,-3.1238570137115445,0.014885911641839802,-0.08784455006316538,0.1261764705882353,2.1450000000000005
scene-0655,17,7,vehicle.construction,69.70872852787022,6.403248531837792,1.5197906282309888,7.094,2.641,2.073,3.113823350572417,0.2834219671585942,-0.440801412499368,0.0,0.0
scene-0655,17,8,vehicle.car,-21.608975849892467,-20.558126475344856,0.5503965403637661,4.742,2.067,1.88,-1.5464108566594388,0.0,0.11845823506500586,0.0,0.0
scene-0655,17,9,vehicle.truck,9.61413404028183,8.25241197786838,1.0347092719894284,5.703,2.025,1.827,-3.1120470144111536,0.021288669385191864,-0.12173692210730258,0.09161793372319688,1.8800000000000001
scene-0655,17,10,vehicle.car,40.05691974877962,-13.344948190592033,0.7624556029937272,4.794,2.338,1.693,1.6316170030741388,0.0,-0.20080134259676974,0.0,0.0
scene-0655,17,11,vehicle.truck,-68.31116557974198,-8.559814627527476,1.203510037125569,5.375,1.941,1.715,-1.523173986467018,0.021051858132188225,0.07074253970243405,0.0,0.0
scene-0655,17,12,vehicle.car,9.162906903083453,-13.96987773371552,0.5211500786281803,4.471,1.95,1.582,1.5653106178704612,0.0,-0.10749826321375155,0.03625,0.5220000000000001
scene-0655,17,13,vehicle.car,-5.014545065640761,-19.871759898238132,0.5918437177196837,4.364,2.135,1.861,-1.48907838897056,0.0,-0.07709359541095262,0.046536796536796536,0.8170000000000002
scene-0655,17,14,vehicle.car,32.482925060654566,-14.60723631469684,0.8084898945291793,4.529,1.949,1.766,-1.5099756505156545,0.0,-0.20102112688620444,0.004548408057179987,0.07000000000000002
scene-0655,17,15,vehicle.car,35.217065014819994,-14.474886625564112,0.7310026644683214,4.791,2.142,1.78,1.6316170030741388,0.0,-0.12533863534692247,0.0017085537918871251,0.031000000000000007
scene-0655,17,17,vehicle.car,-36.649469979701735,0.1181092296245487,1.0314104733437792,4.617,2.026,1.743,0.007946650373796913,7.805867798824094,-0.05764948141281756,0.001534526854219949,0.024000000000000007
scene-0655,17,18,vehicle.car,-17.178592224063948,7.740413908613992,1.1277162658547806,4.942,2.045,1.829,-3.1222343214381345,0.014018686885342855,0.03402280229573973,0.03820861678004535,0.6740000000000002
scene-0655,17,19,vehicle.truck,18.97090037887873,-27.375859164072864,0.6448912103060416,5.489,2.278,2.022,0.014664739628821822,0.43975016469755446,-0.007245943296306567,0.0024110671936758894,0.06100000000000001
scene-0655,17,20,vehicle.car,-38.003330560543574,-20.304950981858052,0.56688262079106,4.274,1.966,1.752,1.5587113452165333,0.0,0.8827545666898665,0.00025839793281653745,0.004000000000000001
scene-0655,17,21,vehicle.car,3.1195750096280808,-7.871598573593156,0.8084511589633563,4.232,2.008,1.54,1.6148048274480238,0.44829613727881557,-0.1571952342616656,0.18412698412698414,2.3200000000000007
scene-0655,17,22,vehicle.bus.bendy,56.78163146145027,-4.0434801103572,1.8448523326768482,9.48,2.764,3.374,-0.026041938625815615,0.025033369438274868,-0.330181698883971,0.0,0.0
scene-0655,17,23,vehicle.car,-46.52992338048017,-7.695903515794589,0.9465375714569998,4.086,2.107,1.485,1.5837291669297475,0.0,-0.0037250017195653573,0.0,0.0
scene-0655,17,24,vehicle.car,1.553943214794772,-20.349179984849627,0.42563369792817835,4.74,2.028,1.53,1.57630938008747,0.0,-0.07102681678651573,0.0574468085106383,0.8100000000000002
scene-0655,17,25,vehicle.car,-13.14404560939616,-8.156062871520206,0.7793406169843424,4.248,1.716,1.395,1.5959499605952572,0.09470425073205764,-0.09958845130917915,0.017306922769107645,0.17300000000000004
scene-0655,17,26,vehicle.car,-10.600118211192434,-20.52227321093095,0.4237393879091116,4.345,2.034,1.537,-1.5020322320972859,0.0,-0.07194398299807037,0.052093023255813956,0.6720000000000003
scene-0655,17,27,vehicle.car,-57.57103399256074,-8.332566544945264,1.3164073311200082,4.572,1.996,1.712,-1.521620211405667,0.019442404530649375,-0.14452470792436,0.0,0.0
scene-0655,17,28,vehicle.car,67.8482357243339,-13.552033331260121,0.8693859139921434,4.742,1.978,1.519,1.6061630250761156,0.0,-0.3099808224680193,0.0,0.0
scene-0655,17,29,vehicle.car,-35.15199763968389,-20.476227271638734,0.29042284617646474,4.272,1.83,1.651,-1.58288130837326,0.043323384037307344,1.0833871356465028,0.0003799969600243198,0.005000000000000001
scene-0655,17,30,vehicle.truck,-18.81709091236169,-20.6013891826455,0.5078779121487021,4.74,1.987,1.82,1.577723504681257,0.0,-0.03795956812785861,0.0005319148936170213,0.009000000000000003
scene-0655,17,31,vehicle.car,0.21904790726011064,-7.627270931160796,0.863410521881931,4.496,1.956,1.766,1.6404682401020876,0.0,-0.09512942846333283,0.2352469135802469,3.8110000000000004
scene-0655,17,32,vehicle.car,19.11484930935484,-20.46081005562653,0.22980503468677882,4.156,2.03,1.545,3.0870056346443393,0.0,0.13532725901439302,0.005079365079365079,0.06400000000000002
scene-0655,17,33,vehicle.car,-51.921541661699685,-8.603331813339894,1.247157255496949,4.946,2.014,1.692,-1.556466823156794,0.0,-0.12947254928585894,0.0,0.0
scene-0655,17,34,vehicle.car,-60.08650705418405,-8.149569641381706,0.952465839210105,4.793,2.107,1.744,1.6478529833791535,0.0,0.25369961470072266,0.0,0.0
scene-0655,17,36,vehicle.truck,18.593619077675502,-24.02459266532156,0.542257521344013,4.74,2.292,1.774,-0.054587018945453765,0.09321023083585944,-0.05718561835367175,0.00395724123753726,0.07700000000000003
scene-0655,17,37,vehicle.car,15.807327168123653,7.980106632911988,0.8048165135994989,4.746,1.802,1.518,3.1335570262134103,0.06509446265900633,-0.08631581336413208,0.07234042553191489,0.9180000000000001
scene-0655,17,38,vehicle.car,57.6365342946303,-13.344356972597152,0.9575813823625743,4.661,2.107,1.626,1.627374685860069,0.0,-0.38398717829439044,0.0,0.0
scene-0655,17,39,vehicle.truck,-44.09717129184122,7.607838122163154,1.5555557599056664,7.42,2.592,2.558,3.120139578376263,0.1428543654067825,0.12527521133533082,0.0038981288981288983,0.19500000000000006
scene-0655,17,40,vehicle.car,-51.63022729015904,3.2412362331551616,1.0585605193626684,4.703,1.918,1.541,-3.1292834324688674,12.295123886925188,-0.02804830994723262,0.0003732736095558044,0.005000000000000001
scene-0655,17,42,vehicle.car,70.58489329917066,-13.474538973647961,0.9876269501319556,4.558,2.027,1.654,1.6061630250761156,0.020127036419707887,-0.34942791091114567,0.0,0.0
scene-0655,17,43,vehicle.car,-10.703564065581752,-8.499693550031289,0.9179400076285356,5.069,2.185,1.875,1.5959499605952572,0.0,-0.028038071574305823,0.0755699408950183,1.6110000000000004
scene-0655,17,45,vehicle.car,-24.42818709834709,-8.184667652972266,0.9889631916692362,4.758,1.94,1.818,-1.4895497531588813,0.04106693546292186,-0.05026081136966798,0.00371588693957115,0.06100000000000001
scene-0655,17,46,vehicle.car,-2.2324906061630756,8.42430796539679,0.9706291993111067,4.641,1.983,1.567,3.1280607342909703,0.07621992997122075,-0.08686362187561325,0.1403532608695652,2.0660000000000003
scene-0655,17,48,vehicle.car,-55.693306482769444,7.413559175151316,1.0454936808758555,4.81,1.891,1.873,-3.110700972185619,0.04823066971464639,0.3693367524928274,0.0,0.0
scene-0655,17,49,vehicle.construction,62.830107843571696,12.053321025617112,1.7663434553854973,7.556,2.525,2.252,1.5953214649960918,0.019025360773111667,-0.4485601613038095,0.0,0.0
scene-0655,17,50,vehicle.car,-21.664810948031533,-8.231312253214234,1.0572678996773668,4.369,1.965,1.548,1.6080485117473482,0.0,-0.272734894678206,0.016893939393939395,0.22300000000000006
scene-0655,17,51,vehicle.car,-15.99838368419887,-20.359584345743922,0.37243426056617546,4.333,2.007,1.493,-1.6162444183762061,0.0,-0.05219157286399645,0.027364341085271318,0.3530000000000001
scene-0655,17,52,vehicle.car,-26.873053523838724,-20.667509966545644,0.39199674707978027,4.404,1.963,1.509,-1.5638691489085363,0.0,0.5853192880717013,0.0,0.0
scene-0655,17,53,vehicle.car,43.00365567926111,-13.52230971226332,0.8503887971750941,4.558,2.15,1.752,1.6316170030741388,0.0,-0.25780417431513925,0.0,0.0
scene-0655,17,54,vehicle.car,62.8000350889722,-13.813690582966926,1.0223232467842542,4.73,2.115,1.681,1.6061630250761156,0.022029864742911704,-0.4033099344444715,0.0,0.0
scene-0655,17,55,vehicle.car,37.59812074048478,-14.134658756641162,0.5479872867346489,4.84,2.027,1.676,1.6316170030741388,0.0,0.002699400973252053,0.0,0.0
scene-0655,18,0,vehicle.car,-48.096335246512645,-8.519235545251352,1.4726594723303474,4.893,2.065,1.938,-1.5613761908920207,0.0,-0.16686604963137286,0.0009718172983479105,0.019000000000000003
scene-0655,18,1,vehicle.car,-33.02286913255334,7.999457138326681,1.1191777375409735,4.959,1.943,1.499,-3.114403313122679,0.042080077876432385,0.17023853939078926,0.004982456140350877,0.07100000000000002
scene-0655,18,2,vehicle.car,-27.48404477144962,8.008080599196687,1.2578259714526976,4.791,1.872,1.698,-3.1318525390541025,0.026020087490821058,0.07374145808984389,0.003353973168214654,0.052000000000000005
scene-0655,18,3,vehicle.car,30.066246559797516,6.404327875574498,0.8358320259246075,4.782,1.924,1.481,-3.130892830435811,0.06505791652249948,-0.26643577162353627,0.01652046783625731,0.22600000000000006
scene-0655,18,4,vehicle.car,-14.104178068939182,7.624155312579027,1.4366174627016877,5.765,2.078,2.301,-3.114054328635405,0.06308043609350225,-0.03234186608303524,0.05711429999286071,1.6000000000000003
scene-0655,18,5,vehicle.car,-40.41931394045658,7.917257238989001,1.1418576888126855,4.73,1.869,1.456,3.1141309295423123,0.05104921293903089,0.2126188374476905,0.01015304217991788,0.13600000000000004
scene-0655,18,6,vehicle.car,-0.5286026287339429,8.275882653250441,0.9832390989438916,4.995,1.966,1.748,-3.123581602950607,0.014153061778340708,-0.050360677160444345,0.16223529411764706,2.7580000000000005
scene-0655,18,7,vehicle.construction,65.34433189806238,6.402617584164599,1.0791547355042925,7.094,2.641,2.073,3.1140960310412864,0.28761027409435885,-0.3848808831559649,0.0,0.0
scene-0655,18,8,vehicle.car,-25.827736057221987,-20.540392148065923,0.7611054846840807,4.742,2.067,1.88,-1.546293035256899,0.0,0.21544281689348732,0.002399616061430171,0.045000000000000005
scene-0655,18,9,vehicle.truck,5.3828046709636865,8.270696831740432,1.0017821390098143,5.703,2.025,1.827,-3.1123254747641576,0.039247642256968696,-0.13542586655078415,0.14751461988304093,3.0270000000000006
scene-0655,18,10,vehicle.car,35.83614446350274,-13.309990769478716,0.5225325811074983,4.794,2.338,1.693,1.631733183010827,0.0,-0.08328551866281142,5.328218243819267e-05,0.0010000000000000002
scene-0655,18,11,vehicle.truck,-72.52881375639373,-8.541818822300304,1.7042665961399008,5.375,1.941,1.715,-1.5230572609320159,0.02210778923355894,-0.23098898440741789,0.0,0.0
scene-0655,18,12,vehicle.car,4.941445464653159,-13.944274321498238,0.5133594616325945,4.471,1.95,1.582,1.5654300981223328,0.009006953362237922,0.014601634892597803,0.058402777777777776,0.8410000000000002
scene-0655,18,13,vehicle.car,-9.233620490054331,-19.849202666074753,0.6743607818456729,4.364,2.135,1.861,-1.488962957904463,0.0,0.1274658435014645,0.013898382319434952,0.24400000000000008
scene-0655,18,14,vehicle.car,28.262945929783434,-14.573861903683193,0.6100524359769756,4.529,1.949,1.766,-1.509859470578966,0.0,-0.11345236073207199,0.003703703703703704,0.057000000000000016
scene-0655,18,15,vehicle.car,30.996554731182684,-14.44179936816718,0.5501825134326126,4.791,2.142,1.78,1.631733183010827,0.0,-0.06244210167418973,0.0018187830687830687,0.03300000000000001
scene-0655,18,17,vehicle.car,-36.94187771462156,0.16255164043081818,1.2949928413418812,4.617,2.026,1.743,0.0052096514561409115,7.957003446799952,-0.19167821846285282,0.0007672634271099745,0.012000000000000004
scene-0655,18,18,vehicle.car,-21.39455605504035,7.760466631909393,1.2417481629311755,4.942,2.045,1.829,-3.1219588252158452,0.013010043745353642,0.06970375090244263,0.003798185941043084,0.06700000000000002
scene-0655,18,19,vehicle.truck,14.973078437668603,-27.34616835271141,0.7177372266641799,5.489,2.278,2.022,0.014939986390567673,0.43950327473290585,0.047624790252094984,0.0,0.0
scene-0655,18,20,vehicle.car,43.70783357173771,-14.551737124226518,0.40421701254099934,4.757,1.986,1.546,1.631733183010827,0.09236456797373047,-0.08309862984866229,0.0005555555555555556,0.008000000000000002
scene-0655,18,21,vehicle.car,-1.1214971002782392,-7.406509553385594,0.781417834323648,4.232,2.008,1.54,1.6149217121176893,0.44804444932853826,-0.04229171411395405,0.25912698412698415,3.265000000000001
scene-0655,18,22,vehicle.bus.bendy,52.56519992267712,-3.989592536575012,1.492296069774981,9.48,2.764,3.374,-0.025769142884773926,0.025019314895042128,-0.1660223666766838,0.0010725342768686421,0.09700000000000003
scene-0655,18,23,vehicle.car,-50.74901125334852,-7.684959506194367,1.3472063200672324,4.086,2.107,1.485,1.583847591335602,0.0,-0.2557066409786398,0.00023228803716608595,0.0030000000000000005
scene-0655,18,24,vehicle.car,-2.6660800377370455,-20.326981894844014,0.5402808962140159,4.74,2.028,1.53,1.5764282171235517,0.0,-0.02963906863070287,0.03411347517730497,0.48100000000000015
scene-0655,18,25,vehicle.car,-17.331807811504447,-8.047991573451785,0.9504547043759827,4.248,1.716,1.395,1.5960677430314867,0.1905834713874262,-0.20229875824046173,0.006502601040416166,0.06500000000000002
scene-0655,18,26,vehicle.car,-14.819939913623164,-20.502241700168113,0.5718897234546416,4.345,2.034,1.537,-1.5019163534810238,0.0,0.09127253755457465,0.001317829457364341,0.017000000000000005
scene-0655,18,27,vehicle.car,-61.78519916649674,-8.314099811357945,1.7747619563298995,4.572,1.996,1.712,-1.5215035530057182,0.019431488935985834,-0.4359730359273727,0.0,0.0
scene-0655,18,28,vehicle.car,63.62766945270614,-13.510019314491538,0.47113846024155914,4.742,1.978,1.519,1.6062803071933651,0.0,-0.22273362644791905,0.0,0.0
scene-0655,18,29,vehicle.truck,-23.036179362222995,-20.583047198544758,0.7003373575571532,4.74,1.987,1.82,1.5778422617481325,0.008006180766458992,0.16236658778157287,0.01660756501182033,0.2810000000000001
scene-0655,18,30,vehicle.car,-4.0017144089870325,-7.603370708733185,0.9112097452007183,4.496,1.956,1.766,1.6405840855805172,0.0,-0.0362120859943279,0.1641358024691358,2.6590000000000007
scene-0655,18,31,vehicle.car,14.893068609093152,-20.433351965449685,0.17221268703661563,4.156,2.03,1.545,3.0872764101633243,0.0,0.359703997471708,0.0037301587301587303,0.047000000000000014
scene-0655,18,32,vehicle.car,-56.138829195842035,-8.587242209738637,1.4229788062264852,4.946,2.014,1.692,-1.5563484744954252,0.0,-0.15250826236509607,0.0,0.0
scene-0655,18,33,vehicle.car,-64.30526621844653,-8.140789330957917,1.3806800726300892,4.793,2.107,1.744,1.6479685692168276,0.0,0.0002859560602489486,0.0,0.0
scene-0655,18,35,vehicle.truck,14.41050809272596,-24.02522974496117,0.4726446512057798,4.74,2.292,1.774,-0.05431624342646859,0.09315789959755583,0.16331569477772545,0.004830917874396135,0.09400000000000003
scene-0655,18,36,vehicle.car,11.581752378479141,8.040768367818366,0.662781813099427,4.746,1.802,1.518,3.1251065340152815,0.0,-0.014441874339623184,0.0628053585500394,0.7970000000000002
scene-0655,18,37,vehicle.car,53.41678900882853,-13.30555956262395,0.6629346299206552,4.661,2.107,1.626,1.6274910350604617,0.0,-0.316336445335084,0.0,0.0
scene-0655,18,38,vehicle.truck,-48.34850763194161,7.5591356406046,1.8188402023885377,7.42,2.592,2.558,3.1204126759355946,0.08917552108497148,0.17725934499763163,0.005457380457380458,0.2730000000000001
scene-0655,18,40,vehicle.car,66.36594144865863,-13.441845289181185,0.5879193596037315,4.558,2.027,1.654,1.6062803071933651,0.020040455613371654,-0.2833174738081383,0.0,0.0
scene-0655,18,41,vehicle.car,-14.92349638222061,-8.478380361034578,1.0351397154694757,5.069,2.185,1.875,1.5960677430314867,0.0,-0.08906823972522826,0.030819026175063328,0.6570000000000001
scene-0655,18,43,vehicle.car,-28.61453098420824,-8.178578277123279,1.2162646382689166,4.758,1.94,1.818,-1.4894343067628828,0.070573983919435,-0.15656269820925472,0.001705653021442495,0.028000000000000004
scene-0655,18,44,vehicle.car,-6.419898666781024,8.454198871024074,0.9964041500284673,4.641,1.983,1.567,3.124914260215361,0.07617713763742733,-0.04943957402253163,0.09103260869565218,1.3400000000000003
scene-0655,18,46,vehicle.car,-59.901605599657415,7.447259781544386,1.4124608961740879,4.81,1.891,1.873,-3.1146775579727635,0.05598962687875806,0.4188982985814663,0.0,0.0
scene-0655,18,47,vehicle.construction,58.61732837469985,12.096848287630092,1.306355731049428,7.556,2.525,2.252,1.5954392792998842,0.018041684546027847,-0.4173480753096439,0.0,0.0
scene-0655,18,48,vehicle.car,-25.883649218112602,-8.21261606087784,1.2528325050844578,4.369,1.965,1.548,1.6081657051190104,0.0,-0.3484659114851383,0.003409090909090909,0.045000000000000005
scene-0655,18,49,vehicle.car,-20.21838797100327,-20.341977489261755,0.5956374490826428,4.333,2.007,1.493,-1.6161222887511015,0.0,0.05737466234275701,0.013953488372093023,0.18000000000000005
scene-0655,18,50,vehicle.car,-31.092679932320074,-20.651932196095814,0.652667438999939,4.404,1.963,1.509,-1.5637503918416606,0.0,0.3801739735443115,0.0,0.0
scene-0655,18,51,vehicle.car,38.78349501806304,-13.486846544460796,0.6155742029101309,4.558,2.15,1.752,1.631733183010827,0.024101795728324448,-0.15932128728932704,0.0001725327812284334,0.003000000000000001
scene-0655,18,52,vehicle.car,58.580392519698805,-13.782146295699992,0.5928285076124741,4.73,2.115,1.681,1.6062803071933651,0.021040038938275718,-0.2453820332987381,0.0,0.0
scene-0655,18,53,vehicle.car,33.376258998979594,-14.101477663904403,0.35052096120796034,4.84,2.027,1.676,1.631733183010827,0.0,0.07744593198814559,0.0009191176470588235,0.015000000000000003
scene-0655,19,0,vehicle.car,-52.513622747819376,-8.382736575111581,1.4013117007491942,4.893,2.065,1.938,-1.563256852907072,0.0,0.020829809737408556,0.0,0.0
scene-0655,19,1,vehicle.car,-37.41387808634773,8.112746780260656,1.0688165413925181,4.959,1.943,1.499,-3.116319625078268,0.10610759134291906,0.1281808860710134,0.01943859649122807,0.2770000000000001
scene-0655,19,2,vehicle.car,-31.869539674766383,8.09148642541841,1.230233935674134,4.791,1.872,1.698,-3.1337690878101823,0.025743169881802332,-0.03821918876976094,0.007288441692466461,0.11300000000000003
scene-0655,19,3,vehicle.car,25.67835280264521,6.3911661202469565,0.8599877093599361,4.782,1.924,1.481,-3.132809366733134,0.0,-0.2242025351093333,0.03260233918128655,0.4460000000000001
scene-0655,19,4,vehicle.car,-18.491460651280313,7.703085032447374,1.4309003237311122,5.765,2.078,2.301,-3.1159706356340595,0.01527450532615365,-0.17227931605021918,0.05479403155565075,1.5350000000000004
scene-0655,19,5,vehicle.car,-44.77957417671276,8.038034223074026,1.0921433110029277,4.73,1.869,1.456,3.1122139492031122,0.05050725345351065,0.20846629240207104,0.02202314296379246,0.2950000000000001
scene-0655,19,6,vehicle.car,-4.907975268913659,8.325673716171792,0.987519902499489,4.995,1.966,1.748,-3.1254980421699217,0.016856707904760976,-0.05741099935965932,0.12047058823529412,2.0480000000000005
scene-0655,19,7,vehicle.construction,60.813969990558334,6.325429297442671,1.1889139845923602,7.094,2.641,2.073,3.112179050344625,0.14864861925223724,-0.3293740207509219,0.0,0.0
scene-0655,19,8,vehicle.car,-30.266943075150436,-20.44756553677801,0.7617574283086446,4.742,2.067,1.88,-1.5481739003646604,0.0,0.2030063160158011,0.006878899376099824,0.12900000000000003
scene-0655,19,9,vehicle.truck,1.042554807591306,8.326399652439289,0.9321910526388505,5.703,2.025,1.827,-3.114796887680283,0.09848902901587833,-0.028253425800166432,0.1571150097465887,3.2240000000000006
scene-0655,19,10,vehicle.car,31.410970566973802,-13.334353763663199,0.5685295175618597,4.794,2.338,1.693,1.6298517611254884,0.0,-0.05226225701040699,0.0009057971014492754,0.017000000000000005
scene-0655,19,11,vehicle.truck,-76.94729283722327,-8.347693412810052,1.6086663219793937,5.375,1.941,1.715,-1.524938470427918,0.02193504488353374,-0.040848829494347316,0.0,0.0
scene-0655,19,12,vehicle.car,0.5153032929225488,-13.900997258481206,0.5337611282089777,4.471,1.95,1.582,1.5635496193548326,0.018103151818208083,0.09160637054647736,0.09923611111111111,1.4290000000000003
scene-0655,19,13,vehicle.car,-13.67142934589877,-19.787317601820778,0.6590601712597297,4.364,2.135,1.861,-1.49084474049703,0.0,0.08601196931472554,0.0324105718842561,0.5690000000000002
scene-0655,19,14,vehicle.car,23.835225014951448,-14.583428028723375,0.6333508981221474,4.529,1.949,1.766,-1.511740892464305,0.0,-0.06392646393711932,0.0036387264457439896,0.056000000000000015
scene-0655,19,15,vehicle.car,26.569191389614147,-14.457395864073131,0.6139149600929129,4.791,2.142,1.78,1.6298517611254884,0.0,-0.04676423377455352,0.004519400352733686,0.08200000000000002
scene-0655,19,17,vehicle.car,-37.32034009504523,0.31895551080098056,1.2155724348893313,4.617,2.026,1.743,0.004231812230589226,8.04486598808248,-0.06309971569682638,0.0013427109974424552,0.021000000000000005
scene-0655,19,18,vehicle.car,-25.774344179478362,7.8452805820783365,1.2166856175017047,4.942,2.045,1.829,-3.123875242370225,0.013373149685297684,-0.0808108524632144,0.010657596371882086,0.18800000000000003
scene-0655,19,19,vehicle.truck,10.740863941190037,-27.330249752192206,0.8735550197944143,5.489,2.278,2.022,0.013023505928236125,0.440340891302139,-0.19857215159983432,0.0011462450592885376,0.029000000000000005
scene-0655,19,20,vehicle.car,39.28383062885029,-14.637817874145014,0.4881257938040336,4.757,1.986,1.546,1.6298517611254884,0.09361204779623485,-0.06638079344163733,0.000625,0.009000000000000003
scene-0655,19,21,vehicle.car,-5.535536856865398,-7.353080511084105,0.8173396021296565,4.232,2.008,1.54,1.61304055866837,0.01527450532615365,0.05807682989339191,0.17785714285714285,2.2410000000000005
scene-0655,19,22,vehicle.bus.bendy,48.156415431793135,-4.032886739943149,1.5850079904983467,9.48,2.764,3.374,-0.027686105779659596,0.025743169881910583,-0.17748144425849377,0.003516143299425033,0.3180000000000001
scene-0655,19,23,vehicle.car,-55.164459394138575,-7.544765161299878,1.33288667487636,4.086,2.107,1.485,1.5819668819134671,0.15821029032990605,-0.10410653161540406,0.0,0.0
scene-0655,19,24,vehicle.car,70.42357562669645,-14.293521214113897,0.6631722990816249,4.73,1.931,1.584,-1.6468938081874207,0.0,-0.24474894016438853,0.0,0.0
scene-0655,19,25,vehicle.car,-7.104607039820511,-20.277576618413125,0.527189412404052,4.74,2.028,1.53,1.5745476035580912,0.0,-0.04760291605090261,0.08326241134751773,1.1740000000000004
scene-0655,19,26,vehicle.car,-21.713178320626852,-7.8822747023607596,0.9806312978798976,4.248,1.716,1.395,1.59418686714739,0.1904832537751827,-0.17543382590361734,0.00030012004801920766,0.0030000000000000005
scene-0655,19,27,vehicle.car,-19.258802818882018,-20.43024899181395,0.5727647416920001,4.345,2.034,1.537,-1.5037979089744404,0.0,0.2379645046561425,0.0020930232558139536,0.02700000000000001
scene-0655,19,28,vehicle.car,-66.20039566359387,-8.142152097686084,1.7257855228670418,4.572,1.996,1.712,-1.5233847868784673,0.01943333144812344,-0.26706031506140826,0.0,0.0
scene-0655,19,29,vehicle.car,59.20211799283499,-13.58816829969418,0.5883268745568377,4.742,1.978,1.519,1.604399284066324,0.0,-0.19118598109751772,0.0,0.0
scene-0655,19,30,vehicle.truck,-27.467387768709983,-20.49515205626912,0.6786453994346666,4.74,1.987,1.82,1.5759616302184818,0.01619755689002126,0.24355065338482385,0.006973995271867612,0.11800000000000004
scene-0655,19,31,vehicle.car,-8.416451713110051,-7.552062282837922,0.9293255190038021,4.496,1.956,1.766,1.638702514542949,0.0,0.0861718661404316,0.06623456790123457,1.0730000000000002
scene-0655,19,32,vehicle.car,10.454900802155253,-20.418349490470952,0.21329078849749344,4.156,2.03,1.545,3.0853591813482795,0.0,0.27179272357030126,0.016587301587301588,0.20900000000000007
scene-0655,19,33,vehicle.car,-60.55611190900898,-8.436818439999694,1.407332002811585,4.946,2.014,1.692,-1.5582292024025295,0.0,-0.019290164642487118,0.0,0.0
scene-0655,19,34,vehicle.car,-68.72162415182231,-7.973309057699713,1.2822125998948102,4.793,2.107,1.744,1.646086869651819,0.0,0.21904597316045715,0.0,0.0
scene-0655,19,36,vehicle.truck,10.000537554704406,-24.039072531718936,0.49069428152177885,4.74,2.292,1.774,-0.05623347224151353,0.09271556535563984,0.08289871459867404,0.002723815397265906,0.05300000000000001
scene-0655,19,37,vehicle.car,7.196931626142613,8.029348853054348,0.7285128803624631,4.746,1.802,1.518,3.1231896705293765,0.11766180716921079,-0.02718093297619828,0.10520094562647754,1.3350000000000004
scene-0655,19,38,vehicle.car,48.99135937730921,-13.364818597050116,0.8010530031685621,4.661,2.107,1.626,1.625609682756133,0.0,-0.34379813990638564,0.0013297872340425532,0.021000000000000005
scene-0655,19,39,vehicle.truck,-52.766536812120314,7.695904757034988,1.7762575478603302,7.42,2.592,2.558,3.11849576139594,0.06193183516737153,0.18081389140587456,0.0028386374540220693,0.14200000000000004
scene-0655,19,41,vehicle.car,61.940187869561086,-13.535491885932254,0.7253872466515783,4.558,2.027,1.654,1.604399284066324,0.020031419554513638,-0.26169966988079585,0.0,0.0
scene-0655,19,42,vehicle.car,41.60493536598146,-14.65042530231618,0.5759714085084453,4.586,1.969,1.57,-1.526282669222346,0.0,-0.1456812423688426,0.0006793478260869565,0.010000000000000002
scene-0655,19,43,vehicle.car,-19.34008231420969,-8.405984435498201,1.0317435248269948,5.069,2.185,1.875,1.59418686714739,0.0,-0.020497856892577104,0.05535228445445164,1.1800000000000004
scene-0655,19,44,vehicle.car,-32.996943530979706,-8.091760765466033,1.2117162757554072,4.758,1.94,1.818,-1.4913160808928507,0.0340483476945641,-0.07801533311987097,0.0006700779727095516,0.011000000000000003
scene-0655,19,45,vehicle.car,-10.765930520626055,8.516291079973078,0.9688038785777292,4.641,1.983,1.567,3.1195732784540757,0.0764438140079195,-0.10721379199840642,0.08288043478260869,1.2200000000000002
scene-0655,19,47,vehicle.car,-64.27481246802039,7.6308792703564015,1.3223058831402554,4.81,1.891,1.873,-3.1208515740458473,0.05498227546573121,0.44727172639877655,0.0,0.0
scene-0655,19,48,vehicle.construction,54.248486833046464,12.030124208471383,1.3770120454835433,7.556,2.525,2.252,1.593558412235876,0.01812820809569091,-0.25512737740154456,0.0,0.0
scene-0655,19,49,vehicle.car,-30.30003671552713,-8.119856791172342,1.268083306062028,4.369,1.965,1.548,1.6062846540046318,0.0,-0.2992926894305201,0.0008333333333333334,0.011000000000000003
scene-0655,19,50,vehicle.car,-24.656966154153228,-20.25960866387154,0.5864572292056365,4.333,2.007,1.493,-1.6180023520163223,0.0,0.17500565632316645,0.0,0.0
scene-0655,19,51,vehicle.car,-35.531909322821775,-20.54882270969793,0.6316713190848144,4.404,1.963,1.509,-1.5656310233713115,0.0,0.20860229794437557,0.0,0.0
scene-0655,19,52,vehicle.car,34.333794711383845,-13.518525198341544,0.6695488399806915,4.558,2.15,1.752,1.6298517611254884,0.047792077661277896,-0.13118525117072444,0.0001725327812284334,0.003000000000000001
scene-0655,19,53,vehicle.car,54.154971801723995,-13.859194657551805,0.6366387664587224,4.73,2.115,1.681,1.604399284066324,0.02098318752478708,-0.15772766177961473,0.0,0.0
scene-0655,19,54,vehicle.car,28.94987087385335,-14.121767719027465,0.4179686879270474,4.84,2.027,1.676,1.6298517611254884,0.0,0.09206986721821625,0.000428921568627451,0.007000000000000002
scene-0655,20,0,vehicle.car,-57.26044556596125,-7.593618208126604,0.8307984240691941,4.893,2.065,1.938,-1.5767269040540628,0.0,0.023350354488583247,0.0,0.0
scene-0655,20,1,vehicle.car,-42.03861340733882,8.699767687869507,0.7137523695298477,4.959,1.943,1.499,-3.1300403089701074,0.08107654428020153,0.136411024206038,0.0017543859649122807,0.02500000000000001
scene-0655,20,2,vehicle.car,-36.39122387997128,8.58290088356881,0.8985649130242277,4.791,1.872,1.698,3.1356957478685024,0.025742895031790045,0.03676703561373462,0.003353973168214654,0.052000000000000005
scene-0655,20,3,vehicle.car,21.12860145118255,6.109447538578012,1.0757185856123297,4.782,1.924,1.481,3.136655453298252,0.0019055745829764364,-0.24611047613814752,0.020687134502923976,0.2830000000000001
scene-0655,20,4,vehicle.car,-23.02294267819652,8.032420238127862,1.2370907898293124,5.765,2.078,2.301,-3.1296913222163183,0.015244596663269895,-0.07653569859725096,0.03626758049546655,1.0160000000000002
scene-0655,20,5,vehicle.car,-49.27129458161918,8.719226744047791,0.6272054091959683,4.73,1.869,1.456,3.0984944390377382,0.05050671420682164,0.2077212704152377,0.0002986188876446435,0.004000000000000001
scene-0655,20,6,vehicle.car,-9.420824433067155,8.470840820064575,0.8904892334903229,4.995,1.966,1.748,-3.130080697933077,0.01891228773484703,-0.04756649550447356,0.08711764705882354,1.4810000000000003
scene-0655,20,7,vehicle.construction,56.24073229351912,5.561207456293304,1.763842500910887,7.094,2.641,2.073,3.0984595414049667,0.025742895031573558,-0.39436034821046273,0.0,0.0
scene-0655,20,8,vehicle.car,-35.17531088596186,-19.96009260342686,0.3654585518524034,4.742,2.067,1.88,-1.5616437577734896,0.0,0.2760387347057478,0.0,0.0
scene-0655,20,9,vehicle.truck,-3.427714205824833,8.401776579959474,0.9449863422338489,5.703,2.025,1.827,-3.1291279316365683,0.09428262339412379,-0.08933742953581847,0.15155945419103314,3.1100000000000008
scene-0655,20,10,vehicle.car,26.593412308995767,-13.691906188742859,0.7820830056172376,4.794,2.338,1.693,1.6163819008731235,0.2512361158165786,-0.11058611697969489,0.003942881500426257,0.07400000000000001
scene-0655,20,11,vehicle.truck,-81.69152067975945,-7.211202899045726,0.7516446791793154,5.375,1.941,1.715,-1.538408252699615,0.021934810691220063,0.014744703898306066,0.0,0.0
scene-0655,20,12,vehicle.car,-4.305055497664191,-13.82511840192924,0.44944550464283406,4.471,1.95,1.582,1.5500792676885902,0.01905574582911445,0.03587356474269454,0.042291666666666665,0.6090000000000001
scene-0655,20,13,vehicle.car,-18.571838112851303,-19.526580063914704,0.40798796123793335,4.364,2.135,1.861,-1.5043149028387668,0.0,0.16447370272347717,0.029106858054226477,0.5110000000000001
scene-0655,20,14,vehicle.car,19.001160665002132,-14.836774334067693,0.7499441802462901,4.529,1.949,1.766,-1.5252107527166698,0.0,-0.16593165826409706,0.013190383365821963,0.20300000000000007
scene-0655,20,15,vehicle.car,62.113397089042024,-14.696580650771304,1.1423932200388136,4.546,2.071,1.726,1.5254989120645515,0.0438707042746363,-0.37814439246217635,0.0,0.0
scene-0655,20,16,vehicle.car,21.736234950064006,-14.749165251705211,0.7994144125147234,4.791,2.142,1.78,1.6163819008731235,0.0,-0.18159839703277458,0.010141093474426807,0.18400000000000005
scene-0655,20,18,vehicle.car,-37.526616232314,0.885883882970833,0.8054386613678264,4.617,2.026,1.743,-0.008456462355408126,8.043764268405674,-0.014166796357564793,0.0,0.0
scene-0655,20,19,vehicle.car,22.6329719053655,-27.120224908200097,0.5733794407970434,4.589,2.2,1.901,1.548857239702123,0.0,-0.048334027541351854,0.006656958602038693,0.12800000000000003
scene-0655,20,20,vehicle.car,-30.29268524755825,8.268097533856789,0.9412662007812186,4.942,2.045,1.829,-3.137595853035555,0.014323533737891525,0.02680055680836002,0.017857142857142856,0.31500000000000006
scene-0655,20,21,vehicle.truck,5.9721487289367,-27.407863618370147,0.9759003175054546,5.489,2.278,2.022,-0.000697044829667935,0.17633001468709786,-0.37185928495273557,0.00015810276679841898,0.004000000000000001
scene-0655,20,22,vehicle.car,34.44942036151484,-15.15568955387191,0.8044825307794451,4.757,1.986,1.546,1.6163819008731235,0.02728367590091406,-0.17069072837313404,0.005625,0.08100000000000002
scene-0655,20,23,vehicle.car,-10.269733514081256,-7.198439896291496,0.7233928415351318,4.232,2.008,1.54,1.5995707825049599,0.015274342246126359,-0.0529998323493408,0.10119047619047619,1.2750000000000004
scene-0655,20,24,vehicle.bus.bendy,43.45415328502781,-4.6108190957840245,2.0287766124222717,9.48,2.764,3.374,-0.041405674665711836,0.025742895031681805,-0.38381166683773604,0.0017580716497125166,0.15900000000000006
scene-0655,20,25,vehicle.car,-59.89715638106691,-6.550759284916715,0.6413720695509971,4.086,2.107,1.485,1.568496887827994,0.30210618655733956,0.0020893593296944513,0.0,0.0
scene-0655,20,26,vehicle.car,65.58665059813654,-15.185261574234767,1.2277279527459242,4.73,1.931,1.584,-1.6603669909625065,0.0,-0.5328475225243665,0.0,0.0
scene-0655,20,27,vehicle.car,-12.011331197530868,-20.106518380660503,0.34409302559356547,4.74,2.028,1.53,1.5610774858422898,0.0,0.04884700331230307,0.031063829787234043,0.4380000000000001
scene-0655,20,28,vehicle.car,-26.415725892533466,-7.4176807888565115,0.7407579211929678,4.248,1.716,1.395,1.580717016552425,0.18926202827539299,-0.18395714387687434,0.0,0.0
scene-0655,20,30,vehicle.car,-24.166392287626127,-20.092791688259858,0.27238198067026687,4.345,2.034,1.537,-1.517267858276668,0.0,0.15807096193952008,0.016201550387596898,0.20900000000000005
scene-0655,20,31,vehicle.car,-70.94303056604863,-7.156328453579603,1.014481264718102,4.572,1.996,1.712,-1.5368545737912083,0.019433123965833,-0.25538415671162473,0.0,0.0
scene-0655,20,32,vehicle.car,54.376894695667396,-14.32672496587355,1.077021286795668,4.742,1.978,1.519,1.5909294959329412,0.0,-0.42458033342175916,0.0,0.0
scene-0655,20,34,vehicle.truck,-32.36664505057826,-20.045364150424163,0.28150625336459845,4.74,1.987,1.82,1.5624915381914037,0.016197383954812274,0.3203107024402264,0.00011820330969267139,0.0020000000000000005
scene-0655,20,35,vehicle.car,-13.153199962170003,-7.365921516820385,0.7915114845869314,4.496,1.956,1.766,1.6252325530495624,0.02959781235094079,-0.028753946149088105,0.04419753086419753,0.7160000000000002
scene-0655,20,36,vehicle.car,5.545882053684908,-20.489677534441427,0.3139282412785805,4.156,2.03,1.545,3.0716407928478757,0.04482152850085656,0.10705542251879802,0.018412698412698412,0.23200000000000004
scene-0655,20,37,vehicle.car,-65.30280250237156,-7.537965464152154,0.7777354477111654,4.946,2.014,1.692,-1.571699176300251,0.0,-0.03748182124536803,0.0,0.0
scene-0655,20,38,vehicle.car,-73.45866893012419,-6.960296450280749,0.4939180362104465,4.793,2.107,1.744,1.6326167936477385,0.0,0.28504271937617764,0.0,0.0
scene-0655,20,40,vehicle.truck,5.078571330014325,-24.13459940601332,0.44584199218733933,4.74,2.292,1.774,-0.06995186074191725,0.0917845065284667,0.053930979204338536,0.01341350601295097,0.26100000000000007
scene-0655,20,41,vehicle.car,2.7923591543718076,7.99650605278297,0.7857123846160985,4.746,1.802,1.518,3.10946980493469,0.21723759188793124,-0.07577160799976357,0.13333333333333333,1.6920000000000004
scene-0655,20,42,vehicle.car,44.16910400347823,-13.96250310403248,1.1239320511530362,4.661,2.107,1.626,1.6121398571000314,0.0,-0.43022067448601353,0.0005065856129685917,0.008000000000000002
scene-0655,20,43,vehicle.truck,-57.33109453814783,8.486833552333424,1.2482932171453758,7.42,2.592,2.558,3.1047760404668527,0.06193850264411594,0.1322165923486427,0.0,0.0
scene-0655,20,45,vehicle.car,57.113953211523196,-14.324417389805586,1.2995282661787781,4.558,2.027,1.654,1.5909294959329412,0.1239942021026921,-0.5757480733267579,0.0,0.0
scene-0655,20,46,vehicle.car,36.767759676735594,-15.14775928403163,0.8927374474806474,4.586,1.969,1.57,-1.539752448456304,0.0,-0.24423545167872174,0.0011548913043478261,0.017000000000000005
scene-0655,20,47,vehicle.car,-24.087907113089045,-8.07004662879857,0.7712790768502822,5.069,2.185,1.875,1.580717016552425,0.0,0.006722648823393351,0.025236889013978796,0.5380000000000001
scene-0655,20,48,vehicle.car,-37.740696740756306,-7.569878612925139,0.8457393921900508,4.758,1.94,1.818,-1.5047862340096383,0.2108998489823582,-0.07523403277881113,0.00651803118908382,0.10700000000000003
scene-0655,20,49,vehicle.car,-15.241232585469621,8.74067424838381,0.8225859168660226,4.641,1.983,1.567,3.102088908864601,0.026695052797634677,-0.032242085475880145,0.03186141304347826,0.46900000000000014
scene-0655,20,51,vehicle.car,-68.7847783174872,8.606508639761497,0.6432091268330149,4.81,1.891,1.873,-3.139253406985996,0.0549816884407025,0.4101619917125173,0.0,0.0
scene-0655,20,52,vehicle.construction,49.77622779196304,11.35395955324575,1.9115946332560105,7.556,2.525,2.252,1.5800885560879618,0.01810295853768039,-0.21453850570779287,0.002242562929061785,0.09800000000000003
scene-0655,20,53,vehicle.car,-35.04464721584447,-7.633946184484971,0.880167658160024,4.369,1.965,1.548,1.592814871679472,0.0,-0.24806077677994276,0.001590909090909091,0.021000000000000005
scene-0655,20,54,vehicle.car,-29.561550983135007,-19.84812045844187,0.22929323996880524,4.333,2.007,1.493,-1.6314740612446228,0.0,0.19934889851233495,0.008992248062015503,0.11600000000000003
scene-0655,20,55,vehicle.car,-40.43936290166074,-19.98835298476473,0.1651394891989555,4.404,1.963,1.509,-1.5791011153983896,0.0,0.30785233328219985,0.0,0.0
scene-0655,20,56,vehicle.car,29.486159063032847,-13.917799215784518,0.9147086341406785,4.558,2.15,1.752,1.6163819008731235,0.047791567403289326,-0.1852709720160447,0.004025764895330112,0.07000000000000002
scene-0655,20,57,vehicle.car,49.326267597655374,-14.539894385931207,1.0415429105945537,4.73,2.115,1.681,1.5909294959329412,0.011433447497425342,-0.31670493401965594,0.0010131712259371835,0.017000000000000005
scene-0655,20,58,vehicle.car,24.123207426198405,-14.445646217670333,0.6293714939463627,4.84,2.027,1.676,1.6163819008731235,0.0,-0.0257984393942845,0.008946078431372548,0.14600000000000002
scene-0655,20,59,vehicle.car,25.980875431677873,-27.311416234284735,0.7045543444013883,4.352,2.066,1.904,1.5467099602365313,0.0760126134822548,-0.17463086770537395,0.007120072909546594,0.12500000000000003
scene-0655,21,0,vehicle.car,-60.99419000977192,-6.87719619102919,1.2642701729564068,4.893,2.065,1.938,-1.588699443217283,0.0,0.12156960546690254,0.0,0.0
scene-0655,21,1,vehicle.car,-45.562798726874625,9.235504574996465,1.0553632591486035,4.959,1.943,1.499,3.141357654370891,0.03903809701255028,0.10766786544322393,0.0005614035087719298,0.008000000000000002
scene-0655,21,2,vehicle.car,-39.9364461534937,9.038791192777325,1.1967477182200466,4.791,1.872,1.698,3.1239094747894716,0.012995621964050755,0.014310504073807184,0.0012254901960784314,0.019000000000000003
scene-0655,21,3,vehicle.car,17.550577165062336,5.903742436388661,0.8831727401567511,4.782,1.924,1.481,3.121964024467198,0.004998316140002037,-0.20823632949123894,0.09210526315789473,1.2600000000000002
scene-0655,21,4,vehicle.car,-26.572526492722723,8.351679583811814,1.4304097332760222,5.765,2.078,2.301,-3.1414786886181725,0.016025820676109692,-0.07538652751888097,0.027914614121510674,0.7820000000000003
scene-0655,21,5,vehicle.car,-52.79024866361007,9.339000154711325,1.0261557779056611,4.73,1.869,1.456,3.086710068717643,0.050982824627998045,0.1688700385349211,0.0,0.0
scene-0655,21,6,vehicle.car,-12.96321403833128,8.629822668722845,0.934034932281923,4.995,1.966,1.748,-3.133557201030447,0.01403094202726246,-0.023116612520169944,0.06370588235294118,1.0830000000000004
scene-0655,21,7,vehicle.construction,52.64510077071421,4.941267095541705,1.287474744362127,7.094,2.641,2.073,3.086675172624375,0.026010461116624677,-0.40671567599226166,0.0008770572150853841,0.03400000000000001
scene-0655,21,8,vehicle.car,-39.060700921580384,-19.503436148593412,0.6488337812839476,4.742,2.067,1.88,-1.5736153786217004,0.0,0.719151171642688,0.011678131498960166,0.21900000000000003
scene-0655,21,9,vehicle.truck,-6.931575627769388,8.481376002796157,1.0317420027079203,5.703,2.025,1.827,3.1403940915311273,0.005997979368093364,-0.13517034022232077,0.09741715399610136,1.9990000000000003
scene-0655,21,10,vehicle.car,22.787466372358708,-14.228878115581063,0.6534095122242486,4.794,2.338,1.693,1.6044128425794524,0.21046413041054013,-0.07778892988210073,0.003569906223358909,0.06700000000000002
scene-0655,21,11,vehicle.truck,-85.41955510007136,-6.19631299539624,1.392859750628923,5.375,1.941,1.715,-1.5503782949896185,0.021087918896587933,0.06794934427693022,0.0,0.0
scene-0655,21,12,vehicle.car,-8.120100149138322,-13.721990180425701,0.46809264728813543,4.471,1.95,1.582,1.5381059105390966,0.01899360133203047,0.07997458603591551,0.038125,0.5490000000000002
scene-0655,21,13,vehicle.car,-22.45336685425266,-19.26493630944718,0.5352027868137567,4.364,2.135,1.861,-1.516282275689817,0.0,-0.013388262401601514,0.03229665071770335,0.5670000000000002
scene-0655,21,14,vehicle.car,15.173802370149941,-15.018425246661488,0.5913628421044915,4.529,1.949,1.766,-1.537179811010341,0.0,-0.03302719642883234,0.01793372319688109,0.276
scene-0655,21,15,vehicle.car,16.02490260285027,-27.550830062062737,0.4189130325801075,4.496,2.103,1.895,-1.6295522470989356,0.0,0.2443170086853802,0.01492620439988861,0.26800000000000007
scene-0655,21,16,vehicle.car,58.306796523544755,-15.37804680360373,0.643263699459055,4.546,2.071,1.726,1.5135243772817892,0.043367414076258194,-0.0040309502353459425,0.0,0.0
scene-0655,21,17,vehicle.car,17.910035770527266,-14.962949367391182,0.6145620980956945,4.791,2.142,1.78,1.6044128425794524,0.0,-0.027981479475775672,0.0011022927689594356,0.020000000000000004
scene-0655,21,18,vehicle.car,37.65179853379086,-15.560119998132901,0.6316277594767611,4.797,1.986,1.429,1.6243676346052056,0.04016577487215717,-0.16053962828741475,0.00029761904761904765,0.004000000000000001
scene-0655,21,20,vehicle.car,-37.14287183957893,1.257144861504624,1.0784391064190708,4.617,2.026,1.743,-0.019303870142507562,8.043793502948391,-0.14034518374441485,0.00159846547314578,0.025000000000000005
scene-0655,21,21,vehicle.car,18.659127053198638,-27.343600829214374,0.37649145505166437,4.589,2.2,1.901,1.5368838186169966,0.03124647273401409,0.2981483247544727,0.005512793842313293,0.10600000000000002
scene-0655,21,22,vehicle.car,-33.8343703767298,8.665019140295012,1.1851430892902663,4.942,2.045,1.829,3.1338025877856066,0.006997642595843743,0.020945455555314685,0.0002834467120181406,0.005000000000000001
scene-0655,21,23,vehicle.truck,1.9427142427765578,-27.4338935998745,0.9085402940931847,5.489,2.278,2.022,-0.012483625188959988,0.11300174734925562,-0.20220657483964477,0.005731225296442688,0.14500000000000002
scene-0655,21,24,vehicle.car,30.603287193172296,-15.49218518536538,0.5010377813530354,4.757,1.986,1.546,1.6044128425794524,0.05914932222382106,0.01608153498645737,0.009027777777777777,0.13000000000000003
scene-0655,21,25,vehicle.car,-14.004117388923968,-7.0283627908407915,0.8211485795501239,4.232,2.008,1.54,1.5876004817713443,0.015994611647983787,0.002323440181874581,0.06825396825396825,0.8600000000000001
scene-0655,21,26,vehicle.bus.bendy,39.75534989237604,-5.068812464117071,1.679161486139719,9.48,2.764,3.374,-0.05319012020744648,0.03498821298001426,-0.1731542384533329,0.003394515701017249,0.30700000000000005
scene-0655,21,27,vehicle.car,61.754475527573675,-15.914137519653655,0.6301020376157417,4.73,1.931,1.584,-1.6723430653778713,0.0,-0.06117376179214851,0.0,0.0
scene-0655,21,28,vehicle.car,-15.900852260395835,-19.922145240896924,0.4219644641738751,4.74,2.028,1.53,1.5491047293220148,0.0,-0.045601172433457626,0.0015602836879432625,0.022000000000000006
scene-0655,21,29,vehicle.car,-30.115861738718905,-6.978195072300105,0.9862370614732179,4.248,1.716,1.395,1.5687454447231974,0.09454615890380615,-0.13558268830427256,0.0031012404961984793,0.031000000000000007
scene-0655,21,31,vehicle.car,-28.055117391605958,-19.765345948640647,0.45194949700472153,4.345,2.034,1.537,-1.5292362941970408,0.0,0.021549473027016708,0.000310077519379845,0.004000000000000002
scene-0655,21,32,vehicle.car,-74.66656600734842,-6.270007493969184,1.5999507756949414,4.572,1.996,1.712,-1.5488245035067976,0.020399463127823016,-0.2296820793868054,0.0,0.0
scene-0655,21,33,vehicle.car,50.55468239417546,-14.92436593659477,0.6020666589729117,4.742,1.978,1.519,1.5789585964589323,0.0,-0.07096507143896091,0.00028368794326241134,0.004000000000000001
scene-0655,21,35,vehicle.truck,-36.24590252957113,-19.62140736018147,0.515992501635705,4.74,1.987,1.82,1.5505188621781902,0.015994611648097436,0.6841362360523596,0.0,0.0
scene-0655,21,36,vehicle.car,-16.888461502682926,-7.202585461855546,0.9786906194268521,4.496,1.956,1.766,1.6132641896912217,0.06218033850887733,-0.019914213794356206,0.027654320987654323,0.4480000000000001
scene-0655,21,37,vehicle.car,1.6966759592638145,-20.516540005634162,0.27890356128898414,4.156,2.03,1.545,3.0598574697630823,0.0950521515488708,0.17459181362899984,0.0,0.0
scene-0655,21,38,vehicle.car,-69.03569967205624,-6.72844604613093,1.3428624485287806,4.946,2.014,1.692,-1.583671418735394,0.0,-0.017901994064821847,0.0,0.0
scene-0655,21,39,vehicle.car,-77.18595622371326,-6.052906383279129,1.053846348481138,4.793,2.107,1.744,1.6206490314262079,0.0,0.34863254622940276,0.0,0.0
scene-0655,21,41,vehicle.car,-0.655082136312341,8.000021208460268,0.7599424190681299,4.746,1.802,1.518,3.0976849275118292,0.03298888652394526,-0.037591236428531016,0.15311268715524035,1.9430000000000005
scene-0655,21,42,vehicle.car,40.352464431734674,-14.440802872903923,0.7646348301621136,4.661,2.107,1.626,1.6001704756764197,0.0,-0.18953717343527654,0.0013297872340425532,0.021000000000000005
scene-0655,21,43,vehicle.truck,-60.90312064895052,9.204001079022216,1.7288288164119334,7.42,2.592,2.558,3.092991385501526,0.06298671669965254,0.06277458572582284,0.0,0.0
scene-0655,21,45,vehicle.car,53.291500780471075,-14.81538486939096,0.8926492589773172,4.558,2.027,1.654,1.5789585964589323,0.15715074772345253,-0.2915680735172266,0.0,0.0
scene-0655,21,46,vehicle.car,32.93615593345954,-15.538100657309675,0.567627645650334,4.586,1.969,1.57,-1.5517225874360907,0.0,-0.033793154874271925,0.009171195652173914,0.13500000000000006
scene-0655,21,47,vehicle.car,-27.831101888896413,-7.744927477607706,0.9681305076936914,5.069,2.185,1.875,1.5687454447231974,0.0,0.11953844763238897,0.008302842668167746,0.17700000000000005
scene-0655,21,48,vehicle.car,-41.66648803018722,-7.195567340347508,1.1048775770152721,4.758,1.94,1.818,-1.516753646583142,0.0,0.06658107524264723,0.0,0.0
scene-0655,21,49,vehicle.bus.bendy,49.28547695952442,-5.61146515970684,1.6522702985079598,8.78,2.951,3.224,-0.018293865343432775,0.0,-0.21712343373611676,0.0010771780303030303,0.09100000000000003
scene-0655,21,50,vehicle.car,-18.800077854036157,8.953691544502131,0.9651917648266681,4.641,1.983,1.567,3.093791865173837,0.028168516043987242,-0.04978269242752875,0.022078804347826088,0.3250000000000001
scene-0655,21,52,vehicle.car,-72.31397689051134,9.481847283195446,1.185717114035231,4.81,1.891,1.873,3.1278876564057123,0.0313741401615276,0.353046515401262,0.0,0.0
scene-0655,21,53,vehicle.car,35.26670556110515,-14.873203650245607,0.717525621212616,4.432,2.012,1.71,1.6640849305984662,0.061980204265054274,-0.10825095490325931,0.0011363636363636363,0.017000000000000005
scene-0655,21,54,vehicle.construction,46.272575941404945,10.807601751256898,1.4979646657225287,7.556,2.525,2.252,1.5681169441362321,0.01802168513357377,-0.38891398407189026,0.005080091533180778,0.22200000000000006
scene-0655,21,55,vehicle.car,-38.780842023206645,-7.180503322365882,1.1905408582948178,4.369,1.965,1.548,1.5808441005150282,0.0,-0.18020778610930144,0.0006818181818181819,0.009000000000000003
scene-0655,21,56,vehicle.car,-33.44718695190882,-19.457081412715816,0.4499917566424463,4.333,2.007,1.493,-1.6434492161263397,0.0,0.3946403097862151,0.0,0.0
scene-0655,21,57,vehicle.car,-44.326083077518994,-19.46925832707077,0.47652119196302645,4.404,1.963,1.509,-1.5910737914116029,0.0,0.8261202279245162,0.0,0.0
scene-0655,21,58,vehicle.car,25.645885541119014,-14.223529224302238,0.6477310418582333,4.558,2.15,1.752,1.6044128425794524,0.04815015722767804,-0.03442674178842431,0.004773406947319991,0.08300000000000002
scene-0655,21,59,vehicle.car,45.50166746846053,-15.078873197322379,0.6418368347776241,4.73,2.115,1.681,1.5789585964589323,0.0,-0.034735510696203176,0.0014899576852017403,0.025000000000000005
scene-0655,21,60,vehicle.car,20.29902344119159,-14.687489046832534,0.4260534213418281,4.84,2.027,1.676,1.6044128425794524,0.0,0.12712745252902147,0.005208333333333333,0.08500000000000002
scene-0655,21,61,vehicle.car,22.00695076046967,-27.536329103977813,0.4824312357820276,4.352,2.066,1.904,1.5347364281680325,0.07497474210003055,0.20955890918600517,0.0006265664160401002,0.011000000000000003
scene-0655,22,0,vehicle.car,-64.32282731518491,-6.189640893452789,0.6268403664730693,4.893,2.065,1.938,-1.5988693539481096,0.0,0.21338138450158584,0.0,0.0
scene-0655,22,1,vehicle.car,-48.70428147363047,9.760687079146784,0.5321706153995183,4.959,1.943,1.499,3.1309880006138195,0.03903856223175739,0.2955338226908062,0.000912280701754386,0.013000000000000003
scene-0655,22,2,vehicle.car,-43.100770255745815,9.506502629911893,0.7114728652712474,4.791,1.872,1.698,3.113536927886866,0.0,0.20787095696958202,0.0029669762641898866,0.04600000000000001
scene-0655,22,3,vehicle.car,14.351106987386265,5.777075630784639,0.9758088224722206,4.782,1.924,1.481,3.108682672753262,0.0059980508462377366,-0.08518625446093664,0.09576023391812866,1.3100000000000003
scene-0655,22,4,vehicle.car,-29.748657261806954,8.689312008870397,1.1033135037553619,5.765,2.078,2.301,3.1313370239019536,0.01602601165660407,0.05289132385131623,0.011779824373527523,0.33000000000000007
scene-0655,22,5,vehicle.car,-55.92264900426304,9.937735067614618,0.42888846549075166,4.73,1.869,1.456,3.0763317698389208,0.027504694934170484,0.3769641412826248,0.0,0.0
scene-0655,22,6,vehicle.car,-16.139031948710443,8.823239271035584,0.7556163286515716,4.995,1.966,1.748,3.139259865839994,0.019098766752855965,0.02321034223351448,0.03211764705882353,0.5460000000000002
scene-0655,22,7,vehicle.construction,49.414764385196435,4.4498379809078195,1.7326886740539411,7.094,2.641,2.073,3.076296868623251,0.025991553667219607,-0.3002827025268415,0.0008512614146416964,0.033000000000000015
scene-0655,22,8,vehicle.car,-42.51734251535905,-19.045806471596467,0.311919309825909,4.742,2.067,1.88,-1.5837877822599302,0.0,0.35475411441801796,0.0,0.0
scene-0655,22,9,vehicle.truck,-10.155226651699984,8.606942994790984,0.8597128624565938,5.703,2.025,1.827,3.1242032884908335,0.10504202792091492,-0.07792067977264916,0.11569200779727096,2.3740000000000006
scene-0655,22,10,vehicle.car,19.378433026966505,-14.359478403316873,0.8807639727161324,4.794,2.338,1.693,1.5942340509800272,0.10527011184730727,-0.09095150284628029,0.004688832054560955,0.08800000000000002
scene-0655,22,11,vehicle.truck,-88.74053489717595,-5.24502904737287,0.5197474132866997,5.375,1.941,1.715,-1.5605547141012086,0.020082887436078584,0.24515087764547883,0.0,0.0
scene-0655,22,12,vehicle.car,-11.517133271483772,-13.577085318595476,0.39727027158319606,4.471,1.95,1.582,1.5279383541963707,0.017994152538826858,0.2217124819320475,0.0425,0.6120000000000002
scene-0655,22,13,vehicle.car,-25.907769109229832,-18.97962131922313,0.3397902985350376,4.364,2.135,1.861,-1.526464954740698,0.0,0.2878982576592678,0.00848712690817954,0.14900000000000005
scene-0655,22,14,vehicle.car,11.759029792806285,-15.12382469177379,0.7680914091132949,4.529,1.949,1.766,-1.547358602609766,0.0,-0.15850888195265034,0.011500974658869395,0.17700000000000005
scene-0655,22,15,vehicle.car,12.481260543412473,-27.66488254088228,0.6486896997749186,4.496,2.103,1.895,-1.6397158753453243,0.0,-0.1205882459937907,0.014536340852130326,0.26100000000000007
scene-0655,22,16,vehicle.car,54.90271477086662,-15.921796459220142,1.2568874527267857,4.546,2.071,1.726,1.5033605331495985,0.04336793088797048,-0.06946437800449567,0.0,0.0
scene-0655,22,17,vehicle.car,14.495382148094485,-15.096559783325853,0.8139870785806144,4.791,2.142,1.78,1.5942340509800272,0.0,-0.15854183128809574,0.009149029982363315,0.16600000000000004
scene-0655,22,18,vehicle.car,34.227977376869404,-15.877970738368337,1.0102075073608976,4.797,1.986,1.429,1.6141851343101024,0.041181277393980406,-0.21344519995542577,0.0,0.0
scene-0655,22,20,vehicle.car,-36.365141522884194,1.5418402760459324,0.682608320292863,4.617,2.026,1.743,-0.028736865144929517,8.043889361288937,0.05481657451685995,0.0027493606138107416,0.04300000000000001
scene-0655,22,21,vehicle.car,15.115329028826507,-27.454027731960522,0.6329269682935355,4.589,2.2,1.901,1.5267164528237531,0.31499920735862547,-0.07932750292335722,0.00982941543582276,0.18900000000000006
scene-0655,22,22,vehicle.car,-37.00351621260614,9.068758699678526,0.793584892154584,4.942,2.045,1.829,3.123431666371796,0.0,0.16776300263320432,0.0010770975056689342,0.019000000000000003
scene-0655,22,23,vehicle.truck,-1.6592180646875165,-27.39902103672929,0.9934336547214138,5.489,2.278,2.022,-0.022855322684266086,0.1130030939974447,-0.31912419980350615,0.00391304347826087,0.09900000000000002
scene-0655,22,24,vehicle.car,27.16945756037855,-15.731847683819712,0.8113933903116914,4.757,1.986,1.546,1.5942340509800272,0.05829057657906566,-0.017547381057235856,0.007013888888888889,0.10100000000000003
scene-0655,22,25,vehicle.car,-17.33480898792481,-6.822974449622785,0.6938872433791328,4.232,2.008,1.54,1.577424700821029,0.01602601165660407,-0.05396284710265875,0.06753968253968254,0.8510000000000002
scene-0655,22,26,vehicle.car,52.31331999731997,-15.427382268036274,1.2985325519094757,4.453,1.93,1.457,1.5687843212704047,0.04200797232284976,-0.27197970452406917,0.0,0.0
scene-0655,22,27,vehicle.bus.bendy,36.431754559801405,-5.403521448627093,2.06288229314609,9.48,2.764,3.374,-0.0635681700234377,0.04298603106491213,-0.19467432336135349,0.009188412206988059,0.8310000000000003
scene-0655,22,28,vehicle.car,58.325107891483775,-16.50273924247868,1.280568891267883,4.73,1.931,1.584,-1.6825008834716366,0.0,-0.12897180436144984,0.0,0.0
scene-0655,22,29,vehicle.car,-33.44599721402297,-6.612280466889581,0.6642394968818411,4.248,1.716,1.395,1.558572911705543,0.0,-0.21293363600480408,0.0,0.0
scene-0655,22,31,vehicle.car,-31.513295103916757,-19.422189401390412,0.20136408882155032,4.345,2.034,1.537,-1.5394165448286607,0.0,0.26859287519441033,0.0033333333333333335,0.04300000000000002
scene-0655,22,32,vehicle.car,47.137591351044456,-15.39613733597047,1.0973889854124468,4.742,1.978,1.519,1.5687843212704047,0.0,-0.10059834970745263,0.00028368794326241134,0.004000000000000001
scene-0655,22,34,vehicle.truck,-39.69437384725016,-19.193375183386014,0.18137286530676688,4.74,1.987,1.82,1.5403493355092706,0.015986575908653773,0.4470681442147175,0.0001773049645390071,0.003000000000000001
scene-0655,22,35,vehicle.car,-20.221441463334443,-7.006086670494549,0.8408969929819358,4.496,1.956,1.766,1.6030837708442882,0.06218107951549251,-0.1549029056434882,0.006481481481481481,0.10500000000000001
scene-0655,22,36,vehicle.car,-1.723229139647288,-20.487766736295494,0.36135092515236067,4.156,2.03,1.545,3.049475385272978,0.09605208367613367,0.09744947176688978,0.0,0.0
scene-0655,22,37,vehicle.car,-72.36363648340642,-5.95848683309813,0.6907834710709548,4.946,2.014,1.692,-1.5938421503027862,0.0,0.040600753284265934,0.0,0.0
scene-0655,22,38,vehicle.car,-80.50215074948667,-5.198179734872815,0.2479960986254568,4.793,2.107,1.744,1.6104672331427048,0.0,0.522828466487134,0.0,0.0
scene-0655,22,40,vehicle.trailer,82.24036455081047,9.378594910805711,2.9796814139005363,1.787,2.166,3.314,-2.8745888030823847,0.22900634018284383,-0.494921373140496,0.0,0.0
scene-0655,22,41,vehicle.car,-3.9061599657417565,8.061581677258943,0.7015907963565922,4.746,1.802,1.518,3.0873082653815778,0.15195062143878033,-0.02394647986212728,0.1561859732072498,1.9820000000000004
scene-0655,22,42,vehicle.car,36.93960237995154,-14.806410499578783,1.171955760225293,4.661,2.107,1.626,1.5899924537648966,0.0,-0.23730864070319835,0.0,0.0
scene-0655,22,43,vehicle.truck,-64.10139790050489,9.892266836882735,1.0685673944974825,7.42,2.592,2.558,3.0826140171306027,0.06297953388566671,0.28089665031185884,0.0,0.0
scene-0655,22,45,vehicle.car,49.872929131016775,-15.29709423937155,1.3527861163131198,4.558,2.027,1.654,1.5687843212704047,0.03105435756957325,-0.25531370897211647,0.00038363171355498723,0.006000000000000002
scene-0655,22,46,vehicle.car,29.514699451720276,-15.827373267157393,0.8996222632771325,4.586,1.969,1.57,-1.5618987685837857,0.0,-0.07711956467684022,0.0015625,0.023000000000000007
scene-0655,22,47,vehicle.car,-31.169590738294414,-7.403220483456074,0.6954556378084982,5.069,2.185,1.875,1.558572911705543,0.0,-0.022048142786678104,0.0033305188103949714,0.07100000000000002
scene-0655,22,49,vehicle.car,-44.80612536575277,-6.597006379397673,0.5897003894811266,4.758,1.94,1.818,-1.5269362362168941,0.17064018355630783,0.12820819225257707,0.00030458089668615983,0.005000000000000001
scene-0655,22,50,vehicle.bus.bendy,45.95440664005424,-6.067142131827551,2.1348958146707604,8.78,2.951,3.224,-0.02866651129141716,0.0,-0.23895901609822,0.0006747159090909091,0.057000000000000016
scene-0655,22,51,vehicle.car,-21.97785309311309,9.195068025190224,0.7256159742872317,4.641,1.983,1.567,3.086906139864675,0.027721840633104122,0.03379263295725987,0.016983695652173912,0.25000000000000006
scene-0655,22,53,vehicle.car,-75.45634476081725,10.247284977927661,0.3948011746471761,4.81,1.891,1.873,3.1175157584052684,0.07928375582772391,0.615934190147555,0.0,0.0
scene-0655,22,54,vehicle.car,31.85085693866045,-15.155219244214463,1.0773022161545422,4.432,2.012,1.71,1.6538946342263925,0.06305089881959122,-0.1588502703728345,0.0009358288770053476,0.014000000000000004
scene-0655,22,55,vehicle.construction,43.12379569874169,10.382514163033555,1.8653397354289076,7.556,2.525,2.252,1.5579445169914823,0.01902011672727897,-0.15674551955900418,0.009816933638443937,0.4290000000000001
scene-0655,22,56,vehicle.car,-42.114575656802245,-6.7243121598940325,0.8059211158261355,4.369,1.965,1.548,1.5706694992506596,0.0,-0.2370247516140993,0.0,0.0
scene-0655,22,57,vehicle.car,-36.901680773099976,-19.05816350836924,0.15218045991878193,4.333,2.007,1.493,-1.653610868910069,0.0,0.3050567386724504,0.0036434108527131784,0.047000000000000014
scene-0655,22,58,vehicle.car,-47.77990071933514,-18.95742898339269,0.0737690015290362,4.404,1.963,1.509,-1.6012433180805228,0.0,0.42591530080098083,0.0,0.0
scene-0655,22,59,vehicle.car,22.214005712964056,-14.437713788386299,0.9008330271969149,4.558,2.15,1.752,1.5942340509800272,0.049075802939599594,-0.030107196343929554,0.001840349666436623,0.03200000000000001
scene-0655,22,60,vehicle.car,42.08260622100453,-15.498772223476847,1.1232039992740943,4.73,2.115,1.681,1.5687843212704047,0.0,-0.10662959872992772,0.0017283509148340187,0.029000000000000005
scene-0655,22,63,vehicle.car,16.889168160167003,-14.846272001317343,0.6287829895784132,4.84,2.027,1.676,1.5942340509800272,0.0,0.05042148975832539,0.01170343137254902,0.19100000000000006
scene-0655,22,64,vehicle.car,18.464003761333576,-27.67527336444786,0.7739479099078844,4.352,2.066,1.904,1.5245693956940036,0.07497563557825583,-0.1798645034595202,0.0014809751651856916,0.02600000000000001
scene-0655,23,0,vehicle.car,-67.45979979954986,-5.621037131343543,1.4884625465457804,4.893,2.065,1.938,-1.6075745617155588,0.0,-0.49975310846022436,0.0,0.0
scene-0655,23,1,vehicle.car,-51.69035763189164,10.198224524959851,1.2934641611869546,4.959,1.943,1.499,3.1225781180345624,0.039998899026013564,0.3610014779274253,0.0,0.0
scene-0655,23,2,vehicle.car,11.309478300157386,5.6910370834942965,0.7922796618024701,4.782,1.924,1.481,3.0973727667017945,0.004998300653278673,-0.046130959419428685,0.08523391812865497,1.1660000000000001
scene-0655,23,3,vehicle.car,-32.75787577945724,8.97358898542665,1.5938134620929356,5.765,2.078,2.301,3.122927062981017,0.016025771021677484,0.03416238968128016,0.011601342186049832,0.32500000000000007
scene-0655,23,4,vehicle.car,-58.928232773980994,10.425396187307648,1.36071342401946,4.73,1.869,1.456,3.0702572301101023,0.01799388235184868,0.34489239568268837,0.0,0.0
scene-0655,23,5,vehicle.car,-19.160851057119064,8.994450895151976,1.067101509647335,4.995,1.966,1.748,3.130848107549796,0.01909847997996863,0.004136130971942875,0.013235294117647059,0.22500000000000003
scene-0655,23,6,vehicle.construction,46.35469975234962,4.0650647449925525,1.0428257079251007,7.094,2.641,2.073,3.067898361339702,0.012995581698456361,-0.2782755355961517,0.005442913893618119,0.21100000000000008
scene-0655,23,7,vehicle.car,-45.76975637880206,-18.65690011710555,0.8178049420126059,4.742,2.067,1.88,-1.5924896949902618,0.0,-0.21318752276974706,0.010824934677118328,0.20300000000000004
scene-0655,23,8,vehicle.truck,-13.22462021716514,8.723802460172179,1.031298724517807,5.703,2.025,1.827,3.1099812083472353,0.07494118038656332,-0.024206468210205,0.04873294346978557,1.0
scene-0655,23,9,vehicle.car,16.164195196863446,-14.436607572277092,0.506287592274811,4.794,2.338,1.693,1.5855406404389794,0.10519730915263731,-0.01968973575320454,0.008152173913043478,0.15300000000000002
scene-0655,23,10,vehicle.car,-14.725917539363936,-13.437550307255623,0.4774306283279248,4.471,1.95,1.582,1.5192300483262056,0.018993542482481685,0.048789565534990254,0.029513888888888888,0.4250000000000001
scene-0655,23,11,vehicle.car,-29.1614258973281,-18.72954296228062,0.6253974702526179,4.364,2.135,1.861,-1.5351531558198344,0.0,-0.07535898424874221,0.012303485987696514,0.21600000000000005
scene-0655,23,12,vehicle.car,8.538789715699414,-15.189524883194567,0.5188482751261572,4.529,1.949,1.766,-1.5560520131508138,0.0,-0.027934632004437798,0.019428200129954516,0.2990000000000001
scene-0655,23,13,vehicle.car,9.153733449980086,-27.736046510651704,0.3456886510244572,4.496,2.103,1.895,-1.6484293155009766,0.0,0.10011357027376055,0.007407407407407408,0.13300000000000003
scene-0655,23,14,vehicle.car,51.69734301513063,-16.341938803269624,0.3961239622375997,4.546,2.071,1.726,1.494647373917382,0.04384851656565358,-0.02403717453694665,0.0,0.0
scene-0655,23,15,vehicle.car,11.275645945368622,-15.185209906438256,0.521739485295662,4.791,2.142,1.78,1.5855406404389794,0.0661666273197598,-0.012020009787925834,0.030809082892416226,0.5590000000000002
scene-0655,23,16,vehicle.car,31.000996427237105,-16.11044485653216,0.4134867505941177,4.797,1.986,1.429,1.6054966931615893,0.041180659046165885,-0.12093768691156154,0.002232142857142857,0.030000000000000006
scene-0655,23,18,vehicle.car,-35.42311946554195,1.6892819448185374,1.175788305037671,4.617,2.026,1.743,-0.03620412944867812,8.078897003633896,-0.08973146199529725,0.002301790281329923,0.036000000000000004
scene-0655,23,19,vehicle.car,11.8014591065745,-27.262389223446014,0.26396581646497896,4.589,2.2,1.901,1.500548607031959,0.3020264270511738,0.18375011018220733,0.001768254628666528,0.03400000000000001
scene-0655,23,20,vehicle.car,-40.01334711159825,9.407131991572246,1.397420462465886,4.942,2.045,1.829,3.115023462416446,0.0,0.1868254596227371,0.0007936507936507937,0.014000000000000004
scene-0655,23,21,vehicle.truck,-5.034829674142968,-27.351249248609356,0.8513540936805992,5.489,2.278,2.022,-0.03126250072758137,0.11300139722620793,-0.17450193441889583,0.00011857707509881423,0.0030000000000000005
scene-0655,23,22,vehicle.car,23.929131066164413,-15.899679027132922,0.31917301874000203,4.757,1.986,1.546,1.5855406404389794,0.05828970133058102,0.05503835029762616,0.0061805555555555555,0.08900000000000002
scene-0655,23,23,vehicle.car,-20.482902384702328,-6.638948441910517,0.9274252583740148,4.232,2.008,1.54,1.5687272734477014,0.01602577102189725,-0.051945779537955206,0.05825396825396825,0.7340000000000002
scene-0655,23,24,vehicle.car,49.09132471257061,-15.855021451399299,0.47615582570674986,4.453,1.93,1.457,1.560084891261077,0.040998254521549725,-0.22793702969196405,0.0,0.0
scene-0655,23,25,vehicle.bus.bendy,33.30927354195897,-5.662254911860437,1.5243371643360877,9.48,2.764,3.374,-0.07196700858136622,0.042997008002019714,-0.17728105013931028,0.007938965059708094,0.7180000000000002
scene-0655,23,26,vehicle.car,55.09423625564404,-16.959330129992715,0.36831636901716075,4.73,1.931,1.584,-1.6912218167181783,0.0,-0.08057583614209968,0.0,0.0
scene-0655,23,27,vehicle.car,-36.59008217673052,-6.301096359002196,1.0925921961982437,4.248,1.716,1.395,1.5498711703660952,0.0,-0.369472599955339,0.0,0.0
scene-0655,23,28,vehicle.car,28.10844747313657,-46.80653423173472,0.09027843122211454,4.691,2.136,2.0,-1.6519037067309272,0.0,0.29061515684398653,0.00030395136778115504,0.006000000000000002
scene-0655,23,30,vehicle.car,-34.77187741902797,-19.12352750196363,0.5244821337272197,4.345,2.034,1.537,-1.5481080030283543,0.0,-0.1334183841754467,0.0,0.0
scene-0655,23,31,vehicle.car,21.329035596343033,-15.15652603894606,0.4349710496552659,4.471,1.88,1.514,1.5855406404389794,0.0732847438058674,-0.061690195906944356,0.011695906432748537,0.15000000000000002
scene-0655,23,32,vehicle.car,43.91494745033252,-15.757477027924962,0.310984628358012,4.742,1.978,1.519,1.560084891261077,0.0,-0.014014704861765703,0.0,0.0
scene-0655,23,34,vehicle.car,-23.367909760166356,-6.838463632200971,1.1295245714877284,4.496,1.956,1.766,1.5943925379613686,0.06118377343361535,-0.169366567442242,0.013395061728395061,0.21700000000000003
scene-0655,23,35,vehicle.car,-4.94467296215127,-20.443662529640193,0.2882559786029556,4.156,2.03,1.545,3.041081778144123,0.09505185704064524,0.16355517766993255,0.0,0.0
scene-0655,23,36,vehicle.car,-75.49668285316329,-5.325132047231057,1.7349437095923013,4.946,2.014,1.692,-1.6025462747024086,0.0,-0.8437330798906869,0.0,0.0
scene-0655,23,37,vehicle.car,-83.63390824388031,-4.49249225424767,1.3413996640119992,4.793,2.107,1.744,1.601777849664823,0.0,-0.3850013049517117,0.0,0.0
scene-0655,23,39,vehicle.trailer,79.21913849721255,8.821999212115854,1.8798540590827224,1.787,2.166,3.314,-2.8830797019821355,0.22919266045792233,-0.5070721915786025,0.0,0.0
scene-0655,23,40,vehicle.car,-7.006016737264865,8.131071127318448,0.7697985776251491,4.746,1.802,1.518,3.0789076146913548,0.1519516281799657,0.03725194517911112,0.09022852639873917,1.1450000000000002
scene-0655,23,41,vehicle.car,33.72431193220384,-15.083770321835978,0.549387671174381,4.661,2.107,1.626,1.5812980147572444,0.0,-0.16031539553580076,0.001899696048632219,0.030000000000000006
scene-0655,23,42,vehicle.truck,-67.12784367500073,10.456144176651035,2.0654350946295605,7.42,2.592,2.558,3.0742142894409987,0.08025347237729943,0.24600854798671135,0.0,0.0
scene-0655,23,44,vehicle.car,46.6541945035366,-15.668764718392028,0.5661878956770683,4.558,2.027,1.654,1.560084891261077,0.031005583408507665,-0.21053060831783066,0.0,0.0
scene-0655,23,45,vehicle.car,26.28801009607191,-16.041024590793082,0.370409274423984,4.586,1.969,1.57,-1.5705956629654492,0.0,0.007840404187771377,0.006046195652173913,0.08900000000000002
scene-0655,23,46,vehicle.car,-34.32018916542667,-7.111731058361808,1.1092084962534436,5.069,2.185,1.875,1.5498711703660952,0.0,-0.16574084941620915,0.0050661412890515055,0.10800000000000003
scene-0655,23,48,vehicle.car,22.809409360562316,-28.596018149665834,0.10982596801732614,4.638,2.166,1.85,-1.6282987682007093,0.19183315292791117,0.31912134958292415,0.004556433904259991,0.08300000000000002
scene-0655,23,49,vehicle.car,-48.15642542490814,-6.1296619716780825,1.1783133498255394,4.758,1.94,1.818,-1.5356245573894896,0.2610855061927238,-0.27308250914255594,0.0024975633528265106,0.04100000000000001
scene-0655,23,50,vehicle.bus.bendy,42.82486734536384,-6.426571239230378,1.4589068936955067,8.78,2.951,3.224,-0.037072437470523814,0.0,-0.21924828811994512,0.0026633522727272725,0.22500000000000003
scene-0655,23,51,vehicle.car,-25.00287451140565,9.403456762771382,1.1205164871183613,4.641,1.983,1.567,3.0819928112075172,0.028625909749545285,0.04920650124871939,0.013994565217391305,0.20600000000000007
scene-0655,23,53,vehicle.car,-78.44383665505283,10.871681589668544,1.5382676318697608,4.81,1.891,1.873,3.109108845186452,0.07889719023662922,0.5376563345380151,0.0,0.0
scene-0655,23,54,vehicle.car,28.631845984764578,-15.357581974537782,0.5264365706325651,4.432,2.012,1.71,1.6452167052858866,0.06304995209360416,-0.0801123008609892,0.006751336898395722,0.10100000000000002
scene-0655,23,55,vehicle.construction,40.13930030253481,10.047428608770812,1.3084387358494938,7.556,2.525,2.252,1.5492426353978934,0.018993542482481685,-0.25623094011032,0.005034324942791762,0.22000000000000006
scene-0655,23,56,vehicle.car,-45.25647931155826,-6.342453264219232,1.3794759842414583,4.369,1.965,1.548,1.5619705025375115,0.0,-0.6102880162257875,0.0003787878787878788,0.005000000000000001
scene-0655,23,57,vehicle.car,-40.15714041770347,-18.716174362757304,0.6226648973692417,4.333,2.007,1.493,-1.662326872043705,0.0,-0.23560048549065582,0.0027131782945736434,0.03500000000000001
scene-0655,23,58,vehicle.car,-51.034191523811344,-18.522862573908036,0.6406311826579372,4.404,1.963,1.509,-1.6099490321880643,0.0,-0.19124342535660666,0.0,0.0
scene-0655,23,59,vehicle.car,18.974976818143006,-14.590208014044755,0.4829727522338726,4.558,2.15,1.752,1.5855406404389794,0.049075066053394796,0.023317547420134366,0.008281573498964804,0.14400000000000004
scene-0655,23,60,vehicle.car,38.860140987174134,-15.819133911616214,0.44366487822402845,4.73,2.115,1.681,1.560084891261077,0.0,-0.04898163351882823,0.0,0.0
scene-0655,23,63,vehicle.car,13.668639814137638,-14.95319489180195,0.2847049371447152,4.84,2.027,1.676,1.5855406404389794,0.0,0.1849751640115196,0.010477941176470587,0.17100000000000004
scene-0655,23,64,vehicle.car,15.13952561433871,-27.758129679784712,0.35043193522040916,4.352,2.066,1.904,1.5158604024637616,0.07497450979929374,0.10007484921867771,0.0010252904989747095,0.018000000000000006
scene-0655,24,0,vehicle.car,-70.6504177672955,-5.337922608982038,2.577095020720209,4.893,2.065,1.938,-1.612091162135577,0.0,0.25664737754181477,0.0,0.0
scene-0655,24,1,vehicle.car,-54.801214779970614,10.418228539367814,2.1818803234659327,4.959,1.943,1.499,3.118530254390197,0.03897883288877713,0.3773820351995336,0.0,0.0
scene-0655,24,2,vehicle.car,8.145648066987633,5.660906556813198,0.747101845597146,4.782,1.924,1.481,3.090416756748861,0.037966896786331694,-0.05372016665828028,0.1304093567251462,1.7840000000000005
scene-0655,24,3,vehicle.car,-35.90859052802224,9.109796900745994,2.1596874923712877,5.765,2.078,2.301,3.1188791969719167,0.03532453970810659,0.10920175647667385,0.003141286499607339,0.08800000000000002
scene-0655,24,4,vehicle.car,-62.05615912583339,10.66528609834004,2.4010311870020606,4.73,1.869,1.456,3.0685349632847347,0.016985190667617268,0.3616768360692284,0.0,0.0
scene-0655,24,5,vehicle.car,-22.310263797165273,9.092208411015083,1.4760305858120022,4.995,1.966,1.748,3.1268001571572204,0.0198321416615656,0.11649285693320655,0.006058823529411765,0.10300000000000002
scene-0655,24,6,vehicle.construction,43.182696845604404,3.891644510309865,0.4088804748544185,7.094,2.641,2.073,3.0638494583968443,0.0,-0.07973394756407426,0.004901202084300676,0.19000000000000009
scene-0655,24,7,vehicle.car,-49.02722745901078,-18.456890445054796,1.4835078921412812,4.742,2.067,1.88,-1.5970063435297959,0.0,-0.23422725821488966,0.0,0.0
scene-0655,24,8,vehicle.truck,-16.390073622148503,8.805866720514079,1.3409871560672255,5.703,2.025,1.827,3.1094220169477627,0.051820028205802324,0.10735128196683208,0.04824561403508772,0.9900000000000001
scene-0655,24,9,vehicle.car,12.911726304183292,-14.431428197100994,0.22548189431115706,4.794,2.338,1.693,1.5810247553891728,0.10514140220241647,0.12019025677755757,0.018222506393861894,0.3420000000000001
scene-0655,24,10,vehicle.car,-17.97040712998763,-13.350854973241262,0.6800311897037219,4.471,1.95,1.582,1.5147137021167467,0.018983448393165847,0.18469445107005134,0.017013888888888887,0.24500000000000005
scene-0655,24,11,vehicle.car,-32.42385123586066,-18.596211679397978,1.055514216725781,4.364,2.135,1.861,-1.5396680427386926,0.0,-0.15527334911103485,0.00455684666210982,0.08000000000000002
scene-0655,24,12,vehicle.car,5.284374063854057,-15.207352086365034,0.3711799382733194,4.529,1.949,1.766,-1.5605678982006204,0.0,0.01677174739371856,0.03131903833658219,0.4820000000000001
scene-0655,24,13,vehicle.car,5.8454204711957605,-27.756246291323077,0.15913710868594766,4.496,2.103,1.895,-1.6529447153110264,0.0,0.06233266079189659,0.008020050125313283,0.14400000000000004
scene-0655,24,14,vehicle.car,48.451658990648035,-16.52602290362292,-0.4047590572011345,4.546,2.071,1.726,1.4901319031878755,0.04424460292571801,0.47001412741063753,0.0016806722689075631,0.02700000000000001
scene-0655,24,15,vehicle.car,7.953953564563285,-15.213310251275907,0.279360606628991,4.791,2.142,1.78,1.5810247553891728,0.13226292633225312,0.09683686498966138,0.020612874779541445,0.3740000000000001
scene-0655,24,16,vehicle.car,27.737340826723607,-16.197681881970038,-0.10243112727237458,4.797,1.986,1.429,1.6009817524452035,0.04107379747185373,0.17387533064914462,0.003199404761904762,0.04300000000000001
scene-0655,24,18,vehicle.car,-9.336334608539339,-43.71186367545801,0.6960398838989958,4.482,2.03,1.695,-0.01786316977880088,0.005994760324718514,-0.21216079096724838,0.003856209150326797,0.05900000000000001
scene-0655,24,19,vehicle.car,-34.537787123997184,1.6512271566849408,1.696757259518651,4.617,2.026,1.743,-0.04517016551108452,8.114724906127954,-0.10922904601767447,0.00210997442455243,0.03300000000000001
scene-0655,24,20,vehicle.car,8.607581641178188,-27.301872583106324,0.001301104166634759,4.589,2.2,1.901,1.4902155972712943,0.230876608376757,0.2269407452558201,0.0006760973580195548,0.013000000000000003
scene-0655,24,21,vehicle.car,-43.1471172968826,9.580269428893743,2.118434410634461,4.942,2.045,1.829,3.110975621977624,0.0,0.18181814807372998,0.0,0.0
scene-0655,24,22,vehicle.truck,-8.38892122207565,-27.313879114865088,0.8417767210623138,5.489,2.278,2.022,-0.03531035369884688,0.11294134280521363,0.08333009499107658,0.005059288537549407,0.12800000000000003
scene-0655,24,23,vehicle.car,20.65318407568116,-15.952142307774436,-0.08604686152221064,4.757,1.986,1.546,1.5810247553891728,0.058258723357208365,0.28869251906157833,0.015208333333333334,0.21900000000000008
scene-0655,24,24,vehicle.car,-23.691651446239234,-6.534255000694092,1.2790447855673226,4.232,2.008,1.54,1.564210881589405,0.015020200314612575,0.051586251191100274,0.054841269841269843,0.6910000000000002
scene-0655,24,25,vehicle.car,45.82837656125676,-16.056712941495263,-0.2841006339752318,4.453,1.93,1.457,1.5555683418859978,0.04001507977120848,0.2298204039299132,0.0017933723196881092,0.023000000000000007
scene-0655,24,26,vehicle.bus.bendy,30.108440124347435,-5.7635629946301,1.0503204355821696,9.48,2.764,3.374,-0.07601583589723715,0.022003530738789627,-0.04300990253544712,0.008403361344537815,0.7600000000000002
scene-0655,24,27,vehicle.car,51.82466795630661,-17.164759229377058,-0.48610045962616777,4.73,1.931,1.584,-1.6957342911751292,0.012988675216292935,0.4618534136323629,0.0,0.0
scene-0655,24,28,vehicle.car,-39.79402123280621,-6.139040342655152,1.6554137942853078,4.248,1.716,1.395,1.5453545250853544,0.0,0.01161178135250962,0.0,0.0
scene-0655,24,29,vehicle.car,24.71488095128336,-46.900673673877165,-0.509223860049064,4.691,2.136,2.0,-1.6564189324744303,0.0,0.7098716910121987,5.0658561296859166e-05,0.0010000000000000002
scene-0655,24,31,vehicle.car,-38.03735269130811,-18.965741098453677,0.9972182636800004,4.345,2.034,1.537,-1.5526235566778575,0.0,-0.1778812535348131,0.00062015503875969,0.008000000000000004
scene-0655,24,32,vehicle.car,18.039643936796594,-15.206883004285926,0.07113619418851846,4.471,1.88,1.514,1.5810247553891728,0.07283368442199865,0.14356089929826743,0.0076413255360623785,0.09800000000000003
scene-0655,24,33,vehicle.car,40.65081324853299,-15.917370327320551,-0.3710878664378938,4.742,1.978,1.519,1.5555683418859978,0.0,0.3841075207118805,0.0003546099290780142,0.005000000000000002
scene-0655,24,36,vehicle.car,-26.574121141622154,-6.759928953522902,1.4819061229720585,4.496,1.956,1.766,1.5898770259380195,0.06115125741020944,-0.004818105031537234,0.0070987654320987656,0.11500000000000002
scene-0655,24,37,vehicle.car,-8.175480601801858,-20.41119166385415,0.33561266142009016,4.156,2.03,1.545,3.0370313444653143,0.09500134187553111,0.7270649818790126,0.0,0.0
scene-0655,24,39,vehicle.trailer,76.04613508740759,8.622244137819512,0.7818886401620914,1.787,2.166,3.314,-2.887164491370401,0.22938223165661703,0.26361586499537937,0.0,0.0
scene-0655,24,40,vehicle.car,-10.235136994733477,8.18155391802259,0.9256106555900799,4.746,1.802,1.518,3.074859146045752,0.08278311721559585,0.1360156561889423,0.039401103230890466,0.5000000000000001
scene-0655,24,41,vehicle.car,30.467439293662665,-15.20302965026173,0.004317637473822966,4.661,2.107,1.626,1.5767819768735756,0.0,0.1349639100725637,0.00025329280648429586,0.004000000000000001
scene-0655,24,42,vehicle.truck,-70.27794715957977,10.686160431063607,3.214147900872134,7.42,2.592,2.558,3.0701656495002996,0.06881670037401795,0.31942973584661605,0.0,0.0
scene-0655,24,44,vehicle.car,43.3948933832857,-15.825063288697327,-0.15577269122642778,4.558,2.027,1.654,1.5555683418859978,0.06301644429228805,0.21569858310264844,0.0009590792838874681,0.015000000000000005
scene-0655,24,45,vehicle.car,23.025338416997933,-16.129099696212858,-0.07364268279966801,4.586,1.969,1.57,-1.5751120018549887,0.0,0.26142428852018806,0.004959239130434783,0.07300000000000002
scene-0655,24,46,vehicle.car,-37.52715964983231,-6.959623604489723,1.65623478969614,5.069,2.185,1.875,1.5453545250853544,0.0,0.11282915988882092,0.00267379679144385,0.05700000000000001
scene-0655,24,48,vehicle.car,19.587277610950608,-28.67433372783693,-0.3478232541473848,4.638,2.166,1.85,-1.6328149547549369,0.19083361279443276,0.638073483982895,0.0014822134387351778,0.027000000000000007
scene-0655,24,49,vehicle.car,-51.374872486533526,-5.856787220411889,2.0415218284277827,4.758,1.94,1.818,-1.5401394713104843,0.14093738795689778,0.152886072382459,0.0,0.0
scene-0655,24,50,vehicle.bus.bendy,39.616405040055554,-6.5879598159435515,0.8388303822231761,8.78,2.951,3.224,-0.041120334562792016,0.0,0.01052932036395171,2.3674242424242424e-05,0.0020000000000000005
scene-0655,24,51,vehicle.car,-28.155910811270594,9.512002518542866,1.618128769350018,4.641,1.983,1.567,3.081435486236292,0.02904356072150098,0.09012048583034094,0.005095108695652174,0.07500000000000002
scene-0655,24,53,vehicle.car,-81.55228738245225,11.161980933490696,2.834200024983807,4.81,1.891,1.873,3.1050609855675315,0.03843725480606177,0.6831510530496403,0.0,0.0
scene-0655,24,54,vehicle.car,25.37506253907816,-15.425141578458335,0.05778987999070517,4.432,2.012,1.71,1.6407047451639545,0.1207334683934881,0.16967489604841834,0.004745989304812835,0.07100000000000002
scene-0655,24,55,vehicle.construction,37.00551426961942,9.897427026635139,0.7882731336530533,7.556,2.525,2.252,1.5447259874097186,0.018012051728103568,-0.14588394250238812,0.008764302059496567,0.38300000000000006
scene-0655,24,56,vehicle.car,-43.41883537030478,-18.537075618932786,1.177562607442049,4.333,2.007,1.493,-1.666841508133479,0.0,-0.24198755470385935,0.0,0.0
scene-0655,24,57,vehicle.car,-54.29331490273991,-18.30024521089083,1.372393961370646,4.404,1.963,1.509,-1.614465605600659,0.0,-0.20362505048578883,0.0,0.0
scene-0655,24,58,vehicle.car,15.696771384099943,-14.649796202616413,0.1562625545386498,4.558,2.15,1.752,1.5810247553891728,0.04812441879113256,0.20356599007804943,0.004715896020243846,0.08200000000000003
scene-0655,24,59,vehicle.car,35.59832664767813,-15.959215351773441,-0.16347731249232345,4.73,2.115,1.681,1.5555683418859978,0.0,0.29538966600794847,0.00017879492222420883,0.0030000000000000005
scene-0655,24,62,vehicle.car,10.410727240246112,-14.989852384891124,0.03687619801123332,4.84,2.027,1.676,1.5810247553891728,0.0,0.284721438211606,0.012622549019607843,0.20600000000000004
scene-0655,24,63,vehicle.car,11.832228144457872,-27.764523905200384,0.03880687774016889,4.352,2.066,1.904,1.511344142834611,0.0369677679235574,0.191198722235417,0.0005126452494873548,0.009000000000000003
scene-0655,24,64,vehicle.car,-8.025811346894159,-30.45847800785187,0.8526863852289004,5.114,2.355,1.895,-0.006889044420407238,0.1040819610865006,-0.19795727761056847,0.005503955968352253,0.12800000000000003
scene-0655,25,0,vehicle.car,-74.02874237412716,-5.887801208127181,1.474873353914223,4.893,2.065,1.938,-1.6037123317649609,0.0,-0.16223338408847832,0.0,0.0
scene-0655,25,1,vehicle.car,-58.28053540870033,9.993700329080887,1.2857932181532519,4.959,1.943,1.499,3.126399783174627,0.018998879402106147,-0.052674303072227646,0.0,0.0
scene-0655,25,2,vehicle.car,4.69990245969725,5.769672223012566,0.8203316578900837,4.782,1.924,1.481,3.0953822259533923,0.02795965009642845,-0.05449126470446808,0.1722953216374269,2.357
scene-0655,25,3,vehicle.car,-39.41480875292533,8.828071833538624,1.5410087348510797,5.765,2.078,2.301,3.1267486866049636,0.03530438961222083,0.017903423638147675,0.0015349468123081317,0.04300000000000001
scene-0655,25,4,vehicle.car,-65.55922622107104,10.177530410673702,1.3278355659968688,4.73,1.869,1.456,3.0787375391869958,0.01697550184418715,-0.10832016797135613,0.0,0.0
scene-0655,25,5,vehicle.car,-25.79963689582693,8.929356228361545,1.1270971826582508,4.995,1.966,1.748,3.1346687915992066,0.019820828858432556,0.04958176002210812,0.011470588235294118,0.19500000000000003
scene-0655,25,6,vehicle.construction,39.748604785812766,4.239065292370482,1.1022903059415228,7.094,2.641,2.073,3.0717266474068454,0.0,-0.31045299312394925,0.01122117319300418,0.43500000000000016
scene-0655,25,7,vehicle.car,-52.28789267392912,-18.83570526348475,0.7140981659270094,4.742,2.067,1.88,-1.5886256571662551,0.0,0.09894370228282945,0.0,0.0
scene-0655,25,8,vehicle.truck,-19.889437591134644,8.699616781232303,1.0802253867947946,5.703,2.025,1.827,3.120780858484565,0.05235535041435377,0.04621073145033017,0.023538011695906434,0.4830000000000001
scene-0655,25,9,vehicle.car,9.628672513839623,-14.26970709617487,0.4288227114915705,4.794,2.338,1.693,1.589408963075406,0.10515257021345,-0.058264488720879526,0.02237851662404092,0.4200000000000001
scene-0655,25,10,vehicle.car,-21.26265425868109,-13.475903771215616,0.3918292712257122,4.471,1.95,1.582,1.5230904889828805,0.01797406077617813,0.16823068484804882,0.028055555555555556,0.40400000000000014
scene-0655,25,11,vehicle.car,-35.67914579425357,-18.844877840810753,0.572063132592775,4.364,2.135,1.861,-1.5312824348420209,0.0,0.09245525281753386,0.008031442241968558,0.14100000000000004
scene-0655,25,12,vehicle.car,2.0072542435168477,-15.16418250899618,0.6596934212987082,4.529,1.949,1.766,-1.5521836905143873,0.0,-0.26805325120135715,0.04691358024691358,0.7220000000000002
scene-0655,25,13,vehicle.car,2.6705754638508896,-27.703716138525778,0.3136033859741838,4.496,2.103,1.895,-1.6445720649649533,0.0,-0.04395249991537642,0.000835421888053467,0.015000000000000003
scene-0655,25,14,vehicle.car,45.21121419948318,-16.12849871352341,0.4051813765092462,4.546,2.071,1.726,1.4985048071956104,0.04421936457845133,-0.22260970263915952,0.0,0.0
scene-0655,25,15,vehicle.car,4.612027846623603,-15.143208073761206,0.36991324664155945,4.791,2.142,1.78,1.589408963075406,0.0,0.020159173001842667,0.03246252204585538,0.5890000000000002
scene-0655,25,16,vehicle.car,24.47243748678409,-15.950280206915679,0.34097370784135417,4.797,1.986,1.429,1.6093673069553038,0.04204632748367578,-0.18869451968522621,0.00014880952380952382,0.0020000000000000005
scene-0655,25,18,vehicle.car,-12.391743464100923,-43.772508669965816,0.5296961766985324,4.482,2.03,1.695,-0.009994211441512328,0.006989912524163875,-0.3394312030580905,0.00784313725490196,0.12000000000000004
scene-0655,25,19,vehicle.car,-33.90440371406927,1.223941216567783,1.126533322075081,4.617,2.026,1.743,-0.04221541948641425,8.34227191262485,-0.16205000171966566,0.0024296675191815857,0.03800000000000001
scene-0655,25,20,vehicle.car,5.54706437277982,-27.2342917999688,0.11283150751752602,4.589,2.2,1.901,1.4927702444806399,0.23177109950476557,0.133730663941672,0.0046286665279800295,0.08900000000000004
scene-0655,25,21,vehicle.car,-46.63978294800889,9.24726838627547,1.425215252515186,4.942,2.045,1.829,3.118846028894471,0.0,-0.06872952615867967,0.0,0.0
scene-0655,25,22,vehicle.truck,-11.633060465253385,-27.36978046219076,0.7230752063795635,5.489,2.278,2.022,-0.027439371932803085,0.11387512822776853,-0.19237050686326718,0.016956521739130436,0.4290000000000001
scene-0655,25,23,vehicle.car,24.403567433993107,-46.88179658248365,-0.06810528673251559,5.058,2.252,2.0,-1.6480468845147744,0.0,-0.11313658319393705,0.0008525149190110827,0.020000000000000004
scene-0655,25,24,vehicle.car,17.373494897124708,-15.755924320403405,0.2444599881059809,4.757,1.986,1.546,1.589408963075406,0.05822549096739867,0.03047120238474177,0.022430555555555554,0.32300000000000006
scene-0655,25,25,vehicle.car,-27.047582084597828,-6.70702346241346,0.9205857501877842,4.232,2.008,1.54,1.5725936342894131,0.015011632376231666,-0.12048543437853432,0.033412698412698415,0.42100000000000015
scene-0655,25,26,vehicle.car,42.562092797866036,-15.708699867156781,0.4812650678228426,4.453,1.93,1.457,1.5639502332876631,0.020585819750520384,-0.4125826442312288,0.0,0.0
scene-0655,25,27,vehicle.bus.bendy,26.741934092792324,-5.51735487990241,1.5022214317499378,9.48,2.764,3.374,-0.06813893477590062,0.0,-0.10952097465383792,0.009907120743034056,0.8960000000000004
scene-0655,25,28,vehicle.car,48.57022798683279,-16.73631616510239,0.3701196887160188,4.73,1.931,1.584,-1.6873698831101227,0.025981728192242867,-0.28731285878666696,0.0,0.0
scene-0655,25,29,vehicle.car,-43.15592885241501,-6.44454634421163,1.0008426512749817,4.248,1.716,1.395,1.5537352997594691,0.0,-0.15528580143767856,0.0012004801920768306,0.012000000000000002
scene-0655,25,30,vehicle.car,21.69854033350363,-46.69819202459671,-0.06532105601143812,4.691,2.136,2.0,-1.6480468845147744,0.0,-0.08387556874442126,0.0008105369807497467,0.016000000000000004
scene-0655,25,32,vehicle.car,-41.287800696432754,-19.257475602770675,0.3825393211947997,4.345,2.034,1.537,-1.5442387633026067,0.0,0.13988489960560002,0.0009302325581395349,0.012000000000000004
scene-0655,25,33,vehicle.car,14.734528231166808,-15.038232589258975,0.3576612028072872,4.471,1.88,1.514,1.589408963075406,0.07190317720777162,-0.08483008994565389,0.012787524366471735,0.16400000000000003
scene-0655,25,34,vehicle.car,37.38581648001341,-15.590201843830842,0.30940553301185125,4.742,1.978,1.519,1.5639502332876631,0.0,-0.19331132810920237,0.0006382978723404255,0.009000000000000001
scene-0655,25,37,vehicle.car,-29.930160031001055,-6.992124444361815,1.0349352714031324,4.496,1.956,1.766,1.598261882080062,0.062111649878201135,-0.1067066261976346,0.011975308641975308,0.19400000000000003
scene-0655,25,38,vehicle.car,-11.36083762482534,-20.47346153004695,0.24056208603651963,4.156,2.03,1.545,3.044913380593534,0.0949471504781966,0.12019731290070568,0.0003968253968253968,0.005000000000000001
scene-0655,25,40,vehicle.trailer,72.53308119728618,9.337739965891833,2.0724897695250295,1.787,2.166,3.314,-2.8792861867068806,0.2292513856767391,-0.739177382535436,0.0,0.0
scene-0655,25,41,vehicle.car,-13.700927522307124,8.137863498480177,0.8144108323812316,4.746,1.802,1.518,3.082734550973308,0.06490633058088921,0.06796537318231366,0.05894405043341214,0.7480000000000002
scene-0655,25,42,vehicle.car,27.19235132284705,-14.955269235081884,0.4972423557647935,4.661,2.107,1.626,1.5851658449747328,0.0,-0.2643158912071458,0.001899696048632219,0.030000000000000006
scene-0655,25,43,vehicle.truck,-73.82268455726177,10.162478405646985,2.0831154897232316,7.42,2.592,2.558,3.0780418002314995,0.06697048225382606,-0.3121836340446733,0.0,0.0
scene-0655,25,45,vehicle.car,40.124707355443824,-15.429051868075916,0.5712995149947308,4.558,2.027,1.654,1.5639502332876631,0.0939972329093124,-0.3887823064185284,0.0011508951406649615,0.018000000000000002
scene-0655,25,46,vehicle.car,19.760068072362234,-15.939879584205476,0.2933572288904023,4.586,1.969,1.57,-1.5667290357005597,0.0,-0.013522388592703272,0.013111413043478262,0.19300000000000006
scene-0655,25,47,vehicle.car,-40.88302759131933,-7.247914241043648,1.0617268006805103,5.069,2.185,1.875,1.5537352997594691,0.0,-0.0016994248632113962,0.0038934233980673608,0.08300000000000002
scene-0655,25,49,vehicle.car,16.520648619636265,-28.517084034678224,-0.02893893973560746,4.638,2.166,1.85,-1.6244390501734869,0.19072475601481725,0.12466899411411703,0.0,0.0
scene-0655,25,50,vehicle.car,-54.762961611492045,-6.18996764866931,1.3226628145487338,4.758,1.94,1.818,-1.5317538899913477,0.14085699336626065,-0.1921073282272845,0.0,0.0
scene-0655,25,51,vehicle.bus.bendy,36.25823661857024,-6.268368345511355,1.4942206602265322,8.78,2.951,3.224,-0.03324861015270174,0.12089163317171361,-0.21709803201455702,0.001905776515151515,0.16100000000000003
scene-0655,25,52,vehicle.car,-31.655649741166766,9.290477109467448,1.1720334090659104,4.641,1.983,1.567,3.092800409370927,0.022988552990091993,-0.005669410652824447,0.004279891304347826,0.06300000000000001
scene-0655,25,54,vehicle.car,-85.08381452106099,10.526897979869176,1.5092302116883387,4.81,1.891,1.873,3.1129321205982285,0.04198699864436214,-0.04805907435542245,0.0,0.0
scene-0655,25,55,vehicle.car,22.115545355985756,-15.368297947919398,0.46033087769054865,4.432,2.012,1.71,1.6490917449563944,0.07441776770822213,-0.1217291287472198,0.0011363636363636363,0.017000000000000005
scene-0655,25,56,vehicle.construction,33.52800394207079,10.197047399320992,1.3657259832827968,7.556,2.525,2.252,1.5531066898748054,0.018001777154789796,-0.2834253074138089,0.01654462242562929,0.7230000000000002
scene-0655,25,57,vehicle.car,-46.67473147832227,-18.871094802420686,0.4737567989776089,4.333,2.007,1.493,-1.6584713387056036,0.0,0.08113149381185036,0.00046511627906976747,0.006000000000000002
scene-0655,25,58,vehicle.car,-57.552486309858395,-18.720238696091002,0.5030358046532023,4.404,1.963,1.509,-1.6060870884463272,0.0,0.1934593466877591,0.0,0.0
scene-0655,25,59,vehicle.car,12.393222119224538,-14.518927265507527,0.4020872188916486,4.558,2.15,1.752,1.589408963075406,0.04809696728940936,-0.003266567360429129,0.017023234414538763,0.2960000000000001
scene-0655,25,60,vehicle.car,32.33107810100649,-15.671705202088775,0.43370807677555423,4.73,2.115,1.681,1.5639502332876631,0.02199097931515433,-0.22176689130115845,0.0017283509148340187,0.029000000000000005
scene-0655,25,63,vehicle.car,7.136776056266605,-14.900069776341125,0.19788346366102127,4.84,2.027,1.676,1.589408963075406,0.0,0.14267703266923992,0.01911764705882353,0.3120000000000001
scene-0655,25,64,vehicle.car,8.658472966289814,-27.663750530142917,0.2540361933819163,4.352,2.066,1.904,1.5197204332169212,0.0,-0.04479786492503768,0.0005696058327637275,0.010000000000000002
scene-0655,25,65,vehicle.car,-11.240649342625419,-30.51596737971157,0.8175283209881686,5.114,2.355,1.895,0.0009788009033868154,0.10501972988040777,-0.39125997229432097,0.016511867905056758,0.384
scene-0655,26,0,vehicle.car,-77.73516779076479,-6.733175032577498,2.0234715812939674,4.893,2.065,1.938,-1.5929093309532778,0.0,0.27888372628507296,0.0,0.0
scene-0655,26,1,vehicle.car,-62.164572567973174,9.321397186239498,1.946521735496046,4.959,1.943,1.499,3.137504605532793,0.0319701619057384,0.33207331817674457,0.0,0.0
scene-0655,26,2,vehicle.car,0.8526206393857207,5.79885751836677,0.8866497834715175,4.782,1.924,1.481,3.1035883488839127,0.015977281449736168,0.008705333730287701,0.185453216374269,2.537000000000001
scene-0655,26,3,vehicle.car,-43.30238596670867,8.355872505837135,2.0195676841291004,5.765,2.078,2.301,3.137853379588101,0.03579599731244927,0.14869593052544072,0.0030698936246162634,0.08600000000000002
scene-0655,26,4,vehicle.car,-69.44478961228982,9.41518397814613,2.0349571656450767,4.73,1.869,1.456,3.092187343096404,0.017974441630782902,0.38354094798712546,0.0,0.0
scene-0655,26,5,vehicle.car,-29.683130161009004,8.630474201331289,1.463661929749903,4.995,1.966,1.748,-3.1374147785976367,0.01298154117776873,0.12872388587051942,0.002,0.03400000000000001
scene-0655,26,6,vehicle.construction,35.91738086448903,4.663767813699149,0.8779481533818652,7.094,2.641,2.073,3.082850815536682,0.0,-0.24863948953680293,0.01503895165866997,0.5830000000000002
scene-0655,26,7,vehicle.car,-55.859110683691135,-19.4281414790839,0.9295207733814473,4.742,2.067,1.88,-1.5778171550872804,0.0,0.513578370123649,0.0,0.0
scene-0655,26,8,vehicle.truck,-23.784954780935067,8.475940979176883,1.3627081327008284,5.703,2.025,1.827,3.135378681157099,0.05235645977818597,0.1137797313166582,0.006481481481481481,0.133
scene-0655,26,9,vehicle.car,5.997629963460291,-14.116650281881807,0.20978486827708953,4.794,2.338,1.693,1.600231302122469,0.027255932143842494,0.06512268158100376,0.03676470588235294,0.6900000000000002
scene-0655,26,10,vehicle.car,-24.897812819343418,-13.710667305993221,0.41924865462404826,4.471,1.95,1.582,1.533888233052302,0.01897302172136303,0.47622012315171625,0.01659722222222222,0.23900000000000005
scene-0655,26,11,vehicle.car,-39.25266233099669,-19.251689372958843,0.6803385839346938,4.364,2.135,1.861,-1.520451831473741,0.0,0.6435851521607346,0.004215083162451583,0.07400000000000001
scene-0655,26,12,vehicle.car,-1.6097576049092586,-15.152125251768016,0.5027131382605208,4.529,1.949,1.766,-1.5413613514673243,0.0,-0.18785221449343092,0.0709551656920078,1.0920000000000003
scene-0655,26,13,vehicle.car,-0.8104266956904604,-27.68051016723415,0.05066058878409829,4.496,2.103,1.895,-1.6337832443165627,0.0,0.19989529366982017,0.006571985519353941,0.11800000000000004
scene-0655,26,14,vehicle.car,41.61961279913351,-15.62541367521962,-0.06928121336884141,4.546,2.071,1.726,1.5092941238081894,0.04422030154805601,0.40073831614441513,0.0,0.0
scene-0655,26,15,vehicle.car,1.059268398523817,-15.101035141497961,0.29424493053974865,4.791,2.142,1.78,1.600231302122469,0.13219028083176398,0.01407351991114858,0.08300264550264551,1.5060000000000004
scene-0655,26,16,vehicle.car,20.858587521563663,-15.662963133814566,-0.008416919518193788,4.797,1.986,1.429,1.6201975326218632,0.04113616716354218,0.09323968343802413,0.0017113095238095238,0.023000000000000007
scene-0655,26,17,vehicle.car,7.982824534715828,-27.755943550475514,-0.544325632613652,4.462,2.091,1.742,1.517067074477102,0.4064297583863372,0.7679350285944868,0.0018674136321195146,0.03000000000000001
scene-0655,26,19,vehicle.car,-15.692987180705675,-43.90958197106697,0.11287630949187077,4.482,2.03,1.695,0.0011086758233648437,0.007061027536183246,0.4319247504694482,0.001568627450980392,0.024000000000000004
scene-0655,26,20,vehicle.car,-33.40384448535445,0.7360004464990519,1.3785323175328483,4.617,2.026,1.743,-0.025283398235220758,8.569723403690215,-0.09341732920582191,0.0016624040920716113,0.02600000000000001
scene-0655,26,21,vehicle.car,2.176938552015507,-27.198945159105715,0.14623265449698808,4.589,2.2,1.901,1.4977308541827976,0.2417883895190723,0.11404764516655563,0.011441647597254004,0.22000000000000006
scene-0655,26,22,vehicle.car,-50.51612521022212,8.70625987181349,1.9130368418424837,4.942,2.045,1.829,3.1299536344967507,0.0,0.21822069409196454,0.0,0.0
scene-0655,26,23,vehicle.car,31.322587313416467,-15.91574652702594,-0.14924984258238128,4.725,2.044,1.555,1.5747628258115889,0.0,0.32061113637510585,0.0032579787234042553,0.04900000000000001
scene-0655,26,24,vehicle.truck,-15.170815264908223,-27.50802344300734,0.5288671038421451,5.489,2.278,2.022,-0.016330054488718448,0.11287930969736458,0.019789680215472005,0.002490118577075099,0.06300000000000001
scene-0655,26,25,vehicle.car,21.129234519838818,-46.609090118267495,-0.733885640028229,5.058,2.252,2.0,-1.6372592191940443,0.0,1.2168747128279116,0.0006820119352088661,0.016000000000000004
scene-0655,26,26,vehicle.car,13.744638954649082,-15.542100033042635,-0.047054959930926565,4.757,1.986,1.546,1.600231302122469,0.05822672471455388,0.21469534603551033,0.02201388888888889,0.31700000000000006
scene-0655,26,27,vehicle.car,-30.752932612317274,-7.014910939670617,1.0936342214755306,4.232,2.008,1.54,1.583409495022558,0.11405253554586757,0.08738176592070968,0.014523809523809524,0.18300000000000005
scene-0655,26,28,vehicle.car,38.96553077815826,-15.217293225721797,0.041042513172880435,4.453,1.93,1.457,1.5747628258115889,0.0667929911813528,0.13633094711993576,0.0,0.0
scene-0655,26,29,vehicle.bus.bendy,23.02214409734178,-5.238980455595103,1.2297583780827455,9.48,2.764,3.374,-0.05701534842266726,0.0,-0.12947890430115971,0.014528969482529854,1.3140000000000003
scene-0655,26,30,vehicle.car,44.96591223991958,-16.19023001080897,-0.14458433180264796,4.73,1.931,1.584,-1.676594708232485,0.02603978291386897,0.42737541418485014,0.0,0.0
scene-0655,26,31,vehicle.car,-46.86273559190957,-6.939051580585793,1.2609671720744169,4.248,1.716,1.395,1.5645440856625763,0.0,0.06782105834474206,0.0007002801120448179,0.007000000000000002
scene-0655,26,32,vehicle.car,18.422437423020245,-46.455591516122524,-0.7098511690716642,4.691,2.136,2.0,-1.6372592191940443,0.0,1.1885091299633879,0.0007092198581560284,0.014000000000000005
scene-0655,26,34,vehicle.car,-44.85756974636511,-19.724972855508287,0.5381358754729493,4.345,2.034,1.537,-1.5334133098425673,0.0,0.6519489691162841,0.00062015503875969,0.008000000000000004
scene-0655,26,35,vehicle.car,11.081416606935305,-14.863223892731519,0.09057829460572675,4.471,1.88,1.514,1.600231302122469,0.07145257483425907,0.06566655030775592,0.024171539961013646,0.31000000000000005
scene-0655,26,36,vehicle.car,33.76789465775018,-15.181199000466817,-0.10369852016749315,4.742,1.978,1.519,1.5747628258115889,0.0,0.27242505691828656,0.0031914893617021275,0.045000000000000005
scene-0655,26,39,vehicle.car,-33.63001242998808,-7.372106654879446,1.218693982343904,4.496,1.956,1.766,1.6090876936068272,0.031020340430862672,0.10072771002746439,0.0010493827160493827,0.017000000000000005
scene-0655,26,40,vehicle.car,-14.874110316206435,-20.60978723881219,0.14560421162888648,4.156,2.03,1.545,3.0560463212683295,0.04697573780940692,0.4662393361921584,0.004523809523809524,0.057000000000000016
scene-0655,26,42,vehicle.trailer,68.61889389889994,10.223473769204311,1.7319902767994568,1.787,2.166,3.314,-2.86830118480248,0.22894503904587005,-0.14677727650191041,0.0,0.0
scene-0655,26,43,vehicle.car,-17.570635435726622,8.000995276729759,1.095261585714157,4.746,1.802,1.518,3.09385497720062,0.06438325290310007,0.05494277143305981,0.055161544523246654,0.7000000000000002
scene-0655,26,44,vehicle.car,23.569545991410624,-14.660862321373655,0.14459006225151128,4.661,2.107,1.626,1.5959865346232631,0.0,0.02593242538886953,0.0024062816616008107,0.03800000000000001
scene-0655,26,45,vehicle.truck,-77.73581178773492,9.26919242238258,2.782622700440977,7.42,2.592,2.558,3.089163831436399,0.10726256305444457,0.345340441000368,0.0,0.0
scene-0655,26,47,vehicle.car,36.50670006930068,-14.945503694454102,0.14243282766326826,4.558,2.027,1.654,1.5747628258115889,0.04697573780941658,0.114338714885865,0.00038363171355498723,0.006000000000000002
scene-0655,26,48,vehicle.car,16.14727077791179,-15.725528962863235,-0.02130326967939311,4.586,1.969,1.57,-1.5559123096043777,0.0,0.20002574425443587,0.011480978260869565,0.16900000000000004
scene-0655,26,49,vehicle.car,-44.580403628789426,-7.719809044694582,1.3467902013730533,5.069,2.185,1.875,1.5645440856625763,0.0,0.17752724199776582,0.00028145229383619476,0.006000000000000001
scene-0655,26,51,vehicle.car,13.140441662871083,-28.337711147415614,-0.46200295949654024,4.638,2.166,1.85,-1.6136433772471594,0.19172737739592582,0.7793803956575815,0.01668862538427756,0.3040000000000001
scene-0655,26,52,vehicle.car,-58.490068487888486,-6.750644935398157,1.7089868838499862,4.758,1.94,1.818,-1.520923475530014,0.1408599780025766,0.08278228357326212,0.0,0.0
scene-0655,26,53,vehicle.bus.bendy,32.54771524026993,-5.767112167919266,1.2467670656257557,8.78,2.951,3.224,-0.03957616801152956,0.0,-0.2461702328735278,0.004616477272727273,0.3900000000000001
scene-0655,26,54,vehicle.car,-35.536004562728486,8.905985010079586,1.5713421598812185,4.641,1.983,1.567,3.1039173446578903,0.024964502265070857,0.09912877737082615,0.0005434782608695652,0.008000000000000002
scene-0655,26,55,vehicle.car,24.35559431250121,-29.896251834674494,-0.6539169288969209,4.601,2.053,1.729,-1.6197919188321375,0.0,0.9886929866171053,0.00048715138229204726,0.008000000000000002
scene-0655,26,57,vehicle.car,-88.99131868241427,9.557435687211402,2.2885271994445784,4.81,1.891,1.873,3.1240418813128517,0.04195224997918478,0.7529425404693622,0.0,0.0
scene-0655,26,58,vehicle.car,18.493799063573462,-15.052594246545802,0.1404399594331226,4.432,2.012,1.71,1.6599382574808366,0.15450909412314764,0.0956354227995434,0.004545454545454545,0.06800000000000002
scene-0655,26,59,vehicle.construction,29.64244009077799,10.548975032348215,1.2431922908864017,7.556,2.525,2.252,1.563915243532777,0.018973021721476555,-0.12719256447172134,0.01242562929061785,0.5430000000000001
scene-0655,26,61,vehicle.car,-50.24796085858194,-19.397413792965587,0.6219375334567745,4.333,2.007,1.493,-1.647687089998973,0.0,0.5654707197361272,0.0018604651162790699,0.024000000000000007
scene-0655,26,62,vehicle.car,-61.12613074068131,-19.368330021101972,0.7441797127487522,4.404,1.963,1.509,-1.5952849409098304,0.0,0.5964894705054897,0.0,0.0
scene-0655,26,63,vehicle.car,8.742119530196534,-14.388791995564684,0.1565598201403564,4.558,2.15,1.752,1.600231302122469,0.04802536998786572,0.1281047044148499,0.02524729698642742,0.4390000000000001
scene-0655,26,64,vehicle.car,28.73741584440384,-15.320159403779481,0.055480356522585095,4.73,2.115,1.681,1.5747628258115889,0.04298536438929521,0.16085744636437782,0.00464866797782943,0.07800000000000001
scene-0655,26,67,vehicle.car,26.04659807559053,-15.274527565751084,0.15200222138683428,4.808,1.978,1.535,1.5747628258115889,0.0,-0.019640554230614837,0.00375,0.05400000000000001
scene-0655,26,68,vehicle.car,3.5129355805295885,-14.825171180914438,-0.012586350784510536,4.84,2.027,1.676,1.600231302122469,0.013019891456934485,0.26161253057500733,0.03008578431372549,0.4910000000000001
scene-0655,26,69,vehicle.car,5.1758372282685094,-27.571837165086237,-0.08798792838278047,4.352,2.066,1.904,1.5305169988294824,0.0,0.3713475532454513,0.0024493050808840284,0.04300000000000001
scene-0655,26,70,vehicle.car,-14.738606852381572,-30.654781593324167,0.6606966587818794,5.114,2.355,1.895,0.01207755226410886,0.05300946209989377,-0.16096051900755692,0.003826969384244926,0.08900000000000002
scene-0655,27,0,vehicle.car,-81.67633159492408,-7.905503464812986,1.7645631575152656,4.893,2.065,1.938,-1.5779985776746435,0.0,0.31556231169249804,0.0,0.0
scene-0655,27,1,vehicle.car,-66.37613716356091,8.379629745093661,1.716524651278105,4.959,1.943,1.499,-3.130933116882797,0.06497423505592965,0.5012312262167071,0.0,0.0
scene-0655,27,2,vehicle.car,-3.278223385463463,5.779439599696381,0.9253495381862265,4.782,1.924,1.481,3.1154333925891815,0.017014583858344676,0.0077487898081202156,0.17953216374269007,2.456000000000001
scene-0655,27,3,vehicle.car,-47.48544052425681,7.683296478014821,1.8697873765123125,5.765,2.078,2.301,-3.1305843780799134,0.035324607025808086,0.2943124960767989,0.005604340686799458,0.15700000000000006
scene-0655,27,4,vehicle.car,-73.62538240056963,8.355597596855988,1.8087143988571905,4.73,1.869,1.456,3.109264839604115,0.016985223036137198,0.533735936645434,0.0,0.0
scene-0655,27,5,vehicle.car,-33.86041659526644,8.160119745185241,1.3993870083967068,4.995,1.966,1.748,-3.122668018477366,0.019832179455556515,0.21127680996266818,0.001588235294117647,0.027000000000000007
scene-0655,27,6,vehicle.construction,31.79935447763158,5.170209524177438,1.0338989443711348,7.094,2.641,2.073,3.0976044089925137,0.0,-0.3199948089055129,0.019398441933653202,0.7520000000000003
scene-0655,27,7,vehicle.car,-59.61132888800446,-20.273064657093155,0.7011880125930909,4.742,2.067,1.88,-1.5629048239363152,0.0,0.6473673758575316,0.0,0.0
scene-0655,27,8,vehicle.truck,-27.97564015837244,8.115563006906903,1.3133987251757613,5.703,2.025,1.827,-3.129572369716335,0.0532078175856157,0.18822578845033733,0.006432748538011696,0.13200000000000003
scene-0655,27,9,vehicle.car,2.1791983897918676,-14.081901240462892,0.3163786045722815,4.794,2.338,1.693,1.6151471329671157,0.06854066189558178,0.02950937493516481,0.06335251491901109,1.1890000000000003
scene-0655,27,10,vehicle.car,-28.73565671082796,-14.087872504668658,0.3025419977902837,4.471,1.95,1.582,1.5487973681783325,0.019983381739715474,0.48343449294572405,0.0125,0.18000000000000005
scene-0655,27,11,vehicle.car,-43.008371372772864,-19.851979783324655,0.5325603858542206,4.364,2.135,1.861,-1.5055341978529564,0.0,0.4747056133437393,0.0017657780815675552,0.031000000000000007
scene-0655,27,12,vehicle.car,-5.429700713213109,-15.196196576774218,0.4784845691929357,4.529,1.949,1.766,-1.5264455206226775,0.0,-0.10057617676358388,0.06523716699155295,1.0040000000000002
scene-0655,27,13,vehicle.car,-4.4437732100078104,-27.712692402475543,0.05564984542415119,4.496,2.103,1.895,-1.6188771290474535,0.0,0.4945728589864018,0.017376775271512112,0.31200000000000006
scene-0655,27,14,vehicle.car,37.82419893628862,-15.021938209546375,0.08353630386992217,4.546,2.071,1.726,1.524200416634473,0.043344314832714524,0.07998852694825409,0.0,0.0
scene-0655,27,15,vehicle.car,-2.694469073000887,-15.106579607893735,0.3809208809147788,4.791,2.142,1.78,1.6151471329671157,0.06613158919224102,-0.0004734193097067907,0.06746031746031746,1.2240000000000002
scene-0655,27,16,vehicle.car,17.04412453777587,-15.353805250290776,0.034584699804851904,4.797,1.986,1.429,1.6351150881885115,0.04115885208332956,0.1298844130682255,0.008333333333333333,0.11200000000000003
scene-0655,27,17,vehicle.car,4.482680035110221,-27.829476800848145,-0.15287561350332912,4.462,2.091,1.742,1.5319742858684544,0.23389051594582627,0.5987581804321926,0.00771864301276066,0.12400000000000003
scene-0655,27,19,vehicle.car,-19.084806187027045,-44.15224546411446,-0.0701813883688216,4.482,2.03,1.695,0.01585573949378224,0.0070649214051108555,0.685285366883493,0.0022875816993464053,0.03500000000000001
scene-0655,27,20,vehicle.car,-33.16903913566746,0.1884451804163966,1.2456637447849805,4.617,2.026,1.743,-0.004723688728584539,8.570432599070719,-0.06796431336560793,0.002173913043478261,0.03400000000000001
scene-0655,27,21,vehicle.car,-1.3385644362377647,-27.192741840640178,0.11375220809790276,4.589,2.2,1.901,1.512635746516571,0.0,0.42732706321862557,0.005824838776783857,0.11200000000000003
scene-0655,27,22,vehicle.car,-54.687728424940765,7.934875917861572,1.763590478676753,4.942,2.045,1.829,-3.138483314888689,0.0,0.33970854495148195,0.0,0.0
scene-0655,27,23,vehicle.car,27.51225025630437,-15.46671819682978,-0.1894969986509789,4.725,2.044,1.555,1.5896762586285273,0.022003572670713574,0.3408851932119835,0.004986702127659575,0.07500000000000001
scene-0655,27,24,vehicle.truck,-18.863133715566633,-27.75000607156952,0.42542856415855934,5.489,2.278,2.022,-0.001581207051537737,0.1129415580364805,0.2017648495758766,0.009367588932806325,0.23700000000000007
scene-0655,27,25,vehicle.car,9.916543712892613,-15.332508739429263,-0.02877967016506422,4.757,1.986,1.546,1.6151471329671157,0.05911781689620901,0.3177581257085823,0.03090277777777778,0.4450000000000001
scene-0655,27,26,vehicle.car,-34.68820424394365,-7.613910405835104,0.9929372533249186,4.232,2.008,1.54,1.5983237665439614,0.2441336723561277,0.018165486843652934,0.013412698412698413,0.16900000000000004
scene-0655,27,27,vehicle.car,35.16153249025912,-14.634560361425372,0.1945624268041839,4.453,1.93,1.457,1.5896762586285273,0.06717250588816573,-0.1441747548567046,0.0,0.0
scene-0655,27,28,vehicle.bus.bendy,19.05007331587469,-4.9206652589908675,1.2797707989810503,9.48,2.764,3.374,-0.042261959151487324,0.0,-0.09247289496646283,0.02079831932773109,1.8810000000000004
scene-0655,27,29,vehicle.car,41.159803065266324,-15.533272591892741,0.011119149984628707,4.73,1.931,1.584,-1.6616939947132243,0.026054142792831452,0.053605001626699456,0.0,0.0
scene-0655,27,30,vehicle.car,-50.80155483135254,-7.65228774686244,1.0665648768466385,4.248,1.716,1.395,1.5794564951755101,0.0,0.13226001519742892,0.0,0.0
scene-0655,27,32,vehicle.car,-48.6050321904702,-20.407989131881163,0.3774143386309332,4.345,2.034,1.537,-1.5184967758944554,0.0,0.5760858872706704,0.00062015503875969,0.008000000000000004
scene-0655,27,33,vehicle.car,7.225811625434669,-14.701684027495121,0.09789714830607121,4.471,1.88,1.514,1.6151471329671157,0.07149197801716473,0.18056433851033504,0.040857699805068225,0.5240000000000001
scene-0655,27,34,vehicle.car,29.946715207939977,-14.702813279599262,0.017366909968143163,4.742,1.978,1.519,1.5896762586285273,0.0,0.10075587941479136,0.003475177304964539,0.049000000000000016
scene-0655,27,37,vehicle.car,-37.56695867559486,-7.829612231650589,1.1134969671135013,4.496,1.956,1.766,1.6240043065223249,0.1232985661010104,0.047886943542474025,0.0030864197530864196,0.05
scene-0655,27,38,vehicle.car,-18.61058800502617,-20.847986147204868,0.0564195835616601,4.156,2.03,1.545,3.0708032002384633,0.0,0.22891073345875612,0.010714285714285714,0.13500000000000004
scene-0655,27,40,vehicle.trailer,64.37987598727342,11.31689556479839,2.0927525120539325,1.787,2.166,3.314,-2.8535678612229316,0.1165904695605765,-0.8327705274386066,0.0,0.0
scene-0655,27,41,vehicle.car,-21.673668306204014,7.709281358277829,1.0512937911076001,4.746,1.802,1.518,3.1086072849619533,0.1177322041153437,0.11797809190326414,0.025847123719464144,0.32800000000000007
scene-0655,27,42,vehicle.car,19.740817904238863,-14.332464284951547,0.20577032944105922,4.661,2.107,1.626,1.6109019810789023,0.0,0.032820841346752005,0.0048125633232016215,0.07600000000000003
scene-0655,27,43,vehicle.truck,-81.94825548915641,8.052471540459887,2.5306833353146376,7.42,2.592,2.558,3.103916682726603,0.10732171398682289,0.5075574111834702,0.0,0.0
scene-0655,27,46,vehicle.car,32.68075811771192,-14.427797309162338,0.2871883018740775,4.558,2.027,1.654,1.5896762586285273,0.0,-0.11980661995497965,6.39386189258312e-05,0.0010000000000000002
scene-0655,27,47,vehicle.car,12.335770890844218,-15.505871634838417,0.003347700652930996,4.586,1.969,1.57,-1.5409978219803984,0.0,0.27978411096587397,0.024456521739130436,0.3600000000000001
scene-0655,27,48,vehicle.car,-48.50817736525015,-8.4016676281925,1.2102192935242337,5.069,2.185,1.875,1.5794564951755101,0.0,0.1737804117904025,0.0006098133033117553,0.013000000000000003
scene-0655,27,50,vehicle.car,9.612974625239051,-28.16271695203086,-0.4762939496154429,4.638,2.166,1.85,-1.5987349112175657,0.1918331072310792,0.9282456202621105,0.0003842775581906017,0.007000000000000002
scene-0655,27,51,vehicle.car,-62.45313487919702,-7.57114715848949,1.5070891027326219,4.758,1.94,1.818,-1.5060058808973107,0.14093765653996757,0.12909316636375268,0.0,0.0
scene-0655,27,52,vehicle.bus.bendy,28.58279432445161,-5.429200099229663,1.3256564056302536,8.78,2.951,3.224,-0.007387728679848922,0.24186394966689076,-0.25932745141043534,0.0014441287878787879,0.12200000000000003
scene-0655,27,53,vehicle.car,99.48048626621629,-8.675164950376178,0.26341372348095715,4.449,1.905,1.812,-1.5170669178701717,0.01885083863777307,-0.32867260218884287,0.0,0.0
scene-0655,27,54,vehicle.car,-39.71122508552563,8.342209300889387,1.5012467355458898,4.641,1.983,1.567,3.1186685097208358,0.025977399937494643,0.17277753260443973,0.001358695652173913,0.020000000000000004
scene-0655,27,55,vehicle.car,20.754689685927595,-29.553832590017826,-0.5997313352489663,4.601,2.053,1.729,-1.6048841571599464,0.0,0.8642795911693764,0.0018877116063816832,0.03100000000000001
scene-0655,27,57,vehicle.car,-93.19347970858448,8.218741416718174,1.9867259996382698,4.81,1.891,1.873,3.1387908573410064,0.04197538493559216,0.9491444561036126,0.0,0.0
scene-0655,27,58,vehicle.car,14.665641725287585,-14.721721174720102,0.18138126688841527,4.432,2.012,1.71,1.6748588284342782,0.1545942995918356,0.14779961032029443,0.0143048128342246,0.21400000000000008
scene-0655,27,59,vehicle.construction,25.446680252365873,10.96433999383179,1.3146680457155104,7.556,2.525,2.252,1.5788275889460273,0.0190097593014482,-0.1573173734704849,0.018947368421052633,0.8280000000000003
scene-0655,27,61,vehicle.car,-53.99996342119822,-20.160054053922384,0.43969766572521796,4.333,2.007,1.493,-1.632782669811324,0.0,0.61623919197513,0.0,0.0
scene-0655,27,62,vehicle.car,-64.8778950197897,-20.289977476342756,0.4823361538465264,4.404,1.963,1.509,-1.5803744427306274,0.0,0.7743364354555365,0.0,0.0
scene-0655,27,63,vehicle.car,4.887038663075479,-14.279105553148675,0.15440788672090677,4.558,2.15,1.752,1.6151471329671157,0.08620941215012755,0.2344969957101235,0.042443064182194616,0.7380000000000002
scene-0655,27,64,vehicle.car,24.93924391448643,-14.915786963685148,0.1555640703064617,4.73,2.115,1.681,1.5896762586285273,0.04300906906597533,0.07588744393761793,0.0028607187555873413,0.04800000000000001
scene-0655,27,67,vehicle.car,22.226654633572775,-14.910402880057354,0.241164331496316,4.808,1.978,1.535,1.5896762586285273,0.0,-0.06518088585193738,0.005277777777777778,0.07600000000000003
scene-0655,27,68,vehicle.car,-0.3088023862239881,-14.818446833376738,0.2760211008776028,4.84,2.027,1.676,1.6151471329671157,0.026054142792831452,0.05228617060295748,0.08069852941176471,1.3170000000000004
scene-0655,27,69,vehicle.car,1.541059421245468,-27.519889222456793,0.041710345373518365,4.352,2.066,1.904,1.5454257555070277,0.08992176901448318,0.4938695525070358,0.00951241740715425,0.16700000000000007
scene-0655,27,70,vehicle.car,-18.329118705757715,-30.890892731623108,0.5528018658988127,5.114,2.355,1.895,0.02682354555843728,0.0,0.05678873363808301,0.004944960440316478,0.11500000000000002
scene-0655,28,0,vehicle.car,-70.7212998345092,7.842053466833341,1.208246152601057,4.959,1.943,1.499,-3.1227040317757018,0.06597281229387576,0.2668940847303334,0.0,0.0
scene-0655,28,1,vehicle.car,-7.5665373742339135,5.747988691875443,0.8646805773642174,4.782,1.924,1.481,3.120745994676177,0.003157714588813408,-0.02352092381979143,0.13099415204678364,1.7920000000000005
scene-0655,28,2,vehicle.car,-51.81012056727058,7.2949424214812995,1.4960294502650142,5.765,2.078,2.301,-3.122355200607148,0.017862731190920904,0.1233667599286199,0.0005711429999286071,0.016000000000000004
scene-0655,28,3,vehicle.car,-77.93749000906199,7.753618267669212,1.1867617340832906,4.73,1.869,1.456,3.119808766507866,0.027959596844579916,0.3501216944903178,0.0,0.0
scene-0655,28,4,vehicle.car,-38.17773870183935,7.879879622942755,1.1402315505983072,4.995,1.966,1.748,-3.114436727573612,0.019820791107764982,0.09816263732893893,0.0035294117647058825,0.06000000000000001
scene-0655,28,5,vehicle.construction,27.512584967277142,5.438174568551075,1.1962464958270125,7.094,2.641,2.073,3.1058198215263446,0.0,-0.26766501162844225,0.02368054480730537,0.9180000000000003
scene-0655,28,6,vehicle.car,-63.682170541134674,-20.760573157684103,0.45236522970536774,4.742,2.067,1.88,-1.5544178727509992,0.0,0.6430232000555651,0.0,0.0
scene-0655,28,7,vehicle.truck,-32.30686024024482,7.906951871729648,1.0840694411937875,5.703,2.025,1.827,-3.1178552772671195,0.024151872460581186,0.13698319447592078,0.011500974658869395,0.23600000000000004
scene-0655,28,8,vehicle.car,-1.926151334760109,-14.095685894374661,0.5052570935424504,4.794,2.338,1.693,1.623624148203231,0.06850130339304876,0.02349573076403766,0.06154092071611253,1.1550000000000002
scene-0655,28,9,vehicle.car,-47.082395709356284,-20.20279487966849,0.36629010651687555,4.364,2.135,1.861,-1.4970631710433888,0.0,0.7486297787608726,0.001139211665527455,0.020000000000000004
scene-0655,28,10,vehicle.car,-9.543641046592006,-15.237637220705887,0.5265798143603826,4.529,1.949,1.766,-1.5179685053865621,0.0,-0.07630503527903798,0.026510721247563353,0.4080000000000001
scene-0655,28,11,vehicle.car,-8.452286047468863,-27.748014280449706,0.19054396965843368,4.496,2.103,1.895,-1.6103762780028408,0.0,0.37238513371604753,0.00963519910888332,0.17300000000000004
scene-0655,28,12,vehicle.car,33.728217149552506,-14.700633294796548,0.41547609562670357,4.546,2.071,1.726,1.5327009213439327,0.04331942497495775,0.278117952277311,0.0,0.0
scene-0655,28,13,vehicle.car,-6.80873014381568,-15.127015829522296,0.47142311315724994,4.791,2.142,1.78,1.623624148203231,0.0,0.010080149362586499,0.0402336860670194,0.7300000000000002
scene-0655,28,14,vehicle.car,12.931669859790757,-15.19080455089629,0.2073536211009427,4.797,1.986,1.429,1.6435863895005722,0.04113521719643293,0.1384173239712314,0.02849702380952381,0.38300000000000006
scene-0655,28,15,vehicle.car,0.5676649546599939,-27.70965180956792,0.05186722314535119,4.462,2.091,1.742,1.5404729569228832,0.24791780117417925,0.42865732490839026,0.002738873327108621,0.04400000000000001
scene-0655,28,17,vehicle.car,-22.95658145096445,-44.30250452220316,0.028036481122449608,4.482,2.03,1.695,0.02408620730347656,0.015011603785017619,0.7271296507316077,0.0018300653594771241,0.028000000000000008
scene-0655,28,18,vehicle.car,-33.12382685558775,-0.07387126235999678,1.0314799765235814,4.617,2.026,1.743,0.009313224883546157,8.37961310981153,-0.12349966894454079,0.0013427109974424552,0.021000000000000005
scene-0655,28,19,vehicle.car,-5.477795306677872,-27.19559649960912,0.26557348624707555,4.589,2.2,1.901,1.5211389150373065,0.2518981342351829,0.33467197807787563,0.001248179737882255,0.024000000000000004
scene-0655,28,20,vehicle.car,-58.99730113378954,7.493082859042094,1.3691560044368,4.942,2.045,1.829,-3.130256214080306,0.0,0.10959267663162031,0.0,0.0
scene-0655,28,21,vehicle.car,23.402404012689516,-15.220612863421488,0.12786296866262004,4.725,2.044,1.555,1.5981602851931953,0.043981874862542604,0.40807047762548876,0.0,0.0
scene-0655,28,22,vehicle.truck,-22.930018620433522,-27.902726626874546,0.4654669326537362,5.489,2.278,2.022,0.006644675985673737,0.056952777030747435,0.4356988433605917,0.005256916996047431,0.133
scene-0655,28,23,vehicle.car,5.791817340872047,-15.223612355847512,0.10211267838709048,4.757,1.986,1.546,1.623624148203231,0.16560700317057608,0.27919539847143005,0.04131944444444444,0.5950000000000002
scene-0655,28,24,vehicle.car,-38.86267160370081,-8.017013684033463,0.8293551980673032,4.232,2.008,1.54,1.6068054485710406,0.2439934820588085,-0.03783286980974243,0.007698412698412698,0.09700000000000002
scene-0655,28,25,vehicle.car,31.060151685240392,-14.314872762310374,0.517223280947773,4.453,1.93,1.457,1.5981602851931953,0.0662744038648317,0.02866571553412245,0.0,0.0
scene-0655,28,26,vehicle.bus.bendy,14.8448796010671,-4.758966998013117,1.5109044471689057,9.48,2.764,3.374,-0.0340461398788552,0.0,-0.11046247920473329,0.03383458646616541,3.0600000000000005
scene-0655,28,27,vehicle.car,37.0504261848494,-15.180169687251706,0.3583974297157329,4.73,1.931,1.584,-1.6531837119409671,0.02603918157102899,0.2765630322584111,0.0,0.0
scene-0655,28,28,vehicle.car,3.0308255270002524,-45.553063933981846,0.3636087076932928,4.278,2.038,2.0,-1.5640935257994844,0.0,0.1963130933969477,0.0,0.0
scene-0655,28,30,vehicle.car,2.937321147165814,-27.523927440025815,0.27350203060332934,4.162,2.107,1.888,1.5416256623943578,0.3413469317728777,0.2328853762226899,0.008413891872538489,0.14100000000000001
scene-0655,28,31,vehicle.car,-52.673306213901164,-20.807645809524676,0.2248649219790727,4.345,2.034,1.537,-1.5100220129396462,0.0,0.7318949031313627,0.0,0.0
scene-0655,28,32,vehicle.car,3.0780273115778733,-14.623816421284474,0.20562361396717987,4.471,1.88,1.514,1.623624148203231,0.14424224564644805,0.18829957996439972,0.05551656920077973,0.7120000000000002
scene-0655,28,33,vehicle.car,25.82975596807456,-14.45621484882234,0.3140434186711515,4.742,1.978,1.519,1.5981602851931953,0.0,0.22668630084846364,0.0,0.0
scene-0655,28,37,vehicle.car,-41.74764568976464,-8.072615457062867,0.9391002005793437,4.496,1.956,1.766,1.6324788101790944,0.12322776364897693,-0.021753843591390543,0.0007407407407407407,0.012000000000000002
scene-0655,28,38,vehicle.car,-22.674631937940106,-21.000489768676847,0.054072966069709016,4.156,2.03,1.545,3.0790125185680584,0.25786176521890286,0.5410816984467399,0.004206349206349207,0.05300000000000002
scene-0655,28,40,vehicle.trailer,60.03294594636033,11.862592984719761,2.4120535545790083,1.787,2.166,3.314,-2.8452497588925794,0.004465682797704842,-0.77502517859577,0.0,0.0
scene-0655,28,41,vehicle.car,-25.920568162565345,7.528033352626282,0.8484378337075,4.746,1.802,1.518,3.1168253187841457,0.0642344658079104,0.13524114461643644,0.00929866036249015,0.11800000000000002
scene-0655,28,42,vehicle.car,15.620257931573468,-14.1674743403905,0.3959443433925573,4.661,2.107,1.626,1.6193801868667543,0.0,0.0808206102207239,0.00911854103343465,0.14400000000000002
scene-0655,28,43,vehicle.truck,-86.29526586240257,7.347081653683506,1.964401603692696,7.42,2.592,2.558,3.112133590729428,0.10807044636238301,0.2112637310088421,0.0,0.0
scene-0655,28,46,vehicle.car,28.559623870031764,-14.156694915162399,0.5930811351250234,4.558,2.027,1.654,1.5981602851931953,0.0,0.03594655230535837,0.0,0.0
scene-0655,28,47,vehicle.car,8.226607339558095,-15.40298017259719,0.1473437364484539,4.586,1.969,1.57,-1.5325167618674833,0.0,0.23985307618124585,0.03288043478260869,0.4840000000000001
scene-0655,28,48,vehicle.car,-52.680311900651546,-8.794031728157801,0.9312845029200291,5.069,2.185,1.875,1.5879432437910388,0.0,0.09477665943253288,0.0,0.0
scene-0655,28,50,vehicle.car,5.706959838743953,-28.086491099555328,-0.2707567746448115,4.638,2.166,1.85,-1.5902388644294332,0.0958614748956377,0.7308053190517025,0.003513394817742644,0.06400000000000002
scene-0655,28,51,vehicle.car,-66.6560538488249,-8.01059860455558,1.1704654781510984,4.758,1.94,1.818,-1.4975347167862292,0.14119257429743234,-0.044009480088010866,0.0,0.0
scene-0655,28,52,vehicle.bus.bendy,24.380808183502918,-5.30626017954737,1.5303529466277916,8.78,2.951,3.224,0.0008366629367243046,0.0,-0.16066801546877207,0.003693181818181818,0.31200000000000006
scene-0655,28,53,vehicle.car,95.30340851031492,-7.849691377064701,1.0820844704190036,4.449,1.905,1.812,-1.5085925632221184,0.0180017428686197,-0.7167667862454196,0.0,0.0
scene-0655,28,54,vehicle.car,28.87546070495229,26.95064015773625,1.8010249658314894,4.625,1.976,1.763,0.996199882530374,0.20092742196500935,0.23451763575389872,0.001932367149758454,0.032
scene-0655,28,55,vehicle.car,-44.02331195290495,8.011297168997736,1.146297440075064,4.641,1.983,1.567,3.1268889997331315,0.02596248278430143,0.07231181762299499,0.003532608695652174,0.05200000000000001
scene-0655,28,56,vehicle.car,16.764224695152237,-29.385446024650903,-0.2872187856442413,4.601,2.053,1.729,-1.5963866195049423,0.0,0.8276585243946992,0.0,0.0
scene-0655,28,58,vehicle.car,-97.52574372354981,7.460158737977004,1.340042265419251,4.81,1.891,1.873,-3.1361688817956637,0.041986918676297634,0.6494012026746211,0.0,0.0
scene-0655,28,59,vehicle.car,10.543261886091477,-14.521567191700832,0.34149797702395324,4.432,2.012,1.71,1.6833182270952485,0.1544119205215947,0.12730344271100158,0.027673796791443852,0.41400000000000015
scene-0655,28,60,vehicle.construction,21.120152217518353,11.185243940348917,1.3161555261623032,7.556,2.525,2.252,1.587314503322669,0.01800174286866378,0.014977807639919849,0.039290617848970255,1.7170000000000005
scene-0655,28,62,vehicle.car,-58.07038423298653,-20.60381264211116,0.2500620600862533,4.333,2.007,1.493,-1.6242786371212763,0.0,0.6547738789634675,0.0,0.0
scene-0655,28,63,vehicle.car,-68.94681179412785,-20.82182290552155,0.1859915341731826,4.404,1.963,1.509,-1.5718829709760613,0.0,0.7329167472723206,0.0,0.0
scene-0655,28,64,vehicle.car,0.8768049031421483,-14.23734379301816,0.41497216591283537,4.558,2.15,1.752,1.623624148203231,0.21926684437517974,0.12710640159204745,0.076432022084196,1.3290000000000004
scene-0655,28,65,vehicle.car,20.84547048145936,-14.70832734078997,0.4017615998625151,4.73,2.115,1.681,1.5981602851931953,0.021990937431219753,0.16858821550613728,0.00017879492222420883,0.0030000000000000005
scene-0655,28,68,vehicle.car,18.11040484913397,-14.725324338191887,0.4693862178021303,4.808,1.978,1.535,1.5981602851931953,0.0,-0.006315033643805146,0.0042361111111111115,0.06100000000000002
scene-0655,28,70,vehicle.car,-4.424020687990986,-14.831720592424904,0.3479179138836831,4.84,2.027,1.676,1.623624148203231,0.02603918157102899,0.12900945642614658,0.05520833333333333,0.9010000000000001
scene-0655,28,71,vehicle.car,-2.3794547197753753,-27.509612732021367,0.26493057525115593,4.352,2.066,1.904,1.5539211734816614,0.6782790047840106,0.342194267869419,0.009284575074048758,0.16300000000000003
scene-0655,28,72,vehicle.car,32.00190261832876,26.45799876806271,1.5276837441628102,4.208,1.85,1.318,-2.203026401122401,0.10396689827964124,0.007376503258454514,0.0010175010175010174,0.010000000000000002
scene-0655,29,0,vehicle.car,-75.04287132291333,7.955388638308095,0.7614240682534468,4.959,1.943,1.499,-3.1239900169212502,0.0659903256663396,0.1411443103142489,0.0,0.0
scene-0655,29,1,vehicle.car,-11.857277631239532,5.782035090276113,0.7947885101797884,4.782,1.924,1.481,3.113630317113885,0.010984205783553615,-0.032827880180150704,0.08567251461988304,1.1720000000000002
scene-0655,29,2,vehicle.car,-56.101656725779286,7.384637342851622,1.2168815789510927,5.765,2.078,2.301,-3.123641094488446,0.0,0.013120035023478582,0.0,0.0
scene-0655,29,3,vehicle.car,-82.22685202040948,7.855811668819692,0.7630869425968334,4.73,1.869,1.456,3.1150204321049184,0.003994256648595912,0.14840084524591712,0.0,0.0
scene-0655,29,4,vehicle.car,-42.47274851087126,7.94343242885096,0.890137150569265,4.995,1.966,1.748,-3.115720542031161,0.016255446849260294,0.0803538137242149,0.0005294117647058823,0.009000000000000001
scene-0655,29,5,vehicle.construction,23.2195207113534,5.423704942015796,1.261927181148026,7.094,2.641,2.073,3.1045199227935902,0.0,-0.189212889098618,0.026879224062322654,1.0420000000000003
scene-0655,29,6,vehicle.car,-68.00580134713663,-20.66057425762735,0.2665031710718686,4.742,2.067,1.88,-1.5555837737489,0.0,0.6364389076377337,0.0,0.0
scene-0655,29,7,vehicle.truck,-36.59529475204079,7.9414049908564275,0.8916211669305242,5.703,2.025,1.827,-3.122634597154619,0.0529615688550577,0.1243728493591868,0.00034113060428849905,0.007000000000000002
scene-0655,29,8,vehicle.car,-6.225489208650485,-14.105808749484428,0.5795594031994257,4.794,2.338,1.693,1.6224485846225185,0.06764489146259381,0.07335084984851747,0.041187127024722936,0.7730000000000002
scene-0655,29,9,vehicle.car,-51.40487754472108,-20.12449252777186,0.23676623597018365,4.364,2.135,1.861,-1.498244401375541,0.0,0.6396179768813407,0.0,0.0
scene-0655,29,10,vehicle.car,-13.860707037221852,-15.207521357542198,0.5472632809746493,4.529,1.949,1.766,-1.5191440689672748,0.0,0.14395421470520608,0.012020792722547108,0.18500000000000003
scene-0655,29,11,vehicle.car,-12.784948473623688,-27.72282438384524,0.35170338566107884,4.496,2.103,1.895,-1.6115279856943066,0.0,0.6366771901150213,0.005458089668615985,0.09800000000000003
scene-0655,29,12,vehicle.car,29.43205577091531,-14.718524058277994,0.6496306570389941,4.546,2.071,1.726,1.5315488483923065,0.04421959618522097,0.06140005914180724,0.0,0.0
scene-0655,29,13,vehicle.car,-11.125614610004325,-15.101621832530618,0.5300381487700089,4.791,2.142,1.78,1.6224485846225185,0.0,0.17050583540471953,0.01427469135802469,0.25900000000000006
scene-0655,29,14,vehicle.car,8.614590205359699,-15.171582768989555,0.31586692090587365,4.797,1.986,1.429,1.6424054165795365,0.040119995276391665,0.2190082384769465,0.025967261904761906,0.3490000000000001
scene-0655,29,15,vehicle.car,-3.6722273734528175,-27.61192931809441,0.21824764433768729,4.462,2.091,1.742,1.539318961129935,0.36048304558421934,0.5213070819053318,0.0018674136321195146,0.03000000000000001
scene-0655,29,17,vehicle.car,-27.32542723452411,-44.262905343184556,0.20383431416783448,4.482,2.03,1.695,0.02280158498251724,0.03252622541052808,0.9371054913398255,0.0013725490196078432,0.021000000000000005
scene-0655,29,18,vehicle.car,-33.3201428860435,-0.017660427482093982,0.8766906189888752,4.617,2.026,1.743,0.004530166413592173,8.188766919461491,-0.08481600200832251,0.00210997442455243,0.03300000000000001
scene-0655,29,19,vehicle.car,-63.28755097760645,7.592400048506178,1.0176970923636748,4.942,2.045,1.829,-3.131544167888749,0.0,-0.0004896318410231304,0.0,0.0
scene-0655,29,20,vehicle.car,19.085955445873246,-15.21599059181102,0.36503952544851026,4.725,2.044,1.555,1.596991503411415,0.04398218899373592,0.26277945774870193,0.0,0.0
scene-0655,29,21,vehicle.truck,-27.263656527992918,-27.855149785914392,0.5052027808095438,5.489,2.278,2.022,0.005355506215082127,0.0,0.5936036228273884,0.007035573122529644,0.17800000000000002
scene-0655,29,22,vehicle.car,38.313842055180785,19.315197764382972,1.9077563655291527,5.548,2.219,1.995,-2.1785670583438543,0.27575345719714,-0.21406040548429184,4.132231404958678e-05,0.0010000000000000002
scene-0655,29,23,vehicle.car,1.643759802010283,-15.18827674384102,0.40583246398169454,4.757,1.986,1.546,1.6224485846225185,0.11730897858254971,0.1409559732655818,0.05451388888888889,0.7850000000000003
scene-0655,29,24,vehicle.car,22.209317733859653,28.97092408062786,1.8278333416079438,4.486,1.892,1.636,-2.1290150670315655,0.178837313663772,-0.2960545477961456,0.01381578947368421,0.18900000000000003
scene-0655,29,25,vehicle.car,-43.16698157553129,-8.069584390051158,0.6834929890553885,4.232,2.008,1.54,1.6056343801529827,0.02603936755046219,-0.027227271608584402,0.005396825396825397,0.06800000000000002
scene-0655,29,26,vehicle.car,26.761334920031857,-14.31082793760721,0.7459115473905678,4.453,1.93,1.457,1.596991503411415,0.06679192575887709,-0.16915332028065866,0.0,0.0
scene-0655,29,27,vehicle.bus.bendy,10.535960856145445,-4.757045104243685,1.669407113101766,9.48,2.764,3.374,-0.03534561170113104,0.0,-0.17920296409396874,0.04492481203007519,4.0630000000000015
scene-0655,29,28,vehicle.car,32.73501051374031,-15.19909359836176,0.6023984223595076,4.73,1.931,1.584,-1.654325182498173,0.025981864276268717,0.03566754591556265,0.0,0.0
scene-0655,29,29,vehicle.car,-1.326421649368341,-45.53983604193331,0.6532901781049709,4.278,2.038,2.0,-1.5739919689712853,0.0,0.19422929413643075,0.0025581395348837207,0.044000000000000004
scene-0655,29,31,vehicle.car,-1.2242797923933182,-27.517269352220158,0.4414294788274332,4.162,2.107,1.888,1.575392868057741,0.3413469317728777,0.3449478411045507,0.0031029955841985917,0.05200000000000001
scene-0655,29,32,vehicle.car,-56.996200831690345,-20.724338621671777,0.11744078089865018,4.345,2.034,1.537,-1.5111997206515424,0.0,0.6121217808219594,0.0,0.0
scene-0655,29,33,vehicle.car,-1.0788319357736071,-14.701611056509018,0.44203658150454045,4.471,1.88,1.514,1.6224485846225185,0.1799688561817347,0.08841641570310116,0.06760233918128655,0.8670000000000002
scene-0655,29,34,vehicle.car,21.51417378622795,-14.474572305318164,0.5255282042365782,4.742,1.978,1.519,1.596991503411415,0.0,0.0831428978103883,0.0,0.0
scene-0655,29,38,vehicle.car,-46.06065595296555,-7.936520580040423,0.7846543445512371,4.496,1.956,1.766,1.6313008566331189,0.06211197519899038,-0.0016468582078532634,0.0004938271604938272,0.008000000000000002
scene-0655,29,39,vehicle.car,-26.739219818397533,-20.972709318885713,0.049824525471368175,4.156,2.03,1.545,3.0777061077757106,0.5137319053213538,0.6659817157131048,0.005,0.06300000000000001
scene-0655,29,42,vehicle.trailer,55.741212691425446,11.816112352395907,2.578919304523084,1.787,2.166,3.314,-2.8464578699671828,0.005377432583622997,-0.6067907992931341,0.0,0.0
scene-0655,29,43,vehicle.car,-30.203855019210387,7.573861683068046,0.6762237238254918,4.746,1.802,1.518,3.115528155900051,0.015788685710909512,0.17829982728096117,0.00512214342001576,0.06500000000000002
scene-0655,29,44,vehicle.car,11.305105906249317,-14.170733476662049,0.5163636972249455,4.661,2.107,1.626,1.6182057631868556,0.0,0.12074973136773637,0.021403242147923,0.3380000000000001
scene-0655,29,45,vehicle.truck,-90.62033268095534,7.4426464307950315,1.4866578701013675,7.42,2.592,2.558,3.1108352572526994,0.050177228146244875,0.01251380498465382,0.0,0.0
scene-0655,29,48,vehicle.car,24.243071698610372,-14.176533816274024,0.8091921653645271,4.558,2.027,1.654,1.596991503411415,0.0,-0.1337241448061699,0.0,0.0
scene-0655,29,49,vehicle.car,3.910711707739484,-15.399732682062442,0.290124023055497,4.586,1.969,1.57,-1.533688433577893,0.0,0.28154177417808457,0.04701086956521739,0.6920000000000002
scene-0655,29,50,vehicle.car,-56.99065686294716,-8.706559780961987,0.7541463645075094,5.069,2.185,1.875,1.5867771422066423,0.0,0.11697742623345742,0.0,0.0
scene-0655,29,52,vehicle.car,1.375544463101963,-28.08452613726717,0.013590045913221327,4.638,2.166,1.85,-1.5913955814140885,0.0,0.7434147992291432,0.0008234519104084321,0.015000000000000003
scene-0655,29,53,vehicle.car,-70.98875529464769,-7.835981295747431,0.8958481552630093,4.758,1.94,1.818,-1.4987158183929603,0.14017860205429092,0.0035248973936412575,0.0,0.0
scene-0655,29,54,vehicle.bus.bendy,20.072198920635707,-5.193127725630114,1.6570166050519561,8.78,2.951,3.224,-0.0004540044067888313,0.24070575025160912,-0.16565471479555116,0.008676609848484848,0.7330000000000002
scene-0655,29,55,vehicle.car,90.98767316420226,-7.94500050574837,1.5277029858363096,4.449,1.905,1.812,-1.5097706579464045,0.017778929448530094,-0.8263090271485273,0.0,0.0
scene-0655,29,56,vehicle.car,24.705404132617627,26.911396731685766,1.7773280062938563,4.625,1.976,1.763,0.9951172458124116,0.14238908714119253,-0.17784392597922016,0.025543478260869567,0.4230000000000001
scene-0655,29,57,vehicle.car,-48.312513967419775,8.075382563842824,0.9008877031033882,4.641,1.983,1.567,3.1255943686819756,0.025962668215816664,-0.016165798944795973,0.00033967391304347825,0.005000000000000001
scene-0655,29,58,vehicle.car,12.431820043150196,-29.395062006300225,-0.038630965228796166,4.601,2.053,1.729,-1.5975417948665143,0.0,0.7698392140824797,0.00036536353671903543,0.006000000000000001
scene-0655,29,61,vehicle.car,-101.83642499069394,7.609184316548822,0.799704864408365,4.81,1.891,1.873,-3.1374583670831737,0.0409898121521437,0.41510448083699636,0.0,0.0
scene-0655,29,62,vehicle.car,6.222615701027756,-14.441366382092017,0.4391876366514609,4.432,2.012,1.71,1.6821262815569857,0.10921388957622867,0.21435319396072172,0.0483288770053476,0.7230000000000003
scene-0655,29,63,vehicle.construction,16.842758465480735,11.177631533318877,1.3778022928394758,7.556,2.525,2.252,1.5861485658645755,0.017974154918624842,-0.023097765819021454,0.045240274599542336,1.9770000000000005
scene-0655,29,65,vehicle.car,-62.39305796979232,-20.51325401010649,0.11422866648347418,4.333,2.007,1.493,-1.6254269565712174,0.0,0.591010845185208,0.0,0.0
scene-0655,29,66,vehicle.car,-73.26901586850644,-20.71633162592469,-0.03879834861272835,4.404,1.963,1.509,-1.5730443525323976,0.0,0.7597227243852045,0.0,0.0
scene-0655,29,67,vehicle.car,-3.3297679242609393,-14.217528927967926,0.5320847272911781,4.558,2.15,1.752,1.6224485846225185,0.10913625639438927,0.1322991887292153,0.057108350586611456,0.9930000000000003
scene-0655,29,68,vehicle.car,16.529334059563556,-14.718966099680683,0.5710097691412506,4.73,2.115,1.681,1.596991503411415,0.0,0.11105071383757026,0.0,0.0
scene-0655,29,71,vehicle.car,13.793737707997968,-14.732666008809503,0.6500408629619782,4.808,1.978,1.535,1.596991503411415,0.0,-0.04705105344888616,0.0,0.0
scene-0655,29,73,vehicle.car,-8.738924063844498,-14.822321846570933,0.3831002206717653,4.84,2.027,1.676,1.6224485846225185,0.027035098906433075,0.2662659797753172,0.01629901960784314,0.26600000000000007
scene-0655,29,74,vehicle.car,-6.724859195558748,-28.16598551235667,0.4844593876284913,4.352,2.066,1.904,1.5527638095702572,0.3884427425734808,0.38964993313128193,0.003246753246753247,0.057000000000000016
scene-0655,29,75,vehicle.car,27.682967221179926,26.435989983237388,1.5224624002152698,4.208,1.85,1.318,-2.204110724217929,0.069534777207785,-0.09117127634823485,0.002035002035002035,0.020000000000000004
scene-0655,30,0,vehicle.car,-16.11685151157098,5.810990599140865,0.7445346172808642,4.782,1.924,1.481,3.1090023917905567,0.00499556339415019,-0.12574065599431938,0.06206140350877193,0.8490000000000002
scene-0655,30,1,vehicle.car,-60.36292674118517,7.364683294220669,1.2029904871163015,5.765,2.078,2.301,-3.122441026423383,0.036980668174784695,-0.10630603449317255,0.0,0.0
scene-0655,30,2,vehicle.car,-86.48839462723677,7.825908370308404,0.7533604568952222,4.73,1.869,1.456,3.1127186319284657,0.04795740858388726,-0.006538714509596422,0.0,0.0
scene-0655,30,3,vehicle.car,-46.73993936042187,7.929639403055229,0.8533043154505316,4.995,1.966,1.748,-3.1145182574692427,0.012716628306695312,-0.0492579954889838,0.00047058823529411766,0.008000000000000002
scene-0655,30,4,vehicle.construction,18.961054314867035,5.492955349989211,1.1228723127825908,7.094,2.641,2.073,3.1057041968470678,0.0,-0.15068763184387013,0.03314760357013878,1.2850000000000004
scene-0655,30,5,vehicle.truck,-40.85690156701755,7.912973069548402,0.8491144819787741,5.703,2.025,1.827,-3.1249260323429793,0.05199227250913365,-0.013986632638335328,0.0,0.0
scene-0655,30,6,vehicle.car,-10.44569318306415,-14.105556168588818,0.7303549894918724,4.794,2.338,1.693,1.6235161608150754,0.06853942105369441,0.1642601708243565,0.02120630861040068,0.3980000000000001
scene-0655,30,7,vehicle.car,-18.097066810730645,-15.18644405713335,0.709403086331069,4.529,1.949,1.766,-1.5180764927747177,0.0,0.19232160479170135,0.01760883690708252,0.2710000000000001
scene-0655,30,8,vehicle.car,25.215368239076927,-14.640232315341867,0.7740775737289148,4.546,2.071,1.726,1.5326421665058003,0.04424388624820127,0.4476826639648718,0.0,0.0
scene-0655,30,9,vehicle.car,-15.362293716437362,-15.078216667424936,0.7138701710901203,4.791,2.142,1.78,1.6235161608150754,0.0,0.2120969963767586,0.012125220458553791,0.22000000000000006
scene-0655,30,10,vehicle.car,-7.66401941261215,-27.503161138166316,0.45752149827262134,4.462,2.091,1.742,1.5404100082698466,0.4867198446808932,0.6158758333227995,0.0014939309056956115,0.024000000000000004
scene-0655,30,12,vehicle.car,-31.54622474612532,-44.26371714170984,0.7509577945895833,4.482,2.03,1.695,0.024003012155549414,0.03349616132666532,0.9640497227482158,0.0,0.0
scene-0655,30,13,vehicle.car,-33.475463869608895,-0.018825116295630214,0.9128252213762549,4.617,2.026,1.743,0.0022346718261997156,8.188270429614223,-0.22525663168890742,0.0,0.0
scene-0655,30,14,vehicle.car,-67.54892673039721,7.562792467708371,0.971651103471399,4.942,2.045,1.829,-3.130346326841831,0.0,-0.08979312897193503,0.0,0.0
scene-0655,30,15,vehicle.car,14.848501609677381,-15.139931037760606,0.554251562859009,4.725,2.044,1.555,1.598066088617615,0.04400634864766388,0.5322310478435056,0.0,0.0
scene-0655,30,17,vehicle.truck,-31.486069051236264,-27.84833462029916,0.8297167187697616,5.489,2.278,2.022,0.006552017762995122,0.0,0.5418237308495315,0.0011067193675889327,0.028000000000000004
scene-0655,30,18,vehicle.car,34.04381719765809,19.54705689242465,1.5175717635230055,5.548,2.219,1.995,-2.177314634811529,0.24202873102370737,-0.09859024358549018,0.00024793388429752067,0.006000000000000002
scene-0655,30,20,vehicle.car,-2.659732084591022,-15.129666973016706,0.6161672786010466,4.757,1.986,1.546,1.6235161608150754,0.14091301564445907,0.1173956322835722,0.06451388888888888,0.9290000000000002
scene-0655,30,21,vehicle.car,17.943953976506492,28.955414797411006,1.4792338985305853,4.486,1.892,1.636,-2.110316864505551,0.12378115001736481,-0.2585976387363501,0.03464912280701754,0.4740000000000001
scene-0655,30,22,vehicle.car,-47.414836053302515,-7.985018039295594,0.8710228528292239,4.232,2.008,1.54,1.6067065662697546,0.19208964371815251,-0.18108673231912253,0.003253968253968254,0.04100000000000001
scene-0655,30,23,vehicle.car,22.542595367639336,-14.214479212003875,0.8777668822693085,4.453,1.93,1.457,1.598066088617615,0.06768204916677184,0.1921320423198486,0.0,0.0
scene-0655,30,24,vehicle.bus.bendy,6.288197066395006,-4.698077613421804,1.77540683180825,9.48,2.764,3.374,-0.034160832454096755,0.0,-0.11584872644380817,0.08089340999557718,7.316000000000002
scene-0655,30,25,vehicle.car,28.49897597075703,-15.113135360987926,0.7201241320521966,4.73,1.931,1.584,-1.653218730735842,0.025996136254632304,0.44604870448993295,0.0,0.0
scene-0655,30,26,vehicle.car,-5.529220700766329,-45.5015292054522,1.1717045101162742,4.278,2.038,2.0,-1.5816321936038027,0.0,0.13033705029517906,0.00011627906976744187,0.0020000000000000005
scene-0655,30,28,vehicle.car,-5.316213082023127,-14.668743466297865,0.638600094678247,4.471,1.88,1.514,1.6235161608150754,0.0,0.13095520278588535,0.06074074074074074,0.7790000000000001
scene-0655,30,29,vehicle.car,17.276815412111418,-14.415405335591696,0.6716039544190981,4.742,1.978,1.519,1.598066088617615,0.0,0.40707662357429475,0.0,0.0
scene-0655,30,33,vehicle.car,-50.30505365462249,-7.948893236065273,0.9110130467650879,4.496,1.956,1.766,1.6323660376844886,0.0,-0.10793423273539426,0.0,0.0
scene-0655,30,34,vehicle.car,-30.714592779781462,-20.989276909612617,0.3926392839224868,4.156,2.03,1.545,3.0788824722405796,0.5120146615031674,0.5280903150765366,0.005952380952380952,0.07500000000000001
scene-0655,30,37,vehicle.trailer,51.47563330910408,11.93930292637635,2.344658608303431,1.787,2.166,3.314,-2.8451931169080273,0.00509449504562787,-0.6360714774290357,0.0,0.0
scene-0655,30,38,vehicle.car,-34.46173387728238,7.569047744339728,0.6197946379926409,4.746,1.802,1.518,3.116715640316339,0.015250793152707116,0.045540849969128216,0.00512214342001576,0.06500000000000002
scene-0655,30,39,vehicle.car,7.0675567432381525,-14.122538071220992,0.647351171173004,4.661,2.107,1.626,1.619274495271841,0.0,0.330953638635727,0.0,0.0
scene-0655,30,40,vehicle.truck,-94.89940032451568,7.428112462711254,1.4642244215465885,7.42,2.592,2.558,3.112021375881546,0.08712927081484012,-0.15040124602688376,0.0,0.0
scene-0655,30,42,vehicle.car,20.005648372940186,-14.110835526046829,0.941633402827907,4.558,2.027,1.654,1.598066088617615,0.0,0.21422923445351083,0.0,0.0
scene-0655,30,43,vehicle.car,-0.32713826750003383,-15.365896062877681,0.6413843674947832,4.586,1.969,1.57,-1.5326168742699326,0.0,0.09081775993207952,0.07269021739130435,1.0700000000000003
scene-0655,30,44,vehicle.car,-61.23447934256795,-8.731850283667542,0.9328852503325301,5.069,2.185,1.875,1.5878545872583083,0.0,-0.059608062985118004,0.0,0.0
scene-0655,30,46,vehicle.car,-2.8477476380881814,-28.05405951185167,0.41965098474566775,4.638,2.166,1.85,-1.5903076942694707,0.0,0.5797239592259662,0.011363636363636364,0.20700000000000005
scene-0655,30,47,vehicle.bus.bendy,15.82496139587082,-5.002221569706339,1.6753889439454173,8.78,2.951,3.224,0.0007408542614407482,0.09995621784219641,-0.0381442795446012,0.025710227272727273,2.1720000000000006
scene-0655,30,48,vehicle.car,86.73843233732448,-7.7897636150373115,1.4745970588698498,4.449,1.905,1.812,-1.5087056171901438,0.018584570109882338,-0.6600381239428631,0.0,0.0
scene-0655,30,49,vehicle.car,20.46758656374447,26.995570316587013,1.4036483469004017,4.625,1.976,1.763,0.9963628569701513,0.09554986301489027,-0.13372818231528827,0.009782608695652175,0.16200000000000003
scene-0655,30,50,vehicle.car,-52.57504382108719,8.04710615060452,0.8726820434899909,4.641,1.983,1.567,3.1267847679720124,0.012988464824835927,-0.14622124847489426,0.0,0.0
scene-0655,30,53,vehicle.car,-106.11798223216815,7.53407076353356,0.7848925293331313,4.81,1.891,1.873,-3.136262202344556,0.2302082232200036,0.2129883897359205,0.0,0.0
scene-0655,30,54,vehicle.car,1.982312373976086,-14.37158637639369,0.796738742874051,4.432,2.012,1.71,1.6831781778048662,0.015985802861371474,0.03662065462670239,0.03983957219251337,0.5960000000000002
scene-0655,30,55,vehicle.construction,12.586336348199527,11.239024616274634,1.266165133598904,7.556,2.525,2.252,1.5872261877505331,0.018011759967483536,-0.037525726679424665,0.06327231121281464,2.765
scene-0655,30,57,vehicle.car,-7.568463386549748,-14.188123589927363,0.8374545645733801,4.558,2.15,1.752,1.6235161608150754,0.0,0.08381241759457914,0.0342765125373821,0.5960000000000001
scene-0655,30,58,vehicle.car,12.29242550481525,-14.664349295106582,0.7047273157476688,4.73,2.115,1.681,1.598066088617615,0.0,0.4070079714418149,0.0,0.0
scene-0655,30,61,vehicle.car,9.556716765773764,-14.680544947763838,0.8109412318163,4.808,1.978,1.535,1.598066088617615,0.0,0.18614183786582128,0.0,0.0
scene-0655,30,63,vehicle.car,-12.975061136090352,-14.811529305745848,0.5295648308260279,4.84,2.027,1.676,1.6235161608150754,0.02704994943225799,0.35845983879138654,0.010906862745098039,0.17800000000000002
scene-0655,30,64,vehicle.car,-10.941902740254081,-27.852078079430722,0.7526805375479481,4.352,2.066,1.904,1.5538509545345973,0.5674961400282632,0.5141785248852947,0.00683526999316473,0.12000000000000002
scene-0655,30,65,vehicle.car,23.436612142865172,26.444651072694985,1.2008945621381069,4.208,1.85,1.318,-2.202853212317198,0.15032247085632683,-0.13319585431912184,0.0,0.0
scene-0655,31,0,vehicle.car,-20.279498812068542,5.838596975142864,0.8850613636707652,4.782,1.924,1.481,3.1086774898462934,0.0069924762140818626,-0.06333178869241352,0.024195906432748538,0.33100000000000007
scene-0655,31,1,vehicle.car,-64.52280947179906,7.440109664139497,1.5202290372565557,5.765,2.078,2.301,-3.1227730575127035,0.07398118334609499,0.40186661961524006,0.0,0.0
scene-0655,31,2,vehicle.car,-90.64921896877439,7.897564613882963,1.2195435448941547,4.73,1.869,1.456,3.108904607373937,0.04794840832548969,0.7549041374865215,0.0,0.0
scene-0655,31,3,vehicle.car,-50.90525725487341,7.9613228265034435,1.1478764373144812,4.995,1.966,1.748,-3.114851409037726,0.012028651953242759,0.43085961662915284,0.0014705882352941176,0.025000000000000005
scene-0655,31,4,vehicle.construction,14.799862315114488,5.5101487469565305,1.0326508960863225,7.094,2.641,2.073,3.105379737204516,0.0489575255518085,-0.0518047065874212,0.06092968064799051,2.362000000000001
scene-0655,31,5,vehicle.truck,-45.01751625749401,7.922667345885228,1.042279554806967,5.703,2.025,1.827,-3.128748963384701,0.012986027254853247,0.5100779886615083,0.010038986354775828,0.20600000000000002
scene-0655,31,6,vehicle.car,-14.597729629911457,-14.105277643492983,0.5552733153372073,4.794,2.338,1.693,1.6231319315920756,0.06890297592469262,0.19785647055814037,0.007939045183290708,0.14900000000000005
scene-0655,31,7,vehicle.car,-22.2662478866787,-15.156569691104709,0.6925678026828668,4.529,1.949,1.766,-1.5184607219977175,0.0,0.07968376474047689,0.014359974009096816,0.22100000000000006
scene-0655,31,8,vehicle.car,21.066422076780235,-14.613607609925126,0.5703957259317995,4.546,2.071,1.726,1.5322452684117844,0.04423558291362784,0.23524569994600997,0.0,0.0
scene-0655,31,9,vehicle.car,-19.531525775566763,-15.04974688869366,0.7106195028897735,4.791,2.142,1.78,1.6231319315920756,0.0,0.08682967550788201,0.015928130511463846,0.2890000000000001
scene-0655,31,11,vehicle.car,-33.54114652632196,0.009919011087300256,1.0720215048061814,4.617,2.026,1.743,-0.001586233177006989,8.188731195692148,-0.04403257958759921,0.0008951406649616369,0.014000000000000004
scene-0655,31,12,vehicle.car,-71.70947033613542,7.604395882449745,1.32766304988947,4.942,2.045,1.829,-3.130677247051249,0.0,0.4932338159552566,0.0,0.0
scene-0655,31,13,vehicle.car,10.6776285935103,-15.097856420997804,0.4435412780708419,4.725,2.044,1.555,1.5976782140761479,0.0439980898922253,0.23589092420872576,0.0,0.0
scene-0655,31,15,vehicle.truck,-35.65854506706513,-27.8150768160046,0.8016668451878568,5.489,2.278,2.022,0.006221753730447668,0.0,1.2881146403696992,0.0020948616600790513,0.053000000000000005
scene-0655,31,16,vehicle.car,30.08001600474032,19.566367307229605,1.3645966857120002,5.548,2.219,1.995,-2.177751036014674,0.27470442269819845,0.19743154114041683,0.0030578512396694213,0.07400000000000001
scene-0655,31,18,vehicle.car,13.827061298941887,28.945923412297947,1.5617047858526352,4.486,1.892,1.636,-2.113716735860627,0.08672833806319216,-0.08359663680096896,0.02456140350877193,0.3360000000000001
scene-0655,31,19,vehicle.car,-51.58409347851882,-7.853755510641185,1.1139416256041121,4.232,2.008,1.54,1.6063199218639985,0.1911108596642584,0.11463269924215558,0.0,0.0
scene-0655,31,20,vehicle.car,18.391620202454757,-14.168849111871038,0.698609654634884,4.453,1.93,1.457,1.5976782140761479,0.06715868365093176,-0.03177164685695466,0.0,0.0
scene-0655,31,21,vehicle.bus.bendy,2.1264612142756,-4.683334830262797,1.7964401983262097,9.48,2.764,3.374,-0.034485523583819545,0.0,0.39733953199376715,0.11321318000884564,10.239000000000003
scene-0655,31,22,vehicle.car,24.33071004780992,-15.083526535151904,0.4894374286084599,4.73,1.931,1.584,-1.6536213907115085,0.026048781573397534,0.25217655606575545,0.0,0.0
scene-0655,31,24,vehicle.car,13.10730755537647,-14.39596676935722,0.5227249833686557,4.742,1.978,1.519,1.5976782140761479,0.0,0.15535515382454723,0.0,0.0
scene-0655,31,28,vehicle.car,-54.47086617966278,-7.911633904776603,1.103575169014631,4.496,1.956,1.766,1.6319830909427717,0.0,0.27587152988940655,0.0,0.0
scene-0655,31,31,vehicle.trailer,47.321519862396705,11.942114898625608,2.1543383753263172,1.787,2.166,3.314,-2.8455665308093536,0.02211215132119349,-0.5365710763894733,0.01078971533516988,0.14100000000000001
scene-0655,31,32,vehicle.car,-38.620306847812735,7.5966611048537,0.8444521060175867,4.746,1.802,1.518,3.116389697976922,0.02970018060360194,0.4126977360062628,0.0018124507486209614,0.023000000000000007
scene-0655,31,33,vehicle.car,2.8981918908684583,-14.099581633173887,0.5259186874996006,4.661,2.107,1.626,1.6188896539756736,0.0,0.1806707718600452,0.005002532928064843,0.07900000000000003
scene-0655,31,34,vehicle.truck,-99.07676259668945,7.514235175732365,1.9414271514643162,7.42,2.592,2.558,3.111696067719947,0.08711291909829659,0.6669785139333277,0.0,0.0
scene-0655,31,36,vehicle.car,15.83741605006217,-14.093514825640312,0.7754529576542571,4.558,2.027,1.654,1.5976782140761479,0.0,-0.017347932541628253,0.0,0.0
scene-0655,31,37,vehicle.car,97.27034612236325,3.835337533302179,1.3361372993260008,4.523,1.975,1.72,-3.1206617822359184,14.422863527418185,-0.6626151094704252,0.0,0.0
scene-0655,31,38,vehicle.car,-65.40044045074386,-8.69235701663295,1.2030923812820147,5.069,2.185,1.875,1.5874652694766427,0.0,0.41207624979479807,0.0,0.0
scene-0655,31,40,vehicle.bus.bendy,11.66274280895356,-5.00547327074947,1.4754508337569978,8.78,2.951,3.224,0.0004113988208687545,0.04096811231453491,0.5674241695808624,0.041252367424242424,3.4850000000000008
scene-0655,31,41,vehicle.car,82.56900566406476,-7.786789183332751,1.058543510351585,4.449,1.905,1.812,-1.5090884882083324,0.01800837966607018,-0.28427177206079823,0.0,0.0
scene-0655,31,42,vehicle.car,16.35816295315528,26.96277595631335,1.4997000774858449,4.625,1.976,1.763,0.995926296354418,0.12785071551095867,0.3885497909070994,0.0,0.0
scene-0655,31,43,vehicle.car,-56.73592202745944,8.085647573243751,1.135642587814468,4.641,1.983,1.567,3.126457455123316,0.0,0.443527087058884,0.0,0.0
scene-0655,31,44,vehicle.car,27.471405099011267,20.849333547778,1.1067192572223363,4.518,1.864,1.483,-2.1602947938914436,0.12301846174417107,0.3881609817875209,0.0027290448343079924,0.03500000000000001
scene-0655,31,47,vehicle.car,-110.05168651307663,7.489462364369671,1.2114351396394227,4.81,1.891,1.873,-3.1365922960598223,0.49617884873406337,1.2222070560621763,0.0,0.0
scene-0655,31,48,vehicle.car,-2.184830203094721,-14.364612133951692,0.7208705429404223,4.432,2.012,1.71,1.6828027180673317,0.031223403363521755,0.058428980293945054,0.0,0.0
scene-0655,31,49,vehicle.construction,8.436363523925413,11.255837237715738,1.3267119470485973,7.556,2.525,2.252,1.5868367815403719,0.00399570069369617,-0.01066974934428222,0.08018306636155606,3.5040000000000004
scene-0655,31,52,vehicle.car,-11.736364835753253,-14.158150938974522,0.6169574249283685,4.558,2.15,1.752,1.6231319315920756,0.0,0.29415615932184325,0.0003450655624568668,0.006000000000000002
scene-0655,31,53,vehicle.car,8.123092752488784,-14.643205997901443,0.5573596848220661,4.73,2.115,1.681,1.5976782140761479,0.0,0.17962168759395336,0.0,0.0
scene-0655,31,56,vehicle.car,5.387793666765204,-14.659791993775698,0.7004848621327051,4.808,1.978,1.535,1.5976782140761479,0.0,-0.042929198249019085,0.0043055555555555555,0.06200000000000001
scene-0655,31,58,vehicle.car,23.95855021882566,22.286880040136243,1.3108091223902805,4.735,1.996,1.85,-2.236525146780181,0.0,0.33818751686142856,0.0004137115839243499,0.007000000000000002
scene-0655,31,59,vehicle.car,-17.144167150753052,-14.794682307959889,0.4720197204464316,4.84,2.027,1.676,1.6231319315920756,0.026053826270787405,0.2717406795508027,0.004105392156862745,0.06700000000000002
scene-0655,31,60,vehicle.car,19.317671211761876,26.39130550918943,1.2803524189538535,4.208,1.85,1.318,-2.2032892633147565,0.15078807753907844,0.7379135045462075,0.009462759462759462,0.09300000000000003
scene-0655,32,0,vehicle.car,-24.460237118217808,5.8430550353590975,0.8912214093121119,4.782,1.924,1.481,3.1104861922509794,0.014010916632556237,-0.06452693878732396,0.01732456140350877,0.23700000000000004
scene-0655,32,1,vehicle.car,-68.70823417219597,7.3939156410422,1.492741228507527,5.765,2.078,2.301,-3.120965545796224,0.07411853544403438,0.16486209542893548,0.0,0.0
scene-0655,32,2,vehicle.car,-94.83357160170397,7.790567302262349,1.2048703303478376,4.73,1.869,1.456,3.1072234149959783,0.03002339278400032,0.22541352890509203,0.0,0.0
scene-0655,32,3,vehicle.car,-55.09430333637194,7.897373315661934,1.1644325821659205,4.995,1.966,1.748,-3.1130440698312523,0.006408117134258588,0.16064732286719108,0.0,0.0
scene-0655,32,4,vehicle.construction,10.617618912524014,5.522749891838747,1.0327095769520034,7.094,2.641,2.073,3.10718851909965,0.07230590475708627,-0.05276437498881714,0.09567662384563794,3.7090000000000014
scene-0655,32,5,vehicle.truck,-49.20267677231034,7.912995093928832,1.0810216135299346,5.703,2.025,1.827,-3.1304338433269825,0.0791185869027741,0.24210975796817324,0.0020467836257309943,0.04200000000000001
scene-0655,32,6,vehicle.car,-26.40882700542535,-15.16174415953156,0.646298495337122,4.529,1.949,1.766,-1.5166310852903637,0.0,0.16042000181997484,0.0,0.0
scene-0655,32,7,vehicle.car,16.94302653330488,-14.531550278310252,0.5553950930671103,4.546,2.071,1.726,1.5340728673262671,0.04341585147083882,0.3418135548396699,0.0,0.0
scene-0655,32,9,vehicle.car,-33.61176827610114,-0.013971083551612962,1.062167332608219,4.617,2.026,1.743,-0.003270778654659318,8.188925375530417,-0.10399879654121003,0.00159846547314578,0.025000000000000005
scene-0655,32,10,vehicle.car,6.534271710833856,-15.02235485556979,0.47198098979013414,4.725,2.044,1.555,1.5995073153335475,0.04407977593308196,0.4448252127407267,0.0,0.0
scene-0655,32,12,vehicle.car,25.677674173933923,19.37292644867307,1.3835270049596913,5.548,2.219,1.995,-2.175939876406373,0.34434386927977134,0.04663208460558588,0.005206611570247934,0.12600000000000003
scene-0655,32,14,vehicle.car,9.640390705289875,28.98009284205369,1.6002338028556093,4.486,1.892,1.636,-2.1148685034504293,0.08773248871256452,-0.29375579792320583,0.0,0.0
scene-0655,32,15,vehicle.car,-55.74471416001841,-7.8196156838518105,1.146005709214117,4.232,2.008,1.54,1.6081492081428397,0.15238494526553864,-0.16144384448042093,0.0,0.0
scene-0655,32,16,vehicle.car,14.264668449099258,-14.071971448363927,0.6926768173975927,4.453,1.93,1.457,1.5995073153335475,0.06642192679580941,0.09299738838243665,0.0,0.0
scene-0655,32,17,vehicle.bus.bendy,-2.0359131557231525,-4.645503954954396,1.778200626541738,9.48,2.764,3.374,-0.03267678337791862,0.0,-0.1538897818819327,0.08249668288367978,7.461000000000002
scene-0655,32,18,vehicle.car,20.189331919405927,-14.990871971800875,0.46627763091087193,4.73,1.931,1.584,-1.6517949010149529,0.026097143259946984,0.33861983819246444,0.0,0.0
scene-0655,32,19,vehicle.car,17.12851209771651,24.124195822056688,1.174488405385016,4.425,1.799,1.491,-2.2189351350851774,0.1893422624029527,-0.0395691477441773,0.017255892255892257,0.20500000000000007
scene-0655,32,22,vehicle.car,8.96333076080312,-14.337366964576612,0.5210698984644682,4.742,1.978,1.519,1.5995073153335475,0.0,0.3621112295605867,0.0,0.0
scene-0655,32,26,vehicle.car,-58.62695409812308,-7.976593226132905,1.083236366273149,4.496,1.956,1.766,1.63381290698081,0.0,0.039073525785223495,0.0,0.0
scene-0655,32,29,vehicle.trailer,43.13530643233644,12.038593731630426,2.1715964981536304,1.787,2.166,3.314,-2.8437631924415565,0.047471152141688344,-0.6425571502665912,0.022650749923477195,0.29600000000000004
scene-0655,32,30,vehicle.car,-42.8360965066708,7.5768656959416,0.8666790163192166,4.746,1.802,1.518,3.1181982161052124,0.07295403014689167,0.22827266958623993,0.001260835303388495,0.016000000000000004
scene-0655,32,31,vehicle.car,-1.2464671438297,-14.060537766921671,0.5603934522241716,4.661,2.107,1.626,1.6207192034595461,0.0,0.35298078447874737,0.0,0.0
scene-0655,32,32,vehicle.truck,-103.27953745355066,7.407161889100416,1.8967547994586258,7.42,2.592,2.558,3.1135046977263117,0.08683170294167764,0.11788471308028403,0.0,0.0
scene-0655,32,34,vehicle.car,11.692735595983944,-14.030061767408869,0.7690311081019613,4.558,2.027,1.654,1.5995073153335475,0.0,0.14490286234939365,0.0,0.0
scene-0655,32,35,vehicle.car,85.876034247763,3.808525200663108,1.36845343293747,4.523,1.975,1.72,-3.1105314333901597,14.423858020529506,-0.5200822171767622,0.0,0.0
scene-0655,32,36,vehicle.car,-69.55524581938033,-8.777756890086632,1.196262198106231,5.069,2.185,1.875,1.5892941478851539,0.0,0.07166521011215288,0.0,0.0
scene-0655,32,38,vehicle.bus.bendy,7.502108094371841,-4.968822000529791,1.3730807996503338,8.78,2.951,3.224,0.002219321716617336,0.07906793479329352,0.185558943051912,0.07050189393939393,5.956
scene-0655,32,39,vehicle.car,78.40767470790921,-7.59588988752352,1.1136823988358264,4.449,1.905,1.812,-1.5072586617256933,0.01781837703737015,-0.2917894997994189,0.0,0.0
scene-0655,32,40,vehicle.car,12.182578301625577,26.97857123630985,1.573410552166953,4.625,1.976,1.763,0.9977383432552364,0.12738633041671937,-0.2120220533838415,0.0,0.0
scene-0655,32,41,vehicle.car,23.21182524496414,20.967686987249657,1.1335112372608422,4.518,1.864,1.483,-2.1584831549092964,0.09909741189780476,0.011006641271567474,0.010604288499025342,0.13600000000000004
scene-0655,32,44,vehicle.car,-6.327275315722708,-14.349094092447318,0.7141483462116174,4.432,2.012,1.71,1.68463349175828,0.030289091704767183,0.21418409762173374,0.0,0.0
scene-0655,32,45,vehicle.construction,4.232126511772677,11.302943351260046,1.4044142602827883,7.556,2.525,2.252,1.5886656460889008,0.027039580112921787,-0.10370963408020506,0.08588100686498856,3.753000000000001
scene-0655,32,48,vehicle.car,3.9796207797745007,-14.59320006884943,0.532954668318234,4.73,2.115,1.681,1.5995073153335475,0.0,0.4406243091473956,0.002741522140771202,0.04600000000000001
scene-0655,32,51,vehicle.car,1.24416239492973,-14.615506532232427,0.6991348310133454,4.808,1.978,1.535,1.5995073153335475,0.0,0.1748467062095168,0.0,0.0
scene-0655,32,53,vehicle.car,19.747607036787638,22.364700308213695,1.3359883648235678,4.735,1.996,1.85,-2.2347155346389282,0.10603071453657341,-0.03677478850673421,0.01152482269503546,0.19500000000000006
scene-0655,32,55,vehicle.car,15.135918259149875,26.393830762154263,1.3550515056989074,4.208,1.85,1.318,-2.2014787893628163,0.1510680278978311,-0.24652084459279777,0.012515262515262516,0.12300000000000004
scene-0655,33,0,vehicle.car,-28.753579630074984,5.874354502295062,0.8369688269940861,4.782,1.924,1.481,3.110894683845756,0.014029418166354907,-0.05161920027413447,0.014839181286549707,0.20300000000000004
scene-0655,33,1,vehicle.car,-73.00376661825153,7.438447274963263,1.3376157184253348,5.765,2.078,2.301,-3.1205546184980677,0.0230701043699905,0.180969606338917,0.0,0.0
scene-0655,33,2,vehicle.car,-99.1280322903863,7.793619023073263,0.971019044854061,4.73,1.869,1.456,3.10763176079955,0.013027316868782541,0.25463339640913785,0.0,0.0
scene-0655,33,3,vehicle.car,-59.38901426229591,7.910049027802168,1.0290122953786232,4.995,1.966,1.748,-3.1126327499027426,0.0,0.18270848618608937,0.0,0.0
scene-0655,33,4,vehicle.construction,6.270774213138803,5.562789296977726,1.0785614348723986,7.094,2.641,2.073,3.107596863349175,0.03909479594778168,-0.059102274291167545,0.15490378166434504,6.005000000000002
scene-0655,33,5,vehicle.truck,-53.49884714347363,7.966598503929399,1.0167457108340814,5.703,2.025,1.827,-3.133501773764043,0.019066277503833436,0.20394023706096864,0.0,0.0
scene-0655,33,6,vehicle.car,-30.693189131803827,-15.137891980822035,0.5908007674582401,4.529,1.949,1.766,-1.5161816310386889,0.0,0.8014470123879514,0.0,0.0
scene-0655,33,7,vehicle.car,12.677681491169546,-14.480678366863636,0.5895081256509793,4.546,2.071,1.726,1.5345267033126755,0.04347318246954873,0.365321330737971,0.0,0.0
scene-0655,33,9,vehicle.car,-33.82041107838442,0.01277170175441552,1.0038914043450025,4.617,2.026,1.743,-0.006339386243529398,8.498059244551055,-0.032135564818349116,0.0023657289002557546,0.03700000000000001
scene-0655,33,10,vehicle.car,2.2492493610973465,-14.964614318389758,0.5353481469208392,4.725,2.044,1.555,1.599958064526088,0.044137983649540295,0.36368283295091064,0.0,0.0
scene-0655,33,12,vehicle.car,21.386493435953028,19.41191584468223,1.4191774102950647,5.548,2.219,1.995,-2.1754791449590267,0.020852377217218422,0.21260470182651736,0.009049586776859504,0.21900000000000006
scene-0655,33,14,vehicle.car,5.372760132528245,28.995935234518686,1.5651774857098681,4.486,1.892,1.636,-2.1173592396355887,0.08646572265486044,0.10624396395138669,0.017032163742690058,0.23300000000000004
scene-0655,33,15,vehicle.car,-60.03535129570381,-7.751360011281071,1.0861905234560343,4.232,2.008,1.54,1.6085995232545207,0.25492007389137245,0.007661687780919468,0.0,0.0
scene-0655,33,16,vehicle.car,9.997127497695649,-14.004169351082613,0.7308956991848814,4.453,1.93,1.457,1.599958064526088,0.06702851755495257,0.0478375457110537,0.0,0.0
scene-0655,33,17,vehicle.bus.bendy,-6.326901834289096,-4.61004332761842,1.7569422984083924,9.48,2.764,3.374,-0.03226836207033636,0.0,0.5783622832337585,0.07505528527200354,6.788000000000003
scene-0655,33,18,vehicle.car,15.906465345744687,-14.935269243167683,0.497845943608974,4.73,1.931,1.584,-1.651339194574355,0.02613160475824341,0.3915330851881757,0.0,0.0
scene-0655,33,19,vehicle.car,12.90175312031585,24.10736351145556,1.22007446005927,4.425,1.799,1.491,-2.2184754894994363,0.18861079860937083,0.16272030922783953,0.03720538720538721,0.4420000000000001
scene-0655,33,22,vehicle.car,4.678708476440347,-14.299861026987093,0.5569228646627971,4.742,1.978,1.519,1.599958064526088,0.0,0.28289585448583876,0.0,0.0
scene-0655,33,27,vehicle.car,-62.91527280875289,-7.966029208897632,0.990366652361096,4.496,1.956,1.766,1.6342618995810418,0.0,0.2307705272520174,0.0,0.0
scene-0655,33,30,vehicle.trailer,38.84438080409054,12.071039839346314,2.2057408951515605,1.787,2.166,3.314,-2.8433362893120804,0.04753383819912736,-0.5369396774689008,0.04323538414447505,0.5650000000000001
scene-0655,33,32,vehicle.car,-47.163000268855626,7.610720609732367,0.7964906182390912,4.746,1.802,1.518,3.1186070561032944,0.011203833109021323,0.1948710262673633,0.0006304176516942475,0.008000000000000002
scene-0655,33,33,vehicle.car,-5.531516492910359,-14.028112505989325,0.6185411783541842,4.661,2.107,1.626,1.621168876939678,0.0,0.199205818443437,0.0,0.0
scene-0655,33,34,vehicle.truck,-107.59385200536984,7.440479941140763,1.6785714049002787,7.42,2.592,2.558,3.113913325052656,0.08694636493909746,0.11125327542809038,0.0,0.0
scene-0655,33,36,vehicle.car,7.4075084965290525,-13.99090276882845,0.8030859103847681,4.558,2.027,1.654,1.599958064526088,0.0,0.05074503105390682,0.0,0.0
scene-0655,33,37,vehicle.car,74.39154941171125,3.7329876872598975,1.4795582112060852,4.523,1.975,1.72,-3.1366573936801734,13.625855675727443,-0.5897698530690737,0.0,0.0
scene-0655,33,38,vehicle.car,-73.84327894145441,-8.770736072465258,1.0519038554684559,5.069,2.185,1.875,1.5897454024830162,0.0,0.2736235145075878,0.0,0.0
scene-0655,33,40,vehicle.bus.bendy,3.211387321895645,-4.832114918139469,1.4594777094371782,8.78,2.951,3.224,0.002629356288834583,0.2004603395635564,1.189376319264604,0.12897727272727272,10.896
scene-0655,33,41,vehicle.car,74.11307666796351,-7.522347143850445,1.2856748169103156,4.449,1.905,1.812,-1.5068096964799937,0.01864016163238909,-0.3202170007267485,0.0,0.0
scene-0655,33,42,vehicle.car,7.922195355301982,26.972473863518875,1.5813058753457983,4.625,1.976,1.763,0.9981997424419514,0.11838799452460808,0.0186161798986475,0.02288647342995169,0.37900000000000006
scene-0655,33,43,vehicle.car,18.88596724947243,21.039170327403546,1.1941159982583267,4.518,1.864,1.483,-2.1580220448187517,0.07590214502937584,0.1751987714865464,0.0,0.0
scene-0655,33,46,vehicle.car,-10.61056795562661,-14.332631465301331,0.7238428521329667,4.432,2.012,1.71,1.68507972940287,0.030329088706208502,0.08857927022630907,0.0,0.0
scene-0655,33,47,vehicle.construction,-0.07892474892499685,11.33885079226536,1.4460810858052089,7.556,2.525,2.252,1.5891169315152578,0.025072566455312608,-0.13313552821090968,0.1363386727688787,5.958000000000001
scene-0655,33,50,vehicle.car,-0.30480146624855836,-14.557249353486654,0.5398377687253362,4.73,2.115,1.681,1.599958064526088,0.02206899182482705,0.4313272951326961,0.00023839322963227844,0.004000000000000001
scene-0655,33,53,vehicle.car,-3.0407370047526294,-14.58097820808295,0.7253496837323705,4.808,1.978,1.535,1.599958064526088,0.0,0.08630181613506871,0.0,0.0
scene-0655,33,55,vehicle.car,15.40953873876067,22.30764335514357,1.3701699326270553,4.735,1.996,1.85,-2.228243335106432,0.21296008314875856,0.17496537468495643,0.0008274231678486998,0.014000000000000004
scene-0655,33,57,vehicle.car,10.868838429558448,26.36772170884897,1.3694889157840544,4.208,1.85,1.318,-2.201018676929329,0.0739113397112881,-0.03405588899343548,0.008648758648758649,0.08500000000000002
scene-0655,34,0,vehicle.car,-33.19061319113917,5.990893176239572,0.7711856426853714,4.782,1.924,1.481,3.107986659659452,0.013700304630072933,0.029280474458259653,0.007894736842105263,0.10800000000000003
scene-0655,34,1,vehicle.car,-77.43760138218636,7.661895298315487,1.18576003812049,5.765,2.078,2.301,-3.126369715388806,0.027400609260265676,0.24900992061402238,0.0,0.0
scene-0655,34,2,vehicle.car,-103.55908751147825,8.115121556751202,0.7222814993682689,4.73,1.869,1.456,3.1047237508666883,0.01264643504328249,0.4122716200527363,0.0,0.0
scene-0655,34,3,vehicle.car,-63.82045750129594,8.108562756783261,0.8908605490218532,4.995,1.966,1.748,-3.115540822700282,0.0,0.23600372238050582,0.0,0.0
scene-0655,34,4,vehicle.construction,1.8456920953446625,5.569493291032899,1.1177733069960103,7.094,2.641,2.073,3.1046888535752424,0.028454478847295742,-0.10123397865929462,0.25831914564308933,10.014000000000005
scene-0655,34,5,vehicle.truck,-57.929392295222954,8.1275511059616,0.8681409453013421,5.703,2.025,1.827,-3.13640987530682,0.042167954789508695,0.28020466317148196,0.0,0.0
scene-0655,34,6,vehicle.car,-35.19056734698871,-15.021767152118523,0.4772072428951739,4.529,1.949,1.766,-1.519033327817043,0.0,0.47381658775706303,0.0,0.0
scene-0655,34,7,vehicle.car,8.202109003788912,-14.481936260211045,0.5724265938486126,4.546,2.071,1.726,1.5316750358744626,0.18844237339482076,0.039255785873982596,0.006411453470277,0.10300000000000004
scene-0655,34,9,vehicle.car,-33.877518581012986,0.10935481278185165,0.9368070921949891,4.617,2.026,1.743,-0.004684152927710811,8.546217320766814,-0.09066196930928505,0.0035805626598465474,0.056000000000000015
scene-0655,34,10,vehicle.car,-2.2486749623433484,-14.923323130243672,0.5460613858538199,4.725,2.044,1.555,1.597106470036014,0.043260030791182735,0.126971751169629,0.0,0.0
scene-0655,34,12,vehicle.car,16.994794914981796,19.36903564533298,1.4810302022385358,5.548,2.219,1.995,-2.1783493174138946,0.21512625190124474,-0.23070047172782404,0.02177685950413223,0.5270000000000001
scene-0655,34,14,vehicle.car,1.0364872358153665,28.98238174781496,1.575065998382032,4.486,1.892,1.636,-2.123183503152946,0.08624362868445251,-0.13070069438880705,0.0,0.0
scene-0655,34,15,vehicle.car,-64.51959751420591,-7.354851657011688,0.9845190221329494,4.232,2.008,1.54,1.6057479022305525,0.1530434914985209,-0.10844638767440751,0.0,0.0
scene-0655,34,16,vehicle.car,5.520974391959616,-13.97796997437755,0.7196854679212719,4.453,1.93,1.457,1.597106470036014,0.06759569151345872,-0.21138032921411087,0.0025730994152046785,0.03300000000000001
scene-0655,34,17,vehicle.bus.bendy,-10.796459435157047,-4.565517370122751,1.7043093912191793,9.48,2.764,3.374,-0.03517637954650946,0.0,-0.049673886317770144,0.041463954002653694,3.7500000000000013
scene-0655,34,18,vehicle.car,11.41092422917344,-14.941201828123026,0.47753198140111897,4.73,1.931,1.584,-1.6541911850002298,0.013740778291868882,0.040038011856403655,0.016727323628219486,0.23900000000000007
scene-0655,34,19,vehicle.car,8.59085048881914,24.03799130610462,1.3007523064299291,4.425,1.799,1.491,-2.2213479794076356,0.18928917752811403,-0.03606795546252184,0.007575757575757576,0.09000000000000002
scene-0655,34,22,vehicle.car,0.18344799208714038,-14.286891886747805,0.5409421247634787,4.742,1.978,1.519,1.597106470036014,0.0,0.06539572366143276,0.0,0.0
scene-0655,34,27,vehicle.car,-67.39283509205548,-7.7576061425371226,0.8515692360389501,4.496,1.956,1.766,1.6314101501325604,0.0,0.14842633700487318,0.0,0.0
scene-0655,34,30,vehicle.trailer,34.42856316073112,11.961154952339072,2.2516905631406843,1.787,2.166,3.314,-2.846239708526423,0.013035646867719795,-0.5005437601192533,0.04805632078359351,0.6280000000000001
scene-0655,34,32,vehicle.car,-51.57213766750852,7.761407136577722,0.6849983994925645,4.746,1.802,1.518,3.115699003000406,0.050903101093440116,0.2722153267895553,0.0006304176516942475,0.008000000000000002
scene-0655,34,33,vehicle.car,-10.026405537637606,-13.986557395869633,0.6232044804028767,4.661,2.107,1.626,1.6183172022811083,0.0,0.2695064352818233,0.0,0.0
scene-0655,34,34,vehicle.truck,-112.04581120969569,7.818333294286532,1.4175308052846747,7.42,2.592,2.558,3.111005288749081,0.08672520724481193,0.2974392328909081,0.0,0.0
scene-0655,34,36,vehicle.car,2.9126479745100755,-13.985836257773526,0.7853392691928034,4.558,2.027,1.654,1.597106470036014,0.0,-0.15110986951171212,0.0,0.0
scene-0655,34,37,vehicle.car,63.541152525874104,3.5101759539500748,1.5859275231997585,4.523,1.975,1.72,-3.136181019021804,12.828917067364547,-0.6017555509249782,0.0,0.0
scene-0655,34,38,vehicle.car,-78.32300468879357,-8.529925655635921,0.859453158281449,5.069,2.185,1.875,1.5868938284762917,0.0,0.2334814203757013,0.0,0.0
scene-0655,34,40,vehicle.bus.bendy,-1.2588135787192405,-4.71711595226538,1.5150915615419356,8.78,2.951,3.224,-0.00027874464773362323,0.20027959005839355,0.07855296458206507,0.16148200757575756,13.642000000000001
scene-0655,34,41,vehicle.car,69.63057825639929,-7.70346754167676,1.4286830466483185,4.449,1.905,1.812,-1.5096614493036542,0.018131457951862755,-0.519537396619136,0.0,0.0
scene-0655,34,42,vehicle.car,3.6148777701704704,26.988109268651815,1.5825847217432698,4.625,1.976,1.763,0.9769578254652155,0.14199108423424844,-0.11003803080241292,0.0,0.0
scene-0655,34,43,vehicle.car,14.466967287598209,21.037617385576322,1.2841178807266715,4.518,1.864,1.483,-2.160891295784866,0.07535720255120025,-0.2176020080097678,0.05278752436647174,0.6770000000000002
scene-0655,34,46,vehicle.car,-15.104554347831588,-14.290551265541973,0.6797587793238807,4.432,2.012,1.71,1.6822275079061102,0.030851570917405383,0.26519270607155077,0.0,0.0
scene-0655,34,47,vehicle.construction,-4.462565735011806,11.36545082803172,1.4224639288645782,7.556,2.525,2.252,1.586265358384041,0.07910342592274795,-0.1257790846091309,0.10153318077803204,4.437000000000001
scene-0655,34,50,vehicle.car,-4.800743916600822,-14.553398097784852,0.5791449629959475,4.73,2.115,1.681,1.597106470036014,0.04431267850044172,0.24638316980034003,0.0,0.0
scene-0655,34,53,vehicle.car,-7.5371827882698685,-14.545846661931693,0.6981419269683408,4.808,1.978,1.535,1.597106470036014,0.0,0.11569484308933742,0.0,0.0
scene-0655,34,55,vehicle.car,10.982257011937978,22.18762628921749,1.4372152884588765,4.735,1.996,1.85,-2.225094192738826,0.21362381050672313,-0.08433163362603646,0.009988179669030733,0.16900000000000007
scene-0655,34,57,vehicle.car,6.525977633402994,26.411668476672975,1.3774515951384956,4.208,1.85,1.318,-2.2038902184126377,0.12190770542901672,-0.13522384149927436,0.0,0.0
scene-0655,35,0,vehicle.car,-37.146331540800894,6.1324793615303586,0.8713581130558032,4.782,1.924,1.481,3.1043330805273768,0.012646142713628223,0.04910248052539645,0.0023391812865497076,0.03200000000000001
scene-0655,35,1,vehicle.car,-81.38593559226555,7.947868729796159,1.4267172862240884,5.765,2.078,2.301,-3.132640185705365,0.02739997587946791,0.3818129257014182,0.0,0.0
scene-0655,35,2,vehicle.car,-107.50626997578881,8.514014603978014,1.0063370510954104,4.73,1.869,1.456,3.1010701259214217,0.012646142713508415,0.654386709509448,0.0,0.0
scene-0655,35,3,vehicle.car,-67.76783333483534,8.356621192074568,1.0752257063078794,4.995,1.966,1.748,-3.11919385747774,0.0,0.32203387382746607,0.0,0.0
scene-0655,35,4,vehicle.construction,-2.098193116802524,5.576278975875274,1.137070632969323,7.094,2.641,2.073,3.101035228131062,0.013699987939614147,-0.09218400612968525,0.2896868389826136,11.230000000000002
scene-0655,35,5,vehicle.truck,-61.877195172662155,8.335485207701733,1.0131828782380106,5.703,2.025,1.827,-3.1400630370330593,0.04226290344821485,0.361237753647518,0.0,0.0
scene-0655,35,6,vehicle.car,-39.224060268983294,-14.878445856047037,0.5822425073691424,4.529,1.949,1.766,-1.5227652112542842,0.0,0.3159888635567609,0.0,0.0
scene-0655,35,7,vehicle.car,4.162771113772417,-14.684279087026036,0.5408803250444291,4.546,2.071,1.726,1.5279438377930363,0.20030822966714756,0.019443086658680664,0.04674758792405851,0.7510000000000002
scene-0655,35,9,vehicle.car,-34.142401059828515,0.24001946430637733,1.0451971912009248,4.617,2.026,1.743,-0.004228701009736593,8.257930452277755,-0.1340651539189347,0.002173913043478261,0.03400000000000001
scene-0655,35,10,vehicle.car,-6.282733968296392,-14.88259063860685,0.5964330835913905,4.725,2.044,1.555,1.5933746476615391,0.04325903081070283,0.018683389844965093,0.003723404255319149,0.056000000000000015
scene-0655,35,12,vehicle.car,12.91386122046847,19.442246322721775,1.5321252000990397,5.548,2.219,1.995,-2.1645947092919315,0.18682509199071015,-0.31871585316090645,0.041363636363636366,1.0010000000000003
scene-0655,35,15,vehicle.car,11.723698456716606,-40.97527965380347,0.1186127411232436,4.928,2.437,1.712,0.00030817899921567606,0.0,0.4841537963046586,0.0020508203281312527,0.041000000000000016
scene-0655,35,16,vehicle.car,-2.80064402775492,28.971910172990174,1.528560870761921,4.486,1.892,1.636,-2.1295520139421957,0.08769740071656662,-0.06368894636159139,0.015862573099415203,0.21700000000000003
scene-0655,35,17,vehicle.car,-68.52129072360408,-7.154898722107438,1.1379306921071544,4.232,2.008,1.54,1.602016047667921,0.11714758927184099,-0.09048489895529888,0.0,0.0
scene-0655,35,18,vehicle.car,1.5071685161819453,-13.958084084846227,0.7095565310722113,4.453,1.93,1.457,1.5933746476615391,0.031632915994811696,-0.22957055747563837,0.0338401559454191,0.43400000000000005
scene-0655,35,19,vehicle.bus.bendy,-14.788235090894569,-4.5101343891325865,1.7224202088399863,9.48,2.764,3.374,-0.03882998052133867,0.0,0.006803289385225897,0.02277753206545776,2.0600000000000005
scene-0655,35,20,vehicle.car,11.885187532480488,-24.66378827571136,0.19290473823918425,4.908,2.13,1.899,-3.052345387895446,0.0,0.38354326076136513,0.0005114827886041635,0.010000000000000004
scene-0655,35,21,vehicle.car,7.3771533925682515,-14.96879400343226,0.4500627710924673,4.73,1.931,1.584,-1.6579215834704055,0.0,0.04462520765203959,0.02946528555431131,0.4210000000000001
scene-0655,35,22,vehicle.car,4.769684910393663,23.967500242549885,1.2888985743076575,4.425,1.799,1.491,-2.225046741951644,0.09042213123908648,0.0005059686153161547,0.027861952861952862,0.33100000000000007
scene-0655,35,24,vehicle.car,-3.8476500633893433,-14.27346315479553,0.5547307511901558,4.742,1.978,1.519,1.5933746476615391,0.0,0.029833937730818882,0.030425531914893618,0.4290000000000001
scene-0655,35,29,vehicle.car,-71.39843438242522,-7.496751521084558,1.0823426508003697,4.496,1.956,1.766,1.6276782694148932,0.0,0.10428257522044326,0.0,0.0
scene-0655,35,32,vehicle.trailer,30.49471698490372,11.862621329931768,2.1074169163614314,1.787,2.166,3.314,-2.8498971814471092,0.025662808265279256,-0.33453572665749,0.051958983777165596,0.6790000000000002
scene-0655,35,34,vehicle.car,-55.50179629876418,7.953880295592057,0.8314938864007085,4.746,1.802,1.518,3.1120455255740143,0.04948586083139666,0.3149615770087153,0.0,0.0
scene-0655,35,35,vehicle.car,-14.056245813186528,-13.93653066607055,0.7075911949408975,4.661,2.107,1.626,1.6145853219232285,0.0,0.06653175001015987,0.0,0.0
scene-0655,35,36,vehicle.truck,-116.008150308189,8.27945942930268,1.7332996935881848,7.42,2.592,2.558,3.1073517505271018,0.08672320254142406,0.5592130370102648,0.0,0.0
scene-0655,35,38,vehicle.car,-1.1166055654097866,-13.981973441559566,0.7844756034346847,4.558,2.027,1.654,1.5933746476615391,0.0,-0.1638714083167343,0.0471227621483376,0.7370000000000002
scene-0655,35,39,vehicle.car,53.809730851577676,3.285648629798141,1.3635307033108806,4.523,1.975,1.72,-3.1367868922110866,11.20936547504724,-0.45479971898070326,0.0,0.0
scene-0655,35,40,vehicle.car,-82.33114824886589,-8.228430568737366,1.098351578414027,5.069,2.185,1.875,1.5831620593117948,0.0,0.24501671344083142,0.0,0.0
scene-0655,35,42,vehicle.bus.bendy,-5.252000823858982,-4.6086369051887415,1.5834588525269355,8.78,2.951,3.224,-0.003931950900633375,0.20027496047993493,0.04284858680030457,0.15823863636363636,13.368000000000002
scene-0655,35,43,vehicle.car,65.62062352981344,-7.937325637951379,1.2257347359395119,4.449,1.905,1.812,-1.5133933294758855,0.016992743679787717,-0.28887463972331007,0.0,0.0
scene-0655,35,44,vehicle.car,-0.1996598585598833,27.001770686594806,1.5186232784022602,4.625,1.976,1.763,0.9567132784037318,0.16120732117025746,0.0048580252896037734,0.009057971014492754,0.15000000000000002
scene-0655,35,45,vehicle.car,10.544627316264474,21.023910897584365,1.256433561135648,4.518,1.864,1.483,-2.16459470929193,0.10464423080078289,-0.22155061845910384,0.048654970760233916,0.6240000000000001
scene-0655,35,48,vehicle.car,-19.133443361400754,-14.235104208935033,0.7446303081676506,4.432,2.012,1.71,1.678495881797473,0.030850857765482086,0.06075420437602763,0.0,0.0
scene-0655,35,49,vehicle.car,11.908328156199264,-27.42108388072898,0.2889383682032146,4.942,2.249,1.817,0.07010519383586825,0.0,0.2987614763955555,0.000979179550608122,0.019000000000000003
scene-0655,35,50,vehicle.construction,-8.360948185118502,11.398206083541755,1.4049151910650322,7.556,2.525,2.252,1.5825335930303295,0.07910159740134472,1.1267841812265327,0.01679633867276888,0.7340000000000002
scene-0655,35,53,vehicle.car,-8.832449340345637,-14.543027747110775,0.6679212941907241,4.73,2.115,1.681,1.5933746476615391,0.04536433429980322,0.06821039166228038,0.0,0.0
scene-0655,35,55,vehicle.car,-11.568689285587821,-14.504054248957582,0.740674496892179,4.808,1.978,1.535,1.5933746476615391,0.0,-0.04067990124532084,0.0,0.0
scene-0655,35,57,vehicle.car,7.053834065741453,22.071420106708132,1.4030246212464497,4.735,1.996,1.85,-2.223370932213495,0.35678069818187624,-0.04440130734264103,0.06790780141843972,1.1490000000000005
scene-0655,35,59,vehicle.car,2.6784746883104376,26.447170789360143,1.3059510326824548,4.208,1.85,1.318,-2.207590336518209,0.05758663929470592,-0.02591527800182125,0.0291005291005291,0.2860000000000001
scene-0655,36,0,vehicle.car,-41.538368843881024,6.307973750647153,0.7835452790147622,4.782,1.924,1.481,3.100796144268892,0.04788845225957651,0.05542648173505471,0.0012426900584795323,0.017000000000000005
scene-0655,36,1,vehicle.car,-85.77392739465749,8.251579101386234,1.1981462213796399,5.765,2.078,2.301,-3.1390959989818743,0.02767581532055794,0.22484168722212106,0.0,0.0
scene-0655,36,2,vehicle.car,-111.88935893962022,8.93567201098325,0.6430055982826923,4.73,1.869,1.456,3.097534098987685,0.013352802143253004,0.4339920840503002,0.0,0.0
scene-0655,36,3,vehicle.car,-72.15269412702912,8.630954783430232,0.8878361172510816,4.995,1.966,1.748,-3.1227467754578004,0.0,0.23891043497784603,0.0,0.0
scene-0655,36,4,vehicle.construction,-6.4937048965045525,5.621039576296799,1.1650033442798327,7.094,2.641,2.073,3.0974992109411117,0.0,-0.03680726073414786,0.19372646133209515,7.5100000000000025
scene-0655,36,5,vehicle.car,-43.68737887599157,-14.69640198373207,0.2360693517730077,4.529,1.949,1.766,-1.5261183337129847,0.0,0.554268954534785,0.0011046133853151398,0.017000000000000005
scene-0655,36,6,vehicle.car,-0.27116954552528094,-14.661826660666248,0.5637413221305976,4.546,2.071,1.726,1.5245667123715303,0.1192367070772679,-0.15085187682572698,0.07376283846872082,1.1850000000000003
scene-0655,36,8,vehicle.car,-34.43165690072303,0.3742632864263252,0.9225793891137148,4.617,2.026,1.743,-0.0032122768173774574,8.025439436507323,-0.04851656820230732,0.0010869565217391304,0.017000000000000005
scene-0655,36,9,vehicle.car,-10.747414244450503,-14.795422908234546,0.42861526661982685,4.725,2.044,1.555,1.5900151135078946,0.021004640238553716,0.027806969345901877,0.015425531914893617,0.23200000000000004
scene-0655,36,11,vehicle.car,8.815611719214775,19.46557375272372,1.7632384129676755,5.548,2.219,1.995,-2.1856014113117546,0.18590718377282509,-0.28628177963828394,0.0384297520661157,0.9300000000000002
scene-0655,36,14,vehicle.car,7.1713166714062115,-40.965029191478386,-0.2963194512238482,4.928,2.437,1.712,-0.003238969653954075,0.0,0.1361816128602007,0.0008503401360544217,0.017000000000000005
scene-0655,36,15,vehicle.car,-7.080577783945899,28.988611434827025,1.797583497630846,4.486,1.892,1.636,-2.1360456520512963,0.04206338131139048,-0.22812115727592663,0.005263157894736842,0.07200000000000002
scene-0655,36,16,vehicle.car,-72.95806646434295,-6.934787927951934,0.725428477833272,4.232,2.008,1.54,1.5986587192834756,0.11750372985947058,0.025437626531123136,0.0,0.0
scene-0655,36,17,vehicle.car,44.948814155961124,-34.808923707718186,0.49827672121487965,4.975,2.282,2.0,1.5323899139029935,0.0,-0.5206883060690056,4.347826086956522e-05,0.0010000000000000005
scene-0655,36,18,vehicle.car,-2.954017154824532,-13.919693089475778,0.5297344435713891,4.453,1.93,1.457,1.5900151135078946,0.0,-0.17956214108687674,0.08576998050682261,1.1
scene-0655,36,19,vehicle.bus.bendy,-19.22052004412833,-4.426059934469629,1.5793240159465,9.48,2.764,3.374,-0.04236647956278055,0.0,0.05490535452831535,0.011587793011941619,1.0480000000000003
scene-0655,36,20,vehicle.car,7.388894298639283,-24.65562002818669,-0.05767804562822765,4.908,2.13,1.899,-3.055914571355354,0.0,0.21785054337755616,0.016418597514193646,0.32100000000000006
scene-0655,36,21,vehicle.car,2.912905111918738,-14.94993000225998,0.3371623284313946,4.73,1.931,1.584,-1.6613113990948778,0.0,-0.021767088124540312,0.048502239641657334,0.6930000000000002
scene-0655,36,22,vehicle.car,0.43803509821986847,23.989379023078406,1.420930313051791,4.425,1.799,1.491,-2.2286076271546933,0.047122494006888505,0.053414091168790145,0.012457912457912458,0.14800000000000002
scene-0655,36,24,vehicle.car,-8.309689130480571,-14.216307544162204,0.39897300260468405,4.742,1.978,1.519,1.5900151135078946,0.0,0.04374529773787572,0.01375886524822695,0.19400000000000003
scene-0655,36,30,vehicle.trailer,26.11322777995059,11.795754813882384,2.3062163690240784,1.787,2.166,3.314,-2.8535023279128073,0.025945392080222746,-0.2230597587736054,0.08011937557392103,1.0470000000000002
scene-0655,36,32,vehicle.car,-59.86557566762011,8.176380698131016,0.6858748203945735,4.746,1.802,1.518,3.10850645372226,0.07403258327056658,0.28000527222627614,0.0,0.0
scene-0655,36,33,vehicle.car,-18.51770538325334,-13.845810768746599,0.5300963130152129,4.661,2.107,1.626,1.611231148974821,0.0,0.012065545543441858,0.0,0.0
scene-0655,36,34,vehicle.truck,-120.41292356959465,8.755425378059552,1.3436554037954003,7.42,2.592,2.558,3.103813976078831,0.0870182637984423,0.29850225597365787,0.0,0.0
scene-0655,36,36,vehicle.car,-5.577672755882654,-13.933554009736303,0.5443345095388497,4.558,2.027,1.654,1.5900151135078946,0.0,-0.056832135366639,0.02014066496163683,0.31500000000000006
scene-0655,36,37,vehicle.car,44.53618749253964,3.142959402124523,1.5402424852764316,4.523,1.975,1.72,-3.1394161687993485,9.74994299744806,-0.4341579441940494,0.0,0.0
scene-0655,36,38,vehicle.bus.bendy,-9.684183315772604,-4.459246123847586,1.5642747552883711,8.78,2.951,3.224,-0.0074779715385587175,0.038162783549202085,0.006222768973103587,0.09611742424242424,8.120000000000001
scene-0655,36,39,vehicle.car,61.173453700492644,-8.149771691273845,1.3921628516248952,4.449,1.905,1.812,-1.5167441575814655,0.04046510118592924,-0.3356494708589802,0.0,0.0
scene-0655,36,40,vehicle.car,-4.434134593137397,27.0495905330691,1.7646991492513895,4.625,1.976,1.763,0.9531625309608893,0.06790558950383753,-0.12392788517515663,0.022222222222222223,0.36800000000000005
scene-0655,36,41,vehicle.car,6.3217482139509364,20.97844831104429,1.4792588575428174,4.518,1.864,1.483,-2.168140101176448,0.12292928040430602,-0.17010746651345943,0.06495126705653022,0.8330000000000002
scene-0655,36,44,vehicle.car,-23.594092992135234,-14.1408436421925,0.5069998202736798,4.432,2.012,1.71,1.6751567144249628,0.029812037580547245,0.15486658712072932,0.0,0.0
scene-0655,36,45,vehicle.car,7.402161974068654,-27.41377093289346,0.007410783317609249,4.942,2.249,1.817,0.06654047422201992,0.0,0.06524267337031797,0.004998969284683571,0.09700000000000003
scene-0655,36,46,vehicle.construction,-12.698197942633325,11.461955789534878,1.4583952843070738,7.556,2.525,2.252,1.579171250837974,0.055392701827776114,0.18811467396013803,0.023546910755148743,1.0290000000000004
scene-0655,36,49,vehicle.car,-13.295793159304774,-14.493930146744914,0.528365059074093,4.73,2.115,1.681,1.5900151135078946,0.133650592951276,0.01056643277771363,0.00756898504082484,0.12700000000000003
scene-0655,36,50,vehicle.car,-16.031932177990484,-14.421113714776313,0.5297925258537316,4.808,1.978,1.535,1.5900151135078946,0.0,-0.06468930014572383,0.0,0.0
scene-0655,36,52,vehicle.car,3.05675525289164,22.314511641028915,1.534600907588013,4.735,1.996,1.85,-2.226931407517686,0.40367079398836947,0.054415816044799614,0.04550827423167849,0.7700000000000002
scene-0655,36,54,vehicle.car,-1.645566337421971,26.472719952728458,1.5559854296390092,4.208,1.85,1.318,-2.2111468951299864,0.028051263767510395,-0.11856653105655068,0.018518518518518517,0.18200000000000005
scene-0655,37,0,vehicle.car,-46.274860066974895,6.52206793787525,0.6659525991445229,4.782,1.924,1.481,3.09748374881198,0.08337287141902162,-0.00325121901089398,0.0013157894736842105,0.018000000000000006
scene-0655,37,1,vehicle.car,-90.54082169464573,8.569685229869178,0.8780436246229112,5.765,2.078,2.301,3.1375803165015568,0.026708977181845072,0.2012471980022491,0.0,0.0
scene-0655,37,2,vehicle.car,-116.65138756224614,9.364218775794198,0.18485352219360318,4.73,1.869,1.456,3.094221756356499,0.012747437715310736,0.4896401779530719,0.0,0.0
scene-0655,37,3,vehicle.car,-76.91797313167352,8.919316847767636,0.6246807187175525,4.995,1.966,1.748,-3.1260596200835225,0.0,0.1805561742210614,0.0,0.0
scene-0655,37,4,vehicle.construction,-11.270307284136331,5.693435813081495,1.1065876808540234,7.094,2.641,2.073,3.0941868688906866,0.047406128225557384,0.0038390510900607744,0.12302017231594696,4.769000000000001
scene-0655,37,5,vehicle.car,-48.5268493638608,-14.499275190599663,-0.003637784321582238,4.529,1.949,1.766,-1.529293108711163,0.0,0.6439519596889376,0.0011046133853151398,0.017000000000000005
scene-0655,37,6,vehicle.car,-5.268074217337454,-14.600496772232393,0.48150653847256875,4.546,2.071,1.726,1.5213915106438707,0.1815249511572861,-0.13249449690381265,0.036850295673825084,0.5920000000000002
scene-0655,37,8,vehicle.car,-34.934238460091656,0.512642837794238,0.7992662744021779,4.617,2.026,1.743,-0.008122264025675176,7.8127746108229275,-0.07202785808805279,0.0005115089514066496,0.008000000000000002
scene-0655,37,9,vehicle.car,-15.588318617361772,-14.707272296922346,0.30953703217608286,4.725,2.044,1.555,1.5868404490328198,0.0,0.04608433194058581,0.0015957446808510637,0.024000000000000004
scene-0655,37,11,vehicle.car,3.9546232593933994,19.3012528891853,1.7532895967291433,5.548,2.219,1.995,-2.1364328328905016,0.15873829138866197,-0.1729013511465627,0.059958677685950416,1.4510000000000005
scene-0655,37,14,vehicle.car,2.2403455446426195,-40.95154065503963,0.10025601155547559,4.928,2.437,1.712,-0.006551762397890491,0.0,-0.46385895402221144,0.011254501800720289,0.22500000000000006
scene-0655,37,15,vehicle.car,-11.782931345241902,29.060765123934214,1.8029887507406284,4.486,1.892,1.636,-2.1392620065295325,0.0,-0.12216860227261084,0.005482456140350877,0.07500000000000001
scene-0655,37,16,vehicle.car,-77.77092006326872,-6.704528465099744,0.34955679850820665,4.232,2.008,1.54,1.5954840373598407,0.11677541292116139,0.17631206853147385,0.0,0.0
scene-0655,37,17,vehicle.car,40.04101556039814,-34.90457279228458,0.5568357162681848,4.975,2.282,2.0,1.529214838483146,0.0,-0.6209507637230188,0.004130434782608695,0.09500000000000003
scene-0655,37,18,vehicle.car,-7.79250126283354,-13.857404302874347,0.4403887327013466,4.453,1.93,1.457,1.5868404490328198,0.0,-0.14971232631783216,0.03235867446393762,0.4150000000000001
scene-0655,37,19,vehicle.bus.bendy,-24.03136943459363,-4.311520582110989,1.442930247981947,9.48,2.764,3.374,-0.045678849960060525,0.0,0.06180184773643682,0.004632905793896506,0.41900000000000015
scene-0655,37,20,vehicle.car,2.5125655366720347,-24.638566891692108,0.22442232049070654,4.908,2.13,1.899,-3.0592267529127666,0.041168196970412185,-0.16890645945631322,0.032274563960922716,0.6310000000000002
scene-0655,37,21,vehicle.car,-1.9299651591068383,-14.91106836201358,0.3938754767442004,4.73,1.931,1.584,-1.664487631083219,0.0,-0.15681051483395259,0.05858062709966405,0.8370000000000002
scene-0655,37,22,vehicle.car,-4.2495937374432025,24.075423581328007,1.4739839020073178,4.425,1.799,1.491,-2.2318361253021974,0.08943107252886726,0.16448403736951334,0.035437710437710435,0.42100000000000004
scene-0655,37,24,vehicle.car,-13.14927680784339,-14.137951438734492,0.3415653298802743,4.742,1.978,1.519,1.5868404490328198,0.0,0.010036959319554728,0.004184397163120568,0.05900000000000002
scene-0655,37,30,vehicle.trailer,21.349139939827687,11.773922064186372,2.3519790864567764,1.787,2.166,3.314,-2.856805214787687,0.007259996736593576,-0.2372883706669815,0.09404652586470769,1.2290000000000003
scene-0655,37,32,vehicle.car,-64.57885309077751,8.414370257004828,0.4504895684390403,4.746,1.802,1.518,3.1051939450218224,0.09779878985728924,0.23922457686373222,0.0,0.0
scene-0655,37,33,vehicle.car,-23.35664844868126,-13.73451929445577,0.4527439734261023,4.661,2.107,1.626,1.6080564048272297,0.0,0.05136198837351924,0.007218844984802432,0.11400000000000003
scene-0655,37,34,vehicle.truck,-125.1979680629272,9.247571220788204,0.8620064541734545,7.42,2.592,2.558,3.1005015343525986,0.0871450251986719,0.3650224828087003,0.0,0.0
scene-0655,37,36,vehicle.car,-10.416624293664036,-13.863687893504249,0.47633084663673264,4.558,2.027,1.654,1.5868404490328198,0.0,-0.058703325360258685,0.015473145780051151,0.24200000000000008
scene-0655,37,37,vehicle.car,34.396078304771216,3.0759947158408902,1.599497761593703,4.523,1.975,1.72,3.1414670217877494,9.74970133933248,-0.3493325518235003,0.0,0.0
scene-0655,37,38,vehicle.bus.bendy,-14.498013552415607,-4.441274574232238,1.610627967919373,8.78,2.951,3.224,-0.010790738911708786,0.11536315284779247,-0.13261190780546595,0.06092566287878788,5.147000000000001
scene-0655,37,39,vehicle.car,56.345812865574516,-8.323637860582204,1.5867371648183133,4.449,1.905,1.812,-1.5199190183425388,0.04044442647436118,-0.2947918446889187,0.0,0.0
scene-0655,37,40,vehicle.car,-9.198834342419415,27.034216786331537,1.820835749458251,4.625,1.976,1.763,0.9499393928923278,0.12825128232912145,-0.061184809516844796,0.009842995169082125,0.163
scene-0655,37,41,vehicle.car,1.5589280321917216,20.957324726444792,1.3949371888968654,4.518,1.864,1.483,-2.1713605807865997,0.11873652164874482,0.0517261707451635,0.0032748538011695906,0.04200000000000001
scene-0655,37,44,vehicle.car,-28.431833688324463,-14.027404001082427,0.3691417489779021,4.432,2.012,1.71,1.6719809808533213,0.029796805806444462,0.2060670150983308,0.0009358288770053476,0.014000000000000004
scene-0655,37,45,vehicle.car,2.5163747230230444,-27.397172765538865,0.2958934536643655,4.942,2.249,1.817,0.06322797713112878,0.0,-0.33884469563442776,0.015769944341372914,0.30600000000000005
scene-0655,37,46,vehicle.construction,-17.55342707178434,11.553998706718966,1.3687046467027764,7.556,2.525,2.252,1.5759965790536967,0.17743639755584112,0.232320172671308,0.017048054919908465,0.7450000000000001
scene-0655,37,48,vehicle.car,42.77603940886869,-34.82874739838797,0.551731018650883,4.786,2.025,1.839,1.5451058193602603,0.0,-0.6772070146683391,0.003125,0.05400000000000002
scene-0655,37,49,vehicle.car,-18.137943333229114,-14.234457284986544,0.4059153115028258,4.73,2.115,1.681,1.5868404490328198,0.15552855572552646,0.05837760503350542,0.0008939746111210441,0.015000000000000003
scene-0655,37,50,vehicle.car,-20.87227132843687,-14.31661652061637,0.4198176359100586,4.808,1.978,1.535,1.5868404490328198,0.0,-0.003955774204278617,0.0028472222222222223,0.041000000000000016
scene-0655,37,52,vehicle.car,-1.6811436064619154,22.389552875975358,1.6123959300081374,4.735,1.996,1.85,-2.230159679829675,0.07259996736484002,0.13630878953531966,0.020035460992907803,0.33900000000000013
scene-0655,37,55,vehicle.car,-6.378162417360197,26.54682739103337,1.5253218436381464,4.208,1.85,1.318,-2.214373049693525,0.02803693162021493,0.08444150112656312,0.0037647537647537647,0.03700000000000001
scene-0655,38,0,vehicle.car,-50.56521713299078,6.944273061255324,1.1446399646869838,4.782,1.924,1.481,3.0891218701444245,0.08388974629416475,-0.07627347003137463,0.0030701754385964912,0.04200000000000001
scene-0655,38,1,vehicle.car,-94.8417238672158,9.329033824338278,1.7372861635153656,5.765,2.078,2.301,3.126312608854729,0.08307479800966454,0.045242773824417215,0.0,0.0
scene-0655,38,2,vehicle.construction,-15.610191224186192,5.847613522618635,1.223706842178605,7.094,2.641,2.073,3.085824620851065,0.10019469955414982,-0.03308442997386263,0.09753392147758345,3.7810000000000015
scene-0655,38,3,vehicle.car,-9.767044083650774,-14.438644588196466,0.6435126027745592,4.546,2.071,1.726,1.5126900181253253,0.2190908513769658,-0.06661519571965813,0.025957049486461253,0.41700000000000015
scene-0655,38,5,vehicle.car,-35.40251058263687,0.7602509006900561,1.1400589724749879,4.617,2.026,1.743,-0.017934650907973963,8.113995697849582,-0.1599981123179749,0.0009590792838874681,0.015000000000000005
scene-0655,38,7,vehicle.car,-0.1997328593695904,19.31704025830192,1.6558334420442526,5.548,2.219,1.995,-2.162453886563681,0.13209334540175108,-0.23174335701465054,0.052768595041322315,1.2770000000000004
scene-0655,38,10,vehicle.car,-2.49032013464323,-40.965400817888316,0.422656313646149,4.928,2.437,1.712,-0.014909959058397955,0.0,-0.7600671870592349,0.011604641856742696,0.23200000000000004
scene-0655,38,11,vehicle.car,-15.909245484481621,29.17319245856993,1.8041401734964824,4.486,1.892,1.636,-2.147830730931024,0.0,-0.12998066526818042,0.0062134502923976605,0.08500000000000002
scene-0655,38,12,vehicle.car,35.36284957480391,-35.23028103227863,0.3277985649468166,4.975,2.282,2.0,1.5205124700702708,0.0,-0.5768215256096584,0.0004347826086956522,0.010000000000000004
scene-0655,38,13,vehicle.car,-12.291619122383997,-13.781850785703327,0.5699682296952422,4.453,1.93,1.457,1.5781329262765895,0.0,0.0253204705277269,0.015282651072124757,0.19600000000000006
scene-0655,38,14,vehicle.bus.bendy,-28.43945892354357,-4.0947468452092,1.6822235970226864,9.48,2.764,3.374,-0.05404090359773747,0.0,0.04231645133813822,0.0012273330384785493,0.11100000000000003
scene-0655,38,15,vehicle.car,-2.1230194387986745,-24.653586014257407,0.34067454202308856,4.908,2.13,1.899,-3.0675801666445306,0.085496341858242,-0.16680865199699602,0.0243977290164186,0.47700000000000015
scene-0655,38,16,vehicle.car,-6.43902202471342,-14.8865876900225,0.5238750135589445,4.73,1.931,1.584,-1.6731833899991218,0.0,-0.12063724920042396,0.053261478163493844,0.7610000000000002
scene-0655,38,17,vehicle.car,-8.39414206842632,24.157243812829385,1.4521148487183888,4.425,1.799,1.491,-2.2403719905146575,0.08883644071293187,0.028382304563776772,0.0008417508417508417,0.010000000000000002
scene-0655,38,19,vehicle.car,-17.65039761804964,-14.010434310854121,0.274570859325893,4.742,1.978,1.519,1.5781329262765895,0.09875644756431129,0.49988233672284355,0.0,0.0
scene-0655,38,25,vehicle.trailer,17.086810819778204,11.58932158545886,2.126604875237465,1.787,2.166,3.314,-2.8651686854581446,0.043022293941890694,-0.249050642640114,0.11861034588307316,1.5500000000000005
scene-0655,38,27,vehicle.car,-68.83920100628538,8.955356149940846,1.0491663611257498,4.746,1.802,1.518,3.096832901274173,0.0965330028033938,0.1866531541025217,0.0,0.0
scene-0655,38,28,vehicle.car,-27.85354913728675,-13.52965276017757,0.794515256370126,4.661,2.107,1.626,1.5993475682346348,0.0,0.11959666231769439,0.003609422492401216,0.057000000000000016
scene-0655,38,29,vehicle.car,-14.915325722474874,-13.766678741768244,0.6593577465457229,4.558,2.027,1.654,1.5781329262765895,0.0,0.13848006259972767,0.008951406649616368,0.14000000000000004
scene-0655,38,30,vehicle.car,25.173338148181987,2.8687478621735596,1.2388167790550506,4.523,1.975,1.72,3.1340294770923207,9.016511591964203,-0.3451316908973968,0.00130718954248366,0.020000000000000004
scene-0655,38,32,vehicle.bus.bendy,-18.907953414177925,-4.366387306784608,1.806357333649463,8.78,2.951,3.224,-0.019149302412021767,0.09104455034941844,-0.17026057647592463,0.03468276515151515,2.9300000000000006
scene-0655,38,33,vehicle.car,51.89497452402811,-8.803837199411639,1.1044799742579867,4.449,1.905,1.812,-1.5286285306067724,0.021546001674429587,-0.3899675398946215,0.0,0.0
scene-0655,38,34,vehicle.car,-13.418987374730985,27.181074368312355,1.8114244915533326,4.625,1.976,1.763,0.9413891820758281,0.09515508216122244,-0.11242628446104752,0.011171497584541062,0.18500000000000003
scene-0655,38,35,vehicle.car,-2.674546000547871,20.90489252850754,1.3816453966183961,4.518,1.864,1.483,-2.1799179973682845,0.059378011412622694,-0.09312436523869638,0.014502923976608188,0.18600000000000005
scene-0655,38,38,vehicle.car,-32.93005462006641,-13.794170498483814,0.7241416147967052,4.432,2.012,1.71,1.6632701168367867,0.015136499125950581,0.2520248528699207,0.0033422459893048127,0.05000000000000002
scene-0655,38,39,vehicle.car,-2.098423176441275,-27.408911734297803,0.4070838814369979,4.942,2.249,1.817,0.05487400724039382,0.0,-0.3478208466164413,0.015976087404658834,0.31000000000000005
scene-0655,38,40,vehicle.construction,-21.918984778199558,11.71554902781643,1.4698222616029417,7.556,2.525,2.252,1.5672898500106975,0.0420580205932215,0.05229509779685371,0.018192219679633866,0.7950000000000002
scene-0655,38,42,vehicle.car,38.09823323975365,-35.17751741973792,0.29581096238242377,4.786,2.025,1.839,1.5364018004061246,0.0,-0.6174127041731953,0.0005787037037037037,0.010000000000000002
scene-0655,38,43,vehicle.car,-22.63970127079842,-14.071930269262811,0.6376346385255925,4.73,2.115,1.681,1.5781329262765895,0.0,0.2654580168947108,0.00035758984444841767,0.006000000000000001
scene-0655,38,44,vehicle.car,-25.374443203202883,-14.131722395743557,0.7034333068989007,4.808,1.978,1.535,1.5781329262765895,0.0,0.15112720421331238,0.0005555555555555556,0.008000000000000002
scene-0655,38,46,vehicle.car,-5.879812052344524,22.448706895997642,1.588845145484599,4.735,1.996,1.85,-2.238696144689695,0.07210810083828241,-0.004689776679667412,0.026891252955082743,0.4550000000000001
scene-0655,38,49,vehicle.car,-10.528512040853276,26.613872373471867,1.439667526194711,4.208,1.85,1.318,-2.2229151578804864,0.0,0.03229506545339089,0.0035612535612535613,0.03500000000000001
scene-0655,39,0,vehicle.car,-54.941312337255425,7.250502809301029,1.4336946713439893,4.782,1.924,1.481,3.084297685006426,0.06559991167877323,0.07411439828949462,0.0,0.0
scene-0655,39,1,vehicle.car,-99.23512511166922,9.923652911741952,2.2562883954784407,5.765,2.078,2.301,3.1185851173485717,0.19506551321838017,0.37384135954170095,0.0,0.0
scene-0655,39,2,vehicle.construction,-20.036010486483157,6.009884013804766,1.3186394205702734,7.094,2.641,2.073,3.080999802455392,0.050432457969356435,-0.026470393003363624,0.0712737966259093,2.763000000000001
scene-0655,39,3,vehicle.car,-14.276655404301238,-14.247720494280674,0.8547971722370478,4.546,2.071,1.726,1.507750288601586,0.1099843011031894,-0.04767339001954518,0.05596016184251478,0.8990000000000002
scene-0655,39,5,vehicle.car,-35.63680504307122,0.901871022031523,1.3098941929222265,4.617,2.026,1.743,-0.019112027853015627,8.511992781649127,-0.03531149433862357,0.0009590792838874681,0.015000000000000005
scene-0655,39,7,vehicle.car,-4.493603694800309,19.393338926622377,1.5781133468809179,5.548,2.219,1.995,-2.1847273750379186,0.13144715144439734,-0.2706162949266484,0.06128099173553719,1.4830000000000003
scene-0655,39,10,vehicle.car,-7.135647414814423,-40.918941241212956,0.7337609689761555,4.928,2.437,1.712,-0.01972711609584696,0.0,-0.8386141880084431,0.008053221288515405,0.16100000000000003
scene-0655,39,11,vehicle.car,30.743669594911687,-35.36787938251998,0.4080170240955203,4.975,2.282,2.0,1.5155712382535265,0.0,-0.32757697969244415,0.0,0.0
scene-0655,39,12,vehicle.car,-16.805393428602468,-13.687919271509692,0.7368455065563884,4.453,1.93,1.457,1.5731810947672225,0.0,0.08141548239434104,0.009278752436647173,0.11900000000000002
scene-0655,39,13,vehicle.bus.bendy,-32.90068756853818,-3.9151441329840817,1.8612109457112938,9.48,2.764,3.374,-0.05886538997258186,0.0,0.19110380615218592,0.0007076514816452897,0.06400000000000003
scene-0655,39,14,vehicle.car,-6.732552955122707,-24.613951171110603,0.5678463209524632,4.908,2.13,1.899,-3.072382222723834,0.08555985825784804,-0.25216900047211654,0.03759398496240601,0.7350000000000002
scene-0655,39,15,vehicle.car,-10.9584013389118,-14.822439174944227,0.7222136301828783,4.73,1.931,1.584,-1.6781143624373522,0.0,-0.17529389260543993,0.03898376259798432,0.5570000000000002
scene-0655,39,16,vehicle.car,-12.693628824001896,24.270409124263942,1.4001269211609877,4.425,1.799,1.491,-2.245183307247151,0.08937604823448847,-0.06464870308237436,0.004377104377104377,0.05200000000000001
scene-0655,39,18,vehicle.car,-22.150065852096475,-13.798091552804777,0.5971001882890595,4.742,1.978,1.519,1.5731810947672225,0.19839543126713305,0.42286388393841845,0.0007092198581560284,0.010000000000000004
scene-0655,39,23,vehicle.trailer,12.70723539169915,11.529684749906604,2.0218877370477912,1.787,2.166,3.314,-2.8699464515103132,0.04299838125118537,-0.28533848406088325,0.15625956535047444,2.0420000000000007
scene-0655,39,25,vehicle.car,-73.1933277597589,9.31472238558806,1.3678801017606645,4.746,1.802,1.518,3.0920101871371606,0.09630828033815701,0.4661291250383467,0.0,0.0
scene-0655,39,26,vehicle.car,-32.364507260321204,-13.360230553820443,1.100717566375359,4.661,2.107,1.626,1.5943920586222735,0.0,0.12965880286254072,0.0004432624113475177,0.007000000000000001
scene-0655,39,27,vehicle.car,-19.428298730247107,-13.662678625731825,0.9862622028810963,4.558,2.027,1.654,1.5731810947672225,0.0,0.028942949868918877,0.006521739130434782,0.10200000000000002
scene-0655,39,28,vehicle.car,16.60186911604004,2.856954081970572,1.029611608810308,4.523,1.975,1.72,3.1249574115314394,7.516673881580604,-0.2646251751254821,0.0734640522875817,1.1240000000000003
scene-0655,39,30,vehicle.bus.bendy,-23.37043846355589,-4.26202508645432,1.9387454612826251,8.78,2.951,3.224,-0.023967234944037772,0.06001483730047185,-0.08282528406132683,0.02159090909090909,1.8240000000000005
scene-0655,39,31,vehicle.car,47.40119245533769,-9.015679001897807,0.8686255931905078,4.449,1.905,1.812,-1.5335863321838,0.010046780843072343,-0.30113539124043454,0.0,0.0
scene-0655,39,32,vehicle.car,-17.72962955870388,27.286646461061014,1.742410324485506,4.625,1.976,1.763,0.9365706789356002,0.20096048358773974,-0.13416281166812327,0.0032004830917874397,0.053000000000000005
scene-0655,39,33,vehicle.car,-7.017840819735595,20.95676423098814,1.2533684396568008,4.518,1.864,1.483,-2.184740289572978,0.06294885540153344,-0.10555904362828206,0.005614035087719298,0.07200000000000001
scene-0655,39,36,vehicle.car,-37.442389759626344,-13.60260209336975,1.1446989268141683,4.432,2.012,1.71,1.6583043445439176,0.0,0.19712650953951516,0.0008021390374331551,0.012000000000000004
scene-0655,39,37,vehicle.car,-6.678703008682242,-27.365269210487185,0.6337495034921095,4.942,2.249,1.817,0.05006890023619051,0.0,-0.42047903382658214,0.012059369202226345,0.23400000000000004
scene-0655,39,38,vehicle.construction,-26.174406677748333,11.860540921362267,1.5073586541175574,7.556,2.525,2.252,1.5623399470292347,0.2621100307055584,0.10010999360087203,0.014279176201372997,0.6240000000000001
scene-0655,39,39,vehicle.car,33.47896994479532,-35.32691745576345,0.2869380561330347,4.786,2.025,1.839,1.5314575616857697,0.0,-0.27562151160025883,0.0,0.0
scene-0655,39,41,vehicle.car,-10.226944935320669,22.549158002495084,1.5534115228979688,4.735,1.996,1.85,-2.2435077523768805,0.06326558120162636,-0.11669253447938965,0.04231678486997636,0.7160000000000002
scene-0655,40,0,vehicle.car,-59.40432224757746,7.065580473880486,0.7017472413618364,4.782,1.924,1.481,3.0882356452472473,0.0733669877391033,0.1286951394241057,0.0,0.0
scene-0655,40,1,vehicle.car,-103.74601214345931,9.685914049704216,0.9679635610238835,5.765,2.078,2.301,3.122527483095326,0.19799085806467118,0.41407707420427364,0.0,0.0
scene-0655,40,2,vehicle.construction,-24.52673435103469,5.9818917599054195,1.002862319260632,7.094,2.641,2.073,3.0849373677210785,0.0,0.04360490354915947,0.04911520404478151,1.9040000000000006
scene-0655,40,3,vehicle.car,-18.683293382338935,-14.254688145923648,0.7013787204352971,4.546,2.071,1.726,1.5119234879526104,0.0,-0.10817384019771781,0.030563336445689388,0.49100000000000016
scene-0655,40,5,vehicle.car,-35.79937448364533,0.7260814182586,0.8700914892793407,4.617,2.026,1.743,-0.015169127597068805,8.608458915918748,-0.002997643435071806,0.0008312020460358057,0.013000000000000005
scene-0655,40,7,vehicle.car,-8.98539364683053,19.462493512925807,1.387886334503725,5.548,2.219,1.995,-2.198036091148542,0.13080705121030287,-0.22815001651151445,0.06995867768595042,1.6930000000000005
scene-0655,40,9,vehicle.car,-11.437463193654342,-40.897754331161266,0.7887293117362937,4.928,2.437,1.712,-0.015784300691473695,0.0,-0.6929249246437034,0.0036514605842336936,0.07300000000000002
scene-0655,40,10,vehicle.car,26.421103727276314,-35.19857204595653,0.8949647738611466,4.975,2.282,2.0,1.5197435013110685,0.0,-0.566964109150148,0.001565217391304348,0.03600000000000001
scene-0655,40,11,vehicle.car,-21.212582476948118,-13.705425111777018,0.5503396684959315,4.453,1.93,1.457,1.577345595027759,0.0,-0.0467355332210444,0.011539961013645223,0.14800000000000002
scene-0655,40,12,vehicle.bus.bendy,-37.35825735454684,-3.9913383077943547,1.4355093197867985,9.48,2.764,3.374,-0.05492761845280964,0.0,0.25560086750530053,0.00033171163202122956,0.03000000000000001
scene-0655,40,13,vehicle.car,-11.13944766557989,-24.596036702126973,0.5855001596477977,4.908,2.13,1.899,-3.068425440897958,0.08650486557632683,-0.1841938528088084,0.010127359214362436,0.19800000000000006
scene-0655,40,14,vehicle.car,-15.360461417900515,-14.815207375412852,0.5165249147401267,4.73,1.931,1.584,-1.6739364132945804,0.0,-0.04289147209982214,0.02085666293393057,0.29800000000000004
scene-0655,40,15,vehicle.car,-17.229397516220995,24.30507982477087,1.1612676816889989,4.425,1.799,1.491,-2.241032421507893,0.08992247589278676,-0.16403396138641702,0.010016835016835016,0.11900000000000002
scene-0655,40,17,vehicle.car,-26.540003327044182,-13.74114557544913,0.47345576617824414,4.742,1.978,1.519,1.577345595027759,0.19927744028119082,0.1167993483771147,0.0009929078014184398,0.014000000000000004
scene-0655,40,22,vehicle.trailer,8.189402333725262,11.611926230817831,2.1318092978423913,1.787,2.166,3.314,-2.8659471558252476,0.04423375236974486,-0.3253192245191414,0.20301499846954393,2.653000000000001
scene-0655,40,24,vehicle.car,-77.64592028591832,9.066333715823221,0.4254331583829213,4.746,1.802,1.518,3.095949090967804,0.09724036746535114,0.48726488365218157,0.0,0.0
scene-0655,40,25,vehicle.car,-23.83731376720375,-13.687620094393596,0.6659711318151869,4.558,2.027,1.654,1.577345595027759,0.0,-0.03681930281089918,0.0012148337595907928,0.019000000000000006
scene-0655,40,26,vehicle.car,8.747031674390898,3.0163586297693112,1.0427839839790547,4.523,1.975,1.72,3.1246391062971726,6.750908394493983,-0.15351382676107528,0.13,1.9890000000000005
scene-0655,40,28,vehicle.bus.bendy,-27.82858570413334,-4.330209601734814,1.6291674759508092,8.78,2.951,3.224,-0.020024999828252107,0.05998161263637956,-0.03947372449645581,0.011008522727272728,0.9300000000000003
scene-0655,40,29,vehicle.car,42.9644487313198,-8.778948759579027,1.391917973962102,4.449,1.905,1.812,-1.5294272344186366,0.010189254651050852,-0.6389788423445558,0.0043195108984582665,0.06500000000000002
scene-0655,40,30,vehicle.car,-22.1452374122125,27.384797295550797,1.4107740286059591,4.625,1.976,1.763,0.9407285404012338,0.4016984607132992,-0.2307982862658713,0.002958937198067633,0.04900000000000001
scene-0655,40,31,vehicle.car,-11.530944498097648,21.031209820834306,1.027621142021129,4.518,1.864,1.483,-2.180579154194758,0.12582801288602552,-0.0921083660039399,0.008343079922027291,0.10700000000000003
scene-0655,40,34,vehicle.car,-11.032311298074307,-27.343221894176498,0.6461657952340842,4.942,2.249,1.817,0.054022397003423185,0.0,-0.3229766716035606,0.008348794063079777,0.16200000000000003
scene-0655,40,35,vehicle.construction,-30.55866060521772,11.808623689995215,1.0950289019697883,7.556,2.525,2.252,1.5665060221418217,0.2619649246267368,0.11211347886383738,0.011464530892448513,0.5010000000000001
scene-0655,40,36,vehicle.car,29.158279541769787,-35.146026390053144,0.7317516781927165,4.786,2.025,1.839,1.535627835018975,0.0,-0.47575162955532635,0.00017361111111111112,0.003000000000000001
scene-0655,40,38,vehicle.car,-14.718033120007096,22.557543926100767,1.3019700352148726,4.735,1.996,1.85,-2.239356562948338,0.13588285246023332,-0.15288230516478563,0.007033096926713948,0.11900000000000004
