scene,cam,frame_idx,sam3_index,cls,score,center_x,center_y,center_z,length,width,height,yaw,below_ground,free_frac,free_m3,pipeline_center_x,pipeline_center_y,pipeline_center_z,pipeline_length,pipeline_width,pipeline_height,pipeline_yaw,pipeline_free_frac,pipeline_free_m3,pipeline_below_ground
scene-0757,CAM_FRONT,0,0,car,0.719298243522644,74.30452912813685,-2.531602976552615,1.0591211669139908,3.749026533030033,1.7407277441535778,1.601806684476344,3.0751808451031333,-0.5187571179650035,0.0,0.0,74.30452912813685,-2.531602976552615,1.0591211669139908,3.749026533030033,1.7407277441535778,1.601806684476344,3.0751808451031333,0.0,0.0,-0.5187571179650035
scene-0757,CAM_FRONT,0,1,car,0.6213017702102661,120.30820642919007,-9.705638873848804,0.605812669001389,2.613304508736178,1.8607452781813762,0.8415050488119551,2.9855181291307265,-0.5491516303341657,0.0,0.0,120.30820642919007,-9.705638873848804,0.605812669001389,2.613304508736178,1.8607452781813762,0.8415050488119551,2.9855181291307265,0.0,0.0,-0.5491516303341657
scene-0757,CAM_FRONT,0,2,car,0.8012422323226929,115.54318056856994,-11.429439472659796,0.4535981792283824,3.2105656575942163,1.4537108063106627,1.2078477891618886,3.054871779350394,-0.20764893312308508,0.0,0.0,115.54318056856994,-11.429439472659796,0.4535981792283824,3.2105656575942163,1.4537108063106627,1.2078477891618886,3.054871779350394,0.0,0.0,-0.20764893312308508
scene-0757,CAM_FRONT,0,0,construction vehicle,0.7538461089134216,13.011709040996648,-4.924024518088671,2.8167025183041448,2.810971202181726,2.260722802941526,5.762603603850664,3.121518031059884,-0.2014605024601268,0.12342043264082245,4.610000000000001,13.011709040996648,-4.924024518088671,2.8167025183041448,2.810971202181726,2.260722802941526,5.762603603850664,3.121518031059884,0.12342043264082245,4.610000000000001,-0.2014605024601268
scene-0757,CAM_BACK,0,0,car,0.9259259104728699,-15.974283920402717,8.545457780080818,1.118949098294503,5.323638535315416,2.421957068659733,1.9910056869591617,-3.1098467156064995,0.1014234583722956,0.041273584905660375,1.05,-15.974283920402717,8.545457780080818,1.118949098294503,5.323638535315416,2.421957068659733,1.9910056869591617,-3.1098467156064995,0.041273584905660375,1.05,0.1014234583722956
scene-0757,CAM_BACK,0,1,car,0.9139785170555115,-20.275954612788194,19.297167274766345,1.3286054940365892,3.6774417502492565,1.7073953637596695,1.6255263055561735,1.243650875893251,-0.019167743995166298,0.012619236883942767,0.12700000000000003,-20.275954612788194,19.297167274766345,1.3286054940365892,3.6774417502492565,1.7073953637596695,1.6255263055561735,1.243650875893251,0.012619236883942767,0.12700000000000003,-0.019167743995166298
scene-0757,CAM_BACK,0,2,car,0.9532163739204407,-11.052936571568608,-0.03253215953816267,0.7692876711008517,4.5410766470086035,2.2953154287429838,1.8873251798539006,3.080381657446616,0.12281801868247522,0.11512840071192473,2.2640000000000007,-11.052936571568608,-0.03253215953816267,0.7692876711008517,4.5410766470086035,2.2953154287429838,1.8873251798539006,3.080381657446616,0.11512840071192473,2.2640000000000007,0.12281801868247522
scene-0757,CAM_BACK,0,3,car,0.7142857313156128,-18.457869466135346,8.735179441976502,0.859230291138956,3.467824133116739,2.0189694602847057,1.8505302459065023,3.1335831311091065,0.3108908168597282,0.017894736842105262,0.23800000000000002,-18.457869466135346,8.735179441976502,0.859230291138956,3.467824133116739,2.0189694602847057,1.8505302459065023,3.1335831311091065,0.017894736842105262,0.23800000000000002,0.3108908168597282
scene-0757,CAM_BACK,0,0,truck,0.7229437232017517,-26.76929091753401,2.263607829621203,1.220966295314281,5.548858863595854,3.124828526951851,3.8564100240266375,3.0719724299406193,0.6399376668705083,0.008812692683660426,0.5860000000000002,-26.76929091753401,2.263607829621203,1.220966295314281,5.548858863595854,3.124828526951851,3.8564100240266375,3.0719724299406193,0.008812692683660426,0.5860000000000002,0.6399376668705083
scene-0757,CAM_BACK_LEFT,0,0,car,0.941605806350708,-1.0322160152455442,17.980100009769984,1.2168464193070543,5.3142721895039005,2.374291038208618,1.6868633680705207,2.859460325022535,-0.01824323363528879,0.09290603033666296,2.0090000000000003,-1.0322160152455442,17.980100009769984,1.2168464193070543,5.3142721895039005,2.374291038208618,1.6868633680705207,2.859460325022535,0.09290603033666296,2.0090000000000003,-0.01824323363528879
scene-0757,CAM_BACK_LEFT,0,1,car,0.8672199249267578,-17.71911305661846,25.90966004043941,1.5686206633473114,3.551467886419381,1.7364919318953653,1.4405321087660627,-3.1080168647618045,-0.2800482224934854,0.014705882352941176,0.12600000000000003,-17.71911305661846,25.90966004043941,1.5686206633473114,3.551467886419381,1.7364919318953653,1.4405321087660627,-3.1080168647618045,0.014705882352941176,0.12600000000000003,-0.2800482224934854
scene-0757,CAM_BACK_LEFT,0,2,car,0.5151515007019043,-19.514761683687215,21.18393880369909,1.8034626708831005,1.8351789564823129,1.1279759220318262,0.6464124441947567,-3.047704531342317,-0.9938003526133894,0.0,0.0,-19.514761683687215,21.18393880369909,1.8034626708831005,1.8351789564823129,1.1279759220318262,0.6464124441947567,-3.047704531342317,0.0,0.0,-0.9938003526133894
scene-0757,CAM_BACK_LEFT,0,3,car,0.9336099624633789,-19.992677214481187,19.2445392853633,1.6031961700716821,4.463099822565956,1.7850306391537778,1.4380462912114906,0.9029940995345308,-0.40927778558959405,0.030952380952380953,0.35100000000000015,-19.992677214481187,19.2445392853633,1.6031961700716821,4.463099822565956,1.7850306391537778,1.4380462912114906,0.9029940995345308,0.030952380952380953,0.35100000000000015,-0.40927778558959405
scene-0757,CAM_FRONT,1,0,car,0.7460317611694336,71.88778359143059,-0.1579490731514338,1.491811565865828,3.561473288720748,1.7883433053197204,1.6269931195859848,3.0789875049911775,-0.7048039062574669,0.0,0.0,71.88778359143059,-0.1579490731514338,1.491811565865828,3.561473288720748,1.7883433053197204,1.6269931195859848,3.0789875049911775,0.0,0.0,-0.7048039062574669
scene-0757,CAM_FRONT,1,1,car,0.6683937907218933,45.40510817395139,5.787809126746267,1.2625227799697596,1.7919550361660654,1.0879957418759953,0.919305818732517,-3.0350994529920436,-0.6649273180369728,0.0,0.0,45.40510817395139,5.787809126746267,1.2625227799697596,1.7919550361660654,1.0879957418759953,0.919305818732517,-3.0350994529920436,0.0,0.0,-0.6649273180369728
scene-0757,CAM_FRONT,1,2,car,0.7815700173377991,111.20732487934087,-7.19020045024971,1.3789824488118998,3.1553377772664675,1.7970062291200755,0.9694956069994644,-3.1138380923002833,-0.9218387334993854,0.0,0.0,111.20732487934087,-7.19020045024971,1.3789824488118998,3.1553377772664675,1.7970062291200755,0.9694956069994644,-3.1138380923002833,0.0,0.0,-0.9218387334993854
scene-0757,CAM_FRONT,1,3,car,0.6012461185455322,52.66311689494364,5.639977099296419,0.9527235064825972,2.7862609854187426,1.7845694055335084,1.3709188507075702,3.1028642854439257,-0.0849829744183781,0.0,0.0,52.66311689494364,5.639977099296419,0.9527235064825972,2.7862609854187426,1.7845694055335084,1.3709188507075702,3.1028642854439257,0.0,0.0,-0.0849829744183781
scene-0757,CAM_FRONT,1,4,car,0.6483516097068787,121.40889847619422,-6.632424010288612,0.5187558495866704,2.2917681428466636,2.0167046679231277,0.8063779180128074,3.103671664469843,-0.08783445869168638,0.0,0.0,121.40889847619422,-6.632424010288612,0.5187558495866704,2.2917681428466636,2.0167046679231277,0.8063779180128074,3.103671664469843,0.0,0.0,-0.08783445869168638
scene-0757,CAM_FRONT,1,0,construction vehicle,0.8552036285400391,11.965333099934153,-5.2221615825903855,2.5017391533007998,3.358638052738419,2.2718859322102545,6.091759545893157,3.064739448023097,0.2768102115494653,0.12552932791077942,5.988000000000001,11.965333099934153,-5.2221615825903855,2.5017391533007998,3.358638052738419,2.2718859322102545,6.091759545893157,3.064739448023097,0.12552932791077942,5.988000000000001,0.2768102115494653
scene-0757,CAM_FRONT_RIGHT,1,0,construction vehicle,0.5747508406639099,11.570206221077996,-3.784837546698696,2.059621693528979,2.705656575520287,2.711280468672685,5.859512957790418,-3.1413368185714106,0.6972313668252754,0.15158912836251193,6.520000000000002,11.570206221077996,-3.784837546698696,2.059621693528979,2.705656575520287,2.711280468672685,5.859512957790418,-3.1413368185714106,0.15158912836251193,6.520000000000002,0.6972313668252754
scene-0757,CAM_BACK,1,0,car,0.9609756469726562,-19.077663216437433,8.031463797475087,1.18246800802133,5.389351435410637,2.6440727091253624,1.9855194111779213,-2.994324937293566,-0.017529214435886398,0.026139601139601138,0.7340000000000001,-19.077663216437433,8.031463797475087,1.18246800802133,5.389351435410637,2.6440727091253624,1.9855194111779213,-2.994324937293566,0.026139601139601138,0.7340000000000001,-0.017529214435886398
scene-0757,CAM_BACK,1,1,car,0.9609756469726562,-10.970179129488383,-0.3198132961075932,0.83294841265982,4.135315271081959,2.3610079585597887,1.9518134620079535,3.0916850736537556,0.12558739399055718,0.09786585365853659,1.9260000000000004,-10.970179129488383,-0.3198132961075932,0.83294841265982,4.135315271081959,2.3610079585597887,1.9518134620079535,3.0916850736537556,0.09786585365853659,1.9260000000000004,0.12558739399055718
scene-0757,CAM_BACK,1,2,car,0.9452055096626282,-22.79341150663543,18.75981014087722,1.4591079244234741,4.400590333823061,1.85822275795136,1.3440104237162627,1.2255537527948397,-0.24221975939838114,0.047110783952889215,0.5120000000000001,-22.79341150663543,18.75981014087722,1.4591079244234741,4.400590333823061,1.85822275795136,1.3440104237162627,1.2255537527948397,0.047110783952889215,0.5120000000000001,-0.24221975939838114
scene-0757,CAM_BACK,1,0,truck,0.8324607610702515,-26.06181790368138,1.4195569935899552,1.3484272069049468,5.586936193025885,3.2245442458496423,3.863095112908709,3.062138763945281,0.490779753529186,0.011618589743589744,0.8120000000000003,-26.06181790368138,1.4195569935899552,1.3484272069049468,5.586936193025885,3.2245442458496423,3.863095112908709,3.062138763945281,0.011618589743589744,0.8120000000000003,0.490779753529186
scene-0757,CAM_BACK_LEFT,1,0,car,0.6831682920455933,-25.09699697240253,30.24057962612853,1.6562770765037325,5.64462390660756,2.547810394245211,1.9509770335987688,2.770256410939352,0.6783808042711769,0.0007857142857142857,0.022000000000000006,-25.09699697240253,30.24057962612853,1.6562770765037325,5.64462390660756,2.547810394245211,1.9509770335987688,2.770256410939352,0.0007857142857142857,0.022000000000000006,0.6783808042711769
scene-0757,CAM_BACK_LEFT,1,1,car,0.8987342119216919,-22.143823016738015,19.184357328561397,1.2935639966024075,2.919353909868463,1.2319350314752384,1.1309106860064109,0.8941827163081965,0.0027029423175459755,0.045715778474399164,0.17500000000000004,-22.143823016738015,19.184357328561397,1.2935639966024075,2.919353909868463,1.2319350314752384,1.1309106860064109,0.8941827163081965,0.045715778474399164,0.17500000000000004,0.0027029423175459755
scene-0757,CAM_BACK_LEFT,1,2,car,0.9179486632347107,-2.891619214263179,13.42865885477564,1.3859964301423215,3.4726442160628106,1.5574832208995293,1.1461775294095928,-3.102003976353502,-0.46235310978299937,0.09285714285714286,0.5720000000000001,-2.891619214263179,13.42865885477564,1.3859964301423215,3.4726442160628106,1.5574832208995293,1.1461775294095928,-3.102003976353502,0.09285714285714286,0.5720000000000001,-0.46235310978299937
scene-0757,CAM_FRONT,2,0,car,0.7770034670829773,117.00637277853562,-4.964834605978182,1.7200863266653985,3.2925157145179185,1.5180209114199545,1.2287951634198393,3.066930254307762,-0.2787066044144022,0.0,0.0,117.00637277853562,-4.964834605978182,1.7200863266653985,3.2925157145179185,1.5180209114199545,1.2287951634198393,3.066930254307762,0.0,0.0,-0.2787066044144022
scene-0757,CAM_FRONT,2,1,car,0.5540069937705994,53.568879482701156,6.093483798002169,1.5775927813293094,0.9987379935917513,1.0431452319817893,1.603008034306414,1.9327410970619037,-0.09676485250923228,0.0,0.0,53.568879482701156,6.093483798002169,1.5775927813293094,0.9987379935917513,1.0431452319817893,1.603008034306414,1.9327410970619037,0.0,0.0,-0.09676485250923228
scene-0757,CAM_FRONT,2,2,car,0.8012422323226929,66.54140283875196,1.3339113824798137,1.7379767017469816,3.8055425690535145,1.7454368929333337,1.4846936673679805,3.1084802174533293,-0.3467672677364533,0.0,0.0,66.54140283875196,1.3339113824798137,1.7379767017469816,3.8055425690535145,1.7454368929333337,1.4846936673679805,3.1084802174533293,0.0,0.0,-0.3467672677364533
scene-0757,CAM_FRONT,2,3,car,0.7620818018913269,38.12268061202082,5.43882208813417,1.8354292305596411,2.990904532218842,1.5232935018031881,1.3544966683554112,1.5460019138372054,-0.7423573473497243,0.010158730158730159,0.06400000000000002,38.12268061202082,5.43882208813417,1.8354292305596411,2.990904532218842,1.5232935018031881,1.3544966683554112,1.5460019138372054,0.010158730158730159,0.06400000000000002,-0.7423573473497243
scene-0757,CAM_FRONT,2,4,car,0.5311355590820312,127.42809257810147,-3.5004447327193136,-4.244364001008796,1.7992380654675912,0.9705378243340702,1.0178491726105525,3.12190771210993,5.829740723353806,0.0,0.0,127.42809257810147,-3.5004447327193136,-4.244364001008796,1.7992380654675912,0.9705378243340702,1.0178491726105525,3.12190771210993,0.0,0.0,5.829740723353806
scene-0757,CAM_FRONT,2,5,car,0.7655677795410156,116.69916259218006,-3.0843908988990303,0.3397207131002292,1.707939791455356,1.7089737116976096,0.6065457211313776,1.278195407794256,0.9342147413070123,0.0,0.0,116.69916259218006,-3.0843908988990303,0.3397207131002292,1.707939791455356,1.7089737116976096,0.6065457211313776,1.278195407794256,0.0,0.0,0.9342147413070123
scene-0757,CAM_FRONT,2,0,construction vehicle,0.6908212304115295,9.098680554580993,-4.053196938294449,2.413062576966259,2.444833009229889,2.0204367801419183,4.7472583984844245,-3.0411957018302216,-0.20882548664128286,0.2090868794326241,4.717000000000001,9.098680554580993,-4.053196938294449,2.413062576966259,2.444833009229889,2.0204367801419183,4.7472583984844245,-3.0411957018302216,0.2090868794326241,4.717000000000001,-0.20882548664128286
scene-0757,CAM_FRONT_RIGHT,2,0,construction vehicle,0.8827838897705078,9.407132489602928,-4.3376354735389535,2.2483083094533645,2.871339381329989,2.3976633691898774,5.097221390522386,2.972277522776174,0.1337014431961343,0.18171061528059498,6.450000000000001,9.407132489602928,-4.3376354735389535,2.2483083094533645,2.871339381329989,2.3976633691898774,5.097221390522386,2.972277522776174,0.18171061528059498,6.450000000000001,0.1337014431961343
scene-0757,CAM_BACK,2,0,car,0.9532163739204407,-11.096741606549001,-0.46458375988344713,0.7593750016873695,4.494231995821988,2.446937225131081,2.012730775387565,3.115490212282267,0.18805142825561583,0.07592592592592592,1.6400000000000003,-11.096741606549001,-0.46458375988344713,0.7593750016873695,4.494231995821988,2.446937225131081,2.012730775387565,3.115490212282267,0.07592592592592592,1.6400000000000003,0.18805142825561583
scene-0757,CAM_BACK,2,1,car,0.9298245906829834,-25.67897440345447,18.090972565870356,1.5641258627782781,4.459669395948499,1.7921166210260218,1.3818136993140793,1.3531961142813638,-0.28937840452443675,0.03289241622574956,0.3730000000000001,-25.67897440345447,18.090972565870356,1.5641258627782781,4.459669395948499,1.7921166210260218,1.3818136993140793,1.3531961142813638,0.03289241622574956,0.3730000000000001,-0.28937840452443675
scene-0757,CAM_BACK,2,0,truck,0.7104072570800781,-20.68392716314041,7.210382914195194,1.2491453605993381,4.804723648830773,2.6287209685669755,1.98938345170373,-2.8263622260315335,-0.09081727815529472,0.03000801282051282,0.7490000000000001,-20.68392716314041,7.210382914195194,1.2491453605993381,4.804723648830773,2.6287209685669755,1.98938345170373,-2.8263622260315335,0.03000801282051282,0.7490000000000001,-0.09081727815529472
scene-0757,CAM_BACK,2,1,truck,0.604938268661499,-24.197631334442406,0.9227011013517642,1.0924363613880113,5.5960726801239495,3.3497558008528365,3.7890274684195058,3.0723463516814196,0.6051189203585916,0.015108794714057872,1.0610000000000002,-24.197631334442406,0.9227011013517642,1.0924363613880113,5.5960726801239495,3.3497558008528365,3.7890274684195058,3.0723463516814196,0.015108794714057872,1.0610000000000002,0.6051189203585916
scene-0757,CAM_BACK_LEFT,2,0,car,0.6908212304115295,-29.8297572049129,30.539844499432412,1.528839970033136,3.990300325296581,2.806279864279553,1.7009913456345613,0.8576915862460638,0.4345031501794693,0.0004201680672268908,0.008000000000000004,-29.8297572049129,30.539844499432412,1.528839970033136,3.990300325296581,2.806279864279553,1.7009913456345613,0.8576915862460638,0.0004201680672268908,0.008000000000000004,0.4345031501794693
scene-0757,CAM_BACK_LEFT,2,1,car,0.9101123809814453,-4.791884886250352,12.823580946235388,1.4901525081366906,3.2572533369689185,1.455131226954201,1.038584807880973,-3.073593407233711,-0.6855244740177526,0.10404040404040404,0.5150000000000001,-4.791884886250352,12.823580946235388,1.4901525081366906,3.2572533369689185,1.455131226954201,1.038584807880973,-3.073593407233711,0.10404040404040404,0.5150000000000001,-0.6855244740177526
scene-0757,CAM_FRONT,3,0,car,0.6404494643211365,130.1759492591046,-1.2964120397727183,1.4016281631178305,2.7558452749195794,1.7638860308725661,0.8507502461798484,-3.1389541791603164,0.6381852553364736,0.0,0.0,130.1759492591046,-1.2964120397727183,1.4016281631178305,2.7558452749195794,1.7638860308725661,0.8507502461798484,-3.1389541791603164,0.0,0.0,0.6381852553364736
scene-0757,CAM_FRONT,3,1,car,0.8400000333786011,60.156385998739026,2.0655825146069375,1.6281614568069869,3.040806825783619,1.7360688540611031,1.4556331179861595,3.109760277152856,-0.5529656305981784,0.0,0.0,60.156385998739026,2.0655825146069375,1.6281614568069869,3.040806825783619,1.7360688540611031,1.4556331179861595,3.109760277152856,0.0,0.0,-0.5529656305981784
scene-0757,CAM_FRONT,3,2,car,0.9101123809814453,52.36610920470689,6.915816881424089,1.6455859268327415,6.590311202232663,2.9966144735690747,2.544721252579896,1.504854030858669,0.04445454574398022,0.0,0.0,52.36610920470689,6.915816881424089,1.6455859268327415,6.590311202232663,2.9966144735690747,2.544721252579896,1.504854030858669,0.0,0.0,0.04445454574398022
scene-0757,CAM_FRONT,3,3,car,0.7928802371025085,115.1116271409825,-3.472746265463351,1.458317607392352,3.339834111312186,1.550349434415672,1.2227790411176578,-3.095267573352028,0.41752627794308816,0.0,0.0,115.1116271409825,-3.472746265463351,1.458317607392352,3.339834111312186,1.550349434415672,1.2227790411176578,-3.095267573352028,0.0,0.0,0.41752627794308816
scene-0757,CAM_FRONT_RIGHT,3,0,construction vehicle,0.9139785170555115,7.0095025094032986,-4.240587068030789,2.0534508732233245,3.049018298045805,2.0805656074586234,4.101574886290177,2.9379637812404273,-0.20196495602866804,0.23554006968641114,6.084000000000001,7.0095025094032986,-4.240587068030789,2.0534508732233245,3.049018298045805,2.0805656074586234,4.101574886290177,2.9379637812404273,0.23554006968641114,6.084000000000001,-0.20196495602866804
scene-0757,CAM_BACK,3,0,car,0.9569892287254333,-10.654288091798252,-0.42716082366703795,0.8120431158281672,4.52297995063685,2.325550546882413,1.907238250188317,3.1114030518106963,0.17994729655227282,0.08644800406814136,1.7000000000000004,-10.654288091798252,-0.42716082366703795,0.8120431158281672,4.52297995063685,2.325550546882413,1.907238250188317,3.1114030518106963,0.08644800406814136,1.7000000000000004,0.17994729655227282
scene-0757,CAM_BACK,3,1,car,0.9298245906829834,-28.342964658753306,17.844271152631258,1.6353189786061086,4.33252664591852,1.74581885950467,1.3729047309560962,1.429802341807993,-0.11907208702790184,0.02188782489740082,0.22400000000000003,-28.342964658753306,17.844271152631258,1.6353189786061086,4.33252664591852,1.74581885950467,1.3729047309560962,1.429802341807993,0.02188782489740082,0.22400000000000003,-0.11907208702790184
scene-0757,CAM_BACK,3,2,car,0.5704697966575623,-19.5362098436018,17.523486863511614,1.5860566535959069,1.795269221502167,1.681493023884709,0.5686970906657525,1.2077782867035687,-0.6762433708477169,0.010348583877995643,0.019000000000000006,-19.5362098436018,17.523486863511614,1.5860566535959069,1.795269221502167,1.681493023884709,0.5686970906657525,1.2077782867035687,0.010348583877995643,0.019000000000000006,-0.6762433708477169
scene-0757,CAM_BACK,3,3,car,0.941605806350708,-23.37852804298131,7.087353891815004,1.3149658981899135,4.737351539138814,2.7822012981352646,2.041573491721995,-2.8603773675716977,-0.039256255705304444,0.026025835866261397,0.6850000000000002,-23.37852804298131,7.087353891815004,1.3149658981899135,4.737351539138814,2.7822012981352646,2.041573491721995,-2.8603773675716977,0.026025835866261397,0.6850000000000002,-0.039256255705304444
scene-0757,CAM_BACK,3,0,truck,0.6683937907218933,-24.61964524529314,0.8706695382726555,1.5671810064042941,5.6703057258127245,3.0471358168476774,3.8420081330794895,3.069134206365865,0.3721668440504935,0.010987996306555864,0.7140000000000002,-24.61964524529314,0.8706695382726555,1.5671810064042941,5.6703057258127245,3.0471358168476774,3.8420081330794895,3.069134206365865,0.010987996306555864,0.7140000000000002,0.3721668440504935
scene-0757,CAM_BACK_LEFT,3,0,car,0.8904109597206116,-6.392110847918366,12.155121811997484,1.5021603913701136,2.84613268112396,1.1917130402022256,0.9647404485754867,-3.064420729824502,-0.6474653725515016,0.09136904761904761,0.30700000000000005,-6.392110847918366,12.155121811997484,1.5021603913701136,2.84613268112396,1.1917130402022256,0.9647404485754867,-3.064420729824502,0.09136904761904761,0.30700000000000005,-0.6474653725515016
scene-0757,CAM_BACK_LEFT,3,1,car,0.7264957427978516,-17.49938117688473,16.761834859937963,1.8532409787575124,1.9086370399091805,1.0988195248576744,0.8389068840858769,-3.075243006752475,-0.8096243263225755,0.030502392344497607,0.05100000000000001,-17.49938117688473,16.761834859937963,1.8532409787575124,1.9086370399091805,1.0988195248576744,0.8389068840858769,-3.075243006752475,0.030502392344497607,0.05100000000000001,-0.8096243263225755
scene-0757,CAM_FRONT,4,0,car,0.6213017702102661,101.46752649388145,-1.0419056026222226,0.6898882798683981,1.1419344967163454,1.1447011817689372,0.39692552048308594,1.059147182738269,0.5255776589696415,0.0,0.0,101.46752649388145,-1.0419056026222226,0.6898882798683981,1.1419344967163454,1.1447011817689372,0.39692552048308594,1.059147182738269,0.0,0.0,0.5255776589696415
scene-0757,CAM_FRONT,4,1,car,0.8048780560493469,49.45954737453686,2.062500366913854,2.205300639502175,2.4469238474816972,1.4628240393858434,1.2136543367408452,1.3801637281718042,-1.2666841563848958,0.0,0.0,49.45954737453686,2.062500366913854,2.205300639502175,2.4469238474816972,1.4628240393858434,1.2136543367408452,1.3801637281718042,0.0,0.0,-1.2666841563848958
scene-0757,CAM_FRONT,4,2,car,0.9259259104728699,51.18039183734313,4.634687297913964,1.5631436782691779,6.974562214706761,3.3786081505232417,2.535549559681799,1.632998212425119,0.16445852466742483,6.722689075630252e-05,0.004000000000000001,51.18039183734313,4.634687297913964,1.5631436782691779,6.974562214706761,3.3786081505232417,2.535549559681799,1.632998212425119,6.722689075630252e-05,0.004000000000000001,0.16445852466742483
scene-0757,CAM_FRONT,4,3,car,0.7500000596046448,89.09984229509482,-2.508277910760184,1.9662803025355904,2.2834133015714,1.061385228165789,0.8761475092828586,3.046708520649456,-0.7106723992010764,0.0,0.0,89.09984229509482,-2.508277910760184,1.9662803025355904,2.2834133015714,1.061385228165789,0.8761475092828586,3.046708520649456,0.0,0.0,-0.7106723992010764
scene-0757,CAM_FRONT,4,0,bus,0.5151515007019043,35.55326457903666,-14.05256085820284,1.6464738569734343,8.891410221819877,3.0059295552407903,3.507029455219654,1.477050723496494,0.025605145543504904,0.0014232209737827714,0.133,35.55326457903666,-14.05256085820284,1.6464738569734343,8.891410221819877,3.0059295552407903,3.507029455219654,1.477050723496494,0.0014232209737827714,0.133,0.025605145543504904
scene-0757,CAM_FRONT_RIGHT,4,0,construction vehicle,0.8787879347801208,5.5415262140336345,-4.257161784518247,2.1019989081210126,3.38431708695527,2.6172480559929383,4.294569525448595,3.0747257674131103,-0.058884199594026576,0.24815847627065138,9.433000000000002,5.5415262140336345,-4.257161784518247,2.1019989081210126,3.38431708695527,2.6172480559929383,4.294569525448595,3.0747257674131103,0.24815847627065138,9.433000000000002,-0.058884199594026576
scene-0757,CAM_BACK,4,0,car,0.9569892287254333,-10.381238694247065,-0.39883121978512115,0.7806971984805905,4.03635004007935,2.421031273554211,1.888094539682893,3.0886584335195657,0.146087269832879,0.10208333333333333,1.8620000000000005,-10.381238694247065,-0.39883121978512115,0.7806971984805905,4.03635004007935,2.421031273554211,1.888094539682893,3.0886584335195657,0.10208333333333333,1.8620000000000005,0.146087269832879
scene-0757,CAM_BACK,4,1,car,0.9298245906829834,-31.078436025935627,17.940616627882772,1.2833643700379787,4.6278897962561825,1.9494408250684714,1.4163342783993598,1.3665848224647255,-0.1631105652079582,0.018306636155606407,0.22400000000000003,-31.078436025935627,17.940616627882772,1.2833643700379787,4.6278897962561825,1.9494408250684714,1.4163342783993598,1.3665848224647255,0.018306636155606407,0.22400000000000003,-0.1631105652079582
scene-0757,CAM_BACK,4,2,car,0.5151515007019043,-20.756078333964627,17.50398348876004,1.2645148420549652,1.6976956083882335,1.3908484253698252,0.5256257294951467,2.46905889907353,-0.7022919321604497,0.0,0.0,-20.756078333964627,17.50398348876004,1.2645148420549652,1.6976956083882335,1.3908484253698252,0.5256257294951467,2.46905889907353,0.0,0.0,-0.7022919321604497
scene-0757,CAM_BACK,4,3,car,0.949367105960846,-25.42547612962936,7.145322226236946,1.0996283992036462,4.871136099039653,2.674185978700306,2.110457883813151,-2.967133201686795,-0.0120019784781773,0.015153151207572976,0.42100000000000015,-25.42547612962936,7.145322226236946,1.0996283992036462,4.871136099039653,2.674185978700306,2.110457883813151,-2.967133201686795,0.015153151207572976,0.42100000000000015,-0.0120019784781773
scene-0757,CAM_BACK,4,4,car,0.7037037014961243,-61.516056617313566,21.586950983938575,0.643495836948238,3.595631791949799,3.159480361144052,1.2659116279749516,2.2718166736986114,0.4070402835692366,0.0,0.0,-61.516056617313566,21.586950983938575,0.643495836948238,3.595631791949799,3.159480361144052,1.2659116279749516,2.2718166736986114,0.0,0.0,0.4070402835692366
scene-0757,CAM_BACK,4,0,truck,0.8865247964859009,-22.146914358843205,0.8466684636486136,1.3166966761132453,5.008911969234656,2.956504411827299,3.227611578548518,3.0696024456079694,0.19929365915481867,0.0226875,1.0890000000000002,-22.146914358843205,0.8466684636486136,1.3166966761132453,5.008911969234656,2.956504411827299,3.227611578548518,3.0696024456079694,0.0226875,1.0890000000000002,0.19929365915481867
scene-0757,CAM_BACK_LEFT,4,0,car,0.8750000596046448,-7.062190216116671,11.173553681696799,1.3352922640588238,2.655168200898678,1.1018920124072338,0.8851833701701052,3.083828767911188,-0.6981269232492457,0.17059483726150393,0.45600000000000007,-7.062190216116671,11.173553681696799,1.3352922640588238,2.655168200898678,1.1018920124072338,0.8851833701701052,3.083828767911188,0.17059483726150393,0.45600000000000007,-0.6981269232492457
scene-0757,CAM_BACK_LEFT,4,1,car,0.6363636255264282,-19.262352981942094,16.86335931913301,1.5115330985253355,1.0820770921451093,0.7313974122410916,1.1553326223408746,2.4201126344753807,-0.668586540620279,0.006493506493506494,0.006000000000000002,-19.262352981942094,16.86335931913301,1.5115330985253355,1.0820770921451093,0.7313974122410916,1.1553326223408746,2.4201126344753807,0.006493506493506494,0.006000000000000002,-0.668586540620279
scene-0757,CAM_FRONT,5,0,car,0.5276752710342407,-1.4251686420867282,-3.372725745311217,-5.569790710992295,0.834585423264893,0.8391556845306112,0.304695126933483,1.1824200575827404,5.649812620131167,0.0,0.0,-1.4251686420867282,-3.372725745311217,-5.569790710992295,0.834585423264893,0.8391556845306112,0.304695126933483,1.1824200575827404,0.0,0.0,5.649812620131167
scene-0757,CAM_FRONT,5,1,car,0.7387754917144775,103.52310196474093,-1.6436956179025493,1.8843934310027743,3.1622471840546638,1.4710935387841673,1.1358696753576898,-3.043241194922957,-0.8123877152950598,0.0,0.0,103.52310196474093,-1.6436956179025493,1.8843934310027743,3.1622471840546638,1.4710935387841673,1.1358696753576898,-3.043241194922957,0.0,0.0,-0.8123877152950598
scene-0757,CAM_FRONT,5,2,car,0.9375000596046448,63.37935983768636,0.7580726223598698,0.7207987089406553,11.061133235066153,5.151896973701142,4.074214570314756,1.686670543692964,1.5137128714227925,0.0,0.0,63.37935983768636,0.7580726223598698,0.7207987089406553,11.061133235066153,5.151896973701142,4.074214570314756,1.686670543692964,0.0,0.0,1.5137128714227925
scene-0757,CAM_FRONT,5,0,bus,0.8476190567016602,33.222877600724864,-14.167745922442837,1.444759089519872,12.874883458018973,3.3362263436940793,3.8812850637785394,1.3810869622727397,0.3320770337256751,0.0020960951193509333,0.3480000000000001,33.222877600724864,-14.167745922442837,1.444759089519872,12.874883458018973,3.3362263436940793,3.8812850637785394,1.3810869622727397,0.0020960951193509333,0.3480000000000001,0.3320770337256751
scene-0757,CAM_FRONT_RIGHT,5,0,construction vehicle,0.8904109597206116,4.1003449724809355,-4.605578670894111,1.5743319637961966,4.662629955522311,2.6217658912572754,3.5549814781786173,2.9867811235639703,0.07282229694056541,0.3109883615202764,13.681000000000004,4.1003449724809355,-4.605578670894111,1.5743319637961966,4.662629955522311,2.6217658912572754,3.5549814781786173,2.9867811235639703,0.3109883615202764,13.681000000000004,0.07282229694056541
scene-0757,CAM_BACK,5,0,car,0.9569892287254333,-10.273514329653088,-0.42209826021277,0.8359385194984426,4.414073423653965,2.402878879178072,1.9090613886760628,3.1070148892221825,0.15596626896819754,0.08966307814992025,1.7990000000000002,-10.273514329653088,-0.42209826021277,0.8359385194984426,4.414073423653965,2.402878879178072,1.9090613886760628,3.1070148892221825,0.08966307814992025,1.7990000000000002,0.15596626896819754
scene-0757,CAM_BACK,5,1,car,0.921951174736023,-33.07164188825536,17.7638563786914,1.514645086772981,3.9903864099495525,1.683856046148506,1.385047268787204,1.3435055514862082,-0.2970635405065153,0.014285714285714285,0.13600000000000004,-33.07164188825536,17.7638563786914,1.514645086772981,3.9903864099495525,1.683856046148506,1.385047268787204,1.3435055514862082,0.014285714285714285,0.13600000000000004,-0.2970635405065153
scene-0757,CAM_BACK,5,2,car,0.5540069937705994,-22.72128000415118,17.661369049909297,1.1123774532365291,3.837993778873763,2.456937752742677,1.1980374174148982,2.5611245208380886,-0.24914387121517623,0.006228070175438596,0.07100000000000001,-22.72128000415118,17.661369049909297,1.1123774532365291,3.837993778873763,2.456937752742677,1.1980374174148982,2.5611245208380886,0.006228070175438596,0.07100000000000001,-0.24914387121517623
scene-0757,CAM_BACK,5,3,car,0.941605806350708,-27.343497087789576,6.725475563750337,1.2542220769348607,4.6442175233241905,2.819855208441041,2.06250870088643,-2.956847457989036,-0.057262388371185136,0.01789411416740609,0.48400000000000004,-27.343497087789576,6.725475563750337,1.2542220769348607,4.6442175233241905,2.819855208441041,2.06250870088643,-2.956847457989036,0.01789411416740609,0.48400000000000004,-0.057262388371185136
scene-0757,CAM_BACK,5,4,car,0.8012422323226929,-64.46105943997537,20.661381900421148,1.1587104684325804,1.7887570242060757,1.855307167173308,1.225140894624387,1.46038289435678,0.7954460918556873,0.0,0.0,-64.46105943997537,20.661381900421148,1.1587104684325804,1.7887570242060757,1.855307167173308,1.225140894624387,1.46038289435678,0.0,0.0,0.7954460918556873
scene-0757,CAM_BACK,5,0,truck,0.8552036285400391,-22.36698109980517,0.7938935638008205,1.3415891343429585,5.286832731207387,3.0262279868720396,3.5066472488548497,3.095887976480365,0.45843814163189833,0.023036837376460017,1.2820000000000003,-22.36698109980517,0.7938935638008205,1.3415891343429585,5.286832731207387,3.0262279868720396,3.5066472488548497,3.095887976480365,0.023036837376460017,1.2820000000000003,0.45843814163189833
scene-0757,CAM_BACK_LEFT,5,0,car,0.8400000333786011,-8.459848939293824,11.193058094873487,1.2874153814461655,2.784223847960976,1.1475581216636588,0.9179799993097193,3.078813803305823,-0.6469751489278797,0.1266233766233766,0.35100000000000003,-8.459848939293824,11.193058094873487,1.2874153814461655,2.784223847960976,1.1475581216636588,0.9179799993097193,3.078813803305823,0.1266233766233766,0.35100000000000003,-0.6469751489278797
scene-0757,CAM_FRONT,6,0,car,0.8439024686813354,53.310357557399016,4.122514219387902,1.8504303448639843,3.259783022364523,1.619855805383589,1.36410850894812,3.1333639229236265,-0.7512634121005108,0.0,0.0,53.310357557399016,4.122514219387902,1.8504303448639843,3.259783022364523,1.619855805383589,1.36410850894812,3.1333639229236265,0.0,0.0,-0.7512634121005108
scene-0757,CAM_FRONT,6,1,car,0.9532163739204407,27.964293682226494,-0.7761433012321768,1.5438037703342629,4.550657406321077,2.0969738584809754,1.7022982023634632,1.680291730696116,-0.7950856460798117,0.0,0.0,27.964293682226494,-0.7761433012321768,1.5438037703342629,4.550657406321077,2.0969738584809754,1.7022982023634632,1.680291730696116,0.0,0.0,-0.7950856460798117
scene-0757,CAM_FRONT,6,0,bus,0.8552036285400391,31.781915715824063,-11.430373513128453,1.5516687575420969,13.09761738055479,3.543346227245838,3.5298441776340352,1.3119633454845718,0.122208614737922,0.0043558186633432,0.6990000000000002,31.781915715824063,-11.430373513128453,1.5516687575420969,13.09761738055479,3.543346227245838,3.5298441776340352,1.3119633454845718,0.0043558186633432,0.6990000000000002,0.122208614737922
scene-0757,CAM_FRONT_RIGHT,6,0,construction vehicle,0.8787879347801208,2.4736150345161163,-4.2640759384390945,1.6372779432823938,3.304723089872268,2.117127753656067,3.24217113343,3.016976969318714,-0.061970472289592404,0.4286616161616162,9.506000000000004,2.4736150345161163,-4.2640759384390945,1.6372779432823938,3.304723089872268,2.117127753656067,3.24217113343,3.016976969318714,0.4286616161616162,9.506000000000004,-0.061970472289592404
scene-0757,CAM_BACK,6,0,car,0.9609756469726562,-9.766772984337674,-0.5221334202850534,0.7941187278952606,4.153063149661556,2.505045544086245,1.9508795351659094,3.106266010638753,0.1549260596594224,0.12828571428571428,2.6940000000000004,-9.766772984337674,-0.5221334202850534,0.7941187278952606,4.153063149661556,2.505045544086245,1.9508795351659094,3.106266010638753,0.12828571428571428,2.6940000000000004,0.1549260596594224
scene-0757,CAM_BACK,6,1,car,0.9179486632347107,-35.21874265463063,16.45315662734015,0.8769689125055397,4.23669497986336,1.8142632126345006,1.3944100354686253,1.3892682926230446,-0.19063592167664445,0.015400604686318972,0.16300000000000006,-35.21874265463063,16.45315662734015,0.8769689125055397,4.23669497986336,1.8142632126345006,1.3944100354686253,1.3892682926230446,0.015400604686318972,0.16300000000000006,-0.19063592167664445
scene-0757,CAM_BACK,6,2,car,0.5038759708404541,-24.416385105852708,17.06260076329882,0.5101253301488602,2.147955715937613,2.0527305195868433,0.8606449947458276,2.8865919913156493,-0.21671263056361273,0.0005039052658100278,0.0020000000000000005,-24.416385105852708,17.06260076329882,0.5101253301488602,2.147955715937613,2.0527305195868433,0.8606449947458276,2.8865919913156493,0.0005039052658100278,0.0020000000000000005,-0.21671263056361273
scene-0757,CAM_BACK,6,3,car,0.9336099624633789,-29.670257777152315,6.029649747131751,0.7804270125831059,4.857945429636224,2.8431603424374927,2.199309143222002,-2.9659600741220844,0.24941297387860706,0.027696793002915453,0.8360000000000003,-29.670257777152315,6.029649747131751,0.7804270125831059,4.857945429636224,2.8431603424374927,2.199309143222002,-2.9659600741220844,0.027696793002915453,0.8360000000000003,0.24941297387860706
scene-0757,CAM_BACK,6,4,car,0.7538461089134216,-65.86802413137559,18.48777419067711,-0.022265520481717593,2.3093613104338786,2.2784085790505024,1.0263807926815887,2.437330695284933,0.525368853286464,0.0,0.0,-65.86802413137559,18.48777419067711,-0.022265520481717593,2.3093613104338786,2.2784085790505024,1.0263807926815887,2.437330695284933,0.0,0.0,0.525368853286464
scene-0757,CAM_BACK,6,0,bus,0.5311355590820312,-21.446173986182288,2.0073754319304107,0.8567588014303191,8.728007513187421,2.7484985791891545,2.838522114705703,3.0813952632641737,0.41165651965734984,0.04909383932372438,3.229000000000001,-21.446173986182288,2.0073754319304107,0.8567588014303191,8.728007513187421,2.7484985791891545,2.838522114705703,3.0813952632641737,0.04909383932372438,3.229000000000001,0.41165651965734984
scene-0757,CAM_BACK_LEFT,6,0,car,0.8552036285400391,-10.210032103829253,11.03312958315277,0.9969515116903511,2.7292657318033964,1.1680619871092244,0.922126545422429,-3.1335052145746767,-0.6937204442746994,0.11248285322359397,0.3280000000000001,-10.210032103829253,11.03312958315277,0.9969515116903511,2.7292657318033964,1.1680619871092244,0.922126545422429,-3.1335052145746767,0.11248285322359397,0.3280000000000001,-0.6937204442746994
scene-0757,CAM_BACK_RIGHT,6,0,construction vehicle,0.5857605338096619,1.0573833750261676,-3.983842069051263,1.2939656758655227,2.125291673434526,1.3653825147675107,1.3678320071806986,2.8769992447887263,-0.6422217710310099,0.30709426627793973,1.264,1.0573833750261676,-3.983842069051263,1.2939656758655227,2.125291673434526,1.3653825147675107,1.3678320071806986,2.8769992447887263,0.30709426627793973,1.264,-0.6422217710310099
scene-0757,CAM_FRONT,7,0,car,0.9532163739204407,28.27240868385716,-2.9123094790466335,0.956755927691758,5.2842820447430725,2.4257490438544522,1.8862962216486692,1.3406315238438749,-0.47569279568631684,0.012868255544521682,0.31100000000000005,28.27240868385716,-2.9123094790466335,0.956755927691758,5.2842820447430725,2.4257490438544522,1.8862962216486692,1.3406315238438749,0.012868255544521682,0.31100000000000005,-0.47569279568631684
scene-0757,CAM_FRONT,7,1,car,0.859649121761322,53.38917828996325,5.979602481310612,1.3190631423010535,3.0368099468595418,1.6672812273602124,1.554015689654434,3.1276519825433646,-0.5625500267543083,0.0,0.0,53.38917828996325,5.979602481310612,1.3190631423010535,3.0368099468595418,1.6672812273602124,1.554015689654434,3.1276519825433646,0.0,0.0,-0.5625500267543083
scene-0757,CAM_FRONT,7,2,car,0.5775577425956726,90.76241598718828,7.954433674822638,0.23883339510137586,2.802853558882674,0.6247341282650964,1.497235790210898,-2.991549072612822,0.7059303027403554,0.0,0.0,90.76241598718828,7.954433674822638,0.23883339510137586,2.802853558882674,0.6247341282650964,1.497235790210898,-2.991549072612822,0.0,0.0,0.7059303027403554
scene-0757,CAM_FRONT,7,3,car,0.7620818018913269,96.93251313744983,3.6418904856905696,0.8994851195342888,2.864460851113975,1.321329999461298,1.081658152058988,-3.125699115573254,-0.32774416575344434,0.0,0.0,96.93251313744983,3.6418904856905696,0.8994851195342888,2.864460851113975,1.321329999461298,1.081658152058988,-3.125699115573254,0.0,0.0,-0.32774416575344434
scene-0757,CAM_FRONT,7,0,bus,0.9375000596046448,30.316439811197103,-8.492564220919093,1.598135589720875,12.696428715531571,3.3022842467406157,3.569302540797453,1.257381926711377,-0.3035677753615773,0.01975131896391739,2.980000000000001,30.316439811197103,-8.492564220919093,1.598135589720875,12.696428715531571,3.3022842467406157,3.569302540797453,1.257381926711377,0.01975131896391739,2.980000000000001,-0.3035677753615773
scene-0757,CAM_FRONT_RIGHT,7,0,construction vehicle,0.5816993117332458,1.3880386424025648,-4.845663371691412,0.9556247437771203,1.277045512347775,0.8013676808836294,2.0568773272907004,1.4611528915542875,-0.1449502193071851,0.211996336996337,0.46300000000000013,1.3880386424025648,-4.845663371691412,0.9556247437771203,1.277045512347775,0.8013676808836294,2.0568773272907004,1.4611528915542875,0.211996336996337,0.46300000000000013,-0.1449502193071851
scene-0757,CAM_FRONT_RIGHT,7,1,construction vehicle,0.5038759708404541,10.352460808291864,-4.469865675580278,1.166102341626194,0.9154986707683115,0.5158186906214208,1.553743744176826,3.1382034333668836,-0.7400583720932467,0.3402777777777778,0.24500000000000008,10.352460808291864,-4.469865675580278,1.166102341626194,0.9154986707683115,0.5158186906214208,1.553743744176826,3.1382034333668836,0.3402777777777778,0.24500000000000008,-0.7400583720932467
scene-0757,CAM_BACK,7,0,car,0.7770034670829773,-69.00888839226849,16.936946306308034,0.9926941494790802,2.673424612662245,2.363518108313709,1.1107503144618476,3.1122101392939148,0.8388650897830936,0.0,0.0,-69.00888839226849,16.936946306308034,0.9926941494790802,2.673424612662245,2.363518108313709,1.1107503144618476,3.1122101392939148,0.0,0.0,0.8388650897830936
scene-0757,CAM_BACK,7,1,car,0.9179486632347107,-37.99611419137353,15.508568362738476,1.4976660756934397,4.4878784355156744,1.9316579542406132,1.4160834352886589,1.3889573661421089,-0.15845003210611708,0.01086048454469507,0.13000000000000003,-37.99611419137353,15.508568362738476,1.4976660756934397,4.4878784355156744,1.9316579542406132,1.4160834352886589,1.3889573661421089,0.01086048454469507,0.13000000000000003,-0.15845003210611708
scene-0757,CAM_BACK,7,2,car,0.9569892287254333,-9.63851531849787,-0.6156226812616404,0.7982426974393212,4.597280613248353,2.3810743221031534,1.880720618796776,3.1242821809506736,0.18477701385268253,0.1124141876430206,2.3580000000000005,-9.63851531849787,-0.6156226812616404,0.7982426974393212,4.597280613248353,2.3810743221031534,1.880720618796776,3.1242821809506736,0.1124141876430206,2.3580000000000005,0.18477701385268253
scene-0757,CAM_BACK,7,3,car,0.7142857313156128,-12.567986166194183,10.91400923967012,1.2583956022028162,2.6911541999236173,1.2230360744095492,1.0331481566108207,0.8248682043088197,-0.6182037258074248,0.0654320987654321,0.21200000000000005,-12.567986166194183,10.91400923967012,1.2583956022028162,2.6911541999236173,1.2230360744095492,1.0331481566108207,0.8248682043088197,0.0654320987654321,0.21200000000000005,-0.6182037258074248
scene-0757,CAM_BACK,7,4,car,0.9298245906829834,-32.64787806648388,5.414929676088286,1.2016855578527483,5.342327798530022,2.602579048477903,2.1287900440122876,-3.0078017156018464,0.10529349895392492,0.00352477710968277,0.10200000000000002,-32.64787806648388,5.414929676088286,1.2016855578527483,5.342327798530022,2.602579048477903,2.1287900440122876,-3.0078017156018464,0.00352477710968277,0.10200000000000002,0.10529349895392492
scene-0757,CAM_BACK,7,5,car,0.5540069937705994,-22.07864865170117,13.706548168030759,1.2652677717952925,2.3439374001270217,1.091760761204796,0.822189970782949,3.0125406765483267,-0.4923118554841708,0.01383399209486166,0.028000000000000008,-22.07864865170117,13.706548168030759,1.2652677717952925,2.3439374001270217,1.091760761204796,0.822189970782949,3.0125406765483267,0.01383399209486166,0.028000000000000008,-0.4923118554841708
scene-0757,CAM_BACK,7,0,truck,0.8632478713989258,-22.043387392244988,0.33090664304216894,1.6327346173751938,5.2556480773495515,3.174042719787508,2.7833563038397626,3.079676024338048,-0.21363931233527156,0.020784198113207548,0.9870000000000003,-22.043387392244988,0.33090664304216894,1.6327346173751938,5.2556480773495515,3.174042719787508,2.7833563038397626,3.079676024338048,0.020784198113207548,0.9870000000000003,-0.21363931233527156
scene-0757,CAM_BACK_LEFT,7,0,car,0.7264957427978516,-9.70352584208056,9.370583064103277,1.2365978507832858,2.318837634887492,1.0283731999112078,0.8022540705734076,2.8403477062907085,-0.6972942699958267,0.11141304347826086,0.20500000000000004,-9.70352584208056,9.370583064103277,1.2365978507832858,2.318837634887492,1.0283731999112078,0.8022540705734076,2.8403477062907085,0.11141304347826086,0.20500000000000004,-0.6972942699958267
scene-0757,CAM_BACK_RIGHT,7,0,construction vehicle,0.8865247964859009,0.16026015188222828,-3.854689263346506,1.699601972473793,4.37693585789723,2.14969626167707,3.3767460420377766,2.9579416868710786,-0.13109831774308978,0.5013687293099057,15.751000000000001,0.16026015188222828,-3.854689263346506,1.699601972473793,4.37693585789723,2.14969626167707,3.3767460420377766,2.9579416868710786,0.5013687293099057,15.751000000000001,-0.13109831774308978
scene-0757,CAM_FRONT,8,0,car,0.9609756469726562,25.806835270376748,-6.032900976211451,1.141621547486975,5.2995598018081385,2.419457508970794,1.9094440579480463,1.339744647350744,-0.3262891973488208,0.04030122476001324,0.9740000000000003,25.806835270376748,-6.032900976211451,1.141621547486975,5.2995598018081385,2.419457508970794,1.9094440579480463,1.339744647350744,0.04030122476001324,0.9740000000000003,-0.3262891973488208
scene-0757,CAM_FRONT,8,1,car,0.5540069937705994,105.4156652009445,9.783948791451037,1.010854302348891,1.4864120300109462,1.451430843158775,0.4414414427538671,1.0100501524695398,0.9956742670047272,0.0,0.0,105.4156652009445,9.783948791451037,1.010854302348891,1.4864120300109462,1.451430843158775,0.4414414427538671,1.0100501524695398,0.0,0.0,0.9956742670047272
scene-0757,CAM_FRONT,8,2,car,0.8865247964859009,54.8638600753457,6.89612304254182,2.059732900552596,3.3997099052301465,1.8956151474155045,1.53137815991615,-3.100114801976577,-0.49654249498722125,0.0,0.0,54.8638600753457,6.89612304254182,2.059732900552596,3.3997099052301465,1.8956151474155045,1.53137815991615,-3.100114801976577,0.0,0.0,-0.49654249498722125
scene-0757,CAM_FRONT,8,3,car,0.7770034670829773,19.094649344730147,6.946577309760297,1.4302326402172594,1.9683482072086669,0.5606559486730909,0.566746627081818,-2.5806092913764247,-1.036799603418332,0.09444444444444444,0.06800000000000002,19.094649344730147,6.946577309760297,1.4302326402172594,1.9683482072086669,0.5606559486730909,0.566746627081818,-2.5806092913764247,0.09444444444444444,0.06800000000000002,-1.036799603418332
scene-0757,CAM_FRONT,8,4,car,0.719298243522644,87.25229834678761,8.687046522298578,-0.024110324168635622,1.405181781860847,0.7974650357985098,1.5315428641349507,3.1286596702259715,2.241821100642239,0.0,0.0,87.25229834678761,8.687046522298578,-0.024110324168635622,1.405181781860847,0.7974650357985098,1.5315428641349507,3.1286596702259715,0.0,0.0,2.241821100642239
scene-0757,CAM_FRONT,8,5,car,0.7697842121124268,97.07437705197842,4.590501710633852,1.9284071390611492,2.800966713472974,1.2720282304087296,1.0479480014933327,-3.0939219380808995,0.19402848964572206,0.0,0.0,97.07437705197842,4.590501710633852,1.9284071390611492,2.800966713472974,1.2720282304087296,1.0479480014933327,-3.0939219380808995,0.0,0.0,0.19402848964572206
scene-0757,CAM_FRONT,8,6,car,0.5460992455482483,108.90474557065859,7.559608440417158,0.6299953408350253,1.345141491431086,1.3451225363290433,0.8628809285172416,2.040514977119085,1.6283712355985833,0.0,0.0,108.90474557065859,7.559608440417158,0.6299953408350253,1.345141491431086,1.3451225363290433,0.8628809285172416,2.040514977119085,0.0,0.0,1.6283712355985833
scene-0757,CAM_FRONT,8,0,bus,0.9609756469726562,29.432693367900633,-5.865640909469647,2.018596094801212,13.982604850678104,3.781090296021844,3.8034772906866725,1.172603309598774,-0.09387010236167082,0.020721210922041947,4.189000000000001,29.432693367900633,-5.865640909469647,2.018596094801212,13.982604850678104,3.781090296021844,3.8034772906866725,1.172603309598774,0.020721210922041947,4.189000000000001,-0.09387010236167082
scene-0757,CAM_BACK,8,0,car,0.8012422323226929,-65.79558852495197,15.263341048831647,0.15429452726860715,1.6438039568435343,1.64238873367632,0.6099956602411933,2.0066902724859013,-0.3190338096701357,0.0,0.0,-65.79558852495197,15.263341048831647,0.15429452726860715,1.6438039568435343,1.64238873367632,0.6099956602411933,2.0066902724859013,0.0,0.0,-0.3190338096701357
scene-0757,CAM_BACK,8,1,car,0.9179486632347107,-40.0588294998708,15.176575630141857,1.200873737908794,4.298397126786373,1.816429176757211,1.4605980303749293,1.4026245690641084,-0.40458364142393166,0.03178294573643411,0.3690000000000001,-40.0588294998708,15.176575630141857,1.200873737908794,4.298397126786373,1.816429176757211,1.4605980303749293,1.4026245690641084,0.03178294573643411,0.3690000000000001,-0.40458364142393166
scene-0757,CAM_BACK,8,2,car,0.9609756469726562,-9.393142270403526,-0.5426033622406193,0.688678812727451,4.662652894875126,2.420478109548031,1.925080583005243,3.1383064314249274,0.20309087982716867,0.10787607316162748,2.3120000000000007,-9.393142270403526,-0.5426033622406193,0.688678812727451,4.662652894875126,2.420478109548031,1.925080583005243,3.1383064314249274,0.10787607316162748,2.3120000000000007,0.20309087982716867
scene-0757,CAM_BACK,8,3,car,0.7344398498535156,-12.317383948718877,9.33384597727059,1.1177121112557633,2.157281236360568,0.9631651953097027,0.8016015760032966,-3.101854374648868,-0.6363728641319341,0.10113636363636364,0.17800000000000005,-12.317383948718877,9.33384597727059,1.1177121112557633,2.157281236360568,0.9631651953097027,0.8016015760032966,-3.101854374648868,0.10113636363636364,0.17800000000000005,-0.6363728641319341
scene-0757,CAM_BACK,8,4,car,0.9179486632347107,-33.116143403406255,4.701116791892361,0.9544437163798207,4.30400349118452,2.628610691875119,2.0186327878182415,-2.9757380680603993,-0.17656300882056875,0.01037567084078712,0.2320000000000001,-33.116143403406255,4.701116791892361,0.9544437163798207,4.30400349118452,2.628610691875119,2.0186327878182415,-2.9757380680603993,0.01037567084078712,0.2320000000000001,-0.17656300882056875
scene-0757,CAM_BACK,8,5,car,0.6289855241775513,-24.47166023433639,14.06282612955726,1.071256871100523,1.7266070457230782,1.7290803601819427,0.9244834803885956,1.3968981697987877,-0.414847516923071,0.008842752787389465,0.023000000000000003,-24.47166023433639,14.06282612955726,1.071256871100523,1.7266070457230782,1.7290803601819427,0.9244834803885956,1.3968981697987877,0.008842752787389465,0.023000000000000003,-0.414847516923071
scene-0757,CAM_BACK,8,0,bus,0.8439024686813354,-21.181778368032184,0.04163898834403512,1.3638562037706956,5.09298560326193,3.0944088039425726,2.9453011980550396,-3.1382522374135036,-0.11066025085371045,0.012781085737965932,0.5860000000000002,-21.181778368032184,0.04163898834403512,1.3638562037706956,5.09298560326193,3.0944088039425726,2.9453011980550396,-3.1382522374135036,0.012781085737965932,0.5860000000000002,-0.11066025085371045
scene-0757,CAM_BACK_RIGHT,8,0,construction vehicle,0.9064327478408813,-1.2764437168599785,-3.954901896814044,1.8363025090002658,3.6728669798735996,2.3530199983539726,3.6337118654103993,2.9510227196467103,-0.19039141601102383,0.472754004004004,15.113000000000005,-1.2764437168599785,-3.954901896814044,1.8363025090002658,3.6728669798735996,2.3530199983539726,3.6337118654103993,2.9510227196467103,0.472754004004004,15.113000000000005,-0.19039141601102383
scene-0757,CAM_FRONT,9,0,car,0.5114504098892212,106.44169016716158,8.449412108163504,1.607605653171852,1.2215175467091939,1.2101943414411949,0.6612555896245778,1.8149309348914935,1.009699740593684,0.0,0.0,106.44169016716158,8.449412108163504,1.607605653171852,1.2215175467091939,1.2101943414411949,0.6612555896245778,1.8149309348914935,0.0,0.0,1.009699740593684
scene-0757,CAM_FRONT,9,1,car,0.8358974456787109,55.73912074935286,7.654566770651215,1.7944605098787152,4.046518529047226,1.9954402050932192,1.6617084659088004,-3.0776717003881506,0.005968949382600286,0.0,0.0,55.73912074935286,7.654566770651215,1.7944605098787152,4.046518529047226,1.9954402050932192,1.6617084659088004,-3.0776717003881506,0.0,0.0,0.005968949382600286
scene-0757,CAM_FRONT,9,2,car,0.941605806350708,23.381355526388667,-9.307243237383998,0.9431877874480395,4.695975734090503,2.2494214794616205,1.7817175434511123,1.4591506716883882,-0.19121309815904497,0.014399312271652698,0.26800000000000007,23.381355526388667,-9.307243237383998,0.9431877874480395,4.695975734090503,2.2494214794616205,1.7817175434511123,1.4591506716883882,0.014399312271652698,0.26800000000000007,-0.19121309815904497
scene-0757,CAM_FRONT,9,3,car,0.8947368264198303,41.03914574750847,15.888648207764968,1.2965402802519022,7.227581253332229,3.0964008135126804,2.3879302076719013,1.4761512346679837,0.7415850227493928,0.0017921146953405018,0.09600000000000002,41.03914574750847,15.888648207764968,1.2965402802519022,7.227581253332229,3.0964008135126804,2.3879302076719013,1.4761512346679837,0.0017921146953405018,0.09600000000000002,0.7415850227493928
scene-0757,CAM_FRONT,9,4,car,0.5311355590820312,108.36800483762778,10.470305472560813,1.0841067587792517,1.6734169516389983,1.6930063048072697,0.9816504886870872,1.4435953886545487,1.7335412432852393,0.0,0.0,108.36800483762778,10.470305472560813,1.0841067587792517,1.6734169516389983,1.6930063048072697,0.9816504886870872,1.4435953886545487,0.0,0.0,1.7335412432852393
scene-0757,CAM_FRONT,9,5,car,0.6908212304115295,88.5943110283808,10.413653603007985,1.8806650409482009,1.8947263883719216,1.027864731544156,1.0591558565472008,-2.5775779115544135,0.4951869056130582,0.0,0.0,88.5943110283808,10.413653603007985,1.8806650409482009,1.8947263883719216,1.027864731544156,1.0591558565472008,-2.5775779115544135,0.0,0.0,0.4951869056130582
scene-0757,CAM_FRONT,9,0,bus,0.9609756469726562,29.105591158398727,-3.9830982940365334,2.2030091826648732,13.154242397074272,3.4466347967927184,3.890369734484114,1.1848936811238748,-0.11782351016406523,0.02084190319484437,3.648000000000001,29.105591158398727,-3.9830982940365334,2.2030091826648732,13.154242397074272,3.4466347967927184,3.890369734484114,1.1848936811238748,0.02084190319484437,3.648000000000001,-0.11782351016406523
scene-0757,CAM_FRONT_RIGHT,9,0,car,0.6097560524940491,2.2685602242397556,-11.757064231557216,1.2038171064230943,2.2626038939130355,1.1887738165315795,1.042037449515564,-2.7589028440725683,-0.36041119299229285,0.043115942028985506,0.11900000000000002,2.2685602242397556,-11.757064231557216,1.2038171064230943,2.2626038939130355,1.1887738165315795,1.042037449515564,-2.7589028440725683,0.043115942028985506,0.11900000000000002,-0.36041119299229285
scene-0757,CAM_FRONT_RIGHT,9,1,car,0.8518518805503845,5.873463716636426,-4.5313047055750975,1.3272395651679934,0.7049426713383251,0.3347958468960375,0.266501516886013,-2.4705209019404006,-1.3716687775854681,0.49206349206349204,0.031000000000000007,5.873463716636426,-4.5313047055750975,1.3272395651679934,0.7049426713383251,0.3347958468960375,0.266501516886013,-2.4705209019404006,0.49206349206349204,0.031000000000000007,-1.3716687775854681
scene-0757,CAM_BACK,9,0,car,0.8048780560493469,-67.49604103544057,14.793127173896425,0.4381612415636874,2.5799702649170797,1.485045104928182,1.2890716491103527,3.0113088499793306,-0.11126771832954074,0.0,0.0,-67.49604103544057,14.793127173896425,0.4381612415636874,2.5799702649170797,1.485045104928182,1.2890716491103527,3.0113088499793306,0.0,0.0,-0.11126771832954074
scene-0757,CAM_BACK,9,1,car,0.9064327478408813,-41.50450896319832,14.804618986674166,1.0189743946060823,4.347644651702501,1.970373817812579,1.4474806274248047,1.3851369912951181,-0.3117977292516674,0.011710963455149501,0.14100000000000001,-41.50450896319832,14.804618986674166,1.0189743946060823,4.347644651702501,1.970373817812579,1.4474806274248047,1.3851369912951181,0.011710963455149501,0.14100000000000001,-0.3117977292516674
scene-0757,CAM_BACK,9,2,car,0.8709677457809448,-80.87061911186665,11.009454336199175,-0.3935833982427972,9.742349004128243,5.861922718404461,4.965850664240849,-3.0642110027522826,2.565083551120134,0.0,0.0,-80.87061911186665,11.009454336199175,-0.3935833982427972,9.742349004128243,5.861922718404461,4.965850664240849,-3.0642110027522826,0.0,0.0,2.565083551120134
scene-0757,CAM_BACK,9,3,car,0.9609756469726562,-8.976243182817868,-0.40235300305701543,0.710620554069124,4.638388544784183,2.5306451133603716,1.9457618236562053,3.1292487588696236,0.2073946324205196,0.11221967963386728,2.452000000000001,-8.976243182817868,-0.40235300305701543,0.710620554069124,4.638388544784183,2.5306451133603716,1.9457618236562053,3.1292487588696236,0.11221967963386728,2.452000000000001,0.2073946324205196
scene-0757,CAM_BACK,9,4,car,0.7697842121124268,-12.827068248722076,9.192752624719569,1.002540733557499,2.7559184132296792,1.1605617281716212,1.0214423549643838,3.0465502360083967,-0.550813603419038,0.09970238095238096,0.3350000000000001,-12.827068248722076,9.192752624719569,1.002540733557499,2.7559184132296792,1.1605617281716212,1.0214423549643838,3.0465502360083967,0.09970238095238096,0.3350000000000001,-0.550813603419038
scene-0757,CAM_BACK,9,5,car,0.6604774594306946,-40.60105117306946,4.757812061396699,0.056715403352259386,2.7762713231668172,1.765540023982938,1.5902858127770068,-3.0756618767308375,0.4358899127709699,0.0,0.0,-40.60105117306946,4.757812061396699,0.056715403352259386,2.7762713231668172,1.765540023982938,1.5902858127770068,-3.0756618767308375,0.0,0.0,0.4358899127709699
scene-0757,CAM_BACK,9,6,car,0.6332378387451172,-21.961786544848433,12.168345680324421,1.0857924426234598,2.192267854329451,1.3093316071541974,0.7331616204614957,3.0771340835608183,-0.7032994404503777,0.004995004995004995,0.010000000000000004,-21.961786544848433,12.168345680324421,1.0857924426234598,2.192267854329451,1.3093316071541974,0.7331616204614957,3.0771340835608183,0.004995004995004995,0.010000000000000004,-0.7032994404503777
scene-0757,CAM_BACK,9,0,bus,0.8827838897705078,-19.891129218495223,-0.08773219562914018,1.5262027439497523,4.383760877647351,2.6671299115520917,2.428903070262342,-3.1113591095941073,-0.5006832998162771,0.01623877665544332,0.4630000000000001,-19.891129218495223,-0.08773219562914018,1.5262027439497523,4.383760877647351,2.6671299115520917,2.428903070262342,-3.1113591095941073,0.01623877665544332,0.4630000000000001,-0.5006832998162771
scene-0757,CAM_BACK,9,0,truck,0.5897435545921326,-3.805630596681715,-3.980383173057207,0.7991547960968625,2.397367993050004,1.4296522039752517,1.866980192731963,2.6580977450991794,0.04940093899010822,0.27631578947368424,1.7640000000000005,-3.805630596681715,-3.980383173057207,0.7991547960968625,2.397367993050004,1.4296522039752517,1.866980192731963,2.6580977450991794,0.27631578947368424,1.7640000000000005,0.04940093899010822
scene-0757,CAM_BACK_RIGHT,9,0,car,0.5661016702651978,2.2415484683512417,-11.443027572610948,1.406967216353251,2.1716705981644235,1.1260907366952146,0.9856927419488106,-3.0797729090841868,-0.5812678857459721,0.11239669421487604,0.2720000000000001,2.2415484683512417,-11.443027572610948,1.406967216353251,2.1716705981644235,1.1260907366952146,0.9856927419488106,-3.0797729090841868,0.11239669421487604,0.2720000000000001,-0.5812678857459721
scene-0757,CAM_BACK_RIGHT,9,0,construction vehicle,0.8865247964859009,-2.331336962303583,-3.665233821650332,1.80338069511145,3.667345666806089,2.676284161229252,4.112621211243654,2.9672458074222012,0.18330516615469872,0.45772601870162843,18.748000000000005,-2.331336962303583,-3.665233821650332,1.80338069511145,3.667345666806089,2.676284161229252,4.112621211243654,2.9672458074222012,0.45772601870162843,18.748000000000005,0.18330516615469872
scene-0757,CAM_FRONT,10,0,car,0.8439024686813354,29.63992381770266,-18.751373667187654,-0.7880661295583813,5.565944000782299,3.232239519204324,2.9988071313709086,1.7639210060413462,2.321862085644007,0.0,0.0,29.63992381770266,-18.751373667187654,-0.7880661295583813,5.565944000782299,3.232239519204324,2.9988071313709086,1.7639210060413462,0.0,0.0,2.321862085644007
scene-0757,CAM_FRONT,10,1,car,0.9452055096626282,26.355863612318736,8.9530469459489,1.4512680331482632,5.10912108517085,2.1827846931729944,1.4894797524260714,1.4792227937186575,-0.37299084657336534,0.06007130124777184,1.0110000000000003,26.355863612318736,8.9530469459489,1.4512680331482632,5.10912108517085,2.1827846931729944,1.4894797524260714,1.4792227937186575,0.06007130124777184,1.0110000000000003,-0.37299084657336534
scene-0757,CAM_FRONT,10,2,car,0.8202247023582458,58.57731873857963,8.565616335556474,2.1476021986650315,3.9957813342173623,2.200156062976325,1.7213887657695033,-3.0542677457404834,-0.36971911176645555,0.0,0.0,58.57731873857963,8.565616335556474,2.1476021986650315,3.9957813342173623,2.200156062976325,1.7213887657695033,-3.0542677457404834,0.0,0.0,-0.36971911176645555
scene-0757,CAM_FRONT,10,0,bus,0.96875,28.22531205308551,-2.3075981380995265,2.010946645796216,13.381056196407727,3.5430765025806004,3.7486874576785465,1.0343637079756183,0.11348306274314557,0.03534259205900997,6.133000000000001,28.22531205308551,-2.3075981380995265,2.010946645796216,13.381056196407727,3.5430765025806004,3.7486874576785465,1.0343637079756183,0.03534259205900997,6.133000000000001,0.11348306274314557
scene-0757,CAM_FRONT_RIGHT,10,0,car,0.7419355511665344,5.788565630642175,-4.426170277851171,1.3169176646641905,0.7970547921996349,0.3590552197426584,0.2857606828091728,-2.681658350484803,-1.366346717738402,0.5208333333333334,0.05000000000000002,5.788565630642175,-4.426170277851171,1.3169176646641905,0.7970547921996349,0.3590552197426584,0.2857606828091728,-2.681658350484803,0.5208333333333334,0.05000000000000002,-1.366346717738402
scene-0757,CAM_FRONT_RIGHT,10,1,car,0.7655677795410156,6.958461331171084,-4.456933289304414,1.326204714490025,1.3103592814923677,0.5885083836819396,0.5054885101903224,-2.7365920450442096,-1.277071147842816,0.4153846153846154,0.16200000000000003,6.958461331171084,-4.456933289304414,1.326204714490025,1.3103592814923677,0.5885083836819396,0.5054885101903224,-2.7365920450442096,0.4153846153846154,0.16200000000000003,-1.277071147842816
scene-0757,CAM_BACK,10,0,car,0.827957034111023,-66.0744561889908,14.334526921322038,-0.9552611790781147,1.4081800818830956,1.3585188339624352,1.236617490018971,0.8432513629025631,1.4425137643528743,0.0,0.0,-66.0744561889908,14.334526921322038,-0.9552611790781147,1.4081800818830956,1.3585188339624352,1.236617490018971,0.8432513629025631,0.0,0.0,1.4425137643528743
scene-0757,CAM_BACK,10,1,car,0.9139785170555115,-43.402068483934706,14.689011742246587,0.9851557411586758,4.423550564109241,1.9192892731939324,1.4677719530930662,1.429449673658952,-0.24950714350742542,0.008133971291866028,0.10200000000000002,-43.402068483934706,14.689011742246587,0.9851557411586758,4.423550564109241,1.9192892731939324,1.4677719530930662,1.429449673658952,0.008133971291866028,0.10200000000000002,-0.24950714350742542
scene-0757,CAM_BACK,10,2,car,0.9609756469726562,-8.699088074218464,-0.3500011273484492,0.6925378644810973,4.525754643384886,2.361188539420702,1.9903001601182932,3.137077486008188,0.24239821389266836,0.10407407407407407,2.248,-8.699088074218464,-0.3500011273484492,0.6925378644810973,4.525754643384886,2.361188539420702,1.9903001601182932,3.137077486008188,0.10407407407407407,2.248,0.24239821389266836
scene-0757,CAM_BACK,10,3,car,0.9179486632347107,-35.67422478220282,4.3439323770927745,0.8145571968728993,4.199706524302059,2.405147437116417,2.0619026851370177,-3.001527331043574,0.03790657660190533,0.004062736205593349,0.08600000000000003,-35.67422478220282,4.3439323770927745,0.8145571968728993,4.199706524302059,2.405147437116417,2.0619026851370177,-3.001527331043574,0.004062736205593349,0.08600000000000003,0.03790657660190533
scene-0757,CAM_BACK,10,4,car,0.7387754917144775,-13.630933507530628,8.822080385466968,1.0471477799130773,2.388245156844521,1.0122058116563633,0.8690709480365167,3.0986816344475168,-0.7404041725549371,0.06388888888888888,0.13800000000000004,-13.630933507530628,8.822080385466968,1.0471477799130773,2.388245156844521,1.0122058116563633,0.8690709480365167,3.0986816344475168,0.06388888888888888,0.13800000000000004,-0.7404041725549371
scene-0757,CAM_BACK,10,0,construction vehicle,0.6404494643211365,-5.272998083179439,-4.866189360003393,2.1783099805872608,4.332580778120657,2.5084190926558607,6.0779657246313885,2.2104059997174628,0.7263737226784457,0.14215783454060235,9.322000000000001,-5.272998083179439,-4.866189360003393,2.1783099805872608,4.332580778120657,2.5084190926558607,6.0779657246313885,2.2104059997174628,0.14215783454060235,9.322000000000001,0.7263737226784457
scene-0757,CAM_BACK,10,1,construction vehicle,0.5311355590820312,-19.72459138181874,0.16116036976023795,1.7141547163445119,4.29356850958272,2.713211249807383,2.5118462487568793,-3.0578689121238507,-0.6441726473831331,0.013850129198966409,0.4020000000000001,-19.72459138181874,0.16116036976023795,1.7141547163445119,4.29356850958272,2.713211249807383,2.5118462487568793,-3.0578689121238507,0.013850129198966409,0.4020000000000001,-0.6441726473831331
scene-0757,CAM_BACK_RIGHT,10,0,construction vehicle,0.8672199249267578,-3.3342875027858123,-4.297119818111923,1.179186661302726,2.512173951093649,2.00683030810007,3.109393285262957,2.3052339689467884,0.27764113646199995,0.41058064516129034,6.364000000000002,-3.3342875027858123,-4.297119818111923,1.179186661302726,2.512173951093649,2.00683030810007,3.109393285262957,2.3052339689467884,0.41058064516129034,6.364000000000002,0.27764113646199995
scene-0757,CAM_FRONT,11,0,car,0.9452055096626282,24.22185696654041,6.195465548769088,1.3963682653354004,5.01670484103735,2.151176152173271,1.4350389462901316,1.4703562184021242,-0.43419978427388406,0.0633116883116883,0.9750000000000002,24.22185696654041,6.195465548769088,1.3963682653354004,5.01670484103735,2.151176152173271,1.4350389462901316,1.4703562184021242,0.0633116883116883,0.9750000000000002,-0.43419978427388406
scene-0757,CAM_FRONT,11,0,bus,0.9609756469726562,28.557774929654148,-1.168761267191172,2.28838428739563,13.446489920597596,3.560887764454776,3.7805557504938063,0.9165327966903667,-0.09746576950575214,0.02221894911407873,4.073000000000001,28.557774929654148,-1.168761267191172,2.28838428739563,13.446489920597596,3.560887764454776,3.7805557504938063,0.9165327966903667,0.02221894911407873,4.073000000000001,-0.09746576950575214
scene-0757,CAM_FRONT_RIGHT,11,0,car,0.5540069937705994,6.37516271365932,-4.460522771228474,1.3395803909519461,1.0575660824092559,0.6786331150003058,0.34398008627562504,-2.4244318347161564,-1.3068363347526102,0.5281385281385281,0.12200000000000004,6.37516271365932,-4.460522771228474,1.3395803909519461,1.0575660824092559,0.6786331150003058,0.34398008627562504,-2.4244318347161564,0.5281385281385281,0.12200000000000004,-1.3068363347526102
scene-0757,CAM_BACK,11,0,car,0.8947368264198303,-44.2011548981946,14.486278943457457,0.6280593213329722,4.401583235848027,1.822919868866002,1.4645237341116784,1.4073872441641078,-0.14966743485078715,0.009595959595959595,0.11400000000000002,-44.2011548981946,14.486278943457457,0.6280593213329722,4.401583235848027,1.822919868866002,1.4645237341116784,1.4073872441641078,0.009595959595959595,0.11400000000000002,-0.14966743485078715
scene-0757,CAM_BACK,11,1,car,0.8904109597206116,-39.411980097837905,4.589926002854388,0.6066656358289205,4.718310039783283,2.7399611394592753,2.1032325206819005,-3.0464556901639654,0.13552622418243987,0.0005628729032984353,0.015000000000000006,-39.411980097837905,4.589926002854388,0.6066656358289205,4.718310039783283,2.7399611394592753,2.1032325206819005,-3.0464556901639654,0.0005628729032984353,0.015000000000000006,0.13552622418243987
scene-0757,CAM_BACK,11,2,car,0.9609756469726562,-8.534847941702248,-0.32100224766612195,0.645988280526323,4.953299440513845,2.412219264989301,2.0326532557822024,3.1173729717390155,0.29308176468741387,0.12733333333333333,3.056000000000001,-8.534847941702248,-0.32100224766612195,0.645988280526323,4.953299440513845,2.412219264989301,2.0326532557822024,3.1173729717390155,0.12733333333333333,3.056000000000001,0.29308176468741387
scene-0757,CAM_BACK,11,3,car,0.7928802371025085,-75.13928969144311,15.009335509434663,-0.8426086938018477,2.0036893259112816,1.9951293098052503,1.6498707042301224,1.0067730917472635,1.361804821959847,0.0,0.0,-75.13928969144311,15.009335509434663,-0.8426086938018477,2.0036893259112816,1.9951293098052503,1.6498707042301224,1.0067730917472635,0.0,0.0,1.361804821959847
scene-0757,CAM_BACK,11,4,car,0.6363636255264282,-13.349454494839714,8.223610209629785,0.9356921775943594,2.4682342522659404,1.0455989403404953,0.9150417252500254,3.0454052191452305,-0.6852115354683854,0.12133333333333333,0.2730000000000001,-13.349454494839714,8.223610209629785,0.9356921775943594,2.4682342522659404,1.0455989403404953,0.9150417252500254,3.0454052191452305,0.12133333333333333,0.2730000000000001,-0.6852115354683854
scene-0757,CAM_BACK,11,0,construction vehicle,0.8128654956817627,-5.990302660885462,-4.538157320736477,2.713906748566866,4.4420048818207265,2.835149801817159,7.3551039826172495,2.4021315994242114,0.8577224543601822,0.142988767988768,13.036000000000005,-5.990302660885462,-4.538157320736477,2.713906748566866,4.4420048818207265,2.835149801817159,7.3551039826172495,2.4021315994242114,0.142988767988768,13.036000000000005,0.8577224543601822
scene-0757,CAM_BACK,11,1,construction vehicle,0.5276752710342407,-19.058470869419644,0.22015199271357944,1.6571178393017922,4.587669026261054,2.918791827535925,2.73318610700268,-2.9676966779536373,-0.49884966520833496,0.012299405852629241,0.4430000000000001,-19.058470869419644,0.22015199271357944,1.6571178393017922,4.587669026261054,2.918791827535925,2.73318610700268,-2.9676966779536373,0.012299405852629241,0.4430000000000001,-0.49884966520833496
scene-0757,CAM_BACK_RIGHT,11,0,construction vehicle,0.8048780560493469,-4.719294452796498,-4.450538609041644,1.018719908514855,2.2580792032005346,1.2486347055162317,2.2218474580373555,-3.057347333279316,-0.007288610183127986,0.30780632411067194,1.8690000000000007,-4.719294452796498,-4.450538609041644,1.018719908514855,2.2580792032005346,1.2486347055162317,2.2218474580373555,-3.057347333279316,0.30780632411067194,1.8690000000000007,-0.007288610183127986
scene-0757,CAM_FRONT,12,0,car,0.949367105960846,22.044017006664205,3.35433909694592,1.2260323574858056,5.289789530226121,2.2274474953245083,1.4682973282532346,1.504079958215451,-0.36604690375118665,0.04230989136649514,0.7400000000000003,22.044017006664205,3.35433909694592,1.2260323574858056,5.289789530226121,2.2274474953245083,1.4682973282532346,1.504079958215451,0.04230989136649514,0.7400000000000003,-0.36604690375118665
scene-0757,CAM_FRONT,12,0,bus,0.9569892287254333,28.408400001370893,-0.004194968439061118,2.4568281223657817,11.784390318793399,3.5760895298028714,3.749164657898066,0.8694556198866661,-0.24670639283920348,0.021288237389932307,3.346000000000001,28.408400001370893,-0.004194968439061118,2.4568281223657817,11.784390318793399,3.5760895298028714,3.749164657898066,0.8694556198866661,0.021288237389932307,3.346000000000001,-0.24670639283920348
scene-0757,CAM_FRONT_RIGHT,12,0,car,0.9101123809814453,27.26325509040602,-17.97634689156976,0.3742321594162533,5.950876635385641,2.658694352972418,1.944841202370809,0.8761382619295621,1.0552957174935622,0.0,0.0,27.26325509040602,-17.97634689156976,0.3742321594162533,5.950876635385641,2.658694352972418,1.944841202370809,0.8761382619295621,0.0,0.0,1.0552957174935622
scene-0757,CAM_FRONT_RIGHT,12,1,car,0.7730495929718018,4.289180296573429,-4.373194271115632,1.485504612031884,0.8042151514065439,0.4845104807536105,0.35689671488546604,0.8839555405847035,-1.4172225807543501,0.7375,0.11800000000000004,4.289180296573429,-4.373194271115632,1.485504612031884,0.8042151514065439,0.4845104807536105,0.35689671488546604,0.8839555405847035,0.7375,0.11800000000000004,-1.4172225807543501
scene-0757,CAM_BACK,12,0,car,0.8904109597206116,-31.338884243948034,3.5968400868117887,0.8111664683341602,3.2025599806336196,1.4968446549914458,1.4756068310075459,-3.129784877083864,-0.4522054662558328,0.0016666666666666668,0.012000000000000004,-31.338884243948034,3.5968400868117887,0.8111664683341602,3.2025599806336196,1.4968446549914458,1.4756068310075459,-3.129784877083864,0.0016666666666666668,0.012000000000000004,-0.4522054662558328
scene-0757,CAM_BACK,12,1,car,0.9609756469726562,-8.05334334465957,-0.32566592970214375,0.7213404008153789,4.693631221553032,2.4408482977791115,1.8974229539932217,3.1041367688352697,0.1152947415259471,0.1513157894736842,3.2430000000000008,-8.05334334465957,-0.32566592970214375,0.7213404008153789,4.693631221553032,2.4408482977791115,1.8974229539932217,3.1041367688352697,0.1513157894736842,3.2430000000000008,0.1152947415259471
scene-0757,CAM_BACK,12,2,car,0.7538461089134216,-76.74653015197116,15.219045930428294,-0.8034699987482681,2.8859488068170833,2.477542489341241,1.1474049824211092,3.100181557464608,0.7996711929617524,0.0,0.0,-76.74653015197116,15.219045930428294,-0.8034699987482681,2.8859488068170833,2.477542489341241,1.1474049824211092,3.100181557464608,0.0,0.0,0.7996711929617524
scene-0757,CAM_BACK,12,3,car,0.7460317611694336,-13.117195416308723,7.8373966678722615,0.9436766391740632,2.731540304799852,1.2083564222781797,1.0149116936414524,3.105881327641681,-0.7471225534083297,0.10123456790123457,0.32800000000000007,-13.117195416308723,7.8373966678722615,0.9436766391740632,2.731540304799852,1.2083564222781797,1.0149116936414524,3.105881327641681,0.10123456790123457,0.32800000000000007,-0.7471225534083297
scene-0757,CAM_BACK,12,4,car,0.8947368264198303,-30.643448803812944,9.547973935281668,-0.023876161540652974,2.5419262085663634,1.0929528728442044,0.8717977851306793,1.5055694707929315,0.09241386617111713,0.0,0.0,-30.643448803812944,9.547973935281668,-0.023876161540652974,2.5419262085663634,1.0929528728442044,0.8717977851306793,1.5055694707929315,0.0,0.0,0.09241386617111713
scene-0757,CAM_BACK,12,0,truck,0.719298243522644,-18.593865501042686,0.4749480940507322,1.673658335376095,4.770177548859984,2.927553597250798,2.6324463880710196,-3.038684849506061,-0.6552930517352538,0.015666445623342174,0.5670000000000001,-18.593865501042686,0.4749480940507322,1.673658335376095,4.770177548859984,2.927553597250798,2.6324463880710196,-3.038684849506061,0.015666445623342174,0.5670000000000001,-0.6552930517352538
scene-0757,CAM_BACK,12,0,construction vehicle,0.8750000596046448,-6.9749631224582975,-4.587396200330065,3.0143983013189555,4.3816722899334675,3.026466731649384,7.169534538387477,2.382627285738278,0.4423600658018767,0.13563762626262627,12.891000000000004,-6.9749631224582975,-4.587396200330065,3.0143983013189555,4.3816722899334675,3.026466731649384,7.169534538387477,2.382627285738278,0.13563762626262627,12.891000000000004,0.4423600658018767
scene-0757,CAM_FRONT,13,0,car,0.9452055096626282,20.825674808782,-12.57011465266717,0.23822213804750203,3.9442583429813274,1.8396665872887787,1.4335016964554907,1.4108824514332743,0.547857316308936,0.007936507936507936,0.07800000000000001,20.825674808782,-12.57011465266717,0.23822213804750203,3.9442583429813274,1.8396665872887787,1.4335016964554907,1.4108824514332743,0.007936507936507936,0.07800000000000001,0.547857316308936
scene-0757,CAM_FRONT,13,1,car,0.96875,19.875650696659612,0.4028183768299803,1.080702933106224,5.317506234316644,1.84077141706436,1.6362573320239295,1.471034309360784,-0.20740037829173075,0.06656184486373165,1.016,19.875650696659612,0.4028183768299803,1.080702933106224,5.317506234316644,1.84077141706436,1.6362573320239295,1.471034309360784,0.06656184486373165,1.016,-0.20740037829173075
scene-0757,CAM_FRONT,13,0,bus,0.9649122953414917,28.877028472551032,1.0016386854831467,2.339052677259788,11.254204899288446,3.272856535094455,3.5430821534817705,-2.4157454837893018,-0.1147022071129884,0.015277937401831207,1.9940000000000007,28.877028472551032,1.0016386854831467,2.339052677259788,11.254204899288446,3.272856535094455,3.5430821534817705,-2.4157454837893018,0.015277937401831207,1.9940000000000007,-0.1147022071129884
scene-0757,CAM_FRONT_RIGHT,13,0,car,0.9609756469726562,20.79375482134628,-12.542308453090664,1.0613230503816111,4.765132515309582,1.899883226866237,1.417359174595961,1.1128140982214871,-0.381268906661397,0.048480576441102756,0.6190000000000001,20.79375482134628,-12.542308453090664,1.0613230503816111,4.765132515309582,1.899883226866237,1.417359174595961,1.1128140982214871,0.048480576441102756,0.6190000000000001,-0.381268906661397
scene-0757,CAM_BACK,13,0,car,0.8787879347801208,-37.83071797842999,4.2717319749686276,0.760213462157929,3.1454304966700946,1.8090858988425245,1.812315160420676,3.0952675207437417,-0.013290286511494775,0.004679410593389088,0.047000000000000014,-37.83071797842999,4.2717319749686276,0.760213462157929,3.1454304966700946,1.8090858988425245,1.812315160420676,3.0952675207437417,0.004679410593389088,0.047000000000000014,-0.013290286511494775
scene-0757,CAM_BACK,13,1,car,0.9609756469726562,-7.67881018999057,-0.3069080621943401,0.7833571771435386,4.181975213883056,2.5799611405199294,1.918452848490157,3.1135804631726907,0.14633092113613544,0.15948525159051474,3.3090000000000006,-7.67881018999057,-0.3069080621943401,0.7833571771435386,4.181975213883056,2.5799611405199294,1.918452848490157,3.1135804631726907,0.15948525159051474,3.3090000000000006,0.14633092113613544
scene-0757,CAM_BACK,13,2,car,0.7344398498535156,-77.59587062838294,14.631817035590133,-0.027098146572636816,2.0755484679351888,1.885349868277828,1.4839609875035658,1.7172380460963903,0.5524447244232356,0.0,0.0,-77.59587062838294,14.631817035590133,-0.027098146572636816,2.0755484679351888,1.885349868277828,1.4839609875035658,1.7172380460963903,0.0,0.0,0.5524447244232356
scene-0757,CAM_BACK,13,3,car,0.6995305418968201,-13.902440059690884,7.7820000423383755,0.9411583606378047,2.0170760911259666,0.9345390649358718,0.8120249319462034,-3.1022335061380484,-0.7746979156913143,0.10555555555555556,0.15200000000000005,-13.902440059690884,7.7820000423383755,0.9411583606378047,2.0170760911259666,0.9345390649358718,0.8120249319462034,-3.1022335061380484,0.10555555555555556,0.15200000000000005,-0.7746979156913143
scene-0757,CAM_BACK,13,4,car,0.8947368264198303,-46.83096081656206,14.315117323397784,0.5214624559888067,4.86860256811303,1.9315725820424063,1.6305016889219204,1.4706918683264933,0.16187803457315142,0.011278195488721804,0.16800000000000004,-46.83096081656206,14.315117323397784,0.5214624559888067,4.86860256811303,1.9315725820424063,1.6305016889219204,1.4706918683264933,0.011278195488721804,0.16800000000000004,0.16187803457315142
scene-0757,CAM_BACK,13,0,bus,0.8083832263946533,-18.419722111339617,0.5674628254644528,1.5998053930893987,5.212767357222056,3.3441131951365297,3.002679399671206,-3.0973284100300877,-0.2759857299511834,0.015015540015540016,0.7730000000000002,-18.419722111339617,0.5674628254644528,1.5998053930893987,5.212767357222056,3.3441131951365297,3.002679399671206,-3.0973284100300877,0.015015540015540016,0.7730000000000002,-0.2759857299511834
scene-0757,CAM_BACK,13,0,construction vehicle,0.7500000596046448,-7.944640193166872,-4.486150238269276,3.054167536377825,4.680523462678263,2.332761822381193,7.10650976839903,2.50294453738909,0.4407925970716251,0.11689749970684421,8.972000000000001,-7.944640193166872,-4.486150238269276,3.054167536377825,4.680523462678263,2.332761822381193,7.10650976839903,2.50294453738909,0.11689749970684421,8.972000000000001,0.4407925970716251
scene-0757,CAM_FRONT,14,0,car,0.9649122953414917,21.011227752870926,-9.809428856342608,1.2254861985767582,4.8983811301916145,2.015431408949741,1.4916782476390487,1.3518451957488684,-0.23363872331203583,0.09448979591836734,1.3890000000000002,21.011227752870926,-9.809428856342608,1.2254861985767582,4.8983811301916145,2.015431408949741,1.4916782476390487,1.3518451957488684,0.09448979591836734,1.3890000000000002,-0.23363872331203583
scene-0757,CAM_FRONT,14,1,car,0.6604774594306946,53.27608961001316,10.070025285650182,2.192451752281231,3.7841240126901,1.2555413484467235,1.8497338203441551,-2.9241571545165512,-0.9205002900595165,0.0,0.0,53.27608961001316,10.070025285650182,2.192451752281231,3.7841240126901,1.2555413484467235,1.8497338203441551,-2.9241571545165512,0.0,0.0,-0.9205002900595165
scene-0757,CAM_FRONT,14,2,car,0.9726027250289917,18.533285738065416,-2.728459724479031,1.1253305846492658,5.43518654081017,2.3342361000451213,1.5385426408427807,1.3642175983951306,-0.21654131619645,0.10778314546430488,2.0080000000000005,18.533285738065416,-2.728459724479031,1.1253305846492658,5.43518654081017,2.3342361000451213,1.5385426408427807,1.3642175983951306,0.10778314546430488,2.0080000000000005,-0.21654131619645
scene-0757,CAM_FRONT,14,0,bus,0.9532163739204407,30.117080569102015,2.0908081632564097,2.4725555361503755,11.14845089350041,3.4085882249585193,3.6842222738048886,-2.571812591552398,-0.2131690002782809,0.0121814978730718,1.7010000000000005,30.117080569102015,2.0908081632564097,2.4725555361503755,11.14845089350041,3.4085882249585193,3.6842222738048886,-2.571812591552398,0.0121814978730718,1.7010000000000005,-0.2131690002782809
scene-0757,CAM_FRONT_RIGHT,14,0,car,0.9649122953414917,20.703946456236107,-10.304932789034517,1.2180386524330413,4.575198974463683,1.8018571495611688,1.390506451836164,1.1526649358741483,-0.2926487786944866,0.04296066252587992,0.4980000000000001,20.703946456236107,-10.304932789034517,1.2180386524330413,4.575198974463683,1.8018571495611688,1.390506451836164,1.1526649358741483,0.04296066252587992,0.4980000000000001,-0.2926487786944866
scene-0757,CAM_BACK,14,0,car,0.7620818018913269,-14.005859327085041,2.3748929158614906,0.041645684510338454,1.1251694997487238,0.647131423749036,0.5866561613994843,3.1331327368903104,0.023014779345226444,0.1717171717171717,0.068,-14.005859327085041,2.3748929158614906,0.041645684510338454,1.1251694997487238,0.647131423749036,0.5866561613994843,3.1331327368903104,0.1717171717171717,0.068,0.023014779345226444
scene-0757,CAM_BACK,14,1,car,0.9649122953414917,-7.201314012308824,-0.4562321559123899,0.7806848767829091,3.991470826709616,2.4350216164695992,1.8889428140101585,3.0962632026018246,0.12970107021497945,0.18453947368421053,3.366000000000001,-7.201314012308824,-0.4562321559123899,0.7806848767829091,3.991470826709616,2.4350216164695992,1.8889428140101585,3.0962632026018246,0.18453947368421053,3.366000000000001,0.12970107021497945
scene-0757,CAM_BACK,14,2,car,0.8128654956817627,-78.54459519496523,13.415460370489429,-0.7201076826088026,2.4494627687397657,0.7180682857620866,2.3920023318915864,1.4736520716151564,1.6384845096893157,0.0,0.0,-78.54459519496523,13.415460370489429,-0.7201076826088026,2.4494627687397657,0.7180682857620866,2.3920023318915864,1.4736520716151564,0.0,0.0,1.6384845096893157
scene-0757,CAM_BACK,14,3,car,0.6640419960021973,-28.337684317172428,15.389448306381775,0.2295112576196331,4.409293416044285,2.0467829480577526,1.7819636461126291,2.8188492116409223,0.4933789106591546,0.01748737373737374,0.2770000000000001,-28.337684317172428,15.389448306381775,0.2295112576196331,4.409293416044285,2.0467829480577526,1.7819636461126291,2.8188492116409223,0.01748737373737374,0.2770000000000001,0.4933789106591546
scene-0757,CAM_BACK,14,4,car,0.8787879347801208,-17.282606574710023,5.952561964700713,0.23365335018580025,1.3188761049147342,0.5583641100316186,0.46184803878707825,1.4674660305589184,-0.32554978562815284,0.34102564102564104,0.13300000000000003,-17.282606574710023,5.952561964700713,0.23365335018580025,1.3188761049147342,0.5583641100316186,0.46184803878707825,1.4674660305589184,0.34102564102564104,0.13300000000000003,-0.32554978562815284
scene-0757,CAM_BACK,14,0,construction vehicle,0.8241757750511169,-8.447220252717221,-4.802164957296871,3.1762173092593646,5.373109631289239,2.484867982151922,8.004704329642706,2.417570906234827,0.7464510003860165,0.11562037037037037,12.487000000000004,-8.447220252717221,-4.802164957296871,3.1762173092593646,5.373109631289239,2.484867982151922,8.004704329642706,2.417570906234827,0.11562037037037037,12.487000000000004,0.7464510003860165
scene-0757,CAM_BACK,14,1,construction vehicle,0.6213017702102661,-17.209930956283507,0.48397819308434586,1.07031895801661,5.729336371977212,3.1350278081740655,3.367967184751743,-3.1200685524573455,0.4163494182948084,0.027580811611571623,1.6570000000000005,-17.209930956283507,0.48397819308434586,1.07031895801661,5.729336371977212,3.1350278081740655,3.367967184751743,-3.1200685524573455,0.027580811611571623,1.6570000000000005,0.4163494182948084
scene-0757,CAM_FRONT,15,0,car,0.96875,17.08018598151974,-6.032219578486308,1.206222265981082,5.382688963300794,2.279709863104401,1.602019796933937,1.3625378796331755,-0.19401297960613162,0.11307367149758454,2.2470000000000003,17.08018598151974,-6.032219578486308,1.206222265981082,5.382688963300794,2.279709863104401,1.602019796933937,1.3625378796331755,0.11307367149758454,2.2470000000000003,-0.19401297960613162
scene-0757,CAM_FRONT,15,1,car,0.8476190567016602,49.67002956908383,10.054397742456331,1.9645608330567743,3.3374569371517566,1.9362130493818732,1.854143970667845,-3.021624260834013,-0.3492691216371888,0.0,0.0,49.67002956908383,10.054397742456331,1.9645608330567743,3.3374569371517566,1.9362130493818732,1.854143970667845,-3.021624260834013,0.0,0.0,-0.3492691216371888
scene-0757,CAM_FRONT,15,2,car,0.5897435545921326,67.4978329902097,15.2958399524212,1.9270098273813159,4.267784509306232,2.4672354246706227,2.1742021541550622,-2.5755486212054475,0.12592914556642398,0.0,0.0,67.4978329902097,15.2958399524212,1.9270098273813159,4.267784509306232,2.4672354246706227,2.1742021541550622,-2.5755486212054475,0.0,0.0,0.12592914556642398
scene-0757,CAM_FRONT,15,0,bus,0.9569892287254333,31.493209929636745,2.757154599457138,2.4301310041679662,10.391940423071155,3.3911370977166717,3.8591410336592853,-2.74529230662425,-0.050144756861944195,0.009173047917391808,1.2650000000000001,31.493209929636745,2.757154599457138,2.4301310041679662,10.391940423071155,3.3911370977166717,3.8591410336592853,-2.74529230662425,0.009173047917391808,1.2650000000000001,-0.050144756861944195
scene-0757,CAM_FRONT_RIGHT,15,0,car,0.9298245906829834,16.44199142868105,-7.322733707332443,0.6141102894391707,2.9625747390489656,1.5484409119122162,1.1833120613304897,1.088581737385008,0.1978962004440994,0.09148148148148148,0.4940000000000001,16.44199142868105,-7.322733707332443,0.6141102894391707,2.9625747390489656,1.5484409119122162,1.1833120613304897,1.088581737385008,0.09148148148148148,0.4940000000000001,0.1978962004440994
scene-0757,CAM_FRONT_RIGHT,15,1,car,0.5747508406639099,2.964388817931672,-4.151623680702753,1.5020576006959847,0.3567280587585293,0.23705155266648337,0.16027436129530592,0.9577355321783894,-1.4487793682194705,0.875,0.014000000000000004,2.964388817931672,-4.151623680702753,1.5020576006959847,0.3567280587585293,0.23705155266648337,0.16027436129530592,0.9577355321783894,0.875,0.014000000000000004,-1.4487793682194705
scene-0757,CAM_BACK,15,0,car,0.8160918951034546,-80.06116724461161,12.563900797215462,-0.8505763684847771,3.4337672789393565,2.471885570894722,1.3920392735652465,3.1213940233716437,1.2157481160824486,0.0,0.0,-80.06116724461161,12.563900797215462,-0.8505763684847771,3.4337672789393565,2.471885570894722,1.3920392735652465,3.1213940233716437,0.0,0.0,1.2157481160824486
scene-0757,CAM_BACK,15,1,car,0.9569892287254333,-6.820386752151056,-0.5155821822215056,0.8355878912946916,4.031681838607535,2.5445906570568484,1.8194205467410651,3.1155361139525626,0.08386640039210991,0.20316666666666666,3.6570000000000005,-6.820386752151056,-0.5155821822215056,0.8355878912946916,4.031681838607535,2.5445906570568484,1.8194205467410651,3.1155361139525626,0.20316666666666666,3.6570000000000005,0.08386640039210991
scene-0757,CAM_BACK,15,2,car,0.8632478713989258,-15.788183826760486,4.182191331579358,1.1023744010012089,1.51010692329712,0.6425000357817527,0.5095728177067932,1.4730400163458726,-1.213097472385773,0.0044444444444444444,0.0020000000000000005,-15.788183826760486,4.182191331579358,1.1023744010012089,1.51010692329712,0.6425000357817527,0.5095728177067932,1.4730400163458726,0.0044444444444444444,0.0020000000000000005,-1.213097472385773
scene-0757,CAM_BACK,15,3,car,0.6559139490127563,-13.51945389936366,6.637855975209448,0.9319035112495875,1.3595916685377194,0.8353138492548786,0.6865081346670511,2.9183816628067474,-0.9704539101636205,0.12627551020408162,0.099,-13.51945389936366,6.637855975209448,0.9319035112495875,1.3595916685377194,0.8353138492548786,0.6865081346670511,2.9183816628067474,0.12627551020408162,0.099,-0.9704539101636205
scene-0757,CAM_BACK,15,0,truck,0.9024390578269958,-16.972017157594983,0.40660551370949655,1.0751146413027688,5.819848380068008,2.8583273850389563,3.265035842695318,-3.0256976738983163,0.4080138044608601,0.024916225272943467,1.3830000000000005,-16.972017157594983,0.40660551370949655,1.0751146413027688,5.819848380068008,2.8583273850389563,3.265035842695318,-3.0256976738983163,0.024916225272943467,1.3830000000000005,0.4080138044608601
scene-0757,CAM_BACK,15,0,construction vehicle,0.7968254089355469,-8.358033089586357,-4.9183366280547665,3.344427925096346,5.212940806204115,2.2886631570304257,7.601940135484853,2.3096060515191885,0.47636267261362697,0.1360235873965851,12.364,-8.358033089586357,-4.9183366280547665,3.344427925096346,5.212940806204115,2.2886631570304257,7.601940135484853,2.3096060515191885,0.1360235873965851,12.364,0.47636267261362697
scene-0757,CAM_FRONT,16,0,car,0.9569892287254333,16.027593536078424,-9.872151291485256,0.5569023293250093,4.6371523909731,2.161447025605792,1.9023017509896678,1.4390487904272977,0.6921283016668034,0.009257333055960059,0.17800000000000007,16.027593536078424,-9.872151291485256,0.5569023293250093,4.6371523909731,2.161447025605792,1.9023017509896678,1.4390487904272977,0.009257333055960059,0.17800000000000007,0.6921283016668034
scene-0757,CAM_FRONT,16,1,car,0.8827838897705078,46.92326457678701,10.133576355598771,2.303730653266008,3.3568649289537547,2.0315149365167624,1.721966626814722,-3.1015563481064934,-0.8938985916515545,0.00043252595155709344,0.005000000000000001,46.92326457678701,10.133576355598771,2.303730653266008,3.3568649289537547,2.0315149365167624,1.721966626814722,-3.1015563481064934,0.00043252595155709344,0.005000000000000001,-0.8938985916515545
scene-0757,CAM_FRONT,16,2,car,0.9649122953414917,21.22538663498499,-3.096612475218388,1.3878189395118274,5.004263838588279,2.0534561806136686,1.5173244465685198,1.443414621925938,-0.16503352677825722,0.08361904761904762,1.3170000000000004,21.22538663498499,-3.096612475218388,1.3878189395118274,5.004263838588279,2.0534561806136686,1.5173244465685198,1.443414621925938,0.08361904761904762,1.3170000000000004,-0.16503352677825722
scene-0757,CAM_FRONT,16,0,bus,0.941605806350708,32.67736231182588,3.5129399031207087,2.2419406335363194,9.145624702067842,3.629426050689543,4.107849637477863,-2.910561236635138,0.5458238162832396,0.005204145448047887,0.6990000000000002,32.67736231182588,3.5129399031207087,2.2419406335363194,9.145624702067842,3.629426050689543,4.107849637477863,-2.910561236635138,0.005204145448047887,0.6990000000000002,0.5458238162832396
scene-0757,CAM_FRONT_RIGHT,16,0,car,0.9532163739204407,15.715076873687888,-9.487228518171525,1.2826303382307258,4.900226199573362,2.104074881205179,1.5179154959594412,1.2908716839387213,-0.2337120270681744,0.1152575315840622,1.7790000000000006,15.715076873687888,-9.487228518171525,1.2826303382307258,4.900226199573362,2.104074881205179,1.5179154959594412,1.2908716839387213,0.1152575315840622,1.7790000000000006,-0.2337120270681744
scene-0757,CAM_FRONT_RIGHT,16,1,car,0.6952381134033203,3.1084299108916236,-4.210579358877686,1.5405303040336555,0.5890135734242563,0.26743693772306365,0.21249765063924486,-2.894294632700762,-1.4737469359150372,0.6388888888888888,0.023000000000000007,3.1084299108916236,-4.210579358877686,1.5405303040336555,0.5890135734242563,0.26743693772306365,0.21249765063924486,-2.894294632700762,0.6388888888888888,0.023000000000000007,-1.4737469359150372
scene-0757,CAM_FRONT_RIGHT,16,0,truck,0.6717948913574219,18.215636298789704,-15.660073725964802,1.6351727146863533,3.614039221890488,2.3214457096363184,1.7865072502567299,1.2716711636947808,-0.19249080538974495,0.031468062265163715,0.46900000000000014,18.215636298789704,-15.660073725964802,1.6351727146863533,3.614039221890488,2.3214457096363184,1.7865072502567299,1.2716711636947808,0.031468062265163715,0.46900000000000014,-0.19249080538974495
scene-0757,CAM_BACK,16,0,car,0.6831682920455933,-15.875100139761265,2.334141522245833,0.9891411763872473,0.5005222487655345,0.380204187639243,0.3590531774784007,3.107301979881459,-1.1414034255577454,0.0,0.0,-15.875100139761265,2.334141522245833,0.9891411763872473,0.5005222487655345,0.380204187639243,0.3590531774784007,3.107301979881459,0.0,0.0,-1.1414034255577454
scene-0757,CAM_BACK,16,1,car,0.9609756469726562,-6.47401510263765,-0.5864593556904207,0.7497708685938863,4.537364334570508,2.5083491904971726,2.0068759010146753,3.107863176032813,0.23563480677316584,0.18355555555555556,4.130000000000002,-6.47401510263765,-0.5864593556904207,0.7497708685938863,4.537364334570508,2.5083491904971726,2.0068759010146753,3.107863176032813,0.18355555555555556,4.130000000000002,0.23563480677316584
scene-0757,CAM_BACK,16,2,car,0.7460317611694336,-24.04042186672667,11.264392777853843,0.22255237922891608,3.491434820398471,1.612068257127122,1.4768878400362961,3.100404934574435,0.07569055631123511,0.005595238095238095,0.04700000000000001,-24.04042186672667,11.264392777853843,0.22255237922891608,3.491434820398471,1.612068257127122,1.4768878400362961,3.100404934574435,0.005595238095238095,0.04700000000000001,0.07569055631123511
scene-0757,CAM_BACK,16,3,car,0.8552036285400391,-17.650669748457187,4.4261854755272445,1.1146041013601389,1.6908989348513859,0.7170076815624071,0.557148919136874,1.5230204803162564,-1.2914611627305752,0.20868347338935575,0.14900000000000005,-17.650669748457187,4.4261854755272445,1.1146041013601389,1.6908989348513859,0.7170076815624071,0.557148919136874,1.5230204803162564,0.20868347338935575,0.14900000000000005,-1.2914611627305752
scene-0757,CAM_BACK,16,0,construction vehicle,0.6995305418968201,-9.812344999155451,-4.876056312913701,3.619093792204474,5.299848462948843,2.123353676227662,8.768465219814388,2.5667838901474695,0.7353758045782541,0.08346606223964714,8.175,-9.812344999155451,-4.876056312913701,3.619093792204474,5.299848462948843,2.123353676227662,8.768465219814388,2.5667838901474695,0.08346606223964714,8.175,0.7353758045782541
scene-0757,CAM_BACK,16,1,construction vehicle,0.5395683646202087,-16.46144724213812,0.49428214137142007,0.797546283717053,7.145138971237715,2.7884540894831864,3.4463616947420253,-2.9508620494054387,0.7480699575834411,0.02040182270091135,1.3790000000000002,-16.46144724213812,0.49428214137142007,0.797546283717053,7.145138971237715,2.7884540894831864,3.4463616947420253,-2.9508620494054387,0.02040182270091135,1.3790000000000002,0.7480699575834411
scene-0757,CAM_FRONT,17,0,car,0.8987342119216919,48.50650356920342,10.979041639129303,2.1804877990695712,3.7947520053179886,2.1115128288955187,1.9849623532248275,-3.104930591606824,-0.791174066924702,0.0007518796992481203,0.012000000000000004,48.50650356920342,10.979041639129303,2.1804877990695712,3.7947520053179886,2.1115128288955187,1.9849623532248275,-3.104930591606824,0.0007518796992481203,0.012000000000000004,-0.791174066924702
scene-0757,CAM_FRONT,17,1,car,0.7299578189849854,88.48315254885996,16.116948865260067,2.0701401125008676,1.1550887720606795,1.108412397837725,1.24745042214508,3.1272474803102064,-0.4091646210480786,0.0,0.0,88.48315254885996,16.116948865260067,2.0701401125008676,1.1550887720606795,1.108412397837725,1.24745042214508,3.1272474803102064,0.0,0.0,-0.4091646210480786
scene-0757,CAM_FRONT,17,2,car,0.9609756469726562,21.64858881360963,0.4793191311600932,1.3671695893006495,4.934125125672515,2.0558413083061673,1.5149243475729448,1.4417970528688806,-0.1785363261033952,0.051959831551668285,0.8020000000000002,21.64858881360963,0.4793191311600932,1.3671695893006495,4.934125125672515,2.0558413083061673,1.5149243475729448,1.4417970528688806,0.051959831551668285,0.8020000000000002,-0.1785363261033952
scene-0757,CAM_FRONT,17,0,bus,0.9298245906829834,34.19267251064657,3.7770812002164105,1.94136727011623,9.660630232827288,3.375219658174321,4.222897442278955,-2.9801460333754766,0.7671383763200312,0.006706806433913771,0.929,34.19267251064657,3.7770812002164105,1.94136727011623,9.660630232827288,3.375219658174321,4.222897442278955,-2.9801460333754766,0.006706806433913771,0.929,0.7671383763200312
scene-0757,CAM_FRONT_LEFT,17,0,car,0.6483516097068787,13.433064034950188,10.1679587901914,1.2697237857151884,1.142267827929647,0.5629992294556816,0.5948720284855376,-2.7870935414698574,-0.9308279279560698,0.05303030303030303,0.021000000000000005,13.433064034950188,10.1679587901914,1.2697237857151884,1.142267827929647,0.5629992294556816,0.5948720284855376,-2.7870935414698574,0.05303030303030303,0.021000000000000005,-0.9308279279560698
scene-0757,CAM_FRONT_RIGHT,17,0,car,0.8827838897705078,14.87525839625484,-12.825340901987826,1.2397563695921945,4.4921764572069804,2.0632102876659353,1.6362336481990731,1.1641091860787407,-0.013707681231030722,0.033002645502645506,0.4990000000000001,14.87525839625484,-12.825340901987826,1.2397563695921945,4.4921764572069804,2.0632102876659353,1.6362336481990731,1.1641091860787407,0.033002645502645506,0.4990000000000001,-0.013707681231030722
scene-0757,CAM_FRONT_RIGHT,17,1,car,0.8202247023582458,3.402268720317232,-4.523175116147721,1.5629247386915996,0.587168099884664,0.31803130585835326,0.20759475915593062,-2.7297291827773327,-1.483289998046101,0.5555555555555556,0.020000000000000007,3.402268720317232,-4.523175116147721,1.5629247386915996,0.587168099884664,0.31803130585835326,0.20759475915593062,-2.7297291827773327,0.5555555555555556,0.020000000000000007,-1.483289998046101
scene-0757,CAM_FRONT_RIGHT,17,0,truck,0.8518518805503845,18.050363549073854,-14.234779165660841,2.043018297007377,6.435664455218747,2.315697310463733,2.417027789471909,1.314573555508084,-0.03436020671478168,0.04571444746376811,1.6150000000000004,18.050363549073854,-14.234779165660841,2.043018297007377,6.435664455218747,2.315697310463733,2.417027789471909,1.314573555508084,0.04571444746376811,1.6150000000000004,-0.03436020671478168
scene-0757,CAM_BACK,17,0,car,0.9649122953414917,-5.8683528025398095,-0.6240113367691239,0.7691738151842054,4.4894324358820015,2.4140540937123536,1.934545612793257,3.1205230420149355,0.16629026472287922,0.1982943469785575,4.069000000000001,-5.8683528025398095,-0.6240113367691239,0.7691738151842054,4.4894324358820015,2.4140540937123536,1.934545612793257,3.1205230420149355,0.1982943469785575,4.069000000000001,0.16629026472287922
scene-0757,CAM_BACK,17,1,car,0.8632478713989258,-31.152490810194667,14.420656952220247,-0.2425574098375825,4.77070707571804,2.129215509116692,1.809684605366352,2.984428663662034,0.7567194590150517,0.002204585537918871,0.04000000000000001,-31.152490810194667,14.420656952220247,-0.2425574098375825,4.77070707571804,2.129215509116692,1.809684605366352,2.984428663662034,0.002204585537918871,0.04000000000000001,0.7567194590150517
scene-0757,CAM_BACK,17,2,car,0.8865247964859009,-49.63405642492732,11.823223543433764,0.10028444702715966,4.867133664101199,2.0593757589526334,1.6493792705447803,1.5084042193926643,0.26515274135535316,0.018525267249757046,0.30500000000000005,-49.63405642492732,11.823223543433764,0.10028444702715966,4.867133664101199,2.0593757589526334,1.6493792705447803,1.5084042193926643,0.018525267249757046,0.30500000000000005,0.26515274135535316
scene-0757,CAM_BACK,17,0,construction vehicle,0.7104072570800781,-8.911478524040652,-5.0101189605169765,3.755209236081403,4.590931005491366,2.10074186453593,8.897591236051463,2.3545529241480825,0.6671307970308362,0.11341801009607556,9.751000000000003,-8.911478524040652,-5.0101189605169765,3.755209236081403,4.590931005491366,2.10074186453593,8.897591236051463,2.3545529241480825,0.11341801009607556,9.751000000000003,0.6671307970308362
scene-0757,CAM_BACK,17,1,construction vehicle,0.5241636037826538,-15.51808657083896,0.7168793113376529,0.9613808542512454,7.304644016130634,2.8740315019278286,3.587139784865591,-2.867730517147991,0.6006541399004526,0.028499448905684146,2.1720000000000006,-15.51808657083896,0.7168793113376529,0.9613808542512454,7.304644016130634,2.8740315019278286,3.587139784865591,-2.867730517147991,0.028499448905684146,2.1720000000000006,0.6006541399004526
scene-0757,CAM_FRONT,18,0,car,0.9609756469726562,22.27330318515537,3.9356630870771347,1.3579787776300545,4.935296825819115,2.093070961161093,1.4800317897805937,1.4771095211660459,-0.4338521071498147,0.029931972789115645,0.46200000000000013,22.27330318515537,3.9356630870771347,1.3579787776300545,4.935296825819115,2.093070961161093,1.4800317897805937,1.4771095211660459,0.029931972789115645,0.46200000000000013,-0.4338521071498147
scene-0757,CAM_FRONT,18,1,car,0.827957034111023,65.15565643124074,15.507608792838047,2.2514461739340423,5.005601063911115,2.8638739977141046,2.5584166084044444,-2.8719787310463514,-0.4808448996466761,0.0,0.0,65.15565643124074,15.507608792838047,2.2514461739340423,5.005601063911115,2.8638739977141046,2.5584166084044444,-2.8719787310463514,0.0,0.0,-0.4808448996466761
scene-0757,CAM_FRONT,18,0,bus,0.921951174736023,34.18288043046317,4.725762630311239,3.1437980444631908,6.333864225714386,2.1656933868201165,3.1086614560598664,1.5780623578826642,-1.0852362807238765,0.003142019271051529,0.13500000000000004,34.18288043046317,4.725762630311239,3.1437980444631908,6.333864225714386,2.1656933868201165,3.1086614560598664,1.5780623578826642,0.003142019271051529,0.13500000000000004,-1.0852362807238765
scene-0757,CAM_FRONT,18,0,truck,0.5936508178710938,19.34944314612267,-11.149706397632277,1.1679185379738972,4.656894312466985,2.301295423176228,2.2559294014266476,1.4957719566617018,0.4928791428953714,0.020110203917467723,0.5000000000000001,19.34944314612267,-11.149706397632277,1.1679185379738972,4.656894312466985,2.301295423176228,2.2559294014266476,1.4957719566617018,0.020110203917467723,0.5000000000000001,0.4928791428953714
scene-0757,CAM_FRONT_LEFT,18,0,truck,0.6521739363670349,20.344990088265483,14.805914939670247,1.348253306311069,4.041796389014657,2.2349345695267537,1.9587482568968058,1.380759910734109,-0.26089727252151784,0.035625,0.6270000000000001,20.344990088265483,14.805914939670247,1.348253306311069,4.041796389014657,2.2349345695267537,1.9587482568968058,1.380759910734109,0.035625,0.6270000000000001,-0.26089727252151784
scene-0757,CAM_FRONT_RIGHT,18,0,car,0.5151515007019043,14.204394707771437,-45.58352670594657,0.35511398740238187,5.446244252430894,2.2445208030832386,2.1343897149852924,1.547119983351896,1.8010926584584894,0.0,0.0,14.204394707771437,-45.58352670594657,0.35511398740238187,5.446244252430894,2.2445208030832386,2.1343897149852924,1.547119983351896,0.0,0.0,1.8010926584584894
scene-0757,CAM_FRONT_RIGHT,18,1,car,0.7387754917144775,3.9463758371398563,-4.968261472181443,1.5704936591563432,0.7565955606706702,0.4763897416672753,0.27400329573485416,-2.834684763470206,-1.5171398510139338,0.7583333333333333,0.09100000000000001,3.9463758371398563,-4.968261472181443,1.5704936591563432,0.7565955606706702,0.4763897416672753,0.27400329573485416,-2.834684763470206,0.7583333333333333,0.09100000000000001,-1.5171398510139338
scene-0757,CAM_FRONT_RIGHT,18,0,truck,0.949367105960846,18.642791592677643,-11.82594606988915,1.86829487407712,6.834710277492389,2.4388338375287475,2.4297182426447743,1.3202494585668563,-0.1588914851003138,0.059768178104575166,2.3410000000000006,18.642791592677643,-11.82594606988915,1.86829487407712,6.834710277492389,2.4388338375287475,2.4297182426447743,1.3202494585668563,0.059768178104575166,2.3410000000000006,-0.1588914851003138
scene-0757,CAM_BACK,18,0,car,0.96875,-5.42104729624312,-0.6401824638988594,0.7220931329518648,4.579076778229784,2.3789260810914397,2.1379961172190702,3.1160724200015064,0.322432458056371,0.17309351276742582,4.013000000000001,-5.42104729624312,-0.6401824638988594,0.7220931329518648,4.579076778229784,2.3789260810914397,2.1379961172190702,3.1160724200015064,0.17309351276742582,4.013000000000001,0.322432458056371
scene-0757,CAM_BACK,18,1,car,0.8709677457809448,-15.03422588279611,6.7547554957166565,0.644064267122881,2.102707075711116,1.2054595997693953,0.9561486532895278,3.0945678224398256,-0.6051351478832074,0.06031746031746032,0.15200000000000002,-15.03422588279611,6.7547554957166565,0.644064267122881,2.102707075711116,1.2054595997693953,0.9561486532895278,3.0945678224398256,0.06031746031746032,0.15200000000000002,-0.6051351478832074
scene-0757,CAM_BACK,18,2,car,0.5241636037826538,-49.55297376967441,13.201932767329403,-0.3506569203610974,2.1643678171480083,1.0472950247656598,1.0695755219836869,1.5754610395542508,0.5912617549365438,0.007851239669421488,0.019000000000000003,-49.55297376967441,13.201932767329403,-0.3506569203610974,2.1643678171480083,1.0472950247656598,1.0695755219836869,1.5754610395542508,0.007851239669421488,0.019000000000000003,0.5912617549365438
scene-0757,CAM_BACK,18,0,construction vehicle,0.5586206912994385,-14.102808217760268,1.1405568737777594,1.042125302591718,7.513866134632751,3.2098639502251407,3.6969264378332345,-2.8723386383275926,0.6270165080531096,0.031385135135135134,2.787000000000001,-14.102808217760268,1.1405568737777594,1.042125302591718,7.513866134632751,3.2098639502251407,3.6969264378332345,-2.8723386383275926,0.031385135135135134,2.787000000000001,0.6270165080531096
scene-0757,CAM_BACK,18,1,construction vehicle,0.7264957427978516,-9.373985107816356,-5.5690192362608055,3.633613352712964,4.921663819519036,2.2116942736014966,9.188122030697832,1.905420920334353,0.9378861087702806,0.09983262079535371,9.901000000000003,-9.373985107816356,-5.5690192362608055,3.633613352712964,4.921663819519036,2.2116942736014966,9.188122030697832,1.905420920334353,0.09983262079535371,9.901000000000003,0.9378861087702806
scene-0757,CAM_FRONT,19,0,car,0.7500000596046448,79.0288437200948,14.822815638307752,2.562787794022035,2.045225898253591,1.2270885423428286,1.0895831667510225,-2.815278745239047,-0.27679326016892336,0.0,0.0,79.0288437200948,14.822815638307752,2.562787794022035,2.045225898253591,1.2270885423428286,1.0895831667510225,-2.815278745239047,0.0,0.0,-0.27679326016892336
scene-0757,CAM_FRONT,19,1,car,0.949367105960846,23.066531646937904,7.417412424176802,1.3298951220469124,4.720029997637434,1.9806782685533904,1.4250307929521475,1.5134417972443432,-0.3250395959569623,0.0574468085106383,0.7560000000000002,23.066531646937904,7.417412424176802,1.3298951220469124,4.720029997637434,1.9806782685533904,1.4250307929521475,1.5134417972443432,0.0574468085106383,0.7560000000000002,-0.3250395959569623
scene-0757,CAM_FRONT,19,2,car,0.8476190567016602,43.50006887818935,10.065005568923942,2.176864630595942,3.034630512776566,1.6697825689001826,1.6324808127224533,-3.0718643064094517,-0.5198545756827744,0.0,0.0,43.50006887818935,10.065005568923942,2.176864630595942,3.034630512776566,1.6697825689001826,1.6324808127224533,-3.0718643064094517,0.0,0.0,-0.5198545756827744
scene-0757,CAM_FRONT,19,0,bus,0.921951174736023,39.82704866165157,4.792927662515461,2.0761351294291135,8.89581522004773,3.269939376031455,3.973891718399686,-3.0858287787190726,0.7306616514015889,0.00562648961525366,0.6610000000000001,39.82704866165157,4.792927662515461,2.0761351294291135,8.89581522004773,3.269939376031455,3.973891718399686,-3.0858287787190726,0.00562648961525366,0.6610000000000001,0.7306616514015889
scene-0757,CAM_FRONT,19,0,truck,0.949367105960846,19.812604170393602,-8.765498066385987,1.8932974329695451,6.362710913082317,2.8618203721535274,2.6950199799493504,1.4848670767777565,-0.1206194949872863,0.06411637931034483,3.213000000000001,19.812604170393602,-8.765498066385987,1.8932974329695451,6.362710913082317,2.8618203721535274,2.6950199799493504,1.4848670767777565,0.06411637931034483,3.213000000000001,-0.1206194949872863
scene-0757,CAM_FRONT,19,1,truck,0.7620818018913269,19.553673562667385,10.978608617164141,1.3934827396121334,3.8092398941647225,1.9813481721018267,1.9401682682323438,1.2603746886354208,-0.292498371511968,0.04224376731301939,0.6100000000000001,19.553673562667385,10.978608617164141,1.3934827396121334,3.8092398941647225,1.9813481721018267,1.9401682682323438,1.2603746886354208,0.04224376731301939,0.6100000000000001,-0.292498371511968
scene-0757,CAM_FRONT_RIGHT,19,0,car,0.5747508406639099,4.0176019140032615,-5.020216534866704,1.4631312308858688,0.8327171810454961,0.47846992405734756,0.4058593548104461,1.1005301981948963,-1.1415444190073218,0.69375,0.11100000000000002,4.0176019140032615,-5.020216534866704,1.4631312308858688,0.8327171810454961,0.47846992405734756,0.4058593548104461,1.1005301981948963,0.69375,0.11100000000000002,-1.1415444190073218
scene-0757,CAM_FRONT_RIGHT,19,0,trailer,0.6831682920455933,19.180743550322305,-10.162588279177148,1.8261471654235049,4.56943930643946,2.929999630305087,2.191119084839791,1.3458719644515462,-0.24910461056578903,0.04729453455090637,1.3880000000000003,19.180743550322305,-10.162588279177148,1.8261471654235049,4.56943930643946,2.929999630305087,2.191119084839791,1.3458719644515462,0.04729453455090637,1.3880000000000003,-0.24910461056578903
scene-0757,CAM_BACK,19,0,car,0.9726027250289917,-8.19122055849688,-0.9223963839031847,-0.003955025415915081,7.870353866301802,4.712972886965728,3.6157728958618724,3.10183518454035,1.792043049251936,0.08966992847951641,11.986000000000002,-8.19122055849688,-0.9223963839031847,-0.003955025415915081,7.870353866301802,4.712972886965728,3.6157728958618724,3.10183518454035,0.08966992847951641,11.986000000000002,1.792043049251936
scene-0757,CAM_BACK,19,1,car,0.7887788414955139,-15.009716122837302,6.819705349660621,0.6217471614967783,1.9697047943446417,1.1348385037719986,0.9097532017368894,3.088109882412003,-0.5993368887724071,0.08535353535353535,0.16900000000000004,-15.009716122837302,6.819705349660621,0.6217471614967783,1.9697047943446417,1.1348385037719986,0.9097532017368894,3.088109882412003,0.08535353535353535,0.16900000000000004,-0.5993368887724071
scene-0757,CAM_BACK,19,2,car,0.5936508178710938,-4.692586573740988,0.012791321299230109,-1.1195133964339612,11.636758012464693,1.1171621658993436,1.0519785204729493,1.6187500505920123,1.6370524614771451,0.0009974351667141636,0.014000000000000004,-4.692586573740988,0.012791321299230109,-1.1195133964339612,11.636758012464693,1.1171621658993436,1.0519785204729493,1.6187500505920123,0.0009974351667141636,0.014000000000000004,1.6370524614771451
scene-0757,CAM_BACK,19,0,construction vehicle,0.7264957427978516,-9.713413083123205,-5.310569583163925,3.4984242531466494,5.155901288571435,1.7590442072050951,8.573489899804754,2.175773703054632,0.780132843955835,0.09319717749950308,7.5020000000000024,-9.713413083123205,-5.310569583163925,3.4984242531466494,5.155901288571435,1.7590442072050951,8.573489899804754,2.175773703054632,0.09319717749950308,7.5020000000000024,0.780132843955835
scene-0757,CAM_BACK,19,0,trailer,0.5241636037826538,-12.236131603992844,1.861915071856498,1.2150470324336147,8.006390668722306,3.1414350517057263,3.4944773163847325,-2.905738390073122,0.3710397993770682,0.04067972350230415,3.5310000000000015,-12.236131603992844,1.861915071856498,1.2150470324336147,8.006390668722306,3.1414350517057263,3.4944773163847325,-2.905738390073122,0.04067972350230415,3.5310000000000015,0.3710397993770682
scene-0757,CAM_FRONT,20,0,car,0.5395683646202087,78.10252443147169,15.622757351239585,1.1980490236733206,1.3087913366843509,0.8085236220442535,0.8488776705528497,-3.055372319232265,0.6449804764666907,0.0,0.0,78.10252443147169,15.622757351239585,1.1980490236733206,1.3087913366843509,0.8085236220442535,0.8488776705528497,-3.055372319232265,0.0,0.0,0.6449804764666907
scene-0757,CAM_FRONT,20,1,car,0.827957034111023,45.20284086618683,10.416957007439347,2.05727592067723,3.2571845201264935,1.9644928325284248,1.7477676699734337,-3.058179107386711,-0.4671197315645368,0.00035650623885918,0.004000000000000001,45.20284086618683,10.416957007439347,2.05727592067723,3.2571845201264935,1.9644928325284248,1.7477676699734337,-3.058179107386711,0.00035650623885918,0.004000000000000001,-0.4671197315645368
scene-0757,CAM_FRONT,20,2,car,0.6097560524940491,83.40599589645822,16.088900799117543,2.387212949087918,1.4847959075906658,0.998651361816389,0.9191740748658423,-2.9832648476455956,-0.3799176387210368,0.0,0.0,83.40599589645822,16.088900799117543,2.387212949087918,1.4847959075906658,0.998651361816389,0.9191740748658423,-2.9832648476455956,0.0,0.0,-0.3799176387210368
scene-0757,CAM_FRONT,20,0,bus,0.8947368264198303,41.18421802555183,4.980765537525109,2.4375073244658236,8.654821353231856,3.3581431785003772,4.032240490176096,1.2601816228264437,0.3047999113601394,0.001918526031102096,0.22700000000000004,41.18421802555183,4.980765537525109,2.4375073244658236,8.654821353231856,3.3581431785003772,4.032240490176096,1.2601816228264437,0.001918526031102096,0.22700000000000004,0.3047999113601394
scene-0757,CAM_FRONT,20,0,truck,0.9375000596046448,20.20423232111295,-5.8360999700763605,1.835940614116852,7.0732943828432795,2.700252451465605,2.6424576471747825,1.4762355259980486,-0.07318203970548609,0.06919866779021709,3.449000000000001,20.20423232111295,-5.8360999700763605,1.835940614116852,7.0732943828432795,2.700252451465605,2.6424576471747825,1.4762355259980486,0.06919866779021709,3.449000000000001,-0.07318203970548609
scene-0757,CAM_FRONT,20,1,truck,0.5276752710342407,19.119728813923167,8.534383088971168,1.3445708089092814,5.585117515192613,2.606567919384773,2.139146843575629,1.4546946383953436,-0.09800535816982192,0.03738226059654631,1.1430000000000002,19.119728813923167,8.534383088971168,1.3445708089092814,5.585117515192613,2.606567919384773,2.139146843575629,1.4546946383953436,0.03738226059654631,1.1430000000000002,-0.09800535816982192
scene-0757,CAM_FRONT_LEFT,20,0,truck,0.675126850605011,19.33489805302817,8.697438767215534,0.8572696048272117,5.95934286475919,2.345834777356046,2.517448278461837,1.3753423976797687,0.4012739546817792,0.016115942028985506,0.556,19.33489805302817,8.697438767215534,0.8572696048272117,5.95934286475919,2.345834777356046,2.517448278461837,1.3753423976797687,0.016115942028985506,0.556,0.4012739546817792
scene-0757,CAM_FRONT_RIGHT,20,0,car,0.6521739363670349,3.219448827973118,-4.444295851329658,1.5147001640988056,0.6372230873220572,0.2753752653905339,0.20021694370418675,0.987469119056457,-1.4723626932578453,0.5277777777777778,0.019000000000000006,3.219448827973118,-4.444295851329658,1.5147001640988056,0.6372230873220572,0.2753752653905339,0.20021694370418675,0.987469119056457,0.5277777777777778,0.019000000000000006,-1.4723626932578453
scene-0757,CAM_BACK,20,0,car,0.9609756469726562,-8.246727487958285,-1.1082698185106725,-0.27322936641345363,8.426256290673686,5.068783072450622,4.269373862830454,3.1246836813697323,2.42672335884524,0.08790415390962586,16.193,-8.246727487958285,-1.1082698185106725,-0.27322936641345363,8.426256290673686,5.068783072450622,4.269373862830454,3.1246836813697323,0.08790415390962586,16.193,2.42672335884524
scene-0757,CAM_BACK,20,1,car,0.5936508178710938,-5.122491506363728,-0.07924794820473423,-1.4174558311002015,11.974632309620745,1.1511927011040273,1.1721086757027281,1.6409822224079667,1.986666417878682,0.0,0.0,-5.122491506363728,-0.07924794820473423,-1.4174558311002015,11.974632309620745,1.1511927011040273,1.1721086757027281,1.6409822224079667,0.0,0.0,1.986666417878682
scene-0757,CAM_BACK,20,0,construction vehicle,0.7229437232017517,-9.461104276826246,-5.455293000011536,3.6414963866799055,4.622847019716524,2.161208917375138,8.894210008992015,1.9912785194280798,0.8104772891141292,0.10015765865790292,9.021000000000003,-9.461104276826246,-5.455293000011536,3.6414963866799055,4.622847019716524,2.161208917375138,8.894210008992015,1.9912785194280798,0.10015765865790292,9.021000000000003,0.8104772891141292
scene-0757,CAM_BACK,20,0,trailer,0.5661016702651978,-10.533965868055015,2.444175806845103,1.1630407878457758,9.059766648099124,3.3144998844322324,3.7101585118789187,-2.93819248996997,0.5619598096321128,0.04638604638604638,5.154000000000001,-10.533965868055015,2.444175806845103,1.1630407878457758,9.059766648099124,3.3144998844322324,3.7101585118789187,-2.93819248996997,0.04638604638604638,5.154000000000001,0.5619598096321128
scene-0757,CAM_FRONT,21,0,car,0.8987342119216919,24.221586369172353,13.95527092017421,1.0844114444878485,4.4954737010171915,1.8820333524611925,1.3762421134753022,1.5394312482202979,-0.20449339950137235,0.013366750208855471,0.16000000000000003,24.221586369172353,13.95527092017421,1.0844114444878485,4.4954737010171915,1.8820333524611925,1.3762421134753022,1.5394312482202979,0.013366750208855471,0.16000000000000003,-0.20449339950137235
scene-0757,CAM_FRONT,21,0,bus,0.827957034111023,44.70479932975217,5.070964254733066,2.3330644401177127,8.413478714603665,3.140215138812998,4.021748327009548,1.286736986195546,0.6450471959212409,0.0012000768049155147,0.12500000000000003,44.70479932975217,5.070964254733066,2.3330644401177127,8.413478714603665,3.140215138812998,4.021748327009548,1.286736986195546,0.0012000768049155147,0.12500000000000003,0.6450471959212409
scene-0757,CAM_FRONT,21,0,truck,0.9179486632347107,20.74223523101531,-2.403649344453313,1.841123099439082,6.774506662889033,2.647310649469528,2.583162537779949,1.400842578225074,-0.14324977947221829,0.06352245040027846,2.920000000000001,20.74223523101531,-2.403649344453313,1.841123099439082,6.774506662889033,2.647310649469528,2.583162537779949,1.400842578225074,0.06352245040027846,2.920000000000001,-0.14324977947221829
scene-0757,CAM_FRONT,21,1,truck,0.6132930517196655,18.3299651161448,4.858022722674762,1.4368826407749558,5.78955925585771,2.7259540723050115,2.1261856282200156,1.4497849416568187,-0.22472847465040635,0.04281457155020373,1.4080000000000004,18.3299651161448,4.858022722674762,1.4368826407749558,5.78955925585771,2.7259540723050115,2.1261856282200156,1.4497849416568187,0.04281457155020373,1.4080000000000004,-0.22472847465040635
scene-0757,CAM_FRONT_LEFT,21,0,car,0.9452055096626282,31.992619322282913,19.096605517914583,1.0439828374316913,6.16611795147336,2.7502719146890513,1.8913035917604537,1.6030367198505315,0.2641224489442173,0.005244967256851807,0.17300000000000004,31.992619322282913,19.096605517914583,1.0439828374316913,6.16611795147336,2.7502719146890513,1.8913035917604537,1.6030367198505315,0.005244967256851807,0.17300000000000004,0.2641224489442173
scene-0757,CAM_FRONT_LEFT,21,1,car,0.7655677795410156,18.071704780810535,7.6424438554392715,1.295606487981196,0.8647479373413387,0.816971222757541,1.4008645069822196,1.7644431094118453,-0.5044785180494085,0.0763888888888889,0.07700000000000003,18.071704780810535,7.6424438554392715,1.295606487981196,0.8647479373413387,0.816971222757541,1.4008645069822196,1.7644431094118453,0.0763888888888889,0.07700000000000003,-0.5044785180494085
scene-0757,CAM_FRONT_RIGHT,21,0,car,0.6213017702102661,2.729013543030942,-4.14976486773323,1.5270764806837358,0.34451051391964427,0.15966082306219764,0.12153579253178126,1.06670856577312,-1.5359441693682923,0.8333333333333334,0.005000000000000002,2.729013543030942,-4.14976486773323,1.5270764806837358,0.34451051391964427,0.15966082306219764,0.12153579253178126,1.06670856577312,0.8333333333333334,0.005000000000000002,-1.5359441693682923
scene-0757,CAM_FRONT_RIGHT,21,1,car,0.6363636255264282,16.679522015843084,-15.30567963614495,1.3500594218551427,1.9738406170730798,1.0476375379487504,0.9756425434226096,1.733766357146557,-0.43511561682245725,0.0585,0.11700000000000003,16.679522015843084,-15.30567963614495,1.3500594218551427,1.9738406170730798,1.0476375379487504,0.9756425434226096,1.733766357146557,0.0585,0.11700000000000003,-0.43511561682245725
scene-0757,CAM_FRONT_RIGHT,21,2,car,0.7538461089134216,3.3681202588828,-4.492978728208603,1.558790499866689,0.4878470151639298,0.22319253647059245,0.1624472722004866,1.025162219855928,-1.5508365066559455,0.8,0.016000000000000004,3.3681202588828,-4.492978728208603,1.558790499866689,0.4878470151639298,0.22319253647059245,0.1624472722004866,1.025162219855928,0.8,0.016000000000000004,-1.5508365066559455
scene-0757,CAM_FRONT_RIGHT,21,0,bicycle,0.8048780560493469,6.047080349043783,-10.706260016844361,-5.4677587923267525,3.4200829733308122,1.6805136974968224,2.2245528020831067,1.5392577350538006,6.490267528697362,0.0,0.0,6.047080349043783,-10.706260016844361,-5.4677587923267525,3.4200829733308122,1.6805136974968224,2.2245528020831067,1.5392577350538006,0.0,0.0,6.490267528697362
scene-0757,CAM_BACK,21,0,car,0.9569892287254333,-8.060199177445368,-1.1823076966590715,-0.1784171547608956,8.194349540479775,4.94007243565944,4.041317492310899,3.1361174936756764,2.2100027957599235,0.08143977103036336,13.089,-8.060199177445368,-1.1823076966590715,-0.1784171547608956,8.194349540479775,4.94007243565944,4.041317492310899,3.1361174936756764,0.08143977103036336,13.089,2.2100027957599235
scene-0757,CAM_BACK,21,1,car,0.6444444060325623,-12.18046859290928,0.9779640001256029,0.6452499461264911,1.0734763878479967,0.5976122991492758,0.6664873284386738,-2.9793187867358455,-0.43275321483094803,0.015151515151515152,0.007000000000000002,-12.18046859290928,0.9779640001256029,0.6452499461264911,1.0734763878479967,0.5976122991492758,0.6664873284386738,-2.9793187867358455,0.015151515151515152,0.007000000000000002,-0.43275321483094803
scene-0757,CAM_BACK,21,2,car,0.5775577425956726,-3.746436166238603,-0.17628116311174272,-0.7428876159857534,10.074341684006836,1.118861691409549,0.8964137108953678,1.6355965071843817,1.2322560458567504,0.0,0.0,-3.746436166238603,-0.17628116311174272,-0.7428876159857534,10.074341684006836,1.118861691409549,0.8964137108953678,1.6355965071843817,0.0,0.0,1.2322560458567504
scene-0757,CAM_BACK,21,0,bus,0.5775577425956726,-7.955127006889148,2.663474985336315,1.2298549938825383,9.893310188675695,3.667711043547189,3.9004904870952033,-3.006111982958025,0.5845181836440978,0.11014511014511015,15.735000000000003,-7.955127006889148,2.663474985336315,1.2298549938825383,9.893310188675695,3.667711043547189,3.9004904870952033,-3.006111982958025,0.11014511014511015,15.735000000000003,0.5845181836440978
scene-0757,CAM_BACK,21,0,construction vehicle,0.7460317611694336,-9.151669561046063,-5.5443481588668675,3.4514402193281013,4.704129920762757,2.0698616817102504,8.715180290538447,1.9957097549062786,0.9045927843986874,0.11031920716440159,9.473000000000003,-9.151669561046063,-5.5443481588668675,3.4514402193281013,4.704129920762757,2.0698616817102504,8.715180290538447,1.9957097549062786,0.11031920716440159,9.473000000000003,0.9045927843986874
scene-0757,CAM_FRONT_LEFT,22,0,car,0.9336099624633789,33.191584090617795,24.010500277717796,1.0249350364395653,6.194250459791235,2.632494973806004,1.8703359930837793,1.588785660724144,0.23954862248635755,0.0014365939663053414,0.044000000000000004,33.191584090617795,24.010500277717796,1.0249350364395653,6.194250459791235,2.632494973806004,1.8703359930837793,1.588785660724144,0.0014365939663053414,0.044000000000000004,0.23954862248635755
scene-0757,CAM_FRONT_RIGHT,22,0,car,0.7887788414955139,-17.094995553860652,-4.786674299137345,-12.728801921956551,5.3953220198219665,2.46731698548113,1.950896358939044,2.254213137645252,13.49253121433539,0.0,0.0,-17.094995553860652,-4.786674299137345,-12.728801921956551,5.3953220198219665,2.46731698548113,1.950896358939044,2.254213137645252,0.0,0.0,13.49253121433539
scene-0757,CAM_FRONT_RIGHT,22,1,car,0.9452055096626282,17.650719427293467,-14.294872793331745,1.5751729733168665,4.37950131512129,1.9590879092829852,1.639452028056386,1.1802282959501085,-0.2573316283541489,0.042400568181818185,0.5970000000000002,17.650719427293467,-14.294872793331745,1.5751729733168665,4.37950131512129,1.9590879092829852,1.639452028056386,1.1802282959501085,0.042400568181818185,0.5970000000000002,-0.2573316283541489
scene-0757,CAM_FRONT_RIGHT,22,2,car,0.7299578189849854,3.8162843694040958,-4.852556742556219,1.5320279653187023,0.5961667363641632,0.28854555815546057,0.20027666009669431,3.0984740813480744,-1.516480964368103,0.8333333333333334,0.03000000000000001,3.8162843694040958,-4.852556742556219,1.5320279653187023,0.5961667363641632,0.28854555815546057,0.20027666009669431,3.0984740813480744,0.8333333333333334,0.03000000000000001,-1.516480964368103
scene-0757,CAM_BACK,22,0,car,0.9569892287254333,-8.155273698549804,-1.0651831921849853,-0.33247085530907006,8.469094595487068,5.111401872918568,4.306048516340999,3.0908753614355655,2.452141252058223,0.07465464982162495,13.916000000000004,-8.155273698549804,-1.0651831921849853,-0.33247085530907006,8.469094595487068,5.111401872918568,4.306048516340999,3.0908753614355655,0.07465464982162495,13.916000000000004,2.452141252058223
scene-0757,CAM_BACK,22,1,car,0.8827838897705078,-40.930169156992186,2.1763029004202763,0.5093359133648946,4.489685574669814,2.042784212061225,1.7022314533553684,3.113923384511941,0.08831550195147675,0.002875816993464052,0.04400000000000001,-40.930169156992186,2.1763029004202763,0.5093359133648946,4.489685574669814,2.042784212061225,1.7022314533553684,3.113923384511941,0.002875816993464052,0.04400000000000001,0.08831550195147675
scene-0757,CAM_BACK,22,2,car,0.6167664527893066,-2.1012451130124212,-0.24876822621467376,0.47769101644333123,5.804014990049459,0.6873471540932723,0.6486264130007009,1.5266872109947562,-0.1438318057072363,0.33825944170771755,0.8240000000000001,-2.1012451130124212,-0.24876822621467376,0.47769101644333123,5.804014990049459,0.6873471540932723,0.6486264130007009,1.5266872109947562,0.33825944170771755,0.8240000000000001,-0.1438318057072363
scene-0757,CAM_BACK,22,0,bus,0.7928802371025085,-5.982504274552891,2.373695009014297,1.3675954220265991,9.457342623319349,3.4468269812060037,4.547132863823577,-3.016242781006162,0.7993928386319848,0.10760233918128655,15.640000000000002,-5.982504274552891,2.373695009014297,1.3675954220265991,9.457342623319349,3.4468269812060037,4.547132863823577,-3.016242781006162,0.10760233918128655,15.640000000000002,0.7993928386319848
scene-0757,CAM_BACK,22,0,construction vehicle,0.7264957427978516,-9.049939897593712,-5.535131419855019,3.571119908934639,4.804526558168301,2.1993348578595686,9.165589544413141,2.0270225740989654,0.9939920576145447,0.10572093214756258,10.271000000000003,-9.049939897593712,-5.535131419855019,3.571119908934639,4.804526558168301,2.1993348578595686,9.165589544413141,2.0270225740989654,0.10572093214756258,10.271000000000003,0.9939920576145447
scene-0757,CAM_BACK_LEFT,22,0,truck,0.8202247023582458,-3.04179325131535,3.212920566910033,1.2140649665617436,4.291324178106987,2.852786403657327,3.7140783208798256,2.7948015131459565,0.5482659449052765,0.17527471336613276,8.087000000000002,-3.04179325131535,3.212920566910033,1.2140649665617436,4.291324178106987,2.852786403657327,3.7140783208798256,2.7948015131459565,0.17527471336613276,8.087000000000002,0.5482659449052765
scene-0757,CAM_FRONT,23,0,car,0.859649121761322,18.74706579585156,-10.79762478270538,0.7764299008772935,4.208278358914394,2.0390197665555334,1.871302449103824,1.4553764347559874,0.6448192321714752,0.036466165413533834,0.5820000000000002,18.74706579585156,-10.79762478270538,0.7764299008772935,4.208278358914394,2.0390197665555334,1.871302449103824,1.4553764347559874,0.036466165413533834,0.5820000000000002,0.6448192321714752
scene-0757,CAM_FRONT,23,0,truck,0.6246334314346313,16.39986861018814,-2.5951980084717996,1.4124036078291096,5.721900479449401,2.1974194096487416,2.2227407651790605,1.4642723953302463,-0.08400088209039414,0.10642308249963753,2.936000000000001,16.39986861018814,-2.5951980084717996,1.4124036078291096,5.721900479449401,2.1974194096487416,2.2227407651790605,1.4642723953302463,0.10642308249963753,2.936000000000001,-0.08400088209039414
scene-0757,CAM_FRONT,23,1,truck,0.8787879347801208,22.55336250701848,4.405498900146298,1.8193342465446942,6.946818811114891,3.3780189338971383,2.5752069910037743,1.456534365965767,-0.18698836350961923,0.033412027018165126,2.0380000000000007,22.55336250701848,4.405498900146298,1.8193342465446942,6.946818811114891,3.3780189338971383,2.5752069910037743,1.456534365965767,0.033412027018165126,2.0380000000000007,-0.18698836350961923
scene-0757,CAM_FRONT_LEFT,23,0,car,0.9375000596046448,20.991020371325693,15.848646824494372,0.9338992563370532,3.399653980411717,1.8350049644491317,1.4881389385588064,1.327010508755812,-0.0007034147203086594,0.04302832244008715,0.3950000000000001,20.991020371325693,15.848646824494372,0.9338992563370532,3.399653980411717,1.8350049644491317,1.4881389385588064,1.327010508755812,0.04302832244008715,0.3950000000000001,-0.0007034147203086594
scene-0757,CAM_FRONT_RIGHT,23,0,car,0.7770034670829773,2.7316932348348426,-4.175564360062537,1.5058451477582326,0.3986906651249891,0.18232609690823232,0.13553693227333619,2.8555247922878837,-1.506111390121473,0.625,0.005000000000000001,2.7316932348348426,-4.175564360062537,1.5058451477582326,0.3986906651249891,0.18232609690823232,0.13553693227333619,2.8555247922878837,0.625,0.005000000000000001,-1.506111390121473
scene-0757,CAM_FRONT_RIGHT,23,1,car,0.9609756469726562,18.43972716555529,-11.022196213836638,1.531776470657042,4.680273355911744,1.9620246562044876,1.7584647119125272,1.2063655281138683,-0.23076933991096826,0.05927895981087471,1.0030000000000003,18.43972716555529,-11.022196213836638,1.531776470657042,4.680273355911744,1.9620246562044876,1.7584647119125272,1.2063655281138683,0.05927895981087471,1.0030000000000003,-0.23076933991096826
scene-0757,CAM_FRONT_RIGHT,23,2,car,0.7460317611694336,4.291302810775228,-5.18717986141927,1.4867457752573008,0.5780956911240458,0.2642948971164172,0.2060729510602064,-3.1199705344376594,-1.4740253867347202,0.5,0.018000000000000006,4.291302810775228,-5.18717986141927,1.4867457752573008,0.5780956911240458,0.2642948971164172,0.2060729510602064,-3.1199705344376594,0.5,0.018000000000000006,-1.4740253867347202
scene-0757,CAM_BACK,23,0,car,0.8987342119216919,-40.11140990051246,2.1396893049888237,0.5768914279240372,4.311620067284032,1.9479959254125212,1.6267813344049522,3.0792394937958023,-0.03621957771718187,0.0033659730722154224,0.04400000000000001,-40.11140990051246,2.1396893049888237,0.5768914279240372,4.311620067284032,1.9479959254125212,1.6267813344049522,3.0792394937958023,0.0033659730722154224,0.04400000000000001,-0.03621957771718187
scene-0757,CAM_BACK,23,1,car,0.9569892287254333,-8.366192305446356,-0.9667917060858088,-0.26035456358387876,8.7373154904379,5.286248252860398,4.3836170901045,3.061787157043429,2.433451692585337,0.08121389562508625,16.477000000000004,-8.366192305446356,-0.9667917060858088,-0.26035456358387876,8.7373154904379,5.286248252860398,4.3836170901045,3.061787157043429,0.08121389562508625,16.477000000000004,2.433451692585337
scene-0757,CAM_BACK,23,2,car,0.719298243522644,-62.395880024807646,8.155087739942852,-0.36888777830326314,1.15788378528016,1.1765826891140563,0.7908935635426717,1.376488615716954,0.447740823664458,0.0,0.0,-62.395880024807646,8.155087739942852,-0.36888777830326314,1.15788378528016,1.1765826891140563,0.7908935635426717,1.376488615716954,0.0,0.0,0.447740823664458
scene-0757,CAM_BACK,23,0,construction vehicle,0.7104072570800781,-9.887218183701144,-5.5689202124385835,3.5104074072323646,4.682942946596299,2.0485285585216744,8.738164406503795,2.085731076346569,0.8540934321478395,0.08561995597945708,7.002000000000002,-9.887218183701144,-5.5689202124385835,3.5104074072323646,4.682942946596299,2.0485285585216744,8.738164406503795,2.085731076346569,0.08561995597945708,7.002000000000002,0.8540934321478395
scene-0757,CAM_BACK,23,0,trailer,0.5428571701049805,-4.793846062717289,2.872531727868768,1.198152316715807,7.409859041927085,2.328889495420246,3.6778995316938956,-3.0392850993580844,0.5538442710830069,0.023454123924159177,1.4770000000000003,-4.793846062717289,2.872531727868768,1.198152316715807,7.409859041927085,2.328889495420246,3.6778995316938956,-3.0392850993580844,0.023454123924159177,1.4770000000000003,0.5538442710830069
scene-0757,CAM_BACK_LEFT,23,0,truck,0.7064220309257507,-0.26000982760911334,3.301767651254219,1.5879719378579336,2.969808053940549,2.207480260540638,2.712895299281783,2.9136976505020327,-0.32340551123997985,0.3749158249158249,6.681000000000002,-0.26000982760911334,3.301767651254219,1.5879719378579336,2.969808053940549,2.207480260540638,2.712895299281783,2.9136976505020327,0.3749158249158249,6.681000000000002,-0.32340551123997985
scene-0757,CAM_FRONT,24,0,car,0.5747508406639099,20.871878654088057,5.028935713114851,-0.29344021163926537,0.6130617945573213,0.6129123189397383,0.14698849969959715,0.9395925500311632,0.5947625916150634,0.0,0.0,20.871878654088057,5.028935713114851,-0.29344021163926537,0.6130617945573213,0.6129123189397383,0.14698849969959715,0.9395925500311632,0.0,0.0,0.5947625916150634
scene-0757,CAM_FRONT,24,1,car,0.6483516097068787,79.25735042249207,13.388660348526349,1.1531368393101973,1.0351232826243262,0.8504043132276831,1.3821797548113823,-3.0912607176609823,1.2390521954288678,0.0,0.0,79.25735042249207,13.388660348526349,1.1531368393101973,1.0351232826243262,0.8504043132276831,1.3821797548113823,-3.0912607176609823,0.0,0.0,1.2390521954288678
scene-0757,CAM_FRONT,24,2,car,0.7575758099555969,21.10850866013288,2.9682977971879043,0.8406811607379491,1.2906971837472518,0.5535226889831337,0.4598856271020406,-2.8727914883116608,-0.36153473974693395,0.18717948717948718,0.07300000000000001,21.10850866013288,2.9682977971879043,0.8406811607379491,1.2906971837472518,0.5535226889831337,0.4598856271020406,-2.8727914883116608,0.18717948717948718,0.07300000000000001,-0.36153473974693395
scene-0757,CAM_FRONT,24,3,car,0.9336099624633789,19.781418715547073,11.556508960607195,0.8830912096727089,2.886592405861256,1.4211184390473655,1.2934232796782366,1.3889929837814137,-0.12678389853747096,0.03220917014020462,0.17000000000000004,19.781418715547073,11.556508960607195,0.8830912096727089,2.886592405861256,1.4211184390473655,1.2934232796782366,1.3889929837814137,0.03220917014020462,0.17000000000000004,-0.12678389853747096
scene-0757,CAM_FRONT,24,0,bus,0.8865247964859009,55.67949388785323,6.466549836119141,2.334028565786159,4.504122626280285,2.7182433284244363,3.5354579575036036,-3.1006850740309173,0.6745348875292416,0.0,0.0,55.67949388785323,6.466549836119141,2.334028565786159,4.504122626280285,2.7182433284244363,3.5354579575036036,-3.1006850740309173,0.0,0.0,0.6745348875292416
scene-0757,CAM_FRONT,24,0,truck,0.6213017702102661,16.210379913372222,-6.3534215166044765,1.5096773954861584,5.120044767175746,2.4746385853738815,2.0632799271238316,1.38139935551831,-0.20665760347117867,0.03447245564892624,0.9230000000000003,16.210379913372222,-6.3534215166044765,1.5096773954861584,5.120044767175746,2.4746385853738815,2.0632799271238316,1.38139935551831,0.03447245564892624,0.9230000000000003,-0.20665760347117867
scene-0757,CAM_FRONT,24,1,truck,0.921951174736023,23.601756894236537,7.900002442881726,1.7751507417244987,6.70533058380289,3.6355198517461,2.2915778196352257,1.4433616097588258,-0.30781176066741445,0.024190640997909005,1.3420000000000003,23.601756894236537,7.900002442881726,1.7751507417244987,6.70533058380289,3.6355198517461,2.2915778196352257,1.4433616097588258,0.024190640997909005,1.3420000000000003,-0.30781176066741445
scene-0757,CAM_FRONT_LEFT,24,0,car,0.941605806350708,19.982356781723244,12.611161183181363,1.0206065208156048,4.425301336389623,2.037513562119507,1.4965229370362818,1.4464038605163216,-0.1890186678723006,0.057045454545454545,0.7530000000000001,19.982356781723244,12.611161183181363,1.0206065208156048,4.425301336389623,2.037513562119507,1.4965229370362818,1.4464038605163216,0.057045454545454545,0.7530000000000001,-0.1890186678723006
scene-0757,CAM_FRONT_LEFT,24,0,truck,0.6908212304115295,23.79775226330248,9.895024521923409,0.8967623720432731,3.5838010057900496,2.1013622193979025,1.8668300233058415,1.6326203957686158,0.3353884668172129,0.007936507936507936,0.11400000000000002,23.79775226330248,9.895024521923409,0.8967623720432731,3.5838010057900496,2.1013622193979025,1.8668300233058415,1.6326203957686158,0.007936507936507936,0.11400000000000002,0.3353884668172129
scene-0757,CAM_FRONT_LEFT,24,1,truck,0.7928802371025085,1.8929083292327422,2.7067389231085377,1.383732793180081,1.3643241203260286,0.8697035920538716,1.457535970560581,3.041764362612487,-0.5700899842103296,0.36455026455026457,0.6890000000000002,1.8929083292327422,2.7067389231085377,1.383732793180081,1.3643241203260286,0.8697035920538716,1.457535970560581,3.041764362612487,0.36455026455026457,0.6890000000000002,-0.5700899842103296
scene-0757,CAM_FRONT_RIGHT,24,0,car,0.6878048777580261,2.8765247180981928,-4.229294391101204,1.5268460905367005,0.40874252791277854,0.19605831655539507,0.14752536201687994,-3.0675244230121295,-1.4901551143927625,0.625,0.005000000000000001,2.8765247180981928,-4.229294391101204,1.5268460905367005,0.40874252791277854,0.19605831655539507,0.14752536201687994,-3.0675244230121295,0.625,0.005000000000000001,-1.4901551143927625
scene-0757,CAM_FRONT_RIGHT,24,1,car,0.859649121761322,15.631982501661474,-7.678426687766493,1.3377251337145561,3.9337495415323236,1.9266945163374842,1.8882458989719435,1.228750988502767,-0.15033283012358867,0.07607074366077136,1.0710000000000004,15.631982501661474,-7.678426687766493,1.3377251337145561,3.9337495415323236,1.9266945163374842,1.8882458989719435,1.228750988502767,0.07607074366077136,1.0710000000000004,-0.15033283012358867
scene-0757,CAM_BACK,24,0,car,0.8632478713989258,-4.901234549211486,1.1508762679787745,1.460031656073411,0.6285317419689014,0.2712875780175308,0.21967486261210745,1.4978797775964845,-1.3994864166304173,0.6666666666666666,0.024000000000000007,-4.901234549211486,1.1508762679787745,1.460031656073411,0.6285317419689014,0.2712875780175308,0.21967486261210745,1.4978797775964845,0.6666666666666666,0.024000000000000007,-1.3994864166304173
scene-0757,CAM_BACK,24,1,car,0.9649122953414917,-8.266722416392577,-0.978225652756436,-0.3878412066586179,8.65218110027345,5.21022995703385,4.438993058930434,3.0538456131260374,2.6191579183280815,0.07617454384695764,15.163000000000004,-8.266722416392577,-0.978225652756436,-0.3878412066586179,8.65218110027345,5.21022995703385,4.438993058930434,3.0538456131260374,0.07617454384695764,15.163000000000004,2.6191579183280815
scene-0757,CAM_BACK,24,2,car,0.7852349281311035,-73.06898729701955,9.854603164173382,-0.8353569402929341,2.6667586790647135,1.5898764331650326,1.2782668600915221,2.948578436026479,1.1037088294680286,0.0,0.0,-73.06898729701955,9.854603164173382,-0.8353569402929341,2.6667586790647135,1.5898764331650326,1.2782668600915221,2.948578436026479,0.0,0.0,1.1037088294680286
scene-0757,CAM_BACK,24,3,car,0.8987342119216919,-34.57568004405327,1.90572327100572,0.6137209827244285,3.808395271423713,1.6996408884641903,1.4105916434190804,3.099529788363725,-0.1914721814502216,0.004533392304290137,0.04100000000000001,-34.57568004405327,1.90572327100572,0.6137209827244285,3.808395271423713,1.6996408884641903,1.4105916434190804,3.099529788363725,0.004533392304290137,0.04100000000000001,-0.1914721814502216
scene-0757,CAM_BACK,24,4,car,0.5508772134780884,-1.7741258659963413,-0.1365781506344945,0.5844563883310941,5.062122122625629,0.7105786145551589,0.25359750393557934,1.5952635418699443,-0.2127004873345264,0.24556489262371614,0.263,-1.7741258659963413,-0.1365781506344945,0.5844563883310941,5.062122122625629,0.7105786145551589,0.25359750393557934,1.5952635418699443,0.24556489262371614,0.263,-0.2127004873345264
scene-0757,CAM_BACK,24,0,construction vehicle,0.5038759708404541,-4.097781289226654,2.8842375682815975,1.3176122749640657,6.260874835173189,1.88493311690928,3.4875236207661517,3.0862416637823697,0.3151510539069404,0.007829096550901062,0.32800000000000007,-4.097781289226654,2.8842375682815975,1.3176122749640657,6.260874835173189,1.88493311690928,3.4875236207661517,3.0862416637823697,0.007829096550901062,0.32800000000000007,0.3151510539069404
scene-0757,CAM_BACK,24,1,construction vehicle,0.719298243522644,-9.387785078866422,-5.5930681445894095,3.3401637738896044,4.629248406290165,2.0650745890960884,8.705415990832295,2.09496610751027,0.9849463620247043,0.10395992479950501,8.737000000000002,-9.387785078866422,-5.5930681445894095,3.3401637738896044,4.629248406290165,2.0650745890960884,8.705415990832295,2.09496610751027,0.10395992479950501,8.737000000000002,0.9849463620247043
scene-0757,CAM_BACK_LEFT,24,0,truck,0.5661016702651978,0.40616127143099057,2.9125750729687057,1.518866980218863,4.624895189941002,2.872734472152413,2.3451332965768046,-2.9090491688885924,-0.3660333585541866,0.3249788149403559,9.971000000000002,0.40616127143099057,2.9125750729687057,1.518866980218863,4.624895189941002,2.872734472152413,2.3451332965768046,-2.9090491688885924,0.3249788149403559,9.971000000000002,-0.3660333585541866
scene-0757,CAM_FRONT,25,0,car,0.6167664527893066,17.28867347632132,5.775066302310701,-2.468681157474336,0.2998197493775434,0.300200059064629,0.08025823922886444,2.174086840231238,2.5975003121339153,0.0,0.0,17.28867347632132,5.775066302310701,-2.468681157474336,0.2998197493775434,0.300200059064629,0.08025823922886444,2.174086840231238,0.0,0.0,2.5975003121339153
scene-0757,CAM_FRONT,25,1,car,0.9649122953414917,20.30938967978469,-3.9156482218570576,1.430971907455728,4.860705615022457,2.224111566552157,1.8457979312829278,1.4265116813767946,-0.12520295313437835,0.11920222634508348,2.313,20.30938967978469,-3.9156482218570576,1.430971907455728,4.860705615022457,2.224111566552157,1.8457979312829278,1.4265116813767946,0.11920222634508348,2.313,-0.12520295313437835
scene-0757,CAM_FRONT,25,2,car,0.6878048777580261,95.89780376988048,16.938169825093972,2.296817145885732,2.192867236670512,2.1781279336018144,0.9004285136084567,1.5942587438729914,0.09546521089408255,0.0,0.0,95.89780376988048,16.938169825093972,2.296817145885732,2.192867236670512,2.1781279336018144,0.9004285136084567,1.5942587438729914,0.0,0.0,0.09546521089408255
scene-0757,CAM_FRONT,25,3,car,0.8750000596046448,46.55606529029004,10.797565036448727,2.1482840591631187,3.1303334760664967,1.9953183623913215,1.683430977105924,-3.0722962787053616,-0.45741987990962585,0.0002846299810246679,0.0030000000000000005,46.55606529029004,10.797565036448727,2.1482840591631187,3.1303334760664967,1.9953183623913215,1.683430977105924,-3.0722962787053616,0.0002846299810246679,0.0030000000000000005,-0.45741987990962585
scene-0757,CAM_FRONT,25,4,car,0.8048780560493469,85.36668019495755,16.5493448942067,2.610131966371031,2.078002395767413,1.0683240853794267,1.0756390898683428,-2.6120693271896007,-0.36762411081369084,0.0,0.0,85.36668019495755,16.5493448942067,2.610131966371031,2.078002395767413,1.0683240853794267,1.0756390898683428,-2.6120693271896007,0.0,0.0,-0.36762411081369084
scene-0757,CAM_FRONT,25,5,car,0.9569892287254333,19.18070205049458,8.892513078087678,1.1793638975348948,4.406026688255705,2.039102885938341,1.4468919232980333,1.6118728243628573,-0.36571084342190796,0.056412337662337664,0.6950000000000002,19.18070205049458,8.892513078087678,1.1793638975348948,4.406026688255705,2.039102885938341,1.4468919232980333,1.6118728243628573,0.056412337662337664,0.6950000000000002,-0.36571084342190796
scene-0757,CAM_FRONT,25,0,bicycle,0.8904109597206116,21.560097570932896,-7.438386332478599,1.2007956507445479,1.4139842953845978,0.6947468053453818,0.8959096370213688,1.862280694435298,-0.21085883712812004,0.2675736961451247,0.23600000000000007,21.560097570932896,-7.438386332478599,1.2007956507445479,1.4139842953845978,0.6947468053453818,0.8959096370213688,1.862280694435298,0.2675736961451247,0.23600000000000007,-0.21085883712812004
scene-0757,CAM_FRONT,25,0,bus,0.9101123809814453,61.8826161907839,7.165638228104032,2.780042056827746,8.269251338337668,3.004899117707754,3.932229825640787,-3.055575286241068,0.5354688463643515,0.0,0.0,61.8826161907839,7.165638228104032,2.780042056827746,8.269251338337668,3.004899117707754,3.932229825640787,-3.055575286241068,0.0,0.0,0.5354688463643515
scene-0757,CAM_FRONT,25,0,truck,0.5311355590820312,15.646323401893815,-10.012731216539901,0.9143961607698661,4.492658474995091,2.753948779192436,2.665315566725496,2.0045471104653,0.7511075190753496,0.032480893592004706,1.1050000000000004,15.646323401893815,-10.012731216539901,0.9143961607698661,4.492658474995091,2.753948779192436,2.665315566725496,2.0045471104653,0.032480893592004706,1.1050000000000004,0.7511075190753496
scene-0757,CAM_FRONT,25,1,truck,0.675126850605011,23.883123772894614,11.378374918611982,1.5999841223003681,6.895807477167654,2.4389810955897993,2.684762376951946,1.5472413174280777,-0.06705421584877858,0.036231884057971016,1.6200000000000003,23.883123772894614,11.378374918611982,1.5999841223003681,6.895807477167654,2.4389810955897993,2.684762376951946,1.5472413174280777,0.036231884057971016,1.6200000000000003,-0.06705421584877858
scene-0757,CAM_FRONT_LEFT,25,0,car,0.9375000596046448,19.31958088590691,9.110124395606464,0.9879879596159005,4.259582190964261,1.9621781776985472,1.5913516483526213,1.4704334784503645,-0.05502328191347439,0.03313953488372093,0.45600000000000007,19.31958088590691,9.110124395606464,0.9879879596159005,4.259582190964261,1.9621781776985472,1.5913516483526213,1.4704334784503645,0.03313953488372093,0.45600000000000007,-0.05502328191347439
scene-0757,CAM_FRONT_LEFT,25,0,truck,0.8048780560493469,24.80019210206076,12.328574485139203,1.6455895298765757,5.4355279492438875,1.9401493970440207,2.663312871450632,1.6571558133253543,-0.03455342829966668,0.02360840372536279,0.6540000000000001,24.80019210206076,12.328574485139203,1.6455895298765757,5.4355279492438875,1.9401493970440207,2.663312871450632,1.6571558133253543,0.02360840372536279,0.6540000000000001,-0.03455342829966668
scene-0757,CAM_FRONT_LEFT,25,0,construction vehicle,0.5151515007019043,2.5629072504277466,3.872067708219948,1.4608486612163156,3.675701432551488,2.6840609062714624,3.0444224697566065,-3.0425600222111044,0.0356781722690509,0.15228561895228562,4.564000000000001,2.5629072504277466,3.872067708219948,1.4608486612163156,3.675701432551488,2.6840609062714624,3.0444224697566065,-3.0425600222111044,0.15228561895228562,4.564000000000001,0.0356781722690509
scene-0757,CAM_FRONT_RIGHT,25,0,car,0.5311355590820312,13.748970246292188,-13.535477359233735,1.2663566790340344,2.618001823580334,1.4282821095707874,1.2991015850417638,0.8643071708030885,-0.3226960651935724,0.015004226542688081,0.07100000000000002,13.748970246292188,-13.535477359233735,1.2663566790340344,2.618001823580334,1.4282821095707874,1.2991015850417638,0.8643071708030885,0.015004226542688081,0.07100000000000002,-0.3226960651935724
scene-0757,CAM_FRONT_RIGHT,25,1,car,0.5747508406639099,15.289091163328521,-10.26285939544965,1.5422803941794174,5.764133092020491,2.2125789316259805,2.1440363116757526,1.4380502445822616,-0.18640274699327453,0.06351694282728765,1.7020000000000002,15.289091163328521,-10.26285939544965,1.5422803941794174,5.764133092020491,2.2125789316259805,2.1440363116757526,1.4380502445822616,0.06351694282728765,1.7020000000000002,-0.18640274699327453
scene-0757,CAM_BACK,25,0,car,0.8750000596046448,-21.520881429057034,5.188963584876602,0.9406414570083208,2.2181841586829543,0.952485285545766,0.7382316125975564,1.3894838376982064,-1.1072735960182278,0.09155844155844156,0.14100000000000001,-21.520881429057034,5.188963584876602,0.9406414570083208,2.2181841586829543,0.952485285545766,0.7382316125975564,1.3894838376982064,0.09155844155844156,0.14100000000000001,-1.1072735960182278
scene-0757,CAM_BACK,25,1,car,0.9649122953414917,-8.304063244638781,-0.956822417505688,-0.3087727728551043,8.842109273145779,5.308689893703568,4.4380592547427575,3.0586745562635453,2.445860467786679,0.0839798066427569,17.234,-8.304063244638781,-0.956822417505688,-0.3087727728551043,8.842109273145779,5.308689893703568,4.4380592547427575,3.0586745562635453,0.0839798066427569,17.234,2.445860467786679
scene-0757,CAM_BACK,25,2,car,0.6908212304115295,-67.26202594675104,8.706902057439038,-0.8995309919417572,1.4790719540555486,1.1619287362558026,1.2315818574561728,-2.5673977534511865,0.4953138335116405,0.0,0.0,-67.26202594675104,8.706902057439038,-0.8995309919417572,1.4790719540555486,1.1619287362558026,1.2315818574561728,-2.5673977534511865,0.0,0.0,0.4953138335116405
scene-0757,CAM_BACK,25,3,car,0.8987342119216919,-42.044592990317646,2.3183618991099855,0.4847790074260485,4.703819830382571,2.1612688433977034,1.7454780438018367,3.106143372553202,-0.20375645385932817,0.0018204573899192173,0.03200000000000001,-42.044592990317646,2.3183618991099855,0.4847790074260485,4.703819830382571,2.1612688433977034,1.7454780438018367,3.106143372553202,0.0018204573899192173,0.03200000000000001,-0.20375645385932817
scene-0757,CAM_BACK,25,0,construction vehicle,0.5936508178710938,-2.816836189898476,2.5598870236047335,1.421686963132029,3.7283513181772534,1.3424661387480423,3.352066264216764,-3.0470610139290293,0.19475911502175158,0.016998899351840527,0.278,-2.816836189898476,2.5598870236047335,1.421686963132029,3.7283513181772534,1.3424661387480423,3.352066264216764,-3.0470610139290293,0.016998899351840527,0.278,0.19475911502175158
scene-0757,CAM_BACK,25,1,construction vehicle,0.6444444060325623,-9.207952033238179,-5.350122177457578,3.39209113439276,4.383927385821694,1.9874014852766226,8.221680734351065,2.0752265959403617,0.6942566337126999,0.11256929046563192,8.123000000000001,-9.207952033238179,-5.350122177457578,3.39209113439276,4.383927385821694,1.9874014852766226,8.221680734351065,2.0752265959403617,0.11256929046563192,8.123000000000001,0.6942566337126999
scene-0757,CAM_FRONT,26,0,car,0.7538461089134216,86.05432177980619,14.96688025532518,3.170297407424073,2.143274210813999,1.6296032354361847,0.6972436546980423,-2.931124299729872,-1.0763082914855744,0.0,0.0,86.05432177980619,14.96688025532518,3.170297407424073,2.143274210813999,1.6296032354361847,0.6972436546980423,-2.931124299729872,0.0,0.0,-1.0763082914855744
scene-0757,CAM_FRONT,26,1,car,0.96875,18.3848613247878,5.10117561083971,1.2410528611733271,4.512702343636745,2.105388105902236,1.4663684215900687,1.5583833936308862,-0.4166697440758407,0.0743562610229277,1.0540000000000003,18.3848613247878,5.10117561083971,1.2410528611733271,4.512702343636745,2.105388105902236,1.4663684215900687,1.5583833936308862,0.0743562610229277,1.0540000000000003,-0.4166697440758407
scene-0757,CAM_FRONT,26,2,car,0.7575758099555969,67.34766739764288,13.49124447839967,2.026855637505309,1.0842190102218532,1.081244275780378,1.0602978594120482,1.8194112907895543,-0.12517140659078851,0.0,0.0,67.34766739764288,13.49124447839967,2.026855637505309,1.0842190102218532,1.081244275780378,1.0602978594120482,1.8194112907895543,0.0,0.0,-0.12517140659078851
scene-0757,CAM_FRONT,26,3,car,0.8787879347801208,37.11855138774777,8.529252510330656,2.0373079216607173,2.571809752864702,1.7026719442511835,1.4337752052543307,-2.970925722557838,-0.6162303032407053,0.0,0.0,37.11855138774777,8.529252510330656,2.0373079216607173,2.571809752864702,1.7026719442511835,1.4337752052543307,-2.970925722557838,0.0,0.0,-0.6162303032407053
scene-0757,CAM_FRONT,26,4,car,0.96875,21.195648298505088,-0.1399569039520194,1.518377613666475,4.799599866695928,2.017480907999662,1.8207349806436257,1.4453843158428124,-0.2835664254152799,0.05462962962962963,0.9440000000000003,21.195648298505088,-0.1399569039520194,1.518377613666475,4.799599866695928,2.017480907999662,1.8207349806436257,1.4453843158428124,0.05462962962962963,0.9440000000000003,-0.2835664254152799
scene-0757,CAM_FRONT,26,0,bicycle,0.8904109597206116,25.982750090564974,-5.741365952978969,1.060391414126614,1.7896095624456558,0.47936281654583723,1.099746182747571,1.4844698691993279,0.2289758817683507,0.011111111111111112,0.011000000000000003,26.004674750552304,-5.743178964890513,1.295126348683302,1.7896734028277064,0.5183033578635374,1.5692160518609473,1.4775420989546677,0.01597222222222222,0.023000000000000003,0.22897588176835082
scene-0757,CAM_FRONT,26,0,bus,0.8904109597206116,65.43141343177302,7.906456090765978,3.543954800506145,6.427418955850108,3.5887052665466683,4.050368134417692,-3.029535880278828,-0.09122494739336862,0.0,0.0,65.43141343177302,7.906456090765978,3.543954800506145,6.427418955850108,3.5887052665466683,4.050368134417692,-3.029535880278828,0.0,0.0,-0.09122494739336862
scene-0757,CAM_FRONT,26,0,truck,0.8750000596046448,24.811061521094707,14.010237403051804,1.432210530598967,6.312609992099038,2.3867687134071076,2.3408192198617774,1.1180742399004022,-0.06260251075310785,0.0184322521279043,0.6410000000000001,24.811061521094707,14.010237403051804,1.432210530598967,6.312609992099038,2.3867687134071076,2.3408192198617774,1.1180742399004022,0.0184322521279043,0.6410000000000001,-0.06260251075310785
scene-0757,CAM_FRONT_LEFT,26,0,trailer,0.6444444060325623,25.055359371363398,14.994527736123798,1.49824877526498,6.152863356420703,3.3230105489569475,2.216273179895105,1.5701441458649958,-0.1620763926090305,0.017462010130631832,0.7860000000000001,25.055359371363398,14.994527736123798,1.49824877526498,6.152863356420703,3.3230105489569475,2.216273179895105,1.5701441458649958,0.017462010130631832,0.7860000000000001,-0.1620763926090305
scene-0757,CAM_FRONT_LEFT,26,1,trailer,0.6483516097068787,2.8289920877137464,2.628914164059685,1.7026408090317386,5.2469166768936795,3.1787435204254124,3.1925202465778666,-2.9537588368338583,-0.06992958816499506,0.26876126802884615,14.311000000000003,2.8289920877137464,2.628914164059685,1.7026408090317386,5.2469166768936795,3.1787435204254124,3.1925202465778666,-2.9537588368338583,0.26876126802884615,14.311000000000003,-0.06992958816499506
scene-0757,CAM_FRONT_RIGHT,26,0,car,0.9139785170555115,18.276219601802666,-12.486612023539148,1.3425945329323192,3.915932227732179,1.664734304512006,1.201718143936108,1.1645709463750789,-0.31423306724173106,0.04776269482151835,0.38000000000000006,18.276219601802666,-12.486612023539148,1.3425945329323192,3.915932227732179,1.664734304512006,1.201718143936108,1.1645709463750789,0.04776269482151835,0.38000000000000006,-0.31423306724173106
scene-0757,CAM_FRONT_RIGHT,26,1,car,0.5661016702651978,3.873315548581743,-5.041160494755213,1.4166278893666508,0.8315735029284403,0.5398979318343615,0.3827379871092158,1.1641652044592914,-1.2630553931570137,0.75,0.12000000000000002,3.873315548581743,-5.041160494755213,1.4166278893666508,0.8315735029284403,0.5398979318343615,0.3827379871092158,1.1641652044592914,0.75,0.12000000000000002,-1.2630553931570137
scene-0757,CAM_FRONT_RIGHT,26,0,truck,0.8012422323226929,14.939362730973794,-13.091140297104952,1.5860951564923962,4.170045951554511,2.55180819051359,2.3684735485289536,1.337625110091459,-0.12319680333425787,0.06681166056166056,1.7510000000000003,14.939362730973794,-13.091140297104952,1.5860951564923962,4.170045951554511,2.55180819051359,2.3684735485289536,1.337625110091459,0.06681166056166056,1.7510000000000003,-0.12319680333425787
scene-0757,CAM_BACK,26,0,car,0.9649122953414917,-8.196245715654301,-0.9361274845248714,-0.27868580933828535,8.73586601384044,5.280073933648759,4.412845615527237,3.074192732377762,2.501006800090071,0.0851619644723093,17.278000000000002,-8.196245715654301,-0.9361274845248714,-0.27868580933828535,8.73586601384044,5.280073933648759,4.412845615527237,3.074192732377762,0.0851619644723093,17.278000000000002,2.501006800090071
scene-0757,CAM_BACK,26,1,car,0.8518518805503845,-15.080663268898341,6.8417607653810455,0.6143926445196233,2.071793377091918,1.1996140000014872,0.95978239379144,3.083137874737421,-0.4430924558102436,0.0630952380952381,0.15900000000000003,-15.080663268898341,6.8417607653810455,0.6143926445196233,2.071793377091918,1.1996140000014872,0.95978239379144,3.083137874737421,0.0630952380952381,0.15900000000000003,-0.4430924558102436
scene-0757,CAM_BACK,26,2,car,0.8787879347801208,-13.998359146766829,3.3169537117098575,1.2169575107093298,1.34579126655701,0.5786276678557343,0.45458465282172944,1.5660861592642223,-1.3156316020879242,0.03076923076923077,0.012000000000000002,-13.998359146766829,3.3169537117098575,1.2169575107093298,1.34579126655701,0.5786276678557343,0.45458465282172944,1.5660861592642223,0.03076923076923077,0.012000000000000002,-1.3156316020879242
scene-0757,CAM_BACK,26,3,car,0.6132930517196655,-66.61515287048347,8.518324910016295,-1.0537523512775566,1.4213516546299125,1.2611161303722156,1.0708300705670704,1.3157287691891455,1.2515819373423418,0.0,0.0,-66.61515287048347,8.518324910016295,-1.0537523512775566,1.4213516546299125,1.2611161303722156,1.0708300705670704,1.3157287691891455,0.0,0.0,1.2515819373423418
scene-0757,CAM_BACK,26,4,car,0.8987342119216919,-41.037984622300314,2.2271056408469296,0.4328350462145716,4.627930755473713,2.0964785566359896,1.7236972085500777,3.072942020445455,0.05544254961663486,0.00267933260260626,0.04400000000000001,-41.037984622300314,2.2271056408469296,0.4328350462145716,4.627930755473713,2.0964785566359896,1.7236972085500777,3.072942020445455,0.00267933260260626,0.04400000000000001,0.05544254961663486
scene-0757,CAM_BACK,26,0,construction vehicle,0.7344398498535156,-2.5968844926987527,2.507225548484666,1.6774206816125936,2.0945088475630373,2.1033182526398067,3.2884891273005064,1.9979605556644664,-0.10457272959325703,0.08658008658008658,1.2600000000000002,-2.5968844926987527,2.507225548484666,1.6774206816125936,2.0945088475630373,2.1033182526398067,3.2884891273005064,1.9979605556644664,0.08658008658008658,1.2600000000000002,-0.10457272959325703
scene-0757,CAM_BACK,26,1,construction vehicle,0.719298243522644,-9.386850388438768,-5.427171783666848,3.261800427906036,4.559733760998668,1.9816866010190335,8.366544837423442,2.0863900563145075,0.9212311284361476,0.10549948240165631,8.153,-9.386850388438768,-5.427171783666848,3.261800427906036,4.559733760998668,1.9816866010190335,8.366544837423442,2.0863900563145075,0.10549948240165631,8.153,0.9212311284361476
scene-0757,CAM_FRONT,27,0,car,0.9139785170555115,21.71728095977303,3.578736796933587,1.486766807089085,4.647600025433098,1.9761317192547843,1.7169165468159524,1.5173901117363984,-0.3943567117578528,0.018734015345268543,0.2930000000000001,21.71728095977303,3.578736796933587,1.486766807089085,4.647600025433098,1.9761317192547843,1.7169165468159524,1.5173901117363984,0.018734015345268543,0.2930000000000001,-0.3943567117578528
scene-0757,CAM_FRONT,27,1,car,0.9609756469726562,19.077932169704543,-9.526480450072166,1.3681483714893878,4.566836853979056,2.012204854677531,1.4850246505968574,1.3413954777040253,-0.1895772268969833,0.10130434782608695,1.3980000000000001,19.077932169704543,-9.526480450072166,1.3681483714893878,4.566836853979056,2.012204854677531,1.4850246505968574,1.3413954777040253,0.10130434782608695,1.3980000000000001,-0.1895772268969833
scene-0757,CAM_FRONT,27,2,car,0.7575758099555969,43.772519956424645,10.198153873096425,2.3566016882062453,3.334060986961333,1.9955025422127877,1.6625974082957566,-3.036711155465737,-0.7896394508476126,0.00089126559714795,0.010000000000000002,43.772519956424645,10.198153873096425,2.3566016882062453,3.334060986961333,1.9955025422127877,1.6625974082957566,-3.036711155465737,0.00089126559714795,0.010000000000000002,-0.7896394508476126
scene-0757,CAM_FRONT,27,3,car,0.9649122953414917,17.677830337575596,1.383443685893413,1.2347603626864507,4.680726779341703,2.1609965557308577,1.5545873288352707,1.4938597429658431,-0.2932791626252378,0.07634187620889749,1.2630000000000003,17.677830337575596,1.383443685893413,1.2347603626864507,4.680726779341703,2.1609965557308577,1.5545873288352707,1.4938597429658431,0.07634187620889749,1.2630000000000003,-0.2932791626252378
scene-0757,CAM_FRONT,27,0,bicycle,0.9101123809814453,30.359248320752407,-3.615128937643994,1.0271562813293906,2.113393564627737,0.7770556426779152,1.2453886436503023,1.5485965918066267,0.47085334906662235,0.007936507936507936,0.016000000000000004,30.25174554322732,-3.649123161280269,1.355797449866938,2.0960556018405754,0.990500604051352,1.902670980725397,1.6993607792160872,0.015288220551378446,0.06100000000000002,0.47085334906662224
scene-0757,CAM_FRONT,27,0,bus,0.6604774594306946,81.2642670423208,10.399979655635317,5.375760978537556,3.9699710140110938,1.6504501586829043,1.842138257935475,-2.970984481261999,-2.895743094305537,0.0,0.0,81.2642670423208,10.399979655635317,5.375760978537556,3.9699710140110938,1.6504501586829043,1.842138257935475,-2.970984481261999,0.0,0.0,-2.895743094305537
scene-0757,CAM_FRONT_LEFT,27,0,truck,0.8241757750511169,3.6392711969168023,3.0161450834731798,1.4629018868809331,5.501177774806082,2.3781886049783703,2.970354313196318,-2.880516109110384,0.4696797139349078,0.22984848484848486,9.102000000000002,3.6392711969168023,3.0161450834731798,1.4629018868809331,5.501177774806082,2.3781886049783703,2.970354313196318,-2.880516109110384,0.22984848484848486,9.102000000000002,0.4696797139349078
scene-0757,CAM_FRONT_RIGHT,27,0,car,0.7730495929718018,2.6718125226783767,-4.126817549637646,1.543925738805684,0.3036874453475664,0.18470580841439244,0.1502047937680724,0.9068274873483185,-1.5124124943173731,0.8333333333333334,0.010000000000000004,2.6718125226783767,-4.126817549637646,1.543925738805684,0.3036874453475664,0.18470580841439244,0.1502047937680724,0.9068274873483185,0.8333333333333334,0.010000000000000004,-1.5124124943173731
scene-0757,CAM_FRONT_RIGHT,27,1,car,0.949367105960846,18.88154122738777,-9.796786813263164,1.3603042372817202,4.4274522607179545,1.786304105456356,1.3423037121803816,1.1537520913977242,-0.24768983460453908,0.12228049728049728,1.2590000000000003,18.88154122738777,-9.796786813263164,1.3603042372817202,4.4274522607179545,1.786304105456356,1.3423037121803816,1.1537520913977242,0.12228049728049728,1.2590000000000003,-0.24768983460453908
scene-0757,CAM_FRONT_RIGHT,27,2,car,0.6289855241775513,4.061920899495226,-5.023112457501434,1.5232429493731967,0.4129334529070592,0.1899200667797567,0.14641660888494523,-2.8602184198127634,-1.4812489939025677,0.5,0.004000000000000001,4.061920899495226,-5.023112457501434,1.5232429493731967,0.4129334529070592,0.1899200667797567,0.14641660888494523,-2.8602184198127634,0.5,0.004000000000000001,-1.4812489939025677
scene-0757,CAM_BACK,27,0,car,0.96875,-8.24240165352045,-1.0239207687267604,-0.3407349833417449,8.60429312630383,5.22066724684515,4.306861747211691,3.062675226271118,2.469685037245442,0.07723509589383035,14.852000000000004,-8.24240165352045,-1.0239207687267604,-0.3407349833417449,8.60429312630383,5.22066724684515,4.306861747211691,3.062675226271118,0.07723509589383035,14.852000000000004,2.469685037245442
scene-0757,CAM_BACK,27,1,car,0.8358974456787109,-15.250099048064964,6.790587042459342,0.7829873308582577,2.065171192379367,1.1889719055834984,0.9945773683252452,3.0320886353772805,-0.7383290771556112,0.034126984126984124,0.08600000000000001,-15.250099048064964,6.790587042459342,0.7829873308582577,2.065171192379367,1.1889719055834984,0.9945773683252452,3.0320886353772805,0.034126984126984124,0.08600000000000001,-0.7383290771556112
scene-0757,CAM_BACK,27,2,car,0.8787879347801208,-20.1790108191556,4.828341266341639,1.026457142760403,2.1982346284596197,0.9449142199612375,0.7325899783848326,1.4282782524501625,-1.0944443968197872,0.07647907647907648,0.10600000000000002,-20.1790108191556,4.828341266341639,1.026457142760403,2.1982346284596197,0.9449142199612375,0.7325899783848326,1.4282782524501625,0.07647907647907648,0.10600000000000002,-1.0944443968197872
scene-0757,CAM_BACK,27,3,car,0.7538461089134216,-74.00404789664343,9.431078222364315,-0.9133286114823455,1.5256787829272191,1.3721810000168517,1.118739308588965,1.1044513952877284,1.1263960842945129,0.0,0.0,-74.00404789664343,9.431078222364315,-0.9133286114823455,1.5256787829272191,1.3721810000168517,1.118739308588965,1.1044513952877284,0.0,0.0,1.1263960842945129
scene-0757,CAM_BACK,27,4,car,0.8987342119216919,-40.544337677614365,2.095657932029278,0.33735373030101923,5.040284766681268,2.2863477188352084,1.845724908612254,3.0633652111551526,0.20558120802152624,0.002318840579710145,0.048000000000000015,-40.544337677614365,2.095657932029278,0.33735373030101923,5.040284766681268,2.2863477188352084,1.845724908612254,3.0633652111551526,0.002318840579710145,0.048000000000000015,0.20558120802152624
scene-0757,CAM_BACK,27,0,construction vehicle,0.6363636255264282,-2.389753599354134,2.948930197547072,1.6667837663109224,2.6913561754325293,2.3653581080120807,3.116575210638019,1.9810981609284712,-0.33598120678258514,0.06700517722023099,1.3460000000000003,-2.389753599354134,2.948930197547072,1.6667837663109224,2.6913561754325293,2.3653581080120807,3.116575210638019,1.9810981609284712,0.06700517722023099,1.3460000000000003,-0.33598120678258514
scene-0757,CAM_BACK,27,1,construction vehicle,0.6683937907218933,-9.24146741446168,-5.640649434677827,3.403668626377941,4.460485772254466,2.0340397082895993,8.504472919305716,2.033098964338907,0.8443643051090994,0.10912418300653595,8.348000000000003,-9.24146741446168,-5.640649434677827,3.403668626377941,4.460485772254466,2.0340397082895993,8.504472919305716,2.033098964338907,0.10912418300653595,8.348000000000003,0.8443643051090994
scene-0757,CAM_FRONT,28,0,car,0.7770034670829773,76.50655563677029,13.202430726495066,2.921117165777174,2.681103413929975,1.315596140879597,1.1945312886397246,-2.83633417514951,-0.6879207448612421,0.0,0.0,76.50655563677029,13.202430726495066,2.921117165777174,2.681103413929975,1.315596140879597,1.1945312886397246,-2.83633417514951,0.0,0.0,-0.6879207448612421
scene-0757,CAM_FRONT,28,1,car,0.8476190567016602,41.042035952135244,9.26303269161516,1.9836449749447085,2.495534602553711,1.531589570464349,1.446316244184717,-3.0270432571274526,-0.4314023968854004,0.0,0.0,41.042035952135244,9.26303269161516,1.9836449749447085,2.495534602553711,1.531589570464349,1.446316244184717,-3.0270432571274526,0.0,0.0,-0.4314023968854004
scene-0757,CAM_FRONT,28,2,car,0.9532163739204407,19.50517302948285,-6.179237702170781,1.3828450979652407,4.184513032000922,1.7905137838166354,1.4080695351258918,1.4684692104022827,-0.26306119776908554,0.10959939531368103,1.1600000000000004,19.50517302948285,-6.179237702170781,1.3828450979652407,4.184513032000922,1.7905137838166354,1.4080695351258918,1.4684692104022827,0.10959939531368103,1.1600000000000004,-0.26306119776908554
scene-0757,CAM_FRONT,28,3,car,0.9064327478408813,18.25921305230136,10.842220494425144,0.7956768486754413,1.9145470507928959,1.045022793146181,0.915313171348584,1.3783776691493996,-0.2900303432194644,0.014619883040935672,0.025000000000000005,18.25921305230136,10.842220494425144,0.7956768486754413,1.9145470507928959,1.045022793146181,0.915313171348584,1.3783776691493996,0.014619883040935672,0.025000000000000005,-0.2900303432194644
scene-0757,CAM_FRONT,28,4,car,0.9259259104728699,22.764157531241207,7.078359445211,1.5084158310434737,4.711878258786085,2.171618260348609,1.805903341132233,1.4981876470987527,-0.3059939146391919,0.03051794541156243,0.5680000000000002,22.764157531241207,7.078359445211,1.5084158310434737,4.711878258786085,2.171618260348609,1.805903341132233,1.4981876470987527,0.03051794541156243,0.5680000000000002,-0.3059939146391919
scene-0757,CAM_FRONT,28,5,car,0.96875,16.99582527603428,-2.3539126132185455,1.2362402496135791,4.75330237561482,2.200069807092472,1.5538908719702353,1.447755259097964,-0.22181071614768755,0.1162405303030303,1.9640000000000004,16.99582527603428,-2.3539126132185455,1.2362402496135791,4.75330237561482,2.200069807092472,1.5538908719702353,1.447755259097964,0.1162405303030303,1.9640000000000004,-0.22181071614768755
scene-0757,CAM_FRONT,28,6,car,0.8160918951034546,76.61697848283951,14.78292347052217,2.752185031711208,2.2033598070928093,1.3436112751356566,1.1102700671874253,-2.9273517385487002,-0.5730608928928862,0.0,0.0,76.61697848283951,14.78292347052217,2.752185031711208,2.2033598070928093,1.3436112751356566,1.1102700671874253,-2.9273517385487002,0.0,0.0,-0.5730608928928862
scene-0757,CAM_FRONT,28,0,bicycle,0.7852349281311035,24.06789656337019,0.011696833297937697,1.1590974271426329,1.3184829669193197,0.6411937158567831,0.8854205232111898,1.4495413324086723,-0.24820516799942505,0.09116809116809117,0.06400000000000002,24.06789656337019,0.011696833297937697,1.1590974271426329,1.3184829669193197,0.6411937158567831,0.8854205232111898,1.4495413324086723,0.09116809116809117,0.06400000000000002,-0.24820516799942505
scene-0757,CAM_FRONT,28,0,bus,0.9064327478408813,74.73199049096081,9.440048791966328,3.441805054309733,5.12385650939963,3.780405298399631,3.9237720354640064,-3.0775065783792215,0.16415588026186967,0.0,0.0,74.73199049096081,9.440048791966328,3.441805054309733,5.12385650939963,3.780405298399631,3.9237720354640064,-3.0775065783792215,0.0,0.0,0.16415588026186967
scene-0757,CAM_FRONT_LEFT,28,0,trailer,0.5747508406639099,3.909771581830499,3.0396202020114416,1.3536778843094524,6.055214104903589,2.7241537667279823,3.249415635993858,-2.8469045921015654,0.6546396756136699,0.20453855494839102,10.780000000000003,3.909771581830499,3.0396202020114416,1.3536778843094524,6.055214104903589,2.7241537667279823,3.249415635993858,-2.8469045921015654,0.20453855494839102,10.780000000000003,0.6546396756136699
scene-0757,CAM_FRONT_RIGHT,28,0,car,0.5241636037826538,2.776579616584957,-4.2026446959753025,1.5357581905776203,0.5667595546349284,0.25317285981373105,0.20234408554738503,2.7675713495168925,-1.4628965808340562,0.7222222222222222,0.02600000000000001,2.776579616584957,-4.2026446959753025,1.5357581905776203,0.5667595546349284,0.25317285981373105,0.20234408554738503,2.7675713495168925,0.7222222222222222,0.02600000000000001,-1.4628965808340562
scene-0757,CAM_BACK,28,0,car,0.96875,-8.163923313677293,-1.0336464007322168,-0.22594817832901748,8.471802969142397,5.0914567946982565,4.270399806195365,3.0594323029430717,2.347340233330806,0.08215444864676377,15.314000000000005,-8.163923313677293,-1.0336464007322168,-0.22594817832901748,8.471802969142397,5.0914567946982565,4.270399806195365,3.0594323029430717,0.08215444864676377,15.314000000000005,2.347340233330806
scene-0757,CAM_BACK,28,1,car,0.8672199249267578,-14.989833410858154,6.797453820741962,0.7223390357518907,2.470672072201987,1.1554698520437396,1.0584204665504562,3.0515501897658033,-0.6566106459481897,0.07454545454545454,0.24600000000000002,-14.989833410858154,6.797453820741962,0.7223390357518907,2.470672072201987,1.1554698520437396,1.0584204665504562,3.0515501897658033,0.07454545454545454,0.24600000000000002,-0.6566106459481897
scene-0757,CAM_BACK,28,2,car,0.8787879347801208,-17.683420347113508,4.1167574975180266,1.1823870709896893,1.5891596568443038,0.6626502230223466,0.5244724370842512,1.587609402359997,-1.3420730295239034,0.12142857142857143,0.06800000000000002,-17.683420347113508,4.1167574975180266,1.1823870709896893,1.5891596568443038,0.6626502230223466,0.5244724370842512,1.587609402359997,0.12142857142857143,0.06800000000000002,-1.3420730295239034
scene-0757,CAM_BACK,28,3,car,0.7968254089355469,-62.10325119455963,8.204139421288419,-0.753188161810295,1.172419516003501,1.045481894178657,0.8711447049473275,1.251335691858376,0.7303900671251453,0.0,0.0,-62.10325119455963,8.204139421288419,-0.753188161810295,1.172419516003501,1.045481894178657,0.8711447049473275,1.251335691858376,0.0,0.0,0.7303900671251453
scene-0757,CAM_BACK,28,4,car,0.9024390578269958,-38.494730837050426,2.005747507163412,0.6199065229091737,4.869589404000756,2.203642742031906,1.7920960285764747,3.1241373899338782,-0.16286585048266122,0.0027313955885384456,0.053000000000000005,-38.494730837050426,2.005747507163412,0.6199065229091737,4.869589404000756,2.203642742031906,1.7920960285764747,3.1241373899338782,0.0027313955885384456,0.053000000000000005,-0.16286585048266122
scene-0757,CAM_BACK,28,5,car,0.5038759708404541,-2.056478791634986,-0.10620885849124452,0.7508575195263236,4.375756797279935,0.32435180696732124,0.6704689323410378,1.427063011937751,-0.5403957584935344,0.39826839826839827,0.3680000000000001,-2.056478791634986,-0.10620885849124452,0.7508575195263236,4.375756797279935,0.32435180696732124,0.6704689323410378,1.427063011937751,0.39826839826839827,0.3680000000000001,-0.5403957584935344
scene-0757,CAM_BACK,28,0,construction vehicle,0.6640419960021973,-9.471545172726282,-5.3219077187137644,3.6564293512017514,4.155955460574375,2.0290619373432577,8.714839925507011,2.1363630870931223,0.6808643432841226,0.09782430213464696,7.149000000000001,-9.471545172726282,-5.3219077187137644,3.6564293512017514,4.155955460574375,2.0290619373432577,8.714839925507011,2.1363630870931223,0.09782430213464696,7.149000000000001,0.6808643432841226
scene-0757,CAM_FRONT,29,0,car,0.7887788414955139,83.28270564861036,14.357808328495887,2.820151917924142,3.210029070218141,1.427638275036676,1.2028880502263166,-2.8916710099112146,-0.5953241323587131,0.0,0.0,83.28270564861036,14.357808328495887,2.820151917924142,3.210029070218141,1.427638275036676,1.2028880502263166,-2.8916710099112146,0.0,0.0,-0.5953241323587131
scene-0757,CAM_FRONT,29,1,car,0.8947368264198303,44.840439133396586,10.406586637947207,2.183527570339095,3.265663574719099,1.9688863055965573,1.6851889529938116,-3.0952933257403985,-0.6530512068831131,0.00089126559714795,0.010000000000000002,44.840439133396586,10.406586637947207,2.183527570339095,3.265663574719099,1.9688863055965573,1.6851889529938116,-3.0952933257403985,0.00089126559714795,0.010000000000000002,-0.6530512068831131
scene-0757,CAM_FRONT,29,2,car,0.9726027250289917,16.17512980266445,-6.1002611239877815,1.224226318115388,4.620005188646141,2.1435644920257086,1.5140080049395446,1.4198426874089483,-0.22431875524560663,0.13643892339544514,1.9770000000000005,16.17512980266445,-6.1002611239877815,1.224226318115388,4.620005188646141,2.1435644920257086,1.5140080049395446,1.4198426874089483,0.13643892339544514,1.9770000000000005,-0.22431875524560663
scene-0757,CAM_FRONT,29,3,car,0.9375000596046448,17.82786675379184,8.615358786970898,1.0383917216739353,4.544791433989097,1.9433891859105294,1.4587984329366708,1.674573847473283,-0.25642506791445463,0.021364522417153996,0.2740000000000001,17.82786675379184,8.615358786970898,1.0383917216739353,4.544791433989097,1.9433891859105294,1.4587984329366708,1.674573847473283,0.021364522417153996,0.2740000000000001,-0.25642506791445463
scene-0757,CAM_FRONT,29,4,car,0.7620818018913269,30.27510812549605,13.328297262338426,1.6211272033178317,5.159668640267437,2.342342032942689,2.0676928758837723,1.5269696747684363,-0.020238712630126443,0.020146520146520148,0.5060000000000001,30.27510812549605,13.328297262338426,1.6211272033178317,5.159668640267437,2.342342032942689,2.0676928758837723,1.5269696747684363,0.020146520146520148,0.5060000000000001,-0.020238712630126443
scene-0757,CAM_FRONT,29,5,car,0.96875,20.68459764165153,-2.0802209337695166,1.344445520767371,4.792665799349166,1.9279278684703982,1.4539168551176977,1.4413088195917123,-0.240431805847377,0.08742690058479533,1.1960000000000004,20.68459764165153,-2.0802209337695166,1.344445520767371,4.792665799349166,1.9279278684703982,1.4539168551176977,1.4413088195917123,0.08742690058479533,1.1960000000000004,-0.240431805847377
scene-0757,CAM_FRONT,29,6,car,0.7697842121124268,85.0096083027017,16.34924776090137,2.76521656359748,2.230922302182094,1.2531037623479866,1.2545642724301231,-2.973468125919532,-0.47189448368735,0.0,0.0,85.0096083027017,16.34924776090137,2.76521656359748,2.230922302182094,1.2531037623479866,1.2545642724301231,-2.973468125919532,0.0,0.0,-0.47189448368735
scene-0757,CAM_FRONT,29,0,bicycle,0.9101123809814453,22.768410959159457,1.466899369663191,1.0203860534127964,1.370568958426474,0.423200014158958,0.8281941927233677,1.5456111566462865,-0.2703081840790056,0.15401785714285715,0.06900000000000002,22.768410959159457,1.466899369663191,1.0203860534127964,1.370568958426474,0.423200014158958,0.8281941927233677,1.5456111566462865,0.15401785714285715,0.06900000000000002,-0.2703081840790056
scene-0757,CAM_FRONT,29,0,bus,0.8827838897705078,76.31932234980674,8.685100104552934,3.3518023413417333,7.531593544738115,3.1854783387155567,3.675047302134785,-3.0234465047204644,0.0051517086666992284,0.0,0.0,76.31932234980674,8.685100104552934,3.3518023413417333,7.531593544738115,3.1854783387155567,3.675047302134785,-3.0234465047204644,0.0,0.0,0.0051517086666992284
scene-0757,CAM_FRONT_LEFT,29,0,car,0.9064327478408813,18.001355817680036,8.559306781187884,0.9044243604226258,3.5299149888721795,1.9056728434657622,1.6872109870130292,1.5514255358964253,0.03656747090060408,0.041751437417072094,0.47200000000000014,18.001355817680036,8.559306781187884,0.9044243604226258,3.5299149888721795,1.9056728434657622,1.6872109870130292,1.5514255358964253,0.041751437417072094,0.47200000000000014,0.03656747090060408
scene-0757,CAM_FRONT_LEFT,29,1,car,0.7387754917144775,28.17643637106907,12.888489262107903,1.4746835717089293,3.146163159004072,1.5925506544514114,1.1611916576365384,1.8375624607230485,-0.045628201093022125,0.04956317204301075,0.2950000000000001,28.17643637106907,12.888489262107903,1.4746835717089293,3.146163159004072,1.5925506544514114,1.1611916576365384,1.8375624607230485,0.04956317204301075,0.2950000000000001,-0.045628201093022125
scene-0757,CAM_FRONT_LEFT,29,0,trailer,0.5661016702651978,3.7521163368165373,2.9284238752336513,1.367821653147578,6.085628462001315,2.5837280934034412,3.465932535389233,-2.883385493918271,0.38477350254311604,0.19673932624752297,10.921000000000003,3.7521163368165373,2.9284238752336513,1.367821653147578,6.085628462001315,2.5837280934034412,3.465932535389233,-2.883385493918271,0.19673932624752297,10.921000000000003,0.38477350254311604
scene-0757,CAM_FRONT_RIGHT,29,0,car,0.8787879347801208,17.55344271871326,-15.287111736658229,1.3024897136784266,3.7020829902912307,1.6925496605830972,1.2751452824761709,0.9833988191160948,-0.19099344887848202,0.049529167176226,0.405,17.55344271871326,-15.287111736658229,1.3024897136784266,3.7020829902912307,1.6925496605830972,1.2751452824761709,0.9833988191160948,0.049529167176226,0.405,-0.19099344887848202
scene-0757,CAM_FRONT_RIGHT,29,1,car,0.9452055096626282,15.672361034629686,-7.230160199591073,0.8575915722964247,2.4280614093301183,1.2984683482503279,1.1384915740259274,1.1725382962977502,-0.08846500649394073,0.09877622377622378,0.3390000000000001,15.672361034629686,-7.230160199591073,0.8575915722964247,2.4280614093301183,1.2984683482503279,1.1384915740259274,1.1725382962977502,0.09877622377622378,0.3390000000000001,-0.08846500649394073
scene-0757,CAM_BACK,29,0,car,0.96875,-8.068107529938555,-1.0197195868673068,-0.22761924455646343,8.376357467583329,5.262913463081327,4.215255113248951,3.0679498851164673,2.340353712244133,0.09141423865143541,17.093000000000004,-8.068107529938555,-1.0197195868673068,-0.22761924455646343,8.376357467583329,5.262913463081327,4.215255113248951,3.0679498851164673,0.09141423865143541,17.093000000000004,2.340353712244133
scene-0757,CAM_BACK,29,1,car,0.8632478713989258,-14.94335932988088,6.743928598119261,0.7596935383774815,2.1024766357415903,1.177919364446618,1.0089460787294315,3.0405587827598657,-0.706647988531885,0.05476190476190476,0.138,-14.94335932988088,6.743928598119261,0.7596935383774815,2.1024766357415903,1.177919364446618,1.0089460787294315,3.0405587827598657,0.05476190476190476,0.138,-0.706647988531885
scene-0757,CAM_BACK,29,2,car,0.8827838897705078,-16.894444122414892,3.9114343215156544,1.0779183193172117,1.5412287420943982,0.6859975863041257,0.511496304529666,1.49786220263344,-1.2069036353465223,0.02857142857142857,0.015000000000000003,-16.894444122414892,3.9114343215156544,1.0779183193172117,1.5412287420943982,0.6859975863041257,0.511496304529666,1.49786220263344,0.02857142857142857,0.015000000000000003,-1.2069036353465223
scene-0757,CAM_BACK,29,3,car,0.8128654956817627,-69.01119564590567,8.97540254715022,-1.1843436364423112,1.5496982704606665,1.352822452738061,1.3154207748598403,2.914395704146928,1.477215960155343,0.0,0.0,-69.01119564590567,8.97540254715022,-1.1843436364423112,1.5496982704606665,1.352822452738061,1.3154207748598403,2.914395704146928,0.0,0.0,1.477215960155343
scene-0757,CAM_BACK,29,4,car,0.8987342119216919,-39.35132023410322,2.0033270774710976,0.4645010197905455,4.719890417675295,2.106038548996079,1.7157752780832434,3.1028926159189316,0.008114831607643591,0.0028607187555873413,0.04800000000000001,-39.35132023410322,2.0033270774710976,0.4645010197905455,4.719890417675295,2.106038548996079,1.7157752780832434,3.1028926159189316,0.0028607187555873413,0.04800000000000001,0.008114831607643591
scene-0757,CAM_BACK,29,5,car,0.5241636037826538,-1.840776849481962,-0.0689441869263134,0.6926479491359762,4.305882983665187,0.5280995934141044,0.35485712827405247,1.5749242625885223,-0.17186727580514805,0.34767441860465115,0.29900000000000004,-1.840776849481962,-0.0689441869263134,0.6926479491359762,4.305882983665187,0.5280995934141044,0.35485712827405247,1.5749242625885223,0.34767441860465115,0.29900000000000004,-0.17186727580514805
scene-0757,CAM_BACK,29,0,construction vehicle,0.7500000596046448,-9.458247567273306,-5.666482658807585,3.9603888008115855,5.040727526411827,2.4011484998714323,9.660893512869425,1.9050836699744296,0.8674131336216697,0.09344501718213058,10.877000000000002,-9.458247567273306,-5.666482658807585,3.9603888008115855,5.040727526411827,2.4011484998714323,9.660893512869425,1.9050836699744296,0.09344501718213058,10.877000000000002,0.8674131336216697
scene-0757,CAM_FRONT,30,0,car,0.9649122953414917,17.51346535720451,4.60295941531948,1.1634727696416296,4.740693094354228,2.185709331418753,1.5332863289106755,1.618150397973476,-0.2756960467341625,0.058865248226950356,0.9130000000000003,17.51346535720451,4.60295941531948,1.1634727696416296,4.740693094354228,2.185709331418753,1.5332863289106755,1.618150397973476,0.058865248226950356,0.9130000000000003,-0.2756960467341625
scene-0757,CAM_FRONT,30,1,car,0.5704697966575623,5.816985305249588,2.7203850866411807,0.5941987542303415,0.20864916084357343,0.20895039828521078,0.25047196935699867,2.5000701662101052,-0.49121016596135375,0.75,0.009000000000000003,5.816985305249588,2.7203850866411807,0.5941987542303415,0.20864916084357343,0.20895039828521078,0.25047196935699867,2.5000701662101052,0.75,0.009000000000000003,-0.49121016596135375
scene-0757,CAM_FRONT,30,2,car,0.941605806350708,15.590631053328043,-9.281808353781617,0.6712302973567998,3.0202688653647076,1.4131043589910508,1.371824922429668,1.5885943000204643,0.2461083730693836,0.021598639455782314,0.12700000000000003,15.590631053328043,-9.281808353781617,0.6712302973567998,3.0202688653647076,1.4131043589910508,1.371824922429668,1.5885943000204643,0.021598639455782314,0.12700000000000003,0.2461083730693836
scene-0757,CAM_FRONT,30,3,car,0.6800000071525574,72.79500761458199,13.945395771599891,2.7633359382270273,1.9121888974212737,1.1497109435010886,0.8715455377493986,-2.8541931529127167,-0.7601887015025968,0.0,0.0,72.79500761458199,13.945395771599891,2.7633359382270273,1.9121888974212737,1.1497109435010886,0.8715455377493986,-2.8541931529127167,0.0,0.0,-0.7601887015025968
scene-0757,CAM_FRONT,30,4,car,0.604938268661499,72.11293546516045,12.717298844231872,2.574311801207207,1.4950126693774912,1.489778649644208,0.4197816515046515,1.5695675110758716,-0.7949959886155868,0.0,0.0,72.11293546516045,12.717298844231872,2.574311801207207,1.4950126693774912,1.489778649644208,0.4197816515046515,1.5695675110758716,0.0,0.0,-0.7949959886155868
scene-0757,CAM_FRONT,30,5,car,0.8750000596046448,37.25310451892518,8.53991680212697,1.8681166939134413,3.2712943426076038,1.7869413381549588,1.6595496949983706,-2.9567331808545783,-0.23117449516837585,0.0,0.0,37.25310451892518,8.53991680212697,1.8681166939134413,3.2712943426076038,1.7869413381549588,1.6595496949983706,-2.9567331808545783,0.0,0.0,-0.23117449516837585
scene-0757,CAM_FRONT,30,6,car,0.949367105960846,23.888985586077887,13.63450593959364,1.3438101870683414,4.253636852084833,1.8317759883969913,1.6372029023100834,1.4886261815597572,-0.2970396225157015,0.03617571059431524,0.44800000000000006,23.888985586077887,13.63450593959364,1.3438101870683414,4.253636852084833,1.8317759883969913,1.6372029023100834,1.4886261815597572,0.03617571059431524,0.44800000000000006,-0.2970396225157015
scene-0757,CAM_FRONT,30,7,car,0.9452055096626282,21.3337512889071,1.5323665732541663,1.4057903499908426,4.323108977312497,1.866799345803006,1.4286356366886936,1.462602684244928,-0.368257494062191,0.04214023430669697,0.48200000000000004,21.3337512889071,1.5323665732541663,1.4057903499908426,4.323108977312497,1.866799345803006,1.4286356366886936,1.462602684244928,0.04214023430669697,0.48200000000000004,-0.368257494062191
scene-0757,CAM_FRONT,30,0,bus,0.5631399154663086,76.40003346245842,8.963697785851949,2.7369384758758075,8.40653573297908,2.9936264592502626,2.9916940826056595,-3.1150837239148554,0.4440255717289021,0.0,0.0,76.40003346245842,8.963697785851949,2.7369384758758075,8.40653573297908,2.9936264592502626,2.9916940826056595,-3.1150837239148554,0.0,0.0,0.4440255717289021
scene-0757,CAM_FRONT_LEFT,30,0,car,0.7697842121124268,31.861257419044364,16.891313467610683,0.1665034985066709,5.1699441430457185,2.5017674697080867,2.2815333497658106,-2.5430847824261797,1.4210421592539657,0.0,0.0,31.861257419044364,16.891313467610683,0.1665034985066709,5.1699441430457185,2.5017674697080867,2.2815333497658106,-2.5430847824261797,0.0,0.0,1.4210421592539657
scene-0757,CAM_FRONT_LEFT,30,0,trailer,0.7037037014961243,3.7934422644399413,3.0598383504898394,1.4082638204146434,5.8752325284274995,2.6256192274992776,3.20341851690161,-2.8739639770281755,0.12924236197157501,0.1911261408083442,9.382000000000003,3.7934422644399413,3.0598383504898394,1.4082638204146434,5.8752325284274995,2.6256192274992776,3.20341851690161,-2.8739639770281755,0.1911261408083442,9.382000000000003,0.12924236197157501
scene-0757,CAM_FRONT_RIGHT,30,0,car,0.9649122953414917,15.489944464619226,-9.87617176262462,1.2712113093356798,4.507650574718396,2.0249653767681686,1.5156749873416615,1.3785478973864997,-0.2647039082141731,0.10266666666666667,1.3860000000000003,15.489944464619226,-9.87617176262462,1.2712113093356798,4.507650574718396,2.0249653767681686,1.5156749873416615,1.3785478973864997,0.10266666666666667,1.3860000000000003,-0.2647039082141731
scene-0757,CAM_FRONT_RIGHT,30,1,car,0.9259259104728699,22.55499393212057,-17.024927063186368,1.3745160705108956,4.181941130431319,1.767246413572451,1.5372904762535375,0.8037980595521675,0.32467038494299105,0.03977072310405644,0.4510000000000001,22.55499393212057,-17.024927063186368,1.3745160705108956,4.181941130431319,1.767246413572451,1.5372904762535375,0.8037980595521675,0.03977072310405644,0.4510000000000001,0.32467038494299105
scene-0757,CAM_FRONT_RIGHT,30,2,car,0.5704697966575623,3.4217701273632635,-4.531355219358948,1.5650741182842465,0.457174394852526,0.2784378627129662,0.2148638354352299,-2.4777131870427085,-1.487607370294434,0.6666666666666666,0.020000000000000004,3.4217701273632635,-4.531355219358948,1.5650741182842465,0.457174394852526,0.2784378627129662,0.2148638354352299,-2.4777131870427085,0.6666666666666666,0.020000000000000004,-1.487607370294434
scene-0757,CAM_BACK,30,0,car,0.96875,-8.23037866768321,-1.0290039485194382,-0.16585893632432247,8.37574593375206,5.010999152398402,4.159209829241091,3.0554759415487105,2.166420626490942,0.08046485260770975,14.194000000000003,-8.23037866768321,-1.0290039485194382,-0.16585893632432247,8.37574593375206,5.010999152398402,4.159209829241091,3.0554759415487105,0.08046485260770975,14.194000000000003,2.166420626490942
scene-0757,CAM_BACK,30,1,car,0.8202247023582458,-14.54506455136603,6.59040573175862,0.8804345733738941,1.8636255433946687,1.0658681843947333,0.8319132847169475,3.0121023198380117,-0.9246518359112028,0.04904306220095694,0.08200000000000002,-14.54506455136603,6.59040573175862,0.8804345733738941,1.8636255433946687,1.0658681843947333,0.8319132847169475,3.0121023198380117,0.04904306220095694,0.08200000000000002,-0.9246518359112028
scene-0757,CAM_BACK,30,2,car,0.8904109597206116,-24.368522073961845,5.864849184048324,0.9356416852613193,2.330285654017864,0.9996187146851625,0.7875183135295332,1.3867063338611283,-1.0952626006134045,0.05597826086956522,0.10300000000000004,-24.368522073961845,5.864849184048324,0.9356416852613193,2.330285654017864,0.9996187146851625,0.7875183135295332,1.3867063338611283,0.05597826086956522,0.10300000000000004,-1.0952626006134045
scene-0757,CAM_BACK,30,3,car,0.7655677795410156,-63.828285814650066,8.380578043336612,-0.2836906986805747,1.8115705770197508,1.556471593669996,1.032862521736745,3.088848992159888,-0.18768716205978686,0.0,0.0,-63.828285814650066,8.380578043336612,-0.2836906986805747,1.8115705770197508,1.556471593669996,1.032862521736745,3.088848992159888,0.0,0.0,-0.18768716205978686
scene-0757,CAM_BACK,30,4,car,0.9064327478408813,-38.29070274170763,1.9415505552849224,0.6026784410758308,4.689695458805545,2.1391824888852806,1.7087749362202747,3.141070948265627,-0.4189461043057203,0.001668752607425949,0.028000000000000004,-38.29070274170763,1.9415505552849224,0.6026784410758308,4.689695458805545,2.1391824888852806,1.7087749362202747,3.141070948265627,0.001668752607425949,0.028000000000000004,-0.4189461043057203
scene-0757,CAM_BACK,30,5,car,0.597484290599823,-2.1305739933993713,-0.1079574741060994,0.8426206860156488,4.908390966034849,0.6975483655022285,0.27642130667667675,1.5534641683185544,-0.7656070602413592,0.5792031098153547,0.5960000000000001,-2.1305739933993713,-0.1079574741060994,0.8426206860156488,4.908390966034849,0.6975483655022285,0.27642130667667675,1.5534641683185544,0.5792031098153547,0.5960000000000001,-0.7656070602413592
scene-0757,CAM_BACK,30,0,construction vehicle,0.7500000596046448,-9.208069532399366,-5.693243205321051,3.4815609283054516,4.430020392465765,2.119995375686985,8.908837850028995,1.8997190521361178,0.9429511128732533,0.105987645313488,8.716000000000001,-9.208069532399366,-5.693243205321051,3.4815609283054516,4.430020392465765,2.119995375686985,8.908837850028995,1.8997190521361178,0.105987645313488,8.716000000000001,0.9429511128732533
scene-0757,CAM_FRONT,31,0,car,0.96875,19.479775964567946,-8.513725371280389,1.349692543919514,4.898976140144944,2.00509571146101,1.5345239326535038,1.4334606040137234,-0.1431219342516976,0.09068027210884354,1.3330000000000002,19.479775964567946,-8.513725371280389,1.349692543919514,4.898976140144944,2.00509571146101,1.5345239326535038,1.4334606040137234,0.09068027210884354,1.3330000000000002,-0.1431219342516976
scene-0757,CAM_FRONT,31,1,car,0.5460992455482483,58.72161533145318,12.58721913830285,1.1099210560553463,1.5042436356430429,0.8571764146519105,0.9274826820689582,-2.906526216416415,0.5073402730391303,0.0,0.0,58.72161533145318,12.58721913830285,1.1099210560553463,1.5042436356430429,0.8571764146519105,0.9274826820689582,-2.906526216416415,0.0,0.0,0.5073402730391303
scene-0757,CAM_FRONT,31,2,car,0.5311355590820312,80.73850244612882,14.258356197493345,2.7343348016243247,2.414169435921181,1.8730425408340334,1.0949780786560535,3.1289363181045338,-0.5240778751808195,0.0,0.0,80.73850244612882,14.258356197493345,2.7343348016243247,2.414169435921181,1.8730425408340334,1.0949780786560535,3.1289363181045338,0.0,0.0,-0.5240778751808195
scene-0757,CAM_FRONT,31,3,car,0.9298245906829834,22.27795623570281,5.571328382240693,1.346647104924335,4.602683024472755,1.9892013087024942,1.5292026704785595,1.5391229038194305,-0.34268428980662957,0.04739130434782609,0.6540000000000001,22.27795623570281,5.571328382240693,1.346647104924335,4.602683024472755,1.9892013087024942,1.5292026704785595,1.5391229038194305,0.04739130434782609,0.6540000000000001,-0.34268428980662957
scene-0757,CAM_FRONT,31,4,car,0.96875,16.90004500061924,0.5059442471590846,1.1858426924393246,4.886392043383161,2.0757583158453006,1.6329451154612842,1.4501543850974443,-0.20613040232400082,0.07653061224489796,1.2600000000000002,16.90004500061924,0.5059442471590846,1.1858426924393246,4.886392043383161,2.0757583158453006,1.6329451154612842,1.4501543850974443,0.07653061224489796,1.2600000000000002,-0.20613040232400082
scene-0757,CAM_FRONT,31,0,bus,0.8128654956817627,60.97088612522749,7.948470604661056,2.9330904219929455,3.9100439957953057,2.1098482757111405,2.1929497863129552,-3.0691243721119523,-0.5973891875889092,0.0,0.0,60.97088612522749,7.948470604661056,2.9330904219929455,3.9100439957953057,2.1098482757111405,2.1929497863129552,-3.0691243721119523,0.0,0.0,-0.5973891875889092
scene-0757,CAM_FRONT_LEFT,31,0,trailer,0.7037037014961243,3.8616383681128545,3.1963758230540824,1.405749178677885,6.1900052703221,2.47112245589157,3.3703517587865806,-2.8782622819750867,0.2350199923854892,0.15115749525616698,7.966000000000001,3.8616383681128545,3.1963758230540824,1.405749178677885,6.1900052703221,2.47112245589157,3.3703517587865806,-2.8782622819750867,0.15115749525616698,7.966000000000001,0.2350199923854892
scene-0757,CAM_FRONT_RIGHT,31,0,car,0.8202247023582458,14.363884245287982,-13.207796977323538,1.1603957359111667,4.366605801682094,2.136791038748399,1.5141362801001725,1.0898034922715174,-0.17380685773623306,0.03802308802308802,0.5270000000000001,14.363884245287982,-13.207796977323538,1.1603957359111667,4.366605801682094,2.136791038748399,1.5141362801001725,1.0898034922715174,0.03802308802308802,0.5270000000000001,-0.17380685773623306
scene-0757,CAM_FRONT_RIGHT,31,1,car,0.949367105960846,19.407129460058837,-9.021589445705912,1.230488410962785,4.576439877209658,1.9520872154518614,1.5439936250252366,1.2146783320801837,-0.03608534225128357,0.11188405797101449,1.5440000000000003,19.407129460058837,-9.021589445705912,1.230488410962785,4.576439877209658,1.9520872154518614,1.5439936250252366,1.2146783320801837,0.11188405797101449,1.5440000000000003,-0.03608534225128357
scene-0757,CAM_FRONT_RIGHT,31,2,car,0.7104072570800781,3.5638230559465343,-4.750917980978748,1.5471177139368364,0.7610960077195026,0.3536689284994252,0.27778825198936086,2.688982999855881,-1.5199238694429722,0.75,0.07200000000000002,3.5638230559465343,-4.750917980978748,1.5471177139368364,0.7610960077195026,0.3536689284994252,0.27778825198936086,2.688982999855881,0.75,0.07200000000000002,-1.5199238694429722
scene-0757,CAM_BACK,31,0,car,0.96875,-7.699693872020614,-0.982215421108344,-0.12813505145992965,7.865994737913605,4.774861271915571,3.939797259753277,3.070324633445725,2.10380196553819,0.08618008222438603,12.745000000000005,-7.699693872020614,-0.982215421108344,-0.12813505145992965,7.865994737913605,4.774861271915571,3.939797259753277,3.070324633445725,0.08618008222438603,12.745000000000005,2.10380196553819
scene-0757,CAM_BACK,31,1,car,0.8552036285400391,-15.070299269193796,6.72418936473857,0.7523924001216087,1.8347362385525496,1.0783635434099148,0.9904005616193268,3.010121217202434,-0.6815358244892524,0.0601010101010101,0.11900000000000002,-15.070299269193796,6.72418936473857,0.7523924001216087,1.8347362385525496,1.0783635434099148,0.9904005616193268,3.010121217202434,0.0601010101010101,0.11900000000000002,-0.6815358244892524
scene-0757,CAM_BACK,31,2,car,0.8750000596046448,-18.06254846118535,4.233358306773277,1.1574175831093179,1.7160762863848045,0.7262944007698628,0.5711646029252122,1.5453347311856072,-1.2772177956466506,0.16666666666666666,0.11900000000000002,-18.06254846118535,4.233358306773277,1.1574175831093179,1.7160762863848045,0.7262944007698628,0.5711646029252122,1.5453347311856072,0.16666666666666666,0.11900000000000002,-1.2772177956466506
scene-0757,CAM_BACK,31,3,car,0.7697842121124268,-65.76259581378457,8.778313109942818,-0.7732815100153075,1.3152332545392227,1.2945927484273412,0.9813217089736785,-2.933439446129522,0.9487349129201919,0.0,0.0,-65.76259581378457,8.778313109942818,-0.7732815100153075,1.3152332545392227,1.2945927484273412,0.9813217089736785,-2.933439446129522,0.0,0.0,0.9487349129201919
scene-0757,CAM_BACK,31,4,car,0.8987342119216919,-37.7954899602274,1.8742631653634823,0.5206980151905264,4.755395964323306,2.1744637602515966,1.7295010689587509,3.1156787900860263,-0.02702925017755109,0.002840909090909091,0.05100000000000002,-37.7954899602274,1.8742631653634823,0.5206980151905264,4.755395964323306,2.1744637602515966,1.7295010689587509,3.1156787900860263,0.002840909090909091,0.05100000000000002,-0.02702925017755109
scene-0757,CAM_BACK,31,5,car,0.5747508406639099,-4.876713752900054,0.05558165952805876,-0.9301457805372189,11.076831056774438,0.9307701508238884,1.2268266775952856,1.6170016638888167,1.5874665381819457,0.0,0.0,-4.876713752900054,0.05558165952805876,-0.9301457805372189,11.076831056774438,0.9307701508238884,1.2268266775952856,1.6170016638888167,0.0,0.0,1.5874665381819457
scene-0757,CAM_BACK,31,0,construction vehicle,0.6683937907218933,-9.439250006233607,-5.639517067216942,3.5128764048289134,4.6902691257765055,2.0989928882211544,8.931534225315922,1.9814068101892643,0.9403926419997704,0.0993476998736382,8.727000000000002,-9.439250006233607,-5.639517067216942,3.5128764048289134,4.6902691257765055,2.0989928882211544,8.931534225315922,1.9814068101892643,0.0993476998736382,8.727000000000002,0.9403926419997704
scene-0757,CAM_FRONT,32,0,car,0.9609756469726562,16.25409371456771,-3.4182000755667548,1.1818389206096704,4.901362023657621,2.0809474272862474,1.594332959744054,1.4110081368351914,-0.1786295847596313,0.12074829931972789,1.9880000000000002,16.25409371456771,-3.4182000755667548,1.1818389206096704,4.901362023657621,2.0809474272862474,1.594332959744054,1.4110081368351914,0.12074829931972789,1.9880000000000002,-0.1786295847596313
scene-0757,CAM_FRONT,32,1,car,0.6717948913574219,75.65150503214177,13.34546895872448,2.8109363931739884,3.016444945059618,1.387065924708689,1.321533982651955,-2.907345102727136,-0.6262395674821661,0.0,0.0,75.65150503214177,13.34546895872448,2.8109363931739884,3.016444945059618,1.387065924708689,1.321533982651955,-2.907345102727136,0.0,0.0,-0.6262395674821661
scene-0757,CAM_FRONT,32,2,car,0.5276752710342407,5.821108268368747,2.717464533968138,0.6043554695931084,0.16552706743592926,0.15618536529738591,0.23964019148829852,2.5773808642330507,-0.5033343360844098,0.875,0.007000000000000002,5.821108268368747,2.717464533968138,0.6043554695931084,0.16552706743592926,0.15618536529738591,0.23964019148829852,2.5773808642330507,0.875,0.007000000000000002,-0.5033343360844098
scene-0757,CAM_FRONT,32,3,car,0.8947368264198303,42.18074301990458,9.694130292157492,2.1263084546418765,2.9829653279324546,1.9007371771654462,1.6144602917023143,-3.099250904157333,-0.5438037340340971,0.0,0.0,42.18074301990458,9.694130292157492,2.1263084546418765,2.9829653279324546,1.9007371771654462,1.6144602917023143,-3.099250904157333,0.0,0.0,-0.5438037340340971
scene-0757,CAM_FRONT,32,4,car,0.9452055096626282,22.951115057205765,8.998876826154431,1.293902769910969,4.509752859181488,1.9153877055225728,1.4537571763463526,1.5231855734093083,-0.32642296995152265,0.06144249512670565,0.7880000000000001,22.951115057205765,8.998876826154431,1.293902769910969,4.509752859181488,1.9153877055225728,1.4537571763463526,1.5231855734093083,0.06144249512670565,0.7880000000000001,-0.32642296995152265
scene-0757,CAM_FRONT,32,5,car,0.8987342119216919,25.98925788210068,-7.14141144797939,1.718604957580959,3.4699005758520434,1.5746107400449354,1.2560217295290588,1.3802079409763317,-0.3294774689379505,0.0125,0.09100000000000003,25.98925788210068,-7.14141144797939,1.718604957580959,3.4699005758520434,1.5746107400449354,1.2560217295290588,1.3802079409763317,0.0125,0.09100000000000003,-0.3294774689379505
scene-0757,CAM_FRONT,32,0,bicycle,0.6908212304115295,20.94273293926628,5.868975005852577,0.9660929801359027,0.9636756910786488,0.4765523130891509,0.6111655781715142,1.2537915347576558,-0.4621649173170066,0.12,0.036000000000000004,20.94273293926628,5.868975005852577,0.9660929801359027,0.9636756910786488,0.4765523130891509,0.6111655781715142,1.2537915347576558,0.12,0.036000000000000004,-0.4621649173170066
scene-0757,CAM_FRONT,32,0,bus,0.8400000333786011,68.97700345712624,9.224910280260275,3.3621683648672667,4.140144582843149,2.2475409040490244,2.4052588351299224,-3.044341962010311,-0.7117070781769392,0.0,0.0,68.97700345712624,9.224910280260275,3.3621683648672667,4.140144582843149,2.2475409040490244,2.4052588351299224,-3.044341962010311,0.0,0.0,-0.7117070781769392
scene-0757,CAM_FRONT_LEFT,32,0,car,0.8552036285400391,23.3351226999934,9.322099258250466,0.5817605558383586,4.151218987072811,1.880584786306688,1.4895390010599907,1.7551317087981384,0.40856301933667916,0.014536340852130326,0.17400000000000004,23.3351226999934,9.322099258250466,0.5817605558383586,4.151218987072811,1.880584786306688,1.4895390010599907,1.7551317087981384,0.014536340852130326,0.17400000000000004,0.40856301933667916
scene-0757,CAM_FRONT_LEFT,32,0,trailer,0.7264957427978516,3.8121496855423924,3.1439397412724683,1.4244116344477158,6.037113799950129,2.493474205421289,3.329329070637776,-2.8609776028818903,0.22799303662283688,0.16434343434343435,8.135000000000003,3.8121496855423924,3.1439397412724683,1.4244116344477158,6.037113799950129,2.493474205421289,3.329329070637776,-2.8609776028818903,0.16434343434343435,8.135000000000003,0.22799303662283688
scene-0757,CAM_FRONT_RIGHT,32,0,car,0.5661016702651978,5.850937370657356,-6.109373852949641,1.3539701648405265,1.4608782475822744,0.6755087878884858,0.512936568983501,1.1570450795855822,-1.199933639587019,0.16952380952380952,0.08900000000000002,5.850937370657356,-6.109373852949641,1.3539701648405265,1.4608782475822744,0.6755087878884858,0.512936568983501,1.1570450795855822,0.16952380952380952,0.08900000000000002,-1.199933639587019
scene-0757,CAM_FRONT_RIGHT,32,1,car,0.7264957427978516,2.6833295878724965,-4.123705654989931,1.551681663588357,0.285312503674082,0.18376315968112777,0.13883083462240786,0.9582486390519467,-1.5211427797854538,0.6666666666666666,0.004000000000000001,2.6833295878724965,-4.123705654989931,1.551681663588357,0.285312503674082,0.18376315968112777,0.13883083462240786,0.9582486390519467,0.6666666666666666,0.004000000000000001,-1.5211427797854538
scene-0757,CAM_FRONT_RIGHT,32,2,car,0.6908212304115295,4.075087656695478,-5.016188374905396,1.5804342942216407,0.976680666336863,0.23813310046580494,0.2833960211656186,2.8691661887330673,-1.5077310143498148,0.7666666666666667,0.04600000000000001,4.075087656695478,-5.016188374905396,1.5804342942216407,0.976680666336863,0.23813310046580494,0.2833960211656186,2.8691661887330673,0.7666666666666667,0.04600000000000001,-1.5077310143498148
scene-0757,CAM_BACK,32,0,car,0.9649122953414917,-8.076520616799009,-1.0581755655418263,-0.2380952498574378,8.33529745353829,5.279269241526737,4.233291704827898,3.067791803821296,2.309609404020616,0.08944132324446032,16.525000000000002,-8.076520616799009,-1.0581755655418263,-0.2380952498574378,8.33529745353829,5.279269241526737,4.233291704827898,3.067791803821296,0.08944132324446032,16.525000000000002,2.309609404020616
scene-0757,CAM_BACK,32,1,car,0.8012422323226929,-15.07292791129011,6.824143530755211,0.5566082736791781,2.0876299262327755,1.1965080559745784,1.008161056988486,3.106201304241445,-0.5295409755087266,0.10198412698412698,0.25700000000000006,-15.07292791129011,6.824143530755211,0.5566082736791781,2.0876299262327755,1.1965080559745784,1.008161056988486,3.106201304241445,0.10198412698412698,0.25700000000000006,-0.5295409755087266
scene-0757,CAM_BACK,32,2,car,0.8750000596046448,-17.17016578873587,3.9690536036668163,1.1187503695357828,1.5359412824739165,0.6629558071523647,0.5202573668573044,1.506350135370489,-1.3077300483050065,0.07809523809523809,0.04100000000000001,-17.17016578873587,3.9690536036668163,1.1187503695357828,1.5359412824739165,0.6629558071523647,0.5202573668573044,1.506350135370489,0.07809523809523809,0.04100000000000001,-1.3077300483050065
scene-0757,CAM_BACK,32,3,car,0.7500000596046448,-66.96747096956939,8.741447927981888,-0.2698800748831407,1.9395612678429046,1.6003832640518878,1.0240865523493072,3.0860171766162607,0.1407338354671266,0.0,0.0,-66.96747096956939,8.741447927981888,-0.2698800748831407,1.9395612678429046,1.6003832640518878,1.0240865523493072,3.0860171766162607,0.0,0.0,0.1407338354671266
scene-0757,CAM_BACK,32,4,car,0.8947368264198303,-37.585294860425606,1.8668703003165117,0.5447237184452042,4.387043559691691,1.9980766622193862,1.7425106506506,-3.123625963612829,-0.18053398731622372,0.0030748663101604276,0.04600000000000001,-37.585294860425606,1.8668703003165117,0.5447237184452042,4.387043559691691,1.9980766622193862,1.7425106506506,-3.123625963612829,0.0030748663101604276,0.04600000000000001,-0.18053398731622372
scene-0757,CAM_BACK,32,5,car,0.5586206912994385,-4.877276657637446,0.011525939830814137,-1.1147255116204358,11.580879846364144,0.9353308734957819,1.2434227445117028,1.593325351323186,1.7034351182674996,0.0,0.0,-4.877276657637446,0.011525939830814137,-1.1147255116204358,11.580879846364144,0.9353308734957819,1.2434227445117028,1.593325351323186,0.0,0.0,1.7034351182674996
scene-0757,CAM_BACK,32,0,construction vehicle,0.7928802371025085,-9.549158835414735,-5.70875032101553,3.3123615333987124,4.892338843651606,2.135538418003616,9.052134830382872,2.0439005688238665,1.193965866524398,0.0956118711220752,8.953000000000001,-9.549158835414735,-5.70875032101553,3.3123615333987124,4.892338843651606,2.135538418003616,9.052134830382872,2.0439005688238665,0.0956118711220752,8.953000000000001,1.193965866524398
scene-0757,CAM_FRONT,33,0,car,0.9649122953414917,15.63052273681772,-7.166882167546775,1.1215054361916112,4.569524336264514,2.1161341027066722,1.5067916714369483,1.4478055052517456,-0.15866573326656364,0.10448585231193927,1.5140000000000005,15.63052273681772,-7.166882167546775,1.1215054361916112,4.569524336264514,2.1161341027066722,1.5067916714369483,1.4478055052517456,0.10448585231193927,1.5140000000000005,-0.15866573326656364
scene-0757,CAM_FRONT,33,1,car,0.5345454812049866,5.824298673771275,2.7245662575076524,0.6041885591015808,0.1863873423764879,0.17222573789499673,0.2606238051536005,3.0215489077116593,-0.5118906661196978,0.3333333333333333,0.004000000000000001,5.824298673771275,2.7245662575076524,0.6041885591015808,0.1863873423764879,0.17222573789499673,0.2606238051536005,3.0215489077116593,0.3333333333333333,0.004000000000000001,-0.5118906661196978
scene-0757,CAM_FRONT,33,2,car,0.9024390578269958,46.533730223787,10.801471665794164,2.2304991992831606,3.682825853633169,2.0081073772484377,1.6776052795973049,-3.036089270033833,-0.8704735508518482,0.0004769475357710652,0.006000000000000002,46.533730223787,10.801471665794164,2.2304991992831606,3.682825853633169,2.0081073772484377,1.6776052795973049,-3.036089270033833,0.0004769475357710652,0.006000000000000002,-0.8704735508518482
scene-0757,CAM_FRONT,33,3,car,0.949367105960846,23.51221798910925,12.517285907773205,1.2665312234955237,4.619906272660556,1.8522490137108818,1.467591630329434,1.60789964467102,-0.34369671442592997,0.03135011441647597,0.4110000000000001,23.51221798910925,12.517285907773205,1.2665312234955237,4.619906272660556,1.8522490137108818,1.467591630329434,1.60789964467102,0.03135011441647597,0.4110000000000001,-0.34369671442592997
scene-0757,CAM_FRONT,33,4,car,0.6444444060325623,77.63252406370191,14.946353695807499,1.5686112477305603,1.2961905027657252,0.7324980206612511,0.7863244734747112,-2.9529948775288646,-0.08694398131485981,0.0,0.0,77.63252406370191,14.946353695807499,1.5686112477305603,1.2961905027657252,0.7324980206612511,0.7863244734747112,-2.9529948775288646,0.0,0.0,-0.08694398131485981
scene-0757,CAM_FRONT,33,5,car,0.96875,21.207367574523268,-0.04863912305226206,1.3346944463345398,5.017864543226426,2.06121257138334,1.5542673987296587,1.4551746591100625,-0.18146175652934182,0.03857142857142857,0.6480000000000001,21.207367574523268,-0.04863912305226206,1.3346944463345398,5.017864543226426,2.06121257138334,1.5542673987296587,1.4551746591100625,0.03857142857142857,0.6480000000000001,-0.18146175652934182
scene-0757,CAM_FRONT,33,6,car,0.7655677795410156,77.22500584159303,13.72320646595956,2.913447560047696,3.0146695760156774,1.4778296148674945,1.490272897721228,-2.9295849530811013,-1.1361677567711883,0.0,0.0,77.22500584159303,13.72320646595956,2.913447560047696,3.0146695760156774,1.4778296148674945,1.490272897721228,-2.9295849530811013,0.0,0.0,-1.1361677567711883
scene-0757,CAM_FRONT,33,0,bicycle,0.7387754917144775,28.0969773186012,10.735905841125811,1.007680691916466,1.4786258142389368,0.7515480128115435,0.9454585748658539,1.609539084674616,-0.20895560160420557,0.08796296296296297,0.09500000000000003,28.0969773186012,10.735905841125811,1.007680691916466,1.4786258142389368,0.7515480128115435,0.9454585748658539,1.609539084674616,0.08796296296296297,0.09500000000000003,-0.20895560160420557
scene-0757,CAM_FRONT,33,0,bus,0.8672199249267578,76.75160050832608,10.649564441958999,3.339020032607898,4.247062597112361,2.3390515443287856,2.4720580830581484,-3.0508521793887047,-1.0710898699392972,0.0,0.0,76.75160050832608,10.649564441958999,3.339020032607898,4.247062597112361,2.3390515443287856,2.4720580830581484,-3.0508521793887047,0.0,0.0,-1.0710898699392972
scene-0757,CAM_FRONT_LEFT,33,0,car,0.8865247964859009,23.948571216479625,12.033297527563732,0.8983063395088392,4.839130096122519,2.0711909739441907,1.6299250747429952,1.344093044266329,0.15481382782939423,0.03391617063492063,0.547,23.948571216479625,12.033297527563732,0.8983063395088392,4.839130096122519,2.0711909739441907,1.6299250747429952,1.344093044266329,0.03391617063492063,0.547,0.15481382782939423
scene-0757,CAM_FRONT_LEFT,33,0,trailer,0.6952381134033203,3.807790761977734,3.097590009822377,1.4172188866619984,6.011506120936673,2.6945547736121407,3.418832877931425,-2.850368652749879,0.3379357725185579,0.17723311546840959,9.762000000000002,3.807790761977734,3.097590009822377,1.4172188866619984,6.011506120936673,2.6945547736121407,3.418832877931425,-2.850368652749879,0.17723311546840959,9.762000000000002,0.3379357725185579
scene-0757,CAM_FRONT_RIGHT,33,0,car,0.6521739363670349,12.788146844225333,-21.305246822960733,1.3848585187692883,3.1326630840731884,1.5003018627724423,1.0598443590392055,1.176577967610543,-0.44044575869090874,0.020332355816226784,0.10400000000000002,12.788146844225333,-21.305246822960733,1.3848585187692883,3.1326630840731884,1.5003018627724423,1.0598443590392055,1.176577967610543,0.020332355816226784,0.10400000000000002,-0.44044575869090874
scene-0757,CAM_FRONT_RIGHT,33,1,car,0.949367105960846,15.346592600217473,-7.876415760038431,1.1045532624399623,3.8877204131648604,1.769823336839158,1.3340971079336983,1.3124150163431139,-0.2494938817662269,0.09062020600482139,0.8270000000000003,15.346592600217473,-7.876415760038431,1.1045532624399623,3.8877204131648604,1.769823336839158,1.3340971079336983,1.3124150163431139,0.09062020600482139,0.8270000000000003,-0.2494938817662269
scene-0757,CAM_FRONT_RIGHT,33,2,car,0.7852349281311035,2.834971938675352,-4.217263168689263,1.5433116968651805,0.3975174505259318,0.242222789456072,0.1770275329174722,1.0441056230902344,-1.498381994055622,0.875,0.014000000000000004,2.834971938675352,-4.217263168689263,1.5433116968651805,0.3975174505259318,0.242222789456072,0.1770275329174722,1.0441056230902344,0.875,0.014000000000000004,-1.498381994055622
scene-0757,CAM_BACK,33,0,car,0.96875,-7.965698615975915,-1.0522405311405898,-0.2506872290149207,8.175368080837574,4.972130002538938,4.1079255865564,3.0569385637198145,2.3782850267539324,0.0805116002379536,13.534000000000004,-7.965698615975915,-1.0522405311405898,-0.2506872290149207,8.175368080837574,4.972130002538938,4.1079255865564,3.0569385637198145,0.0805116002379536,13.534000000000004,2.3782850267539324
scene-0757,CAM_BACK,33,1,car,0.8518518805503845,-15.090604950169823,6.8574725700009775,0.6079885368850969,2.075286963050962,1.1953371165701103,0.9728392192352084,3.087101188688531,-0.5746184379848847,0.11388888888888889,0.28700000000000003,-15.090604950169823,6.8574725700009775,0.6079885368850969,2.075286963050962,1.1953371165701103,0.9728392192352084,3.087101188688531,0.11388888888888889,0.28700000000000003,-0.5746184379848847
scene-0757,CAM_BACK,33,2,car,0.8750000596046448,-22.22875577268981,5.362729954233231,1.001722474036185,2.3165604537058435,1.0074318200406829,0.77851882739037,1.45624310586094,-1.0978518161393398,0.042391304347826085,0.07800000000000001,-22.22875577268981,5.362729954233231,1.001722474036185,2.3165604537058435,1.0074318200406829,0.77851882739037,1.45624310586094,0.042391304347826085,0.07800000000000001,-1.0978518161393398
scene-0757,CAM_BACK,33,3,car,0.8083832263946533,-62.68301286007705,8.038837615675739,-0.5393290183621813,1.6310742568995735,1.5487535565966226,0.5738767745452811,-3.092929891968717,0.366753175145091,0.0,0.0,-62.68301286007705,8.038837615675739,-0.5393290183621813,1.6310742568995735,1.5487535565966226,0.5738767745452811,-3.092929891968717,0.0,0.0,0.366753175145091
scene-0757,CAM_BACK,33,4,car,0.8987342119216919,-37.093884003555935,1.9039800518080714,0.6120605261020677,4.322314803839937,2.00641467249012,1.6181656543435032,3.136824972540195,-0.19171752322536006,0.003197674418604651,0.04400000000000001,-37.093884003555935,1.9039800518080714,0.6120605261020677,4.322314803839937,2.00641467249012,1.6181656543435032,3.136824972540195,0.003197674418604651,0.04400000000000001,-0.19171752322536006
scene-0757,CAM_BACK,33,5,car,0.5395683646202087,-1.62853163808239,-0.04965368379855527,0.41665801347389675,4.462789220539278,0.31656195530908215,0.4838920631729138,1.5753086962830642,-0.1316743698962728,0.1259259259259259,0.085,-1.62853163808239,-0.04965368379855527,0.41665801347389675,4.462789220539278,0.31656195530908215,0.4838920631729138,1.5753086962830642,0.1259259259259259,0.085,-0.1316743698962728
scene-0757,CAM_BACK,33,0,construction vehicle,0.719298243522644,-9.504339813334477,-5.6502848348893195,3.530890938358722,4.723733722890664,2.2966657355842592,8.918585652151304,1.9449173788358591,0.905103398787062,0.09788065565591576,9.417000000000002,-9.504339813334477,-5.6502848348893195,3.530890938358722,4.723733722890664,2.2966657355842592,8.918585652151304,1.9449173788358591,0.09788065565591576,9.417000000000002,0.905103398787062
scene-0757,CAM_FRONT,34,0,car,0.9609756469726562,22.015640741152346,4.026384565191397,1.3385478590097057,5.120538567436503,2.185203299079223,1.543122630212143,1.4573874668662032,-0.32712855733422963,0.028817587641117054,0.48500000000000015,22.015640741152346,4.026384565191397,1.3385478590097057,5.120538567436503,2.185203299079223,1.543122630212143,1.4573874668662032,0.028817587641117054,0.48500000000000015,-0.32712855733422963
scene-0757,CAM_FRONT,34,1,car,0.7064220309257507,54.31858388122699,12.876759211719214,2.6203618169646763,4.067113595858089,2.3442940248247197,2.0280180066128306,1.301693680304222,-0.7933130935998198,0.0,0.0,54.31858388122699,12.876759211719214,2.6203618169646763,4.067113595858089,2.3442940248247197,2.0280180066128306,1.301693680304222,0.0,0.0,-0.7933130935998198
scene-0757,CAM_FRONT,34,2,car,0.9101123809814453,25.383441394052152,15.896609468586746,1.2699363967331045,3.428377946273148,1.454247818573526,1.1398862600983999,0.987191126245802,-0.3398413201392574,0.0032085561497326204,0.018000000000000006,25.383441394052152,15.896609468586746,1.2699363967331045,3.428377946273148,1.454247818573526,1.1398862600983999,0.987191126245802,0.0032085561497326204,0.018000000000000006,-0.3398413201392574
scene-0757,CAM_FRONT,34,3,car,0.5661016702651978,5.706483787377323,2.657633827255583,0.6488954137562093,0.1299448673313659,0.12013818649875427,0.20964047628116333,-2.7170242943772642,-0.5834779063785862,1.0,0.0020000000000000005,5.706483787377323,2.657633827255583,0.6488954137562093,0.1299448673313659,0.12013818649875427,0.20964047628116333,-2.7170242943772642,1.0,0.0020000000000000005,-0.5834779063785862
scene-0757,CAM_FRONT,34,0,bicycle,0.8241757750511169,29.824192377372682,13.607083961318226,1.0766880351788093,1.6453360402102533,0.8189501307108316,1.052367516037092,1.3245924666541433,0.004690279552840959,0.017045454545454544,0.024000000000000004,29.769885958051272,13.615308368167327,1.2849170305948348,1.6210704524257995,1.0142178597568865,1.4799553348152266,1.4980169320079846,0.016666666666666666,0.04000000000000001,0.010255193525882778
scene-0757,CAM_FRONT,34,0,bus,0.604938268661499,81.34846018635851,11.335991603515376,3.900194471773476,3.5889768906771167,2.310796898236074,2.135499892929837,-3.1163955625898083,-1.4776266580295045,0.0,0.0,81.34846018635851,11.335991603515376,3.900194471773476,3.5889768906771167,2.310796898236074,2.135499892929837,-3.1163955625898083,0.0,0.0,-1.4776266580295045
scene-0757,CAM_FRONT_LEFT,34,0,bicycle,0.8048780560493469,29.798859119514542,13.49368161400677,0.7534226007034437,1.5443728122551077,0.7398710211547588,0.9430322028880473,2.1852033220592726,0.19875662148719253,0.015873015873015872,0.015000000000000001,29.798859119514542,13.49368161400677,0.7534226007034437,1.5443728122551077,0.7398710211547588,0.9430322028880473,2.1852033220592726,0.015873015873015872,0.015000000000000001,0.19875662148719253
scene-0757,CAM_FRONT_LEFT,34,0,trailer,0.5775577425956726,3.8277174020202005,3.1743638485516343,1.442683663152111,5.818876997225393,2.5275717830831073,3.1876440483940622,-2.852328583170849,0.204048063107527,0.16377155172413793,7.599000000000002,3.8277174020202005,3.1743638485516343,1.442683663152111,5.818876997225393,2.5275717830831073,3.1876440483940622,-2.852328583170849,0.16377155172413793,7.599000000000002,0.204048063107527
scene-0757,CAM_FRONT_RIGHT,34,0,car,0.949367105960846,14.949927848560636,-11.27140919680362,1.2675857712564098,4.72054361219576,2.176574179396747,1.5293730307472921,1.373062534296961,-0.2585533524861573,0.07034171502256609,1.0910000000000002,14.949927848560636,-11.27140919680362,1.2675857712564098,4.72054361219576,2.176574179396747,1.5293730307472921,1.373062534296961,0.07034171502256609,1.0910000000000002,-0.2585533524861573
scene-0757,CAM_FRONT_RIGHT,34,1,car,0.6132930517196655,20.326922551087463,-19.13816749360988,1.592781384672858,1.9231538745893673,1.2264382415847521,0.6205209184912588,-2.6957179589109765,-0.47987393083646923,0.012426900584795321,0.017000000000000005,20.326922551087463,-19.13816749360988,1.592781384672858,1.9231538745893673,1.2264382415847521,0.6205209184912588,-2.6957179589109765,0.012426900584795321,0.017000000000000005,-0.47987393083646923
scene-0757,CAM_FRONT_RIGHT,34,2,car,0.859649121761322,3.2894432563214435,-4.491023907067874,1.4986324299738927,0.5890475228599139,0.27220417237613503,0.20859869218860183,1.0669113158123182,-1.4218495681401508,0.7222222222222222,0.02600000000000001,3.2894432563214435,-4.491023907067874,1.4986324299738927,0.5890475228599139,0.27220417237613503,0.20859869218860183,1.0669113158123182,0.7222222222222222,0.02600000000000001,-1.4218495681401508
scene-0757,CAM_FRONT_RIGHT,34,3,car,0.6246334314346313,2.822444900530155,-4.368533584286387,1.3473654532514399,0.2714777919612752,0.21582482338094433,0.13727672238161426,1.4292064346563302,-1.3227008359761907,1.0,0.006000000000000002,2.822444900530155,-4.368533584286387,1.3473654532514399,0.2714777919612752,0.21582482338094433,0.13727672238161426,1.4292064346563302,1.0,0.006000000000000002,-1.3227008359761907
scene-0757,CAM_BACK,34,0,car,0.96875,-8.224806418216666,-1.0758686061950906,-0.24568423502309433,8.3659020759825,5.033522677489519,4.190438731627818,3.0558267107487858,2.379293626333486,0.078781179138322,13.897000000000004,-8.224806418216666,-1.0758686061950906,-0.24568423502309433,8.3659020759825,5.033522677489519,4.190438731627818,3.0558267107487858,0.078781179138322,13.897000000000004,2.379293626333486
scene-0757,CAM_BACK,34,1,car,0.8827838897705078,-15.075764514520415,6.83291385294642,0.60914173322261,1.9456266349108002,1.1537408533060294,0.9471604356277699,-3.0940560503657726,-0.6104808047592347,0.12816764132553607,0.26300000000000007,-15.075764514520415,6.83291385294642,0.60914173322261,1.9456266349108002,1.1537408533060294,0.9471604356277699,-3.0940560503657726,0.12816764132553607,0.26300000000000007,-0.6104808047592347
scene-0757,CAM_BACK,34,2,car,0.8750000596046448,-17.896667501231615,4.192625014385404,1.1608902757494992,1.7056408066620037,0.7240770848796814,0.5651003038731776,1.5362033474030157,-1.2829178558990921,0.15406162464985995,0.11000000000000003,-17.896667501231615,4.192625014385404,1.1608902757494992,1.7056408066620037,0.7240770848796814,0.5651003038731776,1.5362033474030157,0.15406162464985995,0.11000000000000003,-1.2829178558990921
scene-0757,CAM_BACK,34,3,car,0.7815700173377991,-62.736505137045654,8.241577517575342,-0.3597700587619349,1.9009730254557908,1.3760822307443237,0.720146658410733,3.021041840066838,0.43513879216308693,0.0,0.0,-62.736505137045654,8.241577517575342,-0.3597700587619349,1.9009730254557908,1.3760822307443237,0.720146658410733,3.021041840066838,0.0,0.0,0.43513879216308693
scene-0757,CAM_BACK,34,4,car,0.8987342119216919,-36.30637579463216,1.8962192378320806,0.5727896540071421,4.53648101355504,2.0857080406443558,1.697177814738011,3.11973935529447,-0.03962182126696656,0.002925614690320573,0.047000000000000014,-36.30637579463216,1.8962192378320806,0.5727896540071421,4.53648101355504,2.0857080406443558,1.697177814738011,3.11973935529447,0.002925614690320573,0.047000000000000014,-0.03962182126696656
scene-0757,CAM_BACK,34,5,car,0.5345454812049866,-1.4603825400687291,-0.020306434649120804,0.47658300564822154,3.9863296546753726,0.43633483281135077,0.4120867791685472,1.575095870743495,0.19986325053799603,0.0796875,0.051000000000000004,-1.4603825400687291,-0.020306434649120804,0.47658300564822154,3.9863296546753726,0.43633483281135077,0.4120867791685472,1.575095870743495,0.0796875,0.051000000000000004,0.19986325053799603
scene-0757,CAM_BACK,34,0,construction vehicle,0.7697842121124268,-9.266445107583557,-5.661023708689087,3.6982756712806872,4.648029187505582,2.272763196736383,9.269036040874635,1.9173740562663795,0.9247720313160541,0.10130699026363396,9.968000000000002,-9.266445107583557,-5.661023708689087,3.6982756712806872,4.648029187505582,2.272763196736383,9.269036040874635,1.9173740562663795,0.10130699026363396,9.968000000000002,0.9247720313160541
scene-0757,CAM_FRONT,35,0,car,0.8987342119216919,43.651183634143386,10.115022772992223,2.1242898223219413,3.482587869929361,1.9892793563868443,1.6207992547040964,-3.035928509376544,-0.5612020850951678,0.0,0.0,43.651183634143386,10.115022772992223,2.1242898223219413,3.482587869929361,1.9892793563868443,1.6207992547040964,-3.035928509376544,0.0,0.0,-0.5612020850951678
scene-0757,CAM_FRONT,35,1,car,0.6167664527893066,5.72293411652786,2.654190340333762,0.6438105176339664,0.1345817816223014,0.12561480785330303,0.206140285809843,2.313258670566272,-0.5677492509335356,1.0,0.0020000000000000005,5.72293411652786,2.654190340333762,0.6438105176339664,0.1345817816223014,0.12561480785330303,0.206140285809843,2.313258670566272,1.0,0.0020000000000000005,-0.5677492509335356
scene-0757,CAM_FRONT,35,2,car,0.9532163739204407,22.660999784522907,7.953613164335842,1.3121823403824382,4.824262577067502,2.03895491286503,1.4631243456173149,1.5043885385096003,-0.3202069977129409,0.07111111111111111,1.0240000000000002,22.660999784522907,7.953613164335842,1.3121823403824382,4.824262577067502,2.03895491286503,1.4631243456173149,1.5043885385096003,0.07111111111111111,1.0240000000000002,-0.3202069977129409
scene-0757,CAM_FRONT,35,3,car,0.6012461185455322,64.42704198876045,12.460912688874975,1.5053764598707065,0.7858876072598093,0.6786762167862541,1.0859733989515068,3.1371370770259936,0.1803047128716485,0.0,0.0,64.42704198876045,12.460912688874975,1.5053764598707065,0.7858876072598093,0.6786762167862541,1.0859733989515068,3.1371370770259936,0.0,0.0,0.1803047128716485
scene-0757,CAM_FRONT,35,4,car,0.827957034111023,65.27909955042384,11.4476265118752,2.6586908819732527,3.063502351379711,1.4251915431054976,1.341842011954988,-2.9302918555607933,-0.8053082566186225,0.0,0.0,65.27909955042384,11.4476265118752,2.6586908819732527,3.063502351379711,1.4251915431054976,1.341842011954988,-2.9302918555607933,0.0,0.0,-0.8053082566186225
scene-0757,CAM_FRONT,35,5,car,0.518796980381012,73.85246152244079,8.926496101773512,2.181824203917912,0.9680644109593004,0.5493514021418373,0.6236029229856053,-3.054017500952956,-0.4514779731380001,0.0,0.0,73.85246152244079,8.926496101773512,2.181824203917912,0.9680644109593004,0.5493514021418373,0.6236029229856053,-3.054017500952956,0.0,0.0,-0.4514779731380001
scene-0757,CAM_FRONT,35,0,bicycle,0.5897435545921326,30.224233659259742,15.779546144913802,0.9371577617398877,1.452123801472174,0.37863405384685933,0.9291211362475955,1.974124961593326,-0.039580684798417254,0.025925925925925925,0.014000000000000004,30.294241074280727,16.102520005254405,1.0097496416943454,2.026661576795119,0.8047682944498113,1.1905571006687194,1.7196858576387568,0.01875,0.036000000000000004,0.018545417457687008
scene-0757,CAM_FRONT,35,0,bus,0.8476190567016602,74.48369148063118,10.682907766291812,3.323270072936266,3.8019097655812146,2.1647772053204166,2.0154401428170847,-3.0662117151490844,-0.9220013937014908,0.0,0.0,74.48369148063118,10.682907766291812,3.323270072936266,3.8019097655812146,2.1647772053204166,2.0154401428170847,-3.0662117151490844,0.0,0.0,-0.9220013937014908
scene-0757,CAM_FRONT_LEFT,35,0,car,0.8476190567016602,23.053673732745406,7.884432897579235,-0.2619208850035072,3.3928058308101114,1.7872194082694186,1.1319613464261369,2.2637963432010295,1.1560443800053635,0.0,0.0,23.053673732745406,7.884432897579235,-0.2619208850035072,3.3928058308101114,1.7872194082694186,1.1319613464261369,2.2637963432010295,0.0,0.0,1.1560443800053635
scene-0757,CAM_FRONT_LEFT,35,0,bicycle,0.6289855241775513,30.017153432864685,15.3711474976366,0.1925784762947812,1.1702203023100957,0.7006025597966286,1.2132755753649411,2.3225685210234,0.8790723981834963,0.012896825396825396,0.013000000000000003,30.017153432864685,15.3711474976366,0.1925784762947812,1.1702203023100957,0.7006025597966286,1.2132755753649411,2.3225685210234,0.012896825396825396,0.013000000000000003,0.8790723981834963
scene-0757,CAM_FRONT_LEFT,35,0,trailer,0.6521739363670349,3.833939345678687,3.098396421825825,1.387788074097782,5.901366244589522,2.4040849121415415,3.2389590153057557,-2.8729121242047504,0.21878999329230142,0.1772157485875706,8.030000000000001,3.833939345678687,3.098396421825825,1.387788074097782,5.901366244589522,2.4040849121415415,3.2389590153057557,-2.8729121242047504,0.1772157485875706,8.030000000000001,0.21878999329230142
scene-0757,CAM_FRONT_RIGHT,35,0,car,0.8128654956817627,2.863938819370921,-4.281629697234776,1.513182055217956,0.5276817011946049,0.25526242853808334,0.18772742018036292,1.2263946229102196,-1.4599481641633045,0.9,0.027000000000000007,2.863938819370921,-4.281629697234776,1.513182055217956,0.5276817011946049,0.25526242853808334,0.18772742018036292,1.2263946229102196,0.9,0.027000000000000007,-1.4599481641633045
scene-0757,CAM_FRONT_RIGHT,35,1,car,0.7852349281311035,17.33968666823162,-16.187571073247117,0.9476806768171715,3.2178065381339116,2.04220090801347,1.5872498838508635,-2.466218447819723,0.2943323647786704,0.0025390625,0.026000000000000006,17.33968666823162,-16.187571073247117,0.9476806768171715,3.2178065381339116,2.04220090801347,1.5872498838508635,-2.466218447819723,0.0025390625,0.026000000000000006,0.2943323647786704
scene-0757,CAM_FRONT_RIGHT,35,2,car,0.9024390578269958,18.112234030883087,-14.961030318252273,1.4985484095834318,4.35639660169566,2.1489178226593744,1.7786576776565615,1.2114133813670402,-0.15080734074035007,0.026635401635401637,0.44300000000000017,18.112234030883087,-14.961030318252273,1.4985484095834318,4.35639660169566,2.1489178226593744,1.7786576776565615,1.2114133813670402,0.026635401635401637,0.44300000000000017,-0.15080734074035007
scene-0757,CAM_FRONT_RIGHT,35,3,car,0.8518518805503845,3.3940799468462624,-4.4840533108017135,1.5558021934942339,0.5057935413258225,0.3204479270658771,0.2380555602170631,-2.473921571581128,-1.4810394750026,0.6,0.018000000000000002,3.3940799468462624,-4.4840533108017135,1.5558021934942339,0.5057935413258225,0.3204479270658771,0.2380555602170631,-2.473921571581128,0.6,0.018000000000000002,-1.4810394750026
scene-0757,CAM_BACK,35,0,car,0.96875,-7.954558482520005,-1.000605525048501,-0.21099335317869405,8.106003615278699,5.075677231884524,4.093128549894263,3.0723600028684044,2.2457602446982055,0.08300122216908444,14.058000000000003,-7.954558482520005,-1.000605525048501,-0.21099335317869405,8.106003615278699,5.075677231884524,4.093128549894263,3.0723600028684044,0.08300122216908444,14.058000000000003,2.2457602446982055
scene-0757,CAM_BACK,35,1,car,0.8552036285400391,-15.046436879006711,6.774777462782138,0.6912148892523563,1.8359480423821726,1.0634280869015988,0.9616594415139879,3.054889086649298,-0.6572317132379466,0.08383838383838384,0.16600000000000004,-15.046436879006711,6.774777462782138,0.6912148892523563,1.8359480423821726,1.0634280869015988,0.9616594415139879,3.054889086649298,0.08383838383838384,0.16600000000000004,-0.6572317132379466
scene-0757,CAM_BACK,35,2,car,0.8750000596046448,-16.976754299250707,3.935000575048301,1.1060037882253375,1.5673655988959188,0.6713978173306785,0.521362961892017,1.5029928236132724,-1.2708182298447892,0.06785714285714285,0.038000000000000006,-16.976754299250707,3.935000575048301,1.1060037882253375,1.5673655988959188,0.6713978173306785,0.521362961892017,1.5029928236132724,0.06785714285714285,0.038000000000000006,-1.2708182298447892
scene-0757,CAM_BACK,35,3,car,0.7928802371025085,-63.35908857995217,8.553887500480576,-0.6518833552321269,1.2288279545813197,1.2284570366220713,0.9515658044366992,2.5512392930685612,0.8010621295665654,0.0,0.0,-63.35908857995217,8.553887500480576,-0.6518833552321269,1.2288279545813197,1.2284570366220713,0.9515658044366992,2.5512392930685612,0.0,0.0,0.8010621295665654
scene-0757,CAM_BACK,35,4,car,0.9024390578269958,-37.534133752557715,1.8797719972933726,0.654447435456607,4.429001325314971,2.04929613374167,1.706048236473642,3.1322040206664297,-0.2520579755564254,0.0030080213903743314,0.04500000000000001,-37.534133752557715,1.8797719972933726,0.654447435456607,4.429001325314971,2.04929613374167,1.706048236473642,3.1322040206664297,0.0030080213903743314,0.04500000000000001,-0.2520579755564254
scene-0757,CAM_BACK,35,5,car,0.604938268661499,-1.871299231581063,-0.02560993054268234,0.48388868051586914,4.366527532476624,0.3094596530114093,0.5383928021328931,1.5798577079929246,-0.2713920024547174,0.11969696969696969,0.07900000000000001,-1.871299231581063,-0.02560993054268234,0.48388868051586914,4.366527532476624,0.3094596530114093,0.5383928021328931,1.5798577079929246,0.11969696969696969,0.07900000000000001,-0.2713920024547174
scene-0757,CAM_BACK,35,0,construction vehicle,0.7460317611694336,-9.417355598832133,-5.566558788939555,3.7368870714886793,4.750157964996633,1.9006172561750443,9.126969541097072,2.328022007171606,0.8232897753852733,0.09425004819741661,7.822000000000001,-9.417355598832133,-5.566558788939555,3.7368870714886793,4.750157964996633,1.9006172561750443,9.126969541097072,2.328022007171606,0.09425004819741661,7.822000000000001,0.8232897753852733
scene-0757,CAM_FRONT,36,0,car,0.6878048777580261,5.727192867630487,2.647649485448295,0.638421591698602,0.13768124093349798,0.12946896446331557,0.21117070498138146,2.23452196775554,-0.5478805856596707,1.0,0.0020000000000000005,5.727192867630487,2.647649485448295,0.638421591698602,0.13768124093349798,0.12946896446331557,0.21117070498138146,2.23452196775554,1.0,0.0020000000000000005,-0.5478805856596707
scene-0757,CAM_FRONT,36,1,car,0.9298245906829834,19.102304741861698,-11.714850899364208,0.7215817216983897,4.055350907885062,2.321276544072049,1.778666381293002,-2.4725256992479805,0.6048435943639132,0.029103334511605985,0.4940000000000001,19.102304741861698,-11.714850899364208,0.7215817216983897,4.055350907885062,2.321276544072049,1.778666381293002,-2.4725256992479805,0.029103334511605985,0.4940000000000001,0.6048435943639132
scene-0757,CAM_FRONT,36,2,car,0.6483516097068787,87.67678060952124,16.835203889510222,3.2488190955540945,1.5319445841385715,0.9342431589001485,0.6845384013974396,-2.707378714028912,-0.9674967170218176,0.0,0.0,87.67678060952124,16.835203889510222,3.2488190955540945,1.5319445841385715,0.9342431589001485,0.6845384013974396,-2.707378714028912,0.0,0.0,-0.9674967170218176
scene-0757,CAM_FRONT,36,3,car,0.9064327478408813,47.828974212177684,11.078277212538811,2.1959323620973814,3.428353490615656,2.008222855341101,1.813915755002155,-3.06533269366579,-0.3752210942841092,8.169934640522875e-05,0.0010000000000000002,47.828974212177684,11.078277212538811,2.1959323620973814,3.428353490615656,2.008222855341101,1.813915755002155,-3.06533269366579,8.169934640522875e-05,0.0010000000000000002,-0.3752210942841092
scene-0757,CAM_FRONT,36,4,car,0.9569892287254333,23.22466084845874,11.697525832984638,1.2269265504973574,4.78963582349118,2.0208022124089347,1.446389907733642,1.5864118478674514,-0.2268830420193304,0.029613095238095237,0.3980000000000001,23.22466084845874,11.697525832984638,1.2269265504973574,4.78963582349118,2.0208022124089347,1.446389907733642,1.5864118478674514,0.029613095238095237,0.3980000000000001,-0.2268830420193304
scene-0757,CAM_FRONT,36,5,car,0.719298243522644,77.53676756244693,9.437833044863103,1.3136996809180215,0.8282282694478056,0.6139071789201243,1.1335957380812958,3.140203295355915,0.9358406645859443,0.0,0.0,77.53676756244693,9.437833044863103,1.3136996809180215,0.8282282694478056,0.6139071789201243,1.1335957380812958,3.140203295355915,0.0,0.0,0.9358406645859443
scene-0757,CAM_FRONT,36,6,car,0.8632478713989258,63.56042717297781,11.012288122408084,2.7934709206732795,3.4367783749036818,1.6617647015417576,1.743414646699075,-2.992588133751797,-0.611240325763073,0.0,0.0,63.56042717297781,11.012288122408084,2.7934709206732795,3.4367783749036818,1.6617647015417576,1.743414646699075,-2.992588133751797,0.0,0.0,-0.611240325763073
scene-0757,CAM_FRONT,36,0,bus,0.7928802371025085,78.34264204964059,11.413688149409902,3.549553797482634,3.7575108507841293,2.180299097388797,1.997335125794839,-3.061057874755461,-0.858631214443613,0.0,0.0,78.34264204964059,11.413688149409902,3.549553797482634,3.7575108507841293,2.180299097388797,1.997335125794839,-3.061057874755461,0.0,0.0,-0.858631214443613
scene-0757,CAM_FRONT_LEFT,36,0,car,0.9024390578269958,23.585064179541863,11.129396404593084,0.8280172013017303,4.815435289806217,2.064482779637842,1.6381709588720794,1.3435416938794351,0.23089032310291446,0.038256448412698416,0.6170000000000002,23.585064179541863,11.129396404593084,0.8280172013017303,4.815435289806217,2.064482779637842,1.6381709588720794,1.3435416938794351,0.038256448412698416,0.6170000000000002,0.23089032310291446
scene-0757,CAM_FRONT_LEFT,36,0,trailer,0.6167664527893066,3.8663765267556895,3.039475572136377,1.3884131675291824,5.976887074686276,2.550404634861988,3.2743425269528323,-2.882855511679886,0.2251131717834154,0.19401709401709402,9.988000000000003,3.8663765267556895,3.039475572136377,1.3884131675291824,5.976887074686276,2.550404634861988,3.2743425269528323,-2.882855511679886,0.19401709401709402,9.988000000000003,0.2251131717834154
scene-0757,CAM_FRONT_RIGHT,36,0,car,0.5897435545921326,4.478861465829435,-5.259666530557861,1.5215090270153093,0.4584563560066703,0.206116327163401,0.16953827236744656,-2.5361229507148,-1.4552115155338012,0.35,0.007000000000000001,4.478861465829435,-5.259666530557861,1.5215090270153093,0.4584563560066703,0.206116327163401,0.16953827236744656,-2.5361229507148,0.35,0.007000000000000001,-1.4552115155338012
scene-0757,CAM_FRONT_RIGHT,36,1,car,0.8324607610702515,3.9340638333650517,-8.742548191023497,1.473583945123094,0.4639298556612772,0.2794151711112729,0.24647941676618879,1.4032473931291458,-1.5401738395775624,0.26666666666666666,0.008000000000000002,3.9340638333650517,-8.742548191023497,1.473583945123094,0.4639298556612772,0.2794151711112729,0.24647941676618879,1.4032473931291458,0.26666666666666666,0.008000000000000002,-1.5401738395775624
scene-0757,CAM_FRONT_RIGHT,36,2,car,0.8552036285400391,3.847424093240988,-4.8889345391901,1.5619057691357863,0.4853601695311345,0.311440456412055,0.2560473082497059,-2.9394968629198672,-1.4486394837245506,0.7555555555555555,0.03400000000000001,3.847424093240988,-4.8889345391901,1.5619057691357863,0.4853601695311345,0.311440456412055,0.2560473082497059,-2.9394968629198672,0.7555555555555555,0.03400000000000001,-1.4486394837245506
scene-0757,CAM_FRONT_RIGHT,36,0,truck,0.5631399154663086,18.22278269422193,-12.20754883890839,1.6036859797420329,5.627144701142199,2.4001118841778606,1.8679137645486952,1.0651101520065698,-0.19873861847522312,0.08963815789473684,2.289,18.22278269422193,-12.20754883890839,1.6036859797420329,5.627144701142199,2.4001118841778606,1.8679137645486952,1.0651101520065698,0.08963815789473684,2.289,-0.19873861847522312
scene-0757,CAM_BACK,36,0,car,0.9609756469726562,-8.251533171947287,-1.0796175113664783,-0.23589072419319912,8.479436363326492,5.338696689619822,4.237098134879494,3.0755875966450352,2.354612846268471,0.0879076158765393,16.633000000000003,-8.251533171947287,-1.0796175113664783,-0.23589072419319912,8.479436363326492,5.338696689619822,4.237098134879494,3.0755875966450352,0.0879076158765393,16.633000000000003,2.354612846268471
scene-0757,CAM_BACK,36,1,car,0.8358974456787109,-15.031762361588536,6.8106843383502484,0.6234336969271271,2.0178898939905316,1.16690959655745,0.9389202264729277,3.0791227245444444,-0.6289144499225816,0.08888888888888889,0.19200000000000006,-15.031762361588536,6.8106843383502484,0.6234336969271271,2.0178898939905316,1.16690959655745,0.9389202264729277,3.0791227245444444,0.08888888888888889,0.19200000000000006,-0.6289144499225816
scene-0757,CAM_BACK,36,2,car,0.8632478713989258,-18.187841715841277,4.240841051712113,1.1293986090492891,1.7870445453646537,0.7513190057299894,0.5907708153687881,1.5225115467808163,-1.2833627239555323,0.08796296296296297,0.07600000000000003,-18.187841715841277,4.240841051712113,1.1293986090492891,1.7870445453646537,0.7513190057299894,0.5907708153687881,1.5225115467808163,0.08796296296296297,0.07600000000000003,-1.2833627239555323
scene-0757,CAM_BACK,36,3,car,0.7730495929718018,-67.67603088763916,8.859229937741512,-0.5997146134369858,1.299503830665671,1.2998604028416665,0.8955512834866013,2.0866560792346247,0.6726930897864571,0.0,0.0,-67.67603088763916,8.859229937741512,-0.5997146134369858,1.299503830665671,1.2998604028416665,0.8955512834866013,2.0866560792346247,0.0,0.0,0.6726930897864571
scene-0757,CAM_BACK,36,4,car,0.8904109597206116,-38.12411526094666,1.9562162971126957,0.6083288892489603,4.406334017599534,2.007428285346106,1.592200459437499,-3.138855585366708,-0.26848293318324123,0.0,0.0,-38.12411526094666,1.9562162971126957,0.6083288892489603,4.406334017599534,2.007428285346106,1.592200459437499,-3.138855585366708,0.0,0.0,-0.26848293318324123
scene-0757,CAM_BACK,36,5,car,0.5816993117332458,-4.777608432022447,-0.052145470414261395,-0.9772100928204697,11.279631313244987,0.9146917396317402,1.1634742514220968,1.5969723122770318,1.5460204388441134,0.0,0.0,-4.777608432022447,-0.052145470414261395,-0.9772100928204697,11.279631313244987,0.9146917396317402,1.1634742514220968,1.5969723122770318,0.0,0.0,1.5460204388441134
scene-0757,CAM_BACK,36,0,construction vehicle,0.7142857313156128,-9.546571442426307,-5.646982797079992,3.3326580355279116,5.241262081450337,2.3992208346130486,9.770815874613938,2.0643531005493547,1.5388424915746466,0.08876242804814233,10.856000000000002,-9.546571442426307,-5.646982797079992,3.3326580355279116,5.241262081450337,2.3992208346130486,9.770815874613938,2.0643531005493547,0.08876242804814233,10.856000000000002,1.5388424915746466
scene-0757,CAM_FRONT,37,0,car,0.8128654956817627,81.93053019438246,10.82678686685609,3.0203694274341664,1.9316962349662816,1.2287265099732494,0.7010521779312979,3.0483083511879596,-1.1896159872798577,0.0,0.0,81.93053019438246,10.82678686685609,3.0203694274341664,1.9316962349662816,1.2287265099732494,0.7010521779312979,3.0483083511879596,0.0,0.0,-1.1896159872798577
scene-0757,CAM_FRONT,37,1,car,0.9569892287254333,25.03123207098504,-11.683285858594457,1.5564136734234038,6.676024726976666,2.63369254809772,2.659732816785839,1.4855239688739115,0.6329747200235318,0.010226644555002764,0.48100000000000015,25.03123207098504,-11.683285858594457,1.5564136734234038,6.676024726976666,2.63369254809772,2.659732816785839,1.4855239688739115,0.010226644555002764,0.48100000000000015,0.6329747200235318
scene-0757,CAM_FRONT,37,2,car,0.5241636037826538,5.68175810671794,2.6275635613091852,0.6486119195483617,0.19893613720273873,0.1991207873005676,0.22688598229001522,2.781837774849442,-0.586346944171882,0.75,0.006000000000000002,5.68175810671794,2.6275635613091852,0.6486119195483617,0.19893613720273873,0.1991207873005676,0.22688598229001522,2.781837774849442,0.75,0.006000000000000002,-0.586346944171882
scene-0757,CAM_FRONT,37,3,car,0.9336099624633789,19.201140050804874,10.929323168705775,1.1332460867384517,3.3421882868598107,1.8322850065581413,1.700954830781662,1.442480762516729,-0.08311552269649769,0.04228560110913052,0.4270000000000001,19.201140050804874,10.929323168705775,1.1332460867384517,3.3421882868598107,1.8322850065581413,1.700954830781662,1.442480762516729,0.04228560110913052,0.4270000000000001,-0.08311552269649769
scene-0757,CAM_FRONT,37,4,car,0.6640419960021973,-51.756880350196454,0.9347500830199957,-5.95539571132775,0.28516006739998545,0.27413774065065866,0.4106273236733573,2.0902287204743932,5.766224495578063,0.0,0.0,-51.756880350196454,0.9347500830199957,-5.95539571132775,0.28516006739998545,0.27413774065065866,0.4106273236733573,2.0902287204743932,0.0,0.0,5.766224495578063
scene-0757,CAM_FRONT,37,5,car,0.8987342119216919,47.927022134717284,11.13866104382478,2.27157311260924,3.5458522084067283,2.036549891092071,1.8348238415627098,-3.0788659507595173,-0.5993879326649825,0.0,0.0,47.927022134717284,11.13866104382478,2.27157311260924,3.5458522084067283,2.036549891092071,1.8348238415627098,-3.0788659507595173,0.0,0.0,-0.5993879326649825
scene-0757,CAM_FRONT,37,6,car,0.8787879347801208,59.006887727503454,10.293572625042032,2.524780260314988,3.284286540753122,1.673760066419761,1.6768114135690688,-3.0291519996867793,-0.7665342176845065,0.0,0.0,59.006887727503454,10.293572625042032,2.524780260314988,3.284286540753122,1.673760066419761,1.6768114135690688,-3.0291519996867793,0.0,0.0,-0.7665342176845065
scene-0757,CAM_FRONT,37,0,bus,0.6604774594306946,76.76787198927931,11.341076443827516,3.3541806710130615,3.317990820287605,1.9937030343866091,1.9623913869255785,-3.0959371953724504,-1.0339097698400064,0.0,0.0,76.76787198927931,11.341076443827516,3.3541806710130615,3.317990820287605,1.9937030343866091,1.9623913869255785,-3.0959371953724504,0.0,0.0,-1.0339097698400064
scene-0757,CAM_FRONT_LEFT,37,0,car,0.8241757750511169,18.74497565448844,10.468774494366631,0.6689244489669348,2.9248404222452784,1.594169105126763,1.584914982930162,-2.6796687300210684,0.2698583178000795,0.036233836206896554,0.2690000000000001,18.74497565448844,10.468774494366631,0.6689244489669348,2.9248404222452784,1.594169105126763,1.584914982930162,-2.6796687300210684,0.036233836206896554,0.2690000000000001,0.2698583178000795
scene-0757,CAM_FRONT_LEFT,37,0,trailer,0.6831682920455933,3.8060843606019827,3.1776607400397014,1.40710813138005,6.083867463491637,2.569315405013579,3.317347538449919,-2.871997906186169,0.24415554370294945,0.15782032175474797,8.260000000000002,3.8060843606019827,3.1776607400397014,1.40710813138005,6.083867463491637,2.569315405013579,3.317347538449919,-2.871997906186169,0.15782032175474797,8.260000000000002,0.24415554370294945
scene-0757,CAM_FRONT_RIGHT,37,0,car,0.604938268661499,3.783507421817699,-4.8417925234002315,1.5323525668801898,0.5352841742169583,0.39598819679677,0.16667313925824723,-2.4136387269689514,-1.4546829740456668,0.875,0.035,3.783507421817699,-4.8417925234002315,1.5323525668801898,0.5352841742169583,0.39598819679677,0.16667313925824723,-2.4136387269689514,0.875,0.035,-1.4546829740456668
scene-0757,CAM_FRONT_RIGHT,37,0,truck,0.6640419960021973,19.441689261897597,-9.993232577813506,1.6474994287361613,4.870117273641873,2.2415010195851615,1.7558113081684623,1.2597593813669339,-0.3078357869142745,0.08529169243454958,1.6550000000000002,19.441689261897597,-9.993232577813506,1.6474994287361613,4.870117273641873,2.2415010195851615,1.7558113081684623,1.2597593813669339,0.08529169243454958,1.6550000000000002,-0.3078357869142745
scene-0757,CAM_BACK,37,0,car,0.96875,-8.126412082064638,-1.08543585587747,-0.24475556443652935,8.427711301800054,5.309997452649561,4.240555827289844,3.0670314454565917,2.330401130557285,0.08902900782954691,16.647000000000002,-8.126412082064638,-1.08543585587747,-0.24475556443652935,8.427711301800054,5.309997452649561,4.240555827289844,3.0670314454565917,0.08902900782954691,16.647000000000002,2.330401130557285
scene-0757,CAM_BACK,37,1,car,0.8439024686813354,-15.018203374991334,6.821351906327427,0.6015511289224224,2.015736199062923,1.1519533896114433,0.9671710757387648,3.0874945926245068,-0.568114173511536,0.10583333333333333,0.25400000000000006,-15.018203374991334,6.821351906327427,0.6015511289224224,2.015736199062923,1.1519533896114433,0.9671710757387648,3.0874945926245068,0.10583333333333333,0.25400000000000006,-0.568114173511536
scene-0757,CAM_BACK,37,2,car,0.8750000596046448,-16.9006179101578,3.9252644009390356,1.0902699601836765,1.5869994253593118,0.6714834327752364,0.5222564050149723,1.4983222599206643,-1.2913384952040377,0.0125,0.007000000000000003,-16.9006179101578,3.9252644009390356,1.0902699601836765,1.5869994253593118,0.6714834327752364,0.5222564050149723,1.4983222599206643,0.0125,0.007000000000000003,-1.2913384952040377
scene-0757,CAM_BACK,37,3,car,0.7575758099555969,-65.19862470527438,8.530151543203925,-0.720645968522534,1.2093149596195758,1.1903609168296256,0.9007327767476745,-2.9582144555408374,0.7079464346360869,0.0,0.0,-65.19862470527438,8.530151543203925,-0.720645968522534,1.2093149596195758,1.1903609168296256,0.9007327767476745,-2.9582144555408374,0.0,0.0,0.7079464346360869
scene-0757,CAM_BACK,37,4,car,0.8947368264198303,-37.10352917233968,1.9822349823007466,0.729907179676108,4.469945665342337,2.0153127212785513,1.6019603359178107,2.391317159966343,-0.41644201420629257,0.0024305555555555556,0.03500000000000001,-37.10352917233968,1.9822349823007466,0.729907179676108,4.469945665342337,2.0153127212785513,1.6019603359178107,2.391317159966343,0.0024305555555555556,0.03500000000000001,-0.41644201420629257
scene-0757,CAM_BACK,37,5,car,0.5747508406639099,-1.9225840522483462,0.006852854833551682,0.48788056672605606,4.389157390638978,0.3880994481743132,0.4872008566627144,1.6008551294197404,-0.22799120411919094,0.1409090909090909,0.12400000000000003,-1.9225840522483462,0.006852854833551682,0.48788056672605606,4.389157390638978,0.3880994481743132,0.4872008566627144,1.6008551294197404,0.1409090909090909,0.12400000000000003,-0.22799120411919094
scene-0757,CAM_BACK,37,0,construction vehicle,0.7344398498535156,-9.551709499667606,-5.6493149290199,3.375071112377493,4.9277987788488264,2.246522561663932,9.353765734939419,2.019797969059215,1.2972909942430983,0.09209331701732917,9.332000000000003,-9.551709499667606,-5.6493149290199,3.375071112377493,4.9277987788488264,2.246522561663932,9.353765734939419,2.019797969059215,0.09209331701732917,9.332000000000003,1.2972909942430983
scene-0757,CAM_FRONT,38,0,car,0.8083832263946533,84.13873715018673,10.924960584315905,2.8318748250188452,1.9723836893016085,1.127753947388034,1.0207812019912694,-2.9134640339099627,-0.721442715348589,0.0,0.0,84.13873715018673,10.924960584315905,2.8318748250188452,1.9723836893016085,1.127753947388034,1.0207812019912694,-2.9134640339099627,0.0,0.0,-0.721442715348589
scene-0757,CAM_FRONT,38,1,car,0.8947368264198303,44.51455253264284,10.294976983722488,2.1246391338127553,3.188801045398648,1.832033361121101,1.6639977033942552,-3.0784834107899535,-0.5488996638867154,0.0,0.0,44.51455253264284,10.294976983722488,2.1246391338127553,3.188801045398648,1.832033361121101,1.6639977033942552,-3.0784834107899535,0.0,0.0,-0.5488996638867154
scene-0757,CAM_FRONT,38,2,car,0.8709677457809448,52.687314880491094,9.112685961177023,2.3680646025607266,3.1624825070430234,1.623963976851047,1.618367322955488,-3.0202703954690433,-0.6124531189699454,0.0,0.0,52.687314880491094,9.112685961177023,2.3680646025607266,3.1624825070430234,1.623963976851047,1.618367322955488,-3.0202703954690433,0.0,0.0,-0.6124531189699454
scene-0757,CAM_FRONT,38,3,car,0.5816993117332458,-30.482113308270062,3.213125553553321,-3.2785393161950016,0.3763674879225576,0.4144790515572261,0.5789918041427038,-2.4201153329255307,3.0440119834221457,0.0,0.0,-30.482113308270062,3.213125553553321,-3.2785393161950016,0.3763674879225576,0.4144790515572261,0.5789918041427038,-2.4201153329255307,0.0,0.0,3.0440119834221457
scene-0757,CAM_FRONT,38,4,car,0.9375000596046448,19.027209478291407,8.107392743418915,1.4071480551060855,4.785601844792874,2.3705105030270275,1.747019781093146,1.6209048903072836,-0.39860253051868,0.06147875816993464,1.2040000000000002,19.027209478291407,8.107392743418915,1.4071480551060855,4.785601844792874,2.3705105030270275,1.747019781093146,1.6209048903072836,0.06147875816993464,1.2040000000000002,-0.39860253051868
scene-0757,CAM_FRONT,38,0,bus,0.6559139490127563,63.79207031123857,9.701087808671241,2.956641516261971,2.585893263217102,1.5169883001508664,1.4641880615695708,-3.1059902167503424,-1.0485358039204837,0.0,0.0,63.79207031123857,9.701087808671241,2.956641516261971,2.585893263217102,1.5169883001508664,1.4641880615695708,-3.1059902167503424,0.0,0.0,-1.0485358039204837
scene-0757,CAM_FRONT,38,0,truck,0.8128654956817627,20.19839400772664,-5.947380469367826,1.6038337475905022,5.797936544866152,2.3033295102953275,2.0427140946645927,1.481165737664534,-0.13853823633189055,0.08553223388305847,2.2820000000000005,20.19839400772664,-5.947380469367826,1.6038337475905022,5.797936544866152,2.3033295102953275,2.0427140946645927,1.481165737664534,0.08553223388305847,2.2820000000000005,-0.13853823633189055
scene-0757,CAM_FRONT_LEFT,38,0,car,0.6012461185455322,19.296142475707143,8.177524696650682,0.9120205713690723,4.753562947944112,2.5082705374633463,2.215504486750875,2.0617132389192188,0.3535876595551932,0.0556060606060606,1.4680000000000002,19.296142475707143,8.177524696650682,0.9120205713690723,4.753562947944112,2.5082705374633463,2.215504486750875,2.0617132389192188,0.0556060606060606,1.4680000000000002,0.3535876595551932
scene-0757,CAM_FRONT_LEFT,38,0,trailer,0.6332378387451172,3.776524875860371,3.0788496722861867,1.4155284962404573,5.7485071450124074,2.4399073276917225,3.1712729038305545,-2.885953336611643,0.14476876203268052,0.18066977339181287,7.909000000000002,3.776524875860371,3.0788496722861867,1.4155284962404573,5.7485071450124074,2.4399073276917225,3.1712729038305545,-2.885953336611643,0.18066977339181287,7.909000000000002,0.14476876203268052
scene-0757,CAM_BACK,38,0,car,0.96875,-8.359685981779954,-1.1065574743820772,-0.3228554377576558,8.517086776585941,5.142077452090474,4.294685807983269,3.0787009256106606,2.3757044012766872,0.072916499020949,13.592000000000002,-8.359685981779954,-1.1065574743820772,-0.3228554377576558,8.517086776585941,5.142077452090474,4.294685807983269,3.0787009256106606,0.072916499020949,13.592000000000002,2.3757044012766872
scene-0757,CAM_BACK,38,1,car,0.8632478713989258,-15.334344221698652,6.889822314104797,0.7295145402264135,2.3278950825803886,1.0517149331420308,0.9526088182287695,3.1006621623658224,-0.6212459542187945,0.0458498023715415,0.11600000000000003,-15.334344221698652,6.889822314104797,0.7295145402264135,2.3278950825803886,1.0517149331420308,0.9526088182287695,3.1006621623658224,0.0458498023715415,0.11600000000000003,-0.6212459542187945
scene-0757,CAM_BACK,38,2,car,0.8750000596046448,-16.598663682914882,3.862850378937218,1.0892245151310354,1.5050470912001503,0.6035029932290534,0.5215494024474384,1.4649505640317122,-1.158043025319746,0.042222222222222223,0.019000000000000006,-16.598663682914882,3.862850378937218,1.0892245151310354,1.5050470912001503,0.6035029932290534,0.5215494024474384,1.4649505640317122,0.042222222222222223,0.019000000000000006,-1.158043025319746
scene-0757,CAM_BACK,38,3,car,0.7387754917144775,-62.719923100195,8.222082080070086,-0.5977515205147477,1.8142311474536257,1.5009924464408486,0.9961241387814668,3.054530216071709,0.39248301348565073,0.0,0.0,-62.719923100195,8.222082080070086,-0.5977515205147477,1.8142311474536257,1.5009924464408486,0.9961241387814668,3.054530216071709,0.0,0.0,0.39248301348565073
scene-0757,CAM_BACK,38,4,car,0.9024390578269958,-37.86377178855998,1.9456483591569682,0.6361164519386915,4.499148557471976,2.0580444333980736,1.6841718115442306,3.1087363251549407,-0.23195522926060086,0.002987861811391223,0.04800000000000001,-37.86377178855998,1.9456483591569682,0.6361164519386915,4.499148557471976,2.0580444333980736,1.6841718115442306,3.1087363251549407,0.002987861811391223,0.04800000000000001,-0.23195522926060086
scene-0757,CAM_BACK,38,5,car,0.5631399154663086,-1.8378539539588532,0.004994996022854831,0.48104831931729486,4.502810572509752,0.2985958931926227,0.6547258441724775,1.564124289272934,-0.2196039247746009,0.1439153439153439,0.136,-1.8378539539588532,0.004994996022854831,0.48104831931729486,4.502810572509752,0.2985958931926227,0.6547258441724775,1.564124289272934,0.1439153439153439,0.136,-0.2196039247746009
scene-0757,CAM_BACK,38,0,construction vehicle,0.7575758099555969,-9.426142147839041,-5.723325471462058,3.4726567550305227,4.861095264428063,2.096652725972305,9.040832872859522,2.03717185992555,1.0047877388254522,0.09964366699060577,9.228000000000003,-9.426142147839041,-5.723325471462058,3.4726567550305227,4.861095264428063,2.096652725972305,9.040832872859522,2.03717185992555,0.09964366699060577,9.228000000000003,1.0047877388254522
scene-0757,CAM_FRONT,39,0,car,0.7730495929718018,71.2246859620812,9.340726254704627,2.7311942092917243,2.2256583040390154,1.078991595000808,0.8473022311839786,-2.8194031285354777,-0.8041390724366124,0.0,0.0,71.2246859620812,9.340726254704627,2.7311942092917243,2.2256583040390154,1.078991595000808,0.8473022311839786,-2.8194031285354777,0.0,0.0,-0.8041390724366124
scene-0757,CAM_FRONT,39,1,car,0.9179486632347107,18.283741480655667,4.016105102729276,1.4189758695041987,5.025061313175269,2.515523134498981,1.8152155644635433,1.593366582430652,-0.38574596379258397,0.027955555555555556,0.6290000000000002,18.283741480655667,4.016105102729276,1.4189758695041987,5.025061313175269,2.515523134498981,1.8152155644635433,1.593366582430652,0.027955555555555556,0.6290000000000002,-0.38574596379258397
scene-0757,CAM_FRONT,39,2,car,0.5704697966575623,17.414030918638776,2.8184876482041563,1.8801648166024343,0.5643085925415452,0.3084475813606513,0.39209206471279145,1.2395878805008904,-1.5659292333098165,0.0,0.0,17.414030918638776,2.8184876482041563,1.8801648166024343,0.5643085925415452,0.3084475813606513,0.39209206471279145,1.2395878805008904,0.0,0.0,-1.5659292333098165
scene-0757,CAM_FRONT,39,0,truck,0.5775577425956726,20.92294302116531,-2.350138065592936,1.6482223974883115,5.680262371823192,2.4293006637106664,1.995337724283853,1.4299900809265167,-0.23887554896294683,0.0822733918128655,2.251000000000001,20.92294302116531,-2.350138065592936,1.6482223974883115,5.680262371823192,2.4293006637106664,1.995337724283853,1.4299900809265167,0.0822733918128655,2.251000000000001,-0.23887554896294683
scene-0757,CAM_FRONT,39,1,truck,0.6521739363670349,17.179806696043126,2.509703418906738,1.8681119829833919,0.5349350893892577,0.5063968485709136,0.34277668905199565,2.6683624184371757,-1.5799166843119625,0.0,0.0,17.179806696043126,2.509703418906738,1.8681119829833919,0.5349350893892577,0.5063968485709136,0.34277668905199565,2.6683624184371757,0.0,0.0,-1.5799166843119625
scene-0757,CAM_FRONT_LEFT,39,0,trailer,0.7229437232017517,3.8326679032018176,3.0538288820488835,1.3535555454841064,5.905754562192611,2.6279323953386236,3.213551583079444,-2.88304114567331,0.24108642048527074,0.19037239243807041,9.345000000000004,3.8326679032018176,3.0538288820488835,1.3535555454841064,5.905754562192611,2.6279323953386236,3.213551583079444,-2.88304114567331,0.19037239243807041,9.345000000000004,0.24108642048527074
scene-0757,CAM_FRONT_RIGHT,39,0,car,0.7299578189849854,2.737344166424489,-4.167847217170621,1.50488783417671,0.3813278696457605,0.17620274029246463,0.13277664252580634,0.899663925681854,-1.4812844943433836,0.875,0.007000000000000002,2.737344166424489,-4.167847217170621,1.50488783417671,0.3813278696457605,0.17620274029246463,0.13277664252580634,0.899663925681854,0.875,0.007000000000000002,-1.4812844943433836
scene-0757,CAM_FRONT_RIGHT,39,1,car,0.8400000333786011,17.490884154045283,-15.976140348532423,1.2501073986907016,2.936308809921007,1.7099357335567689,1.3789713027866286,1.1065575342019194,-0.04919231824312709,0.04114749348015068,0.2840000000000001,17.490884154045283,-15.976140348532423,1.2501073986907016,2.936308809921007,1.7099357335567689,1.3789713027866286,1.1065575342019194,0.04114749348015068,0.2840000000000001,-0.04919231824312709
scene-0757,CAM_BACK,39,0,car,0.96875,-8.457645392429619,-1.1306750832356351,-0.2700120047454969,8.524628553534253,5.113598921396538,4.329587748843788,3.07851771754449,2.419716754726244,0.07413964217698023,13.820000000000004,-8.457645392429619,-1.1306750832356351,-0.2700120047454969,8.524628553534253,5.113598921396538,4.329587748843788,3.07851771754449,0.07413964217698023,13.820000000000004,2.419716754726244
scene-0757,CAM_BACK,39,1,car,0.8324607610702515,-15.23023406985503,6.9121400342545805,0.5222820436781392,2.2597188275589914,1.2820995288018926,0.995120110065328,3.0813696175599667,-0.549460658040922,0.13879598662207357,0.4150000000000001,-15.23023406985503,6.9121400342545805,0.5222820436781392,2.2597188275589914,1.2820995288018926,0.995120110065328,3.0813696175599667,0.13879598662207357,0.4150000000000001,-0.549460658040922
scene-0757,CAM_BACK,39,2,car,0.8827838897705078,-17.15335626069279,3.9414010821870846,1.141566613870939,1.510129884280476,0.6767804832235065,0.5040481230503381,1.5061024764665705,-1.3225486005482847,0.09333333333333334,0.049000000000000016,-17.15335626069279,3.9414010821870846,1.141566613870939,1.510129884280476,0.6767804832235065,0.5040481230503381,1.5061024764665705,0.09333333333333334,0.049000000000000016,-1.3225486005482847
scene-0757,CAM_BACK,39,3,car,0.7538461089134216,-67.06757707712562,9.013440626527276,-0.6296024226903968,2.065415742652064,1.696823448660905,0.7800474482684832,3.088096293809152,0.5176966848686142,0.0,0.0,-67.06757707712562,9.013440626527276,-0.6296024226903968,2.065415742652064,1.696823448660905,0.7800474482684832,3.088096293809152,0.0,0.0,0.5176966848686142
scene-0757,CAM_BACK,39,4,car,0.8987342119216919,-36.969716095589945,1.8687948947760558,0.5373654410410303,4.441479121894247,2.017126855526981,1.6940686675602856,3.082024590044975,-0.1356058775207447,0.0,0.0,-36.969716095589945,1.8687948947760558,0.5373654410410303,4.441479121894247,2.017126855526981,1.6940686675602856,3.082024590044975,0.0,0.0,-0.1356058775207447
scene-0757,CAM_BACK,39,5,car,0.5460992455482483,-2.0021683506637444,-0.04247305089006082,0.585223868420137,4.6850311107742435,0.4107277558788853,0.4332782190164971,1.609888062896827,-0.018814570580284407,0.32180851063829785,0.24200000000000005,-2.0021683506637444,-0.04247305089006082,0.585223868420137,4.6850311107742435,0.4107277558788853,0.4332782190164971,1.609888062896827,0.32180851063829785,0.24200000000000005,-0.018814570580284407
scene-0757,CAM_BACK,39,0,construction vehicle,0.7142857313156128,-9.347847704768656,-5.5832423331604355,3.4361721586929423,4.827884958242583,2.2389113546105293,9.059910235369902,2.0681810675398644,1.0667173093633693,0.09962953712953714,9.574000000000002,-9.347847704768656,-5.5832423331604355,3.4361721586929423,4.827884958242583,2.2389113546105293,9.059910235369902,2.0681810675398644,0.09962953712953714,9.574000000000002,1.0667173093633693
scene-0757,CAM_FRONT,40,0,car,0.5857605338096619,5.696539235798055,2.6415399943109312,0.5963340124408818,0.14766125219545234,0.14497701319436826,0.16651079692594628,-2.7492212979363475,-0.5243093658499713,0.0,0.0,5.696539235798055,2.6415399943109312,0.5963340124408818,0.14766125219545234,0.14497701319436826,0.16651079692594628,-2.7492212979363475,0.0,0.0,-0.5243093658499713
scene-0757,CAM_FRONT,40,1,car,0.5311355590820312,16.29603227468469,2.3328113210840264,1.1905014497729485,0.43737050139129563,0.4732513255642772,0.41534640455856886,1.871763422065196,-0.8455047189654505,0.2,0.016000000000000004,16.29603227468469,2.3328113210840264,1.1905014497729485,0.43737050139129563,0.4732513255642772,0.41534640455856886,1.871763422065196,0.2,0.016000000000000004,-0.8455047189654505
scene-0757,CAM_FRONT,40,2,car,0.8787879347801208,39.28688722121644,9.086305768666909,1.999829948863341,3.1463365774460073,1.717923720025813,1.4044601103088659,-3.046154978622877,-0.6285612403351899,0.0,0.0,39.28688722121644,9.086305768666909,1.999829948863341,3.1463365774460073,1.717923720025813,1.4044601103088659,-3.046154978622877,0.0,0.0,-0.6285612403351899
scene-0757,CAM_FRONT,40,3,car,0.9259259104728699,17.475328600300433,0.022024026513441215,1.4131028613773493,5.053531665806121,2.3204075799728088,1.8596844088050386,1.525258330805792,-0.2621048645000833,0.06286175797550142,1.4010000000000005,17.475328600300433,0.022024026513441215,1.4131028613773493,5.053531665806121,2.3204075799728088,1.8596844088050386,1.525258330805792,0.06286175797550142,1.4010000000000005,-0.2621048645000833
scene-0757,CAM_FRONT,40,4,car,0.8012422323226929,17.303029055630986,2.9209791350421326,1.780551626520318,1.0862307138325527,0.6505216192553007,0.6074285836360835,-2.7639520750247946,-1.32742693788793,0.049783549783549784,0.023000000000000007,17.303029055630986,2.9209791350421326,1.780551626520318,1.0862307138325527,0.6505216192553007,0.6074285836360835,-2.7639520750247946,0.049783549783549784,0.023000000000000007,-1.32742693788793
scene-0757,CAM_FRONT,40,5,car,0.9064327478408813,17.281137898015654,2.441436689049651,1.151945456910118,2.258426273783868,1.4027109167225547,1.1776655161891791,1.5518839888555342,-0.39757215263671064,0.0986024844720497,0.3810000000000001,17.281137898015654,2.441436689049651,1.151945456910118,2.258426273783868,1.4027109167225547,1.1776655161891791,1.5518839888555342,0.0986024844720497,0.3810000000000001,-0.39757215263671064
scene-0757,CAM_FRONT_LEFT,40,0,trailer,0.6908212304115295,3.876095913716166,3.102782184030918,1.4225431436110583,5.91980387550228,2.5080693252749446,3.233270883947867,-2.8697853080667524,0.16997637829604173,0.18485169491525424,8.725000000000001,3.876095913716166,3.102782184030918,1.4225431436110583,5.91980387550228,2.5080693252749446,3.233270883947867,-2.8697853080667524,0.18485169491525424,8.725000000000001,0.16997637829604173
scene-0757,CAM_FRONT_RIGHT,40,0,car,0.8865247964859009,2.7040058562047458,-4.124170811052644,1.5207803089394347,0.3493792644299627,0.21366592596189893,0.12866339356807743,0.8279136139487288,-1.5033488547224585,0.5,0.003000000000000001,2.7040058562047458,-4.124170811052644,1.5207803089394347,0.3493792644299627,0.21366592596189893,0.12866339356807743,0.8279136139487288,0.5,0.003000000000000001,-1.5033488547224585
scene-0757,CAM_FRONT_RIGHT,40,1,car,0.9532163739204407,18.2009603775779,-14.428329308979512,1.4511428042767855,4.391718598032444,2.082512003746942,1.5703286325751427,1.201566154339703,-0.12675386335542516,0.08049242424242424,1.1900000000000004,18.2009603775779,-14.428329308979512,1.4511428042767855,4.391718598032444,2.082512003746942,1.5703286325751427,1.201566154339703,0.08049242424242424,1.1900000000000004,-0.12675386335542516
scene-0757,CAM_BACK,40,0,car,0.96875,-8.388730571277097,-1.1239541871908083,-0.28777235335225215,8.507886232972865,5.206201533285237,4.387671677814744,3.0803068620756604,2.4741337698047903,0.07697449609214316,14.970000000000004,-8.388730571277097,-1.1239541871908083,-0.28777235335225215,8.507886232972865,5.206201533285237,4.387671677814744,3.0803068620756604,0.07697449609214316,14.970000000000004,2.4741337698047903
scene-0757,CAM_BACK,40,1,car,0.7697842121124268,-14.930629364594777,6.851116974337364,0.5642484348288025,1.9766771571820385,1.121208292391496,0.9275214269141434,3.0364629642364203,-0.5342463080168571,0.13484848484848486,0.26700000000000007,-14.930629364594777,6.851116974337364,0.5642484348288025,1.9766771571820385,1.121208292391496,0.9275214269141434,3.0364629642364203,0.13484848484848486,0.26700000000000007,-0.5342463080168571
scene-0757,CAM_BACK,40,2,car,0.8709677457809448,22.4844829328002,4.908293447088622,-15.68438722787929,8.020655905165883,3.382229311390116,2.658196608087554,1.4021061700698332,17.291714351293336,0.0,0.0,22.4844829328002,4.908293447088622,-15.68438722787929,8.020655905165883,3.382229311390116,2.658196608087554,1.4021061700698332,0.0,0.0,17.291714351293336
scene-0757,CAM_BACK,40,3,car,0.7697842121124268,-66.50052067111524,8.840710037767293,-0.42301393058977266,1.8632234335140083,1.6330762974527844,0.663761290235374,2.9797766888894692,0.47496046745016596,0.0,0.0,-66.50052067111524,8.840710037767293,-0.42301393058977266,1.8632234335140083,1.6330762974527844,0.663761290235374,2.9797766888894692,0.0,0.0,0.47496046745016596
scene-0757,CAM_BACK,40,4,car,0.9024390578269958,-36.19380047200968,1.823917882700313,0.6345835335101799,4.36192698345608,2.0147749875652323,1.6452063053879904,-3.1330987403745842,-0.21627910356017277,0.0032670454545454543,0.046000000000000006,-36.19380047200968,1.823917882700313,0.6345835335101799,4.36192698345608,2.0147749875652323,1.6452063053879904,-3.1330987403745842,0.0032670454545454543,0.046000000000000006,-0.21627910356017277
scene-0757,CAM_BACK,40,5,car,0.5428571701049805,-4.8358051170613265,-0.06371859879515247,-0.8841302312169532,10.808950501036946,0.9351229907055902,1.1517771279207403,1.6101841365925031,1.436347048923356,0.0,0.0,-4.8358051170613265,-0.06371859879515247,-0.8841302312169532,10.808950501036946,0.9351229907055902,1.1517771279207403,1.6101841365925031,0.0,0.0,1.436347048923356
scene-0757,CAM_BACK,40,0,construction vehicle,0.7538461089134216,-9.465407437928123,-5.62370865069371,3.513323131191789,4.927514406669861,2.2147610775541384,9.208661960735462,2.025928874872239,1.0927545632910847,0.09669678147939018,9.590000000000003,-9.465407437928123,-5.62370865069371,3.513323131191789,4.927514406669861,2.2147610775541384,9.208661960735462,2.025928874872239,0.09669678147939018,9.590000000000003,1.0927545632910847
