cls,has_gt,recall,clean,iou,surf_free,surf_unknown,mesh_free_frac,mesh_free_m3,obb_free_frac,obb_free_m3,pipeline_obb_free_frac,pipeline_obb_free_m3,pipeline_obb_below_ground,gt_free_frac,gt_free_m3,floor_free,ground_z,mesh_below_ground,obb_below_ground,gt_below_ground,n_violating,not_implied,gt_speed,gt_range,cam,prompt,sam3_index,scene,frame_idx
car,True,0.8128,True,0.742554357756258,0.0147,0.9843,0.007832526345770436,0.055000000000000014,0.01016260162601626,0.12500000000000003,0.01016260162601626,0.12500000000000003,-0.11920395721925381,0.003125,0.03300000000000001,0.0056,-0.41790154576301575,-0.1791571117957992,-0.11920395721925381,-0.1269011795536773,40,0.0,13.985031893046598,36.884247381479994,CAM_FRONT,car,0,scene-0796,0
car,False,0.1184407796101949,False,,0.0,1.0,0.0,0.0,0.0,0.0,0.0,0.0,0.5081836679365801,,,,-0.18462565541267395,0.42879313156135657,0.5081836679365801,,0,,,,CAM_FRONT,car,1,scene-0796,0
car,False,0.053497942386831275,False,,0.0,1.0,0.0,0.0,0.0,0.0,0.0,0.0,0.13131198294395552,,,,-0.23832061886787415,0.07360554732871755,0.13131198294395552,,0,,,,CAM_FRONT,car,2,scene-0796,0
car,False,0.7772397094430993,False,,0.0,1.0,0.0,0.0,0.0,0.0,0.0,0.0,-0.09446521178499978,,,,-0.36353641748428345,-0.09607727722765808,-0.09446521178499978,,0,,,,CAM_FRONT,car,3,scene-0796,0
car,False,0.3745298226759807,True,0.24413309982486864,0.0,1.0,0.0,0.0,0.0,0.0,0.0,0.0,0.8642323634278011,,,,-0.3020566999912262,0.7791869191342262,0.8642323634278011,,0,,,,CAM_FRONT,car,4,scene-0796,0
car,False,0.07621550591327202,True,0.04224326292789512,0.0,1.0,0.0,0.0,0.0,0.0,0.0,0.0,-0.4855250371889093,,,,-0.4449998140335083,-0.525515177876672,-0.4855250371889093,,0,,,,CAM_FRONT,car,5,scene-0796,0
truck,True,1.0,True,0.6223832528180354,0.0,1.0,0.0,0.0,0.0,0.0,0.0,0.0,0.27757610722020587,0.0,0.0,0.0,-0.4065735936164856,0.1980014388383533,0.27757610722020587,-0.26280738093055833,0,,11.492777561069955,61.40589040887607,CAM_FRONT,truck,0,scene-0796,0
car,True,0.9485294117647058,False,,0.0493,0.94785,0.04774431145600421,0.3630000000000001,0.06290726817042606,0.7530000000000001,0.06290726817042606,0.7530000000000001,-0.15287541031153395,0.02401559454191033,0.30800000000000005,0.01765,-0.3301032781600952,-0.21437590712323507,-0.15287541031153395,-0.061188341482358966,341,0.18181818181818177,11.738104158345893,22.158998784839167,CAM_FRONT_RIGHT,car,0,scene-0796,0
car,False,0.2807017543859649,True,0.17045454545454544,0.0,1.0,0.0,0.0,0.0,0.0,0.0,0.0,-0.7109863174074789,,,,-0.38318249583244324,-0.7668519925649705,-0.7109863174074789,,0,,,,CAM_FRONT_RIGHT,car,1,scene-0796,0
bus,True,0.9848218937669674,False,,0.04655,0.94895,0.04933788557557577,2.5000000000000004,0.04540219433836455,10.486000000000002,0.04540219433836455,10.486000000000002,-0.0909398267249042,0.033794356974336755,5.615000000000002,0.0482,-0.40572410821914673,-0.2542313965724349,-0.0909398267249042,0.10104805061146216,162,0.3827160493827161,7.218721694793179,22.60092378737546,CAM_FRONT_RIGHT,bus,0,scene-0796,0
car,True,0.6166456494325346,False,,0.00595,0.99405,0.002955818294959552,0.019000000000000003,0.016285301999587713,0.15800000000000003,0.016285301999587713,0.15800000000000003,-0.7203858115437024,0.0032407407407407406,0.04200000000000001,0.00165,0.03611546754837036,-0.7633550953098407,-0.7203858115437024,-0.214330550504776,55,0.0,15.128969820828576,44.71532934353046,CAM_BACK,car,0,scene-0796,0
car,False,0.9197860962566845,True,0.7136929460580913,0.0,1.0,0.0,0.0,0.0,0.0,0.0,0.0,-0.580416597858127,,,,0.24905192852020264,-0.5854791383973444,-0.580416597858127,,0,,,,CAM_BACK,car,1,scene-0796,0
car,False,0.9543568464730291,True,0.740343347639485,0.0447,0.9528,0.0322234156820623,0.03000000000000001,0.05634920634920635,0.07100000000000001,0.05634920634920635,0.07100000000000001,-0.9203668113270279,,,,-0.196268692612648,-0.9474057222341735,-0.9203668113270279,,3,0.0,,,CAM_BACK,car,2,scene-0796,0
car,False,0.9259868421052632,True,0.7623561272850372,0.0,1.0,0.0,0.0,0.0,0.0,0.0,0.0,0.1955420608093562,,,,0.10826003551483154,0.1359634309798072,0.1955420608093562,,0,,,,CAM_BACK,car,3,scene-0796,0
car,False,0.45633039945836157,True,0.22436750998668442,0.01655,0.98345,0.015206812652068127,0.025000000000000005,0.011363636363636364,0.024000000000000007,0.011363636363636364,0.024000000000000007,-0.6436445160073112,,,,-0.5273520350456238,-0.6852789825946639,-0.6436445160073112,,26,1.0,,,CAM_BACK_RIGHT,car,0,scene-0796,0
car,True,0.5782797029702971,False,,0.00915,0.99085,0.009827044025157232,0.025000000000000005,0.010416666666666666,0.036000000000000004,0.010416666666666666,0.036000000000000004,0.019365733237655836,0.03740530303030303,0.3950000000000001,0.0,-0.2233244627714157,-0.03032231091192325,0.019365733237655836,-0.27127123435339506,73,1.0,13.660243473406712,22.310822952490433,CAM_FRONT,car,0,scene-0796,1
car,False,0.0,False,,0.0,1.0,0.0,0.0,0.0,0.0,0.0,0.0,-0.2419435261822831,,,,1.2568938732147217,-0.24785459245158914,-0.2419435261822831,,0,,,,CAM_FRONT,car,1,scene-0796,1
car,True,0.654357459379616,False,,0.0,1.0,0.0,0.0,0.0,0.0,0.0,0.0,0.00869151724916195,0.0,0.0,0.0,0.9125317335128784,-0.04513293556630904,0.00869151724916195,-0.2933735015551717,0,,5.681711768830116,76.28154876971955,CAM_FRONT,car,2,scene-0796,1
car,False,0.6049661399548533,False,,0.0,1.0,0.0,0.0,0.0,0.0,0.0,0.0,0.3183301910084422,,,,0.40241506695747375,0.24714898591467013,0.3183301910084422,,0,,,,CAM_FRONT,car,3,scene-0796,1
car,False,0.06774193548387097,True,0.0467706013363029,0.0,1.0,0.0,0.0,0.0,0.0,0.0,0.0,0.09244657268931933,,,,1.1008927822113037,0.050741631610421445,0.09244657268931933,,0,,,,CAM_FRONT,car,4,scene-0796,1
car,False,0.25,False,,0.0,1.0,0.0,0.0,0.0,0.0,0.0,0.0,0.6013766707278,,,,1.0793496370315552,0.5224922149868554,0.6013766707278,,0,,,,CAM_FRONT,car,5,scene-0796,1
car,False,0.45054945054945056,True,0.23924142961342085,0.0,1.0,0.0,0.0,0.0,0.0,0.0,0.0,-0.7794855555530185,,,,0.09184396266937256,-0.8033504812151189,-0.7794855555530185,,0,,,,CAM_FRONT,car,6,scene-0796,1
truck,True,0.9922224840914448,True,0.5744303452039842,0.00345,0.9965,0.002676916741025465,0.03900000000000001,0.004307568438003221,0.10700000000000004,0.004307568438003221,0.10700000000000004,0.13602883910703367,0.0038998357963875205,0.09500000000000003,0.0038,0.0867781937122345,0.04721315283043791,0.13602883910703367,-0.19258795765849424,10,0.7,11.817574322408744,47.37074313608664,CAM_FRONT,truck,0,scene-0796,1
car,False,0.8730606488011283,True,0.7699004975124378,0.0,1.0,0.0,0.0,0.0,0.0,0.0,0.0,-1.3305319903504813,,,,0.08520571887493134,-1.3430325863226078,-1.3305319903504813,,0,,,,CAM_FRONT_RIGHT,car,0,scene-0796,1
car,True,0.9896594077811711,False,,0.12315,0.8623,0.08357845623288367,0.8240000000000002,0.10399159663865547,1.7820000000000005,0.10399159663865547,1.7820000000000005,0.07263013242515881,0.07789473684210527,0.9990000000000002,0.14165,-0.2468220740556717,-0.01586320340639974,0.07263013242515881,-0.06493522703663601,943,0.5715800636267232,11.323634555180247,12.930523556591371,CAM_FRONT_RIGHT,car,1,scene-0796,1
car,True,0.819312516399895,True,0.688481213617922,0.0523,0.94355,0.04668158090976883,0.3130000000000001,0.06259398496240602,0.6660000000000003,0.06259398496240602,0.6660000000000003,-0.48016401789051955,0.03740530303030303,0.3950000000000001,0.03085,-0.2760273218154907,-0.5497877428347681,-0.48016401789051955,-0.3239740933974701,224,0.2410714285714286,13.660243473406712,22.310822952490433,CAM_FRONT_RIGHT,car,2,scene-0796,1
bus,True,0.9799308416472262,False,,0.0412,0.9539,0.037130075361042444,3.710000000000001,0.042627412172191986,5.169000000000001,0.042627412172191986,5.169000000000001,-0.39018364854554743,0.04226852520583562,7.0230000000000015,0.0333,-0.3215351104736328,-0.49325270750604655,-0.39018364854554743,0.08531831523242706,122,0.15573770491803274,7.2167774622773,17.358605751737976,CAM_FRONT_RIGHT,bus,0,scene-0796,1
car,False,0.720876585928489,False,,0.0,1.0,0.0,0.0,0.0,0.0,0.0,0.0,0.3167268064088753,,,,-0.34567466378211975,0.26712871946102434,0.3167268064088753,,0,,,,CAM_BACK,car,0,scene-0796,1
car,False,0.0,True,0.0,0.0,1.0,0.0,0.0,0.0,0.0,0.0,0.0,2.0264736084107553,,,,-0.08565905690193176,2.0170051893803578,2.0264736084107553,,0,,,,CAM_BACK,car,1,scene-0796,1
car,False,0.7931034482758621,True,0.6604450825556353,0.0,1.0,0.0,0.0,0.0014583333333333334,0.028000000000000004,0.0014583333333333334,0.028000000000000004,0.2553394476459826,,,,-0.3022913336753845,0.18609093842378516,0.2553394476459826,,0,,,,CAM_BACK,car,2,scene-0796,1
car,False,0.835746380429356,True,0.5344827586206896,0.0168,0.98175,0.018849206349206348,0.038000000000000006,0.013175230566534914,0.05000000000000001,0.013175230566534914,0.05000000000000001,-0.686968523609675,,,,-0.4744105935096741,-0.7199803204184101,-0.686968523609675,,160,0.25625,,,CAM_BACK_RIGHT,car,0,scene-0796,1
car,True,0.9501304829657169,False,,0.0998,0.8749,0.06605222734254992,0.3010000000000001,0.12513736263736264,0.9110000000000003,0.12513736263736264,0.9110000000000003,-0.16842545951449872,0.07789473684210527,0.9990000000000002,0.0114,-0.2808249592781067,-0.22456825737923655,-0.16842545951449872,-0.09893811225907101,761,0.5519053876478318,11.323634555180247,12.930523556591371,CAM_BACK_RIGHT,car,1,scene-0796,1
car,False,0.8558375634517766,True,0.5742506811989101,0.0,1.0,0.0,0.0,0.0,0.0,0.0,0.0,-0.3298455884642013,,,,-0.546880841255188,-0.3984808866418134,-0.3298455884642013,,0,,,,CAM_BACK_RIGHT,car,2,scene-0796,1
bus,True,0.9762740962121251,False,,0.0486,0.935,0.03389496224501296,2.406000000000001,0.0538009066726612,5.7440000000000015,0.0538009066726612,5.7440000000000015,-0.4450242669337392,0.04226852520583562,7.0230000000000015,0.027,-0.3976874351501465,-0.553463586687305,-0.4450242669337392,0.009165990555913384,161,0.2857142857142857,7.2167774622773,17.358605751737976,CAM_BACK_RIGHT,bus,0,scene-0796,1
car,False,0.1634920634920635,True,0.09466911764705882,0.0,1.0,0.0,0.0,0.0,0.0,0.0,0.0,0.46501218473694583,,,,1.0266168117523193,0.3855683809547269,0.46501218473694583,,0,,,,CAM_FRONT,car,0,scene-0796,2
car,False,0.926905132192846,False,,0.0,1.0,0.0,0.0,0.0,0.0,0.0,0.0,-0.31464634567585303,,,,0.810636579990387,-0.3817823411956578,-0.31464634567585303,,0,,,,CAM_FRONT,car,1,scene-0796,2
car,False,0.0,False,,0.0,1.0,0.0,0.0,0.0,0.0,0.0,0.0,-0.06525229356721596,,,,2.170816659927368,-0.08621483441489541,-0.06525229356721596,,0,,,,CAM_FRONT,car,2,scene-0796,2
car,False,0.7805512220488819,False,,0.0065,0.9935,0.0022721534965917697,0.018000000000000002,0.0019290123456790122,0.025000000000000005,0.0019290123456790122,0.025000000000000005,0.1766799992652509,,,,0.34641915559768677,0.08291919544262005,0.1766799992652509,,0,,,,CAM_FRONT,car,3,scene-0796,2
car,False,0.4723926380368098,True,0.3834661354581673,0.0,1.0,0.0,0.0,0.0,0.0,0.0,0.0,-0.41338873787812336,,,,0.8138036131858826,-0.4788496726477258,-0.41338873787812336,,0,,,,CAM_FRONT,car,4,scene-0796,2
car,False,0.0,False,,0.0,1.0,0.0,0.0,0.0,0.0,0.0,0.0,-0.5294298505435614,,,,0.39004695415496826,-0.5411539835972061,-0.5294298505435614,,0,,,,CAM_FRONT,car,5,scene-0796,2
car,False,0.13657407407407407,True,0.09424920127795527,0.0,1.0,0.0,0.0,0.0,0.0,0.0,0.0,-0.17954212376656997,,,,1.0904490947723389,-0.2232788447456433,-0.17954212376656997,,0,,,,CAM_FRONT,car,6,scene-0796,2
truck,True,1.0,True,0.5572841362558556,0.0092,0.99055,0.00827391362841383,0.12300000000000003,0.011758034026465029,0.3110000000000001,0.011758034026465029,0.3110000000000001,0.06836996618579383,0.005582922824302135,0.13600000000000004,0.00605,-0.14189228415489197,-0.009988078229326708,0.06836996618579383,-0.32724976079183776,46,0.4565217391304348,12.171447591260522,35.59679267694376,CAM_FRONT,truck,0,scene-0796,2
car,True,0.8420740261141686,True,0.6962851704241271,0.1065,0.8816,0.06493011435832274,0.5110000000000001,0.09645224171539961,1.2370000000000003,0.09645224171539961,1.2370000000000003,-0.2527678387011669,0.06638257575757575,0.7010000000000001,0.07375,-0.3156623840332031,-0.3403038963117458,-0.2527678387011669,-0.1319926721151271,343,0.8163265306122449,12.882840535399213,13.18462403816583,CAM_FRONT_RIGHT,car,0,scene-0796,2
car,True,0.9569962534614758,False,,0.0052,0.99455,0.004952775858097213,0.04300000000000001,0.004157931516422082,0.11900000000000002,0.004157931516422082,0.11900000000000002,0.37401770551603575,0.005582922824302135,0.13600000000000004,0.0088,-0.07727773487567902,0.27081538209675043,0.37401770551603575,-0.2626352115126248,14,1.0,12.171447591260522,35.59679267694376,CAM_FRONT_RIGHT,car,1,scene-0796,2
car,False,0.8160561184723305,True,0.6643401015228426,0.00305,0.99695,0.0038061777192211974,0.05200000000000001,0.003996003996003996,0.09600000000000002,0.003996003996003996,0.09600000000000002,0.5596917135922111,,,,-0.14831416308879852,0.4746038744325842,0.5596917135922111,,0,,,,CAM_BACK,car,1,scene-0796,2
car,True,0.9837318377119617,False,,0.0867,0.9059,0.07225562235582275,0.6490000000000001,0.09171075837742504,1.3000000000000003,0.09171075837742504,1.3000000000000003,-0.2160302653222408,0.061598440545808965,0.7900000000000001,0.0683,-0.48197951912879944,-0.27807405335265273,-0.2160302653222408,-0.12665317119216385,668,0.46706586826347307,10.612502326185021,14.952685964989223,CAM_BACK_RIGHT,car,0,scene-0796,2
car,False,0.9846581140060838,False,,0.04355,0.95,0.04284852142426071,0.21300000000000002,0.04310111141230686,0.3180000000000001,0.04310111141230686,0.3180000000000001,-0.09663706212174983,,,,-0.5418888330459595,-0.14253120146246984,-0.09663706212174983,,292,0.7363013698630136,,,CAM_BACK_RIGHT,car,1,scene-0796,2
bus,True,0.9948919507029625,False,,0.06775,0.9293,0.06854580397181294,3.5310000000000006,0.06375158136860265,13.858000000000004,0.06375158136860265,13.858000000000004,-0.23030771798035765,0.037935143723819155,6.303000000000002,0.0413,-0.5396547317504883,-0.33332839518372825,-0.23030771798035765,0.04770501007688832,312,0.20192307692307687,6.8296487342304575,18.68816143756857,CAM_BACK_RIGHT,bus,0,scene-0796,2
car,False,0.7163601161665053,False,,0.0,1.0,0.0,0.0,0.0,0.0,0.0,0.0,-0.09024714174635307,,,,0.6561915874481201,-0.1831762799295611,-0.09024714174635307,,0,,,,CAM_FRONT,car,0,scene-0796,3
car,True,0.36186186186186187,True,0.2645444566410538,0.0,1.0,0.0,0.0,0.0,0.0,0.0,0.0,0.06451740358556446,0.0,0.0,0.0,0.9046241044998169,0.0035362754400768415,0.06451740358556446,-0.4115249255240985,0,,10.658324188590667,88.62938399736277,CAM_FRONT,car,1,scene-0796,3
car,False,0.8298245614035088,False,,0.0,1.0,0.0,0.0,0.0,0.0,0.0,0.0,-0.771735581269029,,,,0.7503150701522827,-0.8278400440061942,-0.771735581269029,,0,,,,CAM_FRONT,car,2,scene-0796,3
car,False,0.7311935807422267,False,,0.0,1.0,0.0,0.0,0.0,0.0,0.0,0.0,0.129724754188822,,,,0.3182593286037445,0.05674012508082693,0.129724754188822,,0,,,,CAM_FRONT,car,3,scene-0796,3
car,False,0.0,False,,0.0,1.0,0.0,0.0,0.0,0.0,0.0,0.0,-1.0474675472220527,,,,0.36598965525627136,-1.0500048015293666,-1.0474675472220527,,0,,,,CAM_FRONT,car,4,scene-0796,3
car,False,0.1102514506769826,True,0.07661290322580645,0.0,1.0,0.0,0.0,0.0,0.0,0.0,0.0,0.1685181339279449,,,,1.226035237312317,0.11451580318779975,0.1685181339279449,,0,,,,CAM_FRONT,car,5,scene-0796,3
truck,True,0.923398652311982,True,0.7674530882873604,0.0171,0.98025,0.016113516113516115,0.13400000000000004,0.022634508348794064,0.48800000000000016,0.022634508348794064,0.48800000000000016,-0.2878188608380885,0.020689655172413793,0.5040000000000001,0.01335,-0.11359161883592606,-0.3659698210862524,-0.2878188608380885,-0.27651559594222885,108,0.03703703703703709,12.135053449249245,24.565140398599986,CAM_FRONT_RIGHT,truck,0,scene-0796,3
car,True,0.9187260473106912,True,0.5889528973229414,0.06995,0.92955,0.07365045430251202,0.6890000000000001,0.06250440917107583,0.886,0.06250440917107583,0.886,-0.3533298422752873,0.031734892787524366,0.4070000000000001,0.0324,-0.28491532802581787,-0.4370951990202423,-0.3533298422752873,-0.18348058160973646,269,0.14869888475836435,9.678305729760778,23.55075356767816,CAM_BACK,car,0,scene-0796,3
car,False,0.0,True,0.0,0.0,1.0,0.0,0.0,0.0,0.0,0.0,0.0,1.924564408738449,,,,-0.2390177845954895,1.9145743996761442,1.924564408738449,,0,,,,CAM_BACK,car,1,scene-0796,3
car,False,0.7636217948717948,True,0.6474184782608695,0.00325,0.99675,0.004585537918871252,0.05200000000000002,0.004644268774703557,0.09400000000000003,0.004644268774703557,0.09400000000000003,0.3687490717448282,,,,-0.2358616441488266,0.3014016911065207,0.3687490717448282,,0,,,,CAM_BACK,car,2,scene-0796,3
car,False,0.5345345345345346,True,0.41299303944315546,0.0,1.0,0.0,0.0,0.0008753501400560224,0.005000000000000002,0.0008753501400560224,0.005000000000000002,-0.010917959984685588,,,,-0.2412930428981781,-0.04940390884656398,-0.010917959984685588,,0,,,,CAM_BACK,car,3,scene-0796,3
bus,True,0.935948537827065,False,,0.019,0.9801,0.021110717359388447,0.4170000000000001,0.02014312218393851,1.8240000000000003,0.02014312218393851,1.8240000000000003,-0.08971991102672594,0.021215513505705618,3.525000000000001,0.0219,-0.3033921420574188,-0.25399622627003443,-0.08971991102672594,0.05509510254055239,125,0.6799999999999999,6.141524759240368,24.20012246296007,CAM_BACK,bus,0,scene-0796,3
car,True,0.9896980281975346,False,,0.13145,0.86135,0.10386558571260722,0.8840000000000003,0.12851063829787235,1.8120000000000005,0.12851063829787235,1.8120000000000005,-0.20792675121204462,0.10681818181818181,1.1280000000000001,0.12965,-0.22057834267616272,-0.26085042330170155,-0.20792675121204462,-0.19715906406858863,956,0.606694560669456,12.261303175927456,13.63808807709619,CAM_BACK_RIGHT,car,0,scene-0796,3
car,True,0.9623672951988591,False,,0.2849,0.71085,0.2624708624708625,0.5630000000000002,0.2760989010989011,0.8040000000000003,0.2760989010989011,0.8040000000000003,-0.7887157427669476,0.028367773057815536,0.3940000000000001,0.0,-0.21176619827747345,-0.816457990050539,-0.7887157427669476,0.12475871158651286,2231,0.23845809054235767,0.08897322653136998,20.62876877951313,CAM_BACK_RIGHT,car,1,scene-0796,3
bus,True,0.9937026089191621,False,,0.0436,0.95555,0.041448770094906065,1.4980000000000002,0.03676268861454047,6.968000000000003,0.03676268861454047,6.968000000000003,-0.16333837888205238,0.021215513505705618,3.525000000000001,0.0235,-0.2929244935512543,-0.3072007146613206,-0.16333837888205238,0.06556275104671694,243,0.10699588477366251,6.141524759240368,24.20012246296007,CAM_BACK_RIGHT,bus,0,scene-0796,3
car,False,0.9207100591715977,False,,0.0,1.0,0.0,0.0,0.0,0.0,0.0,0.0,-0.28476121400481547,,,,0.9402347803115845,-0.3781438182863326,-0.28476121400481547,,0,,,,CAM_FRONT,car,0,scene-0796,4
car,False,0.0,False,,0.0,1.0,0.0,0.0,0.0,0.0,0.0,0.0,-1.4646319957817024,,,,0.43989211320877075,-1.467616108194711,-1.4646319957817024,,0,,,,CAM_FRONT,car,1,scene-0796,4
car,False,0.3202336696760489,True,0.23499610288386594,0.00435,0.99565,0.002133245815556285,0.013000000000000003,0.0015594541910331384,0.016,0.0015594541910331384,0.016,0.24153841473066118,,,,0.5169988870620728,0.18783025118961938,0.24153841473066118,,0,,,,CAM_FRONT,car,2,scene-0796,4
car,False,0.0,False,,0.0,1.0,0.0,0.0,0.0,0.0,0.0,0.0,1.1571694463790085,,,,2.544384717941284,1.147700467134837,1.1571694463790085,,0,,,,CAM_FRONT,car,3,scene-0796,4
car,False,0.0,False,,0.0012,0.9988,0.00142602495543672,0.004000000000000001,0.006373626373626374,0.029000000000000005,0.006373626373626374,0.029000000000000005,-0.15948818036742596,,,,0.47368669509887695,-0.20026885062597477,-0.15948818036742596,,0,,,,CAM_FRONT,car,4,scene-0796,4
car,False,0.350354609929078,True,0.23170731707317074,0.0,1.0,0.0,0.0,0.0,0.0,0.0,0.0,-0.20902188186434545,,,,0.9261089563369751,-0.2573986399367596,-0.20902188186434545,,0,,,,CAM_FRONT,car,5,scene-0796,4
car,False,0.0,False,,0.0,1.0,0.0,0.0,0.0,0.0,0.0,0.0,-0.48177779918464747,,,,1.2177228927612305,-0.5155656611796853,-0.48177779918464747,,0,,,,CAM_FRONT,car,6,scene-0796,4
car,False,0.536745406824147,True,0.5131744040150564,0.0,1.0,0.0,0.0,0.0,0.0,0.0,0.0,-0.4348431550641081,,,,1.1319289207458496,-0.484135354589994,-0.4348431550641081,,0,,,,CAM_FRONT,car,7,scene-0796,4
trailer,True,0.9296949801668718,True,0.8157270108811606,0.05065,0.937,0.061863488624052006,0.5710000000000002,0.08375350140056022,1.7940000000000003,0.08375350140056022,1.7940000000000003,-0.18552928512352518,0.05730706075533662,1.3960000000000004,0.03485,-0.23259590566158295,-0.25442467611778646,-0.18552928512352518,-0.15570842089212567,351,0.19088319088319083,12.94166715052722,16.022614779735466,CAM_FRONT_RIGHT,trailer,0,scene-0796,4
car,False,0.0,False,,0.0,1.0,0.0,0.0,0.0,0.0,0.0,0.0,0.8458179774175649,,,,-0.24033223092556,0.837368982837321,0.8458179774175649,,0,,,,CAM_BACK,car,0,scene-0796,4
car,True,0.8849868305531168,True,0.6571056062581486,0.0129,0.9869,0.010724403075677864,0.10600000000000002,0.014276094276094276,0.21200000000000005,0.014276094276094276,0.21200000000000005,0.018248602780693624,0.006003898635477583,0.07700000000000001,0.0083,-0.27473267912864685,-0.06121685919588979,0.018248602780693624,-0.06311180519899418,18,0.0,8.99856274115526,33.345723388502954,CAM_BACK,car,1,scene-0796,4
car,True,0.9795249795249795,False,,0.0538,0.9441,0.050505050505050504,0.46500000000000014,0.03506172839506173,0.49700000000000005,0.03506172839506173,0.49700000000000005,-0.14920201930668497,0.04043560606060606,0.4270000000000001,0.0514,-0.22854258120059967,-0.2327159114907301,-0.14920201930668497,-0.12213438708868163,432,0.36342592592592593,12.027623054024568,22.687580833937744,CAM_BACK,car,2,scene-0796,4
car,False,0.9137645107794361,False,,0.0,1.0,0.0,0.0,0.0,0.0,0.0,0.0,0.3661245562933657,,,,-0.17897474765777588,0.3078761944104883,0.3661245562933657,,0,,,,CAM_BACK,car,3,scene-0796,4
car,True,0.7199621570482497,True,0.5366713681241185,0.0,1.0,0.0,0.0,0.0,0.0,0.0,0.0,0.5907185005202762,0.005324074074074074,0.069,0.0007,-0.26765185594558716,0.5202529913971797,0.5907185005202762,-0.11862704208775543,0,,15.244567380409368,39.858757580066126,CAM_BACK,car,4,scene-0796,4
bus,True,0.9242153610614953,False,,0.03655,0.9629,0.03556501853166154,0.9020000000000001,0.027877295118674428,2.9880000000000004,0.027877295118674428,2.9880000000000004,-0.3064706479731987,0.013999229621069864,2.3260000000000005,0.0053,-0.3028751313686371,-0.41293449587708275,-0.3064706479731987,0.1164350613825551,169,0.1952662721893491,5.694264482693524,31.43507262501642,CAM_BACK,bus,0,scene-0796,4
car,True,0.9453626444159179,False,,0.0367,0.9606,0.0455470737913486,0.17900000000000005,0.05240863787375415,0.6310000000000001,0.05240863787375415,0.6310000000000001,-0.2619068624481704,0.033119735042119666,0.46000000000000013,0.0212,-0.42080286145210266,-0.3110039504719755,-0.2619068624481704,-0.01853085178641556,218,0.22018348623853212,0.003606470454812123,23.623850202019714,CAM_BACK_RIGHT,car,0,scene-0796,4
car,False,0.9987585350713842,False,,0.00705,0.99295,0.011282437006393382,0.09000000000000002,0.007803030303030303,0.10300000000000002,0.007803030303030303,0.10300000000000002,0.05668576499397493,,,,0.3572520613670349,-0.006985931944403778,0.05668576499397493,,36,0.5277777777777778,,,CAM_BACK_RIGHT,car,1,scene-0796,4
bus,True,0.5531396764654722,False,,0.03805,0.9615,0.0372789549147682,1.1700000000000004,0.04054951690821256,5.372000000000001,0.04054951690821256,5.372000000000001,1.363647657752285,0.013999229621069864,2.3260000000000005,0.00965,-0.19846726953983307,1.185243618621183,1.363647657752285,0.22084292321135912,298,0.7181208053691275,5.694264482693524,31.43507262501642,CAM_BACK_RIGHT,bus,0,scene-0796,4
car,False,0.8790723357261182,True,0.7635491606714628,0.0,1.0,0.0,0.0,0.0,0.0,0.0,0.0,-0.37399868389278623,,,,0.9419536590576172,-0.4306926898078318,-0.37399868389278623,,0,,,,CAM_FRONT,car,0,scene-0796,5
car,False,0.0,False,,0.0338,0.9662,0.027186761229314422,0.023000000000000007,0.03214285714285714,0.036000000000000004,0.03214285714285714,0.036000000000000004,-0.6938684796739287,,,,0.5918145179748535,-0.6998408647228285,-0.6938684796739287,,0,,,,CAM_FRONT,car,1,scene-0796,5
car,False,0.6462311557788945,True,0.5127591706539075,0.0,1.0,0.0,0.0,0.0,0.0,0.0,0.0,-0.18614512629968427,,,,0.9931432008743286,-0.2322351945976453,-0.18614512629968427,,0,,,,CAM_FRONT,car,2,scene-0796,5
car,False,0.33969465648854963,True,0.2505026135906715,0.003,0.997,0.0011584800741427247,0.005,0.0016591251885369532,0.011000000000000003,0.0016591251885369532,0.011000000000000003,-0.08369595821444176,,,,0.5768400430679321,-0.1291566203377007,-0.08369595821444176,,34,1.0,,,CAM_FRONT,car,3,scene-0796,5
car,False,0.0,False,,0.0,1.0,0.0,0.0,0.0,0.0,0.0,0.0,0.040364619003522506,,,,1.0733833312988281,0.011200530743548764,0.040364619003522506,,0,,,,CAM_FRONT,car,4,scene-0796,5
car,False,0.26564673157162727,True,0.16050420168067228,0.0,1.0,0.0,0.0,0.0,0.0,0.0,0.0,0.3596115153428765,,,,1.397918462753296,0.29656236841914474,0.3596115153428765,,0,,,,CAM_FRONT,car,5,scene-0796,5
car,False,0.0,False,,0.0,1.0,0.0,0.0,0.0,0.0,0.0,0.0,-0.3814348082053849,,,,2.3065133094787598,-0.42326413269388086,-0.3814348082053849,,0,,,,CAM_FRONT,car,6,scene-0796,5
car,False,0.49266862170087977,True,0.47124824684431976,0.0,1.0,0.0,0.0,0.0,0.0,0.0,0.0,-1.2787600734824536,,,,0.04331156611442566,-1.2985801621319466,-1.2787600734824536,,0,,,,CAM_FRONT_RIGHT,car,0,scene-0796,5
car,False,0.0,False,,0.0,1.0,0.0,0.0,0.0,0.0,0.0,0.0,0.3512391255427323,,,,-0.22914674878120422,0.32547680383478184,0.3512391255427323,,0,,,,CAM_BACK,car,0,scene-0796,5
car,False,0.855,True,0.671026814911707,0.0,1.0,0.0,0.0,0.0,0.0,0.0,0.0,0.4466551444475363,,,,-0.21903900802135468,0.3590670309925147,0.4466551444475363,,0,,,,CAM_BACK,car,1,scene-0796,5
car,True,0.9863789138510526,False,,0.03105,0.9688,0.022079976985040276,0.30700000000000005,0.0245020964360587,0.5610000000000002,0.0245020964360587,0.5610000000000002,-0.10519018743916608,0.025703794369645042,0.35700000000000004,0.02375,-0.4556260108947754,-0.1684386639055816,-0.10519018743916608,-0.022517942804182733,183,0.5737704918032787,0.003608437644390235,27.713803701120693,CAM_BACK,car,2,scene-0796,5
car,True,0.7150406504065041,True,0.4807324405575294,0.0131,0.9869,0.01838345489059846,0.18400000000000002,0.01281431334622824,0.21200000000000005,0.01281431334622824,0.21200000000000005,-0.10492032507954896,0.004166666666666667,0.04400000000000001,0.008,-0.2576005458831787,-0.15606026740757795,-0.10492032507954896,-0.07374605871455164,91,0.0,12.027110379984412,33.83936667881987,CAM_BACK,car,3,scene-0796,5
car,False,0.0,False,,0.0,1.0,0.0,0.0,0.0,0.0,0.0,0.0,0.8680062767056786,,,,-0.22391891479492188,0.8664475313335138,0.8680062767056786,,0,,,,CAM_BACK,car,4,scene-0796,5
car,True,0.7138989169675091,True,0.5255813953488372,0.0,1.0,0.0,0.0,0.0,0.0,0.0,0.0,0.7653320519537528,0.0049382716049382715,0.06400000000000002,0.0011,-0.23159639537334442,0.6976550932981896,0.7653320519537528,-0.07790758598877023,0,,15.366620052267189,38.498923870119334,CAM_BACK,car,5,scene-0796,5
bus,True,0.9428692084942085,True,0.7793457664306372,0.01935,0.98035,0.016501763547249325,1.4410000000000005,0.016936358918714912,2.1540000000000004,0.016936358918714912,2.1540000000000004,-0.02280554509467647,0.006451923539891184,1.0720000000000003,0.00335,-0.2888961434364319,-0.08436008985986376,-0.02280554509467647,0.25857788197603804,189,0.12698412698412698,5.549864897803791,39.27112394729697,CAM_BACK,bus,0,scene-0796,5
car,True,0.8675458046446494,True,0.5805544709098008,0.08765,0.91115,0.03952763654256192,0.24100000000000005,0.06796992481203007,0.6780000000000002,0.06796992481203007,0.6780000000000002,0.07674220544791455,0.025703794369645042,0.35700000000000004,0.00405,-0.3726516664028168,0.02038136123493617,0.07674220544791455,0.060456401687775885,763,0.8558322411533421,0.003608437644390235,27.713803701120693,CAM_BACK_RIGHT,car,0,scene-0796,5
truck,True,0.9859319655149369,True,0.877315571942553,0.1111,0.88315,0.08553474467695686,1.4020000000000004,0.08702147525676937,1.8640000000000003,0.08702147525676937,1.8640000000000003,-0.09636351628803574,0.09704433497536946,2.3640000000000008,0.10735,-0.21104785799980164,-0.16662440329765416,-0.09636351628803574,-0.16547415043668134,707,0.24328147100424324,13.048671526240168,15.290017430708732,CAM_BACK_RIGHT,truck,0,scene-0796,5
car,False,0.0,False,,0.0,1.0,0.0,0.0,0.0,0.0,0.0,0.0,0.4445422766370719,,,,0.7433959245681763,0.40330476582890906,0.4445422766370719,,0,,,,CAM_FRONT,car,0,scene-0796,6
car,False,0.42925495557074506,True,0.26849080803762293,0.0,1.0,0.0,0.0,0.0,0.0,0.0,0.0,0.7211274626115126,,,,0.7728321552276611,0.648501180626063,0.7211274626115126,,0,,,,CAM_FRONT,car,1,scene-0796,6
car,False,0.0,True,0.0,0.0,1.0,0.0,0.0,0.0,0.0,0.0,0.0,44.98788169900829,,,,-0.49169301986694336,44.52900959325583,44.98788169900829,,0,,,,CAM_FRONT,car,2,scene-0796,6
car,False,0.019762845849802372,False,,0.0,1.0,0.0,0.0,0.0,0.0,0.0,0.0,-0.5450230668791542,,,,0.47865864634513855,-0.5924514211605936,-0.5450230668791542,,0,,,,CAM_FRONT,car,3,scene-0796,6
car,False,0.40215924426450744,True,0.2718978102189781,0.0,1.0,0.0,0.0,0.0,0.0,0.0,0.0,-0.03532096228250159,,,,0.9465632438659668,-0.09732930767603065,-0.03532096228250159,,0,,,,CAM_FRONT,car,4,scene-0796,6
car,False,0.36153846153846153,False,,0.0,1.0,0.0,0.0,0.0,0.0,0.0,0.0,-0.08996058462514667,,,,0.5133610963821411,-0.16073813930217606,-0.08996058462514667,,0,,,,CAM_FRONT,car,5,scene-0796,6
car,False,0.0,True,0.0,0.0,1.0,0.0,0.0,0.0,0.0,0.0,0.0,1.3889036318381778,,,,-0.03834579885005951,1.374717926219737,1.3889036318381778,,0,,,,CAM_FRONT,car,6,scene-0796,6
car,False,0.07212475633528265,True,0.03627450980392157,0.0,1.0,0.0,0.0,0.0,0.0,0.0,0.0,-0.18262736287513393,,,,0.6365722417831421,-0.23316986095900594,-0.18262736287513393,,0,,,,CAM_FRONT,car,7,scene-0796,6
car,False,0.6523809523809524,True,0.36363636363636365,0.0,1.0,0.0,0.0,0.0,0.0,0.0,0.0,-1.1512389534132292,,,,-0.2006915807723999,-1.1801009788383396,-1.1512389534132292,,0,,,,CAM_FRONT_RIGHT,car,0,scene-0796,6
car,True,0.8797178130511464,True,0.6831005204053684,0.02715,0.97285,0.03625269203158651,0.10100000000000002,0.03720238095238095,0.15000000000000002,0.03720238095238095,0.15000000000000002,-0.5329156336737273,0.0001392369813422445,0.002,0.0,-0.32044729590415955,-0.5753409123450509,-0.5329156336737273,0.28500496094874594,99,0.6464646464646464,0.04429452177491836,50.272745207141995,CAM_FRONT_RIGHT,car,1,scene-0796,6
car,False,0.0,False,,0.0,1.0,0.0,0.0,0.0,0.0,0.0,0.0,0.39502376775627557,,,,0.11109711229801178,0.3851815158508235,0.39502376775627557,,0,,,,CAM_BACK,car,0,scene-0796,6
car,False,0.8632326820603907,True,0.790886899918633,0.0,1.0,0.0,0.0,0.0,0.0,0.0,0.0,0.1820425785434956,,,,0.008035898208618164,0.12504929494102068,0.1820425785434956,,0,,,,CAM_BACK,car,1,scene-0796,6
car,False,0.6148867313915858,False,,0.0043,0.9949,0.004353650368385801,0.013000000000000005,0.004084967320261438,0.015000000000000005,0.004084967320261438,0.015000000000000005,0.36084588585572996,,,,-0.3117014169692993,0.353557169289228,0.36084588585572996,,56,0.0,,,CAM_BACK,car,2,scene-0796,6
car,True,0.975609756097561,False,,0.0034,0.9966,0.011583011583011582,0.09300000000000001,0.008333333333333333,0.10500000000000002,0.008333333333333333,0.10500000000000002,-0.12516305296669894,0.003409090909090909,0.036000000000000004,0.0051,-0.3104807734489441,-0.19639301631235823,-0.12516305296669894,-0.19487363418148884,28,0.0,12.05455641135036,45.55051917044564,CAM_BACK,car,3,scene-0796,6
car,False,0.6363636363636364,True,0.4978902953586498,0.0099,0.9882,0.010849673202614379,0.08300000000000002,0.00864018087855297,0.10700000000000001,0.00864018087855297,0.10700000000000001,0.22990480645244205,,,,-0.12040001899003983,0.17486701556255163,0.22990480645244205,,54,0.7962962962962963,,,CAM_BACK,car,4,scene-0796,6
bus,True,0.8810779144698301,True,0.6376664122784703,0.005,0.9946,0.0034505862646566163,0.20600000000000004,0.00514030612244898,0.8060000000000002,0.00514030612244898,0.8060000000000002,0.8887360343366812,0.0019319659107323414,0.32100000000000006,0.00035,-0.4294571876525879,0.7343751507627767,0.8887360343366812,0.15634943132741452,52,0.07692307692307687,5.286649536691326,47.492687304187854,CAM_BACK,bus,0,scene-0796,6
truck,True,0.944769784559179,True,0.7477251466961476,0.0517,0.9461,0.05236371861569781,0.46300000000000013,0.06174006444683136,1.4370000000000003,0.06174006444683136,1.4370000000000003,-0.38200921246551167,0.04860426929392447,1.1840000000000004,0.03555,-0.36284130811691284,-0.4064154369144519,-0.38200921246551167,-0.2841720068110424,322,0.0993788819875776,12.236271388789671,23.046526571139616,CAM_BACK,truck,0,scene-0796,6
truck,True,0.8872300534685091,False,,0.04565,0.9523,0.041583366653338664,0.41600000000000015,0.03621933621933622,0.5020000000000001,0.03621933621933622,0.5020000000000001,0.23402730878034894,0.04860426929392447,1.1840000000000004,0.01345,-0.3449285626411438,0.16402670468654712,0.23402730878034894,-0.26625926133527333,362,0.24033149171270718,12.236271388789671,23.046526571139616,CAM_BACK_RIGHT,truck,0,scene-0796,6
car,False,0.1145374449339207,True,0.08360128617363344,0.0,1.0,0.0,0.0,0.0,0.0,0.0,0.0,-0.9058797625169825,,,,1.5233219861984253,-0.9174908566850206,-0.9058797625169825,,0,,,,CAM_FRONT,car,0,scene-0796,7
car,False,0.0,False,,0.0,1.0,0.0,0.0,0.0,0.0,0.0,0.0,0.7141273885738378,,,,1.5152393579483032,0.6644132312707804,0.7141273885738378,,0,,,,CAM_FRONT,car,1,scene-0796,7
car,False,0.0,True,0.0,0.0,1.0,0.0,0.0,0.0,0.0,0.0,0.0,1.169972987465917,,,,2.918398380279541,1.1232454854372107,1.169972987465917,,0,,,,CAM_FRONT,car,2,scene-0796,7
car,False,0.6484375,True,0.5169550173010381,0.00345,0.99655,0.002241434518091579,0.014000000000000004,0.0020496003279360524,0.020000000000000004,0.0020496003279360524,0.020000000000000004,-0.32974220079741423,,,,0.6422010660171509,-0.3767447633816967,-0.32974220079741423,,12,0.0,,,CAM_FRONT,car,3,scene-0796,7
car,False,0.8222722159730034,False,,0.0,1.0,0.0,0.0,0.0,0.0,0.0,0.0,0.007519412879082754,,,,0.8574453592300415,-0.07268724690327266,0.007519412879082754,,0,,,,CAM_FRONT,car,4,scene-0796,7
car,False,0.3157199471598415,True,0.2008403361344538,0.0,1.0,0.0,0.0,0.0,0.0,0.0,0.0,0.19008457245161248,,,,1.566449522972107,0.1276164467669325,0.19008457245161248,,0,,,,CAM_FRONT,car,5,scene-0796,7
car,False,0.0,False,,0.0,1.0,0.0,0.0,0.0,0.0,0.0,0.0,-0.35245866207494947,,,,0.8623417615890503,-0.3736465803697302,-0.35245866207494947,,0,,,,CAM_FRONT,car,6,scene-0796,7
car,False,0.9228896103896104,False,,0.00085,0.9988,0.00016716817118020728,0.0010000000000000002,0.0006578947368421052,0.006000000000000002,0.0006578947368421052,0.006000000000000002,-0.41041720511521973,,,,0.8033663034439087,-0.4941715383163745,-0.41041720511521973,,0,,,,CAM_FRONT,car,7,scene-0796,7
car,True,0.9310344827586207,False,,0.0,1.0,0.0,0.0,0.0,0.0,0.0,0.0,-0.2650292079684804,0.0,0.0,0.0,0.9904912710189819,-0.3318776903730054,-0.2650292079684804,-0.23665412436617017,0,,14.151508459691597,60.433310276607884,CAM_FRONT,car,8,scene-0796,7
car,False,0.0,False,,0.0,1.0,0.0,0.0,0.0,0.0,0.0,0.0,0.27493873404869973,,,,-0.3833105266094208,0.26875503338188245,0.27493873404869973,,0,,,,CAM_BACK,car,0,scene-0796,7
car,True,0.8755477651183172,True,0.7556732223903178,0.0,1.0,0.0,0.0,0.0,0.0,0.0,0.0,0.47452730002697097,0.0013828763828763828,0.023000000000000007,0.00225,-0.27941325306892395,0.4076839846939536,0.47452730002697097,-0.2490802221288444,0,,12.442003605604613,39.16989333783385,CAM_BACK,car,1,scene-0796,7
car,True,0.8721973094170403,True,0.6398026315789473,0.0,1.0,0.0,0.0,0.0,0.0,0.0,0.0,-0.0339424872042402,0.0,0.0,0.0,-0.5708630084991455,-0.10929510273544235,-0.0339424872042402,-0.1385214012763788,0,,7.549115568859727,63.893996575699504,CAM_BACK,car,2,scene-0796,7
car,True,0.7835420393559929,True,0.5608194622279129,0.0,1.0,0.0,0.0,0.0,0.0,0.0,0.0,-0.45496245301579563,0.0,0.0,0.0,-0.5716935396194458,-0.5010999121264061,-0.45496245301579563,-0.18345379581693788,0,,12.08439980637869,57.40278517742635,CAM_BACK,car,3,scene-0796,7
car,True,0.8262548262548263,False,,0.0165,0.9828,0.009487666034155597,0.06000000000000001,0.010317460317460317,0.10400000000000002,0.010317460317460317,0.10400000000000002,-0.29481612398559753,0.0073439412484700125,0.10200000000000002,0.0045,-0.597453236579895,-0.3490184372634913,-0.29481612398559753,0.027982047059698867,132,0.037878787878787845,0.0036064601337641466,37.57424727543487,CAM_BACK,car,4,scene-0796,7
car,True,0.7603787327021122,True,0.7077966101694916,0.0267,0.97285,0.01539193906696287,0.09700000000000003,0.011851851851851851,0.12800000000000003,0.011851851851851851,0.12800000000000003,-0.10473264042519048,0.006404320987654321,0.08300000000000002,0.0006,-0.32802581787109375,-0.166177065677109,-0.10473264042519048,-0.13582911767548989,208,0.0,15.317830739745242,35.41179309211863,CAM_BACK,car,5,scene-0796,7
truck,True,0.966465621230398,False,,0.00555,0.9944,0.005801305293691081,0.16800000000000004,0.003421156935144043,0.4920000000000001,0.003421156935144043,0.4920000000000001,0.63343273230579,0.0006981559054359863,0.11600000000000002,0.0,-0.5141208171844482,0.5158342040436639,0.63343273230579,0.3630952806354619,65,0.3076923076923077,4.613652787823629,55.5281522172186,CAM_BACK,truck,0,scene-0796,7
truck,True,0.9265129682997119,False,,0.0598,0.9398,0.028886458902861307,0.31700000000000006,0.032644110275689225,0.5210000000000001,0.032644110275689225,0.5210000000000001,-0.40821004731312116,0.007430213464696223,0.18100000000000005,0.00445,-0.5322248935699463,-0.45612312548934175,-0.40821004731312116,-0.2612894835007685,210,0.5857142857142856,12.125163917349305,33.511741751546374,CAM_BACK,truck,1,scene-0796,7
car,False,0.8268995098039216,False,,0.0,1.0,0.0,0.0,0.0003156565656565657,0.005000000000000002,0.0003156565656565657,0.005000000000000002,-0.2461803229268873,,,,0.45649826526641846,-0.34022448153156915,-0.2461803229268873,,0,,,,CAM_FRONT,car,0,scene-0796,8
car,False,0.4365482233502538,True,0.32637571157495254,0.0,1.0,0.0,0.0,0.0,0.0,0.0,0.0,-0.23956397318670009,,,,2.092613458633423,-0.28943809140735244,-0.23956397318670009,,0,,,,CAM_FRONT,car,1,scene-0796,8
car,True,0.8235989595649089,True,0.7151950718685831,0.01825,0.9811,0.008305020762551907,0.06600000000000002,0.01813953488372093,0.23400000000000004,0.01813953488372093,0.23400000000000004,-0.176805626711105,0.016536458333333334,0.25400000000000006,0.01215,0.08639871329069138,-0.24866532290801685,-0.176805626711105,-0.22421617587572062,117,0.9316239316239316,9.24161933965467,40.61079256043712,CAM_FRONT,car,2,scene-0796,8
car,False,0.0,False,,0.0,1.0,0.0,0.0,0.0,0.0,0.0,0.0,-0.8518197008929946,,,,0.5407212376594543,-0.8566142745126937,-0.8518197008929946,,0,,,,CAM_FRONT,car,3,scene-0796,8
car,False,0.4894837476099426,False,,0.0,1.0,0.0,0.0,0.0,0.0,0.0,0.0,-0.7455616950390285,,,,1.5614721775054932,-0.8010375671960102,-0.7455616950390285,,0,,,,CAM_FRONT,car,4,scene-0796,8
car,False,0.7359617682198327,False,,0.0,1.0,0.0,0.0,0.0,0.0,0.0,0.0,0.08417654004609776,,,,0.5815528631210327,0.0020044141622702627,0.08417654004609776,,0,,,,CAM_FRONT,car,5,scene-0796,8
car,False,0.0,False,,0.0,1.0,0.0,0.0,0.0,0.0,0.0,0.0,-0.12210505005969807,,,,0.5880794525146484,-0.1507131591728359,-0.12210505005969807,,0,,,,CAM_FRONT,car,6,scene-0796,8
car,False,0.43413978494623656,True,0.2718855218855219,0.0,1.0,0.0,0.0,0.0,0.0,0.0,0.0,0.1537759735191333,,,,1.2465524673461914,0.08692712824173854,0.1537759735191333,,0,,,,CAM_FRONT,car,7,scene-0796,8
car,True,0.0,False,,0.0,1.0,0.0,0.0,0.0,0.0,0.0,0.0,2.028652005963979,0.0013338668800853674,0.020000000000000004,0.001,0.26522329449653625,1.951705802634525,2.028652005963979,-0.17236459502714352,0,,13.655448784707215,47.52437035418233,CAM_FRONT,car,8,scene-0796,8
car,False,0.8520555119141137,True,0.5525556121582612,0.00675,0.991,0.010789149198520346,0.03500000000000001,0.0368198110133594,0.22600000000000003,0.0368198110133594,0.22600000000000003,-0.49100181453615543,,,,-0.5625538229942322,-0.5373032147951726,-0.49100181453615543,,46,0.6739130434782609,,,CAM_FRONT_RIGHT,car,0,scene-0796,8
car,False,0.7069109075770191,True,0.6051318602993585,0.0,1.0,0.0,0.0,0.0,0.0,0.0,0.0,0.27080712596438516,,,,-0.01615806668996811,0.2051966268064277,0.27080712596438516,,0,,,,CAM_BACK,car,0,scene-0796,8
car,False,0.0,True,0.0,0.0,1.0,0.0,0.0,0.0,0.0,0.0,0.0,2.1057850372620317,,,,-0.11340158432722092,2.07835713083894,2.1057850372620317,,0,,,,CAM_BACK,car,1,scene-0796,8
car,False,0.0,False,,0.0,1.0,0.0,0.0,0.0,0.0,0.0,0.0,1.8016677189590156,,,,0.28551027178764343,1.7853132752004859,1.8016677189590156,,0,,,,CAM_BACK,car,2,scene-0796,8
car,False,0.9239766081871345,True,0.6208251473477406,0.0,1.0,0.0,0.0,0.0,0.0,0.0,0.0,0.1821681868110714,,,,-0.07959391921758652,0.09117493322383244,0.1821681868110714,,0,,,,CAM_BACK,car,3,scene-0796,8
car,True,0.8051166290443943,True,0.6286721504112809,0.00725,0.99275,0.00623369092490577,0.04300000000000001,0.012721186035389766,0.13300000000000003,0.012721186035389766,0.13300000000000003,-0.2988538552258202,0.009071927424580604,0.12600000000000003,0.0073,-0.7671291828155518,-0.360392410624203,-0.2988538552258202,-0.08356536838397177,4,0.0,0.0036043112553083173,42.96773266070113,CAM_BACK,car,4,scene-0796,8
car,True,0.8198837959974177,False,,0.0,1.0,0.0,0.0,0.0004409171075837742,0.008000000000000002,0.0004409171075837742,0.008000000000000002,0.15485629572302861,0.006327160493827161,0.08200000000000002,0.0056,-0.16001054644584656,0.07400685660001596,0.15485629572302861,-0.14593754366403722,0,,15.166652810195513,33.96593367964391,CAM_BACK,car,5,scene-0796,8
bus,False,0.9607412826139966,True,0.8192971511748804,0.0063,0.9931,0.0047327094761751105,0.08800000000000002,0.006747638326585695,0.5600000000000002,0.006747638326585695,0.5600000000000002,0.3997960851425406,,,,-0.5203342437744141,0.23727845140570603,0.3997960851425406,,7,0.0,,,CAM_BACK,bus,0,scene-0796,8
car,False,0.5191489361702127,True,0.5006839945280438,0.0,1.0,0.0,0.0,0.0,0.0,0.0,0.0,0.407515347912498,,,,3.0419607162475586,0.352835925806795,0.407515347912498,,0,,,,CAM_FRONT,car,0,scene-0796,9
car,False,0.24295774647887325,True,0.17737789203084833,0.0,1.0,0.0,0.0,0.0,0.0,0.0,0.0,0.8003305292049252,,,,2.341188669204712,0.7356262149819746,0.8003305292049252,,0,,,,CAM_FRONT,car,1,scene-0796,9
car,False,0.0,True,0.0,0.0,1.0,0.0,0.0,0.0,0.0,0.0,0.0,1.314791619465991,,,,0.43017011880874634,1.3081198620713548,1.314791619465991,,0,,,,CAM_FRONT,car,2,scene-0796,9
car,True,0.7986241400875547,True,0.5312716682845653,0.01155,0.9876,0.0040904716073147255,0.034,0.01747014595311809,0.23700000000000007,0.01747014595311809,0.23700000000000007,-0.013213418515396813,0.013405362144857944,0.20100000000000007,0.0176,0.22546719014644623,-0.07200642139069519,-0.013213418515396813,-0.0495075850376403,0,,13.958520774870511,35.2674215861229,CAM_FRONT,car,3,scene-0796,9
car,False,0.013544018058690745,False,,0.0,1.0,0.0,0.0,0.0,0.0,0.0,0.0,-0.4281035218342062,,,,0.7315338253974915,-0.46083514288721283,-0.4281035218342062,,0,,,,CAM_FRONT,car,4,scene-0796,9
car,True,0.8134361826172751,False,,0.03875,0.96045,0.02002695936838051,0.20800000000000005,0.04653289887383525,0.8140000000000003,0.04653289887383525,0.8140000000000003,-0.06970274756917005,0.008138020833333334,0.12500000000000003,0.03835,0.03290413320064545,-0.1511642440281461,-0.06970274756917005,-0.10004121370938024,224,0.9821428571428571,11.190358371897137,29.681916876852704,CAM_FRONT,car,5,scene-0796,9
car,False,0.3768939393939394,False,,0.0,1.0,0.0,0.0,0.0,0.0,0.0,0.0,-0.20777454326200395,,,,0.6414079666137695,-0.2591692767099598,-0.20777454326200395,,0,,,,CAM_FRONT,car,6,scene-0796,9
car,False,0.5318352059925093,True,0.37566137566137564,0.0,1.0,0.0,0.0,0.0,0.0,0.0,0.0,0.14390181838273497,,,,1.5481557846069336,0.08568302827200092,0.14390181838273497,,0,,,,CAM_FRONT,car,7,scene-0796,9
car,False,0.8930170098478066,False,,0.00495,0.99505,0.004707870593915983,0.039000000000000014,0.003902298019945079,0.05400000000000001,0.003902298019945079,0.05400000000000001,-0.25734524733555153,,,,0.4568156599998474,-0.35639827451130535,-0.25734524733555153,,10,1.0,,,CAM_FRONT,car,8,scene-0796,9
car,False,0.40947075208913647,False,,0.0,1.0,0.0,0.0,0.0,0.0,0.0,0.0,-0.9676540008348005,,,,0.8088805079460144,-0.9987130342782777,-0.9676540008348005,,0,,,,CAM_FRONT,car,9,scene-0796,9
motorcycle,True,0.5433422698838248,True,0.2996550024642681,0.0917,0.9054,0.07581967213114754,0.037000000000000005,0.06149732620320856,0.09200000000000003,0.05203619909502263,0.09200000000000003,0.054694317050834496,0.03443877551020408,0.08100000000000002,0.00315,1.0274009704589844,0.024737701916343724,0.054694317050834496,-0.1082501826117035,529,1.0,1.8539383409975787,25.6569631338517,CAM_FRONT,motorcycle,0,scene-0796,9
car,True,0.7450914300160107,False,,0.04655,0.9533,0.030051150895140665,0.23500000000000007,0.04983388704318937,0.6000000000000001,0.04983388704318937,0.6000000000000001,-0.4769351050064131,0.008138020833333334,0.12500000000000003,0.00685,-0.02152600884437561,-0.5483813846851925,-0.4769351050064131,-0.1544713557544013,343,0.9883381924198251,11.190358371897137,29.681916876852704,CAM_FRONT_RIGHT,car,0,scene-0796,9
car,False,0.8606158833063209,False,,0.0,1.0,0.0,0.0,0.0,0.0,0.0,0.0,0.32359848130617774,,,,0.07633501291275024,0.2550399693582691,0.32359848130617774,,0,,,,CAM_BACK,car,0,scene-0796,9
car,False,0.06694560669456066,False,,0.0,1.0,0.0,0.0,0.0,0.0,0.0,0.0,0.1156903247033183,,,,0.030536949634552002,0.0836828600736236,0.1156903247033183,,0,,,,CAM_BACK,car,1,scene-0796,9
car,False,0.15163934426229508,True,0.11349693251533742,0.0,1.0,0.0,0.0,0.0,0.0,0.0,0.0,-0.24367829760381166,,,,-0.20430979132652283,-0.25027067229205274,-0.24367829760381166,,0,,,,CAM_BACK,car,2,scene-0796,9
car,False,0.0,True,0.0,0.0,1.0,0.0,0.0,0.0,0.0,0.0,0.0,0.472316367885248,,,,0.17808908224105835,0.46406683842820773,0.472316367885248,,0,,,,CAM_BACK,car,3,scene-0796,9
car,False,0.73,True,0.5300829875518672,0.0,1.0,0.0,0.0,0.0017586580086580087,0.013000000000000005,0.0017586580086580087,0.013000000000000005,-0.0680848248582584,,,,-0.5251972675323486,-0.12581353751721824,-0.0680848248582584,,0,,,,CAM_BACK,car,4,scene-0796,9
car,False,0.20179372197309417,True,0.14150943396226415,0.0,1.0,0.0,0.0,0.0,0.0,0.0,0.0,0.07926643656185295,,,,-0.2523605227470398,0.06621666020171735,0.07926643656185295,,0,,,,CAM_BACK,car,5,scene-0796,9
car,True,0.9714950552646888,False,,0.00515,0.99485,0.0040273157065312554,0.046000000000000006,0.0025365853658536586,0.05200000000000001,0.0025365853658536586,0.05200000000000001,0.1536947872091904,0.012114197530864198,0.15700000000000003,0.01225,-0.11113929748535156,0.08568712952558313,0.1536947872091904,-0.07803139895629674,7,0.0,15.211384681743215,32.38701208456645,CAM_BACK,car,6,scene-0796,9
truck,False,0.5725255972696246,True,0.48169418521177315,0.0,1.0,0.0,0.0,0.0,0.0,0.0,0.0,0.4001822851602075,,,,-0.3213016092777252,0.3282330649767714,0.4001822851602075,,0,,,,CAM_BACK,truck,0,scene-0796,9
car,True,0.9488043112158976,False,,0.00085,0.9986,0.00203276336242975,0.017000000000000005,0.0032968574635241304,0.047000000000000014,0.0032968574635241304,0.047000000000000014,-0.16214131175088364,0.0005367686527106817,0.008000000000000002,5e-05,-0.28341788053512573,-0.28934347524067144,-0.16214131175088364,-0.13971229309034172,3,0.0,0.0,36.294505673669526,CAM_FRONT,car,0,scene-0796,10
car,False,0.0,True,0.0,0.0,1.0,0.0,0.0,0.0,0.0,0.0,0.0,1.4735719783503098,,,,-0.18074001371860504,1.4527426281567117,1.4735719783503098,,0,,,,CAM_FRONT,car,1,scene-0796,10
car,False,0.6201456310679612,True,0.5983606557377049,0.0,1.0,0.0,0.0,0.0,0.0,0.0,0.0,-1.395497426821351,,,,-0.31914061307907104,-1.500598032102395,-1.395497426821351,,0,,,,CAM_FRONT,car,2,scene-0796,10
car,True,0.6123778501628665,False,,0.0043,0.9956,0.005518896220755849,0.04600000000000001,0.016472868217054265,0.2550000000000001,0.016472868217054265,0.2550000000000001,0.11078798105696563,0.0075363478724823265,0.11300000000000003,0.0081,-0.4092153310775757,0.05127494358340717,0.11078798105696563,0.012552794528464029,55,0.6181818181818182,14.748751964981846,22.813773680282736,CAM_FRONT,car,3,scene-0796,10
car,False,0.5314685314685315,True,0.418732782369146,0.0,1.0,0.0,0.0,0.0,0.0,0.0,0.0,-0.6367149319483314,,,,-0.1210668534040451,-0.7158032465977601,-0.6367149319483314,,0,,,,CAM_FRONT,car,4,scene-0796,10
car,True,0.8600357355568791,False,,0.0,1.0,0.0,0.0,0.0,0.0,0.0,0.0,-0.20600796579052782,0.0022418478260869566,0.03300000000000001,0.0053,-0.06372924149036407,-0.2790971431817018,-0.20600796579052782,-0.2145067627870052,0,,12.289092950713657,51.03621953883905,CAM_FRONT,car,5,scene-0796,10
car,False,0.23557692307692307,True,0.1388101983002833,0.0,1.0,0.0,0.0,0.0,0.0,0.0,0.0,0.16359169471384782,,,,0.0734226256608963,0.08548018038260535,0.16359169471384782,,0,,,,CAM_FRONT,car,6,scene-0796,10
car,False,0.25,False,,0.0,1.0,0.0,0.0,0.0,0.0,0.0,0.0,-1.1859421376873813,,,,-0.05511690676212311,-1.210033105585633,-1.1859421376873813,,0,,,,CAM_FRONT,car,7,scene-0796,10
car,False,0.7715909090909091,False,,0.0,1.0,0.0,0.0,0.0,0.0,0.0,0.0,0.7579136229915302,,,,-0.6760246753692627,0.6638675416058022,0.7579136229915302,,0,,,,CAM_FRONT,car,8,scene-0796,10
car,False,0.27617328519855594,False,,0.0,1.0,0.0,0.0,0.0,0.0,0.0,0.0,-0.678984851822003,,,,-0.2844310998916626,-0.714805633180269,-0.678984851822003,,0,,,,CAM_FRONT,car,9,scene-0796,10
motorcycle,True,0.615,True,0.36959134615384615,0.08315,0.91265,0.08533916849015317,0.039000000000000014,0.105119825708061,0.19300000000000006,0.07689350249903883,0.2,-0.006518412694350939,0.10799319727891156,0.25400000000000006,0.05115,0.377352237701416,-0.586353766176342,-0.5495983573054476,-0.46841306893755064,167,0.07784431137724546,1.763834239149619,20.84650046111897,CAM_FRONT,motorcycle,0,scene-0796,10
car,True,0.9219515339004898,True,0.6176330901083719,0.06635,0.9333,0.050422421885476736,0.3760000000000001,0.08677792041078305,1.0140000000000002,0.08677792041078305,1.0140000000000002,-0.2343988567671038,0.0075363478724823265,0.11300000000000003,0.0082,-0.3742621839046478,-0.3129261914403734,-0.2343988567671038,0.047505941701391885,411,0.21654501216545008,14.748751964981846,22.813773680282736,CAM_FRONT_RIGHT,car,0,scene-0796,10
car,True,0.9090829503173561,True,0.8023489414309999,0.0637,0.9335,0.05173661360347323,0.4290000000000001,0.07298245614035087,0.9360000000000002,0.07298245614035087,0.9360000000000002,-0.19239384423059214,0.0689453125,1.0590000000000002,0.04925,-0.5174908638000488,-0.28126058626353023,-0.19239384423059214,-0.03343121218384354,375,0.3653333333333333,11.136200598486784,19.955309800289708,CAM_FRONT_RIGHT,car,1,scene-0796,10
car,True,0.9930887825624668,False,,0.01345,0.98515,0.01580359805188351,0.15900000000000003,0.016979166666666667,0.32600000000000007,0.016979166666666667,0.32600000000000007,0.14661867599978384,0.01712962962962963,0.22200000000000006,0.0175,0.2579076588153839,0.059292401936495404,0.14661867599978384,-0.08474520461484969,121,0.17355371900826444,15.096484925841649,30.75793992796915,CAM_BACK,car,0,scene-0796,10
car,False,0.0,False,,0.0,1.0,0.0,0.0,0.0,0.0,0.0,0.0,0.5033984927880151,,,,0.5736697912216187,0.4795573310691353,0.5033984927880151,,0,,,,CAM_BACK,car,1,scene-0796,10
car,False,0.0,False,,0.0,1.0,0.0,0.0,0.0,0.0,0.0,0.0,0.7498617773823195,,,,0.9463561773300171,0.7267852510250039,0.7498617773823195,,0,,,,CAM_BACK,car,2,scene-0796,10
car,False,0.0,True,0.0,0.0,1.0,0.0,0.0,0.0,0.0,0.0,0.0,7.081340464080374,,,,0.799092173576355,6.9546060875261615,7.081340464080374,,0,,,,CAM_BACK,car,3,scene-0796,10
truck,True,0.9260651629072681,True,0.7602880658436214,0.0,1.0,0.0,0.0,0.0,0.0,0.0,0.0,-0.10832709628433745,0.0,0.0,0.0,0.18130344152450562,-0.12845975124300568,-0.10832709628433745,-0.08376789690125241,0,,11.366115311476477,67.7521808379316,CAM_BACK,truck,0,scene-0796,10
car,True,0.9261225903266767,False,,0.0099,0.9881,0.005639548836093113,0.04700000000000001,0.005212306127637936,0.08200000000000002,0.005212306127637936,0.08200000000000002,-0.06624242552024295,0.007716049382716049,0.11500000000000002,0.00165,-0.8715468645095825,-0.18717247024599137,-0.06624242552024295,-0.1300100464182543,70,0.18571428571428572,0.0,30.527751462684613,CAM_FRONT,car,0,scene-0796,11
car,True,0.8439298245614035,True,0.6293040293040293,0.00145,0.99855,0.0023697921204411995,0.13600000000000004,0.0015496800813819725,0.16300000000000003,0.0015496800813819725,0.16300000000000003,1.5568011659800955,0.0075,0.10800000000000003,0.0467,-1.366402506828308,1.4522635089380813,1.5568011659800955,-0.6437325119540336,0,,12.729203260602524,32.09532010104776,CAM_FRONT,car,1,scene-0796,11
car,False,0.1961038961038961,False,,0.0,1.0,0.0,0.0,0.0,0.0,0.0,0.0,0.28691420055313355,,,,-1.7415862083435059,0.22523464884910194,0.28691420055313355,,0,,,,CAM_FRONT,car,2,scene-0796,11
car,False,0.559774964838256,True,0.5142118863049095,0.0,1.0,0.0,0.0,0.0,0.0,0.0,0.0,-0.7171683357378527,,,,-2.0916781425476074,-0.7712874481224752,-0.7171683357378527,,0,,,,CAM_FRONT,car,3,scene-0796,11
car,False,0.0,True,0.0,0.0,1.0,0.0,0.0,0.0,0.0,0.0,0.0,0.9952231541239054,,,,-0.9064427614212036,0.9930786705475869,0.9952231541239054,,0,,,,CAM_FRONT,car,4,scene-0796,11
car,False,0.16101694915254236,True,0.08825481088254811,0.0,1.0,0.0,0.0,0.0,0.0,0.0,0.0,0.30515025644487803,,,,-2.2940545082092285,0.23536639909160773,0.30515025644487803,,0,,,,CAM_FRONT,car,5,scene-0796,11
car,False,0.5284450063211125,True,0.48661233993015135,0.0,1.0,0.0,0.0,0.0,0.0,0.0,0.0,-1.4546313041034966,,,,-2.57607102394104,-1.5115984097808484,-1.4546313041034966,,0,,,,CAM_FRONT,car,6,scene-0796,11
car,False,0.47761194029850745,False,,0.0,1.0,0.0,0.0,0.0,0.0,0.0,0.0,-1.3265738275829873,,,,-1.589763879776001,-1.3592107633108472,-1.3265738275829873,,0,,,,CAM_FRONT,car,7,scene-0796,11
car,False,0.0,False,,0.0,1.0,0.0,0.0,0.0,0.0,0.0,0.0,-1.419440598311724,,,,-2.317673921585083,-1.4311248380604027,-1.419440598311724,,0,,,,CAM_FRONT,car,8,scene-0796,11
car,False,0.0,False,,0.0,1.0,0.0,0.0,0.0,0.0,0.0,0.0,-0.8243255556028994,,,,-0.9966481924057007,-0.8502708605861526,-0.8243255556028994,,0,,,,CAM_FRONT,car,9,scene-0796,11
motorcycle,True,0.8002155172413793,True,0.44978800726832224,0.0811,0.918,0.08132875143184422,0.07100000000000002,0.09253246753246754,0.28500000000000003,0.08039772727272727,0.2830000000000001,-0.014462442295628763,0.12457482993197279,0.2930000000000001,0.1087,-0.36439502239227295,-0.22953522189105535,-0.1860013241637517,-0.2571500954278514,438,0.680365296803653,1.6770654467398598,16.209351256376692,CAM_FRONT,motorcycle,0,scene-0796,11
car,True,0.8543276661514683,True,0.7107039537126326,0.0105,0.9894,0.011728294510506597,0.14400000000000002,0.015366430260047281,0.31200000000000006,0.015366430260047281,0.31200000000000006,-0.3781077784558775,0.004283965728274173,0.06300000000000001,0.01065,1.9415624141693115,-0.46139632988676427,-0.3781077784558775,-0.09031379045727217,0,,5.124308045110081,40.498581866795405,CAM_FRONT_LEFT,car,0,scene-0796,11
motorcycle,True,0.7823115161557581,True,0.4741996233521657,0.0419,0.95435,0.047073791348600506,0.037000000000000005,0.05982905982905983,0.15400000000000005,0.06498316498316499,0.19300000000000006,-0.03962898421360239,0.12457482993197279,0.2930000000000001,0.112,-0.2747744619846344,-0.293417079528949,-0.2537289177362907,-0.16752953502021284,84,0.5714285714285714,1.6770654467398598,16.209351256376692,CAM_FRONT_LEFT,motorcycle,0,scene-0796,11
car,False,0.7691659646166807,False,,0.44795,0.55205,0.5333333333333333,0.008000000000000002,0.5,0.0010000000000000002,0.5,0.0010000000000000002,-1.2300689243393728,,,,-0.014826148748397827,-1.2339593746030038,-1.2300689243393728,,2944,1.0,,,CAM_FRONT_RIGHT,car,0,scene-0796,11
car,True,0.8940584478420747,False,,0.0742,0.916,0.06614509246088193,0.558,0.08748538011695907,1.1220000000000003,0.08748538011695907,1.1220000000000003,-0.12996440212081106,0.07408854166666666,1.1380000000000001,0.02515,0.028799980878829956,-0.18916570835525198,-0.12996440212081106,0.0785139814989868,462,0.6320346320346321,10.940524186635558,13.4103925607496,CAM_FRONT_RIGHT,car,1,scene-0796,11
car,False,0.10526315789473684,False,,0.0,1.0,0.0,0.0,0.0,0.0,0.0,0.0,1.1229171940782572,,,,-0.8067916035652161,1.0902876192922424,1.1229171940782572,,0,,,,CAM_FRONT_RIGHT,car,2,scene-0796,11
car,True,0.9875041296616592,False,,0.0825,0.90555,0.06452271567126085,0.6320000000000001,0.10668520309477757,1.7650000000000006,0.10668520309477757,1.7650000000000006,0.09843262233398287,0.07663065226090436,1.1490000000000002,0.0904,-0.03189957141876221,-0.006203914671715022,0.09843262233398287,0.14616889122927612,569,0.335676625659051,15.004254778624311,12.439159624245134,CAM_FRONT_RIGHT,car,3,scene-0796,11
car,True,0.0,True,0.0,0.02105,0.9787,0.020674344387401136,0.14900000000000002,0.02142566428280714,0.7370000000000002,0.02142566428280714,0.7370000000000002,1.5051785944229028,0.0015031265031265032,0.02500000000000001,0.0031,1.0210785865783691,1.396813274096887,1.5051785944229028,-0.6966758205978614,135,1.0,12.810449112297455,38.29877205055753,CAM_BACK,car,0,scene-0796,11
car,False,0.5306122448979592,False,,0.0,1.0,0.0,0.0,0.0,0.0,0.0,0.0,-0.020652785366960913,,,,2.693187952041626,-0.02217817888910867,-0.020652785366960913,,0,,,,CAM_BACK,car,1,scene-0796,11
car,True,0.9466109563602599,False,,0.0312,0.96855,0.04324948665297741,0.3370000000000001,0.06296875,0.8060000000000002,0.06296875,0.8060000000000002,-0.1490412500511935,0.018827160493827162,0.24400000000000008,0.01005,1.0650100708007812,-0.19409788089219582,-0.1490412500511935,-0.10854777417680683,323,0.06811145510835914,15.059698917247255,29.18283147962963,CAM_BACK,car,2,scene-0796,11
truck,False,0.878727634194831,True,0.6831530139103554,0.0,1.0,0.0,0.0,0.0,0.0,0.0,0.0,-0.06708367352689049,,,,3.526838541030884,-0.08525749199078003,-0.06708367352689049,,0,,,,CAM_BACK,truck,0,scene-0796,11
car,True,0.8069070788017554,True,0.6260547742413027,0.0069,0.9928,0.004439422067963516,0.055000000000000014,0.0035055260723501633,0.07200000000000002,0.0035055260723501633,0.07200000000000002,0.30581701329466293,0.004283965728274173,0.06300000000000001,0.01,1.7055153846740723,0.23275503940065456,0.30581701329466293,-0.3263608199525114,29,0.0,5.124308045110081,40.498581866795405,CAM_BACK_LEFT,car,0,scene-0796,11
car,True,0.9602397310334746,False,,0.09645,0.86975,0.07442067736185383,0.5010000000000001,0.1053494568559131,1.0280000000000002,0.1053494568559131,1.0280000000000002,-0.08814251056642419,0.07408854166666666,1.1380000000000001,0.01675,0.06263227760791779,-0.12825604658962939,-0.08814251056642419,0.11234627822807464,603,0.5970149253731343,10.940524186635558,13.4103925607496,CAM_BACK_RIGHT,car,0,scene-0796,11
car,True,0.9296749744935141,True,0.8274631899850814,0.0078,0.99155,0.004868270332187858,0.05100000000000001,0.02578184591914569,0.5070000000000002,0.02578184591914569,0.5070000000000002,0.09064892630470878,0.021672034353193773,0.32300000000000006,0.01385,0.12756609916687012,-0.038685503518420566,0.09064892630470878,-0.18433461041597077,70,0.2142857142857143,0.0,24.825257342549826,CAM_FRONT,car,0,scene-0796,12
car,False,0.6339869281045751,True,0.5351724137931034,0.0,1.0,0.0,0.0,0.0,0.0,0.0,0.0,-1.5577947763713542,,,,0.7631938457489014,-1.617623154507985,-1.5577947763713542,,0,,,,CAM_FRONT,car,1,scene-0796,12
car,False,0.9514563106796117,True,0.7589545014520813,0.0,1.0,0.0,0.0,0.0,0.0,0.0,0.0,-1.037480714084145,,,,-0.21434885263442993,-1.120917901327076,-1.037480714084145,,0,,,,CAM_FRONT,car,2,scene-0796,12
car,False,0.2571428571428571,False,,0.0,1.0,0.0,0.0,0.0,0.0,0.0,0.0,-1.9664971880889706,,,,-0.15836498141288757,-1.9705429752662695,-1.9664971880889706,,0,,,,CAM_FRONT,car,3,scene-0796,12
car,False,0.7592814371257485,True,0.659729448491155,0.0,1.0,0.0,0.0,0.0,0.0,0.0,0.0,-1.0068172417427474,,,,0.18193590641021729,-1.0626120953683604,-1.0068172417427474,,0,,,,CAM_FRONT,car,4,scene-0796,12
car,False,0.8807146610614819,True,0.6942833471416736,0.0,1.0,0.0,0.0,0.0,0.0,0.0,0.0,-0.24829694112942313,,,,-0.0897684395313263,-0.33429168519706254,-0.24829694112942313,,0,,,,CAM_FRONT,car,5,scene-0796,12
motorcycle,True,0.7506942960905789,True,0.42671523982999393,0.2227,0.758,0.21469740634005763,0.14900000000000002,0.19513819513819514,0.5860000000000001,0.18181818181818182,0.5880000000000002,-0.013320749678479515,0.24872448979591838,0.5850000000000002,0.26055,-0.19389335811138153,-0.09790661343542975,-0.05240154959957932,-0.23787466895083698,1385,0.5083032490974729,1.6771103356310968,11.935781976617934,CAM_FRONT_LEFT,motorcycle,0,scene-0796,12
car,True,0.8814778192278304,True,0.8671736823487797,0.08465,0.91525,0.06463115667483842,0.29000000000000004,0.08011642156862746,0.5230000000000001,0.08011642156862746,0.5230000000000001,-0.38689137978311894,0.023958333333333335,0.34500000000000014,0.00415,0.15612906217575073,-0.4460630537885386,-0.38689137978311894,-0.1730345559859926,849,0.02355712603062421,14.355033554517545,20.25886891204774,CAM_FRONT_RIGHT,car,0,scene-0796,12
car,True,0.964200477326969,False,,0.0059,0.9937,0.008374888121723564,0.131,0.008541194255479969,0.22600000000000003,0.008541194255479969,0.22600000000000003,0.2574483905823449,0.015200617283950618,0.19700000000000004,0.03345,-0.07016885280609131,0.17775953054894403,0.2574483905823449,-0.25335775058350574,18,0.7777777777777778,15.075360221973133,27.535472452906077,CAM_BACK,car,0,scene-0796,12
car,False,0.47533632286995514,True,0.27401981904351574,0.00505,0.99495,0.0029793826719103802,0.025000000000000005,0.0024587985114300904,0.03700000000000001,0.0024587985114300904,0.03700000000000001,-0.6283556470244323,,,,-0.11968545615673065,-0.6860797507867001,-0.6283556470244323,,0,,,,CAM_BACK,car,1,scene-0796,12
car,False,0.0,True,0.0,0.0,1.0,0.0,0.0,0.0,0.0,0.0,0.0,0.47029930595533864,,,,0.3468162417411804,0.4559976896927119,0.47029930595533864,,0,,,,CAM_BACK,car,2,scene-0796,12
car,False,0.0,True,0.0,0.0,1.0,0.0,0.0,0.0,0.0,0.0,0.0,1.2140052361547338,,,,-0.0766865536570549,1.2059514591027054,1.2140052361547338,,0,,,,CAM_BACK,car,3,scene-0796,12
car,False,0.6693548387096774,False,,0.0,1.0,0.0,0.0,0.0,0.0,0.0,0.0,0.000756033262482525,,,,0.03753288835287094,-0.05707062842146597,0.000756033262482525,,0,,,,CAM_BACK,car,4,scene-0796,12
car,False,0.6087962962962963,True,0.37896253602305474,0.0,1.0,0.0,0.0,0.0,0.0,0.0,0.0,-0.2593331165750361,,,,0.3300771415233612,-0.30658421568176253,-0.2593331165750361,,0,,,,CAM_BACK,car,5,scene-0796,12
car,False,0.0,True,0.0,0.0,1.0,0.0,0.0,0.0,0.0,0.0,0.0,3.500457378837961,,,,-0.2615240514278412,3.4979151082424726,3.500457378837961,,0,,,,CAM_BACK,car,6,scene-0796,12
car,True,0.9274572914087645,True,0.6140983606557378,0.0034,0.9956,0.0033248443689869837,0.047000000000000014,0.004044489383215369,0.10400000000000002,0.004044489383215369,0.10400000000000002,0.5504367459975161,0.005031959744322046,0.07400000000000002,0.00925,0.7942420244216919,0.4411309064110797,0.5504367459975161,-0.16750788206845713,24,0.0,5.124308045110081,37.51524182900312,CAM_BACK_LEFT,car,0,scene-0796,12
car,True,0.9814778973445847,True,0.7631796770358331,0.1088,0.87855,0.11568177072457715,0.5540000000000002,0.10396825396825397,1.5720000000000003,0.10396825396825397,1.5720000000000003,-0.04404358922209517,0.07349606509270375,1.1020000000000003,0.112,0.25398916006088257,-0.09016524390033259,-0.04404358922209517,-0.0048390734874383945,711,0.2559774964838256,15.213308671356998,12.194739255887965,CAM_BACK_RIGHT,car,0,scene-0796,12
car,True,0.9017011682721869,False,,0.0284,0.9714,0.01859728129430406,0.22300000000000006,0.03966666666666667,0.9520000000000004,0.03966666666666667,0.9520000000000004,0.28105276387848765,0.0369699409554482,0.551,0.028,0.13291624188423157,0.1506312888883022,0.28105276387848765,-0.086873173937564,261,0.26053639846743293,0.0,19.268904032294103,CAM_FRONT,car,0,scene-0796,13
car,True,0.9569476082004555,False,,0.00705,0.9928,0.004886202906004886,0.038000000000000006,0.02128482972136223,0.2750000000000001,0.02128482972136223,0.2750000000000001,-0.05530467896355207,0.04681372549019608,0.7640000000000002,0.0124,0.22244417667388916,-0.12931045717914558,-0.05530467896355207,-0.09148172084170492,50,0.84,15.001549899609218,22.469730664588,CAM_FRONT,car,1,scene-0796,13
car,False,0.897887323943662,True,0.703125,0.0,1.0,0.0,0.0,0.0,0.0,0.0,0.0,-0.7467345980887532,,,,0.709317684173584,-0.8202292229623547,-0.7467345980887532,,0,,,,CAM_FRONT,car,2,scene-0796,13
car,False,0.745658835546476,True,0.7019230769230769,0.0,1.0,0.0,0.0,0.0,0.0,0.0,0.0,-0.6262732152283279,,,,0.7522523403167725,-0.6797176390514867,-0.6262732152283279,,0,,,,CAM_FRONT,car,3,scene-0796,13
car,False,0.46756756756756757,False,,0.0,1.0,0.0,0.0,0.0,0.0,0.0,0.0,-1.4917584928606678,,,,0.5080801248550415,-1.5191647577188205,-1.4917584928606678,,0,,,,CAM_FRONT,car,4,scene-0796,13
car,False,0.6878118317890235,True,0.5498575498575499,0.0,1.0,0.0,0.0,0.0,0.0,0.0,0.0,-0.06476662533801536,,,,0.5117892026901245,-0.14112448454696658,-0.06476662533801536,,0,,,,CAM_FRONT,car,5,scene-0796,13
motorcycle,True,0.8463404194606934,True,0.5863832942048685,0.319,0.63215,0.2883031301482702,0.17500000000000004,0.32651072124756336,0.6700000000000002,0.30809716599190284,0.7610000000000002,0.0045172484170832305,0.23596938775510204,0.5550000000000002,0.2219,0.028235584497451782,-0.15489426227406802,-0.12425089071715845,-0.13542187182497722,2011,0.44256588761810045,1.2061296582239613,8.602331410745654,CAM_FRONT_LEFT,motorcycle,0,scene-0796,13
car,True,0.8702743883400567,False,,0.1146,0.8632,0.08530200485250926,0.6680000000000001,0.11842105263157894,1.4850000000000003,0.11842105263157894,1.4850000000000003,-0.0975053013261229,0.10875,1.5660000000000005,0.04785,0.07374584674835205,-0.19606261920585893,-0.0975053013261229,0.0771858091554688,326,0.598159509202454,14.697310598674932,11.58442836796754,CAM_FRONT_RIGHT,car,0,scene-0796,13
car,True,0.9021755000730034,False,,0.0478,0.9509,0.03671572424477149,0.23700000000000004,0.06507352941176471,0.7080000000000002,0.06507352941176471,0.7080000000000002,-0.11794906854875609,0.0369699409554482,0.551,0.0244,0.05115782096982002,-0.1663045134787853,-0.11794906854875609,-0.16863159485197554,399,0.6541353383458647,0.0,19.268904032294103,CAM_FRONT_RIGHT,car,1,scene-0796,13
car,True,0.9058395745142733,False,,0.04285,0.9516,0.030775716694772345,0.21900000000000006,0.055714285714285716,0.6630000000000001,0.055714285714285716,0.6630000000000001,-0.31983281687848164,0.04681372549019608,0.7640000000000002,0.0147,0.10998333990573883,-0.4116639269120441,-0.31983281687848164,-0.20394255760985525,367,0.26430517711171664,15.001549899609218,22.469730664588,CAM_FRONT_RIGHT,car,2,scene-0796,13
car,False,0.0,False,,0.0,1.0,0.0,0.0,0.0,0.0,0.0,0.0,0.28819392960431545,,,,-0.14591941237449646,0.2825928320062441,0.28819392960431545,,0,,,,CAM_BACK,car,0,scene-0796,13
car,False,0.9225712198685172,False,,0.0,1.0,0.0,0.0,0.001984126984126984,0.027000000000000007,0.001984126984126984,0.027000000000000007,0.009875368864003642,,,,-0.2300117015838623,-0.044382701346911635,0.009875368864003642,,0,,,,CAM_BACK,car,1,scene-0796,13
car,False,0.7006920415224913,False,,0.0,1.0,0.0,0.0,0.0,0.0,0.0,0.0,-0.24722937809454026,,,,0.030040591955184937,-0.2767567535653431,-0.24722937809454026,,0,,,,CAM_BACK,car,2,scene-0796,13
car,False,0.4689655172413793,False,,0.0,1.0,0.0,0.0,0.0,0.0,0.0,0.0,-0.9315436602902734,,,,-0.11632262170314789,-0.9458944409453168,-0.9315436602902734,,0,,,,CAM_BACK,car,3,scene-0796,13
car,True,0.9592452830188679,False,,0.09615,0.90045,0.07583852775304245,0.5110000000000001,0.07625231910946197,0.8220000000000002,0.07625231910946197,0.8220000000000002,-0.12192137404407233,0.039197530864197534,0.5080000000000001,0.0361,-0.22733183205127716,-0.1571844182312635,-0.12192137404407233,-0.07526436936563097,474,0.09704641350210974,15.073724321495995,25.956170032869256,CAM_BACK,car,4,scene-0796,13
car,False,0.9240837696335078,True,0.7575107296137339,0.0,1.0,0.0,0.0,0.0,0.0,0.0,0.0,-0.24399661473239898,,,,0.09466075897216797,-0.2785626192350904,-0.24399661473239898,,0,,,,CAM_BACK,car,5,scene-0796,13
car,True,0.962510897994769,False,,0.05025,0.948,0.04271216683394669,0.38300000000000006,0.057306397306397305,0.8510000000000002,0.057306397306397305,0.8510000000000002,-0.11517782166319512,0.042617046818727494,0.6390000000000002,0.0358,-0.01982102543115616,-0.1901973781816346,-0.11517782166319512,-0.036499060142281436,235,0.2680851063829788,15.34076281820563,22.59194168699657,CAM_BACK,car,6,scene-0796,13
car,True,0.9502376292982947,False,,0.04075,0.9581,0.025977964217123218,0.25700000000000006,0.044072948328267476,0.6960000000000002,0.044072948328267476,0.6960000000000002,-0.018322736578278542,0.07708333333333334,1.1840000000000004,0.06965,0.017745092511177063,-0.07449451593831713,-0.018322736578278542,-0.09747869030873346,237,0.6919831223628692,10.636925410344668,22.83660604942481,CAM_BACK,car,7,scene-0796,13
car,True,0.9623750734861846,False,,0.1069,0.8842,0.097911227154047,0.5250000000000001,0.10590681178916474,0.8660000000000002,0.10590681178916474,0.8660000000000002,-0.12962888995690225,0.10875,1.5660000000000005,0.01685,0.03592923283576965,-0.16745142666156326,-0.12962888995690225,0.0393691952428864,796,0.8467336683417086,14.697310598674932,11.58442836796754,CAM_BACK_RIGHT,car,0,scene-0796,13
car,False,0.26174496644295303,False,,0.0,1.0,0.0,0.0,0.0,0.0,0.0,0.0,-1.2292254463265362,,,,1.1200294494628906,-1.2697345533202617,-1.2292254463265362,,0,,,,CAM_FRONT,car,0,scene-0796,14
car,False,0.42420681551116335,True,0.26960418222554144,0.0,1.0,0.0,0.0,0.0,0.0,0.0,0.0,-0.6640247353695292,,,,1.6347928047180176,-0.7264980224008855,-0.6640247353695292,,0,,,,CAM_FRONT,car,1,scene-0796,14
car,False,0.861764705882353,True,0.549718574108818,0.0,1.0,0.0,0.0,0.0,0.0,0.0,0.0,0.2097241944268955,,,,1.0540680885314941,0.12919520091846748,0.2097241944268955,,0,,,,CAM_FRONT,car,2,scene-0796,14
car,False,0.0,False,,0.0,1.0,0.0,0.0,0.0,0.0,0.0,0.0,-0.9651267474504532,,,,1.1062157154083252,-0.9684373072318961,-0.9651267474504532,,0,,,,CAM_FRONT,car,3,scene-0796,14
car,False,0.7151898734177216,True,0.6726190476190477,0.0,1.0,0.0,0.0,0.0,0.0,0.0,0.0,-0.3077081773817676,,,,1.4002933502197266,-0.38254366323473654,-0.3077081773817676,,0,,,,CAM_FRONT,car,4,scene-0796,14
car,True,0.9291495815740134,True,0.8318776100663264,0.08785,0.89185,0.06470039636278853,0.555,0.103125,1.4850000000000003,0.103125,1.4850000000000003,-0.08963455782094387,0.14332107843137254,2.3390000000000004,0.11595,-0.07941022515296936,-0.1764059305783188,-0.08963455782094387,-0.07347529616737491,447,0.5615212527964206,15.035289397519012,12.476102795983785,CAM_FRONT_RIGHT,car,0,scene-0796,14
car,True,0.8459337043964216,True,0.7075809552531384,0.11675,0.87895,0.07478797224363917,0.6790000000000003,0.13687865497076024,2.2470000000000008,0.13687865497076024,2.2470000000000008,-0.05032991626759864,0.09400161030595813,1.4010000000000002,0.12245,0.0700591504573822,-0.15037332569143677,-0.05032991626759864,-0.04085292786801442,402,0.20398009950248752,0.0,13.924546883465666,CAM_FRONT_RIGHT,car,1,scene-0796,14
car,False,0.9310344827586207,False,,0.0005,0.9995,0.001562662777372643,0.015000000000000005,0.0008528265107212475,0.014000000000000002,0.0008528265107212475,0.014000000000000002,-0.1193239917205633,,,,-0.44889310002326965,-0.23102877428353433,-0.1193239917205633,,1,0.0,,,CAM_BACK,car,0,scene-0796,14
car,True,0.9151762902401636,False,,0.01355,0.98445,0.007755581668625147,0.06600000000000002,0.007999401913875598,0.10700000000000003,0.007999401913875598,0.10700000000000003,-0.24007718329963845,0.010537548352674403,0.15800000000000003,0.0131,-0.403149276971817,-0.29264582825433394,-0.24007718329963845,-0.009993961239549431,20,0.0,15.822892015091051,35.45554532720072,CAM_BACK,car,1,scene-0796,14
car,False,0.0,False,,0.0,1.0,0.0,0.0,0.0,0.0,0.0,0.0,0.09526263581452454,,,,-0.42161139845848083,0.07787251019228358,0.09526263581452454,,0,,,,CAM_BACK,car,2,scene-0796,14
car,True,0.9559527609320141,False,,0.02825,0.97045,0.02733485193621868,0.3360000000000001,0.019097222222222224,0.3850000000000001,0.019097222222222224,0.3850000000000001,0.05282744645170867,0.024614197530864197,0.31900000000000006,0.0379,-0.4174650013446808,-0.025466258315899715,0.05282744645170867,-0.12983021436438924,182,0.5879120879120879,14.935752794432624,24.385443643061055,CAM_BACK,car,3,scene-0796,14
car,True,0.9130434782608695,False,,0.06565,0.93385,0.05910006715916723,0.26400000000000007,0.061274509803921566,0.3750000000000001,0.061274509803921566,0.3750000000000001,-0.2969114135860178,0.0661111111111111,0.9520000000000002,0.01805,-0.3166247606277466,-0.3329067015041748,-0.2969114135860178,-0.08437031098023084,485,0.7731958762886598,15.097651737651116,14.424633363982043,CAM_BACK,car,4,scene-0796,14
car,True,0.19776119402985073,False,,0.0,1.0,0.0,0.0,0.0,0.0,0.0,0.0,0.2021877204712914,0.0,0.0,0.0,-0.1883958876132965,0.1876731655593532,0.2021877204712914,0.4423606669484067,0,,0.12409479593499873,76.51857282518489,CAM_BACK,car,5,scene-0796,14
car,True,0.9465191332411249,True,0.6119225037257824,0.01955,0.9804,0.02613962384443736,0.16400000000000006,0.026900584795321637,0.276,0.026900584795321637,0.276,-0.1522005970560929,0.013541666666666667,0.20800000000000005,0.00465,-0.4359385073184967,-0.21724007045248325,-0.1522005970560929,-0.036069951804711176,165,0.22424242424242424,11.073767309620091,32.801900158195515,CAM_BACK,car,6,scene-0796,14
car,False,0.8158682634730539,False,,0.0,1.0,0.0,0.0,0.0,0.0,0.0,0.0,-0.17222598722379212,,,,-0.3497594892978668,-0.25411192572453767,-0.17222598722379212,,0,,,,CAM_BACK,car,7,scene-0796,14
motorcycle,True,0.8712701675699246,True,0.6482584412875716,0.3984,0.541,0.4289897510980966,0.29300000000000004,0.38333333333333336,0.7360000000000002,0.3933035714285714,0.8810000000000002,-0.0021280864200132754,0.4549319727891156,1.0700000000000003,0.4221,0.30017417669296265,-0.06617993606101946,-0.036967842555094776,-0.07865322740060676,2717,0.1785057048214943,0.47431368493809095,7.546098952526227,CAM_BACK_LEFT,motorcycle,0,scene-0796,14
car,True,0.9937073170731707,False,,0.1144,0.88095,0.08060560827380318,0.7560000000000003,0.08260869565217391,1.1970000000000003,0.08260869565217391,1.1970000000000003,-0.07120919025207662,0.0661111111111111,0.9520000000000002,0.08745,-0.29447904229164124,-0.15377800297957697,-0.07120919025207662,-0.0622245926441255,933,0.47052518756698825,15.097651737651116,14.424633363982043,CAM_BACK_RIGHT,car,0,scene-0796,14
car,False,0.37790697674418605,False,,0.0,1.0,0.0,0.0,0.0,0.0,0.0,0.0,-1.326219571757245,,,,0.5980221033096313,-1.3513842964086606,-1.326219571757245,,0,,,,CAM_FRONT,car,0,scene-0796,15
car,False,0.8467317806160781,False,,0.0,1.0,0.0,0.0,0.0,0.0,0.0,0.0,-0.35842266231090214,,,,0.626657247543335,-0.4146989821940348,-0.35842266231090214,,0,,,,CAM_FRONT,car,1,scene-0796,15
car,False,0.0,False,,0.0,1.0,0.0,0.0,0.0,0.0,0.0,0.0,0.09195357258735326,,,,1.0363128185272217,0.009855766203375582,0.09195357258735326,,0,,,,CAM_FRONT,car,2,scene-0796,15
car,False,0.6905120481927711,True,0.5024657534246575,0.0,1.0,0.0,0.0,0.0,0.0,0.0,0.0,0.02223377008910543,,,,0.5883849263191223,-0.05666315400419064,0.02223377008910543,,0,,,,CAM_FRONT,car,3,scene-0796,15
car,False,0.0,True,0.0,0.0,1.0,0.0,0.0,0.0,0.0,0.0,0.0,-0.03166791074789055,,,,0.9043829441070557,-0.06293325254131343,-0.03166791074789055,,0,,,,CAM_FRONT,car,4,scene-0796,15
car,False,0.0,True,0.0,0.0,1.0,0.0,0.0,0.0,0.0,0.0,0.0,1.8064476612373834,,,,4.139667987823486,1.7906759328142878,1.8064476612373834,,0,,,,CAM_FRONT_LEFT,car,0,scene-0796,15
car,True,0.8513060663344217,True,0.7618048026573782,0.0757,0.90735,0.05845531587057011,0.6070000000000001,0.1069703243616287,1.8600000000000005,0.1069703243616287,1.8600000000000005,0.16933326257791337,0.13479602791196993,2.0090000000000003,0.1751,0.07463310658931732,0.050836668397227655,0.16933326257791337,0.0675316484168611,511,0.3561643835616438,0.0,9.4591376614597,CAM_FRONT_RIGHT,car,0,scene-0796,15
car,True,0.7720540888602705,True,0.5834549878345499,0.00045,0.99955,0.0014262428687856561,0.014000000000000004,0.0023293880634600857,0.03700000000000001,0.0023293880634600857,0.03700000000000001,-0.20779530121364154,0.002044252044252044,0.03400000000000001,0.00055,-0.050597406923770905,-0.28344093497031514,-0.20779530121364154,-0.15452993290220696,4,0.0,13.383497202566877,35.63592128713571,CAM_BACK,car,0,scene-0796,15
car,True,0.7663157894736842,False,,0.02155,0.97845,0.025252525252525252,0.15000000000000002,0.020600482138943676,0.18800000000000006,0.020600482138943676,0.18800000000000006,-0.34799150400272194,0.009097222222222222,0.13100000000000003,0.0084,-0.09691718220710754,-0.39521806175458607,-0.34799150400272194,-0.1516707458562575,167,0.0239520958083832,12.561574434044523,25.432340501631415,CAM_BACK,car,1,scene-0796,15
car,True,0.5851428571428572,False,,0.00215,0.9977,0.002345124096150088,0.012000000000000002,0.001589825119236884,0.013000000000000003,0.001589825119236884,0.013000000000000003,-0.22502768811793072,0.0029345071361878083,0.044000000000000004,0.0014,-0.059717848896980286,-0.2658843962364908,-0.22502768811793072,-0.279267633009773,15,0.0,16.337784350956795,49.08630365503419,CAM_BACK,car,2,scene-0796,15
car,True,0.916590284142988,True,0.7621951219512195,0.0035,0.9963,0.007927660101573145,0.06400000000000002,0.00496124031007752,0.06400000000000003,0.00496124031007752,0.06400000000000003,-0.22950794444634082,0.002994791666666667,0.04600000000000001,0.00305,-0.08376605063676834,-0.2737691808999608,-0.22950794444634082,-0.2758553593749913,29,0.0,10.779670301394628,43.88282890419126,CAM_BACK,car,3,scene-0796,15
car,False,0.8793604651162791,False,,0.0,1.0,0.0,0.0,0.0,0.0,0.0,0.0,-0.25404480006958496,,,,-0.04606927931308746,-0.32192474774857366,-0.25404480006958496,,0,,,,CAM_BACK,car,4,scene-0796,15
car,True,0.9450334821428571,False,,0.06955,0.9289,0.040634291377601585,0.36900000000000005,0.04084224598930481,0.6110000000000001,0.04084224598930481,0.6110000000000001,-0.1357212562208654,0.027469135802469135,0.35600000000000004,0.0347,-0.06913137435913086,-0.18543491170409915,-0.1357212562208654,-0.06808826873700191,436,0.14220183486238536,14.725141325094938,22.97923405753768,CAM_BACK,car,5,scene-0796,15
motorcycle,True,0.6115154109589042,False,,0.3795,0.6178,0.33814432989690724,0.16400000000000003,0.2948104527051896,0.8010000000000003,0.2948104527051896,0.8010000000000003,-0.2301336085985981,0.25212585034013607,0.5930000000000002,0.17375,0.29738283157348633,-0.258982604375975,-0.2301336085985981,-0.08373607478847889,4057,0.7577027360118314,0.21144242907961516,10.288419016904827,CAM_BACK,motorcycle,0,scene-0796,15
truck,False,0.8369426751592357,False,,0.0,1.0,0.0,0.0,0.0,0.0,0.0,0.0,-0.862058446039925,,,,-0.03871646523475647,-0.8773845628157168,-0.862058446039925,,0,,,,CAM_BACK,truck,0,scene-0796,15
car,False,0.0,True,0.0,0.0,1.0,0.0,0.0,0.0,0.0,0.0,0.0,2.3245238893858815,,,,1.976218819618225,2.247606247917319,2.3245238893858815,,0,,,,CAM_BACK_LEFT,car,0,scene-0796,15
motorcycle,True,0.8116560056858564,True,0.5012894375857339,0.14915,0.8022,0.13743218806509946,0.07600000000000003,0.18523581681476417,0.271,0.20833333333333334,0.47500000000000014,0.0039038353229454703,0.25212585034013607,0.5930000000000002,0.22245,0.3149150013923645,-0.030416004665876184,0.0039038353229454703,-0.06620390496960071,1131,0.6525198938992043,0.21144242907961516,10.288419016904827,CAM_BACK_LEFT,motorcycle,0,scene-0796,15
car,True,0.9744762776157526,True,0.856630584134857,0.14015,0.84695,0.08497337346608011,0.7340000000000001,0.1284313725490196,1.8340000000000003,0.1284313725490196,1.8340000000000003,-0.14879471587983994,0.13939950980392157,2.275000000000001,0.11695,-0.09504031389951706,-0.21198584223672967,-0.14879471587983994,-0.08371074746813822,1182,0.2986463620981388,14.70812553422407,13.099026975433473,CAM_BACK_RIGHT,car,0,scene-0796,15
car,False,0.0,False,,0.0,1.0,0.0,0.0,0.0,0.0,0.0,0.0,-1.2938712766487042,,,,0.4794163703918457,-1.314456293669201,-1.2938712766487042,,0,,,,CAM_FRONT,car,0,scene-0796,16
car,False,0.7017868145409735,False,,0.0,1.0,0.0,0.0,0.0,0.0,0.0,0.0,-0.20682312544253056,,,,0.4461366534233093,-0.26751535908732327,-0.20682312544253056,,0,,,,CAM_FRONT,car,1,scene-0796,16
car,True,0.2206047032474804,True,0.12547770700636943,0.0,1.0,0.0,0.0,0.0,0.0,0.0,0.0,0.0721334318335125,0.0,0.0,0.0,0.7658476829528809,0.004895771008871619,0.0721334318335125,-0.6827282867881899,0,,10.245778534510901,77.72187999898216,CAM_FRONT,car,2,scene-0796,16
car,False,0.0,True,0.0,0.0,1.0,0.0,0.0,0.0,0.0,0.0,0.0,2.39053935429135,,,,0.4090690612792969,2.2880368495260517,2.39053935429135,,0,,,,CAM_FRONT,car,3,scene-0796,16
car,False,0.8876847290640394,True,0.6825757575757576,0.0,1.0,0.0,0.0,0.0,0.0,0.0,0.0,-0.28253286786842313,,,,0.6182597875595093,-0.3404815830547686,-0.28253286786842313,,0,,,,CAM_FRONT,car,4,scene-0796,16
car,False,0.5818138763911911,False,,0.2075,0.77,0.1669064748201439,0.11600000000000003,0.15079365079365079,0.20900000000000005,0.15079365079365079,0.20900000000000005,-0.35336137474064006,,,,-0.11758440732955933,-0.3677581508655292,-0.35336137474064006,,2230,0.7852017937219731,,,CAM_FRONT_RIGHT,car,0,scene-0796,16
car,True,0.0,True,0.0,0.0377,0.9623,0.058294112790025596,0.7060000000000002,0.046002791068580545,0.9230000000000003,0.046002791068580545,0.9230000000000003,0.23974653668588397,0.0024651274651274653,0.041000000000000016,0.0,-0.06742614507675171,0.17777549001820414,0.23974653668588397,-0.21842431089110037,177,1.0,13.382768412802639,34.94307906730665,CAM_BACK,car,0,scene-0796,16
car,False,0.6276276276276276,False,,5e-05,0.99995,0.0004389173372348208,0.003000000000000001,0.00022301516503122213,0.003000000000000001,0.00022301516503122213,0.003000000000000001,0.25358658848300974,,,,-0.3129725754261017,0.17921285801143405,0.25358658848300974,,0,,,,CAM_BACK,car,1,scene-0796,16
car,False,0.9114893617021277,False,,0.00475,0.99525,0.005048187241854061,0.022000000000000006,0.0037925925925925926,0.06400000000000002,0.0037925925925925926,0.06400000000000002,-0.16062125916853076,,,,-0.34335219860076904,-0.2309741140984865,-0.16062125916853076,,0,,,,CAM_BACK,car,2,scene-0796,16
car,True,0.9431072210065645,True,0.7172972373238655,0.07465,0.92055,0.05322096513507273,0.46100000000000013,0.054817275747508304,0.7920000000000001,0.054817275747508304,0.7920000000000001,-0.1348980476467354,0.023161764705882354,0.3780000000000001,0.0182,-0.38872119784355164,-0.20156574030766305,-0.1348980476467354,-0.2618729590788941,557,0.49192100538599637,14.380936489525887,23.25055550712564,CAM_BACK,car,3,scene-0796,16
car,True,0.9427312775330396,False,,0.0,1.0,0.0,0.0,0.0,0.0,0.0,0.0,-0.007943651284636477,0.0,0.0,0.0,-0.20088760554790497,-0.04399623068832634,-0.007943651284636477,-0.2669753224857605,0,,16.70992106647246,63.187949271747875,CAM_BACK,car,4,scene-0796,16
car,False,0.7833787465940054,False,,0.0,1.0,0.0,0.0,0.0,0.0,0.0,0.0,-0.28916079457692523,,,,-0.13737212121486664,-0.3305170035824702,-0.28916079457692523,,0,,,,CAM_BACK,car,5,scene-0796,16
car,True,0.9264631043256998,False,,0.0431,0.95535,0.029027930235394562,0.23800000000000007,0.033386327503974564,0.46200000000000013,0.033386327503974564,0.46200000000000013,0.07679798543216476,0.04868827160493827,0.6310000000000001,0.05855,-0.09610685706138611,-0.016143189499858546,0.07679798543216476,-0.11821908759497779,398,0.08291457286432158,14.530190867491713,21.617141921042677,CAM_BACK,car,6,scene-0796,16
motorcycle,True,0.7494270435446906,True,0.5296976241900648,0.0578,0.93315,0.07547169811320754,0.04800000000000001,0.1625041625041625,0.48800000000000004,0.1625041625041625,0.48800000000000004,-0.3048109877258759,0.15348639455782312,0.3610000000000001,0.13055,0.26585376262664795,-0.3440558313296813,-0.3048109877258759,-0.3406323734869309,406,0.5172413793103448,0.21167775999140262,14.948559831656015,CAM_BACK,motorcycle,0,scene-0796,16
car,True,0.800959814099164,True,0.6816829469629222,0.2061,0.7779,0.1459419892030378,1.5950000000000004,0.19498173221577478,3.6290000000000013,0.19498173221577478,3.6290000000000013,-0.1966288505037399,0.18397745571658616,2.742000000000001,0.21205,-0.17023611068725586,-0.2725822413063572,-0.1966288505037399,-0.017158161255943494,887,0.7846674182638106,0.0,7.526126938010708,CAM_BACK_RIGHT,car,0,scene-0796,16
car,False,0.0,False,,0.0,1.0,0.0,0.0,0.0,0.0,0.0,0.0,-0.7109657183436093,,,,0.8144353628158569,-0.7461523247377428,-0.7109657183436093,,0,,,,CAM_FRONT,car,0,scene-0796,17
car,False,0.6549835706462213,True,0.5630885122410546,0.0,1.0,0.0,0.0,0.0,0.0,0.0,0.0,-0.12387141097101573,,,,0.5715467929840088,-0.17913532375194496,-0.12387141097101573,,0,,,,CAM_FRONT,car,1,scene-0796,17
car,False,0.37058152793614596,True,0.23297491039426524,0.0,1.0,0.0,0.0,0.0,0.0,0.0,0.0,-0.22759955613017668,,,,1.1523691415786743,-0.2842302189209136,-0.22759955613017668,,0,,,,CAM_FRONT,car,2,scene-0796,17
car,False,0.042801556420233464,False,,0.0,1.0,0.0,0.0,0.0,0.0,0.0,0.0,-0.3630691982331702,,,,0.5943828821182251,-0.41560789373923823,-0.3630691982331702,,0,,,,CAM_FRONT,car,3,scene-0796,17
car,False,0.9671338811019816,False,,0.0,1.0,0.0,0.0,0.0,0.0,0.0,0.0,-0.31701738113527866,,,,0.49229833483695984,-0.4115210222270749,-0.31701738113527866,,0,,,,CAM_FRONT,car,4,scene-0796,17
car,False,0.0,True,0.0,0.0,1.0,0.0,0.0,0.0,0.0,0.0,0.0,0.9976297874545406,,,,0.7709587812423706,0.9204635030350994,0.9976297874545406,,0,,,,CAM_FRONT,car,5,scene-0796,17
car,True,0.8896697118763176,True,0.7567244471010162,0.0,1.0,0.0,0.0,0.0,0.0,0.0,0.0,0.25342463623244305,0.0035473785473785473,0.05900000000000002,0.00075,-0.2212788164615631,0.16514440021185423,0.25342463623244305,-0.16892356355300664,0,,13.382881430163916,34.2026085740191,CAM_BACK,car,0,scene-0796,17
car,False,0.5328671328671328,False,,0.0,1.0,0.0,0.0,0.0,0.0,0.0,0.0,-0.23700392589012553,,,,-0.3898761570453644,-0.26336892136842704,-0.23700392589012553,,0,,,,CAM_BACK,car,1,scene-0796,17
car,False,0.8844847112117781,False,,0.0,1.0,0.0,0.0,0.0,0.0,0.0,0.0,0.03741457606719201,,,,-0.28271517157554626,-0.05019160835504627,0.03741457606719201,,0,,,,CAM_BACK,car,2,scene-0796,17
car,True,0.929337915556179,False,,0.1902,0.8003,0.18270432391902025,0.7310000000000002,0.18559027777777778,1.0690000000000004,0.18559027777777778,1.0690000000000004,-0.21076675521495214,0.15955448201825012,2.3780000000000006,0.02455,-0.23776331543922424,-0.2746046074132484,-0.21076675521495214,0.03131936240638822,1525,0.45114754098360654,0.0,9.732562187032663,CAM_BACK,car,3,scene-0796,17
car,True,0.9308431163287086,False,,0.03585,0.96215,0.031359851988899165,0.339,0.041302083333333336,0.7930000000000001,0.041302083333333336,0.7930000000000001,-0.030396889259997062,0.06643518518518518,0.8610000000000001,0.05455,-0.3443094789981842,-0.13202872263701523,-0.030396889259997062,-0.25779373718523924,268,0.45895522388059706,14.489100609983568,20.446447475640564,CAM_BACK,car,4,scene-0796,17
car,True,0.9382479655337482,True,0.6308336015448986,0.03745,0.9606,0.03809733538868091,0.17300000000000007,0.02180331592096298,0.2880000000000001,0.02180331592096298,0.2880000000000001,-0.3343152295056533,0.009620098039215687,0.15700000000000006,0.0107,-0.5305741429328918,-0.3926203932952567,-0.3343152295056533,-0.1857458260102065,344,0.05813953488372092,14.54147740152083,35.38818220227838,CAM_BACK,car,5,scene-0796,17
motorcycle,True,0.617738913179263,True,0.47479596735477675,0.0732,0.91755,0.07647058823529412,0.039000000000000014,0.13757899854156538,0.28300000000000003,0.09054209919261823,0.3140000000000001,0.024824720921068022,0.09863945578231292,0.23200000000000007,0.1116,0.24279114603996277,-0.5750449638659794,-0.5383159762293399,-0.39036946294991004,469,0.26865671641791045,0.21258991994928236,20.220275123380382,CAM_BACK,motorcycle,0,scene-0796,17
car,True,0.7715640007484252,False,,0.1627,0.8218,0.1326555313483418,1.096,0.16221950224398204,1.9880000000000004,0.16221950224398204,1.9880000000000004,-0.4187243040360378,0.15955448201825012,2.3780000000000006,0.1521,-0.21995359659194946,-0.46628404166728443,-0.4187243040360378,0.049129081253663,687,0.3071324599708879,0.0,9.732562187032663,CAM_BACK_RIGHT,car,0,scene-0796,17
car,False,0.0,False,,0.0,1.0,0.0,0.0,0.0,0.0,0.0,0.0,0.2127327471731757,,,,0.7613110542297363,0.17724182567477464,0.2127327471731757,,0,,,,CAM_FRONT,car,0,scene-0796,18
car,True,0.922237017310253,True,0.7538093164997823,0.0086,0.99135,0.0059841290490438405,0.04600000000000001,0.00689987163029525,0.08600000000000001,0.00689987163029525,0.08600000000000001,-0.05638779871307731,0.004704944178628389,0.05900000000000001,0.0032,0.2026633322238922,-0.1352852373275864,-0.05638779871307731,-0.19500505891450104,0,,12.299523249757787,39.14539720172635,CAM_FRONT,car,1,scene-0796,18
car,False,0.0,False,,0.0,1.0,0.0,0.0,0.0,0.0,0.0,0.0,0.1556200317372769,,,,0.4833280146121979,0.10621098228998238,0.1556200317372769,,0,,,,CAM_FRONT,car,2,scene-0796,18
car,False,0.33192834562697576,False,,0.0,1.0,0.0,0.0,0.0,0.0,0.0,0.0,0.137775962624485,,,,0.9403262138366699,0.056678869287065226,0.137775962624485,,0,,,,CAM_FRONT,car,3,scene-0796,18
car,False,0.5847902097902098,True,0.32538910505836577,0.00745,0.9913,0.012269938650306749,0.018000000000000006,0.009170653907496013,0.023000000000000007,0.009170653907496013,0.023000000000000007,-0.005116210906374041,,,,-0.04691401124000549,-0.07386527853944819,-0.005116210906374041,,6,1.0,,,CAM_FRONT,car,4,scene-0796,18
car,False,0.4076923076923077,True,0.2727272727272727,0.0,1.0,0.0,0.0,0.0,0.0,0.0,0.0,0.24391480255515363,,,,0.7420134544372559,0.159523932417457,0.24391480255515363,,0,,,,CAM_FRONT,car,5,scene-0796,18
car,True,0.9475735033652143,False,,0.00375,0.99575,0.0027749747729566097,0.011000000000000003,0.0010333863275039745,0.013000000000000003,0.0010333863275039745,0.013000000000000003,-0.0486616731196402,0.0006793478260869565,0.010000000000000002,0.0009,0.3989410698413849,-0.12059347879380444,-0.0486616731196402,-0.06094031576577286,43,0.0,0.48031692540804527,40.82232976490132,CAM_FRONT,car,6,scene-0796,18
car,True,0.7445652173913043,False,,0.02795,0.96985,0.010478061558611657,0.06400000000000002,0.00744997871434653,0.07000000000000002,0.00744997871434653,0.07000000000000002,-0.35561981323219294,0.0029411764705882353,0.04800000000000001,0.0,-0.13887614011764526,-0.4012543691844406,-0.35561981323219294,-0.21505277209268425,211,0.0,14.70250870434954,48.260851218836514,CAM_BACK,car,0,scene-0796,18
car,False,0.0,True,0.0,0.38615,0.59205,0.4,0.05000000000000002,0.4057142857142857,0.07100000000000001,0.4057142857142857,0.07100000000000001,0.14916888550380825,,,,-0.04825206473469734,0.13890966444680974,0.14916888550380825,,3834,1.0,,,CAM_BACK,car,1,scene-0796,18
car,False,0.85068349106204,False,,0.0,1.0,0.0,0.0,0.006072874493927126,0.07200000000000002,0.006072874493927126,0.07200000000000002,-0.20824423743468468,,,,0.0309455543756485,-0.2657660824063044,-0.20824423743468468,,0,,,,CAM_BACK,car,2,scene-0796,18
car,True,0.8689546437868955,True,0.6544696362983624,0.18535,0.80665,0.13054104163155233,1.5490000000000004,0.13774205334307635,2.6390000000000007,0.13774205334307635,2.6390000000000007,-0.25496771284581854,0.09829575952764359,1.4650000000000005,0.12315,-0.09284993261098862,-0.31252388676108545,-0.25496771284581854,0.06510095319943066,952,0.36764705882352944,0.0,14.288529594348313,CAM_BACK,car,3,scene-0796,18
car,False,0.9424591156874621,True,0.6999550157444895,0.0,1.0,0.0,0.0,0.005124716553287982,0.11300000000000002,0.005124716553287982,0.11300000000000002,-0.03441116288294532,,,,0.07269193232059479,-0.12558176966775467,-0.03441116288294532,,0,,,,CAM_BACK,car,4,scene-0796,18
car,True,0.9037984348158046,False,,0.05785,0.93655,0.04751484839012191,0.4560000000000001,0.047497259773474604,0.7800000000000001,0.047497259773474604,0.7800000000000001,0.13305122932065316,0.07237654320987655,0.9380000000000003,0.0744,-0.08557406812906265,0.054866298454512574,0.13305122932065316,-0.13678508158181246,501,0.30938123752495006,14.669870680199887,19.112908178949905,CAM_BACK,car,5,scene-0796,18
motorcycle,True,0.4929906542056075,True,0.3089311859443631,0.06055,0.93945,0.06054054054054054,0.056000000000000015,0.05128205128205128,0.19600000000000004,0.05982392957182873,0.29900000000000004,0.06721321225193988,0.08078231292517007,0.19000000000000009,0.0592,0.4026618003845215,-0.3252249016936556,-0.2883143256347438,-0.22129838692416348,460,0.5608695652173913,0.21179519243360048,25.788493202222554,CAM_BACK,motorcycle,0,scene-0796,18
car,True,0.9778247096092925,True,0.7449718423169751,0.0,1.0,0.0,0.0,0.0,0.0,0.0,0.0,-0.5830603906260485,0.0,0.0,0.0,0.6076090335845947,-0.672497075857569,-0.5830603906260485,-0.7389841498360721,0,,10.100617800135597,75.04539752627205,CAM_FRONT,car,0,scene-0796,19
car,True,0.8950058985450255,True,0.7582243691180145,0.01675,0.98305,0.009573195053849222,0.07200000000000001,0.009366925064599484,0.11600000000000002,0.009366925064599484,0.11600000000000002,-0.3146294351246006,0.008293460925039872,0.10400000000000001,0.0151,-0.18247070908546448,-0.40994508032004295,-0.3146294351246006,-0.29038461953609396,10,1.0,12.87859344899006,27.154562301597167,CAM_FRONT,car,1,scene-0796,19
car,False,0.0,False,,0.0,1.0,0.0,0.0,0.0,0.0,0.0,0.0,0.2931862755608412,,,,0.8580702543258667,0.19402262900705158,0.2931862755608412,,0,,,,CAM_FRONT,car,2,scene-0796,19
car,False,0.012417218543046357,False,,0.0,1.0,0.0,0.0,0.0,0.0,0.0,0.0,0.03905791764291244,,,,0.1084362268447876,-0.015940272116727966,0.03905791764291244,,0,,,,CAM_FRONT,car,3,scene-0796,19
car,False,0.5168374816983895,False,,0.01015,0.98985,0.015357222345871356,0.06900000000000002,0.010851648351648351,0.07900000000000001,0.010851648351648351,0.07900000000000001,-0.07069302077129702,,,,-0.20795699954032898,-0.16972090566974415,-0.07069302077129702,,92,1.0,,,CAM_FRONT,car,4,scene-0796,19
car,True,0.959279368213228,False,,0.0136,0.9856,0.014357883541611273,0.05400000000000001,0.01793546365914787,0.22900000000000006,0.01793546365914787,0.22900000000000006,-0.13531410242152564,0.007133152173913043,0.10500000000000002,0.0062,0.037803322076797485,-0.2138531738828966,-0.13531410242152564,-0.2297474642099031,69,0.10144927536231885,0.48067354538374235,35.10698232658587,CAM_FRONT,car,5,scene-0796,19
car,False,0.45714285714285713,True,0.3054892601431981,0.0,1.0,0.0,0.0,0.0,0.0,0.0,0.0,-0.05040165568215971,,,,0.46440061926841736,-0.13417184239438018,-0.05040165568215971,,0,,,,CAM_FRONT,car,6,scene-0796,19
car,True,0.7491694352159468,False,,0.0,1.0,0.0,0.0,0.0,0.0,0.0,0.0,2.2588833688649292,0.008293460925039872,0.10400000000000001,0.03575,0.11201366782188416,2.145829705432931,2.2588833688649292,0.004099757371254675,0,,12.87859344899006,27.154562301597167,CAM_FRONT_RIGHT,car,0,scene-0796,19
car,False,0.7577065351418002,True,0.4342756183745583,0.0171,0.9829,0.01758973140004754,0.07400000000000002,0.006672113289760349,0.049000000000000016,0.006672113289760349,0.049000000000000016,-0.3514120196085295,,,,-0.10800407826900482,-0.4266815460797765,-0.3514120196085295,,38,0.2894736842105263,,,CAM_FRONT_RIGHT,car,1,scene-0796,19
car,False,0.6877637130801688,False,,0.0,1.0,0.0,0.0,0.0,0.0,0.0,0.0,-1.3705351828309134,,,,0.05370929837226868,-1.3749075668710167,-1.3705351828309134,,0,,,,CAM_BACK,car,0,scene-0796,19
car,False,0.8830357142857143,False,,0.0,1.0,0.0,0.0,0.006372549019607843,0.09100000000000001,0.006372549019607843,0.09100000000000001,0.00967544248495289,,,,0.22203859686851501,-0.06992713589384458,0.00967544248495289,,0,,,,CAM_BACK,car,1,scene-0796,19
car,True,0.894537387928644,True,0.6892180601053981,0.1127,0.88615,0.07703502474046764,0.7940000000000002,0.08811350627207405,1.4470000000000005,0.08811350627207405,1.4470000000000005,-0.2068005591795572,0.03784219001610306,0.5640000000000002,0.0592,-0.03586426377296448,-0.26897316841929875,-0.2068005591795572,0.047574634441724606,352,0.09659090909090906,0.0,19.663235953600598,CAM_BACK,car,2,scene-0796,19
car,False,0.8137535816618912,True,0.7946278679350868,0.00135,0.99865,0.0032692559173532103,0.025000000000000005,0.008103337612323491,0.101,0.008103337612323491,0.101,-0.20140740717804884,,,,0.15723207592964172,-0.2616163013223145,-0.20140740717804884,,7,0.0,,,CAM_BACK,car,3,scene-0796,19
car,True,0.9245520276642565,False,,0.07325,0.92315,0.055183585313174945,0.5110000000000001,0.055545841347554935,0.9530000000000002,0.055545841347554935,0.9530000000000002,0.21624626266232294,0.06489197530864198,0.8410000000000002,0.099,0.04533478617668152,0.1067265458082729,0.21624626266232294,-0.028035044019030564,612,0.18790849673202614,14.625182518226065,17.83881846870872,CAM_BACK,car,4,scene-0796,19
motorcycle,True,0.6427255985267035,True,0.4684563758389262,0.02645,0.97305,0.033003300330033,0.02,0.050505050505050504,0.05500000000000001,0.050505050505050504,0.05500000000000001,-0.07173418408208554,0.044642857142857144,0.10500000000000004,0.1268,0.5901956558227539,-0.08144958493300092,-0.07173418408208554,-0.18784362661174636,305,0.24590163934426235,0.21167463024220676,31.51751971749907,CAM_BACK,motorcycle,0,scene-0796,19
car,True,0.7636709462672373,False,,0.00175,0.99825,0.0010597430123195125,0.008000000000000002,0.007380952380952381,0.09300000000000003,0.007380952380952381,0.09300000000000003,0.11141513645120882,0.013519021739130435,0.19900000000000007,0.00795,-0.07900333404541016,0.025335267648633128,0.11141513645120882,-0.06012221040613275,0,,0.4508667799750547,29.46922874063197,CAM_FRONT,car,0,scene-0796,20
car,True,0.6393617021276595,False,,0.0,1.0,0.0,0.0,0.0,0.0,0.0,0.0,-0.5951544210736741,0.0,0.0,0.0,0.0907435417175293,-0.6669293304706726,-0.5951544210736741,-0.9117177253354429,0,,10.320106184745118,74.11880972516678,CAM_FRONT,car,1,scene-0796,20
car,False,0.19573643410852712,True,0.12279635258358662,0.0,1.0,0.0,0.0,0.0,0.0,0.0,0.0,-0.32955722356783124,,,,0.07832366228103638,-0.3896909557494208,-0.32955722356783124,,0,,,,CAM_FRONT,car,2,scene-0796,20
car,False,0.7349137931034483,False,,0.0,1.0,0.0,0.0,0.0,0.0,0.0,0.0,-0.4484183702204765,,,,-0.3769436478614807,-0.486754279955512,-0.4484183702204765,,0,,,,CAM_FRONT,car,3,scene-0796,20
car,False,0.2589641434262948,False,,0.0,1.0,0.0,0.0,0.0,0.0,0.0,0.0,-0.8849916012891703,,,,0.06704431772232056,-0.9518440914833222,-0.8849916012891703,,0,,,,CAM_FRONT,car,4,scene-0796,20
car,False,0.5232383808095952,False,,0.0053,0.9947,0.0010306242638398115,0.007000000000000001,0.004050925925925926,0.04200000000000001,0.004050925925925926,0.04200000000000001,-0.022808182383951436,,,,-0.05502605438232422,-0.09750760791021874,-0.022808182383951436,,14,1.0,,,CAM_FRONT,car,5,scene-0796,20
car,True,0.901994301994302,False,,0.0736,0.9238,0.04851374088614694,0.34600000000000003,0.06499582289055973,0.7780000000000001,0.06499582289055973,0.7780000000000001,-0.22090373451150458,0.06523125996810207,0.8180000000000002,0.02245,-0.3134015202522278,-0.2953223917170466,-0.22090373451150458,-0.07045529183537746,393,0.43511450381679384,11.795375948980373,16.42013459151809,CAM_FRONT_RIGHT,car,0,scene-0796,20
car,False,0.9352129574085183,False,,0.0,1.0,0.0,0.0,0.0,0.0,0.0,0.0,0.8861637372685025,,,,-0.770991325378418,0.7884736316971621,0.8861637372685025,,0,,,,CAM_FRONT_RIGHT,car,1,scene-0796,20
car,True,0.8643698770491803,False,,0.0703,0.92655,0.056882327399044724,0.5240000000000001,0.06207028265851795,0.9750000000000002,0.06207028265851795,0.9750000000000002,-0.024661944188078655,0.06820987654320988,0.8840000000000002,0.08585,-0.01426522433757782,-0.09108968610113091,-0.024661944188078655,-0.09076979762908544,670,0.16716417910447756,14.650905746014871,16.531847720790534,CAM_BACK,car,0,scene-0796,20
car,False,0.0,False,,0.0061,0.9913,0.005893909626719057,0.0030000000000000005,0.005847953216374269,0.011000000000000003,0.005847953216374269,0.011000000000000003,0.048272352141289,,,,0.20078885555267334,0.024978391726738908,0.048272352141289,,34,1.0,,,CAM_BACK,car,1,scene-0796,20
car,False,0.8745067087608525,False,,0.0,1.0,0.0,0.0,0.0007832080200501253,0.010000000000000002,0.0007832080200501253,0.010000000000000002,-0.1359027796850204,,,,0.14535947144031525,-0.2143676028693028,-0.1359027796850204,,0,,,,CAM_BACK,car,2,scene-0796,20
car,True,0.9200847294434816,False,,0.10765,0.8911,0.07642519293004729,0.6140000000000001,0.05683139534883721,0.7820000000000001,0.05683139534883721,0.7820000000000001,-0.29473550099416124,0.036701556629092864,0.5470000000000002,0.02335,-0.12713482975959778,-0.3841708315607326,-0.29473550099416124,-0.09936336232905785,657,0.0639269406392694,0.0,25.28888207011501,CAM_BACK,car,3,scene-0796,20
car,False,0.0,True,0.0,0.02195,0.97765,0.01887267237040765,0.15000000000000002,0.022561079303894338,0.7960000000000003,0.022561079303894338,0.7960000000000003,1.4678703588582778,,,,0.24463695287704468,1.3521728864766454,1.4678703588582778,,190,1.0,,,CAM_BACK,car,4,scene-0796,20
car,False,0.0,False,,0.0,1.0,0.0,0.0,0.0,0.0,0.0,0.0,0.044813703817537576,,,,-0.34189945459365845,-0.009171140283770307,0.044813703817537576,,0,,,,CAM_FRONT,car,0,scene-0796,21
car,True,0.0,False,,0.0,1.0,0.0,0.0,0.0,0.0,0.0,0.0,1.3914483911365818,0.0,0.0,0.0,-0.37007713317871094,1.3078225743443526,1.3914483911365818,-0.6311900948850575,0,,10.540417674125766,73.38080188718072,CAM_FRONT,car,1,scene-0796,21
car,True,0.9063221452672705,False,,0.0085,0.9911,0.0134315939617259,0.11300000000000003,0.02621212121212121,0.3460000000000001,0.02621212121212121,0.3460000000000001,-0.12128545243144684,0.029959239130434783,0.4410000000000001,0.01495,-0.48392245173454285,-0.18761149205837124,-0.12128545243144684,-0.13696236030775888,31,1.0,0.42153453563237764,23.81850372439624,CAM_FRONT,car,2,scene-0796,21
car,False,0.47600391772771794,True,0.29119233073696826,0.0,1.0,0.0,0.0,0.0,0.0,0.0,0.0,-0.01794499604913047,,,,-0.35916024446487427,-0.09931685343857133,-0.01794499604913047,,0,,,,CAM_FRONT,car,3,scene-0796,21
car,False,0.652459878979216,False,,0.0056,0.9944,0.002444240757714635,0.016000000000000004,0.0061403508771929825,0.06300000000000001,0.0061403508771929825,0.06300000000000001,-0.10181854427015957,,,,-0.46095624566078186,-0.15075785065956698,-0.10181854427015957,,21,1.0,,,CAM_FRONT,car,4,scene-0796,21
car,False,0.7459165154264973,False,,0.0086,0.9914,0.010757946210268949,0.04400000000000001,0.012209302325581395,0.16800000000000004,0.012209302325581395,0.16800000000000004,-0.16770255295645375,,,,-0.9008439779281616,-0.28431503488836585,-0.16770255295645375,,4,1.0,,,CAM_FRONT,car,5,scene-0796,21
car,True,0.6892453710276014,False,,0.11095,0.88875,0.06115555555555555,0.3440000000000001,0.1151033386327504,1.0860000000000003,0.1151033386327504,1.0860000000000003,-0.1748967858561088,0.11794258373205742,1.4790000000000003,0.0273,-0.3458004593849182,-0.26361341716458964,-0.1748967858561088,-0.00041647319600313093,418,0.8301435406698565,10.28889777549608,10.193688086454435,CAM_FRONT_RIGHT,car,0,scene-0796,21
car,False,0.8813123190736571,True,0.5377821393523062,0.02125,0.97725,0.014345619068638269,0.06500000000000002,0.01903114186851211,0.14300000000000004,0.01903114186851211,0.14300000000000004,-0.4613771847627506,,,,-1.0039708614349365,-0.5363834747572582,-0.4613771847627506,,43,1.0,,,CAM_FRONT_RIGHT,car,1,scene-0796,21
car,True,0.852857293757262,False,,0.0877,0.9103,0.0716741886954653,0.6670000000000003,0.08269394714407502,1.3580000000000003,0.08269394714407502,1.3580000000000003,-0.06996438042350106,0.11072530864197531,1.4350000000000003,0.10465,0.06046906113624573,-0.13877400707927778,-0.06996438042350106,-0.10792186397823633,758,0.27308707124010556,14.749337435970475,15.207171658571148,CAM_BACK,car,0,scene-0796,21
car,True,1.0,False,,0.0123,0.9876,0.01845649053250393,0.27,0.015873015873015872,0.4140000000000001,0.015873015873015872,0.4140000000000001,0.024495933217676402,0.011540526033279656,0.17200000000000004,0.0073,0.1461406946182251,-0.04922542458214388,0.024495933217676402,-0.08762224865118429,82,0.5121951219512195,0.0,31.080102602787747,CAM_BACK,car,1,scene-0796,21
car,False,0.0053475935828877,False,,0.0,1.0,0.0,0.0,0.0,0.0,0.0,0.0,0.1867439831233182,,,,0.8732298612594604,0.13528088562346718,0.1867439831233182,,0,,,,CAM_BACK,car,2,scene-0796,21
car,False,0.7932276657060519,False,,0.00205,0.99725,0.010195035460992909,0.04600000000000002,0.04313186813186813,0.31400000000000006,0.04313186813186813,0.31400000000000006,-0.07521879084752747,,,,0.35541900992393494,-0.13724009867218107,-0.07521879084752747,,13,1.0,,,CAM_BACK,car,3,scene-0796,21
car,False,0.5471142520612485,True,0.3685045616818723,0.00725,0.99275,0.0033098882912701694,0.024000000000000004,0.012975778546712802,0.15000000000000002,0.012975778546712802,0.15000000000000002,-0.40998547278621844,,,,0.5109000205993652,-0.48569481382029345,-0.40998547278621844,,5,1.0,,,CAM_BACK,car,4,scene-0796,21
car,True,0.946377257255559,False,,0.10575,0.87225,0.07821529364332751,0.5820000000000001,0.13660287081339714,1.7130000000000005,0.13660287081339714,1.7130000000000005,-0.21701962891068027,0.11794258373205742,1.4790000000000003,0.0931,-0.4156661629676819,-0.28564999540759695,-0.21701962891068027,-0.0702821767787668,386,0.7435233160621761,10.28889777549608,10.193688086454435,CAM_BACK_RIGHT,car,0,scene-0796,21
car,True,0.8021133525456292,False,,0.0,1.0,0.0,0.0,0.0,0.0,0.0,0.0,-0.2240345342775365,0.0,0.0,0.0,1.2493160963058472,-0.28660336613975534,-0.2240345342775365,-0.3241693934222034,0,,10.207268719346699,72.59770723199131,CAM_FRONT,car,0,scene-0796,22
car,True,0.9332600374623341,False,,0.0233,0.97565,0.010846426761277242,0.10700000000000001,0.01688664596273292,0.26100000000000007,0.01688664596273292,0.26100000000000007,0.20704386111007267,0.03804347826086957,0.5600000000000002,0.05005,0.01247301697731018,0.11656470716948862,0.20704386111007267,0.031360340037515755,155,1.0,0.9391577922849335,18.26357276678839,CAM_FRONT,car,1,scene-0796,22
car,False,0.4713983050847458,True,0.29218647406434667,0.0,1.0,0.0,0.0,0.0,0.0,0.0,0.0,0.17284449508696242,,,,0.9565054178237915,0.09633301946182482,0.17284449508696242,,0,,,,CAM_FRONT,car,2,scene-0796,22
car,False,0.3021276595744681,False,,0.0,1.0,0.0,0.0,0.0,0.0,0.0,0.0,0.12809657386682272,,,,1.5091315507888794,0.08132970212034007,0.12809657386682272,,0,,,,CAM_FRONT,car,3,scene-0796,22
car,True,0.8543249561659848,False,,0.00875,0.99125,0.005849294643881179,0.051000000000000004,0.009367321867321867,0.12200000000000001,0.009367321867321867,0.12200000000000001,0.08870558914932536,0.00358187134502924,0.049000000000000016,0.02085,0.06315454840660095,0.015219760452476291,0.08870558914932536,-0.140702831251594,0,,2.63254653507989,26.76748026374109,CAM_FRONT,car,4,scene-0796,22
car,False,0.9488229273285568,False,,0.0297,0.9703,0.04288445779841573,0.15700000000000003,0.07589134125636672,0.4470000000000001,0.07589134125636672,0.4470000000000001,-0.2847584427147701,,,,-0.3464571237564087,-0.3520000518297465,-0.2847584427147701,,255,1.0,,,CAM_FRONT,car,5,scene-0796,22
car,False,0.7676767676767676,False,,0.0,1.0,0.0,0.0,0.008791208791208791,0.06400000000000002,0.008791208791208791,0.06400000000000002,0.16902994426405193,,,,-0.24926245212554932,0.10878511095605503,0.16902994426405193,,0,,,,CAM_FRONT_RIGHT,car,0,scene-0796,22
car,True,0.9475405368578825,False,,0.0129,0.983,0.005406943653955606,0.019000000000000003,0.015536187949981054,0.08200000000000002,0.015536187949981054,0.08200000000000002,-0.04878654055602882,0.03804347826086957,0.5600000000000002,0.0,-0.0035462528467178345,-0.08128979136212207,-0.04878654055602882,0.01534107021348774,27,1.0,0.9391577922849335,18.26357276678839,CAM_FRONT_RIGHT,car,1,scene-0796,22
car,False,0.8706878744061144,True,0.7258481143447564,0.0173,0.98235,0.021466473709599615,0.08900000000000002,0.026515151515151516,0.3570000000000001,0.026515151515151516,0.3570000000000001,-0.18465469200376416,,,,-0.8000613451004028,-0.2925596764551235,-0.18465469200376416,,42,0.5,,,CAM_FRONT_RIGHT,car,2,scene-0796,22
car,False,0.7606752730883813,False,,0.01915,0.98085,0.022049611626158858,0.08800000000000002,0.018401206636500755,0.12200000000000004,0.018401206636500755,0.12200000000000004,-0.46840885202485816,,,,-0.29481732845306396,-0.5261973029585604,-0.46840885202485816,,139,0.9568345323741008,,,CAM_FRONT_RIGHT,car,3,scene-0796,22
car,False,0.1262135922330097,False,,0.0,1.0,0.0,0.0,0.0,0.0,0.0,0.0,-0.7704674790820503,,,,-0.1756654977798462,-0.7884107682000342,-0.7704674790820503,,0,,,,CAM_BACK,car,0,scene-0796,22
car,True,0.8346075433231397,False,,0.12175,0.87345,0.0927823315118397,0.8150000000000002,0.09801136363636363,1.4490000000000003,0.09801136363636363,1.4490000000000003,-0.05690944023772593,0.10015432098765432,1.2980000000000003,0.10955,-0.27576616406440735,-0.14898923434894837,-0.05690944023772593,-0.1737224224766296,1057,0.23178807947019864,14.782653239805768,13.88142985248076,CAM_BACK,car,1,scene-0796,22
car,False,0.0,True,0.0,0.0,1.0,0.0,0.0,0.0,0.0,0.0,0.0,1.9637554839997522,,,,-0.06668807566165924,1.9308781582364787,1.9637554839997522,,0,,,,CAM_BACK,car,2,scene-0796,22
car,False,0.8579610538373424,False,,0.0,1.0,0.0,0.0,0.0,0.0,0.0,0.0,-0.059032618392313996,,,,-0.27087873220443726,-0.13623480320776096,-0.059032618392313996,,0,,,,CAM_BACK,car,3,scene-0796,22
car,True,0.9470090458126641,False,,0.1129,0.886,0.07304507819687213,0.39700000000000013,0.09526721291427173,0.779,0.09526721291427173,0.779,-0.2262251275193301,0.12727272727272726,1.596,0.05075,-0.5195003151893616,-0.30006013742396465,-0.2262251275193301,-0.13209068489457232,342,0.32748538011695905,9.717573379626465,13.740158394192802,CAM_BACK,car,4,scene-0796,22
car,False,0.0,False,,0.0,1.0,0.0,0.0,0.0,0.0,0.0,0.0,0.03937630926841895,,,,-0.23212164640426636,0.03162715487003703,0.03937630926841895,,0,,,,CAM_BACK,car,5,scene-0796,22
car,False,0.6038356164383561,True,0.47561501942166595,0.0,1.0,0.0,0.0,0.0,0.0,0.0,0.0,0.5724696390333852,,,,-0.1149812564253807,0.4948127991694049,0.5724696390333852,,0,,,,CAM_BACK,car,6,scene-0796,22
car,True,0.9817812222081057,False,,0.109,0.8822,0.06330084328113021,0.5780000000000001,0.12353347135955832,1.7900000000000005,0.12353347135955832,1.7900000000000005,-0.04139199125827653,0.12727272727272726,1.596,0.13015,-0.47207796573638916,-0.12799053635748453,-0.04139199125827653,-0.0846683354415999,693,0.39249639249639245,9.717573379626465,13.740158394192802,CAM_BACK_RIGHT,car,0,scene-0796,22
car,True,0.868313458262351,False,,0.08105,0.91755,0.04180244971345095,0.3720000000000001,0.037238943488943486,0.48500000000000004,0.037238943488943486,0.48500000000000004,0.12825049169627145,0.06074561403508772,0.8310000000000002,0.0668,-0.35170459747314453,0.03770601648460675,0.12825049169627145,-0.14767375042195985,646,0.9195046439628483,3.19953381565307,22.646376064934906,CAM_FRONT,car,0,scene-0796,23
car,False,0.6643426294820717,False,,0.0,1.0,0.0,0.0,0.0,0.0,0.0,0.0,0.22157793258640568,,,,0.4021871089935303,0.1722043717882643,0.22157793258640568,,0,,,,CAM_FRONT,car,1,scene-0796,23
car,True,0.7162852372065612,False,,0.02285,0.9704,0.015133601324190116,0.06400000000000002,0.05018472906403941,0.32600000000000007,0.05018472906403941,0.32600000000000007,-0.03691164062547858,0.07819293478260869,1.1510000000000002,0.0073,-0.18109187483787537,-0.10367239261943792,-0.03691164062547858,0.10915743731748112,22,0.18181818181818177,2.3390662606871144,13.422582899680014,CAM_FRONT,car,2,scene-0796,23
car,False,0.36323851203501095,True,0.2222222222222222,0.0,1.0,0.0,0.0,0.0,0.0,0.0,0.0,0.3121864763371809,,,,0.29387593269348145,0.24081583420254585,0.3121864763371809,,0,,,,CAM_FRONT,car,3,scene-0796,23
car,False,0.27205882352941174,False,,0.0,1.0,0.0,0.0,0.0,0.0,0.0,0.0,0.5127591060624677,,,,0.8031570911407471,0.4591602721644916,0.5127591060624677,,0,,,,CAM_FRONT,car,4,scene-0796,23
bus,False,0.05709342560553633,True,0.03241650294695481,0.0,1.0,0.0,0.0,0.0,0.0,0.0,0.0,-0.19594186293581295,,,,0.2995039224624634,-0.21684122240075288,-0.19594186293581295,,0,,,,CAM_FRONT,bus,0,scene-0796,23
car,False,0.0,False,,0.0,1.0,0.0,0.0,0.011397058823529411,0.031000000000000007,0.011397058823529411,0.031000000000000007,0.7441624936356326,,,,-0.7994085550308228,0.7081307073138046,0.7441624936356326,,0,,,,CAM_FRONT_RIGHT,car,0,scene-0796,23
car,True,0.9198013366443892,False,,0.06795,0.92065,0.04224289665577068,0.3360000000000001,0.09302325581395349,1.2800000000000002,0.09302325581395349,1.2800000000000002,0.005855764261144092,0.07819293478260869,1.1510000000000002,0.09345,-0.19893068075180054,-0.13226294465106864,0.005855764261144092,0.09131863140355595,262,0.6984732824427481,2.3390662606871144,13.422582899680014,CAM_FRONT_RIGHT,car,1,scene-0796,23
car,False,0.9152298850574713,True,0.6068111455108359,0.0187,0.9813,0.020993343573988736,0.041000000000000016,0.039636363636363636,0.10900000000000001,0.039636363636363636,0.10900000000000001,-0.6896851827490336,,,,-0.8732577562332153,-0.7521077177990003,-0.6896851827490336,,120,0.3416666666666667,,,CAM_FRONT_RIGHT,car,2,scene-0796,23
car,True,0.8604052197802198,True,0.684002184002184,0.0238,0.97535,0.016180371352785147,0.12200000000000004,0.025029708853238266,0.33700000000000013,0.025029708853238266,0.33700000000000013,0.23595300526087692,0.022076023391812867,0.3020000000000001,0.01,-0.8056769371032715,0.10310977312159264,0.23595300526087692,0.2990835384235644,84,0.27380952380952384,2.408810831755508,35.20369125127962,CAM_FRONT_RIGHT,car,3,scene-0796,23
car,True,0.8533765970391402,False,,0.1396,0.849,0.09140201394268009,0.8260000000000002,0.11485172581429266,1.8900000000000003,0.11485172581429266,1.8900000000000003,0.03023911210883723,0.13016975308641976,1.6870000000000005,0.1666,0.06018167734146118,-0.07126953964035185,0.03023911210883723,0.0009892089934020465,1117,0.1378692927484333,14.783121009239869,12.520926823607752,CAM_BACK,car,0,scene-0796,23
car,False,0.0,False,,0.0,1.0,0.0,0.0,0.0,0.0,0.0,0.0,1.3418019135401995,,,,1.1231286525726318,1.3250818571245795,1.3418019135401995,,0,,,,CAM_BACK,car,1,scene-0796,23
car,True,0.9971577451444813,False,,0.0135,0.9865,0.015387574533564147,0.08000000000000003,0.010634920634920634,0.20100000000000004,0.010634920634920634,0.20100000000000004,0.04138162037410065,0.003812799043062201,0.05100000000000001,0.0183,0.1684778332710266,-0.027198307659400095,0.04138162037410065,0.02893689161730162,63,1.0,15.063089895952608,28.36192011541193,CAM_BACK,car,2,scene-0796,23
car,True,0.9840844362539789,True,0.7731999473476372,0.0284,0.9715,0.022303030303030304,0.18400000000000005,0.04239858906525573,0.6010000000000001,0.04239858906525573,0.6010000000000001,-0.10548687847263727,0.026475279106858055,0.3320000000000001,0.0182,-0.15475380420684814,-0.16806338167061918,-0.10548687847263727,-0.05153373177159193,142,0.35915492957746475,8.864773869132303,22.66389435799035,CAM_BACK,car,3,scene-0796,23
car,False,0.8407460545193687,False,,0.0012,0.9988,0.0030103995621237,0.011000000000000003,0.002136752136752137,0.012000000000000004,0.002136752136752137,0.012000000000000004,-0.8781281771433651,,,,0.4296005368232727,-0.936604540651168,-0.8781281771433651,,18,0.0,,,CAM_BACK,car,4,scene-0796,23
car,False,0.7961538461538461,False,,0.0125,0.9875,0.00655118809682434,0.05900000000000002,0.004709254709254709,0.069,0.004709254709254709,0.069,-0.3158830463309733,,,,0.16867917776107788,-0.38531184492617876,-0.3158830463309733,,68,0.6470588235294117,,,CAM_BACK,car,5,scene-0796,23
car,False,0.2993827160493827,True,0.16958041958041958,0.0,1.0,0.0,0.0,0.0,0.0,0.0,0.0,-0.00836966827625707,,,,0.8537805080413818,-0.04480398438617439,-0.00836966827625707,,0,,,,CAM_FRONT,car,0,scene-0796,24
car,True,0.8923076923076924,False,,0.0,1.0,0.0,0.0,0.0,0.0,0.0,0.0,0.02981151599796128,0.0,0.0,0.0,0.6302391290664673,-0.05028869520777257,0.02981151599796128,-0.25756353865040094,0,,9.880530842849145,70.52516855115003,CAM_FRONT,car,1,scene-0796,24
car,True,0.5117249436701995,False,,0.01955,0.98045,0.01653372008701958,0.11400000000000003,0.016136598179941834,0.17200000000000004,0.016136598179941834,0.17200000000000004,0.20221285506914355,0.027850877192982456,0.3810000000000001,0.02275,-0.14794477820396423,0.13730130818097291,0.20221285506914355,-0.16626698050251154,79,1.0,3.4478712460511884,18.79975436364641,CAM_FRONT,car,2,scene-0796,24
car,False,0.3613348676639816,True,0.23573573573573572,0.0,1.0,0.0,0.0,0.0,0.0,0.0,0.0,0.4549012109718076,,,,0.6336830854415894,0.4069807425583064,0.4549012109718076,,0,,,,CAM_FRONT,car,3,scene-0796,24
car,True,0.9566202942352994,False,,0.11535,0.8558,0.06712036295703229,0.5030000000000001,0.14369256474519632,1.7200000000000002,0.14369256474519632,1.7200000000000002,0.0193733748679199,0.1108695652173913,1.6320000000000003,0.06965,-0.06059098243713379,-0.09829523940768804,0.0193733748679199,0.06870092009321038,353,0.4475920679886686,3.233625184988911,9.87588207411373,CAM_FRONT_RIGHT,car,0,scene-0796,24
car,False,0.8620834206665269,False,,0.0103,0.98875,0.004736408566721581,0.023000000000000003,0.004691358024691358,0.038000000000000006,0.004691358024691358,0.038000000000000006,-0.04420510921648768,,,,-0.5337263345718384,-0.11639321293905536,-0.04420510921648768,,74,0.6756756756756757,,,CAM_FRONT_RIGHT,car,1,scene-0796,24
car,True,0.9086154293186111,True,0.690998821449617,0.0394,0.9603,0.018539255941271617,0.14900000000000005,0.0344854797979798,0.4370000000000001,0.0344854797979798,0.4370000000000001,0.029251249557622927,0.027850877192982456,0.3810000000000001,0.04595,-0.12760472297668457,-0.054706787432323184,0.029251249557622927,-0.14592692527523188,187,0.8074866310160428,3.4478712460511884,18.79975436364641,CAM_FRONT_RIGHT,car,2,scene-0796,24
car,False,0.6535987748851455,False,,0.0,1.0,0.0,0.0,0.0006885245901639345,0.021000000000000005,0.0006885245901639345,0.021000000000000005,0.5060983533753114,,,,-0.3932805061340332,0.3870433272866669,0.5060983533753114,,0,,,,CAM_FRONT_RIGHT,car,3,scene-0796,24
car,False,0.7658450704225352,True,0.38839285714285715,0.04275,0.95725,0.03914590747330961,0.011000000000000003,0.09722222222222222,0.03500000000000001,0.09722222222222222,0.03500000000000001,-1.335699794619342,,,,-0.5610893964767456,-1.3598558564186738,-1.335699794619342,,522,1.0,,,CAM_FRONT_RIGHT,car,4,scene-0796,24
car,True,0.9211599456275487,False,,0.00695,0.99235,0.004047927461139896,0.025,0.00267379679144385,0.030000000000000006,0.00267379679144385,0.030000000000000006,-0.009240511994788259,0.000992063492063492,0.015000000000000001,0.0,-0.4235518276691437,-0.10689509985681245,-0.009240511994788259,-0.008609940679130013,64,0.546875,0.0,50.0994369320826,CAM_FRONT_RIGHT,car,5,scene-0796,24
car,False,0.0,True,0.0,0.0,1.0,0.0,0.0,0.0,0.0,0.0,0.0,1.6077971305563357,,,,-0.08365452289581299,1.5848115497880084,1.6077971305563357,,0,,,,CAM_BACK,car,0,scene-0796,24
car,True,0.9588875453446191,False,,0.01815,0.9817,0.012371134020618556,0.13800000000000004,0.010413148711021052,0.18500000000000005,0.010413148711021052,0.18500000000000005,0.11206844281314376,0.01457834928229665,0.19500000000000003,0.02755,-0.11032326519489288,0.05155835783748866,0.11206844281314376,-0.05409000201476977,90,0.5444444444444445,14.987289479509581,26.8273040439859,CAM_BACK,car,1,scene-0796,24
car,True,0.8657305616630022,False,,0.1082,0.887,0.09281087395136456,0.8740000000000002,0.11596638655462185,1.8630000000000007,0.11596638655462185,1.8630000000000007,0.0353250500017106,0.12901234567901235,1.6720000000000004,0.1393,-0.005420386791229248,-0.06346437330534707,0.0353250500017106,-0.0033975293580912336,912,0.3081140350877193,14.783059599645991,11.18697797322949,CAM_BACK,car,2,scene-0796,24
car,False,0.8599585062240664,False,,0.00055,0.99925,0.0004073319755600815,0.0020000000000000005,0.0024435456690259524,0.05800000000000002,0.0024435456690259524,0.05800000000000002,-0.09318564308262989,,,,0.25119608640670776,-0.21758958974833087,-0.09318564308262989,,0,,,,CAM_BACK,car,3,scene-0796,24
car,False,0.9575033200531209,False,,0.0209,0.9791,0.02513107937081902,0.13900000000000004,0.014855687606112054,0.14000000000000004,0.014855687606112054,0.14000000000000004,-0.25243139502144984,,,,-0.05853271484375,-0.3153094774081288,-0.25243139502144984,,95,0.8631578947368421,,,CAM_BACK,car,4,scene-0796,24
car,True,0.9956188389923329,False,,0.00035,0.99965,0.0,0.0,0.0004459308807134894,0.012000000000000004,0.0004459308807134894,0.012000000000000004,0.2617653493562977,0.007275132275132275,0.12100000000000002,0.0151,-0.010749995708465576,0.17894385247798275,0.2617653493562977,-0.21055715621892968,0,,12.779717965651423,30.289049881410605,CAM_BACK,car,5,scene-0796,24
bus,False,0.16161616161616163,False,,0.0,1.0,0.0,0.0,0.0,0.0,0.0,0.0,-0.5978042700488004,,,,0.5086497664451599,-0.6299975599750138,-0.5978042700488004,,0,,,,CAM_BACK,bus,0,scene-0796,24
car,False,0.036585365853658534,True,0.016216216216216217,0.0,1.0,0.0,0.0,0.0,0.0,0.0,0.0,0.5110547454897785,,,,0.35880184173583984,0.4636300765299822,0.5110547454897785,,0,,,,CAM_FRONT,car,0,scene-0796,25
car,False,0.8286516853932584,False,,0.0,1.0,0.0,0.0,0.0,0.0,0.0,0.0,0.17003576898107298,,,,0.25778698921203613,0.09786292873944535,0.17003576898107298,,0,,,,CAM_FRONT,car,1,scene-0796,25
car,False,0.364190012180268,True,0.22464312546957174,0.0,1.0,0.0,0.0,0.0,0.0,0.0,0.0,0.35282919329502604,,,,0.2023453712463379,0.27559527889738933,0.35282919329502604,,0,,,,CAM_FRONT,car,2,scene-0796,25
car,False,0.02733485193621868,False,,0.4173,0.5827,0.2708333333333333,0.013000000000000003,0.3,0.012000000000000002,0.3,0.012000000000000002,-1.560197429483963,,,,-0.32627010345458984,-1.572169709224804,-1.560197429483963,,0,,,,CAM_FRONT_RIGHT,car,0,scene-0796,25
car,False,0.0,False,,0.0,1.0,0.0,0.0,0.0,0.0,0.0,0.0,0.23201585158485405,,,,-0.08509980142116547,0.22843197453401043,0.23201585158485405,,0,,,,CAM_FRONT_RIGHT,car,1,scene-0796,25
car,True,0.7989412348242886,False,,0.174,0.81265,0.1520475926950747,1.0990000000000002,0.16862468671679198,2.1530000000000005,0.16862468671679198,2.1530000000000005,-0.07508151227896676,0.18410326086956522,2.710000000000001,0.11255,-0.023213133215904236,-0.18374479948011563,-0.07508151227896676,0.05729163401483428,686,0.6632653061224489,3.7525234434633017,7.267409382727457,CAM_FRONT_RIGHT,car,2,scene-0796,25
car,True,0.9589154013015184,True,0.7459417501940535,0.06125,0.9364,0.03872129671319226,0.3440000000000001,0.0806337027564649,1.1350000000000005,0.0806337027564649,1.1350000000000005,-0.042615613140563724,0.09005847953216374,1.2320000000000002,0.13845,-0.23623034358024597,-0.10919616679495128,-0.042615613140563724,-0.22756027762559738,335,0.7850746268656716,4.28756466271994,15.728235055773853,CAM_FRONT_RIGHT,car,3,scene-0796,25
car,True,1.0,False,,0.0316,0.96695,0.031148604802076575,0.09600000000000003,0.03648915187376726,0.18500000000000003,0.03648915187376726,0.18500000000000003,-0.2134155318960802,0.04137426900584795,0.5660000000000002,0.00865,-0.3020346462726593,-0.27846787104417076,-0.2134155318960802,0.2823289550253284,104,0.42307692307692313,4.692906196884986,25.177365424743748,CAM_FRONT_RIGHT,car,4,scene-0796,25
car,True,0.827079107505071,True,0.689421959209553,0.0115,0.98795,0.018713026681154172,0.15500000000000003,0.04251207729468599,0.6600000000000003,0.04251207729468599,0.6600000000000003,-0.027882372037749015,0.012301587301587301,0.18600000000000003,0.02465,-0.26477521657943726,-0.08354784602536952,-0.027882372037749015,0.24906053296573694,73,0.7123287671232876,7.249816253525084,31.190867426880054,CAM_FRONT_RIGHT,car,5,scene-0796,25
car,False,0.9032258064516129,False,,0.96705,0.03295,0.8888888888888888,0.008000000000000002,1.0,0.006000000000000002,1.0,0.006000000000000002,-1.413196627440731,,,,-0.0189511775970459,-1.4210934123261674,-1.413196627440731,,3037,1.0,,,CAM_FRONT_RIGHT,car,6,scene-0796,25
bicycle,False,0.5531161473087819,True,0.48569651741293535,0.0027,0.9973,0.0026455026455026454,0.0010000000000000002,0.002916666666666667,0.007000000000000001,0.002916666666666667,0.007000000000000001,0.4166381073912393,,,,-0.24346661567687988,0.3957225147684781,0.4166381073912393,,47,1.0,,,CAM_FRONT_RIGHT,bicycle,0,scene-0796,25
car,False,0.0,False,,0.0,1.0,0.0,0.0,0.0,0.0,0.0,0.0,1.0381434687043605,,,,0.042856886982917786,1.0328742392781658,1.0381434687043605,,0,,,,CAM_BACK,car,0,scene-0796,25
car,False,0.9443544030253916,False,,0.0,1.0,0.0,0.0,0.0,0.0,0.0,0.0,0.1846622857880047,,,,0.22595573961734772,0.10571627883700495,0.1846622857880047,,0,,,,CAM_BACK,car,1,scene-0796,25
car,False,0.015655577299412915,False,,0.0,1.0,0.0,0.0,0.0,0.0,0.0,0.0,0.6235543364330978,,,,0.5274400115013123,0.6004249027966668,0.6235543364330978,,0,,,,CAM_BACK,car,2,scene-0796,25
car,False,0.2764227642276423,False,,0.0,1.0,0.0,0.0,0.0,0.0,0.0,0.0,-0.4216107553780817,,,,1.232647180557251,-0.4953258266133973,-0.4216107553780817,,0,,,,CAM_BACK,car,3,scene-0796,25
car,True,0.8857474561223793,False,,0.1577,0.83335,0.10838532304113355,1.0250000000000001,0.1426704014939309,2.2920000000000007,0.1426704014939309,2.2920000000000007,-0.06220489369249438,0.14544753086419754,1.8850000000000005,0.1765,-0.01944109797477722,-0.15804611137781194,-0.06220489369249438,-0.07557522733142075,1015,0.33990147783251234,14.837475220033815,9.763459752144971,CAM_BACK,car,4,scene-0796,25
car,True,0.9627890173410405,False,,0.02265,0.9757,0.011405295315682282,0.11200000000000003,0.010365853658536586,0.17000000000000004,0.010365853658536586,0.17000000000000004,-0.0312833962554524,0.004186602870813397,0.056000000000000015,0.01885,0.07576395571231842,-0.1088782755481158,-0.0312833962554524,-0.07970622744718192,105,0.6190476190476191,14.912975264730473,25.265816400424075,CAM_BACK,car,5,scene-0796,25
car,False,0.7139588100686499,False,,0.0,1.0,0.0,0.0,0.0,0.0,0.0,0.0,-0.26239184695852247,,,,0.5598457455635071,-0.26712746757421824,-0.26239184695852247,,0,,,,CAM_BACK,car,6,scene-0796,25
car,True,0.7596135781594534,False,,0.21325,0.7395,0.13980898191424507,0.6880000000000002,0.15004595588235295,1.3060000000000005,0.15004595588235295,1.3060000000000005,0.24269977763157402,0.18410326086956522,2.710000000000001,0.0626,-0.04399821162223816,0.14718050910896122,0.24269977763157402,0.03650655560850036,1866,0.7165058949624866,3.7525234434633017,7.267409382727457,CAM_BACK_RIGHT,car,0,scene-0796,25
car,False,0.0,False,,0.0,1.0,0.0,0.0,0.0,0.0,0.0,0.0,0.49543013778298706,,,,-0.09491652250289917,0.47266825242771526,0.49543013778298706,,0,,,,CAM_FRONT,car,0,scene-0796,26
car,False,0.5406162464985994,False,,0.0,1.0,0.0,0.0,0.0,0.0,0.0,0.0,0.16985325516056915,,,,-0.0861004889011383,0.1143306577200622,0.16985325516056915,,0,,,,CAM_FRONT,car,1,scene-0796,26
car,False,0.4076517150395778,True,0.2661498708010336,0.0,1.0,0.0,0.0,0.0,0.0,0.0,0.0,0.24100571298135676,,,,-0.15691827237606049,0.1713615746076117,0.24100571298135676,,0,,,,CAM_FRONT,car,2,scene-0796,26
bus,False,0.004374453193350831,True,0.0019470404984423676,0.0,1.0,0.0,0.0,0.0,0.0,0.0,0.0,0.3363764271559675,,,,-0.3251917362213135,0.2859624784847724,0.3363764271559675,,0,,,,CAM_FRONT,bus,0,scene-0796,26
car,True,0.9431283219438117,False,,0.0457,0.9539,0.028664142779881017,0.21200000000000005,0.040068201193520885,0.5640000000000002,0.040068201193520885,0.5640000000000002,0.3078985617388894,0.03998538011695906,0.547,0.0473,-0.7692915201187134,0.18999871290459025,0.3078985617388894,0.14822214437099412,333,0.5195195195195195,4.909470898376075,20.910604877635944,CAM_FRONT_RIGHT,car,0,scene-0796,26
car,True,0.8831923717467263,True,0.7275515144993813,0.069,0.9246,0.034574468085106384,0.29900000000000004,0.0676443488943489,0.8810000000000001,0.0676443488943489,0.8810000000000001,-0.05018212574946146,0.06578947368421052,0.9000000000000001,0.08855,-0.5934208631515503,-0.1328304781219281,-0.05018212574946146,-0.17647941681082835,407,0.15724815724815722,4.882703046110702,14.25414345263788,CAM_FRONT_RIGHT,car,1,scene-0796,26
car,False,0.9736123748862603,False,,0.0,1.0,0.0,0.0,0.0,0.0,0.0,0.0,-0.05340100008710813,,,,-1.0325688123703003,-0.1509143076758236,-0.05340100008710813,,0,,,,CAM_FRONT_RIGHT,car,2,scene-0796,26
car,False,0.9224806201550387,False,,0.0,1.0,0.0,0.0,0.0,0.0,0.0,0.0,-0.49711816696335553,,,,-1.0930466651916504,-0.5766687456522541,-0.49711816696335553,,0,,,,CAM_FRONT_RIGHT,car,3,scene-0796,26
car,True,0.9499234303215927,True,0.8276184122748499,0.00675,0.99265,0.005037179179659391,0.042000000000000016,0.006899350649350649,0.10200000000000002,0.006899350649350649,0.10200000000000002,0.006765785338528563,0.03445767195767196,0.5210000000000001,0.00925,-0.9009532332420349,-0.06682102887980734,0.006765785338528563,0.0769807010064838,36,0.36111111111111116,8.621884082036113,32.21296243282561,CAM_FRONT_RIGHT,car,4,scene-0796,26
car,True,0.8373379099923722,False,,0.0,1.0,0.0,0.0,0.000588235294117647,0.009000000000000001,0.000588235294117647,0.009000000000000001,0.12300108883968974,0.00291005291005291,0.044000000000000004,0.0006,-0.899309515953064,0.008819513105889909,0.12300108883968974,-0.008177688094783697,0,,0.41163578400672934,30.5634242434787,CAM_FRONT_RIGHT,car,5,scene-0796,26
car,False,0.9694555112881806,False,,0.0,1.0,0.0,0.0,0.0,0.0,0.0,0.0,-0.994516888061421,,,,-1.3546006679534912,-1.0643751031459352,-0.994516888061421,,0,,,,CAM_FRONT_RIGHT,car,6,scene-0796,26
bicycle,False,0.415084388185654,True,0.364520611394164,0.0102,0.98945,0.011560693641618497,0.004000000000000001,0.011695906432748537,0.024000000000000004,0.011695906432748537,0.024000000000000004,0.4448805892664951,,,,-0.8063654899597168,0.4305179198400313,0.4448805892664951,,24,0.0,,,CAM_FRONT_RIGHT,bicycle,0,scene-0796,26
bicycle,False,0.6866028708133971,True,0.3936899862825789,0.0373,0.9627,0.027257240204429302,0.016000000000000004,0.03,0.021000000000000005,0.02046783625730994,0.04200000000000001,0.2541750120992283,,,,-0.7106825709342957,0.23979148183239785,0.2541750120992283,,276,0.021739130434782594,,,CAM_FRONT_RIGHT,bicycle,1,scene-0796,26
car,False,0.9331919406150583,True,0.8174640037157455,0.0,1.0,0.0,0.0,0.0,0.0,0.0,0.0,0.3630211177220173,,,,0.294821172952652,0.27515634599605254,0.3630211177220173,,0,,,,CAM_BACK,car,0,scene-0796,26
car,False,0.5840909090909091,True,0.5520945220193341,0.0,1.0,0.0,0.0,0.0,0.0,0.0,0.0,-0.5363959918335793,,,,0.44978848099708557,-0.5420450412951556,-0.5363959918335793,,0,,,,CAM_BACK,car,1,scene-0796,26
car,True,0.9138612037738166,True,0.7814840742037101,0.2284,0.7596,0.15983910236053775,1.5100000000000005,0.22296106848536515,3.9230000000000005,0.22296106848536515,3.9230000000000005,0.04586080402965842,0.21959876543209877,2.8460000000000005,0.2326,-0.05086040496826172,-0.03674105502499315,0.04586080402965842,-0.01584640055167541,2104,0.24762357414448666,14.82979028073895,8.27151172880655,CAM_BACK,car,2,scene-0796,26
car,False,0.684887459807074,True,0.6209912536443148,0.03185,0.96815,0.05917159763313609,0.020000000000000004,0.06887052341597796,0.02500000000000001,0.06887052341597796,0.02500000000000001,-1.7089334421125089,,,,0.13829776644706726,-1.7124024312364505,-1.7089334421125089,,0,,,,CAM_BACK,car,3,scene-0796,26
car,False,0.0,False,,0.0,1.0,0.0,0.0,0.0,0.0,0.0,0.0,0.5440163709875465,,,,1.5707772970199585,0.536462471531824,0.5440163709875465,,0,,,,CAM_BACK,car,4,scene-0796,26
car,True,0.820299022426682,True,0.7317260836111824,0.0244,0.97535,0.021693318457914963,0.17500000000000004,0.03144124847001224,0.41100000000000014,0.03144124847001224,0.41100000000000014,0.15327038082483146,0.01958732057416268,0.26200000000000007,0.0188,0.09984418749809265,0.06775626122107617,0.15327038082483146,-0.05332167924420583,231,0.3246753246753247,15.10872681046539,23.66365074274896,CAM_BACK,car,5,scene-0796,26
car,False,0.7435043304463691,False,,0.0,1.0,0.0,0.0,0.0,0.0,0.0,0.0,-0.5072623467361792,,,,-0.7600271701812744,-0.5709999675941744,-0.5072623467361792,,0,,,,CAM_BACK_RIGHT,car,0,scene-0796,26
car,False,0.8107448107448108,False,,0.0,1.0,0.0,0.0,0.0,0.0,0.0,0.0,-1.0031608324140533,,,,-0.7963330149650574,-1.0114476833606825,-1.0031608324140533,,0,,,,CAM_BACK_RIGHT,car,1,scene-0796,26
car,True,0.9321396223785968,False,,0.01415,0.98215,0.012965760322255791,0.10300000000000002,0.03718276608302184,0.5670000000000002,0.03718276608302184,0.5670000000000002,0.06656725498215055,0.03998538011695906,0.547,0.0494,-0.7931071519851685,-0.029551431816828955,0.06656725498215055,0.12440651250453905,78,0.7307692307692308,4.909470898376075,20.910604877635944,CAM_BACK_RIGHT,car,2,scene-0796,26
car,False,0.6673984632272228,False,,0.0,1.0,0.0,0.0,0.0,0.0,0.0,0.0,-1.2853491647873756,,,,-0.7154264450073242,-1.3239632218160136,-1.2853491647873756,,0,,,,CAM_BACK_RIGHT,car,3,scene-0796,26
car,False,0.664756446991404,False,,0.0,1.0,0.0,0.0,0.0,0.0,0.0,0.0,-0.4224599620028924,,,,-0.7809221744537354,-0.4848408076350607,-0.4224599620028924,,0,,,,CAM_BACK_RIGHT,car,4,scene-0796,26
car,True,0.9169820643312416,True,0.8340209057980784,0.2794,0.68805,0.18657980456026058,1.4320000000000002,0.2453488372093023,3.376000000000001,0.2453488372093023,3.376000000000001,0.0496698120372292,0.2637907608695652,3.883000000000001,0.25855,-0.12638571858406067,-0.07726692772337777,0.0496698120372292,0.006032304462306515,1589,0.36563876651982374,4.26980743511835,6.774705929452285,CAM_BACK_RIGHT,car,5,scene-0796,26
car,False,0.17050691244239632,False,,0.0,1.0,0.0,0.0,0.0,0.0,0.0,0.0,-0.5195020087697455,,,,-0.2135993093252182,-0.5646839948849844,-0.5195020087697455,,0,,,,CAM_FRONT,car,0,scene-0796,27
car,False,0.48869565217391303,False,,0.0,1.0,0.0,0.0,0.0,0.0,0.0,0.0,-0.01648135544401086,,,,-0.20060399174690247,-0.07123653334209754,-0.01648135544401086,,0,,,,CAM_FRONT,car,1,scene-0796,27
car,False,0.830607476635514,True,0.4874871443263627,0.02585,0.97205,0.010226767452200978,0.023000000000000003,0.013225806451612903,0.04100000000000001,0.013225806451612903,0.04100000000000001,-0.8576484675665413,,,,-0.24818436801433563,-0.9011573809693674,-0.8576484675665413,,222,0.6756756756756757,,,CAM_FRONT,car,2,scene-0796,27
car,False,0.7182389937106918,True,0.6186348862405201,0.0,1.0,0.0,0.0,0.0,0.0,0.0,0.0,-0.3925355834589843,,,,-0.24216631054878235,-0.4412015879094543,-0.3925355834589843,,0,,,,CAM_FRONT,car,3,scene-0796,27
car,True,0.9429059411979993,False,,0.1417,0.85335,0.07688792414029476,0.6730000000000002,0.11786252962723551,1.6410000000000005,0.11786252962723551,1.6410000000000005,-0.2027629316008488,0.10723684210526316,1.4670000000000003,0.13935,-0.6638422012329102,-0.27153382933636994,-0.2027629316008488,-0.1275388877674074,580,0.4086206896551724,5.512795714419021,14.405459799806408,CAM_FRONT_RIGHT,car,0,scene-0796,27
car,False,0.6863905325443787,False,,0.0,1.0,0.0,0.0,0.0,0.0,0.0,0.0,-0.5672137381770446,,,,-1.3424322605133057,-0.629464657639586,-0.5672137381770446,,0,,,,CAM_FRONT_RIGHT,car,1,scene-0796,27
car,False,0.9756437021572721,False,,0.0009,0.9991,0.0027629397679130594,0.015000000000000003,0.0014161220043572985,0.013000000000000003,0.0014161220043572985,0.013000000000000003,-0.3407818019249871,,,,-1.1823652982711792,-0.3790251244337839,-0.3407818019249871,,12,0.6666666666666667,,,CAM_FRONT_RIGHT,car,2,scene-0796,27
bicycle,False,0.45458515283842793,True,0.3929784824462061,0.26445,0.72725,0.16842105263157894,0.03200000000000001,0.15192743764172337,0.13400000000000004,0.15192743764172337,0.13400000000000004,-0.3199841417525897,,,,-0.7277495861053467,-0.33804260095726324,-0.3199841417525897,,1718,0.09720605355064027,,,CAM_FRONT_RIGHT,bicycle,0,scene-0796,27
car,True,0.8821117375704767,True,0.7621789193976971,0.0,1.0,0.0,0.0,0.0004817535830422739,0.008000000000000002,0.0004817535830422739,0.008000000000000002,-0.051932719438700814,0.01016113516113516,0.16900000000000004,0.01165,0.02094954252243042,-0.11400129831505904,-0.051932719438700814,-0.1843105790102535,0,,10.961552389360083,29.54757696867289,CAM_BACK,car,0,scene-0796,27
car,False,0.015337423312883436,False,,0.0,1.0,0.0,0.0,0.0,0.0,0.0,0.0,0.7553257321253604,,,,-0.06911709904670715,0.7379178185864672,0.7553257321253604,,0,,,,CAM_BACK,car,1,scene-0796,27
car,True,0.9845132743362832,False,,0.20485,0.7838,0.18585131894484413,0.3100000000000001,0.175,0.38500000000000006,0.175,0.38500000000000006,-0.2538639231104012,0.24048913043478262,3.5400000000000014,0.01625,-0.2046162188053131,-0.2885356441694288,-0.2538639231104012,-0.054364556698691,1562,0.8924455825864277,4.270511112970853,8.34977028430404,CAM_BACK,car,2,scene-0796,27
car,True,0.9217220483452088,False,,0.2634,0.71935,0.195624313438301,2.137000000000001,0.2359006734006734,4.484000000000001,0.2359006734006734,4.484000000000001,0.03007812364954887,0.2631172839506173,3.4100000000000006,0.3192,-0.1094265729188919,-0.08221219001210983,0.03007812364954887,-0.021475178394566474,2011,0.3306812531079065,14.70550425302794,6.867270669914712,CAM_BACK,car,3,scene-0796,27
car,False,0.0,False,,0.0,1.0,0.0,0.0,0.0,0.0,0.0,0.0,0.512833844819734,,,,0.7896423935890198,0.5122272041843343,0.512833844819734,,0,,,,CAM_BACK,car,4,scene-0796,27
car,True,0.9877866400797607,False,,0.02965,0.97035,0.022432372993182317,0.20400000000000004,0.023294394138383908,0.3370000000000001,0.023294394138383908,0.3370000000000001,-0.08512506217120164,0.01741925837320574,0.23300000000000004,0.0393,-0.19964663684368134,-0.14777154357894795,-0.08512506217120164,-0.14381005553546367,207,0.7729468599033816,15.288785138914047,21.838798582462537,CAM_BACK,car,5,scene-0796,27
bus,False,0.027093596059113302,False,,0.0,1.0,0.0,0.0,0.0,0.0,0.0,0.0,-0.6452677955259711,,,,0.5387490391731262,-0.6669287332109146,-0.6452677955259711,,0,,,,CAM_BACK,bus,0,scene-0796,27
car,True,0.8866876293194741,False,,0.23105,0.74935,0.1401963251950667,1.114,0.2194938440492476,3.2090000000000005,0.2194938440492476,3.2090000000000005,2.4534345077320552e-05,0.24048913043478262,3.5400000000000014,0.2417,-0.19874411821365356,-0.10044692340345107,2.4534345077320552e-05,-0.048492456107031456,1074,0.2951582867783985,4.270511112970853,8.34977028430404,CAM_BACK_RIGHT,car,0,scene-0796,27
car,False,0.4279615795090715,True,0.38856589147286824,0.0,1.0,0.0,0.0,0.0,0.0,0.0,0.0,-1.1483861152283739,,,,-0.941082239151001,-1.1550865317480687,-1.1483861152283739,,0,,,,CAM_BACK_RIGHT,car,1,scene-0796,27
car,True,0.9146089253233001,False,,0.08745,0.90785,0.05018359853121175,0.32800000000000007,0.09545923632610939,0.9250000000000003,0.09545923632610939,0.9250000000000003,-0.2705833098783854,0.10723684210526316,1.4670000000000003,0.08965,-0.6572830677032471,-0.3486382893142433,-0.2705833098783854,-0.12097975423774432,529,0.2457466918714556,5.512795714419021,14.405459799806408,CAM_BACK_RIGHT,car,2,scene-0796,27
car,False,0.39271255060728744,False,,0.07175,0.92825,0.05752212389380531,0.013000000000000003,0.05,0.012000000000000004,0.05,0.012000000000000004,-1.6041131721080464,,,,-0.9116140604019165,-1.6191276436464874,-1.6041131721080464,,633,1.0,,,CAM_BACK_RIGHT,car,3,scene-0796,27
car,False,0.8660968660968661,False,,0.0078,0.99175,0.0040461739854813755,0.03400000000000001,0.011080711354309165,0.16200000000000003,0.011080711354309165,0.16200000000000003,0.10697217532270864,,,,-0.9303405284881592,0.025345070244264134,0.10697217532270864,,61,1.0,,,CAM_BACK_RIGHT,car,4,scene-0796,27
car,False,0.0,True,0.0,0.0,1.0,0.0,0.0,0.0,0.0,0.0,0.0,2.7673690026350024,,,,0.26903077960014343,2.7532305648694955,2.7673690026350024,,0,,,,CAM_BACK_RIGHT,car,5,scene-0796,27
car,True,0.9160408894917882,True,0.8339802399435426,0.08485,0.91225,0.07203281209946168,0.5620000000000002,0.0840650406504065,1.0340000000000003,0.0840650406504065,1.0340000000000003,-0.1421826970729061,0.07828947368421052,1.0710000000000002,0.08215,-0.8258250951766968,-0.2518641694447167,-0.1421826970729061,-0.013941336006585758,674,0.10534124629080122,5.354887399280984,17.982367051989115,CAM_BACK_RIGHT,car,6,scene-0796,27
car,False,0.7194805194805195,False,,0.00105,0.99895,0.0017041581458759373,0.005000000000000001,0.0023968840507340456,0.024000000000000004,0.0023968840507340456,0.024000000000000004,0.027860331100630464,,,,-0.8869131803512573,-0.05730324271801179,0.027860331100630464,,3,0.6666666666666667,,,CAM_BACK_RIGHT,car,7,scene-0796,27
car,False,0.0,True,0.0,0.0,1.0,0.0,0.0,0.0,0.0,0.0,0.0,0.20112684651393975,,,,0.09313735365867615,0.17848218904898652,0.20112684651393975,,0,,,,CAM_FRONT,car,0,scene-0796,28
car,False,0.8094855305466238,False,,0.0,1.0,0.0,0.0,0.0,0.0,0.0,0.0,0.36043403084996306,,,,0.11092628538608551,0.2911091037116378,0.36043403084996306,,0,,,,CAM_FRONT,car,1,scene-0796,28
car,False,0.20084865629420084,True,0.11952861952861953,0.0,1.0,0.0,0.0,0.0,0.0,0.0,0.0,0.6213287325418051,,,,0.062469810247421265,0.5548324820810506,0.6213287325418051,,0,,,,CAM_FRONT,car,2,scene-0796,28
bus,False,0.6361474435196195,True,0.4093343534812548,0.0,1.0,0.0,0.0,0.0,0.0,0.0,0.0,-1.0485546855303438,,,,-0.17061617970466614,-1.1154994730911674,-1.0485546855303438,,0,,,,CAM_FRONT,bus,0,scene-0796,28
bicycle,False,0.5136152954808807,True,0.4204410718520275,0.0232,0.97655,0.026748971193415638,0.013000000000000003,0.05092592592592592,0.22000000000000006,0.05092592592592592,0.22000000000000006,0.5900998163862616,,,,-0.6024600267410278,0.5685922857707102,0.5900998163862616,,210,0.21904761904761905,,,CAM_FRONT_RIGHT,bicycle,0,scene-0796,28
car,True,1.0,False,,0.1506,0.846,0.17362637362637362,0.47400000000000014,0.1699134199134199,0.7850000000000001,0.1699134199134199,0.7850000000000001,-0.6853457880174914,0.1658967391304348,2.4420000000000006,0.04595,-0.13724346458911896,-0.7468282308573296,-0.6853457880174914,-0.04838581750158788,716,0.5740223463687151,4.929592456488078,11.2560996664844,CAM_BACK,car,0,scene-0796,28
car,False,0.6311475409836066,False,,0.0,1.0,0.0,0.0,0.0,0.0,0.0,0.0,-0.763103139474274,,,,0.6293925046920776,-0.7781477069991256,-0.763103139474274,,0,,,,CAM_BACK,car,1,scene-0796,28
car,True,0.920932589964521,True,0.7741798040051129,0.01775,0.9805,0.010552711315432034,0.101,0.008121758121758122,0.11900000000000004,0.008121758121758122,0.11900000000000004,-0.017941354667378784,0.008177008177008177,0.13600000000000004,0.01035,0.02792683243751526,-0.08072909116196561,-0.017941354667378784,-0.12700368593469702,145,0.12413793103448278,10.960372417587587,29.89973225194773,CAM_BACK,car,2,scene-0796,28
car,False,0.15615615615615616,True,0.08414239482200647,0.0,1.0,0.0,0.0,0.0,0.0,0.0,0.0,0.4038053774278494,,,,0.678974986076355,0.33142470233531734,0.4038053774278494,,0,,,,CAM_BACK,car,3,scene-0796,28
car,False,0.0,False,,0.0,1.0,0.0,0.0,0.0,0.0,0.0,0.0,0.7070980556360971,,,,0.6713942885398865,0.6928448197821259,0.7070980556360971,,0,,,,CAM_BACK,car,4,scene-0796,28
car,True,0.9776774429121141,False,,0.2508,0.7277,0.13498711340206185,1.6760000000000002,0.24864988558352402,5.433000000000001,0.24864988558352402,5.433000000000001,0.2162690408691894,0.2905864197530864,3.7660000000000005,0.40195,0.010136455297470093,0.09281564174379638,0.2162690408691894,0.12388192546531185,1892,0.629492600422833,14.543430642638146,5.606967594107915,CAM_BACK,car,5,scene-0796,28
car,True,0.9285421785421786,False,,0.049,0.9497,0.02993479549496147,0.30300000000000005,0.037117188012328675,0.5660000000000002,0.037117188012328675,0.5660000000000002,0.09153027397706737,0.031175239234449762,0.4170000000000001,0.03885,-0.05962836742401123,0.018931160984423462,0.09153027397706737,0.007578902285364619,330,0.603030303030303,15.274102844219454,20.054917897224982,CAM_BACK,car,6,scene-0796,28
car,False,0.04198473282442748,False,,0.0,1.0,0.0,0.0,0.0,0.0,0.0,0.0,0.8375132508961824,,,,1.1408700942993164,0.8199328747942215,0.8375132508961824,,0,,,,CAM_BACK,car,7,scene-0796,28
truck,False,0.32407407407407407,False,,0.0,1.0,0.0,0.0,0.0,0.0,0.0,0.0,-0.9181365534413162,,,,0.8562617897987366,-0.9253324153384495,-0.9181365534413162,,0,,,,CAM_BACK,truck,0,scene-0796,28
car,True,0.9147175094712567,False,,0.0677,0.92955,0.04721943887775551,0.37700000000000006,0.06899671052631579,0.8390000000000002,0.06899671052631579,0.8390000000000002,-0.3015637886424396,0.05263157894736842,0.7200000000000001,0.03255,-0.6809520721435547,-0.38467682206935616,-0.3015637886424396,-0.22757025656249796,369,0.34688346883468835,6.669942862859533,16.971326234684884,CAM_BACK_RIGHT,car,0,scene-0796,28
car,True,0.34208704126381656,False,,0.4711,0.4937,0.4240549828178694,0.6170000000000001,0.41909090909090907,0.9220000000000003,0.41909090909090907,0.9220000000000003,0.09160104060063023,0.2905864197530864,3.7660000000000005,0.0791,-0.013663113117218018,0.04273552387197679,0.09160104060063023,0.10008235705062374,6654,0.7738202584911331,14.543430642638146,5.606967594107915,CAM_BACK_RIGHT,car,1,scene-0796,28
car,False,0.6350681536555143,False,,0.0,1.0,0.0,0.0,0.0,0.0,0.0,0.0,-0.2672237597988394,,,,-0.7503960132598877,-0.33528337331435254,-0.2672237597988394,,0,,,,CAM_BACK_RIGHT,car,2,scene-0796,28
car,True,0.9932609837213373,False,,0.1303,0.8638,0.10544848035581912,0.5690000000000002,0.1328042328042328,1.2550000000000006,0.1328042328042328,1.2550000000000006,-0.06420782051921292,0.1658967391304348,2.4420000000000006,0.1085,-0.21746666729450226,-0.1256443658033791,-0.06420782051921292,-0.12860902020697118,951,0.33648790746582546,4.929592456488078,11.2560996664844,CAM_BACK_RIGHT,car,3,scene-0796,28
car,True,0.9105882352941177,False,,0.01055,0.98945,0.012477718360071301,0.13300000000000003,0.008634135472370767,0.15500000000000005,0.008634135472370767,0.15500000000000005,-0.11734957192329754,0.0023148148148148147,0.035,0.0054,-0.7289791107177734,-0.2037478774922683,-0.11734957192329754,-0.31093576866610007,99,0.18181818181818177,9.48687171797753,39.076292651346066,CAM_BACK_RIGHT,car,4,scene-0796,28
car,True,0.9175396955311835,False,,0.10835,0.8847,0.0847476305929028,0.7690000000000001,0.08776014109347442,1.2440000000000002,0.08776014109347442,1.2440000000000002,-0.22345650805372452,0.06089181286549707,0.8330000000000002,0.072,-0.6142294406890869,-0.3201087013228929,-0.22345650805372452,-0.04668919388383874,998,0.41583166332665333,5.531785248194834,18.085377615033543,CAM_BACK_RIGHT,car,5,scene-0796,28
car,False,0.7082314588427058,False,,0.0,1.0,0.0,0.0,0.0,0.0,0.0,0.0,2.3793700397060547,,,,-0.8496770858764648,2.2466025941775074,2.3793700397060547,,0,,,,CAM_BACK_RIGHT,car,6,scene-0796,28
car,False,0.8176661264181524,True,0.4752708431464908,0.0,1.0,0.0,0.0,0.0,0.0,0.0,0.0,0.17391489261039828,,,,-0.17582333087921143,0.08575637806157044,0.17391489261039828,,0,,,,CAM_FRONT,car,0,scene-0796,29
car,False,0.34961832061068704,True,0.22606120434353405,0.0,1.0,0.0,0.0,0.0,0.0,0.0,0.0,0.27355271076061194,,,,-0.08802065998315811,0.19797212702127748,0.27355271076061194,,0,,,,CAM_FRONT,car,1,scene-0796,29
bus,True,0.6316316316316316,True,0.43012951601908656,0.0,1.0,0.0,0.0,0.0,0.0,0.0,0.0,-0.5662252880632677,0.0,0.0,0.0,0.2315746545791626,-0.6682771327485714,-0.5662252880632677,0.4593393482154928,0,,0.0,105.11746793454788,CAM_FRONT,bus,0,scene-0796,29
bicycle,False,0.5142094220865916,True,0.3715545755237045,0.11415,0.85935,0.1125,0.027000000000000007,0.14166666666666666,0.17,0.14166666666666666,0.17,-0.09682800590423968,,,,-0.6500236988067627,-0.11596179111405613,-0.09682800590423968,,1142,0.3239929947460596,,,CAM_FRONT_RIGHT,bicycle,0,scene-0796,29
car,False,0.7568181818181818,False,,0.0,1.0,0.0,0.0,0.0,0.0,0.0,0.0,-1.0789281689601644,,,,0.2264784872531891,-1.1308920548750228,-1.0789281689601644,,0,,,,CAM_BACK,car,0,scene-0796,29
car,True,0.8874831309041835,False,,0.03795,0.9603,0.023135221380135622,0.23200000000000007,0.03090548742722656,0.49900000000000017,0.03090548742722656,0.49900000000000017,0.07478898416714852,0.042837918660287085,0.5730000000000002,0.05005,-0.14436084032058716,0.0012446059981022772,0.07478898416714852,-0.07623498656522765,180,0.7166666666666667,15.27445272756625,18.259273375769563,CAM_BACK,car,1,scene-0796,29
car,True,0.9952192014937172,False,,0.1761,0.7814,0.1258517447862895,1.2190000000000003,0.23320769955579485,3.4650000000000007,0.23320769955579485,3.4650000000000007,0.08044972177175702,0.3337962962962963,4.326000000000001,0.4006,-0.06162668764591217,-0.01078607434908755,0.08044972177175702,0.03201927277012773,1411,0.8922749822820695,14.461853639998381,4.527990718458953,CAM_BACK,car,2,scene-0796,29
car,False,0.5256064690026954,False,,0.0,1.0,0.0,0.0,0.0,0.0,0.0,0.0,-0.3587911858719258,,,,0.22941797971725464,-0.37648467837602484,-0.3587911858719258,,0,,,,CAM_BACK,car,3,scene-0796,29
car,False,0.0,False,,0.0,1.0,0.0,0.0,0.0,0.0,0.0,0.0,0.4397538804624104,,,,0.6053868532180786,0.3930311713552281,0.4397538804624104,,0,,,,CAM_BACK,car,4,scene-0796,29
car,True,0.8844902386117137,True,0.7852672123254695,0.0012,0.9988,0.0012169891687963978,0.010000000000000004,0.0008534850640113798,0.012000000000000004,0.0008534850640113798,0.012000000000000004,0.07925811329180088,0.003848003848003848,0.06400000000000002,0.00355,-0.03236579895019531,0.0023421949244134335,0.07925811329180088,-0.20659395061424912,23,0.0,10.960623486460355,30.246313280770725,CAM_BACK,car,5,scene-0796,29
bus,False,0.42702702702702705,False,,0.0,1.0,0.0,0.0,0.0,0.0,0.0,0.0,-1.5621939028028327,,,,0.45971736311912537,-1.5660074895860867,-1.5621939028028327,,0,,,,CAM_BACK,bus,0,scene-0796,29
car,False,0.9080399369416711,False,,0.0,1.0,0.0,0.0,0.0,0.0,0.0,0.0,3.0468350775737307,,,,-0.6428182721138,2.8032077548638603,3.0468350775737307,,0,,,,CAM_BACK_RIGHT,car,0,scene-0796,29
car,False,0.9518716577540107,False,,0.00575,0.9938,0.003471295060080107,0.03900000000000001,0.004880382775119617,0.10200000000000002,0.004880382775119617,0.10200000000000002,1.3228639022983701,,,,0.2657078504562378,1.192592314363012,1.3228639022983701,,16,0.75,,,CAM_BACK_RIGHT,car,1,scene-0796,29
car,True,0.7306411323896753,False,,0.0045,0.9955,0.007764249161814011,0.04400000000000001,0.0046875,0.05100000000000001,0.0046875,0.05100000000000001,-0.3562060692682234,0.009259259259259259,0.14,0.00775,-0.7215415239334106,-0.45052517628293753,-0.3562060692682234,-0.26047642444529484,0,,0.0,46.503816773530836,CAM_BACK_RIGHT,car,2,scene-0796,29
car,False,0.7327113062568605,False,,0.0,1.0,0.0,0.0,0.0,0.0,0.0,0.0,1.4601208927104024,,,,-0.6633478999137878,1.3342340601208733,1.4601208927104024,,0,,,,CAM_BACK_RIGHT,car,3,scene-0796,29
car,True,0.9254475721625142,False,,0.4238,0.54885,0.308854532677442,0.8790000000000001,0.4104615384615385,2.0010000000000003,0.4104615384615385,2.0010000000000003,-0.009558982369775482,0.3337962962962963,4.326000000000001,0.159,-0.061974138021469116,-0.0826774811576557,-0.009558982369775482,0.03167182239457078,5708,0.3987386124737211,14.461853639998381,4.527990718458953,CAM_BACK_RIGHT,car,4,scene-0796,29
car,True,0.9738085015027909,False,,0.0,1.0,0.0,0.0,0.0,0.0,0.0,0.0,-0.20863626567195936,0.0010582010582010583,0.016000000000000004,0.0,-0.7358797788619995,-0.27720107837273833,-0.20863626567195936,-0.25785972710210947,0,,10.56791729819497,44.32307604830059,CAM_BACK_RIGHT,car,5,scene-0796,29
car,True,0.9313627588043406,False,,0.0005,0.9995,0.0004194850820617692,0.016000000000000004,0.0004933051444679352,0.12600000000000006,0.0004933051444679352,0.12600000000000006,3.54239217778912,0.02492690058479532,0.3410000000000001,0.07285,-0.6482272148132324,3.3705338926142483,3.54239217778912,0.016639026397355705,4,0.0,7.020664090569752,21.387861037464745,CAM_BACK_RIGHT,car,6,scene-0796,29
bicycle,False,0.4698060075093867,True,0.38603933667566526,0.0942,0.8882,0.09090909090909091,0.03500000000000001,0.07346153846153847,0.19100000000000006,0.07346153846153847,0.19100000000000006,0.11994326177212056,,,,-0.7301139831542969,0.10045666616353077,0.11994326177212056,,639,0.04694835680751175,,,CAM_BACK_RIGHT,bicycle,0,scene-0796,29
car,True,0.20418006430868169,True,0.1181945090739879,0.0,1.0,0.0,0.0,0.0,0.0,0.0,0.0,0.5571664993128027,0.0,0.0,0.0,-0.4142606854438782,0.4889461812792766,0.5571664993128027,-0.22207585579316125,0,,10.13018113193633,65.19492389952724,CAM_FRONT,car,0,scene-0796,30
car,False,0.19055374592833876,True,0.11527093596059114,0.0,1.0,0.0,0.0,0.0,0.0,0.0,0.0,0.8097788785792317,,,,-0.5212775468826294,0.7305272169559527,0.8097788785792317,,0,,,,CAM_FRONT,car,1,scene-0796,30
bus,False,0.878133102852204,True,0.7050659264399722,0.0,1.0,0.0,0.0,0.0,0.0,0.0,0.0,-1.4908895299001443,,,,-0.550078272819519,-1.5678418777198908,-1.4908895299001443,,0,,,,CAM_FRONT,bus,0,scene-0796,30
car,True,0.9463325555442833,False,,0.14885,0.8411,0.1394643759474482,0.2760000000000001,0.15138888888888888,0.4360000000000001,0.15138888888888888,0.4360000000000001,-0.6525227113246321,0.0035446672948355545,0.07900000000000003,0.0,-0.1877404749393463,-0.7105566578649081,-0.6525227113246321,0.5068701090663241,658,0.4878419452887538,6.395985932822446,28.283516754007294,CAM_FRONT_RIGHT,car,0,scene-0796,30
car,False,0.0,False,,0.0,1.0,0.0,0.0,0.0,0.0,0.0,0.0,2.80794299722958,,,,1.043248176574707,2.743452842281344,2.80794299722958,,0,,,,CAM_BACK,car,0,scene-0796,30
car,True,0.7821373257614869,False,,0.00935,0.99065,0.0085949177877429,0.06900000000000002,0.017157974300831443,0.22700000000000006,0.017157974300831443,0.22700000000000006,-0.25718458387161836,0.00474987974987975,0.07900000000000001,0.0037,0.07526212930679321,-0.32352716282350535,-0.25718458387161836,-0.16399092324956865,38,0.6842105263157895,11.642345271136262,30.697374928383265,CAM_BACK,car,1,scene-0796,30
car,True,0.9275405327872907,False,,0.0794,0.90305,0.05310635821329841,0.3650000000000001,0.10129643962848298,1.0470000000000002,0.10129643962848298,1.0470000000000002,0.24603289037331533,0.3236111111111111,4.194000000000001,0.27895,-0.07864224910736084,0.19003675860707558,0.24603289037331533,0.017809200181748253,743,0.9811574697173621,14.398249506255603,3.777910685332933,CAM_BACK,car,2,scene-0796,30
car,False,0.43478260869565216,True,0.34946236559139787,0.0,1.0,0.0,0.0,0.0,0.0,0.0,0.0,0.24524419499581118,,,,0.7025189399719238,0.17714128292867415,0.24524419499581118,,0,,,,CAM_BACK,car,3,scene-0796,30
car,True,0.8974386802691556,False,,0.7953,0.2047,0.7692307692307693,0.14000000000000004,0.74,0.14800000000000002,0.74,0.14800000000000002,-1.2351007542254635,0.06929347826086957,1.0200000000000002,0.0,-0.07775384187698364,-1.258299381329284,-1.2351007542254635,0.2786823232140935,2270,0.5048458149779735,6.580765491100382,19.333363778007868,CAM_BACK,car,4,scene-0796,30
car,False,0.13937282229965156,True,0.09732360097323602,0.0,1.0,0.0,0.0,0.0,0.0,0.0,0.0,0.3242314118623695,,,,1.0613701343536377,0.3172141286422506,0.3242314118623695,,0,,,,CAM_BACK,car,5,scene-0796,30
car,True,0.8984343090537781,False,,0.0346,0.9651,0.02266913645585252,0.25700000000000006,0.03174342105263158,0.5790000000000002,0.03174342105263158,0.5790000000000002,0.12929249977791413,0.04851973684210526,0.6490000000000001,0.08885,-0.0625823438167572,0.02123041339730493,0.12929249977791413,0.006596902650876202,244,0.6311475409836065,15.022241209966955,16.565969828476902,CAM_BACK,car,6,scene-0796,30
car,True,0.8217898832684825,True,0.6913256955810148,0.0698,0.92875,0.05758183032732131,0.4310000000000001,0.05174603174603175,0.6520000000000002,0.05174603174603175,0.6520000000000002,-0.3828124140174798,0.04722222222222222,0.6460000000000001,0.0393,-0.46633899211883545,-0.48386190395829065,-0.3828124140174798,-0.13272424506664465,363,0.1652892561983471,5.732588934309513,28.463314551334122,CAM_BACK,car,7,scene-0796,30
truck,False,0.48484848484848486,True,0.4740740740740741,0.0,1.0,0.0,0.0,0.0,0.0,0.0,0.0,-1.3721522259684242,,,,1.1185357570648193,-1.3904282744193188,-1.3721522259684242,,0,,,,CAM_BACK,truck,0,scene-0796,30
car,False,0.06311207834602829,False,,0.0003,0.9997,0.0004963600264725347,0.0030000000000000005,0.0016475972540045767,0.03600000000000001,0.0016475972540045767,0.03600000000000001,1.1265179505665621,,,,-0.8125185966491699,1.0189167345445738,1.1265179505665621,,1,1.0,,,CAM_BACK_RIGHT,car,0,scene-0796,30
car,True,1.0,False,,0.3475,0.60975,0.30214424951267055,1.8600000000000003,0.44133375275243786,5.612000000000001,0.44133375275243786,5.612000000000001,-0.05251518827085233,0.3236111111111111,4.194000000000001,0.19945,-0.06472556293010712,-0.1598155033934947,-0.05251518827085233,0.031725886359001976,3407,0.5635456413266804,14.398249506255603,3.777910685332933,CAM_BACK_RIGHT,car,1,scene-0796,30
car,True,0.9360902255639098,True,0.5283819628647215,0.0059,0.9941,0.005950609937518596,0.06000000000000001,0.004056437389770723,0.06900000000000002,0.004056437389770723,0.06900000000000002,0.05433491067597851,0.003373015873015873,0.05100000000000001,0.00565,-0.7259875535964966,-0.016271759211216708,0.05433491067597851,0.056390129074474604,50,0.040000000000000036,0.09199368425124806,47.85366787820929,CAM_BACK_RIGHT,car,2,scene-0796,30
car,True,0.9117505995203837,True,0.6394214598049108,0.00765,0.99235,0.004992169146436962,0.05100000000000002,0.003829386119948156,0.06500000000000002,0.003829386119948156,0.06500000000000002,0.4694374812348312,0.002976190476190476,0.045000000000000005,0.00365,-0.6413631439208984,0.3916179621374736,0.4694374812348312,0.15349590374237732,58,0.03448275862068961,11.18363234255852,50.69121515631091,CAM_BACK_RIGHT,car,3,scene-0796,30
car,False,0.8812326869806094,True,0.5663106364040944,0.01635,0.98285,0.018573996405032954,0.03100000000000001,0.02292768959435626,0.05200000000000001,0.02292768959435626,0.05200000000000001,-1.1174245959389373,,,,-0.8883187770843506,-1.1832664571185278,-1.1174245959389373,,149,0.261744966442953,,,CAM_BACK_RIGHT,car,4,scene-0796,30
car,True,0.9447513812154696,False,,1.0,0.0,1.0,0.03400000000000001,1.0,0.024000000000000007,1.0,0.024000000000000007,-1.3391819967582914,0.01929824561403509,0.26400000000000007,0.0,-0.04608428478240967,-1.3481929974153448,-1.3391819967582914,0.8000501629050956,2575,0.614368932038835,8.030368492359901,26.43273635507186,CAM_BACK_RIGHT,car,5,scene-0796,30
bicycle,False,0.5397559949516197,True,0.4146735617323853,1.0,0.0,1.0,0.006000000000000002,1.0,0.0020000000000000005,1.0,0.0020000000000000005,-1.2928968890327932,,,,-0.01870928704738617,-1.2945840153311106,-1.2928968890327932,,3833,0.8901643621184451,,,CAM_BACK_RIGHT,bicycle,0,scene-0796,30
car,False,0.17147707979626486,True,0.10295616717635066,0.0,1.0,0.0,0.0,0.0,0.0,0.0,0.0,0.9775351169389301,,,,0.11243107914924622,0.8929555585411255,0.9775351169389301,,0,,,,CAM_FRONT,car,0,scene-0796,31
car,True,0.1837037037037037,False,,0.0,1.0,0.0,0.0,0.0,0.0,0.0,0.0,-0.2763780067344016,0.0,0.0,0.0,0.05276814103126526,-0.36497948449051104,-0.2763780067344016,-0.129629032291235,0,,10.311798134629296,64.36454001969243,CAM_FRONT,car,1,scene-0796,31
bus,False,0.5542359461599367,True,0.41420118343195267,0.0,1.0,0.0,0.0,0.0,0.0,0.0,0.0,-0.5164063351076447,,,,-0.11406245827674866,-0.5541855877265218,-0.5164063351076447,,0,,,,CAM_FRONT,bus,0,scene-0796,31
truck,True,0.9250139742873114,True,0.7743075051469213,0.03595,0.96095,0.04,0.25900000000000006,0.039112050739957716,0.6660000000000003,0.039112050739957716,0.6660000000000003,-0.07227325333619294,0.022614079956925562,0.5040000000000001,0.01115,-0.5460203886032104,-0.19389620960181853,-0.07227325333619294,0.0016535610928466449,266,0.24812030075187974,5.922926268185194,20.444903474580588,CAM_FRONT_RIGHT,truck,0,scene-0796,31
car,False,0.036734693877551024,True,0.019867549668874173,0.0,1.0,0.0,0.0,0.0,0.0,0.0,0.0,0.5760531097736528,,,,0.2638609707355499,0.507367790510764,0.5760531097736528,,0,,,,CAM_BACK,car,0,scene-0796,31
car,True,0.8162301416917132,True,0.7176292940732352,0.0251,0.971,0.021693596648713346,0.14500000000000005,0.02199248120300752,0.23400000000000004,0.02199248120300752,0.23400000000000004,-0.28156952241728117,0.014108187134502924,0.19300000000000003,0.0152,-0.5020374059677124,-0.3492521073617339,-0.28156952241728117,-0.1301295301917016,156,0.0,6.757400785864052,36.49322135352805,CAM_BACK,car,1,scene-0796,31
car,True,0.9699533509112508,False,,0.26475,0.69465,0.2059800664451827,0.31000000000000005,0.2390909090909091,0.5260000000000001,0.2390909090909091,0.5260000000000001,-0.15789587480514267,0.33209876543209876,4.304000000000001,0.04565,-0.06789037585258484,-0.19375328034748196,-0.15789587480514267,0.024441595669586924,3284,0.8672350791717418,14.316861721603315,3.3974960081141887,CAM_BACK,car,2,scene-0796,31
car,False,0.16226415094339622,True,0.1235632183908046,0.0,1.0,0.0,0.0,0.0,0.0,0.0,0.0,0.29546632159734343,,,,0.1613365113735199,0.2889675795146301,0.29546632159734343,,0,,,,CAM_BACK,car,3,scene-0796,31
car,False,0.0,False,,0.0,1.0,0.0,0.0,0.0,0.0,0.0,0.0,2.298211897443035,,,,0.23530343174934387,2.2490229734615372,2.298211897443035,,0,,,,CAM_BACK,car,4,scene-0796,31
car,True,0.9898523985239852,True,0.6041666666666666,0.7705,0.2295,0.8198198198198198,0.09100000000000003,0.8333333333333334,0.09000000000000002,0.8333333333333334,0.09000000000000002,-1.2676976336069465,0.04361413043478261,0.6420000000000001,0.0,-0.06794247031211853,-1.2847625573495687,-1.2676976336069465,0.5714291229296795,3189,0.3847601128880527,7.545669327553873,24.564968288152894,CAM_BACK,car,5,scene-0796,31
car,False,0.8163160595177014,True,0.7169896349707076,0.00445,0.99555,0.0019445794846864365,0.020000000000000004,0.003431372549019608,0.056000000000000015,0.003431372549019608,0.056000000000000015,-0.2709612568984041,,,,-0.19104783236980438,-0.3584584809227422,-0.2709612568984041,,0,,,,CAM_BACK,car,6,scene-0796,31
car,True,0.9461051712851843,False,,0.10565,0.89205,0.11119017968333036,0.6250000000000001,0.1373999514916323,1.1330000000000002,0.1373999514916323,1.1330000000000002,-0.16424214991783126,0.02549342105263158,0.3410000000000001,0.0217,-0.09900188446044922,-0.23124822053406094,-0.16424214991783126,0.08855048675573463,767,0.5058670143415906,14.722120122592953,15.170691266982232,CAM_BACK,car,7,scene-0796,31
car,False,0.07341269841269842,True,0.04749679075738126,0.0,1.0,0.0,0.0,0.0,0.0,0.0,0.0,-1.2215795804812482,,,,-0.7787681818008423,-1.222743152288569,-1.2215795804812482,,0,,,,CAM_BACK_RIGHT,car,0,scene-0796,31
car,False,0.900373599003736,False,,0.08545,0.5955,0.11764705882352941,0.0020000000000000005,0.0,0.0,0.0,0.0,-0.5857487910728723,,,,-0.022729389369487762,-0.593362892107085,-0.5857487910728723,,0,,,,CAM_BACK_RIGHT,car,1,scene-0796,31
car,True,1.0,False,,0.39485,0.56295,0.3092632140950347,2.3170000000000006,0.40755813953488373,5.608000000000001,0.40755813953488373,5.608000000000001,-0.0916032678009473,0.33209876543209876,4.304000000000001,0.31555,-0.05101797729730606,-0.20829177053397258,-0.0916032678009473,0.0413139942248657,3178,0.7020138451856514,14.316861721603315,3.3974960081141887,CAM_BACK_RIGHT,car,2,scene-0796,31
car,False,0.0,False,,0.16285,0.40555,0.2,0.0010000000000000002,0.0,0.0,0.0,0.0,-1.3064746290539575,,,,-0.035824764519929886,-1.3085573474273602,-1.3064746290539575,,1238,1.0,,,CAM_BACK_RIGHT,car,3,scene-0796,31
car,False,0.8337837837837838,True,0.4797822706065319,0.08055,0.91945,0.08992416034669556,0.08300000000000003,0.06067251461988304,0.08300000000000002,0.06067251461988304,0.08300000000000002,-1.2927145793405093,,,,-0.8683146834373474,-1.3366229269557415,-1.2927145793405093,,507,0.4832347140039448,,,CAM_BACK_RIGHT,car,4,scene-0796,31
car,True,0.9890029325513197,True,0.673489765351972,0.0,1.0,0.0,0.0,0.0,0.0,0.0,0.0,0.23908504400205954,0.0,0.0,0.0,0.150043785572052,0.1546981428734982,0.23908504400205954,0.02426416642735485,0,,10.311830898817584,63.403261493887996,CAM_FRONT,car,0,scene-0796,32
car,False,0.24818840579710144,True,0.1527313266443701,0.0,1.0,0.0,0.0,0.0,0.0,0.0,0.0,0.8565064554560036,,,,0.3549988269805908,0.7923909972529912,0.8565064554560036,,0,,,,CAM_FRONT,car,1,scene-0796,32
bus,True,1.0,True,0.5834970530451866,0.0,1.0,0.0,0.0,0.0,0.0,0.0,0.0,-0.8877959796968398,0.0,0.0,0.0,-0.003991931676864624,-0.9737227296860601,-0.8877959796968398,0.2509942690443818,0,,1.000028873706807,87.00046631800622,CAM_FRONT,bus,0,scene-0796,32
car,True,0.7674093316015586,False,,0.6096,0.26675,0.5865384615384616,0.12200000000000004,0.5916666666666667,0.14200000000000004,0.5916666666666667,0.14200000000000004,-0.6426787380499426,0.3280092592592593,4.251000000000001,0.0252,-0.005587965250015259,-0.6662027769761489,-0.6426787380499426,0.06452331756852636,8411,0.3991201997384377,14.317212885752049,3.3646335203407527,CAM_FRONT_RIGHT,car,0,scene-0796,32
truck,True,0.8451856343912135,True,0.694717369872725,0.1076,0.88655,0.09077555816686252,0.6180000000000001,0.1216903073286052,2.0590000000000006,0.1216903073286052,2.0590000000000006,-0.1050179857971627,0.10158388298111007,2.2640000000000007,0.07515,-0.49098309874534607,-0.16673423732796794,-0.1050179857971627,0.056781391129263614,586,0.22866894197952214,5.923631080356629,13.930826789076187,CAM_FRONT_RIGHT,truck,0,scene-0796,32
car,False,0.556,True,0.46488294314381273,0.0,1.0,0.0,0.0,0.0,0.0,0.0,0.0,-0.33219175229601405,,,,0.27532774209976196,-0.33828173351693414,-0.33219175229601405,,0,,,,CAM_BACK,car,0,scene-0796,32
car,True,0.9111111111111111,False,,0.06435,0.93395,0.047497446373850866,0.4650000000000001,0.05376933382048472,0.8830000000000002,0.05376933382048472,0.8830000000000002,0.1338495359108387,0.04463217703349282,0.5970000000000001,0.0405,-0.06089426577091217,0.034852153670690694,0.1338495359108387,0.08482080736484054,448,0.4241071428571429,14.531755824615175,13.967817401358083,CAM_BACK,car,1,scene-0796,32
car,True,0.8361283266496536,True,0.6893597835888188,0.0402,0.9591,0.038253759672944955,0.26200000000000007,0.0518688628444726,0.6550000000000001,0.0518688628444726,0.6550000000000001,-0.1431161380331658,0.03308423913043478,0.48700000000000015,0.0401,-0.646981954574585,-0.2272628803993278,-0.1431161380331658,0.15548838215515337,246,0.5487804878048781,7.7629834501742625,30.499215786274846,CAM_BACK,car,2,scene-0796,32
car,False,0.7085452695829094,True,0.5981107771575783,0.01575,0.98425,0.010956633827456035,0.11900000000000002,0.010084735648645423,0.16900000000000004,0.010084735648645423,0.16900000000000004,-0.030007365697205524,,,,-0.09244132786989212,-0.09806764860443422,-0.030007365697205524,,35,0.6857142857142857,,,CAM_BACK,car,3,scene-0796,32
car,False,0.0,False,,0.0,1.0,0.0,0.0,0.0,0.0,0.0,0.0,0.5174641525952768,,,,0.37495875358581543,0.5095042317904963,0.5174641525952768,,0,,,,CAM_BACK,car,4,scene-0796,32
car,False,1.0,False,,0.0,1.0,0.0,0.0,0.0,0.0,0.0,0.0,-0.02052807179922067,,,,-0.3937886357307434,-0.10284339950261484,-0.02052807179922067,,0,,,,CAM_BACK,car,5,scene-0796,32
car,True,0.7607361963190185,False,,1.0,0.0,1.0,0.016000000000000004,1.0,0.003000000000000001,1.0,0.003000000000000001,-1.3096097187889275,0.03308423913043478,0.48700000000000015,0.0,-0.06293250620365143,-1.3144649079353032,-1.3096097187889275,0.7395378305260869,2167,0.4300876788186433,7.7629834501742625,30.499215786274846,CAM_BACK_RIGHT,car,0,scene-0796,32
car,False,0.9037467700258398,True,0.6893323478689333,1.0,0.0,1.0,0.015000000000000003,1.0,0.003000000000000001,1.0,0.003000000000000001,-1.4668994305831897,,,,-0.10354591906070709,-1.4722816926310194,-1.4668994305831897,,1015,0.096551724137931,,,CAM_BACK_RIGHT,car,1,scene-0796,32
car,True,0.9988437635496459,False,,0.3179,0.596,0.25056603773584907,1.9920000000000007,0.3218105423987777,5.0550000000000015,0.3218105423987777,5.0550000000000015,-0.014327398951553105,0.3280092592592593,4.251000000000001,0.36515,-0.12741568684577942,-0.11856334656551301,-0.014327398951553105,-0.0573044040272378,2122,0.6880301602262017,14.317212885752049,3.3646335203407527,CAM_BACK_RIGHT,car,2,scene-0796,32
car,False,1.0,False,,0.8418,0.1582,0.8695652173913043,0.04000000000000001,0.8333333333333334,0.025000000000000005,0.8333333333333334,0.025000000000000005,-1.3156268537910443,,,,-0.07433884590864182,-1.321954825409793,-1.3156268537910443,,1129,1.0,,,CAM_BACK_RIGHT,car,3,scene-0796,32
car,False,0.08261617900172118,True,0.04824120603015075,0.0,1.0,0.0,0.0,0.0,0.0,0.0,0.0,1.249512236697767,,,,0.03155750036239624,1.1709138172511873,1.249512236697767,,0,,,,CAM_FRONT,car,0,scene-0796,33
car,False,0.654945054945055,False,,0.0,1.0,0.0,0.0,0.0,0.0,0.0,0.0,0.22486947566606397,,,,-0.017028391361236572,0.1349705311087304,0.22486947566606397,,0,,,,CAM_FRONT,car,1,scene-0796,33
bus,True,0.9224806201550387,True,0.48727698157355953,0.0,1.0,0.0,0.0,0.0,0.0,0.0,0.0,-0.6998023215214353,0.0,0.0,0.0,-0.3402537703514099,-0.7838518855661499,-0.6998023215214353,0.0013559530401823228,0,,1.9554851893082146,80.32784300266174,CAM_FRONT,bus,0,scene-0796,33
car,True,0.6013020274557963,False,,0.2771,0.6683,0.2271078875793291,0.5010000000000001,0.2638176638176638,0.9260000000000002,0.2638176638176638,0.9260000000000002,-0.16373802996113596,0.31319444444444444,4.059000000000001,0.0736,-0.05223327875137329,-0.23203513785830404,-0.16373802996113596,-0.012387260648603848,3427,0.8278377589728626,14.183980540136979,3.6517114150019587,CAM_FRONT_RIGHT,car,0,scene-0796,33
car,True,0.7017832003754106,False,,0.192,0.808,0.2593984962406015,0.06900000000000002,0.2673611111111111,0.07700000000000003,0.2673611111111111,0.07700000000000003,-1.1126256600427284,0.02438858695652174,0.3590000000000001,0.0,-0.0924120768904686,-1.1267403999566978,-1.1126256600427284,0.5476414685823975,853,0.10199296600234464,7.9708393978357375,36.85370385687763,CAM_BACK,car,0,scene-0796,33
car,False,0.07865168539325842,True,0.05204460966542751,0.0,1.0,0.0,0.0,0.0,0.0,0.0,0.0,-0.36747185102984936,,,,0.4337776303291321,-0.38779146361581185,-0.36747185102984936,,0,,,,CAM_BACK,car,1,scene-0796,33
car,False,0.0,True,0.0,0.0,1.0,0.0,0.0,0.0,0.0,0.0,0.0,-0.19965158775935699,,,,0.33686429262161255,-0.20737956662336876,-0.19965158775935699,,0,,,,CAM_BACK,car,2,scene-0796,33
car,True,0.8504613200851668,True,0.709305078726175,0.09325,0.90185,0.07060428031892572,0.6730000000000002,0.08987943003288272,1.4760000000000004,0.08987943003288272,1.4760000000000004,0.07824211878414111,0.07558313397129186,1.0110000000000001,0.0882,-0.021756485104560852,-0.005522280923616153,0.07824211878414111,0.11716491388480055,623,0.3964686998394864,14.269413531472381,12.849404289185756,CAM_BACK,car,3,scene-0796,33
car,False,0.7890649269959614,True,0.6657929226736566,0.32765,0.67235,0.3333333333333333,0.030000000000000006,0.25,0.018000000000000006,0.25,0.018000000000000006,-1.269386205355043,,,,-0.08064740896224976,-1.279779628936487,-1.269386205355043,,208,0.42307692307692313,,,CAM_BACK,car,4,scene-0796,33
car,False,0.0,False,,0.0,1.0,0.0,0.0,0.0,0.0,0.0,0.0,0.5256306343846506,,,,0.30180203914642334,0.5179334616645318,0.5256306343846506,,0,,,,CAM_BACK,car,5,scene-0796,33
car,True,0.919585594474593,False,,0.02925,0.9687,0.020056657223796032,0.17700000000000005,0.016121384542437174,0.23800000000000004,0.016121384542437174,0.23800000000000004,-0.1038047297293635,0.006974506974506974,0.11600000000000003,0.0074,-0.021159395575523376,-0.17001158890958815,-0.1038047297293635,-0.08704983757047391,201,0.34825870646766166,12.323491904575379,30.374540525770897,CAM_BACK,car,6,scene-0796,33
car,False,0.8624267027514659,False,,0.27215,0.6984,0.33636363636363636,0.07400000000000002,0.2545454545454545,0.05600000000000001,0.2545454545454545,0.05600000000000001,-1.0749837169948955,,,,0.03519681096076965,-1.090390787346156,-1.0749837169948955,,387,0.351421188630491,,,CAM_BACK_RIGHT,car,0,scene-0796,33
car,True,0.9708886767556304,False,,0.42705,0.52525,0.3725549658832449,2.4570000000000007,0.37150192554557127,4.341000000000001,0.37150192554557127,4.341000000000001,-0.16981441223681526,0.31319444444444444,4.059000000000001,0.3166,-0.1806851029396057,-0.2661404987199046,-0.16981441223681526,-0.14083908483683627,5738,0.8553502962704775,14.183980540136979,3.6517114150019587,CAM_BACK_RIGHT,car,1,scene-0796,33
truck,True,0.7836883676400191,False,,0.22085,0.76895,0.19442956614890197,0.7260000000000001,0.17768429487179488,1.7740000000000005,0.17768429487179488,1.7740000000000005,-0.4801485405887127,0.11136536994660565,2.4820000000000007,0.04225,-0.4039725065231323,-0.5305970662608598,-0.4801485405887127,0.10242785601053661,1481,0.5246455097906819,5.1693248602175,11.604796972101225,CAM_BACK_RIGHT,truck,0,scene-0796,33
car,False,0.0962671905697446,True,0.05975609756097561,0.0,1.0,0.0,0.0,0.0,0.0,0.0,0.0,0.9189833393023878,,,,-0.06083281338214874,0.8481031548926872,0.9189833393023878,,0,,,,CAM_FRONT,car,0,scene-0796,34
car,True,0.415916955017301,False,,0.0,1.0,0.0,0.0,0.0,0.0,0.0,0.0,0.07194978520049067,0.0,0.0,0.0,-0.07303938269615173,-0.012299808594824359,0.07194978520049067,-0.17316324135670436,0,,10.313450859519802,61.58608220628518,CAM_FRONT,car,1,scene-0796,34
bus,False,0.887546468401487,True,0.3462654097171864,0.0,1.0,0.0,0.0,0.0,0.0,0.0,0.0,-0.4432962740203785,,,,-0.05740109086036682,-0.507383360046189,-0.4432962740203785,,0,,,,CAM_FRONT,bus,0,scene-0796,34
car,True,1.0,False,,0.32925,0.6132,0.24015518913676043,1.2380000000000002,0.34954954954954953,3.2980000000000005,0.34954954954954953,3.2980000000000005,-0.16587046507138337,0.3212962962962963,4.164000000000001,0.1007,-0.024919860064983368,-0.2702045029699258,-0.16587046507138337,-0.011046503578698297,2539,0.5557306025994486,14.21104715074081,4.15984842127,CAM_FRONT_RIGHT,car,0,scene-0796,34
car,False,0.0,False,,0.0,1.0,0.0,0.0,0.0,0.0,0.0,0.0,0.5888196463284898,,,,-0.18700695037841797,0.5833425980278542,0.5888196463284898,,0,,,,CAM_BACK,car,0,scene-0796,34
car,True,0.8846933456883072,False,,0.1062,0.8916,0.07171199070937773,0.7410000000000002,0.09015376984126984,1.4540000000000004,0.09015376984126984,1.4540000000000004,0.12440283741625913,0.07491028708133972,1.0020000000000002,0.0941,-0.05410066992044449,0.06497032611409044,0.12440283741625913,0.11363067284169981,840,0.5166666666666666,14.163749717821727,11.864500613154245,CAM_BACK,car,1,scene-0796,34
car,True,0.6603174603174603,True,0.3835869064084832,0.02145,0.97855,0.023703356019713684,0.10100000000000003,0.02463235294117647,0.20100000000000004,0.02463235294117647,0.20100000000000004,-0.3984503721304591,0.009714673913043478,0.14300000000000004,0.00705,-0.43909120559692383,-0.4870137944170203,-0.3984503721304591,0.14191960845920837,139,0.3597122302158273,7.979397687929095,43.55320022468022,CAM_BACK,car,2,scene-0796,34
car,False,0.37073170731707317,True,0.26855123674911663,0.0,1.0,0.0,0.0,0.0,0.0,0.0,0.0,-0.5465356334373046,,,,0.3178635835647583,-0.558537767365997,-0.5465356334373046,,0,,,,CAM_BACK,car,3,scene-0796,34
car,True,0.8750459389930173,False,,0.36725,0.6133,0.35435435435435436,0.11800000000000004,0.3262786596119929,0.18500000000000005,0.3262786596119929,0.18500000000000005,-0.8111157261338254,0.11508951406649616,2.565000000000001,0.0949,-0.09178804606199265,-0.8400965945519311,-0.8111157261338254,0.44393340017410954,1562,0.734955185659411,4.416449360765703,14.943193685053984,CAM_BACK,car,4,scene-0796,34
car,False,0.03626943005181347,True,0.021875,0.0,1.0,0.0,0.0,0.0,0.0,0.0,0.0,-0.02834916993509151,,,,0.31601661443710327,-0.042793501974292325,-0.02834916993509151,,0,,,,CAM_BACK,car,5,scene-0796,34
car,False,0.0,False,,0.0,1.0,0.0,0.0,0.0,0.0,0.0,0.0,0.9932848079753933,,,,0.11568856239318848,0.9879889492043211,0.9932848079753933,,0,,,,CAM_BACK,car,6,scene-0796,34
car,False,0.0,True,0.0,0.0507,0.94635,0.03958148257822525,0.4010000000000001,0.04173722290640394,2.1690000000000005,0.04173722290640394,2.1690000000000005,2.1899011524464,,,,0.02520090341567993,2.0820451904917063,2.1899011524464,,463,1.0,,,CAM_BACK,car,7,scene-0796,34
car,True,0.9276724733328218,False,,0.1606,0.74885,0.1616978271854472,0.3200000000000001,0.19743589743589743,0.6160000000000001,0.19743589743589743,0.6160000000000001,-0.3934237852793325,0.3212962962962963,4.164000000000001,0.0973,-0.04196681082248688,-0.4588675256362519,-0.3934237852793325,-0.028093454336201806,1357,0.9351510685335298,14.21104715074081,4.15984842127,CAM_BACK_RIGHT,car,0,scene-0796,34
truck,True,0.8347062666305508,True,0.6735019220138077,0.05375,0.9407,0.0752983129886161,0.5490000000000002,0.09353002070393375,1.8070000000000004,0.09353002070393375,1.8070000000000004,0.12763990167339712,0.11508951406649616,2.565000000000001,0.04515,-0.43445587158203125,0.054581439477685956,0.12763990167339712,0.10126557465407093,439,0.2027334851936219,4.416449360765703,14.943193685053984,CAM_BACK_RIGHT,truck,0,scene-0796,34
car,False,0.0660377358490566,True,0.03820960698689956,0.0,1.0,0.0,0.0,0.0,0.0,0.0,0.0,0.6339538552625954,,,,-0.3633080720901489,0.5624011929233693,0.6339538552625954,,0,,,,CAM_FRONT,car,0,scene-0796,35
car,True,0.605121293800539,False,,0.0,1.0,0.0,0.0,0.0,0.0,0.0,0.0,-0.11970434250540718,0.0,0.0,0.0,-0.23123830556869507,-0.20255926726971837,-0.11970434250540718,-0.33419888739242243,0,,10.205942455491924,60.69909136413603,CAM_FRONT,car,1,scene-0796,35
bus,True,1.0,True,0.6538188697091512,0.0,1.0,0.0,0.0,0.0,0.0,0.0,0.0,-1.2605324909006215,0.0,0.0,0.0,-0.47337406873703003,-1.3522709387320324,-1.2605324909006215,-0.058505190671112706,0,,1.8264524141902576,66.37513424425272,CAM_FRONT,bus,0,scene-0796,35
car,True,0.9998666580549994,False,,0.22695,0.7178,0.17846339987900786,1.4750000000000003,0.23805555555555555,3.428000000000001,0.23805555555555555,3.428000000000001,-0.0072115805569183955,0.27121913580246915,3.515000000000001,0.25055,-0.05373561382293701,-0.11067832930427218,-0.0072115805569183955,-0.0309924928632489,1593,0.6233521657250471,14.370683491519578,4.9183941715792505,CAM_FRONT_RIGHT,car,0,scene-0796,35
car,False,0.42485011370684306,False,,0.0,0.7841,0.0,0.0,0.0,0.0,0.0,0.0,-0.6719210713371389,,,,-0.07155413925647736,-0.6765379734689777,-0.6719210713371389,,0,,,,CAM_FRONT_RIGHT,car,1,scene-0796,35
car,True,0.8545223303820378,True,0.7204602631253351,0.15455,0.83435,0.08943602693602694,0.8500000000000003,0.11159832015810277,1.8070000000000004,0.11159832015810277,1.8070000000000004,0.1625306434469298,0.12410287081339713,1.6600000000000004,0.1541,-0.06221752613782883,0.07411380510220322,0.1625306434469298,0.14784545935564564,1281,0.429352068696331,13.949098064921603,10.859356438538482,CAM_BACK,car,0,scene-0796,35
car,False,0.0,True,0.0,0.0,1.0,0.0,0.0,0.0,0.0,0.0,0.0,1.18225107878652,,,,0.43085789680480957,1.1654878443264916,1.18225107878652,,0,,,,CAM_BACK,car,1,scene-0796,35
car,False,0.0,False,,0.0,1.0,0.0,0.0,0.0,0.0,0.0,0.0,1.5102279062260728,,,,0.11330483853816986,1.4888364941969752,1.5102279062260728,,0,,,,CAM_BACK,car,2,scene-0796,35
car,False,0.40220110055027514,True,0.1855099215505307,0.0507,0.9493,0.0434916086778551,0.4250000000000001,0.04444036921572223,0.7270000000000002,0.04444036921572223,0.7270000000000002,-0.4395008851760345,,,,-0.20221680402755737,-0.5075858132978686,-0.4395008851760345,,167,1.0,,,CAM_BACK,car,3,scene-0796,35
car,True,0.3987138263665595,True,0.33787465940054495,0.0,1.0,0.0,0.0,0.0,0.0,0.0,0.0,-0.26777958536411006,0.0,0.0,0.0,-0.23289816081523895,-0.2985759029191489,-0.26777958536411006,-0.13835123510991487,0,,8.669313521794969,75.34281290500971,CAM_BACK,car,4,scene-0796,35
car,True,0.5680363008741162,False,,0.014,0.8897,0.01338432122370937,0.007000000000000002,0.020146520146520148,0.011000000000000005,0.020146520146520148,0.011000000000000005,-0.5744652555927607,0.27121913580246915,3.515000000000001,0.0271,-0.060907408595085144,-0.601607651124438,-0.5744652555927607,-0.03816428763539703,14,1.0,14.370683491519578,4.9183941715792505,CAM_BACK_RIGHT,car,0,scene-0796,35
car,True,0.20831458652029156,False,,0.0103,0.9882,0.014344262295081968,0.021000000000000005,0.015359477124183006,0.047000000000000014,0.015359477124183006,0.047000000000000014,0.42444899890727683,0.21242283950617283,2.7530000000000006,0.0799,-0.07684285938739777,0.3826171240490334,0.42444899890727683,-0.04636997791477304,61,1.0,14.370611482270323,5.7780338071991775,CAM_FRONT,car,0,scene-0796,36
car,False,0.07235621521335807,True,0.04357541899441341,0.0,1.0,0.0,0.0,0.0,0.0,0.0,0.0,0.7739728705111992,,,,-0.1577170491218567,0.7053267776068235,0.7739728705111992,,0,,,,CAM_FRONT,car,1,scene-0796,36
car,True,0.9587217043941412,True,0.6713286713286714,0.0,1.0,0.0,0.0,0.0,0.0,0.0,0.0,-0.07185264676912972,0.0,0.0,0.0,-0.24511048197746277,-0.15916753995745236,-0.07185264676912972,-0.25657948368639083,0,,10.09877031713638,59.6902760384008,CAM_FRONT,car,2,scene-0796,36
bus,True,0.9362519201228878,True,0.5569600974718245,0.0,1.0,0.0,0.0,0.0,0.0,0.0,0.0,-0.5795329220971368,0.0,0.0,0.0,-0.3744751811027527,-0.662638937982647,-0.5795329220971368,0.23968019232170135,0,,2.7368927955829885,59.60819967251359,CAM_FRONT,bus,0,scene-0796,36
car,True,0.9590271597592859,False,,0.1318,0.854,0.09398541193351669,0.7860000000000001,0.20875816993464053,3.194000000000001,0.20875816993464053,3.194000000000001,0.05248459464132438,0.21242283950617283,2.7530000000000006,0.2444,-0.056662604212760925,-0.07459055024446674,0.05248459464132438,-0.0261897227401362,859,0.9278230500582072,14.370611482270323,5.7780338071991775,CAM_FRONT_RIGHT,car,0,scene-0796,36
car,True,0.9206183574879228,True,0.7487113402061856,0.14945,0.8405,0.11030493185606433,1.1250000000000002,0.13540735443113416,2.2720000000000007,0.13540735443113416,2.2720000000000007,0.16268457477695675,0.13270035885167464,1.7750000000000004,0.15065,-0.08533836901187897,0.08335118760276905,0.16268457477695675,0.10823845494964524,1270,0.5236220472440944,13.657997548143424,10.077743866451547,CAM_BACK,car,0,scene-0796,36
car,False,0.463855421686747,True,0.3869346733668342,0.0,1.0,0.0,0.0,0.0,0.0,0.0,0.0,-0.6681478635765234,,,,0.832446813583374,-0.7419764683520722,-0.6681478635765234,,0,,,,CAM_BACK,car,1,scene-0796,36
car,False,0.0,True,0.0,0.0,1.0,0.0,0.0,0.0,0.0,0.0,0.0,0.6582739759105416,,,,0.00011134147644042969,0.644941899960504,0.6582739759105416,,0,,,,CAM_BACK,car,2,scene-0796,36
car,False,0.0,True,0.0,0.0777,0.9219,0.07997630331753554,1.35,0.0598568426582611,1.8230000000000004,0.0598568426582611,1.8230000000000004,1.0937236458193538,,,,0.01122632622718811,1.005067435075988,1.0937236458193538,,485,1.0,,,CAM_BACK,car,3,scene-0796,36
car,False,0.0,False,,0.0,1.0,0.0,0.0,0.0,0.0,0.0,0.0,0.7619365742875106,,,,0.4552527666091919,0.739646725173881,0.7619365742875106,,0,,,,CAM_BACK,car,4,scene-0796,36
bus,False,0.0,False,,0.0,1.0,0.0,0.0,0.0,0.0,0.0,0.0,0.8336868489134603,,,,0.4279056191444397,0.8105981917272553,0.8336868489134603,,0,,,,CAM_BACK,bus,0,scene-0796,36
car,False,0.23282442748091603,True,0.18290854572713644,0.0,1.0,0.0,0.0,0.0,0.0,0.0,0.0,0.5415991067386103,,,,0.3579397201538086,0.527885693732365,0.5415991067386103,,0,,,,CAM_FRONT,car,0,scene-0796,37
car,True,0.9804416403785489,True,0.7496382054992764,0.0,1.0,0.0,0.0,0.0,0.0,0.0,0.0,0.044052164130671034,0.0,0.0,0.0,0.035311102867126465,-0.027756543708364223,0.044052164130671034,-0.03391013575461943,0,,10.098959766239954,58.73975235719959,CAM_FRONT,car,1,scene-0796,37
car,True,0.8216857325358574,False,,0.07285,0.91855,0.05094654788418708,0.18300000000000005,0.10498430141287284,0.535,0.10498430141287284,0.535,-0.06266645547543837,0.2308641975308642,2.992000000000001,0.0466,-0.03294871747493744,-0.12378902954945714,-0.06266645547543837,-0.051585334289070195,368,0.5625,14.355849585490322,6.766066411913741,CAM_FRONT,car,2,scene-0796,37
bus,True,0.9137520371066817,True,0.6843488874284105,0.0007,0.9993,0.00031691416153567547,0.014000000000000002,0.0005649250440917107,0.04100000000000001,0.0005649250440917107,0.04100000000000001,0.6564212247993986,0.0006791171477079797,0.07000000000000002,0.0,0.12115396559238434,0.5238741227487644,0.6564212247993986,0.5768454159304943,9,0.2222222222222222,3.17911203617678,52.05242702888058,CAM_FRONT,bus,0,scene-0796,37
car,True,0.9468427409941229,False,,0.0826,0.8911,0.04615182902845155,0.35200000000000004,0.17253968253968255,2.174000000000001,0.17253968253968255,2.174000000000001,-0.10705112315049847,0.2308641975308642,2.992000000000001,0.1788,-0.07280673086643219,-0.17933993523218672,-0.10705112315049847,-0.09144334768056495,281,0.6583629893238434,14.355849585490322,6.766066411913741,CAM_FRONT_RIGHT,car,0,scene-0796,37
car,True,0.8901937007371478,True,0.7308548822342739,0.152,0.8377,0.11172954030096888,1.0840000000000003,0.1370113262696383,2.250000000000001,0.1370113262696383,2.250000000000001,0.18088137608465393,0.1395035885167464,1.8660000000000003,0.1819,-0.04500804841518402,0.09464947429305204,0.18088137608465393,0.11048577736556464,1369,0.39663988312636966,13.537764890512163,9.297759336611573,CAM_BACK,car,0,scene-0796,37
car,False,0.4031620553359684,False,,0.0,1.0,0.0,0.0,0.0,0.0,0.0,0.0,0.1739067217872039,,,,0.3276447653770447,0.13606653669410418,0.1739067217872039,,0,,,,CAM_BACK,car,1,scene-0796,37
car,False,0.9176528599605522,True,0.8234513274336284,0.0,1.0,0.0,0.0,0.0,0.0,0.0,0.0,0.24353119998579364,,,,-0.0891261100769043,0.16764200672079388,0.24353119998579364,,0,,,,CAM_BACK,car,2,scene-0796,37
car,False,0.6136363636363636,True,0.5658682634730539,0.0,1.0,0.0,0.0,0.0,0.0,0.0,0.0,-0.08227487164327041,,,,0.6362520456314087,-0.10406737988366388,-0.08227487164327041,,0,,,,CAM_BACK,car,3,scene-0796,37
car,True,0.9851994851994852,True,0.7658829414707353,0.0,1.0,0.0,0.0,0.0,0.0,0.0,0.0,-0.09138528580424854,0.0,0.0,0.0,0.10471376776695251,-0.16289882505411934,-0.09138528580424854,-0.10461384786644912,0,,10.099092571118124,57.76763292592966,CAM_FRONT,car,0,scene-0796,38
car,True,0.8994825702446969,False,,0.01005,0.9868,0.011210369591872483,0.06400000000000002,0.03552479815455594,0.30800000000000005,0.03552479815455594,0.30800000000000005,0.053880193594887604,0.14899691358024691,1.9310000000000005,0.0594,-0.0628049299120903,-0.018776301223115188,0.053880193594887604,-0.05808285772260291,14,0.5714285714285714,14.34230220180536,7.831887085144923,CAM_FRONT,car,1,scene-0796,38
car,False,0.18050541516245489,True,0.12285012285012285,0.0,1.0,0.0,0.0,0.0,0.0,0.0,0.0,0.7291501026847367,,,,0.5132895112037659,0.6624850911579734,0.7291501026847367,,0,,,,CAM_FRONT,car,2,scene-0796,38
bus,False,0.9289873417721519,True,0.5838968891717718,0.0,1.0,0.0,0.0,0.0,0.0,0.0,0.0,1.1040245286126809,,,,0.5284293293952942,0.912041441487213,1.1040245286126809,,0,,,,CAM_FRONT,bus,0,scene-0796,38
car,True,0.9111663335314137,False,,0.0562,0.9374,0.024918389553862896,0.2290000000000001,0.07214814814814814,0.9740000000000002,0.07214814814814814,0.9740000000000002,0.1927010479957909,0.14899691358024691,1.9310000000000005,0.1833,-0.03709269315004349,0.11729682923697057,0.1927010479957909,-0.032370620960556096,495,0.9515151515151515,14.34230220180536,7.831887085144923,CAM_FRONT_RIGHT,car,0,scene-0796,38
car,True,0.8897961306428126,True,0.7465636863463804,0.16285,0.82525,0.12060515661623696,1.1320000000000003,0.1415860735009671,2.196,0.1415860735009671,2.196,0.16552220042559518,0.16409988038277512,2.1950000000000007,0.22495,-0.057959020137786865,0.07556256551745177,0.16552220042559518,0.10840890530322045,1489,0.45802552048354606,13.275448119119918,8.5924746682537,CAM_BACK,car,0,scene-0796,38
car,False,0.1532258064516129,False,,0.0,1.0,0.0,0.0,0.0,0.0,0.0,0.0,0.5008357245659245,,,,-0.1860802173614502,0.44597266098006405,0.5008357245659245,,0,,,,CAM_BACK,car,1,scene-0796,38
car,False,0.9332688588007737,False,,0.0,1.0,0.0,0.0,0.0,0.0,0.0,0.0,0.5851466192620913,,,,-0.20261293649673462,0.4862868104239607,0.5851466192620913,,0,,,,CAM_BACK,car,2,scene-0796,38
car,False,0.0,True,0.0,0.0,1.0,0.0,0.0,0.0,0.0,0.0,0.0,1.0647785472951434,,,,-0.07553702592849731,1.0265860972530998,1.0647785472951434,,0,,,,CAM_BACK,car,3,scene-0796,38
car,True,0.9608105954802366,False,,0.08425,0.89825,0.030392684238838084,0.22600000000000003,0.09915413533834587,1.2660000000000002,0.09915413533834587,1.2660000000000002,0.05415337388892594,0.10748456790123456,1.3930000000000002,0.1128,-0.0067855119705200195,-0.05035663910276167,0.05415337388892594,0.03402412620197093,534,0.4382022471910112,14.34195156835168,8.967406241404117,CAM_FRONT,car,0,scene-0796,39
car,False,0.6593406593406593,True,0.4631217838765009,0.0,1.0,0.0,0.0,0.0,0.0,0.0,0.0,0.1580335049456103,,,,0.14409160614013672,0.0750520363704526,0.1580335049456103,,0,,,,CAM_FRONT,car,1,scene-0796,39
car,False,0.20552677029360966,True,0.11387559808612441,0.0,1.0,0.0,0.0,0.0,0.0,0.0,0.0,0.6955760357446534,,,,0.24091428518295288,0.6049160249886572,0.6955760357446534,,0,,,,CAM_FRONT,car,2,scene-0796,39
bus,False,0.9842417500926955,False,,0.0,1.0,0.0,0.0,0.0,0.0,0.0,0.0,0.3372364903787268,,,,0.18549907207489014,0.10560167548834741,0.3372364903787268,,0,,,,CAM_FRONT,bus,0,scene-0796,39
car,True,0.9059391047253488,False,,0.2628,0.71545,0.18936810431293882,0.9440000000000003,0.21377995642701525,1.5700000000000005,0.21377995642701525,1.5700000000000005,-0.14047954326634193,0.10748456790123456,1.3930000000000002,0.00215,-0.019353315234184265,-0.19376089514837908,-0.14047954326634193,0.021456322938306682,2796,0.5586552217453504,14.34195156835168,8.967406241404117,CAM_FRONT_RIGHT,car,0,scene-0796,39
bus,False,0.6992959345900522,False,,0.01265,0.98735,0.013684570646595963,0.36000000000000004,0.01141552511415525,0.4550000000000001,0.01141552511415525,0.4550000000000001,-1.3406398156998094,,,,0.06408992409706116,-1.4500975895276063,-1.3406398156998094,,0,,,,CAM_FRONT_RIGHT,bus,0,scene-0796,39
car,False,0.0,False,,0.0,1.0,0.0,0.0,0.0,0.0,0.0,0.0,0.4933601876839431,,,,-0.23632094264030457,0.4890170643028605,0.4933601876839431,,0,,,,CAM_BACK,car,0,scene-0796,39
car,True,0.8884224808666709,True,0.7314331593737455,0.1346,0.8558,0.08753654970760234,0.9580000000000003,0.12073742540494459,2.2660000000000005,0.12073742540494459,2.2660000000000005,0.23746904955741432,0.16776315789473684,2.244,0.25945,-0.07938423752784729,0.14297130636009547,0.23746904955741432,0.1001298998401482,1054,0.5123339658444023,13.072561695900092,8.018417111997092,CAM_BACK,car,1,scene-0796,39
car,False,0.898728214790391,False,,0.0,1.0,0.0,0.0,0.0013416815742397137,0.03300000000000001,0.0013416815742397137,0.03300000000000001,0.27461710955375984,,,,-0.2558785080909729,0.1857262470088541,0.27461710955375984,,0,,,,CAM_BACK,car,2,scene-0796,39
