cls,has_gt,recall,clean,iou,surf_free,surf_unknown,mesh_free_frac,mesh_free_m3,obb_free_frac,obb_free_m3,pipeline_obb_free_frac,pipeline_obb_free_m3,pipeline_obb_below_ground,gt_free_frac,gt_free_m3,floor_free,ground_z,mesh_below_ground,obb_below_ground,gt_below_ground,n_violating,not_implied,gt_speed,gt_range,cam,prompt,sam3_index,scene,frame_idx
car,True,0.9523050414860202,False,,0.1873,0.8014,0.1204929256047467,0.7920000000000001,0.19639126305792973,2.0680000000000005,0.19639126305792973,2.0680000000000005,-0.05643895890443029,0.21266233766233766,2.3580000000000005,0.1576,-0.034901153296232224,-0.13910447720085375,-0.05643895890443029,0.01722225625770235,1078,0.764378478664193,9.841530260727597,5.879700429600123,CAM_FRONT,car,0,scene-1100,0
car,False,0.7075653370013755,False,,0.022,0.978,0.017970401691331923,0.068,0.045989304812834225,0.25800000000000006,0.045989304812834225,0.25800000000000006,-0.456804718815514,,,,-0.0639691948890686,-0.525885633038766,-0.456804718815514,,163,0.5214723926380368,,,CAM_FRONT,car,1,scene-1100,0
car,False,0.966319657072872,True,0.8026449643947101,0.0083,0.9917,0.008241758241758242,0.021000000000000005,0.007004830917874396,0.029000000000000005,0.007004830917874396,0.029000000000000005,0.1324031392986993,,,,0.2392612099647522,0.05456424586386341,0.1324031392986993,,116,0.0431034482758621,,,CAM_FRONT,car,2,scene-1100,0
car,True,0.8847888478884789,True,0.7323943661971831,0.045,0.95405,0.02194752774974773,0.17400000000000004,0.02705971277399849,0.35800000000000015,0.02705971277399849,0.35800000000000015,-0.08571597751686322,0.002849264705882353,0.031000000000000007,0.00525,-0.0113215371966362,-0.14887417694057956,-0.08571597751686322,-0.11856048080779469,297,0.40740740740740744,9.377304632940968,22.022001927647796,CAM_FRONT,car,3,scene-1100,0
car,True,0.0,True,0.0,0.0,1.0,3.663227303254167e-05,0.006000000000000002,0.00012942384076404696,0.11600000000000003,0.00012942384076404696,0.11600000000000003,-4.144795125679487,0.0014005602240896359,0.019000000000000003,0.00105,0.19046564400196075,-4.4052843043090295,-4.144795125679487,-0.5081167436733847,0,,0.25483615935415704,54.80967786196491,CAM_FRONT,car,4,scene-1100,0
car,False,0.8039832285115304,True,0.7549212598425197,0.0,1.0,0.0,0.0,0.0,0.0,0.0,0.0,-1.0365702592795012,,,,0.40828418731689453,-1.0726969477183863,-1.0365702592795012,,0,,,,CAM_FRONT,car,5,scene-1100,0
car,True,0.9136541561132857,True,0.8209796720633115,0.0621,0.9347,0.04269911504424779,0.3860000000000001,0.05874433106575964,0.8290000000000002,0.05874433106575964,0.8290000000000002,-0.11528796457106782,0.04136029411764706,0.45000000000000007,0.0496,-0.03589469566941261,-0.1967586255725337,-0.11528796457106782,-0.06789009357326026,424,0.24764150943396224,5.603980725955772,20.77294719568015,CAM_FRONT,car,6,scene-1100,0
bus,False,0.747754844808571,False,,0.0,1.0,0.0,0.0,0.0,0.0,0.0,0.0,0.43584912896248174,,,,0.4729340672492981,0.28546589704149167,0.43584912896248174,,0,,,,CAM_FRONT,bus,0,scene-1100,0
car,True,0.016578749058025623,False,,0.0,1.0,0.0,0.0,0.0,0.0,0.0,0.0,1.4933038168665487,0.0014005602240896359,0.019000000000000003,0.0012,0.4813746213912964,1.2482369890767755,1.4933038168665487,-0.21720776628404903,0,,0.25483615935415704,54.80967786196491,CAM_FRONT_LEFT,car,0,scene-1100,0
car,False,0.3761384335154827,True,0.3176923076923077,0.0,1.0,0.0,0.0,0.0,0.0,0.0,0.0,-0.9511544495522197,,,,0.46762776374816895,-0.9713018496932828,-0.9511544495522197,,0,,,,CAM_FRONT_LEFT,car,1,scene-1100,0
bus,False,0.6359487449534843,False,,0.0,1.0,0.0,0.0,0.0,0.0,0.0,0.0,0.7540412302532458,,,,0.5578057765960693,0.6653826179249164,0.7540412302532458,,0,,,,CAM_FRONT_LEFT,bus,0,scene-1100,0
car,False,0.5844155844155844,True,0.5531453362255966,0.0,1.0,0.0,0.0,0.0,0.0,0.0,0.0,-0.7096306259100276,,,,0.10587392747402191,-0.7309754897583721,-0.7096306259100276,,0,,,,CAM_FRONT_RIGHT,car,0,scene-1100,0
car,True,0.9922925255422118,False,,0.0397,0.9579,0.02772137370883729,0.3140000000000001,0.026743688489516474,0.5000000000000001,0.026743688489516474,0.5000000000000001,0.42141127870468864,0.018764952153110047,0.25100000000000006,0.0306,-0.620010256767273,0.3505008618880523,0.42141127870468864,0.05109002957630859,307,0.23452768729641693,0.004468060237536235,23.52795046322592,CAM_FRONT_RIGHT,car,1,scene-1100,0
car,True,0.9515997686134215,False,,0.3382,0.653,0.2549286199864038,0.7500000000000002,0.3207792207792208,1.4820000000000002,0.3207792207792208,1.4820000000000002,-0.2103273436035893,0.21266233766233766,2.3580000000000005,0.0567,-0.09142553806304932,-0.25560261380643934,-0.2103273436035893,-0.03930212850911474,3897,0.6979727995894278,9.841530260727597,5.879700429600123,CAM_FRONT_RIGHT,car,2,scene-1100,0
car,True,0.9879096139414658,False,,0.1045,0.893,0.08691686213187386,0.6670000000000001,0.11019736842105263,1.4070000000000003,0.11019736842105263,1.4070000000000003,-0.21487850729968128,0.03984268125854993,0.4660000000000001,0.0284,-0.19345030188560486,-0.302567476433084,-0.21487850729968128,-0.04727482116217763,707,0.5148514851485149,3.7897000719356027,15.6139778033154,CAM_FRONT_RIGHT,car,3,scene-1100,0
car,False,0.7162790697674418,False,,0.0,1.0,0.0,0.0,0.0,0.0,0.0,0.0,-0.17146425723257785,,,,0.16800086200237274,-0.23552304004236513,-0.17146425723257785,,0,,,,CAM_FRONT_RIGHT,car,4,scene-1100,0
car,False,0.7028635180364448,False,,0.0099,0.9901,0.008647798742138365,0.011000000000000001,0.0063025210084033615,0.027000000000000007,0.0063025210084033615,0.027000000000000007,-0.07589407986508157,,,,-0.582901120185852,-0.1084940961490003,-0.07589407986508157,,65,0.0,,,CAM_FRONT_RIGHT,car,5,scene-1100,0
bus,True,0.9957745786861888,False,,0.0149,0.98465,0.018046545515685644,1.2880000000000005,0.017795353435491844,1.7280000000000004,0.017795353435491844,1.7280000000000004,0.3805644493106095,0.008703293613132271,1.2380000000000002,0.00125,-0.5675719976425171,0.16698791717408934,0.3805644493106095,-0.15868981698993778,170,0.04705882352941182,0.0,26.80625671961664,CAM_FRONT_RIGHT,bus,0,scene-1100,0
car,True,0.7612219451371571,True,0.6382645060115003,0.02745,0.97235,0.018715341959334567,0.08100000000000003,0.016675420168067227,0.12700000000000003,0.016675420168067227,0.12700000000000003,0.16458063914056842,0.013492063492063493,0.13600000000000004,0.01725,-0.4579923450946808,0.0029730392433217068,0.16458063914056842,0.031899851425126524,28,0.0,10.875410060983883,36.479143072732484,CAM_BACK,car,0,scene-1100,0
car,True,0.9573406393321539,True,0.7324392519679865,0.1188,0.8636,0.07817330624503135,0.8850000000000002,0.10851760851760851,1.8550000000000004,0.10851760851760851,1.8550000000000004,0.345841352881477,0.09066889167014323,1.3040000000000003,0.1467,-0.10062763094902039,0.26668553722448235,0.345841352881477,-0.08460030063774904,906,0.555187637969095,0.0,5.844062384668543,CAM_BACK,car,1,scene-1100,0
car,False,0.9073275862068966,True,0.7208904109589042,0.0,1.0,0.0,0.0,0.0,0.0,0.0,0.0,-0.7463994470659396,,,,0.4245724081993103,-0.7764446762591979,-0.7463994470659396,,0,,,,CAM_FRONT,car,0,scene-1100,1
car,False,0.6981891348088531,True,0.6830708661417323,0.0,1.0,0.0,0.0,0.0,0.0,0.0,0.0,-2.0498133832087975,,,,0.43319058418273926,-2.0596776593609736,-2.0498133832087975,,0,,,,CAM_FRONT,car,1,scene-1100,1
car,True,0.9275412087912088,False,,0.1275,0.86885,0.09728867623604466,0.06100000000000001,0.1383838383838384,0.13700000000000004,0.1383838383838384,0.13700000000000004,-0.18077177233358332,0.10217168262653899,1.1950000000000003,0.02095,-0.20703625679016113,-0.21524557535745906,-0.18077177233358332,-0.09791057946845638,1128,0.7659574468085106,3.7720134210247265,16.22264943150643,CAM_FRONT,car,2,scene-1100,1
car,False,0.5651254155333938,True,0.48010269576379977,0.02315,0.97685,0.035175879396984924,0.007000000000000001,0.057539682539682536,0.029000000000000005,0.057539682539682536,0.029000000000000005,-0.7522961113042614,,,,-0.061958447098731995,-0.7745551309733025,-0.7522961113042614,,251,0.0,,,CAM_FRONT,car,3,scene-1100,1
car,True,0.8074712643678161,False,,0.00675,0.99325,0.00944898609194182,0.08900000000000002,0.006595773320769956,0.09800000000000003,0.006595773320769956,0.09800000000000003,0.04927515990496145,0.0012531328320802004,0.017,0.0,0.36126571893692017,-0.031492634298620314,0.04927515990496145,-0.3484165759927633,70,0.0,0.2549903149946589,54.936756212661926,CAM_FRONT,car,4,scene-1100,1
car,True,0.9240717197843146,True,0.7602885482416591,0.0562,0.93775,0.043507686357923236,0.4500000000000001,0.06673973937401047,1.096,0.06673973937401047,1.096,-0.12088753462230684,0.056801470588235294,0.6180000000000001,0.06625,-0.10352954268455505,-0.18868190054547268,-0.12088753462230684,-0.10940469682804799,407,0.46928746928746934,5.605139999221161,18.23644990925086,CAM_FRONT,car,5,scene-1100,1
car,True,0.8949748743718593,True,0.7467244331085566,0.0423,0.95345,0.02564687108172803,0.22500000000000003,0.047619047619047616,0.6480000000000001,0.047619047619047616,0.6480000000000001,-0.08217972730792567,0.024356617647058824,0.26500000000000007,0.0255,-0.08526565134525299,-0.17178841079572013,-0.08217972730792567,-0.1637140490563428,230,0.7173913043478262,9.37677896532243,17.46297474328537,CAM_FRONT,car,6,scene-1100,1
bus,False,0.7357154100424996,False,,0.0,1.0,0.0,0.0,0.0,0.0,0.0,0.0,0.6125890158619507,,,,0.5743911862373352,0.5015124370707829,0.6125890158619507,,0,,,,CAM_FRONT,bus,0,scene-1100,1
car,True,0.4355034371209058,False,,0.00315,0.99685,0.0047611962505579525,0.06400000000000002,0.0034100596760443308,0.07200000000000001,0.0034100596760443308,0.07200000000000001,0.24490458559704154,0.0012531328320802004,0.017,0.0001,0.16770312190055847,0.16681732574314181,0.24490458559704154,-0.541979173029125,26,0.1923076923076923,0.2549903149946589,54.936756212661926,CAM_FRONT_LEFT,car,0,scene-1100,1
car,False,0.3500583430571762,True,0.2546689303904924,0.0,1.0,0.0,0.0,0.0,0.0,0.0,0.0,-0.9442121013389371,,,,0.2201564460992813,-0.9813708273512114,-0.9442121013389371,,0,,,,CAM_FRONT_LEFT,car,1,scene-1100,1
bus,False,0.7557496880014263,False,,0.0,1.0,0.0,0.0,0.0,0.0,0.0,0.0,0.29580971961271807,,,,0.25302982330322266,0.1576061665497735,0.29580971961271807,,0,,,,CAM_FRONT_LEFT,bus,0,scene-1100,1
car,False,0.43452380952380953,True,0.3945945945945946,0.0,1.0,0.0,0.0,0.0,0.0,0.0,0.0,-1.4268532790561292,,,,0.12956571578979492,-1.4392578840338117,-1.4268532790561292,,0,,,,CAM_FRONT_RIGHT,car,0,scene-1100,1
car,True,0.9498832444816495,True,0.7701884433330356,0.11275,0.8827,0.08956080757822218,0.9360000000000003,0.12197381422924901,1.9750000000000003,0.12197381422924901,1.9750000000000003,-0.14233450025058492,0.10217168262653899,1.1950000000000003,0.13865,-0.11179599165916443,-0.20448216352075238,-0.14233450025058492,-0.0026703143374596783,576,0.44270833333333337,3.7720134210247265,16.22264943150643,CAM_FRONT_RIGHT,car,1,scene-1100,1
bus,True,0.7483840610218183,True,0.3873833452979182,0.0115,0.98755,0.012198007873846353,0.5670000000000002,0.011773492242242242,3.0110000000000006,0.011773492242242242,3.0110000000000006,1.1386277307490393,0.0084009982776196,1.1950000000000003,0.00405,-0.5068637132644653,0.9292563413766919,1.1386277307490393,-0.09806879597235652,107,0.28037383177570097,0.0,26.805709105370138,CAM_FRONT_RIGHT,bus,0,scene-1100,1
car,True,0.994963913662279,True,0.7717809525675949,0.1109,0.88305,0.1120159803318992,0.7290000000000002,0.1530197444831591,4.216000000000001,0.1530197444831591,4.216000000000001,0.4321044013002524,0.08371575580586844,1.2040000000000002,0.1811,-0.0785338282585144,0.35373726196829036,0.4321044013002524,-0.06205704433044312,858,0.6713286713286714,0.0,5.84431482492939,CAM_BACK,car,0,scene-1100,1
car,True,0.9437743922907645,False,,0.27095,0.7022,0.24034997426659804,0.9340000000000003,0.3137254901960784,1.9200000000000006,0.3137254901960784,1.9200000000000006,-0.1460386248281016,0.2748015873015873,3.047000000000001,0.0437,-0.05292773246765137,-0.2184539340849884,-0.1460386248281016,-0.005169702347492033,2897,0.7034863652053849,9.841918139405953,3.8735682743630746,CAM_BACK_RIGHT,car,0,scene-1100,1
car,True,0.9680139842983317,False,,0.099,0.89605,0.06109255468160758,0.5670000000000002,0.0858250276854928,1.2400000000000002,0.0858250276854928,1.2400000000000002,-0.14988920456031218,0.05615808823529412,0.6110000000000002,0.07795,-0.09466387331485748,-0.18789758681717456,-0.14988920456031218,-0.07315253740840033,703,0.37126600284495026,5.856433818060468,15.793763068725042,CAM_FRONT,car,0,scene-1100,2
car,False,0.8613195342820181,True,0.5978807471264368,0.00505,0.99495,0.0027455121436114043,0.013000000000000003,0.0023181686467690526,0.016000000000000004,0.0023181686467690526,0.016000000000000004,-0.4729826049688981,,,,0.11219872534275055,-0.5489545422708517,-0.4729826049688981,,0,,,,CAM_FRONT,car,1,scene-1100,2
car,False,0.24285714285714285,True,0.21434200157604413,0.0,1.0,0.0,0.0,0.0,0.0,0.0,0.0,-0.9244434216889654,,,,0.2539784610271454,-0.9402681785161591,-0.9244434216889654,,0,,,,CAM_FRONT,car,2,scene-1100,2
car,False,0.711738484398217,True,0.524070021881838,0.0,1.0,0.0,0.0,0.0,0.0,0.0,0.0,-2.1685288123840243,,,,0.2598603367805481,-2.218763156748086,-2.1685288123840243,,0,,,,CAM_FRONT,car,3,scene-1100,2
car,True,0.8424105704157268,False,,0.0047,0.99495,0.005554131419294198,0.06500000000000002,0.008253968253968255,0.15600000000000006,0.008253968253968255,0.15600000000000006,-0.13267218144970416,0.004791390240306649,0.06500000000000002,0.00635,0.22890065610408783,-0.20656014903156106,-0.13267218144970416,-0.4897385676103667,47,0.0,0.25513978939596754,55.06405529677427,CAM_FRONT,car,4,scene-1100,2
car,True,0.8651234634114946,False,,0.122,0.8726,0.09195402298850575,0.7440000000000001,0.12415052977712825,1.6990000000000005,0.12415052977712825,1.6990000000000005,-0.16726800548465204,0.06553308823529412,0.7130000000000002,0.0622,-0.01848210021853447,-0.261654908705923,-0.16726800548465204,-0.06542026374715837,818,0.5146699266503667,9.37767323264501,12.965612697363394,CAM_FRONT,car,5,scene-1100,2
bus,False,0.7835690449706022,False,,0.0,1.0,0.0,0.0,0.0,0.0,0.0,0.0,0.03563859933133884,,,,0.3095655143260956,-0.10113756427407244,0.03563859933133884,,0,,,,CAM_FRONT,bus,0,scene-1100,2
car,False,0.43174603174603177,True,0.3774283071230342,0.0,1.0,0.0,0.0,0.0,0.0,0.0,0.0,-1.392776040826849,,,,0.2271651178598404,-1.45214342788257,-1.392776040826849,,0,,,,CAM_FRONT_LEFT,car,0,scene-1100,2
car,False,0.6188720973092517,False,,0.0011,0.9987,0.00456267217630854,0.05300000000000002,0.0023946360153256703,0.05000000000000001,0.0023946360153256703,0.05000000000000001,-0.20305009829471876,,,,0.15739597380161285,-0.27806821016901906,-0.20305009829471876,,16,0.375,,,CAM_FRONT_LEFT,car,1,scene-1100,2
car,False,0.0,True,0.0,0.0,1.0,0.0,0.0,0.0,0.0,0.0,0.0,-1.5028037886811023,,,,0.11187268793582916,-1.511874563242321,-1.5028037886811023,,0,,,,CAM_FRONT_LEFT,car,2,scene-1100,2
bus,False,0.6081705150976909,False,,0.0,1.0,0.0,0.0,0.0,0.0,0.0,0.0,0.4843109869263085,,,,0.2725605368614197,0.36514474451041473,0.4843109869263085,,0,,,,CAM_FRONT_LEFT,bus,0,scene-1100,2
car,True,0.8546247332776695,False,,0.0299,0.96925,0.02767832553015698,0.20100000000000004,0.02761111111111111,0.4970000000000001,0.02761111111111111,0.4970000000000001,0.18260796053016026,0.016073564593301434,0.21500000000000002,0.0268,-0.5322710275650024,0.09823816091647353,0.18260796053016026,0.16451998426192127,225,0.64,0.005386667416574834,23.528900398831727,CAM_FRONT_RIGHT,car,0,scene-1100,2
car,True,0.9423047832269386,True,0.7834289163899789,0.12215,0.87015,0.09290022219870914,0.8780000000000002,0.11367003367003367,1.6880000000000004,0.11367003367003367,1.6880000000000004,-0.3318841147994518,0.11106361149110808,1.2990000000000004,0.16955,-0.26605167984962463,-0.3686857570382386,-0.3318841147994518,-0.21063257737534524,672,0.45386904761904767,4.1159531211955125,17.324904161530508,CAM_FRONT_RIGHT,car,1,scene-1100,2
car,True,0.89059345983044,False,,0.01035,0.98705,0.007444168734491315,0.006000000000000001,0.004844290657439446,0.007000000000000001,0.004844290657439446,0.007000000000000001,-0.0821068235890281,0.00340968700821822,0.039000000000000014,0.0,-0.4859325587749481,-0.0981778019873038,-0.0821068235890281,0.10241814840338892,69,0.0,0.025560994911201822,31.39320396695314,CAM_FRONT_RIGHT,car,2,scene-1100,2
bus,True,0.9795792232193626,False,,0.01795,0.98145,0.018140036906792938,0.5210000000000001,0.018342820999367487,1.5370000000000001,0.018342820999367487,1.5370000000000001,0.35608520292524726,0.009265703539667476,1.3180000000000005,0.0028,-0.5123177766799927,0.14376549054116394,0.35608520292524726,-0.10317647144596487,153,0.16993464052287577,0.0,26.805343026670602,CAM_FRONT_RIGHT,bus,0,scene-1100,2
car,True,0.9418930726024548,True,0.7964649094414501,0.1002,0.8885,0.06298211409680428,0.7430000000000002,0.10783952889216047,2.3440000000000003,0.10783952889216047,2.3440000000000003,0.6207346107854508,0.08851341955221805,1.2730000000000001,0.1385,-0.05883412063121796,0.5420890661330398,0.6207346107854508,-0.04228124185907656,657,0.5190258751902588,0.0,5.84429437012872,CAM_BACK,car,0,scene-1100,2
car,True,0.959719287748755,False,,0.1003,0.8891,0.053636695906432746,0.5870000000000001,0.11245265151515152,1.9000000000000006,0.11245265151515152,1.9000000000000006,0.17951228170042288,0.1597222222222222,1.7710000000000004,0.26745,-0.1272163689136505,0.11775629231673532,0.17951228170042288,-0.08364514100110165,884,0.6866515837104072,10.129855788703559,6.635430543302375,CAM_BACK_RIGHT,car,0,scene-1100,2
car,True,0.532279608192342,False,,0.04315,0.95685,0.046511627906976744,0.022000000000000002,0.02857142857142857,0.022000000000000002,0.02857142857142857,0.022000000000000002,-0.22967352898539972,0.016073564593301434,0.21500000000000002,0.01285,-0.6487686634063721,-0.24574937133935099,-0.22967352898539972,0.04802234842055164,197,0.5228426395939086,0.005386667416574834,23.528900398831727,CAM_BACK_RIGHT,car,1,scene-1100,2
car,True,0.906721400662743,False,,0.11155,0.87815,0.08618708342909676,0.37500000000000006,0.12851592851592852,0.8270000000000002,0.12851592851592852,0.8270000000000002,-0.3856619567280821,0.07840073529411765,0.8530000000000002,0.0007,-0.11491173505783081,-0.4390743352756476,-0.3856619567280821,-0.05225022645146027,942,0.45222929936305734,6.107782247281088,13.260373669199854,CAM_FRONT,car,0,scene-1100,3
car,True,0.9274502964771538,True,0.6817948717948717,0.0295,0.9688,0.016863865089079288,0.12400000000000003,0.021301247771836007,0.23900000000000005,0.021301247771836007,0.23900000000000005,-0.22779624230906992,0.0048500881834215165,0.055000000000000014,0.00175,0.05821549892425537,-0.3138196687115209,-0.22779624230906992,-0.13093234675918575,112,0.1517857142857143,8.99475667027368,32.63054273159148,CAM_FRONT,car,1,scene-1100,3
car,True,0.9181266846361186,False,,0.00475,0.99455,0.008,0.06600000000000002,0.0071111111111111115,0.12800000000000003,0.0071111111111111115,0.12800000000000003,-0.20320340333569364,0.004717676544301931,0.06400000000000002,0.0041,0.30081093311309814,-0.27852546680328205,-0.20320340333569364,-0.4212277239388509,32,0.1875,0.25554484965329494,55.191643579125184,CAM_FRONT,car,2,scene-1100,3
car,False,0.6227824463118581,True,0.506838905775076,0.0,1.0,0.0,0.0,0.0,0.0,0.0,0.0,-0.6116981881407799,,,,0.37259817123413086,-0.6347444576044481,-0.6116981881407799,,0,,,,CAM_FRONT,car,3,scene-1100,3
car,False,0.6926869350862778,False,,0.0,1.0,0.0027609055770292656,0.005000000000000001,0.0058956916099773245,0.013000000000000003,0.0058956916099773245,0.013000000000000003,-1.0807486184598356,,,,0.27910494804382324,-1.1003710903068,-1.0807486184598356,,0,,,,CAM_FRONT,car,4,scene-1100,3
car,True,0.9734996102883866,False,,0.14535,0.838,0.10072978682542731,1.0490000000000004,0.14260249554367202,2.2400000000000007,0.14260249554367202,2.2400000000000007,-0.021347214709136253,0.15137867647058822,1.6470000000000002,0.2079,-0.045533686876297,-0.09879680695528328,-0.021347214709136253,-0.06028557255938538,1193,0.5213746856663872,9.288588996248407,8.676697363825578,CAM_FRONT,car,5,scene-1100,3
bus,False,0.7867471794056888,False,,0.0,1.0,0.0,0.0,0.0,0.0,0.0,0.0,-0.02869238708995958,,,,0.4684526324272156,-0.09823399407932953,-0.02869238708995958,,0,,,,CAM_FRONT,bus,0,scene-1100,3
car,False,0.32941176470588235,True,0.2968197879858657,0.0,1.0,0.0,0.0,0.0,0.0,0.0,0.0,-0.9736465868144131,,,,0.5905483961105347,-1.0095825158812877,-0.9736465868144131,,0,,,,CAM_FRONT_LEFT,car,0,scene-1100,3
car,False,0.6751749691230959,False,,0.0014,0.9986,0.0025498725063746812,0.017000000000000005,0.0026342451874366768,0.05200000000000001,0.0026342451874366768,0.05200000000000001,-0.023012616418819465,,,,0.4148276746273041,-0.08141739586720104,-0.023012616418819465,,13,0.07692307692307687,,,CAM_FRONT_LEFT,car,1,scene-1100,3
bus,True,0.8147285432718151,False,,0.0,1.0,0.0,0.0,0.0,0.0,0.0,0.0,0.3712813829172221,0.0,0.0,0.0,0.6092151403427124,0.27077572662067634,0.3712813829172221,-0.7307553738629458,0,,0.11415349471335902,75.30045132055129,CAM_FRONT_LEFT,bus,0,scene-1100,3
car,True,0.9945309213294068,False,,0.05655,0.9408,0.02838577291381669,0.4150000000000001,0.027534965034965036,0.6300000000000002,0.027534965034965036,0.6300000000000002,0.4656689688023623,0.01472787081339713,0.19700000000000006,0.02925,-0.6328444480895996,0.391091979828309,0.4656689688023623,0.07495498979003568,413,0.46731234866828086,0.004473169380595992,23.529203739788045,CAM_FRONT_RIGHT,car,0,scene-1100,3
car,False,0.4150326797385621,True,0.39167309175019277,0.0,1.0,0.0,0.0,0.0,0.0,0.0,0.0,-0.9746725824138482,,,,0.3739180862903595,-0.991014118802805,-0.9746725824138482,,0,,,,CAM_FRONT_RIGHT,car,1,scene-1100,3
car,True,0.9318066373179817,True,0.7831856832817448,0.0744,0.9202,0.04710686186634797,0.4730000000000001,0.07542533081285445,1.1970000000000005,0.07542533081285445,1.1970000000000005,-0.16923510214896686,0.07079343365253078,0.8280000000000003,0.10435,-0.13725340366363525,-0.2104144972860942,-0.16923510214896686,-0.06575186381015508,314,0.3280254777070064,4.7621073195915296,19.016018968111048,CAM_FRONT_RIGHT,car,2,scene-1100,3
car,True,0.9175935288169869,False,,0.0055,0.9945,0.0033085194375516956,0.004000000000000001,0.00267379679144385,0.010000000000000002,0.00267379679144385,0.010000000000000002,0.019288550175247998,0.0030599755201958386,0.03500000000000001,0.0,-0.6102837324142456,-0.03329403718743573,0.019288550175247998,-0.020173022586840395,33,0.0,0.0250657190452909,31.4046205695846,CAM_FRONT_RIGHT,car,3,scene-1100,3
bus,True,0.9565022421524664,False,,0.0234,0.9754,0.023284808037842396,0.6350000000000002,0.018403029753265604,1.6230000000000004,0.018403029753265604,1.6230000000000004,0.4912187329739093,0.009799992969875918,1.3940000000000003,0.00545,-0.5079735517501831,0.283728435632434,0.4912187329739093,-0.09982270918934133,221,0.1583710407239819,0.0,26.805005860392633,CAM_FRONT_RIGHT,bus,0,scene-1100,3
car,True,0.9756443488042256,False,,0.1677,0.8282,0.12893822177374145,1.1500000000000004,0.16202566202566202,2.374,0.16202566202566202,2.374,0.053264046115076624,0.060289612921191865,0.8660000000000001,0.06345,-0.21025733649730682,-0.009726176919765434,0.053264046115076624,0.019408667308635552,1181,0.35817104149026247,16.40462599767398,10.599148836658378,CAM_BACK,car,0,scene-1100,3
car,False,0.7949730700179534,False,,0.43,0.43045,0.5434782608695652,0.025000000000000005,0.4375,0.021000000000000005,0.4375,0.021000000000000005,-1.2711475461316262,,,,-0.003797098994255066,-1.277180686949405,-1.2711475461316262,,144,0.09027777777777779,,,CAM_BACK,car,1,scene-1100,3
car,True,0.9560947575703794,False,,0.101,0.8942,0.06267051212097591,0.804,0.1085916371957562,2.0880000000000005,0.1085916371957562,2.0880000000000005,0.38834936724945823,0.08385481852315395,1.2060000000000004,0.1668,-0.027538985013961792,0.30513221478967667,0.38834936724945823,-0.01143451598372669,659,0.644916540212443,0.0,5.844035846621885,CAM_BACK,car,2,scene-1100,3
car,True,0.9731827515400411,False,,0.09385,0.9037,0.08219477538528801,0.7520000000000002,0.1401991614255765,3.2100000000000004,0.1401991614255765,3.2100000000000004,-0.002560433186853839,0.060876623376623376,0.6750000000000002,0.1065,-0.2072603553533554,-0.067671138173273,-0.002560433186853839,-0.1035124065606644,624,0.671474358974359,10.41719599998769,11.249295874316477,CAM_BACK,car,3,scene-1100,3
car,True,0.8287067880672144,False,,0.1321,0.8472,0.10902714242146996,0.7150000000000002,0.09452418926103137,0.8890000000000003,0.09452418926103137,0.8890000000000003,0.21835742445542627,0.060876623376623376,0.6750000000000002,0.0242,-0.16065210103988647,0.1808187043143376,0.21835742445542627,-0.05690415224719547,1228,0.8151465798045603,10.41719599998769,11.249295874316477,CAM_BACK_RIGHT,car,0,scene-1100,3
car,True,0.7863354037267081,False,,0.0353,0.9583,0.034358047016274866,0.019000000000000006,0.04030612244897959,0.07900000000000001,0.04030612244897959,0.07900000000000001,-0.1790607411336102,0.01472787081339713,0.19700000000000006,0.0,-0.5913506150245667,-0.19916618697307897,-0.1790607411336102,0.11644882285506863,221,0.9547511312217195,0.004473169380595992,23.529203739788045,CAM_BACK_RIGHT,car,1,scene-1100,3
car,True,0.8510364251489807,False,,0.0156,0.98255,0.022420098584830656,0.14100000000000001,0.07482078853046595,0.8350000000000001,0.07482078853046595,0.8350000000000001,0.2207887188672062,0.20349264705882353,2.2140000000000004,0.19505,-0.09716270864009857,0.1545945791720318,0.2207887188672062,-0.08262569809719622,110,0.8727272727272728,9.20386268817777,5.038800535603362,CAM_FRONT,car,0,scene-1100,4
car,True,0.8003367003367003,False,,0.00525,0.9945,0.004880490551870855,0.039000000000000014,0.006274509803921568,0.11200000000000003,0.006274509803921568,0.11200000000000003,-0.13695372798466376,0.0008108506560518945,0.011000000000000003,0.0,0.3925474286079407,-0.23485199727426165,-0.13695372798466376,-0.33450010642838657,41,0.2195121951219512,0.25553973073534986,55.31953822365666,CAM_FRONT,car,1,scene-1100,4
car,False,0.5325443786982249,False,,0.01555,0.98445,0.0,0.0,0.0,0.0,0.0,0.0,-1.1615191028685103,,,,0.09927080571651459,-1.1763081082733728,-1.1615191028685103,,0,,,,CAM_FRONT,car,2,scene-1100,4
car,False,0.56,True,0.3658291457286432,0.0,1.0,0.0,0.0,0.0,0.0,0.0,0.0,-2.0991420493385915,,,,0.4339333772659302,-2.1581907765788966,-2.0991420493385915,,0,,,,CAM_FRONT,car,3,scene-1100,4
car,False,0.5736434108527132,True,0.5736434108527132,0.0,1.0,0.0,0.0,0.0,0.0,0.0,0.0,-1.1548864176569538,,,,0.42777836322784424,-1.1873715474737756,-1.1548864176569538,,0,,,,CAM_FRONT,car,4,scene-1100,4
car,False,0.6105610561056105,False,,0.0,1.0,0.0,0.0,0.0,0.0,0.0,0.0,-1.0375186168424713,,,,0.3639906644821167,-1.049308856578817,-1.0375186168424713,,0,,,,CAM_FRONT,car,5,scene-1100,4
car,True,0.8816097942172441,True,0.7191882702932426,0.01385,0.98615,0.016680452164323133,0.12100000000000004,0.027651515151515153,0.2920000000000001,0.027651515151515153,0.2920000000000001,-0.06398319407398434,0.007407407407407408,0.08400000000000003,0.0009,0.042500682175159454,-0.14509930903235624,-0.06398319407398434,0.011574091857504465,93,0.0,9.566807045645126,28.220918687691604,CAM_FRONT,car,6,scene-1100,4
car,False,0.5726172465960666,False,,0.00925,0.99075,0.010792660990526441,0.09000000000000001,0.008390541571319604,0.4400000000000001,0.008390541571319604,0.4400000000000001,2.3977197673384487,,,,0.15417815744876862,2.3223708816784874,2.3977197673384487,,65,1.0,,,CAM_FRONT,car,7,scene-1100,4
bus,False,0.7801842573137223,False,,0.0,1.0,0.0,0.0,0.0,0.0,0.0,0.0,0.7353679821843073,,,,0.5620095729827881,0.5769490927481283,0.7353679821843073,,0,,,,CAM_FRONT,bus,0,scene-1100,4
car,False,0.4758293838862559,True,0.46139705882352944,0.0,1.0,0.0,0.0,0.0,0.0,0.0,0.0,-1.3343815387483238,,,,0.20309580862522125,-1.356871238550235,-1.3343815387483238,,0,,,,CAM_FRONT_LEFT,car,0,scene-1100,4
car,False,0.6810789369297897,False,,0.0,1.0,0.0,0.0,0.0,0.0,0.0,0.0,-0.7290211797036956,,,,0.2945674657821655,-0.8806699580831572,-0.7290211797036956,,0,,,,CAM_FRONT_LEFT,car,1,scene-1100,4
bus,True,0.8011030065824586,False,,0.0,1.0,0.0,0.0,0.0,0.0,0.0,0.0,-0.37742820316569237,0.0,0.0,0.0,0.3010634481906891,-0.4925808538541141,-0.37742820316569237,-1.0398319615521183,0,,0.11415120806059713,75.35789864005959,CAM_FRONT_LEFT,bus,0,scene-1100,4
car,True,0.9900088667635245,False,,0.4218,0.56855,0.41823751178133833,1.7750000000000001,0.37722222222222224,5.432000000000001,0.37722222222222224,5.432000000000001,0.11777829458866163,0.20349264705882353,2.2140000000000004,0.23785,-0.04930061101913452,0.025904560960573447,0.11777829458866163,-0.03476360047623217,5394,0.8576195773081201,9.20386268817777,5.038800535603362,CAM_FRONT_RIGHT,car,0,scene-1100,4
car,False,0.8618892508143322,True,0.6719146775012697,0.0023,0.9976,0.0023103967855349072,0.04600000000000001,0.0017379679144385028,0.05200000000000002,0.0017379679144385028,0.05200000000000002,-0.47435496144747535,,,,0.4618241786956787,-0.5353551628943033,-0.47435496144747535,,7,0.0,,,CAM_FRONT_RIGHT,car,1,scene-1100,4
car,True,0.9207108064225149,False,,0.03125,0.96765,0.01982130019513197,0.19300000000000003,0.024663107042969742,0.38800000000000007,0.024663107042969742,0.38800000000000007,0.19369338428746508,0.016970693779904306,0.22700000000000006,0.02055,-0.6176960468292236,0.1364514965860264,0.19369338428746508,0.10355532880585305,196,0.2857142857142857,0.004123975786235937,23.52953326635237,CAM_FRONT_RIGHT,car,2,scene-1100,4
car,True,0.9435840707964602,False,,0.04685,0.95315,0.04550561797752809,0.24300000000000008,0.06725146198830409,0.5750000000000002,0.06725146198830409,0.5750000000000002,-0.35475417911605067,0.0636969904240766,0.7450000000000001,0.0263,-0.2139449417591095,-0.410471546937619,-0.35475417911605067,-0.13969238111713722,102,0.11764705882352944,5.074436159334205,21.224243000590615,CAM_FRONT_RIGHT,car,3,scene-1100,4
car,True,0.7718324078748107,False,,0.0099,0.98775,0.00865051903114187,0.005000000000000002,0.01239067055393586,0.017000000000000005,0.01239067055393586,0.017000000000000005,-0.1573675257330467,0.0033222591362126247,0.038000000000000006,0.0,-0.582341730594635,-0.17582954030700337,-0.1573675257330467,0.0104438709678496,152,0.0,0.0247033904968021,31.41605612810277,CAM_FRONT_RIGHT,car,4,scene-1100,4
bus,True,0.7940152581290275,False,,0.0116,0.988,0.013117615725736583,2.0440000000000005,0.012336508834811043,3.139000000000001,0.012336508834811043,3.139000000000001,1.0629243635155143,0.00983514359028437,1.3990000000000005,0.00545,-0.556501030921936,0.8333077340875144,1.0629243635155143,-0.1478084513882223,117,0.24786324786324787,0.0,26.804774217838727,CAM_FRONT_RIGHT,bus,0,scene-1100,4
car,True,0.7585638371245214,False,,0.17595,0.8103,0.11326938449240607,1.4170000000000005,0.1846875,3.5460000000000007,0.1846875,3.5460000000000007,0.19606825636958125,0.3002645502645503,4.3130000000000015,0.4274,-0.09886030107736588,0.13847652566530838,0.19606825636958125,-0.17033799139702266,1049,0.882745471877979,15.825525419807349,4.0683640609873075,CAM_BACK,car,0,scene-1100,4
car,True,0.9463918937422977,True,0.7090172343044727,0.05925,0.9399,0.04506360867228095,0.5030000000000001,0.0600273569023569,1.1410000000000005,0.0600273569023569,1.1410000000000005,-0.1243819242285722,0.03499278499278499,0.38800000000000007,0.0899,-0.38162094354629517,-0.21148189789392777,-0.1243819242285722,-0.21643278326226734,157,0.33757961783439494,10.503808806589605,16.18253474410695,CAM_BACK,car,1,scene-1100,4
car,True,0.9827826775993936,True,0.7847283830902226,0.1067,0.8849,0.06347949976254551,0.802,0.10697494062333382,2.2070000000000003,0.10697494062333382,2.2070000000000003,0.43651447178333536,0.08920873313864552,1.2830000000000001,0.1621,-0.05072192847728729,0.35763290786975804,0.43651447178333536,-0.034870419331022195,743,0.6244952893674294,0.0,5.8439242063549175,CAM_BACK,car,2,scene-1100,4
car,True,0.9570998788185038,False,,0.5506,0.4123,0.49665103817816475,1.4830000000000003,0.524317617866005,2.1130000000000004,0.524317617866005,2.1130000000000004,-0.5875481532192526,0.3002645502645503,4.3130000000000015,0.09165,-0.10907873511314392,-0.6134441292607872,-0.5875481532192526,-0.1805564254328007,6327,0.692903429745535,15.825525419807349,4.0683640609873075,CAM_BACK_LEFT,car,0,scene-1100,4
car,False,0.5907990314769975,True,0.5174973488865323,0.0,1.0,0.0,0.0,0.0,0.0,0.0,0.0,-0.5378811061234865,,,,0.6250314712524414,-0.5515870917475749,-0.5378811061234865,,0,,,,CAM_FRONT,car,0,scene-1100,5
car,False,0.9428702010968921,False,,0.002,0.998,0.0029418780313270254,0.037000000000000005,0.001876172607879925,0.03600000000000001,0.001876172607879925,0.03600000000000001,0.24151428755862647,,,,0.3777470290660858,0.17741808939541923,0.24151428755862647,,6,0.0,,,CAM_FRONT,car,1,scene-1100,5
car,True,0.8059524982753523,False,,0.0803,0.90635,0.04918032786885246,0.08400000000000002,0.09047619047619047,0.24700000000000008,0.09047619047619047,0.24700000000000008,-0.06535540629320513,0.15698529411764706,1.7080000000000004,0.0085,-0.08815985918045044,-0.10220885604072727,-0.06535540629320513,0.04522041857659986,598,0.9715719063545151,6.662555022952945,8.994717339214358,CAM_FRONT,car,2,scene-1100,5
car,True,0.7789979409746054,False,,0.0065,0.993,0.005058700009544717,0.053000000000000005,0.005065856129685917,0.08000000000000002,0.005065856129685917,0.08000000000000002,-0.08376801379345133,0.00022114108801415304,0.003000000000000001,0.0,0.4343724846839905,-0.15230481030528975,-0.08376801379345133,-0.299237767139269,38,0.10526315789473684,0.1646911052497386,55.44701445802043,CAM_FRONT,car,3,scene-1100,5
car,False,0.8732638888888888,False,,0.0,1.0,0.0,0.0,0.0,0.0,0.0,0.0,-1.894077274952525,,,,0.6596639752388,-1.921228574335354,-1.894077274952525,,0,,,,CAM_FRONT,car,4,scene-1100,5
car,True,0.9045472518782127,True,0.7658520254435889,0.0367,0.96225,0.02109319541628638,0.20800000000000005,0.02703406944173018,0.41500000000000015,0.02703406944173018,0.41500000000000015,0.012612098927016868,0.007495590828924162,0.08500000000000002,0.0108,-0.03791683167219162,-0.058773499512573504,0.012612098927016868,-0.053465281708450885,96,0.5625,10.141733245850176,23.247453317010333,CAM_FRONT,car,5,scene-1100,5
car,False,0.6732594936708861,False,,0.0,1.0,0.0,0.0,0.0,0.0,0.0,0.0,-0.7771668604994306,,,,0.33272039890289307,-0.8225545710313358,-0.7771668604994306,,0,,,,CAM_FRONT,car,6,scene-1100,5
bus,False,0.7961288275424401,False,,0.0,1.0,0.0,0.0,0.0,0.0,0.0,0.0,0.629119655117087,,,,0.627187192440033,0.4946638470078082,0.629119655117087,,0,,,,CAM_FRONT,bus,0,scene-1100,5
car,False,0.12254098360655738,False,,0.0,1.0,0.0,0.0,0.0,0.0,0.0,0.0,-0.39723764439721565,,,,0.4065980017185211,-0.4906620082205031,-0.39723764439721565,,0,,,,CAM_FRONT_LEFT,car,0,scene-1100,5
car,True,0.9700318875576608,True,0.7694852580024979,0.17025,0.8181,0.09252392860222472,1.0730000000000004,0.17488680072058035,3.592000000000001,0.17488680072058035,3.592000000000001,-0.05093160195281854,0.20238095238095238,2.9070000000000005,0.31485,-0.03293745219707489,-0.1403397848938454,-0.05093160195281854,-0.09534633612073518,823,0.574726609963548,15.300409326608094,7.195443824307777,CAM_FRONT_LEFT,car,1,scene-1100,5
car,False,0.19161676646706588,True,0.1031703385276733,0.0,1.0,0.0,0.0,0.0,0.0,0.0,0.0,-0.161915181668707,,,,0.3572029769420624,-0.17151331234400025,-0.161915181668707,,0,,,,CAM_FRONT_LEFT,car,2,scene-1100,5
bus,True,0.6449482327740093,False,,0.0,1.0,0.0,0.0,0.0,0.0,0.0,0.0,0.7668973298353121,0.0,0.0,0.0,0.4485250413417816,0.6225726404042993,0.7668973298353121,-0.8931008772606304,0,,0.12717485461363376,75.41498469050812,CAM_FRONT_LEFT,bus,0,scene-1100,5
car,True,0.8996744150829106,True,0.6471325091225968,0.0222,0.9773,0.015911565195544763,0.19000000000000006,0.020898587933247753,0.4070000000000001,0.020898587933247753,0.4070000000000001,0.5109733812848787,0.011961722488038277,0.16000000000000003,0.01795,-0.349777489900589,0.4379579815218938,0.5109733812848787,0.3845096248722051,152,0.4013157894736842,0.00412418231907933,23.53068880170143,CAM_FRONT_RIGHT,car,0,scene-1100,5
car,False,1.0,False,,0.01435,0.9855,0.01588225511391984,0.19100000000000006,0.024342105263157894,1.6650000000000005,0.024342105263157894,1.6650000000000005,1.339699098487705,,,,0.3094541132450104,1.2837266344510052,1.339699098487705,,111,0.45945945945945943,,,CAM_FRONT_RIGHT,car,1,scene-1100,5
car,True,0.6501340482573726,False,,0.43655,0.4471,0.46875,0.15000000000000002,0.5694444444444444,0.24600000000000005,0.5694444444444444,0.24600000000000005,-0.8974710251341911,0.22941176470588234,2.4960000000000004,0.0,-0.06703852862119675,-0.89833091496714,-0.8974710251341911,-0.023642409514849638,4341,0.9016355678415112,9.504098450011154,4.231741524817404,CAM_FRONT_RIGHT,car,2,scene-1100,5
car,True,0.9485215219837032,False,,0.195,0.78365,0.11094392617113051,1.1060000000000003,0.1616557734204793,2.5970000000000004,0.1616557734204793,2.5970000000000004,-0.10987279145444506,0.15698529411764706,1.7080000000000004,0.24475,-0.16424672305583954,-0.1902577487644702,-0.10987279145444506,-0.030866445298789236,1079,0.49675625579240035,6.662555022952945,8.994717339214358,CAM_FRONT_RIGHT,car,3,scene-1100,5
car,True,0.9174641148325359,False,,0.05295,0.94155,0.036005939123979216,0.2910000000000001,0.04862155388471178,0.5820000000000002,0.04862155388471178,0.5820000000000002,-0.28920329575059167,0.03710670314637483,0.4340000000000001,0.03785,-0.19329124689102173,-0.364229483845962,-0.28920329575059167,-0.12810368788920423,188,0.03191489361702127,5.469801882043711,23.580721994219225,CAM_FRONT_RIGHT,car,4,scene-1100,5
bus,True,0.9916135693958245,True,0.7277196614053895,0.0156,0.9838,0.01812819221638731,1.26,0.01861888111888112,1.7040000000000006,0.01861888111888112,1.7040000000000006,0.6084721387364238,0.010481915005799852,1.4910000000000003,0.00265,-0.3582190275192261,0.42690935112686157,0.6084721387364238,0.05053876251895906,138,0.10869565217391308,0.0,26.80459836171624,CAM_FRONT_RIGHT,bus,0,scene-1100,5
car,True,0.9533553355335533,True,0.7093975114603799,0.0172,0.9825,0.02654625068418172,0.09700000000000002,0.026041666666666668,0.17500000000000004,0.026041666666666668,0.17500000000000004,-0.2767184983963802,0.018217893217893216,0.20200000000000004,0.00095,-0.3975297212600708,-0.3642662012736081,-0.2767184983963802,-0.19932175524968987,90,0.43333333333333335,10.590124946169166,21.316659363618392,CAM_BACK,car,0,scene-1100,5
car,True,0.9958774113254512,True,0.8243984803714648,0.1076,0.88885,0.06151463963963964,0.8740000000000002,0.10642361111111111,2.4520000000000004,0.10642361111111111,2.4520000000000004,0.4679445411209726,0.0868446669447921,1.2490000000000003,0.16945,-0.07188884168863297,0.39496015613841107,0.4679445411209726,-0.05620745089093493,800,0.67125,0.0,5.84370769875662,CAM_BACK,car,1,scene-1100,5
car,True,0.999965703467608,False,,0.2755,0.6832,0.20563747617614606,2.0500000000000007,0.2958047292143402,5.817000000000002,0.2958047292143402,5.817000000000002,0.16184323191146066,0.22941176470588234,2.4960000000000004,0.34645,-0.07238046824932098,0.049399361014382706,0.16184323191146066,-0.028984349142973875,2408,0.7288205980066444,9.504098450011154,4.231741524817404,CAM_BACK_RIGHT,car,0,scene-1100,5
car,False,0.6343195266272189,True,0.5819761129207384,0.0,1.0,0.0,0.0,0.0,0.0,0.0,0.0,-0.7447810036194715,,,,0.5215471982955933,-0.7872549032847436,-0.7447810036194715,,0,,,,CAM_FRONT,car,0,scene-1100,6
car,True,0.7912912912912913,False,,0.0099,0.9901,0.008804812134949002,0.10100000000000002,0.007772198913267763,0.3390000000000001,0.007772198913267763,0.3390000000000001,-0.26373682658449216,0.0004938271604938272,0.006000000000000001,0.0013,0.09334960579872131,-0.34607051637213393,-0.26373682658449216,-0.29619337621000574,55,0.0,10.379309658249639,49.198706072927784,CAM_FRONT,car,1,scene-1100,6
car,True,0.8929165281010975,False,,0.0013,0.9987,0.0004475774868524113,0.004000000000000001,0.00376901332615426,0.056000000000000015,0.00376901332615426,0.056000000000000015,-0.2858882738614934,0.0002948547840188707,0.004000000000000001,0.0,0.39423123002052307,-0.3519933172801466,-0.2858882738614934,-0.34020075400990124,22,0.0,0.07795974394556351,55.484275108265464,CAM_FRONT,car,2,scene-1100,6
car,False,0.6566164154103853,False,,0.0,1.0,0.0,0.0,0.0,0.0,0.0,0.0,-1.826145495062693,,,,0.583134651184082,-1.867617386955851,-1.826145495062693,,0,,,,CAM_FRONT,car,3,scene-1100,6
car,False,0.8583941605839416,False,,0.0,1.0,0.0,0.0,0.0,0.0,0.0,0.0,-0.8879363596363161,,,,0.195205956697464,-0.9016951733717737,-0.8879363596363161,,0,,,,CAM_FRONT,car,4,scene-1100,6
car,True,0.8871893981225842,True,0.66469468806884,0.09075,0.90375,0.08571428571428572,0.29700000000000004,0.08016260162601627,0.9860000000000003,0.08016260162601627,0.9860000000000003,-0.052183336463886176,0.04126984126984127,0.46800000000000014,0.04025,-0.08897086977958679,-0.13637246843139705,-0.052183336463886176,-0.08892026230384675,710,0.4577464788732394,10.255636227039176,18.32943736321385,CAM_FRONT,car,5,scene-1100,6
bus,False,0.8355902501194838,False,,0.0,1.0,0.0,0.0,0.0,0.0,0.0,0.0,0.4112511609014229,,,,0.5768114328384399,0.28991612472882616,0.4112511609014229,,0,,,,CAM_FRONT,bus,0,scene-1100,6
car,True,0.0,True,0.0,0.0,1.0,0.0,0.0,0.0,0.0,0.0,0.0,4.149997980068756,0.0002948547840188707,0.004000000000000001,0.00305,0.40209847688674927,4.02605458879397,4.149997980068756,-0.33233350714367504,0,,0.07795974394556351,55.484275108265464,CAM_FRONT_LEFT,car,0,scene-1100,6
car,False,0.14418604651162792,True,0.10340226817878585,0.0,1.0,0.0,0.0,0.0,0.0,0.0,0.0,-0.7687874543718198,,,,0.3980710506439209,-0.8151891482680951,-0.7687874543718198,,0,,,,CAM_FRONT_LEFT,car,1,scene-1100,6
car,True,0.9613602891953408,True,0.8052664633052216,0.0612,0.93545,0.04863034779932287,0.4740000000000001,0.07913165266106442,1.2430000000000003,0.07913165266106442,1.2430000000000003,-0.16471885983303491,0.06850459482038429,0.9840000000000001,0.06035,-0.061207957565784454,-0.21665204034464655,-0.16471885983303491,-0.19161522671758702,347,0.3141210374639769,15.365307416087086,14.68179996740053,CAM_FRONT_LEFT,car,2,scene-1100,6
bus,False,0.7969362308514428,False,,0.0,1.0,0.0,0.0,0.0,0.0,0.0,0.0,0.38564867506503386,,,,0.48072654008865356,0.1879971423404408,0.38564867506503386,,0,,,,CAM_FRONT_LEFT,bus,0,scene-1100,6
car,True,0.9848850742671978,False,,0.23215,0.75045,0.14598728303832273,1.6990000000000005,0.1956544612794613,3.719000000000001,0.1956544612794613,3.719000000000001,0.12222289800355979,0.14393382352941175,1.5660000000000003,0.28865,-0.1874035745859146,0.015382393814103917,0.12222289800355979,-0.024363448765871265,1592,0.5866834170854272,6.807310041623797,7.946264285824117,CAM_FRONT_RIGHT,car,0,scene-1100,6
car,True,0.9582756575044493,False,,0.0458,0.9542,0.04964344487109161,0.3620000000000001,0.05489147530670022,0.6980000000000002,0.05489147530670022,0.6980000000000002,0.19016404643849993,0.019063995215311005,0.25500000000000006,0.03475,-0.44805556535720825,0.0918107431378995,0.19016404643849993,0.29815869303455134,366,0.33333333333333337,0.005383270403017992,23.531082357662864,CAM_FRONT_RIGHT,car,1,scene-1100,6
car,True,0.9599388927294297,True,0.8090531782510808,0.10775,0.8854,0.07922087920548156,1.0290000000000001,0.10302457466918714,2.071,0.10302457466918714,2.071,0.25621671686698244,0.08482825754415241,1.2200000000000002,0.14725,-0.0819130465388298,0.18950906572211218,0.25621671686698244,-0.0662348315700858,710,0.5352112676056338,0.0,5.84366061986717,CAM_BACK,car,0,scene-1100,6
car,True,0.9063604240282686,True,0.7286931818181818,0.0,1.0,0.0,0.0,0.0,0.0,0.0,0.0,1.6175610618029985,0.011724386724386724,0.13000000000000003,0.00595,-0.4279458522796631,1.6044561373702426,1.6175610618029985,-0.19633133678489012,0,,10.863424403248127,26.515685391236147,CAM_BACK,car,1,scene-1100,6
car,True,0.9486374589736073,False,,0.1341,0.85615,0.07991964363699887,0.9150000000000004,0.1088515406162465,1.9430000000000005,0.1088515406162465,1.9430000000000005,0.17524889035413405,0.10735294117647058,1.1680000000000001,0.2635,-0.12597015500068665,0.08072635859477414,0.17524889035413405,-0.037179479730936604,1062,0.7401129943502824,9.807616372556176,7.416685135118392,CAM_BACK_RIGHT,car,0,scene-1100,6
car,True,0.933420365535248,False,,0.27405,0.7067,0.2423963133640553,0.526,0.28205128205128205,0.9680000000000002,0.28205128205128205,0.9680000000000002,-0.04852313759630933,0.14393382352941175,1.5660000000000003,0.0055,-0.18275895714759827,-0.11594088809159031,-0.04852313759630933,-0.01971883132755492,2250,0.6857777777777778,6.807310041623797,7.946264285824117,CAM_BACK_RIGHT,car,1,scene-1100,6
car,False,0.7535517541316323,True,0.610093896713615,0.0042,0.9958,0.0019011406844106464,0.014000000000000004,0.0015873015873015873,0.019000000000000003,0.0015873015873015873,0.019000000000000003,-0.33745103090284356,,,,0.21329647302627563,-0.4004357589859521,-0.33745103090284356,,0,,,,CAM_FRONT,car,0,scene-1100,7
car,True,0.8319098052613597,False,,0.0064,0.9936,0.007358351729212656,0.06000000000000001,0.006655092592592593,0.11500000000000003,0.006655092592592593,0.11500000000000003,-0.10870173302785402,7.371369600471768e-05,0.0010000000000000002,0.0,0.3202183246612549,-0.19226198753407653,-0.10870173302785402,-0.4096895067332218,56,0.0,0.07796401769777896,55.52303566622431,CAM_FRONT,car,1,scene-1100,7
car,False,0.5707070707070707,True,0.5314520870076426,0.0,1.0,0.0,0.0,0.0,0.0,0.0,0.0,-0.8338962124046292,,,,0.23430943489074707,-0.8504813664110222,-0.8338962124046292,,0,,,,CAM_FRONT,car,2,scene-1100,7
car,False,0.8204225352112676,True,0.7154554759467758,0.0,1.0,0.0,0.0,0.0,0.0,0.0,0.0,-0.7707793513096037,,,,0.44819825887680054,-0.8008053661371484,-0.7707793513096037,,0,,,,CAM_FRONT,car,3,scene-1100,7
car,False,0.29528985507246375,False,,0.0,1.0,0.0,0.0,0.0,0.0,0.0,0.0,-1.6385912923944779,,,,0.2579423189163208,-1.6436948372761284,-1.6385912923944779,,0,,,,CAM_FRONT,car,4,scene-1100,7
car,True,0.8836919315403423,True,0.7658388778234522,0.09485,0.89175,0.05936445116982889,0.5100000000000002,0.08745941558441558,1.2930000000000004,0.08745941558441558,1.2930000000000004,-8.051523742813593e-05,0.07222222222222222,0.8190000000000002,0.1072,-0.05288216471672058,-0.09906432074904253,-8.051523742813593e-05,-0.028980536224207487,537,0.4748603351955307,10.371264920093967,13.368568520770785,CAM_FRONT,car,5,scene-1100,7
bus,False,0.8531847133757962,False,,0.0,1.0,0.0,0.0,0.0,0.0,0.0,0.0,0.12999640843508686,,,,0.46873122453689575,-0.01998786677800829,0.12999640843508686,,0,,,,CAM_FRONT,bus,0,scene-1100,7
car,False,0.2725563909774436,True,0.22745098039215686,0.0,1.0,0.0,0.0,0.0,0.0,0.0,0.0,-0.9962057158654534,,,,0.4001227915287018,-1.0091285116461535,-0.9962057158654534,,0,,,,CAM_FRONT_LEFT,car,0,scene-1100,7
car,True,0.9395933014354066,True,0.7334647507392229,0.022,0.9731,0.020464159140276668,0.17900000000000005,0.026838432635534086,0.40000000000000013,0.026838432635534086,0.40000000000000013,-0.030607385212656713,0.03432191590086327,0.49300000000000005,0.02955,0.02824464440345764,-0.09245893322132706,-0.030607385212656713,-0.3394876493655876,173,0.19075144508670516,14.202738284618093,21.939911855,CAM_FRONT_LEFT,car,1,scene-1100,7
car,False,0.45,False,,0.0,1.0,0.0,0.0,0.0,0.0,0.0,0.0,-0.03289650885409223,,,,0.46829983592033386,-0.17582698131105412,-0.03289650885409223,,0,,,,CAM_FRONT_LEFT,car,2,scene-1100,7
bus,True,0.7903107861060329,False,,0.0,1.0,0.0,0.0,0.0,0.0,0.0,0.0,0.3814697614067786,0.0,0.0,0.0,0.5104918479919434,0.2464229612344443,0.3814697614067786,-0.8272996801416328,0,,0.1532646129242976,75.54032262183269,CAM_FRONT_LEFT,bus,0,scene-1100,7
car,True,0.9725400457665904,True,0.6975074366601702,0.01355,0.98625,0.01054006156142151,0.11300000000000003,0.016493055555555556,0.2850000000000001,0.016493055555555556,0.2850000000000001,-0.12466693764056802,0.01581737346101231,0.18500000000000003,0.01015,-0.22619153559207916,-0.21342499508143112,-0.12466693764056802,-0.17944602619193184,82,0.1707317073170732,5.859942309637993,29.098984921741714,CAM_FRONT_RIGHT,car,0,scene-1100,7
car,True,0.5288733465105672,False,,0.101,0.88115,0.07609081234480312,0.8580000000000003,0.10926773455377574,1.9100000000000004,0.10926773455377574,1.9100000000000004,0.49884977419031484,0.16038602941176472,1.7450000000000006,0.2686,-0.25512057542800903,0.4587155823919722,0.49884977419031484,-0.06241756156419809,831,1.0,7.059086784529174,8.022267932852568,CAM_FRONT_RIGHT,car,1,scene-1100,7
car,False,0.5762281197063805,False,,0.00095,0.9976,0.0009129085265656381,0.005000000000000001,0.009960384833050367,0.08800000000000002,0.009960384833050367,0.08800000000000002,0.20146372225471532,,,,-0.29103291034698486,0.11206929206421234,0.20146372225471532,,0,,,,CAM_FRONT_RIGHT,car,2,scene-1100,7
car,True,0.9698767685988133,False,,0.49355,0.50355,0.46055045871559636,0.25100000000000006,0.5064102564102564,0.31600000000000006,0.5064102564102564,0.31600000000000006,-0.9426453673620713,0.01263456937799043,0.16900000000000004,0.0,-0.20119476318359375,-0.9613329091198218,-0.9426453673620713,0.5559172454165608,2752,0.10574127906976749,0.005383565513730523,23.53216655730321,CAM_FRONT_RIGHT,car,3,scene-1100,7
bus,True,0.9986702794921973,False,,0.02315,0.97485,0.023006443817962144,0.45700000000000013,0.014110576923076924,1.1740000000000004,0.014110576923076924,1.1740000000000004,0.5192488414125975,0.009265703539667476,1.3180000000000005,0.0036,-0.33983585238456726,0.36769449337566074,0.5192488414125975,0.06646040696950384,188,0.18617021276595747,0.0,26.804061016856284,CAM_FRONT_RIGHT,bus,0,scene-1100,7
car,True,0.967144631365022,False,,0.0696,0.9289,0.043621128727511706,0.5310000000000001,0.06260869565217392,1.2240000000000004,0.06260869565217392,1.2240000000000004,-0.10470378632474531,0.06884191176470589,0.7490000000000002,0.11385,-0.3572418987751007,-0.14658830352019428,-0.10470378632474531,-0.2241074692681816,450,0.6622222222222223,9.806658086893751,11.803248365261059,CAM_BACK,car,0,scene-1100,7
car,False,0.7370689655172413,False,,0.39895,0.51915,0.43902439024390244,0.018000000000000006,0.05555555555555555,0.0010000000000000002,0.05555555555555555,0.0010000000000000002,-1.3234420800701594,,,,-0.038032643496990204,-1.3244103196527641,-1.3234420800701594,,0,,,,CAM_BACK,car,1,scene-1100,7
car,True,0.9598979407747223,False,,0.12575,0.8641,0.06856315475683503,0.8050000000000003,0.10738803530565544,1.9710000000000003,0.10738803530565544,1.9710000000000003,0.506696951263597,0.08482825754415241,1.2200000000000002,0.14275,-0.05340481549501419,0.42928740976395857,0.506696951263597,-0.03818416181227924,1046,0.5793499043977055,0.0,5.843534598605998,CAM_BACK,car,2,scene-1100,7
car,True,0.43786154485991907,False,,0.06205,0.93505,0.039911566208983014,0.3430000000000001,0.042401528512639626,0.5770000000000002,0.042401528512639626,0.5770000000000002,0.33856437925810257,0.06884191176470589,0.7490000000000002,0.0735,-0.3202641010284424,0.30272554486376113,0.33856437925810257,-0.18712967152152327,612,0.9411764705882353,9.806658086893751,11.803248365261059,CAM_BACK_RIGHT,car,0,scene-1100,7
car,True,0.9790161399921451,False,,0.23255,0.73945,0.13598135576046205,1.3420000000000003,0.21502525252525254,3.406000000000001,0.21502525252525254,3.406000000000001,-0.06500155211690761,0.16038602941176472,1.7450000000000006,0.2727,-0.24636699259281158,-0.14101561317886432,-0.06500155211690761,-0.05366397872900064,1109,0.521190261496844,7.059086784529174,8.022267932852568,CAM_BACK_RIGHT,car,1,scene-1100,7
car,True,0.9569515481493703,True,0.8558850474357634,0.17585,0.8031,0.11686537506209638,0.9410000000000002,0.18609756097560975,2.2890000000000006,0.18609756097560975,2.2890000000000006,-0.027013173273234825,0.1357142857142857,1.5390000000000004,0.17145,-0.03857716917991638,-0.11695512220879926,-0.027013173273234825,0.006436732161601677,1404,0.37037037037037035,10.193719235851743,8.691916052398659,CAM_FRONT,car,0,scene-1100,8
car,False,0.6472527472527473,False,,0.01195,0.988,0.01263157894736842,0.024000000000000004,0.026048026048026047,0.06400000000000002,0.026048026048026047,0.06400000000000002,-0.47392156301625876,,,,0.1164388358592987,-0.5161921536559401,-0.47392156301625876,,0,,,,CAM_FRONT,car,1,scene-1100,8
car,True,0.7228956228956229,False,,0.0,1.0,0.0,0.0,0.0017173524150268335,0.024000000000000004,0.0017173524150268335,0.024000000000000004,-0.49297397682014144,7.371369600471768e-05,0.0010000000000000002,0.0,0.4738081097602844,-0.529442653253821,-0.49297397682014144,-0.25581504891356843,0,,0.07800791580159622,55.56045998347827,CAM_FRONT,car,2,scene-1100,8
car,False,0.7003386004514672,True,0.5799065420560747,0.0073,0.9927,0.006346328195829556,0.014000000000000002,0.0125,0.06300000000000001,0.0125,0.06300000000000001,-0.35356079287637265,,,,0.30951136350631714,-0.35712962806500326,-0.35356079287637265,,0,,,,CAM_FRONT,car,3,scene-1100,8
car,False,0.5742690058479533,True,0.5689455388180765,0.0,1.0,0.0,0.0,0.0,0.0,0.0,0.0,-0.7151392012541673,,,,0.6013496518135071,-0.728277592628106,-0.7151392012541673,,0,,,,CAM_FRONT,car,4,scene-1100,8
car,False,0.9421104054714216,True,0.7941115915173975,0.0,1.0,0.0,0.0,0.0,0.0,0.0,0.0,1.3837178833399704,,,,0.4830973744392395,1.213455517342351,1.3837178833399704,,0,,,,CAM_FRONT,car,5,scene-1100,8
bus,False,0.7867564534231201,False,,0.0,1.0,0.0,0.0,0.0,0.0,0.0,0.0,0.3961416000389608,,,,0.6480786204338074,0.2697225240746223,0.3961416000389608,,0,,,,CAM_FRONT,bus,0,scene-1100,8
car,True,0.9333413693346191,False,,0.01225,0.98775,0.014077270859021784,0.13700000000000004,0.012991252121686904,0.19900000000000004,0.012991252121686904,0.19900000000000004,-0.18058332064116522,0.0013227513227513227,0.019000000000000003,0.00235,0.04223296046257019,-0.25848103974393616,-0.18058332064116522,-0.4090583367919276,21,0.0,13.370051847275002,28.726715463314616,CAM_FRONT_LEFT,car,0,scene-1100,8
car,False,0.36203703703703705,True,0.34786476868327404,0.0,1.0,0.0,0.0,0.0,0.0,0.0,0.0,-1.4415109846743608,,,,0.20967093110084534,-1.4524839180844813,-1.4415109846743608,,0,,,,CAM_FRONT_LEFT,car,1,scene-1100,8
car,True,0.32395498392282956,False,,0.00225,0.99775,0.0019796380090497737,0.014000000000000004,0.0031653129479216435,0.05300000000000001,0.0031653129479216435,0.05300000000000001,-0.8953696827247177,7.371369600471768e-05,0.0010000000000000002,0.0,0.21674659848213196,-0.946863552206519,-0.8953696827247177,-0.5128765601917209,0,,0.07800791580159622,55.56045998347827,CAM_FRONT_LEFT,car,2,scene-1100,8
bus,True,0.6017339974174507,False,,0.0,1.0,0.0,0.0,0.0,0.0,0.0,0.0,0.6406689004703345,0.0,0.0,0.0,0.2830718457698822,0.5189526036606428,0.6406689004703345,-1.0554950561648089,0,,0.15335090947605975,75.6030358025288,CAM_FRONT_LEFT,bus,0,scene-1100,8
car,True,0.9502183406113537,False,,0.0347,0.96385,0.024698692921405533,0.2910000000000001,0.027265725288831835,0.5310000000000001,0.027265725288831835,0.5310000000000001,0.5472504764974424,0.011288875598086124,0.15100000000000002,0.026,-0.5412991046905518,0.49064258825783424,0.5472504764974424,0.2274699694665483,302,0.1887417218543046,0.004473325129056071,23.53266638542227,CAM_FRONT_RIGHT,car,0,scene-1100,8
car,True,0.9680649059209391,True,0.7672732247913532,0.00895,0.99105,0.009161304395244848,0.08400000000000003,0.007197414806110458,0.09800000000000002,0.007197414806110458,0.09800000000000002,-0.14456500692313545,0.003847469220246238,0.04500000000000001,0.00215,-0.2019605189561844,-0.22595105040657135,-0.14456500692313545,-0.16597749169488452,57,0.0,5.757864554556965,31.902361307580914,CAM_FRONT_RIGHT,car,1,scene-1100,8
car,True,0.9918244406196214,False,,0.00805,0.98965,0.008739076154806492,0.007000000000000002,0.006127450980392157,0.010000000000000002,0.006127450980392157,0.010000000000000002,0.09538684874918513,0.00340968700821822,0.039000000000000014,0.0,-0.47371208667755127,0.07690880392032395,0.09538684874918513,0.12425589145581206,31,0.12903225806451613,0.0053865967623048,31.45018541058921,CAM_FRONT_RIGHT,car,2,scene-1100,8
bus,True,0.9843852314511661,False,,0.0287,0.96985,0.02840512223515716,0.6100000000000001,0.02103448275862069,1.5860000000000005,0.02103448275862069,1.5860000000000005,0.29636332098875706,0.009757812225385779,1.3880000000000003,0.0047,-0.5378925800323486,0.08980462604519923,0.29636332098875706,-0.1331938788777165,264,0.0757575757575758,0.013605087240532185,26.80387186735697,CAM_FRONT_RIGHT,bus,0,scene-1100,8
car,True,0.9387513949977023,True,0.73559670781893,0.02495,0.97355,0.019899968074917528,0.18700000000000006,0.028938028938028937,0.42400000000000004,0.028938028938028937,0.42400000000000004,-0.2227461912919102,0.032536764705882355,0.3540000000000001,0.02605,-0.3556419610977173,-0.2865553189001662,-0.2227461912919102,-0.17639084153628337,176,0.25568181818181823,9.969179158401925,16.446920776953203,CAM_BACK,car,0,scene-1100,8
car,True,0.9748483478231194,True,0.8114954937039693,0.10885,0.8827,0.11075949367088607,0.56,0.099731963368327,1.7860000000000005,0.099731963368327,1.7860000000000005,0.33198195489963644,0.08413294395772493,1.2100000000000002,0.13525,-0.05773565173149109,0.26064274828530654,0.33198195489963644,-0.04256499641871725,724,0.6298342541436464,0.0,5.84332177304632,CAM_BACK,car,1,scene-1100,8
car,True,0.8217054263565892,False,,0.05255,0.94745,0.03609625668449198,0.027000000000000007,0.02815934065934066,0.041000000000000016,0.02815934065934066,0.041000000000000016,-0.09547342886407373,0.011288875598086124,0.15100000000000002,0.00665,-0.5287768840789795,-0.11786855345833658,-0.09547342886407373,0.23999219007812056,351,0.8632478632478633,0.004473325129056071,23.53266638542227,CAM_BACK_RIGHT,car,0,scene-1100,8
car,True,0.9903123158515027,True,0.833900659951372,0.1446,0.83575,0.08479703356752537,0.8690000000000002,0.16011111111111112,2.8820000000000006,0.16011111111111112,2.8820000000000006,-0.05637089656086025,0.13419117647058823,1.4600000000000002,0.2133,-0.3402837812900543,-0.1261996784700055,-0.05637089656086025,-0.11164092610048826,907,0.340683572216097,7.464989895166567,9.47033262748514,CAM_BACK_RIGHT,car,1,scene-1100,8
car,False,0.746384872080089,True,0.6853932584269663,0.0,1.0,0.0009104151493080845,0.005000000000000001,0.0008264462809917355,0.006000000000000001,0.0008264462809917355,0.006000000000000001,-0.4887955781117663,,,,0.23628751933574677,-0.4986935061057005,-0.4887955781117663,,0,,,,CAM_FRONT,car,0,scene-1100,9
car,False,0.5524324324324325,True,0.4312236286919831,0.0,1.0,0.0,0.0,0.0,0.0,0.0,0.0,-0.4072312014032904,,,,0.4419923424720764,-0.4727546896826118,-0.4072312014032904,,0,,,,CAM_FRONT,car,1,scene-1100,9
car,True,0.5022788027520926,False,,0.0119,0.9575,0.013157894736842105,0.023000000000000003,0.031118881118881118,0.08900000000000002,0.031118881118881118,0.08900000000000002,-0.016571278701267955,0.2462962962962963,2.7930000000000006,0.06125,-0.08224957436323166,-0.09008543836317948,-0.016571278701267955,-0.019441956088918744,11,1.0,10.016886243099883,5.095545079440057,CAM_FRONT,car,2,scene-1100,9
car,False,0.8480845442536328,False,,0.01395,0.98605,0.01591187270501836,0.026000000000000006,0.01473922902494331,0.026000000000000006,0.01473922902494331,0.026000000000000006,-0.1896902487350698,,,,0.10412158071994781,-0.20765002509096075,-0.1896902487350698,,99,1.0,,,CAM_FRONT,car,3,scene-1100,9
car,True,0.6376759292674125,False,,0.0042,0.9954,0.006787570261957789,0.06400000000000002,0.004723084886128364,0.07300000000000001,0.004723084886128364,0.07300000000000001,-0.11105204767487942,0.0005159958720330237,0.007000000000000001,0.0,0.28558558225631714,-0.1909316760681642,-0.11105204767487942,-0.42864838295441254,26,0.0,0.19067012396653416,55.59992931367257,CAM_FRONT,car,4,scene-1100,9
car,True,0.9423387821088558,True,0.8119486147655162,0.02425,0.97395,0.013979903888160769,0.09600000000000003,0.015479876160990712,0.16500000000000004,0.015479876160990712,0.16500000000000004,-0.08092764608921343,0.0018106995884773663,0.022000000000000006,0.0008,0.025297269225120544,-0.1900086892377769,-0.08092764608921343,-0.1782496475820805,159,0.018867924528301883,10.456700088417028,33.809519166921426,CAM_FRONT,car,5,scene-1100,9
bus,False,0.8268829291793801,False,,0.0,1.0,0.0,0.0,0.0,0.0,0.0,0.0,0.3734888672839727,,,,0.4305415153503418,0.19166985739944556,0.3734888672839727,,0,,,,CAM_FRONT,bus,0,scene-1100,9
car,False,0.48395967002749773,True,0.4524421593830334,0.0,1.0,0.0,0.0,0.0,0.0,0.0,0.0,-0.9712085138865647,,,,0.4632854461669922,-1.056420818217061,-0.9712085138865647,,0,,,,CAM_FRONT_LEFT,car,0,scene-1100,9
car,True,0.9466444351813256,True,0.8587634713556438,0.0,1.0,0.0,0.0,0.0,0.0,0.0,0.0,-0.3435264837264218,0.003132832080200501,0.045000000000000005,0.0,0.15807175636291504,-0.37750819495543964,-0.3435264837264218,-0.3487396365428339,0,,13.131596020420082,35.292593021355145,CAM_FRONT_LEFT,car,1,scene-1100,9
car,True,0.7477124183006536,False,,0.00185,0.99815,0.003621662595805609,0.04300000000000001,0.002087791638394488,0.040000000000000015,0.002087791638394488,0.040000000000000015,0.06239382081512179,0.0005159958720330237,0.007000000000000001,0.0,0.32377147674560547,-0.019297568719040925,0.06239382081512179,-0.3904624884651242,19,0.26315789473684215,0.19067012396653416,55.59992931367257,CAM_FRONT_LEFT,car,2,scene-1100,9
bus,False,0.5836114200964034,False,,0.0,1.0,0.0,0.0,0.0,0.0,0.0,0.0,1.2671951563622157,,,,0.4664505124092102,1.0603670818579525,1.2671951563622157,,0,,,,CAM_FRONT_LEFT,bus,0,scene-1100,9
car,True,0.9667161496991953,True,0.6401593543046358,0.0428,0.9561,0.039616470938011,0.5330000000000001,0.035724539600508594,0.8710000000000003,0.035724539600508594,0.8710000000000003,0.5133047268342259,0.019886363636363636,0.26600000000000007,0.0373,-0.574034571647644,0.41223433723538283,0.5133047268342259,0.2167220792848561,308,0.3116883116883117,0.011626779844141686,23.533294814234164,CAM_FRONT_RIGHT,car,0,scene-1100,9
car,True,1.0,False,,0.4628,0.508,0.3429929962089571,5.338000000000001,0.4213217338217338,11.042000000000002,0.4213217338217338,11.042000000000002,0.26764375223154535,0.2462962962962963,2.7930000000000006,0.49345,-0.033625513315200806,0.21275232989629791,0.26764375223154535,0.02918210495911211,5314,0.8330824237862251,10.016886243099883,5.095545079440057,CAM_FRONT_RIGHT,car,1,scene-1100,9
car,True,0.9918437432925521,True,0.7309395760835179,0.0032,0.9968,0.0036447343180510262,0.038000000000000006,0.004502923976608187,0.07700000000000003,0.004502923976608187,0.07700000000000003,-0.15219906749750045,0.003590971272229822,0.04200000000000001,0.00475,-0.2935195565223694,-0.25093086798933323,-0.15219906749750045,-0.29961523877364193,31,0.0,5.65538434020951,34.63251163830481,CAM_FRONT_RIGHT,car,2,scene-1100,9
bus,True,0.9312913907284768,False,,0.0239,0.97535,0.01950192125275326,1.2130000000000003,0.019375,1.6120000000000003,0.019375,1.6120000000000003,0.4576893106437767,0.00856269113149847,1.2180000000000002,0.0011,-0.5446509122848511,0.28480202637957375,0.4576893106437767,-0.1280837218673585,230,0.30000000000000004,0.027790471986335913,26.80516461639949,CAM_FRONT_RIGHT,bus,0,scene-1100,9
car,True,0.7419644864014385,True,0.5028945764777575,0.04195,0.9571,0.052731491246572455,0.2500000000000001,0.03698791629826113,0.25100000000000006,0.03698791629826113,0.25100000000000006,-0.4095405010085249,0.0058823529411764705,0.06400000000000002,0.00195,-0.44621211290359497,-0.45726805480563093,-0.4095405010085249,-0.21926994523243382,467,0.062098501070663836,10.131730099746184,21.3768092950543,CAM_BACK,car,0,scene-1100,9
car,True,0.9792117651101261,True,0.7969685105430953,0.11155,0.8791,0.0623055578911965,0.7410000000000002,0.09352927773980406,1.6420000000000006,0.09352927773980406,1.6420000000000006,0.33403574238634814,0.08225559727437075,1.1830000000000003,0.14485,-0.05603717267513275,0.26550657603009303,0.33403574238634814,-0.043428307706310676,711,0.6483825597749648,0.0,5.842398109933235,CAM_BACK,car,1,scene-1100,9
car,True,0.9850445200594959,True,0.8473402856892472,0.10495,0.87895,0.059096056831051166,0.5740000000000002,0.10323691460055097,1.4990000000000003,0.10323691460055097,1.4990000000000003,-0.08866597128737919,0.11277573529411765,1.2270000000000003,0.1127,-0.36872509121894836,-0.1315804682891973,-0.08866597128737919,-0.0886287071148062,612,0.4068627450980392,7.906762182419044,12.093849871802487,CAM_BACK_RIGHT,car,0,scene-1100,9
car,True,0.9959327548806941,False,,0.05385,0.94615,0.04964539007092199,0.03500000000000001,0.05555555555555555,0.06000000000000001,0.05555555555555555,0.06000000000000001,0.06482095521616804,0.019886363636363636,0.26600000000000007,0.001,-0.5219676494598389,0.04996516767843462,0.06482095521616804,0.26878900147266127,405,0.6,0.011626779844141686,23.533294814234164,CAM_BACK_RIGHT,car,1,scene-1100,9
car,False,0.5110663983903421,True,0.4715930189379874,0.0,1.0,0.000988793671720501,0.003000000000000001,0.001644736842105263,0.009000000000000001,0.001644736842105263,0.009000000000000001,-0.16714317453900973,,,,0.17848524451255798,-0.2462229156407128,-0.16714317453900973,,0,,,,CAM_FRONT,car,0,scene-1100,10
car,True,0.789051094890511,False,,0.00545,0.9942,0.004137688176776125,0.047000000000000014,0.002896613190730838,0.05200000000000002,0.002896613190730838,0.05200000000000002,-0.07586822117086711,0.0008845643520566122,0.012000000000000004,0.001,0.30405640602111816,-0.1620016949069631,-0.07586822117086711,-0.3793151125524059,74,0.0,0.6606592729364122,55.655695576524565,CAM_FRONT,car,1,scene-1100,10
car,False,0.8580375782881002,True,0.7806267806267806,0.0,1.0,0.0,0.0,0.0,0.0,0.0,0.0,-0.9013771775301977,,,,0.4337078332901001,-0.9478030478766808,-0.9013771775301977,,0,,,,CAM_FRONT,car,2,scene-1100,10
car,True,0.9508722958827635,True,0.8179853523832393,0.03675,0.96325,0.022103498847684894,0.21100000000000005,0.019798136645962732,0.30600000000000005,0.019798136645962732,0.30600000000000005,-0.02966291691872125,0.009547325102880658,0.116,0.02435,0.02745022624731064,-0.10826573703280434,-0.02966291691872125,-0.1087987872606524,119,0.23529411764705888,10.45672616804378,29.264167898096222,CAM_FRONT,car,3,scene-1100,10
bus,False,0.8030401034928849,False,,0.0,1.0,0.0,0.0,0.0,0.0,0.0,0.0,0.2467256548888912,,,,0.4413807988166809,0.08488403084821894,0.2467256548888912,,0,,,,CAM_FRONT,bus,0,scene-1100,10
car,False,0.378698224852071,False,,0.0,1.0,0.0,0.0,0.0,0.0,0.0,0.0,-0.7000030891619242,,,,0.39929455518722534,-0.7038702945045092,-0.7000030891619242,,0,,,,CAM_FRONT_LEFT,car,0,scene-1100,10
car,False,0.3683602771362587,True,0.2721843003412969,0.0,1.0,0.0,0.0,0.0,0.0,0.0,0.0,-0.7528436630756756,,,,0.5672123432159424,-0.7738241776803372,-0.7528436630756756,,0,,,,CAM_FRONT_LEFT,car,1,scene-1100,10
car,False,0.6586158848118904,False,,0.01065,0.98935,0.002560819462227913,0.018000000000000002,0.013662204291215844,0.14900000000000002,0.013662204291215844,0.14900000000000002,-0.36476688290916437,,,,0.4097435176372528,-0.42539662280501445,-0.36476688290916437,,135,0.007407407407407418,,,CAM_FRONT_LEFT,car,2,scene-1100,10
car,True,0.790133779264214,False,,0.0108,0.9887,0.020827222059254913,0.14200000000000002,0.011153552330022918,0.14600000000000002,0.011153552330022918,0.14600000000000002,0.008106554932632792,0.0010442773600668337,0.015000000000000001,0.0,0.27359017729759216,-0.06443219951580037,0.008106554932632792,-0.25282747187321886,76,0.09210526315789469,13.008883714988384,41.21735596505415,CAM_FRONT_LEFT,car,3,scene-1100,10
bus,False,0.5813333333333334,False,,0.0,1.0,0.0,0.0,0.0,0.0,0.0,0.0,1.1088701970787866,,,,0.6105093955993652,0.938469136069645,1.1088701970787866,,0,,,,CAM_FRONT_LEFT,bus,0,scene-1100,10
car,True,0.9624016077708927,False,,0.05585,0.9436,0.03646116769027443,0.46900000000000014,0.04523809523809524,1.1400000000000003,0.04523809523809524,1.1400000000000003,0.23147584326146653,0.01839114832535885,0.24600000000000005,0.04515,-0.5432388186454773,0.1352059010826745,0.23147584326146653,0.23611992409200588,413,0.5520581113801453,0.028422848769997684,23.526804546652592,CAM_FRONT_RIGHT,car,0,scene-1100,10
car,True,0.805940594059406,True,0.7739481816020918,0.0,1.0,0.0,0.0,0.0005087209302325581,0.007000000000000002,0.0005087209302325581,0.007000000000000002,-0.025820353460442647,0.0008549931600547196,0.010000000000000002,0.0,-0.06219401955604553,-0.08830987481173629,-0.025820353460442647,-0.12638919459996045,0,,5.655523931495579,37.106230195293,CAM_FRONT_RIGHT,car,1,scene-1100,10
car,False,0.9081589064502349,False,,0.0026,0.99725,0.004343105320304018,0.004000000000000001,0.003409090909090909,0.009000000000000001,0.003409090909090909,0.009000000000000001,0.021931777026221955,,,,-0.48447516560554504,0.002543517079367452,0.021931777026221955,,10,0.8,,,CAM_FRONT_RIGHT,car,2,scene-1100,10
bus,True,0.9592222591277243,False,,0.02255,0.97465,0.02091520391232207,0.4790000000000001,0.014592760180995475,1.1610000000000003,0.014592760180995475,1.1610000000000003,0.46042256060877484,0.008808745474357622,1.2530000000000003,0.00365,-0.48066920042037964,0.327545411492302,0.46042256060877484,-0.07149680606384079,192,0.15625,0.026962226941594305,26.808636636633135,CAM_FRONT_RIGHT,bus,0,scene-1100,10
car,True,0.8522652659225214,False,,0.1066,0.88345,0.11072664359861592,0.03200000000000001,0.1,0.02700000000000001,0.1,0.02700000000000001,-0.22799015263407263,0.07233455882352942,0.7870000000000003,0.0,-0.3919611871242523,-0.2584972689106122,-0.22799015263407263,-0.06603905603296967,660,0.7454545454545455,8.059430823474282,15.018002824092813,CAM_BACK,car,0,scene-1100,10
car,True,0.9482136918202664,True,0.7147022541213413,0.13415,0.8517,0.07942104286509556,0.8560000000000001,0.10681818181818181,1.7390000000000003,0.10681818181818181,1.7390000000000003,0.308076176372709,0.09421499096092338,1.3550000000000004,0.1308,-0.09117189049720764,0.23211265914510393,0.308076176372709,-0.08299287441087999,1030,0.49417475728155336,0.0,5.834107372393659,CAM_BACK,car,1,scene-1100,10
car,True,0.8438851749901691,True,0.700163132137031,0.0,1.0,0.0,0.0,0.00042517006802721087,0.0010000000000000002,0.00042517006802721087,0.0010000000000000002,-0.4103495589357382,0.0006433823529411765,0.007000000000000002,0.0,-0.4050450026988983,-0.4170472547032825,-0.4103495589357382,-0.1505388424225822,0,,10.131630803167276,25.853505026913286,CAM_BACK,car,2,scene-1100,10
car,True,0.9408605255558764,True,0.7363330244751294,0.08105,0.90645,0.043706293706293704,0.4500000000000001,0.06854219948849105,1.2060000000000002,0.06854219948849105,1.2060000000000002,0.07570952165402423,0.07233455882352942,0.7870000000000003,0.12685,-0.4178520143032074,0.018708638721528392,0.07570952165402423,-0.09192988321192475,638,0.6410658307210031,8.059430823474282,15.018002824092813,CAM_BACK_RIGHT,car,0,scene-1100,10
car,True,0.9719080627508209,False,,0.08885,0.91115,0.09284332688588008,0.048000000000000015,0.07321428571428572,0.041000000000000016,0.07321428571428572,0.041000000000000016,0.088047505176025,0.01839114832535885,0.24600000000000005,0.0011,-0.49375808238983154,0.06582228509714938,0.088047505176025,0.28560066034765164,654,0.7660550458715596,0.028422848769997684,23.526804546652592,CAM_BACK_RIGHT,car,1,scene-1100,10
car,True,0.9992583367151313,False,,0.2973,0.66035,0.21492250720065834,1.5670000000000004,0.30547619047619046,3.8490000000000006,0.30547619047619046,3.8490000000000006,-0.0786450411759112,0.24717813051146384,2.803000000000001,0.31515,-0.1123853325843811,-0.16813486731960361,-0.0786450411759112,-0.03998236191300364,2178,0.43250688705234164,10.264423038967063,4.824661976893877,CAM_BACK_RIGHT,car,2,scene-1100,10
car,False,0.7869692532942899,True,0.6370370370370371,0.002,0.998,0.0012004801920768306,0.007000000000000001,0.00078125,0.007000000000000003,0.00078125,0.007000000000000003,-0.34593568721419743,,,,0.25553098320961,-0.40885632742730904,-0.34593568721419743,,0,,,,CAM_FRONT,car,0,scene-1100,11
car,False,0.8466297622924129,False,,0.0,1.0,0.0,0.0,0.0,0.0,0.0,0.0,0.0927286712497053,,,,0.6326017379760742,0.02075640264072276,0.0927286712497053,,0,,,,CAM_FRONT,car,1,scene-1100,11
car,False,0.3872017353579176,True,0.29214402618657936,0.0,1.0,0.0,0.0,0.0,0.0,0.0,0.0,-0.5233774366853576,,,,0.6744751930236816,-0.5454777642646604,-0.5233774366853576,,0,,,,CAM_FRONT,car,2,scene-1100,11
car,True,0.9178906388249868,True,0.7824709609292503,0.0356,0.96405,0.021614084016036254,0.12400000000000001,0.05796055796055796,0.48200000000000015,0.05796055796055796,0.48200000000000015,-0.18325895007748527,0.01596707818930041,0.19400000000000003,0.00615,0.012025810778141022,-0.2842283469476637,-0.18325895007748527,-0.10346384612556292,161,0.2919254658385093,10.455909049187591,24.207783950303806,CAM_FRONT,car,3,scene-1100,11
bus,False,0.8137535816618912,False,,0.0,1.0,0.0,0.0,0.0,0.0,0.0,0.0,0.3360985738609781,,,,0.7025488615036011,0.16633376441838488,0.3360985738609781,,0,,,,CAM_FRONT,bus,0,scene-1100,11
car,False,0.0,False,,0.0,1.0,0.0,0.0,0.0,0.0,0.0,0.0,0.0023586852601402697,,,,0.5399951338768005,-0.0028511725032187574,0.0023586852601402697,,0,,,,CAM_FRONT_LEFT,car,0,scene-1100,11
car,False,0.15485996705107083,True,0.08089500860585198,0.0,1.0,0.0,0.0,0.0,0.0,0.0,0.0,-0.1813411365044919,,,,0.4810222387313843,-0.22627101511419523,-0.1813411365044919,,0,,,,CAM_FRONT_LEFT,car,1,scene-1100,11
car,False,0.0,False,,0.0,1.0,0.0,0.0,0.0,0.0,0.0,0.0,1.1090360354663575,,,,0.42028218507766724,0.9333894937268186,1.1090360354663575,,0,,,,CAM_FRONT_LEFT,car,2,scene-1100,11
car,True,0.9293257514216084,True,0.7020558453513348,0.0,1.0,0.0,0.0,0.0,0.0,0.0,0.0,-0.1501622240726158,0.0006961849067112225,0.010000000000000002,0.00025,0.2706594467163086,-0.23081351254661808,-0.1501622240726158,-0.38553635875149084,0,,12.872697030580412,47.6115490455072,CAM_FRONT_LEFT,car,3,scene-1100,11
bus,False,0.44660380989032133,False,,0.0,1.0,0.0,0.0,0.0,0.0,0.0,0.0,1.376596093835328,,,,0.5073177218437195,1.2899171761252883,1.376596093835328,,0,,,,CAM_FRONT_LEFT,bus,0,scene-1100,11
car,True,0.9752923735793115,False,,0.0391,0.95945,0.042950662621746766,0.2690000000000001,0.040858318636096416,0.8340000000000003,0.040858318636096416,0.8340000000000003,0.4358959332452237,0.018465909090909092,0.24700000000000008,0.0324,-0.5125846862792969,0.37458418615049205,0.4358959332452237,0.23717577211658414,322,0.3074534161490683,0.02902325013170893,23.502759182317053,CAM_FRONT_RIGHT,car,0,scene-1100,11
car,True,0.9140127388535032,True,0.7353831819240624,0.0012,0.9988,0.0007281332483844543,0.008000000000000002,0.000445632798573975,0.008000000000000002,0.000445632798573975,0.008000000000000002,-0.033314772374798185,0.0006839945280437756,0.008000000000000002,0.0017,-0.13619552552700043,-0.10387024578892237,-0.033314772374798185,-0.3177905746641092,11,0.09090909090909094,5.358920863666857,39.831807617404365,CAM_FRONT_RIGHT,car,1,scene-1100,11
car,False,0.59958071278826,False,,0.0019,0.99585,0.0014932802389248383,0.006000000000000001,0.0021929824561403508,0.015000000000000003,0.0021929824561403508,0.015000000000000003,0.2577624013103619,,,,-0.445564329624176,0.24322709823029676,0.2577624013103619,,0,,,,CAM_FRONT_RIGHT,car,2,scene-1100,11
bus,True,0.7679251105853308,False,,0.0167,0.9824,0.018024456090201684,0.6810000000000003,0.018539107950872658,4.302000000000001,0.018539107950872658,4.302000000000001,0.9700309280974011,0.0061724489437238565,0.8780000000000002,0.00195,-0.4477962851524353,0.8077153753880284,0.9700309280974011,-0.07275982310851004,124,0.3306451612903226,0.02642192380927003,26.786861550875834,CAM_FRONT_RIGHT,bus,0,scene-1100,11
car,True,0.9948586812652507,True,0.798136309459313,0.1457,0.83785,0.0846774193548387,0.9660000000000002,0.11955741626794258,1.9990000000000003,0.11955741626794258,1.9990000000000003,0.20857747627361678,0.09630093172020582,1.3850000000000005,0.15215,-0.1031644195318222,0.14361831088179453,0.20857747627361678,-0.08570962401930082,990,0.5828282828282828,0.0,5.883148870972332,CAM_BACK,car,0,scene-1100,11
car,True,0.9973599810248636,False,,0.1492,0.83785,0.06709203402938901,0.6940000000000002,0.125,2.0680000000000005,0.125,2.0680000000000005,0.04915832480292792,0.17354497354497356,1.9680000000000006,0.2505,-0.2148939073085785,-0.030245500610865006,0.04915832480292792,-0.11539489501795641,1107,0.49683830171635046,10.487806966436501,8.401314426880838,CAM_BACK_RIGHT,car,0,scene-1100,11
car,False,0.8482263134261339,False,,0.1071,0.8929,0.07987220447284345,0.025000000000000005,0.07575757575757576,0.03500000000000001,0.07575757575757576,0.03500000000000001,-0.0609975940536755,,,,-0.5027614831924438,-0.07827547775199017,-0.0609975940536755,,692,0.9508670520231214,,,CAM_BACK_RIGHT,car,1,scene-1100,11
car,False,0.8016241299303944,True,0.6576255055912443,0.005,0.995,0.0026689141733389522,0.019000000000000006,0.0020539152759948653,0.024000000000000007,0.0020539152759948653,0.024000000000000007,-0.16953645435982623,,,,0.13695918023586273,-0.25029398945673437,-0.16953645435982623,,0,,,,CAM_FRONT,car,0,scene-1100,12
car,False,0.9267624914442163,False,,0.0,1.0,0.0,0.0,0.0,0.0,0.0,0.0,1.0121249013308828,,,,0.5450085401535034,0.8720167141819839,1.0121249013308828,,0,,,,CAM_FRONT,car,1,scene-1100,12
car,False,0.5865384615384616,True,0.47843137254901963,0.0,1.0,0.0,0.0,0.0,0.0,0.0,0.0,-2.249544624793555,,,,0.44250619411468506,-2.300715749072848,-2.249544624793555,,0,,,,CAM_FRONT,car,2,scene-1100,12
car,False,0.24838709677419354,True,0.22254335260115607,0.0,1.0,0.0,0.0,0.0,0.0,0.0,0.0,-1.0308334709847737,,,,0.4040037989616394,-1.050640978710531,-1.0308334709847737,,0,,,,CAM_FRONT,car,3,scene-1100,12
car,True,0.8766679694042767,True,0.7065016872890889,0.05335,0.9433,0.03743504959848843,0.3170000000000001,0.06765151515151516,0.8930000000000002,0.06765151515151516,0.8930000000000002,-0.11902116346151392,0.04625514403292181,0.562,0.0395,-0.07521796226501465,-0.20039651354808968,-0.11902116346151392,-0.11867127124030818,364,0.4917582417582418,10.455919028723711,19.303733562394925,CAM_FRONT,car,4,scene-1100,12
bus,False,0.7997143310585622,False,,0.0,1.0,0.0,0.0,0.0,0.0,0.0,0.0,0.34797308359834656,,,,0.4583059549331665,0.21975337597553674,0.34797308359834656,,0,,,,CAM_FRONT,bus,0,scene-1100,12
car,False,0.5034246575342466,True,0.3983739837398374,0.0,1.0,0.0,0.0,0.0,0.0,0.0,0.0,-2.0251576586653606,,,,0.6166909337043762,-2.0644319600681413,-2.0251576586653606,,0,,,,CAM_FRONT_LEFT,car,0,scene-1100,12
car,False,0.0,False,,0.0,1.0,0.0,0.0,0.0,0.0,0.0,0.0,0.29529208653044337,,,,0.6738543510437012,0.28064051634822,0.29529208653044337,,0,,,,CAM_FRONT_LEFT,car,1,scene-1100,12
car,False,0.34782608695652173,True,0.25263157894736843,0.0,1.0,0.0,0.0,0.0,0.0,0.0,0.0,-0.6973195675378037,,,,0.6245743632316589,-0.717747755474675,-0.6973195675378037,,0,,,,CAM_FRONT_LEFT,car,2,scene-1100,12
car,False,0.0,True,0.0,0.0,1.0,0.0,0.0,0.00030864197530864197,0.11000000000000003,0.00030864197530864197,0.11000000000000003,3.33328336396272,,,,0.4475138783454895,3.1809386487877105,3.33328336396272,,0,,,,CAM_FRONT_LEFT,car,3,scene-1100,12
car,False,0.5969818020417221,True,0.5395106297633373,0.0,1.0,0.0,0.0,0.0,0.0,0.0,0.0,-0.6549605246052641,,,,0.4507290720939636,-0.6629508661162267,-0.6549605246052641,,0,,,,CAM_FRONT_LEFT,car,4,scene-1100,12
bus,False,0.7693199381761978,False,,0.0,1.0,0.0,0.0,0.0,0.0,0.0,0.0,0.3846229754275621,,,,0.7232380509376526,0.2658444300909465,0.3846229754275621,,0,,,,CAM_FRONT_LEFT,bus,0,scene-1100,12
car,True,0.9667909785118096,False,,0.04455,0.9532,0.033868289983397894,0.30600000000000005,0.035389957264957264,0.5300000000000001,0.035389957264957264,0.5300000000000001,0.20342746514425958,0.011513157894736841,0.15400000000000003,0.0207,-0.6133869886398315,0.12627920586777008,0.20342746514425958,0.16502298793162018,344,0.1308139534883721,0.029023277832654425,23.483681535461137,CAM_FRONT_RIGHT,car,0,scene-1100,12
car,False,0.6744791666666666,True,0.6179540709812108,0.00045,0.99955,0.0019213526322531063,0.015000000000000005,0.001142390860873113,0.014000000000000004,0.001142390860873113,0.014000000000000004,-0.39315863147009655,,,,-0.27282992005348206,-0.45802626215953607,-0.39315863147009655,,5,0.0,,,CAM_FRONT_RIGHT,car,1,scene-1100,12
car,True,0.9468377635197067,False,,0.0092,0.98845,0.009602194787379973,0.007000000000000003,0.007326007326007326,0.012000000000000002,0.007326007326007326,0.012000000000000002,-0.3142932110398371,0.0009617065920615492,0.011000000000000003,0.0,-0.5813498497009277,-0.35398304656668345,-0.3142932110398371,0.03724947817687818,60,0.0,0.006329631938928935,31.424936289748835,CAM_FRONT_RIGHT,car,2,scene-1100,12
motorcycle,True,0.6294447910168434,True,0.4757937755422823,0.03315,0.96315,0.03131115459882583,0.016000000000000004,0.04312865497076023,0.11800000000000002,0.04312865497076023,0.11800000000000002,0.01725421121757531,0.16018099547511314,0.17700000000000005,0.139,0.031143710017204285,-0.0016237658091954113,0.01725421121757531,-0.11982500922270689,345,0.35072463768115947,0.4950373131061326,19.511066679660463,CAM_FRONT_RIGHT,motorcycle,0,scene-1100,12
bus,True,0.664590197693575,False,,0.0209,0.97825,0.019694826625519694,0.9190000000000003,0.022006674245480216,6.001000000000001,0.022006674245480216,6.001000000000001,1.1431310649899675,0.0098843544588562,1.4060000000000004,0.00635,-0.5921176075935364,0.9670777838938449,1.1431310649899675,-0.1786911205477364,190,0.3526315789473684,0.027825194470654607,26.77802229367689,CAM_FRONT_RIGHT,bus,0,scene-1100,12
car,True,0.9724018580927225,False,,0.1096,0.889,0.05987288747652752,0.8290000000000003,0.10849056603773585,2.4840000000000004,0.10849056603773585,2.4840000000000004,-0.13131804634963617,0.05493827160493827,0.6230000000000002,0.13535,-0.3841002583503723,-0.18954635994908245,-0.13131804634963617,-0.2531678684560974,490,0.8285714285714285,10.32448499172096,13.115538074301316,CAM_BACK,car,0,scene-1100,12
car,False,0.8949532710280373,False,,0.4852,0.39115,0.47540983606557374,0.029000000000000005,0.4444444444444444,0.016000000000000004,0.4444444444444444,0.016000000000000004,-1.4006083684168562,,,,-0.07977010309696198,-1.4159773752360953,-1.4006083684168562,,1599,0.8686679174484052,,,CAM_BACK,car,1,scene-1100,12
car,True,0.9883275480656822,False,,0.11925,0.8665,0.0778110303548525,0.9100000000000001,0.10492139439507861,1.8420000000000005,0.10492139439507861,1.8420000000000005,0.2092310696448817,0.0883048254762898,1.2700000000000002,0.12415,-0.12367712706327438,0.14301271880306832,0.2092310696448817,-0.10826191925021023,825,0.6509090909090909,0.0,5.905028900386906,CAM_BACK,car,2,scene-1100,12
car,True,0.6794199860237596,False,,0.1799,0.8099,0.17111758005315783,1.3520000000000003,0.12611964694344557,1.9290000000000005,0.12611964694344557,1.9290000000000005,0.6071859883601327,0.05493827160493827,0.6230000000000002,0.10125,-0.2116052359342575,0.504986790324274,0.6071859883601327,-0.0806728460399826,2032,0.6855314960629921,10.32448499172096,13.115538074301316,CAM_BACK_RIGHT,car,0,scene-1100,12
car,True,0.5929160601649685,False,,0.0936,0.90195,0.07924528301886792,0.021000000000000005,0.0761904761904762,0.03200000000000001,0.0761904761904762,0.03200000000000001,-0.04335232895486074,0.011513157894736841,0.15400000000000003,0.0,-0.5723702311515808,-0.05532896536901033,-0.04335232895486074,0.2060397454198709,533,0.7485928705440901,0.029023277832654425,23.483681535461137,CAM_BACK_RIGHT,car,1,scene-1100,12
car,True,0.9167029979739953,True,0.7282413821204465,0.1425,0.8512,0.09294937487189998,0.9070000000000003,0.1422748447204969,2.1990000000000003,0.1422748447204969,2.1990000000000003,-0.08436043598992593,0.09045267489711935,1.0990000000000002,0.12905,-0.0735328197479248,-0.16749958231926154,-0.08436043598992593,-0.062425293822246486,966,0.412008281573499,10.418007631279938,14.654720939589142,CAM_FRONT,car,0,scene-1100,13
car,False,0.912311780336581,False,,0.00225,0.99775,0.005263157894736842,0.003000000000000001,0.006944444444444444,0.007000000000000001,0.006944444444444444,0.007000000000000001,-0.521838363701864,,,,0.2542405128479004,-0.5288898221341559,-0.521838363701864,,27,1.0,,,CAM_FRONT,car,1,scene-1100,13
car,True,0.8950695322376738,False,,0.0405,0.9595,0.022320862396956246,0.17600000000000005,0.018294573643410854,0.2360000000000001,0.018294573643410854,0.2360000000000001,-0.40280246702601774,0.0023588382721509656,0.03200000000000001,5e-05,0.23979777097702026,-0.4620918905883151,-0.40280246702601774,-0.4881749008059306,352,0.08238636363636365,0.6572378111252066,56.81165571277249,CAM_FRONT,car,2,scene-1100,13
car,False,0.5696969696969697,False,,0.0,1.0,0.0,0.0,0.0,0.0,0.0,0.0,-2.3518913116686573,,,,0.24251025915145874,-2.361515543066703,-2.3518913116686573,,0,,,,CAM_FRONT,car,3,scene-1100,13
car,False,0.40415486307837584,True,0.39158279963403475,0.0,1.0,0.0,0.0,0.0,0.0,0.0,0.0,-1.1110755472044143,,,,0.23803198337554932,-1.2392310199531047,-1.1110755472044143,,0,,,,CAM_FRONT,car,4,scene-1100,13
car,False,0.8543464533782361,True,0.6951532796711766,0.0,1.0,0.0,0.0,0.0,0.0,0.0,0.0,0.9177152453874826,,,,0.2641589641571045,0.7524975992527022,0.9177152453874826,,0,,,,CAM_FRONT,car,5,scene-1100,13
bus,False,0.7746367656348705,False,,0.0,1.0,0.0,0.0,0.0,0.0,0.0,0.0,-0.15397234959082784,,,,0.2626272439956665,-0.3165178118116606,-0.15397234959082784,,0,,,,CAM_FRONT,bus,0,scene-1100,13
car,False,0.9290155440414508,False,,0.03555,0.96445,0.013116236996834011,0.05800000000000002,0.019078947368421053,0.17400000000000004,0.019078947368421053,0.17400000000000004,-0.5152237503722681,,,,0.13450923562049866,-0.6064647867308602,-0.5152237503722681,,413,0.8861985472154964,,,CAM_FRONT_LEFT,car,0,scene-1100,13
car,False,0.2794577685088634,True,0.24632352941176472,0.0,1.0,0.0,0.0,0.0,0.0,0.0,0.0,-1.1916801267668475,,,,0.047651857137680054,-1.228544038003282,-1.1916801267668475,,0,,,,CAM_FRONT_LEFT,car,1,scene-1100,13
car,False,0.697508896797153,True,0.5705967976710334,0.0,1.0,0.0,0.0,0.0,0.0,0.0,0.0,-2.697845789577265,,,,0.05282256007194519,-2.7217981973918,-2.697845789577265,,0,,,,CAM_FRONT_LEFT,car,2,scene-1100,13
car,False,0.6353811149032992,False,,0.00515,0.99485,0.005948446794448116,0.018000000000000006,0.019088669950738917,0.15500000000000005,0.019088669950738917,0.15500000000000005,-0.7078332036329413,,,,0.1630089282989502,-0.7552253980902582,-0.7078332036329413,,41,1.0,,,CAM_FRONT_LEFT,car,3,scene-1100,13
bus,False,0.707774798927614,False,,0.0,1.0,0.0,0.0,0.0,0.0,0.0,0.0,0.012680624274647556,,,,0.08215805888175964,-0.1383689665847246,0.012680624274647556,,0,,,,CAM_FRONT_LEFT,bus,0,scene-1100,13
car,True,0.976390952616807,False,,0.03965,0.95875,0.051529460069800866,0.2510000000000001,0.04006204535729568,0.7490000000000002,0.04006204535729568,0.7490000000000002,0.43477161833076794,0.01166267942583732,0.15600000000000003,0.0378,-0.5873242616653442,0.38272430897339416,0.43477161833076794,0.1884355470986494,292,0.34589041095890416,0.029024377646403053,23.472252523652326,CAM_FRONT_RIGHT,car,0,scene-1100,13
car,True,0.9817916970138383,True,0.7798669366502748,0.00155,0.99845,0.0012628715756751506,0.013000000000000003,0.0006803141814583462,0.011000000000000003,0.0006803141814583462,0.011000000000000003,-0.044069997030348196,0.0016244870041039671,0.019000000000000006,0.00025,-0.03786352276802063,-0.1447508899455844,-0.044069997030348196,-0.3030141570321828,1,0.0,5.062162447783876,44.78239715158072,CAM_FRONT_RIGHT,car,1,scene-1100,13
car,False,0.7380250552689757,False,,0.0,1.0,0.0,0.0,0.0,0.0,0.0,0.0,0.3090217473138517,,,,-0.5405418872833252,0.2244560634814311,0.3090217473138517,,0,,,,CAM_FRONT_RIGHT,car,2,scene-1100,13
bus,True,0.8485133896751859,False,,0.0099,0.9895,0.012659716234224348,0.6460000000000002,0.014903659640501745,4.61,0.014903659640501745,4.61,1.7889675779527758,0.008970438328236493,1.2760000000000002,0.00735,-0.5086358189582825,1.5226477426082208,1.7889675779527758,-0.09480459640065275,85,0.3764705882352941,0.02780972007425765,26.777183737799586,CAM_FRONT_RIGHT,bus,0,scene-1100,13
car,True,0.7848768589188764,True,0.6111383408895968,0.0217,0.9783,0.018638573743922204,0.13800000000000004,0.040235690235690236,0.7170000000000002,0.040235690235690236,0.7170000000000002,-0.34419771716849645,0.025396825396825397,0.2880000000000001,0.03025,-0.3952101469039917,-0.4572031632872511,-0.34419771716849645,-0.19477573472632126,50,0.0,10.163289602558471,17.90705564696707,CAM_BACK,car,0,scene-1100,13
car,True,0.9790851667085382,True,0.7854160968517425,0.1385,0.8467,0.08155375552282769,0.8860000000000002,0.10638820638820638,1.7320000000000004,0.10638820638820638,1.7320000000000004,0.31982371119029374,0.08879154498678904,1.2770000000000004,0.1038,-0.05658498406410217,0.2485257156062728,0.31982371119029374,-0.04148820032404943,954,0.5031446540880503,0.0,5.904370300656452,CAM_BACK,car,1,scene-1100,13
car,True,0.8579495953563069,False,,0.18335,0.8014,0.1421765295887663,1.1340000000000003,0.18895348837209303,2.6000000000000005,0.18895348837209303,2.6000000000000005,-0.17630196010842147,0.13119341563786008,1.5940000000000003,0.12335,-0.07936255633831024,-0.24280783381624393,-0.17630196010842147,-0.01393371017402878,1080,0.5509259259259259,10.383829405349983,10.431025728168656,CAM_FRONT,car,0,scene-1100,14
car,False,0.5110821382007823,False,,0.0,1.0,0.0,0.0,0.0,0.0,0.0,0.0,0.3279592933865674,,,,0.6572254300117493,0.24074730626191815,0.3279592933865674,,0,,,,CAM_FRONT,car,1,scene-1100,14
car,False,0.4479638009049774,True,0.28285714285714286,0.0,1.0,0.0,0.0,0.0,0.0,0.0,0.0,-0.3241013922703634,,,,0.5490667223930359,-0.36622001817148697,-0.3241013922703634,,0,,,,CAM_FRONT,car,2,scene-1100,14
car,False,0.735593220338983,False,,0.0,1.0,0.0,0.0,0.0,0.0,0.0,0.0,-1.8527916762537169,,,,0.5678711533546448,-1.9095248796025115,-1.8527916762537169,,0,,,,CAM_FRONT,car,3,scene-1100,14
car,True,0.8498707175177763,True,0.7263812154696132,0.0106,0.9888,0.013577235772357723,0.16700000000000004,0.016748366013071895,0.32800000000000007,0.016748366013071895,0.32800000000000007,-0.035332742561315245,0.0022281639928698753,0.025000000000000005,0.00755,0.09272925555706024,-0.11024963071256932,-0.035332742561315245,-0.07681952547526993,5,0.4,8.282152780652492,33.8098087590833,CAM_FRONT,car,4,scene-1100,14
bus,False,0.5907558979297063,False,,0.0,1.0,0.0,0.0,0.0,0.0,0.0,0.0,0.38331815810095815,,,,0.6234914660453796,0.27542084600102223,0.38331815810095815,,0,,,,CAM_FRONT,bus,0,scene-1100,14
car,False,0.7312326227988879,False,,0.0038,0.9962,0.012360939431396786,0.08000000000000002,0.008223684210526315,0.07500000000000002,0.008223684210526315,0.07500000000000002,-0.17478416902472604,,,,0.3987669050693512,-0.2196954274734476,-0.17478416902472604,,39,1.0,,,CAM_FRONT_LEFT,car,0,scene-1100,14
car,False,0.39412484700122397,False,,0.0052,0.9948,0.005319148936170213,0.009000000000000001,0.0038888888888888888,0.007000000000000002,0.0038888888888888888,0.007000000000000002,0.3477503406891409,,,,0.4538096487522125,0.3277031657307007,0.3477503406891409,,0,,,,CAM_FRONT_LEFT,car,1,scene-1100,14
car,False,0.0505795574288725,True,0.03475742215785663,0.0,1.0,0.0,0.0,0.0,0.0,0.0,0.0,-0.171480685297839,,,,0.7730039358139038,-0.1989577083003996,-0.171480685297839,,0,,,,CAM_FRONT_LEFT,car,2,scene-1100,14
bus,False,0.7228260869565217,False,,0.0,1.0,0.0,0.0,0.0,0.0,0.0,0.0,0.5692006458022307,,,,0.6439075469970703,0.4598947579976655,0.5692006458022307,,0,,,,CAM_FRONT_LEFT,bus,0,scene-1100,14
car,True,0.9668679245283018,True,0.6612129032258065,0.06215,0.93675,0.055234314317769914,0.6400000000000001,0.05600722673893405,1.1160000000000003,0.05600722673893405,1.1160000000000003,0.11719108885190721,0.019437799043062202,0.26000000000000006,0.03445,-0.599950909614563,0.05170522830445479,0.11719108885190721,0.17184373842376566,417,0.2853717026378897,0.029008909076585678,23.461338573065536,CAM_FRONT_RIGHT,car,0,scene-1100,14
car,True,0.8274033740962242,False,,0.1297,0.8502,0.1383145586767432,0.9700000000000002,0.16465716721471196,2.7040000000000006,0.16465716721471196,2.7040000000000006,0.38026851607017265,0.13119341563786008,1.5940000000000003,0.1368,-0.05504035949707031,0.3229205610878388,0.38026851607017265,0.01038848666721115,1173,0.8491048593350383,10.383829405349983,10.431025728168656,CAM_FRONT_RIGHT,car,1,scene-1100,14
car,True,0.9080506742950551,True,0.8181148748159057,0.0,0.99865,0.0003317483136127391,0.003000000000000001,0.00037537537537537537,0.006000000000000001,0.00037537537537537537,0.006000000000000001,-0.3584763165343736,0.0008549931600547196,0.010000000000000002,0.0,-0.35975784063339233,-0.4296169097844481,-0.3584763165343736,-0.6964636352290371,0,,5.06306209314756,47.27251319378062,CAM_FRONT_RIGHT,car,2,scene-1100,14
bus,True,0.9787457966475858,False,,0.02485,0.9738,0.02520126006300315,0.5040000000000001,0.02388400130335614,2.1990000000000003,0.02388400130335614,2.1990000000000003,0.48864176037264406,0.007972160708636508,1.1340000000000003,0.0013,-0.5995928049087524,0.3116188512267678,0.48864176037264406,-0.185747493486619,221,0.33484162895927605,0.02719513449186468,26.77595175155155,CAM_FRONT_RIGHT,bus,0,scene-1100,14
car,False,0.871988388969521,True,0.6448427605452399,0.0451,0.9548,0.044499249410250914,0.41500000000000015,0.0463980463980464,0.6080000000000001,0.0463980463980464,0.6080000000000001,-0.5685200620015998,,,,-0.4517555236816406,-0.6263320309049609,-0.5685200620015998,,227,0.5330396475770924,,,CAM_BACK,car,0,scene-1100,14
car,True,0.96140852157349,True,0.7659198282032927,0.1246,0.8574,0.06040330824272837,0.6500000000000001,0.09814814814814815,1.4840000000000002,0.09814814814814815,1.4840000000000002,0.2929515839589687,0.07815324711444861,1.124,0.10055,-0.06700009107589722,0.2221353602745887,0.2929515839589687,-0.0519547583551333,881,0.5845629965947787,0.0,5.903456724677715,CAM_BACK,car,1,scene-1100,14
car,False,0.6686592655849701,False,,0.21235,0.7714,0.13082191780821917,0.19100000000000003,0.13968253968253969,0.3520000000000001,0.13968253968253969,0.3520000000000001,-0.07263582173602634,,,,-0.5523819923400879,-0.08255411560078446,-0.07263582173602634,,1358,0.8041237113402062,,,CAM_BACK_RIGHT,car,0,scene-1100,14
car,False,0.686046511627907,True,0.6324655436447167,0.0,1.0,0.0,0.0,0.0,0.0,0.0,0.0,-1.6605024794753769,,,,0.32914021611213684,-1.6723474082800887,-1.6605024794753769,,0,,,,CAM_FRONT,car,0,scene-1100,15
car,False,0.21256684491978609,False,,0.0123,0.9877,0.008982035928143712,0.0030000000000000005,0.008333333333333333,0.004000000000000001,0.008333333333333333,0.004000000000000001,-0.34122260352085787,,,,0.33504757285118103,-0.3515034074102896,-0.34122260352085787,,19,1.0,,,CAM_FRONT,car,1,scene-1100,15
car,True,0.8081167675329298,False,,0.0,1.0,0.0,0.0,0.0,0.0,0.0,0.0,-0.17126927852081764,0.0014005602240896359,0.019000000000000003,0.0075,0.5264085531234741,-0.2355962777279158,-0.17126927852081764,-0.18437341963975373,0,,0.6570276151429684,57.47212496519273,CAM_FRONT,car,2,scene-1100,15
car,False,0.6646464646464646,True,0.6219281663516069,0.0,1.0,0.0,0.0,0.0,0.0,0.0,0.0,-2.243086911179703,,,,0.48694637417793274,-2.268291260044167,-2.243086911179703,,0,,,,CAM_FRONT,car,3,scene-1100,15
car,False,0.2273224043715847,True,0.1746431570109152,0.0,1.0,0.0,0.0,0.0,0.0,0.0,0.0,-0.641927188887792,,,,0.45624324679374695,-0.6814755142827773,-0.641927188887792,,0,,,,CAM_FRONT,car,4,scene-1100,15
car,True,0.8523516835916622,True,0.743299930086227,0.03765,0.96145,0.022119341563786008,0.21500000000000005,0.018568665377176014,0.28800000000000003,0.018568665377176014,0.28800000000000003,-0.13672024699420637,0.006862745098039216,0.07700000000000001,0.01925,0.046193599700927734,-0.20082613660936177,-0.13672024699420637,-0.09499216572703262,141,0.1063829787234043,8.197771780003347,29.84863702724695,CAM_FRONT,car,5,scene-1100,15
bus,False,0.8328132698308425,False,,0.0,1.0,0.0,0.0,0.0,0.0,0.0,0.0,0.11566878856833007,,,,0.5289558172225952,-0.028205156599894532,0.11566878856833007,,0,,,,CAM_FRONT,bus,0,scene-1100,15
car,False,0.9696202531645569,False,,0.0,1.0,0.0,0.0,0.0,0.0,0.0,0.0,-0.007988611811907464,,,,0.37459397315979004,-0.10953346711059103,-0.007988611811907464,,0,,,,CAM_FRONT_LEFT,car,0,scene-1100,15
car,False,0.8694955964771818,False,,0.0,1.0,0.0,0.0,0.0,0.0,0.0,0.0,-1.043974788027938,,,,0.26483726501464844,-1.1163800942813729,-1.043974788027938,,0,,,,CAM_FRONT_LEFT,car,1,scene-1100,15
bus,False,0.7248062015503876,False,,0.0,1.0,0.0,0.0,0.0,0.0,0.0,0.0,0.12644010595568034,,,,0.34782445430755615,-0.021922516908520095,0.12644010595568034,,0,,,,CAM_FRONT_LEFT,bus,0,scene-1100,15
car,True,0.9273796979276432,False,,0.0368,0.9589,0.020510204081632653,0.20100000000000004,0.024715447154471545,0.45600000000000007,0.024715447154471545,0.45600000000000007,0.2782906994728953,0.016821172248803827,0.22500000000000003,0.0208,-0.5972875952720642,0.20734863749066546,0.2782906994728953,0.17356824174408114,237,0.3417721518987342,0.02895928456756825,23.450558042974617,CAM_FRONT_RIGHT,car,0,scene-1100,15
car,True,0.9209796672828097,True,0.7815686274509804,0.00415,0.99585,0.006513359032300944,0.04900000000000001,0.003954522985664854,0.04800000000000001,0.003954522985664854,0.04800000000000001,-0.45957283948448635,0.00025649794801641587,0.003000000000000001,0.0,-0.12055365741252899,-0.5457994549652956,-0.45957283948448635,-0.5237405568565384,31,0.0,4.547153439695542,49.77034760400746,CAM_FRONT_RIGHT,car,1,scene-1100,15
car,True,0.9788051464660656,False,,0.25115,0.7216,0.17539477205816753,1.9660000000000004,0.24833333333333332,5.066000000000002,0.24833333333333332,5.066000000000002,0.015104328112371057,0.174320987654321,2.1180000000000003,0.25965,-0.17351174354553223,-0.06187102900156104,0.015104328112371057,-0.05264260573515811,1822,0.650384193194292,10.164868937896834,7.534387644006487,CAM_FRONT_RIGHT,car,2,scene-1100,15
car,False,0.9918845807033363,False,,0.0178,0.9804,0.010309278350515464,0.007000000000000002,0.00873015873015873,0.011000000000000003,0.00873015873015873,0.011000000000000003,-0.1980116837817385,,,,-0.5580485463142395,-0.2154335733588983,-0.1980116837817385,,97,1.0,,,CAM_FRONT_RIGHT,car,3,scene-1100,15
bus,True,0.9855186806474601,True,0.8148607983838724,0.0304,0.96675,0.018704368422337803,0.7660000000000002,0.024474305851372807,1.8960000000000006,0.024474305851372807,1.8960000000000006,0.23154847339934492,0.009272733663749165,1.3190000000000004,0.0029,-0.5448726415634155,0.022229107700502237,0.23154847339934492,-0.1285329740785599,287,0.03484320557491294,0.027763842852959946,26.775078336225306,CAM_FRONT_RIGHT,bus,0,scene-1100,15
car,True,0.8911052975801177,True,0.593681917211329,0.01255,0.9867,0.010876840696117804,0.13000000000000003,0.007952380952380952,0.167,0.007952380952380952,0.167,0.07940862065829712,0.004227941176470588,0.046000000000000006,0.00905,-0.5091174840927124,-0.005724150198920808,0.07940862065829712,-0.015851976171820548,35,0.11428571428571432,8.910348450497246,34.5218738728499,CAM_BACK,car,0,scene-1100,15
car,True,0.9630165939650133,True,0.7087406917094159,0.10105,0.88995,0.0572172619047619,0.7690000000000001,0.0859430424647816,1.6960000000000006,0.0859430424647816,1.6960000000000006,0.45271577705071075,0.07891809205951884,1.1350000000000002,0.15515,-0.05147111415863037,0.38706973339704476,0.45271577705071075,-0.036963552425444024,923,0.6684723726977249,0.0,5.902716233693808,CAM_BACK,car,1,scene-1100,15
car,False,0.8801980198019802,False,,0.05905,0.93715,0.07754010695187166,0.029000000000000012,0.08666666666666667,0.026000000000000006,0.08666666666666667,0.026000000000000006,-0.07396301796227389,,,,-0.5823502540588379,-0.0802326548981972,-0.07396301796227389,,263,0.714828897338403,,,CAM_BACK_RIGHT,car,0,scene-1100,15
car,False,0.8060538116591929,True,0.5042075736325385,0.0,1.0,0.0,0.0,0.0,0.0,0.0,0.0,-1.4896230030643647,,,,0.34186115860939026,-1.5490528189587611,-1.4896230030643647,,0,,,,CAM_FRONT,car,0,scene-1100,16
car,False,0.6524941412788752,False,,0.0,1.0,0.0,0.0,0.0,0.0,0.0,0.0,-0.17167509967612826,,,,0.48394688963890076,-0.25050697962251145,-0.17167509967612826,,0,,,,CAM_FRONT,car,1,scene-1100,16
car,False,0.5641921397379913,True,0.5031152647975078,0.0,1.0,0.0,0.0,0.0,0.0,0.0,0.0,-1.0103254547849954,,,,0.3704853951931,-1.0517278462874398,-1.0103254547849954,,0,,,,CAM_FRONT,car,2,scene-1100,16
car,True,0.8156230879053641,True,0.6535381598300376,0.0014,0.99835,0.0018299656881433472,0.048000000000000015,0.001547805642633229,0.15800000000000006,0.001547805642633229,0.15800000000000006,1.5728489184830639,0.012566844919786097,0.14100000000000004,0.04315,0.411918967962265,1.3596808839259693,1.5728489184830639,0.3096779602455205,5,0.0,7.738193324500598,25.928406787395808,CAM_FRONT,car,3,scene-1100,16
bus,False,0.8210203037024398,False,,0.0,1.0,0.0,0.0,0.0,0.0,0.0,0.0,0.06122099604736775,,,,0.45694056153297424,-0.11286571411619128,0.06122099604736775,,0,,,,CAM_FRONT,bus,0,scene-1100,16
car,False,0.7107750472589792,False,,0.0,1.0,0.0,0.0,0.0,0.0,0.0,0.0,-0.10855461064576766,,,,0.6622745394706726,-0.18793722376644395,-0.10855461064576766,,0,,,,CAM_FRONT_LEFT,car,0,scene-1100,16
car,False,0.0,False,,0.0,1.0,0.0,0.0,0.0,0.0,0.0,0.0,0.2507369983203078,,,,0.3834671378135681,0.23306754365403015,0.2507369983203078,,0,,,,CAM_FRONT_LEFT,car,1,scene-1100,16
car,False,0.016877637130801686,True,0.011072664359861591,0.0,1.0,0.0,0.0,0.0,0.0,0.0,0.0,0.1808631201308175,,,,0.6580845713615417,0.11752749709762955,0.1808631201308175,,0,,,,CAM_FRONT_LEFT,car,2,scene-1100,16
bus,False,0.5940574956588848,False,,0.0,1.0,0.0,0.0,0.0,0.0,0.0,0.0,1.2910732395504008,,,,0.7118440270423889,1.2206298372068956,1.2910732395504008,,0,,,,CAM_FRONT_LEFT,bus,0,scene-1100,16
car,True,0.9739504500916115,False,,0.07595,0.92045,0.04309441867424809,0.5760000000000001,0.038148479427549196,0.8530000000000003,0.038148479427549196,0.8530000000000003,0.6763598272250042,0.022203947368421052,0.29700000000000004,0.0471,-0.3559536933898926,0.5921702305679859,0.6763598272250042,0.41485067633791883,672,0.23065476190476186,0.029489915018631595,23.439590610014406,CAM_FRONT_RIGHT,car,0,scene-1100,16
car,True,0.1734777070063694,False,,0.0833,0.8974,0.07324913892078071,0.31900000000000006,0.08669467787114846,0.6190000000000001,0.08669467787114846,0.6190000000000001,0.37319399742346127,0.19728395061728396,2.3970000000000007,0.0698,-0.2438349723815918,0.319866677212154,0.37319399742346127,-0.07586800165022434,826,1.0,9.956418007122819,7.283842697622672,CAM_FRONT_RIGHT,car,1,scene-1100,16
car,True,0.863456090651558,True,0.7839506172839507,0.00505,0.9945,0.007403268612934767,0.05300000000000001,0.00477994227994228,0.05300000000000001,0.00477994227994228,0.05300000000000001,-0.25175820050550424,0.0009404924760601915,0.011000000000000003,0.0,0.014369368553161621,-0.3073044052102269,-0.25175820050550424,-0.42689555630590703,28,0.0,4.040390608803349,51.787279495748564,CAM_FRONT_RIGHT,car,2,scene-1100,16
car,False,0.5094806265457543,False,,0.0064,0.993,0.007655502392344498,0.008000000000000002,0.005931784478497282,0.012000000000000004,0.005931784478497282,0.012000000000000004,0.34606518596563696,,,,-0.27010640501976013,0.3248149069180227,0.34606518596563696,,56,0.0,,,CAM_FRONT_RIGHT,car,3,scene-1100,16
bus,True,0.9154537726371107,False,,0.01955,0.9797,0.017435409732128704,0.33,0.022447112635791883,1.9630000000000005,0.022447112635791883,1.9630000000000005,0.7099143310704361,0.01011634855355197,1.4390000000000003,0.0022,-0.3354412317276001,0.5193497351375733,0.7099143310704361,0.08684282709494617,177,0.07344632768361581,0.027783460855044174,26.77582352496564,CAM_FRONT_RIGHT,bus,0,scene-1100,16
car,True,0.8559670781893004,True,0.8044692737430168,0.00435,0.99565,0.002662907268170426,0.017,0.0036363636363636364,0.03600000000000001,0.0036363636363636364,0.03600000000000001,-0.14261070290680178,0.0030330882352941177,0.03300000000000001,0.0044,-0.41308870911598206,-0.19685720559802594,-0.14261070290680178,0.11578435387648311,0,,9.121667298699117,38.98455690723069,CAM_BACK,car,0,scene-1100,16
car,True,0.9790148724246145,True,0.7970378050135151,0.1328,0.85095,0.1431181485992692,0.7050000000000002,0.112998712998713,1.7560000000000007,0.112998712998713,1.7560000000000007,0.23176708847315197,0.08712279237936309,1.2530000000000001,0.1168,-0.0521363765001297,0.16517683092606567,0.23176708847315197,-0.04064347731346474,885,0.5615819209039548,0.0,5.900855260442411,CAM_BACK,car,1,scene-1100,16
car,True,0.9751891912447779,False,,0.2293,0.74705,0.1703866082104424,1.7100000000000006,0.22135416666666666,3.7400000000000007,0.22135416666666666,3.7400000000000007,0.007017466286244556,0.19728395061728396,2.3970000000000007,0.3029,-0.21571935713291168,-0.07032251532000613,0.007017466286244556,-0.04775238640154422,1454,0.626547455295736,9.956418007122819,7.283842697622672,CAM_BACK_RIGHT,car,0,scene-1100,16
car,True,0.7228282828282828,False,,0.01485,0.98515,0.02153151588817503,0.12400000000000003,0.015598952131459872,0.13100000000000003,0.015598952131459872,0.13100000000000003,-0.37144182223997246,0.0,0.0,0.0,0.1477590799331665,-0.42175410016522685,-0.37144182223997246,-0.557598606414462,129,0.3178294573643411,0.8843928701320192,58.286441913991254,CAM_FRONT,car,0,scene-1100,17
car,False,0.7250554323725056,False,,0.0,1.0,0.0,0.0,0.0,0.0,0.0,0.0,-2.298198919897418,,,,0.3227499723434448,-2.346200190830098,-2.298198919897418,,0,,,,CAM_FRONT,car,1,scene-1100,17
car,False,0.515426497277677,False,,0.0,1.0,0.0,0.0,0.0,0.0,0.0,0.0,-1.2346888984931939,,,,0.3012976348400116,-1.2612070982413097,-1.2346888984931939,,0,,,,CAM_FRONT,car,2,scene-1100,17
car,False,0.6403712296983759,False,,0.0,1.0,0.0,0.0,0.0,0.0,0.0,0.0,-0.8402352677591329,,,,0.30029621720314026,-0.8760463389079014,-0.8402352677591329,,0,,,,CAM_FRONT,car,3,scene-1100,17
car,False,0.8822461418752432,True,0.7692220714608774,0.03135,0.96835,0.03264497288277013,0.3130000000000001,0.04809782608695652,0.7080000000000002,0.04809782608695652,0.7080000000000002,-0.08745081224257878,,,,-0.12223045527935028,-0.1629064698501579,-0.08745081224257878,,168,0.24404761904761907,,,CAM_FRONT,car,4,scene-1100,17
car,False,0.5896860986547086,True,0.542827657378741,0.0,1.0,0.0,0.0,0.0,0.0,0.0,0.0,-1.788818098687221,,,,0.3159257471561432,-1.8392809097343403,-1.788818098687221,,0,,,,CAM_FRONT,car,5,scene-1100,17
car,False,0.0,True,0.0,0.0,1.0,0.0,0.0,0.0,0.0,0.0,0.0,-0.6185481686169554,,,,0.1047796979546547,-0.6277280964143679,-0.6185481686169554,,0,,,,CAM_FRONT,car,6,scene-1100,17
bus,False,0.7972270363951474,False,,0.0,1.0,0.0,0.0,0.0,0.0,0.0,0.0,0.42724565347707877,,,,0.34156090021133423,0.3013942188956521,0.42724565347707877,,0,,,,CAM_FRONT,bus,0,scene-1100,17
car,False,0.482741116751269,False,,0.0177,0.9823,0.02282016348773842,0.13400000000000004,0.016253869969040248,0.14700000000000005,0.016253869969040248,0.14700000000000005,-0.2021060173317737,,,,0.18291127681732178,-0.27645265092625304,-0.2021060173317737,,141,0.7446808510638299,,,CAM_FRONT_LEFT,car,0,scene-1100,17
car,False,0.026151930261519303,False,,0.0,1.0,0.0,0.0,0.0,0.0,0.0,0.0,-1.1460437659613172,,,,0.23651280999183655,-1.1693790989944972,-1.1460437659613172,,0,,,,CAM_FRONT_LEFT,car,1,scene-1100,17
car,False,0.5970017636684304,True,0.5011102886750555,0.0,1.0,0.0,0.0,0.0,0.0,0.0,0.0,-1.2174560899212343,,,,0.3328588008880615,-1.2693399339135516,-1.2174560899212343,,0,,,,CAM_FRONT_LEFT,car,2,scene-1100,17
car,False,0.09773371104815864,False,,0.0,1.0,0.0,0.0,0.0,0.0,0.0,0.0,-0.668768674270681,,,,0.27464988827705383,-0.7128214757736985,-0.668768674270681,,0,,,,CAM_FRONT_LEFT,car,3,scene-1100,17
bus,False,0.577079107505071,False,,0.0,1.0,0.0,0.0,0.0,0.0,0.0,0.0,0.9981134063877652,,,,0.48937150835990906,0.874011704043036,0.9981134063877652,,0,,,,CAM_FRONT_LEFT,bus,0,scene-1100,17
car,True,0.9413191811978772,True,0.6871057000553403,0.06785,0.92775,0.04279576999339062,0.5180000000000001,0.03388047138047138,0.8050000000000002,0.03388047138047138,0.8050000000000002,0.4470002653516607,0.015251196172248804,0.20400000000000004,0.0363,-0.5908110737800598,0.35657131097863703,0.4470002653516607,0.16856015705466132,524,0.2290076335877863,0.028553937092026194,23.42799089699322,CAM_FRONT_RIGHT,car,0,scene-1100,17
car,True,0.9023746701846965,True,0.624372432679142,0.00115,0.99885,0.003847140292382662,0.030000000000000006,0.0023891909705058495,0.02900000000000001,0.0023891909705058495,0.02900000000000001,-0.4040410950860456,0.0003419972640218878,0.004000000000000001,0.0016,-0.25343549251556396,-0.4884525269020451,-0.4040410950860456,-0.7652698000620658,15,0.0,3.933982579352537,54.007524695720264,CAM_FRONT_RIGHT,car,1,scene-1100,17
bus,True,0.7616677976325115,False,,0.01475,0.98475,0.01632302405498282,0.8550000000000002,0.01621532157778434,3.625000000000001,0.01621532157778434,3.625000000000001,1.0161029423204848,0.009687510984568878,1.3780000000000003,0.00455,-0.5574089884757996,0.7827562321657322,1.0161029423204848,-0.14188314202529195,113,0.3008849557522124,0.026462720550292324,26.77518997614098,CAM_FRONT_RIGHT,bus,0,scene-1100,17
car,False,0.6174832962138085,True,0.5050091074681239,0.0,1.0,0.0,0.0,0.00033476805356288854,0.007000000000000001,0.00033476805356288854,0.007000000000000001,0.7979685875197631,,,,-0.4453038275241852,0.709120997029689,0.7979685875197631,,0,,,,CAM_BACK,car,0,scene-1100,17
car,True,0.9859933274933368,True,0.8222115152975187,0.16595,0.81845,0.16601786123196702,0.7250000000000001,0.15246753246753247,2.3480000000000008,0.15246753246753247,2.3480000000000008,0.07923130433946302,0.09942984285912947,1.4300000000000004,0.0997,-0.08653908967971802,0.010625865874737586,0.07923130433946302,-0.07840029777294022,1228,0.4527687296416938,0.0,5.899024155714763,CAM_BACK,car,1,scene-1100,17
car,True,0.9893172554347827,True,0.8065324545857333,0.1255,0.8589,0.08029626146249706,0.6830000000000002,0.13484848484848486,1.8690000000000004,0.13484848484848486,1.8690000000000004,-0.059185027885915176,0.11893004115226337,1.4450000000000003,0.14085,-0.3043542206287384,-0.14404414477792657,-0.059185027885915176,-0.09449241126194041,796,0.3831658291457286,9.956242873476702,10.312881883295537,CAM_BACK_RIGHT,car,0,scene-1100,17
car,False,0.6066150598170302,True,0.43601416287303996,0.0112,0.9888,0.011764705882352941,0.007000000000000002,0.021683673469387755,0.017,0.021683673469387755,0.017,-1.2334195391743545,,,,-0.043249666690826416,-1.2477485229184146,-1.2334195391743545,,0,,,,CAM_FRONT,car,0,scene-1100,18
car,False,0.0,True,0.0,0.0,1.0,0.0,0.0,0.0,0.0,0.0,0.0,0.1436131311149591,,,,0.3081628382205963,0.13740918527172832,0.1436131311149591,,0,,,,CAM_FRONT,car,1,scene-1100,18
car,False,0.7881401617250674,False,,0.0,1.0,0.0,0.0,0.0,0.0,0.0,0.0,-0.5160947145222262,,,,0.3902604579925537,-0.5448999655930004,-0.5160947145222262,,0,,,,CAM_FRONT,car,2,scene-1100,18
car,True,0.9105024592535442,True,0.7414592005026309,0.077,0.9201,0.04727775682132528,0.37600000000000006,0.0842921256629947,1.0330000000000001,0.0842921256629947,1.0330000000000001,-0.18514254800624297,0.05508021390374331,0.6180000000000001,0.0382,-0.09656217694282532,-0.26587854192692384,-0.18514254800624297,-0.16081558201372947,586,0.8242320819112627,6.879034289548479,19.007706292275255,CAM_FRONT,car,3,scene-1100,18
bus,False,0.8532805235061133,False,,0.0,1.0,0.0,0.0,0.0,0.0,0.0,0.0,-0.13659955360120435,,,,0.3923031687736511,-0.2440521115016393,-0.13659955360120435,,0,,,,CAM_FRONT,bus,0,scene-1100,18
car,False,0.645242914979757,False,,0.0158,0.9842,0.010071169598496039,0.07500000000000002,0.006076166024818143,0.07100000000000002,0.006076166024818143,0.07100000000000002,-0.5057452764367999,,,,0.10450910031795502,-0.5679262104201865,-0.5057452764367999,,155,1.0,,,CAM_FRONT_LEFT,car,0,scene-1100,18
car,False,0.0,False,,0.0,1.0,0.0,0.0,0.0,0.0,0.0,0.0,-0.8384882135391671,,,,0.1214434951543808,-0.8581118350456372,-0.8384882135391671,,0,,,,CAM_FRONT_LEFT,car,1,scene-1100,18
car,False,0.1688888888888889,True,0.13217391304347825,0.0,1.0,0.0,0.0,0.0,0.0,0.0,0.0,-1.065067685739161,,,,0.17278827726840973,-1.1443203217879907,-1.065067685739161,,0,,,,CAM_FRONT_LEFT,car,2,scene-1100,18
bus,False,0.5428246013667426,False,,0.0,1.0,0.0,0.0,0.0,0.0,0.0,0.0,0.4706161443869137,,,,0.2100270837545395,0.27489719696840276,0.4706161443869137,,0,,,,CAM_FRONT_LEFT,bus,0,scene-1100,18
car,True,0.9770532470984318,False,,0.05795,0.93685,0.029826754777638863,0.3340000000000001,0.03782051282051282,0.7080000000000002,0.03782051282051282,0.7080000000000002,0.29236062214867875,0.016073564593301434,0.21500000000000002,0.02495,-0.6403363943099976,0.2232158771640449,0.29236062214867875,0.08624566376949361,426,0.471830985915493,0.027992131537676098,23.385482035024378,CAM_FRONT_RIGHT,car,0,scene-1100,18
car,True,0.9514304723885563,True,0.8537313432835821,0.0024,0.99655,0.0016966406515100101,0.005000000000000001,0.0015,0.009000000000000003,0.0015,0.009000000000000003,-1.053189585852337,0.00025649794801641587,0.003000000000000001,0.0,-0.41855454444885254,-1.0676706719882043,-1.053189585852337,-1.06237163958136,0,,3.4218445857218867,55.859934938908125,CAM_FRONT_RIGHT,car,1,scene-1100,18
car,False,0.9039812646370023,False,,0.0,0.9993,0.0,0.0,0.0,0.0,0.0,0.0,-0.2732017647980889,,,,-0.6349431872367859,-0.2843422371492366,-0.2732017647980889,,0,,,,CAM_FRONT_RIGHT,car,2,scene-1100,18
bus,True,0.8021717423864204,False,,0.0138,0.98595,0.01672393240305729,0.9540000000000002,0.015208065208065207,4.254000000000001,0.015208065208065207,4.254000000000001,1.058123165192339,0.008850926218847763,1.2590000000000003,0.0129,-0.6344746947288513,0.7901870217148697,1.058123165192339,-0.2568536473449301,125,0.4,0.026393338515950934,26.72780744818337,CAM_FRONT_RIGHT,bus,0,scene-1100,18
car,True,0.7558398220244716,False,,0.0441,0.95445,0.0482086406743941,0.18300000000000005,0.04613526570048309,0.19100000000000003,0.04613526570048309,0.19100000000000003,1.1884551419271379,0.07160493827160494,0.8700000000000002,0.0566,-0.5057696104049683,1.1769612353489334,1.1884551419271379,-0.2494164650752133,308,0.9025974025974026,10.018451243307819,14.460677982739861,CAM_BACK,car,0,scene-1100,18
car,False,0.818531169940222,False,,0.3179,0.4242,0.46153846153846156,0.012000000000000004,0.14814814814814814,0.004000000000000001,0.14814814814814814,0.004000000000000001,-1.2715215509233482,,,,-0.01688075065612793,-1.2774964177941153,-1.2715215509233482,,1109,0.011722272317403082,,,CAM_BACK,car,1,scene-1100,18
car,True,0.9440209125475285,False,,0.14955,0.8362,0.07221335336651329,0.7690000000000001,0.11518661518661519,1.7900000000000005,0.11518661518661519,1.7900000000000005,0.323929919386565,0.08872201362814629,1.2760000000000002,0.10225,-0.03826025128364563,0.2606231241051435,0.323929919386565,-0.018454088424398996,1111,0.5868586858685869,0.0,6.006146270474981,CAM_BACK,car,2,scene-1100,18
car,True,0.42846212700841624,True,0.26743075453677173,0.0348,0.9652,0.03471074380165289,0.021,0.03057199211045365,0.031000000000000007,0.03057199211045365,0.031000000000000007,-0.4420095163686355,0.00027573529411764705,0.0030000000000000005,0.0,-0.5055632591247559,-0.4657145331917042,-0.4420095163686355,0.13989650954271515,94,0.0,9.121883534059466,48.508579899242314,CAM_BACK,car,3,scene-1100,18
car,True,0.9559665477653547,True,0.7767359166078083,0.0554,0.93495,0.032665106339676404,0.32100000000000006,0.067629179331307,1.0680000000000003,0.067629179331307,1.0680000000000003,0.12054514109957726,0.07160493827160494,0.8700000000000002,0.068,-0.39097148180007935,0.032584057989231474,0.12054514109957726,-0.1346183364703244,409,0.5721271393643033,10.018451243307819,14.460677982739861,CAM_BACK_RIGHT,car,0,scene-1100,18
car,True,0.8968281966582213,True,0.6937752747661696,0.1309,0.8663,0.08680142687277051,0.8760000000000002,0.11471861471861472,1.8550000000000006,0.11471861471861472,1.8550000000000006,-0.17189073638978836,0.10819964349376114,1.2140000000000002,0.1272,-0.09751527011394501,-0.2573404080642201,-0.17189073638978836,-0.08916651616546145,941,0.8512221041445271,6.463766782590959,16.83559993734459,CAM_FRONT,car,0,scene-1100,19
car,False,0.6678476527900797,False,,0.0,1.0,0.0,0.0,0.0,0.0,0.0,0.0,-1.1642720508174438,,,,0.20561403036117554,-1.2405475499747296,-1.1642720508174438,,0,,,,CAM_FRONT,car,1,scene-1100,19
car,False,0.7801840822956145,False,,0.0045,0.9955,0.0028894142369319674,0.011000000000000003,0.012396694214876033,0.09000000000000002,0.012396694214876033,0.09000000000000002,-0.9785587398672675,,,,0.15192914009094238,-1.0651664011163802,-0.9785587398672675,,0,,,,CAM_FRONT,car,2,scene-1100,19
car,False,0.30660377358490565,False,,0.0,1.0,0.0,0.0,0.0,0.0,0.0,0.0,-0.8395654604500372,,,,0.1603129506111145,-0.9021290847935453,-0.8395654604500372,,0,,,,CAM_FRONT,car,3,scene-1100,19
car,False,0.6722466960352423,True,0.5377026074700493,0.0,1.0,0.0,0.0,0.0,0.0,0.0,0.0,-1.9301374930413546,,,,0.05127428472042084,-1.9618322973356763,-1.9301374930413546,,0,,,,CAM_FRONT,car,4,scene-1100,19
bus,True,0.8852367688022285,False,,0.0,1.0,0.0,0.0,0.0,0.0,0.0,0.0,-0.6038574410636128,0.0,0.0,0.0,0.37183672189712524,-0.8094186120695122,-0.6038574410636128,-1.1072314445272808,0,,3.5365747935783665,82.31798323143093,CAM_FRONT,bus,0,scene-1100,19
car,False,0.5983954695611138,False,,0.0215,0.9785,0.017603249830737983,0.13000000000000003,0.012494651262302097,0.14600000000000005,0.012494651262302097,0.14600000000000005,-0.28998437212627515,,,,0.28164738416671753,-0.35534991923563986,-0.28998437212627515,,193,1.0,,,CAM_FRONT_LEFT,car,0,scene-1100,19
car,False,0.47651006711409394,False,,0.0,1.0,0.0,0.0,0.0,0.0,0.0,0.0,-0.7974508343376501,,,,0.45820456743240356,-0.8259180175531231,-0.7974508343376501,,0,,,,CAM_FRONT_LEFT,car,1,scene-1100,19
car,False,0.0,True,0.0,0.0,1.0,0.0,0.0,0.0,0.0,0.0,0.0,-0.08672400758975174,,,,0.2979047894477844,-0.21497613084458467,-0.08672400758975174,,0,,,,CAM_FRONT_LEFT,car,2,scene-1100,19
car,False,0.006200177147918512,False,,0.0,1.0,0.0,0.0,0.0,0.0,0.0,0.0,-0.9987632301638689,,,,0.31491726636886597,-1.0858697830554422,-0.9987632301638689,,0,,,,CAM_FRONT_LEFT,car,3,scene-1100,19
bus,True,0.8714253546498536,False,,0.0,1.0,0.0,0.0,0.0,0.0,0.0,0.0,-0.26582424266757343,0.0,0.0,0.0,0.4425623416900635,-0.3753861418153511,-0.26582424266757343,-1.0365058247343426,0,,3.5365747935783665,82.31798323143093,CAM_FRONT_LEFT,bus,0,scene-1100,19
car,True,0.9748031496062992,False,,0.0662,0.93025,0.03968947113051917,0.40900000000000014,0.039988558352402746,0.6990000000000002,0.039988558352402746,0.6990000000000002,0.39400863075913684,0.019063995215311005,0.25500000000000006,0.036,-0.5417966842651367,0.31787484752895745,0.39400863075913684,0.20190290167009128,622,0.3536977491961415,0.1254332451029884,23.361831687145365,CAM_FRONT_RIGHT,car,0,scene-1100,19
car,False,0.9639871382636656,True,0.8654734411085451,0.00035,0.99965,0.0005567928730512249,0.0010000000000000002,0.0013227513227513227,0.005000000000000001,0.0013227513227513227,0.005000000000000001,-0.5293313034173011,,,,0.16150468587875366,-0.5398216488587092,-0.5293313034173011,,0,,,,CAM_FRONT_RIGHT,car,1,scene-1100,19
car,True,0.9615692554043235,False,,0.00935,0.98845,0.008928571428571428,0.008000000000000002,0.006510416666666667,0.010000000000000004,0.006510416666666667,0.010000000000000004,0.11757695904009102,0.0005245672320335723,0.006000000000000002,0.0,-0.49665576219558716,0.09984812407406429,0.11757695904009102,0.13240533170746427,43,0.0,0.10907073967626577,31.08817639400135,CAM_FRONT_RIGHT,car,2,scene-1100,19
bus,True,0.7218334499650105,False,,0.01705,0.9825,0.018757415111057715,2.4980000000000007,0.015239078087375301,3.1010000000000004,0.015239078087375301,3.1010000000000004,1.2718656986194385,0.009483637386199867,1.3490000000000004,0.00415,-0.47340577840805054,1.0457459154131121,1.2718656986194385,-0.07165385913055466,140,0.34285714285714286,0.0064048543696154,26.709770597495627,CAM_FRONT_RIGHT,bus,0,scene-1100,19
car,True,0.9942912537699268,False,,0.0013,0.9987,0.0007120129942371448,0.09600000000000002,0.0012306726575921766,0.2980000000000001,0.0012306726575921766,0.2980000000000001,3.386343488120569,0.02666666666666667,0.32400000000000007,0.10035,-0.4351407587528229,3.1411876284599938,3.386343488120569,-0.1187822870345896,9,0.0,10.079853446749832,19.036094302803527,CAM_BACK,car,0,scene-1100,19
car,False,0.887815750371471,False,,0.78925,0.1566,0.5813953488372093,0.02500000000000001,0.675,0.027000000000000007,0.675,0.027000000000000007,-1.4263558120624444,,,,-0.09888731688261032,-1.4322621214023852,-1.4263558120624444,,2113,0.8731661145291055,,,CAM_BACK,car,1,scene-1100,19
car,True,0.9756066734074823,False,,0.13765,0.84665,0.14061505832449628,0.663,0.12626262626262627,2.2000000000000006,0.12626262626262627,2.2000000000000006,0.22844173403113033,0.06946182728410513,0.9990000000000002,0.0923,-0.1353931874036789,0.14923372192773038,0.22844173403113033,-0.11442482493502759,867,0.5570934256055363,0.0,6.05321927351661,CAM_BACK,car,2,scene-1100,19
car,True,0.7069157215921725,False,,0.0162,0.98255,0.017912850961054643,0.17800000000000005,0.022580363382250175,0.5170000000000001,0.022580363382250175,0.5170000000000001,0.4929093104149964,0.02666666666666667,0.32400000000000007,0.0305,-0.43230190873146057,0.43134461745219776,0.4929093104149964,-0.11594343701322729,146,0.6438356164383562,10.079853446749832,19.036094302803527,CAM_BACK_RIGHT,car,0,scene-1100,19
car,True,0.9380912935431835,True,0.746923544215916,0.1471,0.8503,0.07863434123308817,0.8660000000000003,0.1298639455782313,1.9090000000000005,0.1298639455782313,1.9090000000000005,-0.10287020936246805,0.05606060606060606,0.6290000000000001,0.10495,-0.10542050004005432,-0.18292595517501384,-0.10287020936246805,-0.03301331838547583,1359,0.8903605592347315,6.174198295151764,15.59254899902009,CAM_FRONT,car,0,scene-1100,20
car,False,0.8048359240069085,False,,0.0,1.0,0.0,0.0,0.0001377410468319559,0.001,0.0001377410468319559,0.001,-0.7256862552357539,,,,0.2867322266101837,-0.7909824396277438,-0.7256862552357539,,0,,,,CAM_FRONT,car,1,scene-1100,20
car,False,0.7903861308116628,True,0.6865160848733745,0.0,1.0,0.0,0.0,0.0,0.0,0.0,0.0,-1.2756261210838353,,,,0.3698291480541229,-1.3315819038313195,-1.2756261210838353,,0,,,,CAM_FRONT,car,2,scene-1100,20
car,False,0.4042328042328042,False,,0.0,1.0,0.0,0.0,0.0,0.0,0.0,0.0,-0.919320038461164,,,,0.46508440375328064,-0.9653093160520358,-0.919320038461164,,0,,,,CAM_FRONT,car,3,scene-1100,20
car,False,0.28604923798358733,True,0.20486985726280438,0.0,1.0,0.0,0.0,0.0,0.0,0.0,0.0,-0.4957133721306639,,,,0.4024237096309662,-0.5551927495650947,-0.4957133721306639,,0,,,,CAM_FRONT,car,4,scene-1100,20
bus,False,0.8433290274958479,False,,0.0,1.0,0.0,0.0,0.0,0.0,0.0,0.0,0.21128655499492677,,,,0.5402015447616577,0.06513711339869727,0.21128655499492677,,0,,,,CAM_FRONT,bus,0,scene-1100,20
car,False,0.6785896780786919,False,,0.02125,0.97875,0.009532739490545398,0.06100000000000002,0.0077777777777777776,0.07700000000000001,0.0077777777777777776,0.07700000000000001,-0.23555069021868347,,,,0.3755989968776703,-0.30594185763967474,-0.23555069021868347,,192,1.0,,,CAM_FRONT_LEFT,car,0,scene-1100,20
car,False,0.5292841648590022,True,0.5230439442658092,0.0,1.0,0.0,0.0,0.0,0.0,0.0,0.0,-0.9607886860235135,,,,0.6642881631851196,-1.0094216775921527,-0.9607886860235135,,0,,,,CAM_FRONT_LEFT,car,1,scene-1100,20
car,False,0.10718954248366012,True,0.06431372549019608,0.0,1.0,0.0,0.0,0.0,0.0,0.0,0.0,-0.42008522379244084,,,,0.49984851479530334,-0.46149486979293197,-0.42008522379244084,,0,,,,CAM_FRONT_LEFT,car,2,scene-1100,20
bus,False,0.6869786839666358,False,,0.0,1.0,0.0,0.0,0.0,0.0,0.0,0.0,0.6584218239623558,,,,0.6700502634048462,0.49315450835441954,0.6584218239623558,,0,,,,CAM_FRONT_LEFT,bus,0,scene-1100,20
car,True,0.9599084668192219,False,,0.0615,0.9316,0.04077365394668061,0.3900000000000001,0.03984385516220218,0.5920000000000002,0.03984385516220218,0.5920000000000002,0.23285600997510603,0.013980263157894737,0.18700000000000006,0.03405,-0.6075696349143982,0.17875750439255356,0.23285600997510603,0.16138007977143398,485,0.2412371134020619,0.23802498850985637,23.249502500379222,CAM_FRONT_RIGHT,car,0,scene-1100,20
car,True,0.9301142005958292,False,,0.108,0.88615,0.08062234794908062,0.11400000000000002,0.08333333333333333,0.15000000000000002,0.08333333333333333,0.15000000000000002,-0.012716357685232715,0.05606060606060606,0.6290000000000001,0.0,-0.08912815153598785,-0.03857174531769649,-0.012716357685232715,-0.016720969881409364,931,0.37701396348012894,6.174198295151764,15.59254899902009,CAM_FRONT_RIGHT,car,1,scene-1100,20
car,False,0.5979689366786141,True,0.5117586912065439,0.0,1.0,0.0,0.0,0.0,0.0,0.0,0.0,-1.4774955873038311,,,,-0.26038745045661926,-1.485342619400103,-1.4774955873038311,,0,,,,CAM_FRONT_RIGHT,car,2,scene-1100,20
car,True,0.8588074023303632,False,,0.0064,0.9881,0.006936416184971098,0.006000000000000002,0.005333333333333333,0.006000000000000001,0.005333333333333333,0.006000000000000001,0.01553129150242416,0.001398845952089526,0.016000000000000004,0.0,-0.5731441378593445,-0.018072769645832154,0.01553129150242416,0.07755895990895689,7,0.0,0.10952130475427214,31.035036186384314,CAM_FRONT_RIGHT,car,3,scene-1100,20
bus,True,0.9219121290257344,False,,0.02535,0.97455,0.026806471509228068,0.5650000000000002,0.02307908809456797,2.2140000000000004,0.02307908809456797,2.2140000000000004,0.3660453055249222,0.010742029596822383,1.5280000000000002,0.00655,-0.5996654629707336,0.18339819959719061,0.3660453055249222,-0.17787706237740641,250,0.21999999999999997,0.040632897320081005,26.711749649542654,CAM_FRONT_RIGHT,bus,0,scene-1100,20
car,True,0.8790990780721204,True,0.5608248957712925,0.0041,0.9958,0.005434782608695652,0.3730000000000001,0.006919104459150225,0.8950000000000001,0.006919104459150225,0.8950000000000001,1.796332190347803,0.027818930041152264,0.3380000000000001,0.06355,-0.4559065103530884,1.6782277712459979,1.796332190347803,-0.10201349865829257,22,0.5909090909090908,10.210691256663997,23.777656118480717,CAM_BACK,car,0,scene-1100,20
car,True,0.9745528674849939,True,0.8087302906964134,0.15765,0.819,0.11649659863945579,1.0960000000000003,0.18596491228070175,2.968000000000001,0.18596491228070175,2.968000000000001,0.07741429306129666,0.06515088304825477,0.9370000000000003,0.0638,-0.04922649264335632,0.020495550864338477,0.07741429306129666,-0.034155274971095606,1011,0.4490603363006924,0.0,6.049084861399048,CAM_BACK,car,1,scene-1100,20
car,True,0.7629698664181422,False,,0.09175,0.90665,0.05660377358490566,0.03000000000000001,0.06666666666666667,0.08800000000000002,0.06666666666666667,0.08800000000000002,-0.07907699238429844,0.027818930041152264,0.3380000000000001,0.0,-0.5181202292442322,-0.09670967621342619,-0.07907699238429844,-0.16422721754943637,1131,0.9027409372236959,10.210691256663997,23.777656118480717,CAM_BACK_RIGHT,car,0,scene-1100,20
car,False,0.18137254901960784,True,0.14212548015364918,0.0,1.0,0.0,0.0,0.0,0.0,0.0,0.0,-0.7971644285680797,,,,0.4687564969062805,-0.8051577876730811,-0.7971644285680797,,0,,,,CAM_FRONT,car,0,scene-1100,21
car,True,0.9027028603084818,False,,0.07995,0.91275,0.061826767006049874,0.4190000000000001,0.0702522409839483,0.6740000000000003,0.0702522409839483,0.6740000000000003,-0.19819567828073104,0.05516934046345811,0.6190000000000001,0.05515,-0.1084977239370346,-0.24435647639562844,-0.19819567828073104,0.019392780977996016,351,0.41025641025641024,5.868090074293995,15.549197295274684,CAM_FRONT,car,1,scene-1100,21
car,False,0.9263038548752834,False,,0.00175,0.99825,0.0021586616297895305,0.004000000000000001,0.0037105751391465678,0.008000000000000002,0.0037105751391465678,0.008000000000000002,-0.7095525197783763,,,,0.3622223734855652,-0.7499916982708146,-0.7095525197783763,,0,,,,CAM_FRONT,car,2,scene-1100,21
car,False,0.7404063205417607,True,0.7251289609432572,0.0,1.0,0.0,0.0,0.0,0.0,0.0,0.0,-0.785492939343972,,,,0.5378702878952026,-0.8476576897262109,-0.785492939343972,,0,,,,CAM_FRONT,car,3,scene-1100,21
bus,False,0.825075075075075,False,,0.0006,0.9994,0.0009720534629404617,0.012000000000000002,0.0012698412698412698,0.05600000000000001,0.0012698412698412698,0.05600000000000001,-0.5595726091074473,,,,0.4109680652618408,-0.6842075722615879,-0.5595726091074473,,0,,,,CAM_FRONT,bus,0,scene-1100,21
car,False,0.4925,False,,0.0093,0.9907,0.00821317758715094,0.045000000000000005,0.006185807656395891,0.053000000000000005,0.006185807656395891,0.053000000000000005,-0.3478024395984256,,,,0.20038597285747528,-0.40830093872958695,-0.3478024395984256,,62,1.0,,,CAM_FRONT_LEFT,car,0,scene-1100,21
car,False,0.40237691001697795,True,0.29662077596996245,0.0,1.0,0.0,0.0,0.0,0.0,0.0,0.0,-1.0058534302858968,,,,0.2969558835029602,-1.0664941923806084,-1.0058534302858968,,0,,,,CAM_FRONT_LEFT,car,1,scene-1100,21
bus,False,0.6487136330848762,False,,0.0,1.0,0.0,0.0,0.0,0.0,0.0,0.0,0.5586400106932432,,,,0.41430503129959106,0.45660178666034623,0.5586400106932432,,0,,,,CAM_FRONT_LEFT,bus,0,scene-1100,21
car,True,0.8933147389523228,False,,0.04065,0.9565,0.03054040654437283,0.30800000000000005,0.037073170731707315,0.684,0.037073170731707315,0.684,0.16125808270664788,0.017194976076555023,0.23000000000000004,0.03925,-0.5392048358917236,0.09284522736191259,0.16125808270664788,0.2536562208049239,321,0.529595015576324,0.23693912923059052,23.148678635247332,CAM_FRONT_RIGHT,car,0,scene-1100,21
car,True,0.9229570133953341,False,,0.13155,0.8631,0.09477733737467942,0.8130000000000002,0.1327639751552795,1.7100000000000002,0.1327639751552795,1.7100000000000002,-0.16994518222482013,0.05516934046345811,0.6190000000000001,0.0675,-0.09652741253376007,-0.220429006766174,-0.16994518222482013,0.03136309238127055,615,0.7138211382113822,5.868090074293995,15.549197295274684,CAM_FRONT_RIGHT,car,1,scene-1100,21
car,True,0.9151363383416806,False,,0.0003,0.99715,0.00023529411764705883,0.0010000000000000002,0.0015479876160990713,0.009000000000000003,0.0015479876160990713,0.009000000000000003,0.26246138680667785,0.0006119951040391676,0.007000000000000001,0.0,-0.47298890352249146,0.24363202818245056,0.26246138680667785,0.19929326490002763,0,,0.10964761883098062,30.986904567146524,CAM_FRONT_RIGHT,car,2,scene-1100,21
bus,True,0.9763077760998192,False,,0.0336,0.96435,0.034203546000279215,0.7350000000000002,0.023935091277890466,2.5960000000000005,0.023935091277890466,2.5960000000000005,0.7728282991606543,0.010636577735597032,1.5130000000000001,0.0021,-0.44451141357421875,0.5050859363197134,0.7728282991606543,-0.002393013818010825,316,0.30379746835443033,0.04141012895542767,26.713913004726034,CAM_FRONT_RIGHT,bus,0,scene-1100,21
car,True,0.8241673121611154,True,0.6123741007194244,0.0166,0.9834,0.028921023359288096,0.2860000000000001,0.027336860670194002,0.403,0.027336860670194002,0.403,-0.5898437695799312,0.023868312757201648,0.2900000000000001,0.0158,-0.5514724850654602,-0.6300756371533079,-0.5898437695799312,-0.16931327630532778,43,0.06976744186046513,10.35803808029152,28.23093830015502,CAM_BACK,car,0,scene-1100,21
car,True,0.9371362891766899,True,0.7804795320755855,0.137,0.8386,0.14041339985744833,0.5910000000000002,0.18691428571428573,3.271000000000001,0.18691428571428573,3.271000000000001,0.16286010852310984,0.07926574885273258,1.1400000000000001,0.0579,-0.07661637663841248,0.08668335102082783,0.16286010852310984,-0.06803541623320686,1007,0.3634558093346574,0.0,6.045065717809058,CAM_BACK,car,1,scene-1100,21
car,False,0.0,True,0.0,0.0,1.0,0.0,0.0,0.0,0.0,0.0,0.0,0.40532771574136817,,,,0.08997513353824615,0.3218257357606265,0.40532771574136817,,0,,,,CAM_FRONT,car,0,scene-1100,22
car,False,0.8707138842046094,False,,0.0,1.0,0.0,0.0,0.0,0.0,0.0,0.0,-1.2758867618178282,,,,0.16331230103969574,-1.335532756297898,-1.2758867618178282,,0,,,,CAM_FRONT,car,1,scene-1100,22
car,False,0.0,True,0.0,0.0,1.0,0.0,0.0,0.0,0.0,0.0,0.0,-0.6921448622677229,,,,0.12847034633159637,-0.6957503478085263,-0.6921448622677229,,0,,,,CAM_FRONT,car,2,scene-1100,22
motorcycle,False,0.0,True,0.0,0.0,1.0,0.0,0.0,0.0,0.0,0.0,0.0,6.004306270333364,,,,0.03257359564304352,5.990737753205737,6.004306270333364,,0,,,,CAM_FRONT,motorcycle,0,scene-1100,22
car,False,0.45174825174825173,True,0.3392857142857143,0.0,1.0,0.0,0.0,0.0,0.0,0.0,0.0,-1.2382175130151776,,,,0.4284787178039551,-1.2545234669147536,-1.2382175130151776,,0,,,,CAM_FRONT_LEFT,car,0,scene-1100,22
car,False,0.4878487848784879,True,0.43221690590111644,0.0,1.0,0.0,0.0,0.0,0.0,0.0,0.0,-1.4926128440695265,,,,0.2227168083190918,-1.5280197427249833,-1.4926128440695265,,0,,,,CAM_FRONT_LEFT,car,1,scene-1100,22
car,False,0.0,True,0.0,0.01385,0.98615,0.011008296107211232,0.06900000000000002,0.006205357142857143,0.13900000000000004,0.006205357142857143,0.13900000000000004,0.19792528044945334,,,,0.07490187883377075,0.07479607813337907,0.19792528044945334,,69,1.0,,,CAM_FRONT_LEFT,car,2,scene-1100,22
car,False,0.4584464964693102,True,0.2819913130638156,0.01525,0.98475,0.017998417721518986,0.09100000000000001,0.011814982403217697,0.09400000000000003,0.011814982403217697,0.09400000000000003,-0.31184339007649164,,,,0.22957855463027954,-0.36653531238036186,-0.31184339007649164,,125,1.0,,,CAM_FRONT_LEFT,car,3,scene-1100,22
car,True,0.959903121636168,False,,0.06145,0.93575,0.03976053315260364,0.3520000000000001,0.05411661661661662,0.8650000000000002,0.05411661661661662,0.8650000000000002,0.15255114465268926,0.016821172248803827,0.22500000000000003,0.0203,-0.5945130586624146,0.09017367808920707,0.15255114465268926,0.11120533280339817,362,0.34806629834254144,0.23683746574594558,22.960920926415504,CAM_FRONT_RIGHT,car,0,scene-1100,22
car,True,0.9649898028552005,True,0.7738127686340287,0.0998,0.899,0.050904219691895514,0.5320000000000001,0.09682539682539683,1.5250000000000004,0.09682539682539683,1.5250000000000004,-0.16362631491873314,0.044563279857397504,0.5000000000000001,0.05235,-0.16686932742595673,-0.20895127317619275,-0.16362631491873314,-0.06347729238321587,436,0.676605504587156,5.864775966926366,16.475649591877684,CAM_FRONT_RIGHT,car,1,scene-1100,22
car,False,0.6011560693641619,True,0.5017543859649123,0.0,1.0,0.0,0.0,0.0,0.0,0.0,0.0,-1.0194450328475888,,,,0.35202687978744507,-1.0509508909811351,-1.0194450328475888,,0,,,,CAM_FRONT_RIGHT,car,2,scene-1100,22
car,True,0.9538131041890441,False,,0.0064,0.9936,0.005810200129115558,0.009000000000000003,0.00439453125,0.018000000000000006,0.00439453125,0.018000000000000006,0.15032433514783072,0.010928484000699424,0.12500000000000003,0.0062,-0.5131451487541199,0.14677610690280807,0.15032433514783072,0.027503538711444953,45,0.11111111111111116,0.1094370055222534,30.85965942681407,CAM_FRONT_RIGHT,car,3,scene-1100,22
bus,True,0.6802158542983486,False,,0.0135,0.98595,0.015863964973017005,0.7790000000000002,0.011889749594667627,2.970000000000001,0.011889749594667627,2.970000000000001,1.4242654261674703,0.011023234560089986,1.5680000000000005,0.0044,-0.542696475982666,1.18808316628589,1.4242654261674703,-0.21200280472095634,97,0.4948453608247423,0.04078229055579664,26.61694732839795,CAM_FRONT_RIGHT,bus,0,scene-1100,22
car,True,0.9649176234126138,True,0.653150831770114,0.23925,0.7453,0.1429341963322546,1.5900000000000005,0.1513157894736842,2.5300000000000002,0.1513157894736842,2.5300000000000002,0.3781650159957559,0.10193297177026839,1.4660000000000002,0.152,-0.08329200744628906,0.2821231801388912,0.3781650159957559,-0.06884561529157252,2491,0.4853472501003613,0.2380914526023054,6.240128495405857,CAM_BACK,car,0,scene-1100,22
car,True,0.80261493040911,True,0.5610259433962265,0.0057,0.9943,0.006103763987792472,0.012000000000000002,0.014732142857142857,0.09900000000000002,0.014732142857142857,0.09900000000000002,0.16870634521545913,0.014567901234567901,0.17700000000000002,0.0112,-0.48196882009506226,0.15262245390527351,0.16870634521545913,-0.09751553737099083,0,,10.31958697680213,33.91975588383022,CAM_BACK,car,1,scene-1100,22
motorcycle,False,0.5714285714285714,True,0.3465634075508228,0.0048,0.9952,0.012919896640826873,0.005000000000000001,0.016203703703703703,0.007000000000000001,0.016203703703703703,0.007000000000000001,0.06565065608809517,,,,0.07067480683326721,0.058245514064975086,0.06565065608809517,,23,0.17391304347826086,,,CAM_FRONT,motorcycle,0,scene-1100,23
car,False,0.8080402010050252,False,,0.07005,0.9139,0.04926108374384237,0.020000000000000004,0.06060606060606061,0.03600000000000001,0.06060606060606061,0.03600000000000001,-0.3697746475266883,,,,-0.0018830597400665283,-0.3813513011605642,-0.3697746475266883,,604,0.5298013245033113,,,CAM_FRONT_LEFT,car,0,scene-1100,23
car,False,0.13164349959116925,True,0.0931712962962963,0.0,1.0,0.0,0.0,0.0,0.0,0.0,0.0,-1.7503241013572761,,,,0.14425553381443024,-1.7749566380168456,-1.7503241013572761,,0,,,,CAM_FRONT_LEFT,car,1,scene-1100,23
car,False,0.42125729099157483,False,,0.0142,0.9858,0.019118718135469774,0.10500000000000001,0.012648809523809524,0.10200000000000002,0.012648809523809524,0.10200000000000002,-0.30029586431592525,,,,0.19122214615345,-0.3438053750608516,-0.30029586431592525,,149,1.0,,,CAM_FRONT_LEFT,car,2,scene-1100,23
bus,False,0.5654143351985078,False,,0.0,1.0,0.0,0.0,0.0,0.0,0.0,0.0,1.1313903599064519,,,,0.523208498954773,0.9478734105176565,1.1313903599064519,,0,,,,CAM_FRONT_LEFT,bus,0,scene-1100,23
car,True,0.9122748219522413,False,,0.07075,0.9283,0.0420225822287678,0.4280000000000001,0.04994279176201373,0.8730000000000002,0.04994279176201373,0.8730000000000002,0.16247126181759297,0.01756877990430622,0.23500000000000004,0.0392,-0.5601593255996704,0.05923362912543062,0.16247126181759297,0.048007730353771594,429,0.4522144522144522,0.2378572161252347,22.73810926864635,CAM_FRONT_RIGHT,car,0,scene-1100,23
car,True,0.9845891737009216,True,0.8129675810473815,0.073,0.92345,0.03302549688817506,0.329,0.024930555555555556,0.3590000000000001,0.024930555555555556,0.3590000000000001,-0.11906735774397781,0.08377896613190731,0.9400000000000003,0.08035,-0.132799431681633,-0.16956465912531068,-0.11906735774397781,-0.11874376434498057,328,0.7896341463414634,6.421297071443816,18.131609442587834,CAM_FRONT_RIGHT,car,1,scene-1100,23
car,False,0.6178343949044586,True,0.6128158844765343,0.0,1.0,0.0,0.0,0.0,0.0,0.0,0.0,-1.1563444056994636,,,,0.510656476020813,-1.160783947801251,-1.1563444056994636,,0,,,,CAM_FRONT_RIGHT,car,2,scene-1100,23
car,False,0.7079467527228721,False,,0.00535,0.99465,0.003943217665615142,0.005000000000000001,0.003980539584254755,0.018000000000000006,0.003980539584254755,0.018000000000000006,0.06810900186628777,,,,-0.526831865310669,0.04523423176513097,0.06810900186628777,,41,0.0,,,CAM_FRONT_RIGHT,car,3,scene-1100,23
bus,True,0.9419839223418778,False,,0.02555,0.9723,0.024131446991404012,0.5390000000000001,0.02135782659215404,1.9300000000000004,0.02135782659215404,1.9300000000000004,0.5499292428148912,0.008183064431087208,1.1640000000000001,0.00475,-0.4536782503128052,0.3358732851115048,0.5499292428148912,-0.24972846191432962,170,0.2529411764705882,0.040617594049467715,26.458924853794947,CAM_FRONT_RIGHT,bus,0,scene-1100,23
car,True,0.9226603325415677,True,0.6386948260742473,0.2331,0.7526,0.2229122055674518,1.0410000000000001,0.1457002457002457,2.3720000000000008,0.1457002457002457,2.3720000000000008,0.44526338489219885,0.1095118898623279,1.5750000000000002,0.14005,-0.039360806345939636,0.3613757438425677,0.44526338489219885,-0.021974009410412942,2355,0.4819532908704883,0.4992636585555572,6.297237661189192,CAM_BACK,car,0,scene-1100,23
car,False,0.0,True,0.0,0.0,1.0,0.0,0.0,0.0,0.0,0.0,0.0,-0.38724922746830637,,,,0.18711340427398682,-0.39981621846449034,-0.38724922746830637,,0,,,,CAM_FRONT,car,0,scene-1100,24
car,False,0.5502008032128514,True,0.4221879815100154,0.0,1.0,0.0,0.0,0.0,0.0,0.0,0.0,-1.3847697131305976,,,,0.7585862278938293,-1.4677806440011394,-1.3847697131305976,,0,,,,CAM_FRONT,car,1,scene-1100,24
motorcycle,True,0.8478409869773817,True,0.6555378908320085,0.0721,0.9279,0.06082725060827251,0.025000000000000005,0.06666666666666667,0.028000000000000008,0.06666666666666667,0.028000000000000008,-0.2341077350099825,0.029738562091503266,0.09100000000000003,0.04685,0.08723536133766174,-0.24266006905075166,-0.2341077350099825,-0.26513835621941717,797,0.017565872020075313,10.30767416328573,28.923034709769407,CAM_FRONT,motorcycle,0,scene-1100,24
car,False,0.21787709497206703,True,0.10290237467018469,0.0,1.0,0.0,0.0,0.0,0.0,0.0,0.0,-0.14967927268757908,,,,0.2642855942249298,-0.1658305306895982,-0.14967927268757908,,0,,,,CAM_FRONT_LEFT,car,0,scene-1100,24
car,False,0.5113484646194927,False,,0.01135,0.98865,0.01150817686250757,0.05700000000000001,0.00784313725490196,0.05600000000000001,0.00784313725490196,0.05600000000000001,-0.2874851359351789,,,,0.2730559706687927,-0.3341521133766072,-0.2874851359351789,,85,1.0,,,CAM_FRONT_LEFT,car,1,scene-1100,24
bus,False,0.7120983935742972,False,,0.0,1.0,0.0,0.0,0.0,0.0,0.0,0.0,-0.8735330009531463,,,,0.2902264893054962,-0.9799299932492793,-0.8735330009531463,,0,,,,CAM_FRONT_LEFT,bus,0,scene-1100,24
car,True,0.9344874405974203,True,0.6440142698403415,0.0787,0.9209,0.046426014929951936,0.45400000000000007,0.061717451523545706,1.1140000000000003,0.061717451523545706,1.1140000000000003,0.1381169634595527,0.029904306220095694,0.4000000000000001,0.0386,-0.4840582311153412,0.05987403778344236,0.1381169634595527,0.08467193836726938,428,0.4018691588785047,0.23694291504922557,22.5413479734255,CAM_FRONT_RIGHT,car,0,scene-1100,24
car,False,0.9369768586903003,True,0.7733807467614935,0.03635,0.96225,0.012232415902140673,0.11200000000000003,0.043478260869565216,0.6000000000000001,0.043478260869565216,0.6000000000000001,-0.26297688908096317,,,,-0.24063682556152344,-0.35098040211399945,-0.26297688908096317,,161,0.8509316770186335,,,CAM_FRONT_RIGHT,car,1,scene-1100,24
car,False,0.5343567251461988,True,0.4023115024766098,0.0026,0.9974,0.007747196738022426,0.038000000000000006,0.0069580078125,0.057000000000000016,0.0069580078125,0.057000000000000016,-1.5009503908710755,,,,0.5450846552848816,-1.5050898754047615,-1.5009503908710755,,10,0.0,,,CAM_FRONT_RIGHT,car,2,scene-1100,24
bus,True,0.9525830491347733,True,0.728952811769027,0.02615,0.97115,0.02282447006322053,0.4910000000000001,0.019731400461451394,1.8130000000000004,0.019731400461451394,1.8130000000000004,0.4454907217655899,0.007873738971492846,1.12,0.0032,-0.473055362701416,0.26531317319454006,0.4454907217655899,-0.3284285646159728,221,0.35746606334841624,0.040617991191871476,26.340956504457104,CAM_FRONT_RIGHT,bus,0,scene-1100,24
car,True,0.9607330108410154,True,0.7403601181637725,0.1725,0.8079,0.0889388489208633,0.9890000000000002,0.11898034398034397,1.9370000000000005,0.11898034398034397,1.9370000000000005,0.30988176869448125,0.0867056042275066,1.2470000000000003,0.1384,-0.09410524368286133,0.2226849680151815,0.30988176869448125,-0.07874626989949396,1511,0.4976836532097948,0.4992685401535565,6.270342679884476,CAM_BACK,car,0,scene-1100,24
car,False,0.635706340378198,True,0.5589242053789731,0.0,1.0,0.0,0.0,0.0,0.0,0.0,0.0,-0.40805331281276946,,,,-0.43869760632514954,-0.4369940748838834,-0.40805331281276946,,0,,,,CAM_BACK,car,1,scene-1100,24
car,False,0.17952314165497896,True,0.12081170363378953,0.04175,0.95825,0.07958477508650519,0.023000000000000007,0.07333333333333333,0.022000000000000002,0.07333333333333333,0.022000000000000002,-1.1190974727307217,,,,-0.054589539766311646,-1.1258843119964175,-1.1190974727307217,,6,1.0,,,CAM_FRONT,car,0,scene-1100,25
car,False,0.48138056312443234,False,,0.0,1.0,0.0,0.0,0.0,0.0,0.0,0.0,-1.6944795092240295,,,,0.506614089012146,-1.7344127154877613,-1.6944795092240295,,0,,,,CAM_FRONT,car,1,scene-1100,25
motorcycle,True,0.7312673450508789,True,0.49099378881987576,0.0793,0.9184,0.06796116504854369,0.04900000000000001,0.1074404761904762,0.3610000000000001,0.1074404761904762,0.3610000000000001,-0.15110897788566469,0.05947712418300653,0.18200000000000005,0.03045,-0.09136900305747986,-0.1835564106993517,-0.15110897788566469,-0.33955865135532304,442,0.39366515837104077,10.001793438620615,23.986103656088012,CAM_FRONT,motorcycle,0,scene-1100,25
truck,False,0.7035991531404375,False,,0.0,1.0,0.0,0.0,0.0,0.0,0.0,0.0,-1.6741410282725555,,,,0.5544724464416504,-1.7426903644328315,-1.6741410282725555,,0,,,,CAM_FRONT,truck,0,scene-1100,25
car,False,0.0,True,0.0,0.0,1.0,0.0,0.0,0.0,0.0,0.0,0.0,-0.7859862345415444,,,,0.11835545301437378,-0.7967234637632211,-0.7859862345415444,,0,,,,CAM_FRONT_LEFT,car,0,scene-1100,25
car,False,0.15845070422535212,True,0.07922535211267606,0.0,1.0,0.0,0.0,0.0,0.0,0.0,0.0,-0.0774531941617087,,,,0.2260144054889679,-0.09985738357996138,-0.0774531941617087,,0,,,,CAM_FRONT_LEFT,car,1,scene-1100,25
car,False,0.5658783783783784,True,0.4607977991746905,0.0,1.0,0.0,0.0,0.0,0.0,0.0,0.0,-1.3304667247720876,,,,0.47844037413597107,-1.3520931453893377,-1.3304667247720876,,0,,,,CAM_FRONT_LEFT,car,2,scene-1100,25
car,False,0.609704641350211,False,,0.0499,0.9501,0.014133456904541241,0.061000000000000006,0.01685130285535965,0.10800000000000003,0.01685130285535965,0.10800000000000003,-0.540696903932997,,,,0.22306367754936218,-0.591180087214245,-0.540696903932997,,0,,,,CAM_FRONT_LEFT,car,3,scene-1100,25
bus,False,0.7442576367511248,False,,0.0,1.0,0.0,0.0,0.0,0.0,0.0,0.0,-1.1429470721348922,,,,0.268625944852829,-1.2128624421784147,-1.1429470721348922,,0,,,,CAM_FRONT_LEFT,bus,0,scene-1100,25
car,True,0.9312527864467232,False,,0.05105,0.948,0.03168978434747393,0.3130000000000001,0.05984636146579467,1.1530000000000005,0.05984636146579467,1.1530000000000005,0.1911222431735422,0.02242822966507177,0.30000000000000004,0.0302,-0.48594769835472107,0.09708210532135708,0.1911222431735422,0.13985025596567513,373,0.613941018766756,0.2369417284365606,22.41100440487242,CAM_FRONT_RIGHT,car,0,scene-1100,25
car,False,0.953222049689441,True,0.8233025984911987,0.01605,0.98395,0.006952359243218601,0.06100000000000002,0.013474426807760141,0.19100000000000003,0.013474426807760141,0.19100000000000003,-0.10272794307373645,,,,-0.19198758900165558,-0.18066837259392796,-0.10272794307373645,,63,0.0,,,CAM_FRONT_RIGHT,car,1,scene-1100,25
car,True,0.8903203342618384,False,,0.02105,0.97855,0.02155887230514096,0.013000000000000001,0.015625,0.024000000000000007,0.015625,0.024000000000000007,-0.035137266515491206,0.003846826368246197,0.04400000000000001,0.0,-0.45724862813949585,-0.0694598026199314,-0.035137266515491206,-0.06977045182386643,111,0.0,0.2093737840806721,30.368629072808695,CAM_FRONT_RIGHT,car,2,scene-1100,25
bus,True,0.9759602030251762,False,,0.02425,0.97345,0.01808596068573025,1.0360000000000003,0.020291987762847075,1.5720000000000005,0.020291987762847075,1.5720000000000005,0.2180144394581791,0.00821821505149566,1.1690000000000003,0.00305,-0.4381507337093353,0.0013849499321110237,0.2180144394581791,-0.23777682345182827,177,0.25988700564971756,0.041410583221653086,26.31796101088494,CAM_FRONT_RIGHT,bus,0,scene-1100,25
car,True,0.977159056028023,True,0.821718962336489,0.1048,0.8761,0.07464938753772413,0.8410000000000002,0.12746786042240588,2.2210000000000005,0.12746786042240588,2.2210000000000005,0.1796633585346682,0.08740091781393408,1.2570000000000003,0.13125,-0.09917677938938141,0.09992686579323481,0.1796633585346682,-0.09648042281100777,615,0.6520325203252033,0.348201286919037,6.0739016260112955,CAM_BACK,car,0,scene-1100,25
car,False,0.49218168279970215,True,0.36824512534818943,0.0,1.0,0.0,0.0,0.0,0.0,0.0,0.0,-0.3644885722596978,,,,-0.4235178232192993,-0.38693769436899356,-0.3644885722596978,,0,,,,CAM_BACK,car,1,scene-1100,25
motorcycle,True,0.68425346750068,True,0.49381746810598626,0.0596,0.93545,0.05657492354740061,0.037000000000000005,0.09600389863547758,0.19700000000000004,0.09600389863547758,0.19700000000000004,-0.2133741882701381,0.1173202614379085,0.3590000000000001,0.0732,-0.023761622607707977,-0.2503052242831473,-0.2133741882701381,-0.17291747455284046,432,0.25231481481481477,10.468368050370133,19.167897169342023,CAM_FRONT,motorcycle,0,scene-1100,26
car,False,0.4380825565912117,False,,0.0,1.0,0.0,0.0,0.0,0.0,0.0,0.0,-1.306301594967319,,,,0.17013433575630188,-1.3194704686083696,-1.306301594967319,,0,,,,CAM_FRONT_LEFT,car,0,scene-1100,26
car,False,0.0,True,0.0,0.0,1.0,0.0,0.0,0.0,0.0,0.0,0.0,0.3952061824924921,,,,0.1662481725215912,0.384042414716777,0.3952061824924921,,0,,,,CAM_FRONT_LEFT,car,1,scene-1100,26
car,False,0.5285935085007728,False,,0.03165,0.96835,0.01665761361578852,0.09200000000000001,0.013242784380305603,0.11700000000000005,0.013242784380305603,0.11700000000000005,-0.39251517943766556,,,,0.16066411137580872,-0.4507993559731239,-0.39251517943766556,,0,,,,CAM_FRONT_LEFT,car,2,scene-1100,26
bus,True,0.7803800265134777,False,,0.0001,0.9999,0.00024221872350732712,0.0020000000000000005,0.0004531224254407645,0.011000000000000003,0.0004531224254407645,0.011000000000000003,-1.3032089138760332,0.0,0.0,0.0,0.17055675387382507,-1.421679723381141,-1.3032089138760332,-1.6679273671287915,0,,5.735540042249944,98.26016099692015,CAM_FRONT_LEFT,bus,0,scene-1100,26
car,True,0.9553022883091443,False,,0.0632,0.93405,0.042163882259347654,0.4240000000000001,0.0568019943019943,0.9570000000000001,0.0568019943019943,0.9570000000000001,0.16457502207100427,0.02138157894736842,0.2860000000000001,0.0463,-0.5129151344299316,0.09897929547672901,0.16457502207100427,0.13020285404745346,478,0.4497907949790795,0.24490160783611575,22.302486788191754,CAM_FRONT_RIGHT,car,0,scene-1100,26
car,True,0.9529362180387749,True,0.7357630979498861,0.0024,0.9975,0.0025635309852875612,0.023000000000000003,0.00641025641025641,0.08800000000000002,0.00641025641025641,0.08800000000000002,-0.10901820528241624,0.0058823529411764705,0.06600000000000002,0.0016,-0.1911398470401764,-0.17712334979245106,-0.10901820528241624,-0.15289058609052986,0,,8.192329203539932,27.853283002466554,CAM_FRONT_RIGHT,car,1,scene-1100,26
car,True,0.9643864598025388,False,,0.01455,0.98365,0.016683022571148183,0.017000000000000005,0.008024691358024692,0.013000000000000003,0.008024691358024692,0.013000000000000003,-0.13712297447629918,0.006207378912397272,0.07100000000000001,0.0,-0.49752557277679443,-0.15537586604006098,-0.13712297447629918,-0.0991029030379707,61,0.3278688524590164,0.20836108863311512,30.267522419665678,CAM_FRONT_RIGHT,car,2,scene-1100,26
bus,True,0.963590391908976,False,,0.02115,0.97685,0.02364723154362416,0.4510000000000001,0.021577380952380952,1.8270000000000006,0.021577380952380952,1.8270000000000006,0.3401828432913909,0.009659390488242117,1.3740000000000003,0.0025,-0.45749056339263916,0.15347602242772718,0.3401828432913909,-0.24766268037461714,179,0.4022346368715084,0.04143358606557426,26.32257668625895,CAM_FRONT_RIGHT,bus,0,scene-1100,26
car,True,0.9374013213022501,True,0.6284207289670996,0.19025,0.79245,0.11564625850340136,1.2070000000000003,0.1372511967750063,2.1790000000000003,0.1372511967750063,2.1790000000000003,0.2665590024636447,0.08879154498678904,1.2770000000000004,0.1327,-0.06311778724193573,0.19444402281187184,0.2665590024636447,-0.06942571461700608,1829,0.5746309458720613,0.09831295974283653,5.966631302499598,CAM_BACK,car,0,scene-1100,26
car,False,0.5227995758218452,True,0.4477747502270663,0.0,1.0,0.0,0.0,0.0,0.0,0.0,0.0,-0.34571385575167723,,,,-0.5199735760688782,-0.3544538748600958,-0.34571385575167723,,0,,,,CAM_BACK,car,1,scene-1100,26
motorcycle,True,0.7808749516066589,True,0.5294658091613073,0.1445,0.84585,0.14377224199288255,0.202,0.22068181818181817,0.9710000000000002,0.22113636363636363,0.9730000000000002,-0.0009519285823267332,0.17908496732026144,0.5480000000000002,0.16055,-0.024492517113685608,-0.11885944834908804,-0.06864084274436233,-0.16742181883042995,1067,0.4461105904404874,10.937342095535849,13.983026420693944,CAM_FRONT,motorcycle,0,scene-1100,27
car,False,0.1863157894736842,True,0.11397295556986478,0.0125,0.9875,0.01641949152542373,0.031000000000000007,0.012471655328798186,0.03300000000000001,0.012471655328798186,0.03300000000000001,-0.690797555816726,,,,0.14967146515846252,-0.70387681076834,-0.690797555816726,,61,1.0,,,CAM_FRONT_LEFT,car,0,scene-1100,27
car,False,0.34318766066838047,False,,0.0,1.0,0.0,0.0,0.0,0.0,0.0,0.0,-0.7147040674995333,,,,0.46750858426094055,-0.7617905013242692,-0.7147040674995333,,0,,,,CAM_FRONT_LEFT,car,1,scene-1100,27
car,False,0.1859903381642512,False,,0.0,1.0,0.0,0.0,0.0,0.0,0.0,0.0,-0.3690549388680342,,,,0.41364946961402893,-0.391060433985599,-0.3690549388680342,,0,,,,CAM_FRONT_LEFT,car,2,scene-1100,27
car,False,0.0,False,,0.0,1.0,0.0,0.0,0.0,0.0,0.0,0.0,-1.063371791790348,,,,0.5423634052276611,-1.077808132878815,-1.063371791790348,,0,,,,CAM_FRONT_LEFT,car,3,scene-1100,27
car,False,0.4132364810330912,False,,0.0,1.0,0.0,0.0,0.0,0.0,0.0,0.0,-0.1496635002022768,,,,0.4109880030155182,-0.19360410484331725,-0.1496635002022768,,0,,,,CAM_FRONT_LEFT,car,4,scene-1100,27
bus,True,0.8800942285041224,False,,0.0,1.0,0.0,0.0,0.0,0.0,0.0,0.0,-1.3718265436903685,0.0,0.0,0.0,0.4142393171787262,-1.4923232613031499,-1.3718265436903685,-1.6005132799304573,0,,6.104602151003022,101.13703136707777,CAM_FRONT_LEFT,bus,0,scene-1100,27
car,True,0.8585468585468585,False,,0.04335,0.955,0.023943477692005756,0.18300000000000002,0.05454545454545454,0.672,0.05454545454545454,0.672,0.08564255776859708,0.02145633971291866,0.28700000000000003,0.0258,-0.4701669216156006,0.02372140954842744,0.08564255776859708,0.17735185017740118,289,0.33564013840830453,0.2525562539649706,22.180874172290817,CAM_FRONT_RIGHT,car,0,scene-1100,27
car,True,0.8458308338332333,True,0.7374476987447699,0.0007,0.9985,0.00109080992637033,0.008000000000000002,0.0005012531328320802,0.006000000000000001,0.0005012531328320802,0.006000000000000001,-0.15271669955860645,0.00026737967914438503,0.003000000000000001,0.0004,-0.2604914903640747,-0.21298202054060522,-0.15271669955860645,-0.2779982495025062,7,0.0,8.41319852436855,31.92497083115392,CAM_FRONT_RIGHT,car,1,scene-1100,27
car,True,0.9909186168354872,False,,0.02175,0.97815,0.026014568158168574,0.025000000000000005,0.0205078125,0.04200000000000001,0.0205078125,0.04200000000000001,-0.03491319946945626,0.011278195488721804,0.12900000000000003,0.0,-0.41869646310806274,-0.08395855564266719,-0.03491319946945626,-0.0140242381746149,187,0.06417112299465244,0.20838482600072675,30.166290858478,CAM_FRONT_RIGHT,car,2,scene-1100,27
bus,True,0.9261953204476093,False,,0.024,0.9734,0.02260061919504644,0.4380000000000001,0.024225173940543958,1.9150000000000005,0.024225173940543958,1.9150000000000005,0.3496561172425532,0.010003866568244929,1.4230000000000003,0.0062,-0.4378798007965088,0.1233232138778051,0.3496561172425532,-0.22581109014576484,181,0.06077348066298338,0.040010245085403365,26.32508782560232,CAM_FRONT_RIGHT,bus,0,scene-1100,27
car,True,0.939622674591903,True,0.6302607979771251,0.1725,0.813,0.11078299776286353,1.2380000000000002,0.12073297787583502,1.9700000000000004,0.12073297787583502,1.9700000000000004,0.27243968191592116,0.08288137950215548,1.1920000000000004,0.13885,-0.07556833326816559,0.19835531547708557,0.27243968191592116,-0.08270193170387663,1667,0.5740851829634073,0.0,5.961303740432931,CAM_BACK,car,0,scene-1100,27
car,False,0.5240506329113924,True,0.37568058076225047,0.0,1.0,0.0,0.0,0.0,0.0,0.0,0.0,-1.7688933315116824,,,,0.5523821115493774,-1.8423303240711806,-1.7688933315116824,,0,,,,CAM_FRONT,car,0,scene-1100,28
car,False,0.8024691358024691,False,,0.0,1.0,0.0,0.0,0.0,0.0,0.0,0.0,-2.0650735662791915,,,,0.6835993528366089,-2.103949565321801,-2.0650735662791915,,0,,,,CAM_FRONT,car,1,scene-1100,28
car,True,0.8061370123691722,True,0.5836059927673497,0.01185,0.98815,0.011095700416088766,0.03200000000000001,0.007367632367632368,0.059000000000000025,0.007367632367632368,0.059000000000000025,0.02403690109994283,0.0003654970760233918,0.005000000000000001,0.0,0.23989462852478027,-0.05137518724897472,0.02403690109994283,-0.35555078658829786,71,0.0,9.608346736599092,48.654786286813405,CAM_FRONT,car,2,scene-1100,28
motorcycle,True,0.8000197413878196,True,0.5564136889438094,0.44235,0.501,0.43455497382198954,0.16600000000000006,0.4192592592592593,0.5660000000000002,0.4192592592592593,0.5660000000000002,-0.15255994228316805,0.3565359477124183,1.0910000000000004,0.20825,-0.01743866503238678,-0.18071004923791353,-0.15255994228316805,-0.051979441788070346,4104,0.47246588693957114,11.21524312873219,9.028594773031697,CAM_FRONT,motorcycle,0,scene-1100,28
car,True,0.6185989348627612,True,0.33510874389702616,0.00615,0.99345,0.002003606491685033,0.040000000000000015,0.0024596615505706413,0.07500000000000001,0.0024596615505706413,0.07500000000000001,0.46081269850980267,0.0003654970760233918,0.005000000000000001,0.0,0.031634584069252014,0.37490541948182693,0.46081269850980267,-0.5638108310438261,47,0.19148936170212771,9.608346736599092,48.654786286813405,CAM_FRONT_LEFT,car,0,scene-1100,28
car,False,0.0,True,0.0,0.0,1.0,0.0,0.0,0.0,0.0,0.0,0.0,0.40555390194676555,,,,0.21455849707126617,0.39542400023559643,0.40555390194676555,,0,,,,CAM_FRONT_LEFT,car,1,scene-1100,28
car,False,0.1773981603153745,False,,0.0,1.0,0.0,0.0,0.0,0.0,0.0,0.0,-2.0141656602507414,,,,0.2739572525024414,-2.071406189824181,-2.0141656602507414,,0,,,,CAM_FRONT_LEFT,car,2,scene-1100,28
car,False,0.0670995670995671,True,0.034103410341034104,0.0,1.0,0.0,0.0,0.0,0.0,0.0,0.0,-0.45870272260884404,,,,0.17365582287311554,-0.4706930964659638,-0.45870272260884404,,0,,,,CAM_FRONT_LEFT,car,3,scene-1100,28
car,False,0.5334462320067739,True,0.46494464944649444,0.0,1.0,0.0,0.0,0.0,0.0,0.0,0.0,-1.8452361206066845,,,,0.2362344115972519,-1.8816187545976817,-1.8452361206066845,,0,,,,CAM_FRONT_LEFT,car,4,scene-1100,28
car,False,0.2739244951712028,False,,0.0,1.0,0.0,0.0,0.0,0.0,0.0,0.0,-0.38398848664683494,,,,0.18898098170757294,-0.4292393085772396,-0.38398848664683494,,0,,,,CAM_FRONT_LEFT,car,5,scene-1100,28
bus,False,0.5825466750576883,False,,0.00025,0.99975,0.00013531799729364006,0.0020000000000000005,0.00022453889334402566,0.014000000000000004,0.00022453889334402566,0.014000000000000004,-1.420737596482926,,,,0.1845526546239853,-1.4767088019861845,-1.420737596482926,,0,,,,CAM_FRONT_LEFT,bus,0,scene-1100,28
car,True,0.9338339591155611,False,,0.06045,0.9375,0.03729580791182838,0.37900000000000006,0.05327700522208531,0.9080000000000001,0.05327700522208531,0.9080000000000001,0.19491146035152163,0.02459629186602871,0.32900000000000007,0.03765,-0.5457290410995483,0.11020219594927672,0.19491146035152163,0.10412681146156666,396,0.3257575757575758,0.2522764368055059,22.058257576612867,CAM_FRONT_RIGHT,car,0,scene-1100,28
car,True,0.7369238736406007,True,0.6849578820697955,0.01355,0.9857,0.005715102157451064,0.04000000000000001,0.0048597102512378506,0.05300000000000001,0.0048597102512378506,0.05300000000000001,-0.369661659727198,0.0024064171122994654,0.027000000000000007,0.0033,-0.3912343382835388,-0.43199023224757477,-0.369661659727198,-0.4769591740730582,123,0.2195121951219512,9.000598498824726,36.06270107492711,CAM_FRONT_RIGHT,car,1,scene-1100,28
car,True,0.87829209896249,False,,0.00315,0.9958,0.005676442762535478,0.006000000000000001,0.005555555555555556,0.019000000000000006,0.005555555555555556,0.019000000000000006,0.06720203067762842,0.0030599755201958386,0.03500000000000001,0.0,-0.5486263632774353,0.01256348176026889,0.06720203067762842,-0.14200816789074433,4,1.0,0.2087262776786425,30.063983929484838,CAM_FRONT_RIGHT,car,2,scene-1100,28
bus,True,0.9679005496999344,False,,0.0272,0.9715,0.02806226956165506,0.5480000000000002,0.022767857142857142,2.0400000000000005,0.022767857142857142,2.0400000000000005,0.22728868193593765,0.010285071531512532,1.4630000000000003,0.00795,-0.5280891060829163,0.07001885590072576,0.22728868193593765,-0.3175094265221232,177,0.12994350282485878,0.04057327917238206,26.325931943558107,CAM_FRONT_RIGHT,bus,0,scene-1100,28
car,True,0.9612869151885921,True,0.7782544557912815,0.11405,0.87135,0.1118357951275657,0.5830000000000001,0.1131682962346578,2.1760000000000006,0.1131682962346578,2.1760000000000006,0.26331009377872894,0.08747044917257683,1.2580000000000002,0.15955,-0.13076908886432648,0.17818063969783504,0.26331009377872894,-0.13839673919846585,751,0.7057256990679095,0.0,5.95888814566122,CAM_BACK,car,0,scene-1100,28
car,False,0.6637630662020906,False,,0.23255,0.76745,0.17105263157894737,0.013000000000000003,0.18888888888888888,0.017000000000000005,0.18888888888888888,0.017000000000000005,-1.3424273623572103,,,,0.004008948802947998,-1.3474833779615432,-1.3424273623572103,,0,,,,CAM_FRONT,car,0,scene-1100,29
car,True,0.8106219426974144,True,0.7084690553745928,0.0099,0.98925,0.0077777777777777776,0.056000000000000015,0.006274509803921568,0.10400000000000001,0.006274509803921568,0.10400000000000001,-0.16238679312180404,0.001608187134502924,0.022000000000000006,0.0,0.12847375869750977,-0.26167678214063095,-0.16238679312180404,-0.4239187672442548,65,0.03076923076923077,9.872724625564356,43.76285276957412,CAM_FRONT,car,1,scene-1100,29
car,False,0.7052238805970149,True,0.49920760697305866,0.0,1.0,0.0,0.0,0.0,0.0,0.0,0.0,-1.5267867227426972,,,,0.5412823557853699,-1.6137778746653488,-1.5267867227426972,,0,,,,CAM_FRONT,car,2,scene-1100,29
car,True,0.49964714184897674,True,0.4324984728161271,0.0,1.0,0.0,0.0,0.025892408245349424,0.10300000000000004,0.025892408245349424,0.10300000000000004,-0.8830367998862285,0.001608187134502924,0.022000000000000006,0.0,0.15696057677268982,-0.9250169278212634,-0.8830367998862285,-0.39543194916907476,0,,9.872724625564356,43.76285276957412,CAM_FRONT_LEFT,car,0,scene-1100,29
car,False,0.41308243727598565,True,0.25782997762863535,0.0,1.0,0.0,0.0,0.0,0.0,0.0,0.0,-0.2089900009796759,,,,0.37038931250572205,-0.2687753737811227,-0.2089900009796759,,0,,,,CAM_FRONT_LEFT,car,1,scene-1100,29
bus,True,0.7106529209621993,True,0.4662558244401022,0.0,1.0,0.0,0.0,0.0,0.0,0.0,0.0,-1.4381146545420174,0.0,0.0,0.0,0.22933849692344666,-1.505931863385554,-1.4381146545420174,-2.13311394593438,0,,6.104498140023177,106.80079608621757,CAM_FRONT_LEFT,bus,0,scene-1100,29
car,True,0.9187804030576789,False,,0.0263,0.9727,0.017971089985675218,0.13800000000000004,0.04054054054054054,0.5610000000000002,0.04054054054054054,0.5610000000000002,0.08382196155051869,0.022652511961722487,0.30300000000000005,0.01635,-0.5200710892677307,0.012373598438062627,0.08382196155051869,0.1326692600065743,134,0.3955223880597015,0.12378641818634592,21.935258238771613,CAM_FRONT_RIGHT,car,0,scene-1100,29
car,False,0.0,True,0.0,0.0,1.0,0.0,0.0,0.0,0.0,0.0,0.0,23.94248570949986,,,,-0.562140941619873,23.790980776326464,23.94248570949986,,0,,,,CAM_FRONT_RIGHT,car,1,scene-1100,29
car,True,0.9512034289482361,False,,0.03335,0.96395,0.02043010752688172,0.019000000000000006,0.01488095238095238,0.025000000000000005,0.01488095238095238,0.025000000000000005,-0.1085553304149327,0.008742787200559538,0.10000000000000002,0.0,-0.4675937294960022,-0.13542085320845693,-0.1085553304149327,-0.05784572005159461,190,0.0,0.20827083712551525,29.96050734382621,CAM_FRONT_RIGHT,car,2,scene-1100,29
motorcycle,True,0.7678946462385953,True,0.5332034401764315,0.70415,0.14225,0.6901615271659325,0.47000000000000014,0.7400641025641026,2.3090000000000006,0.7400641025641026,2.3090000000000006,-0.021271016774635276,0.6098039215686275,1.8660000000000008,0.40455,-0.08885688334703445,-0.0709879862877775,-0.021271016774635276,-0.0022438378815327065,7585,0.6614370468029005,11.374557983384875,5.0539839256103285,CAM_FRONT_RIGHT,motorcycle,0,scene-1100,29
bus,True,0.777780568672762,False,,0.0138,0.9858,0.014900624121968633,0.6470000000000002,0.01255806305750812,2.444000000000001,0.01255806305750812,2.444000000000001,1.1047878878939128,0.009265703539667476,1.3180000000000005,0.0057,-0.47519809007644653,0.8384312730172074,1.1047878878939128,-0.2640336323214938,112,0.3392857142857143,0.04138843453972427,26.325581016116335,CAM_FRONT_RIGHT,bus,0,scene-1100,29
car,True,0.9907269996312386,True,0.7635816632815046,0.11135,0.8745,0.07222581688773859,0.8930000000000001,0.12221759933430414,2.3500000000000005,0.12221759933430414,2.3500000000000005,0.28570472779265854,0.08274231678486997,1.1900000000000002,0.1571,-0.03887120634317398,0.20673101075674102,0.28570472779265854,-0.047343306267417784,762,0.7611548556430446,0.0,5.957549530287413,CAM_BACK,car,0,scene-1100,29
car,False,0.20949720670391062,True,0.08393017009847807,0.39595,0.60405,0.3136094674556213,0.05300000000000001,0.3111111111111111,0.056000000000000015,0.3111111111111111,0.056000000000000015,-1.1148756064657177,,,,-0.0472271554172039,-1.1291559214929734,-1.1148756064657177,,2092,1.0,,,CAM_FRONT,car,0,scene-1100,30
car,False,0.0,False,,0.0,1.0,0.0,0.0,0.035897435897435895,0.014000000000000002,0.035897435897435895,0.014000000000000002,-1.0621523215099375,,,,0.09085963666439056,-1.080886358374492,-1.0621523215099375,,0,,,,CAM_FRONT,car,1,scene-1100,30
car,False,0.9152040600549799,False,,0.0003,0.99955,0.0010033109260559848,0.010000000000000004,0.0008051529790660225,0.013000000000000003,0.0008051529790660225,0.013000000000000003,0.0020216033315629822,,,,0.1566726565361023,-0.09203423742840777,0.0020216033315629822,,2,0.0,,,CAM_FRONT,car,2,scene-1100,30
car,True,0.5051610239471511,True,0.37250723093317095,0.0074,0.9926,0.00885851683118198,0.03500000000000001,0.005219660722053067,0.03600000000000001,0.005219660722053067,0.03600000000000001,-0.8450649904029888,0.0014619883040935672,0.020000000000000004,0.00185,0.04610490798950195,-0.9135079662767804,-0.8450649904029888,-0.46723806208868246,57,0.03508771929824561,9.873185826987548,38.88804267856854,CAM_FRONT_LEFT,car,0,scene-1100,30
car,False,0.5457685664939551,True,0.4398051496172582,0.0,1.0,0.0,0.0,0.0,0.0,0.0,0.0,-0.6943231506244936,,,,0.33132532238960266,-0.7303732518158168,-0.6943231506244936,,0,,,,CAM_FRONT_LEFT,car,1,scene-1100,30
car,False,0.3009320905459387,True,0.22178606476938176,0.0,1.0,0.0,0.0,0.0,0.0,0.0,0.0,-0.8715371616670362,,,,0.36735591292381287,-0.9074945274291146,-0.8715371616670362,,0,,,,CAM_FRONT_LEFT,car,2,scene-1100,30
car,True,0.8154539935825167,False,,0.06715,0.9315,0.03508546459323994,0.273,0.06853864734299517,0.9080000000000001,0.06853864734299517,0.9080000000000001,0.012608631190888842,0.02549342105263158,0.3410000000000001,0.0268,-0.45472121238708496,-0.04072504966131285,0.012608631190888842,0.20046609913612556,395,0.5215189873417722,0.006709752470845525,21.938300365298993,CAM_FRONT_RIGHT,car,0,scene-1100,30
car,False,0.5880370682392586,True,0.5533095521204915,0.0,1.0,0.0,0.0,0.0,0.0,0.0,0.0,-0.5419956554884271,,,,-0.2396637499332428,-0.5884849447377462,-0.5419956554884271,,0,,,,CAM_FRONT_RIGHT,car,1,scene-1100,30
car,True,0.9397509256142713,False,,0.01705,0.97925,0.014230271668822769,0.011000000000000003,0.008634222919937205,0.011000000000000001,0.008634222919937205,0.011000000000000001,-0.14891944138531077,0.0056828116803637,0.06500000000000002,0.0,-0.4564477801322937,-0.16695159688119093,-0.14891944138531077,-0.04119608880081327,108,0.0,0.1728345641920527,29.858231423708787,CAM_FRONT_RIGHT,car,2,scene-1100,30
bus,True,0.8367984407016842,False,,0.02615,0.97335,0.025152972027972027,1.1510000000000002,0.017867004935970453,4.141000000000001,0.017867004935970453,4.141000000000001,0.9010434633703515,0.010376463144574502,1.4760000000000004,0.0102,-0.40385156869888306,0.65303298811293,0.9010434633703515,-0.19113163851349446,167,0.4251497005988024,0.028607301547863125,26.326413084928028,CAM_FRONT_RIGHT,bus,0,scene-1100,30
car,True,0.9719727072400153,True,0.6913939302373893,0.1665,0.81895,0.09240061299918868,1.0250000000000004,0.13177122700932226,2.0920000000000005,0.13177122700932226,2.0920000000000005,0.21733952008149204,0.0883048254762898,1.2700000000000002,0.14825,-0.06121450662612915,0.14582242227886524,0.21733952008149204,-0.07000120229704376,1230,0.6252032520325204,0.0,5.956903993792784,CAM_BACK,car,0,scene-1100,30
motorcycle,True,0.7101605027684975,True,0.5464334507801827,0.19155,0.7395,0.2698412698412698,0.15300000000000002,0.34210526315789475,0.7020000000000002,0.34210526315789475,0.7020000000000002,-0.10029642763087065,0.42745098039215684,1.3080000000000003,0.1577,-0.11353947222232819,-0.13626979772283326,-0.10029642763087065,0.00788082544820412,957,0.4242424242424242,11.256706953591928,5.775760824926291,CAM_BACK_RIGHT,motorcycle,0,scene-1100,30
car,True,0.8072018004501126,True,0.6240575339287786,0.0122,0.9876,0.016380182002022244,0.08100000000000002,0.024704391891891893,0.3510000000000001,0.024704391891891893,0.3510000000000001,-0.402052247717298,0.006286549707602339,0.08600000000000002,0.00745,0.012353599071502686,-0.4897564428500394,-0.402052247717298,-0.3656566597738964,116,0.008620689655172376,9.874014881200278,34.02230350318521,CAM_FRONT,car,0,scene-1100,31
car,True,0.5022900763358779,False,,0.02235,0.97765,0.019393336648433616,0.039000000000000014,0.020844540075309306,0.15500000000000003,0.020844540075309306,0.15500000000000003,-0.4541134865137719,0.0003654970760233918,0.005000000000000001,0.0,0.20849722623825073,-0.49016175172803034,-0.4541134865137719,-0.5549462353883727,188,0.0,10.614612024285547,57.79832212992692,CAM_FRONT,car,1,scene-1100,31
car,True,0.9428699284009546,True,0.8152973042693151,0.0048,0.99455,0.0019954389965792475,0.021000000000000005,0.0016061980347694634,0.03400000000000001,0.0016061980347694634,0.03400000000000001,-0.14503561899874984,0.006286549707602339,0.08600000000000002,0.0081,-0.014374442398548126,-0.1942929451315604,-0.14503561899874984,-0.3923847012439472,49,0.08163265306122447,9.874014881200278,34.02230350318521,CAM_FRONT_LEFT,car,0,scene-1100,31
car,False,0.0,True,0.0,0.0,1.0,0.0,0.0,0.0,0.0,0.0,0.0,0.15445149634109834,,,,0.3136061429977417,0.13210509479580068,0.15445149634109834,,0,,,,CAM_FRONT_LEFT,car,1,scene-1100,31
car,False,0.30375,False,,0.0,1.0,0.0,0.0,0.0,0.0,0.0,0.0,-0.5028286239860011,,,,0.3253302276134491,-0.5528783757318521,-0.5028286239860011,,0,,,,CAM_FRONT_LEFT,car,2,scene-1100,31
car,False,0.5054585152838428,True,0.38907563025210085,0.0,1.0,0.0,0.0,0.0,0.0,0.0,0.0,-0.9048886612424729,,,,0.2954210340976715,-0.951754951387604,-0.9048886612424729,,0,,,,CAM_FRONT_LEFT,car,3,scene-1100,31
car,True,0.9041970802919708,False,,0.06,0.9375,0.032659228265922824,0.2810000000000001,0.05620838229533882,0.8610000000000002,0.05620838229533882,0.8610000000000002,0.14552432907215218,0.026016746411483254,0.3480000000000001,0.03735,-0.513083815574646,0.07563561257740825,0.14552432907215218,0.14354776422350546,389,0.4575835475578406,0.0067059511903361825,21.941905953095826,CAM_FRONT_RIGHT,car,0,scene-1100,31
car,False,0.8885560215698023,True,0.8046663049376017,0.0,1.0,0.0,0.0,0.0,0.0,0.0,0.0,-0.5490633716078355,,,,-0.22585508227348328,-0.5891613612539088,-0.5490633716078355,,0,,,,CAM_FRONT_RIGHT,car,1,scene-1100,31
car,True,0.9382183908045977,False,,0.0281,0.9719,0.02906350914962325,0.027000000000000007,0.017328825021132713,0.04100000000000001,0.017328825021132713,0.04100000000000001,-0.059779460950099894,0.007518796992481203,0.08600000000000001,0.0017,-0.46385595202445984,-0.08581323688679449,-0.059779460950099894,-0.04606612209995525,202,0.03960396039603964,0.1391832694142072,29.78987029966423,CAM_FRONT_RIGHT,car,2,scene-1100,31
bus,True,0.8666329881283152,False,,0.0182,0.98135,0.012549739822467095,0.9840000000000002,0.01436936936936937,2.871000000000001,0.01436936936936937,2.871000000000001,0.8762881178303656,0.009926535203346338,1.4120000000000001,0.008,-0.5157284736633301,0.6249052732435747,0.8762881178303656,-0.30354616344027496,141,0.6028368794326241,0.0163957116263204,26.32599898011567,CAM_FRONT_RIGHT,bus,0,scene-1100,31
car,True,0.985631294598251,True,0.7650987363666939,0.12635,0.86055,0.09301798398065589,1.2310000000000003,0.12263099219620958,2.6400000000000006,0.12263099219620958,2.6400000000000006,0.23860696998682474,0.08649701015157836,1.2440000000000002,0.18345,-0.10710397362709045,0.16423857995505248,0.23860696998682474,-0.11549960812293114,801,0.7215980024968789,0.0,5.956763840597634,CAM_BACK,car,0,scene-1100,31
motorcycle,True,0.6501682471703885,True,0.27844884056072317,0.15835,0.82845,0.17334669338677355,0.3460000000000001,0.17135802469135802,1.3880000000000003,0.17135802469135802,1.3880000000000003,0.48534243910831565,0.21274509803921568,0.6510000000000001,0.1682,-0.31808650493621826,0.4256026617772758,0.48534243910831565,-0.15733744103048108,1445,0.6103806228373703,11.257232945651099,10.107617272595629,CAM_BACK_RIGHT,motorcycle,0,scene-1100,31
car,True,0.846685878962536,True,0.6875409529158476,0.0224,0.97665,0.013739192230249912,0.11600000000000002,0.012929809605001421,0.18200000000000005,0.012929809605001421,0.18200000000000005,-0.23817649036630706,0.004751461988304093,0.06500000000000002,0.00815,-0.007023602724075317,-0.34024828868721624,-0.23817649036630706,-0.24589160166113255,117,0.008547008547008517,9.967001950273469,29.17461166392322,CAM_FRONT,car,0,scene-1100,32
car,False,0.725748502994012,True,0.505,0.0299,0.9701,0.011384335154826957,0.025000000000000005,0.02097902097902098,0.06300000000000001,0.02097902097902098,0.06300000000000001,-0.949475161679223,,,,0.018345296382904053,-1.000621700227593,-0.949475161679223,,363,0.2148760330578512,,,CAM_FRONT,car,1,scene-1100,32
car,False,0.0,False,,0.0,1.0,0.0,0.0,0.0,0.0,0.0,0.0,-0.4400580135267992,,,,0.4816399812698364,-0.45889717041254907,-0.4400580135267992,,0,,,,CAM_FRONT_LEFT,car,0,scene-1100,32
car,True,0.5241491085899513,True,0.4120795107033639,0.00505,0.9944,0.005422993492407809,0.025000000000000005,0.0038461538461538464,0.03300000000000001,0.0038461538461538464,0.03300000000000001,-0.1046256631161383,0.0005847953216374269,0.008000000000000002,0.0,0.3289499282836914,-0.16984153705341154,-0.1046256631161383,-0.3753416846593358,53,0.0,10.62020826045591,52.50257485592748,CAM_FRONT_LEFT,car,1,scene-1100,32
car,True,0.6733757584726949,False,,0.0082,0.9911,0.005442999697611128,0.05400000000000002,0.011507936507936509,0.17400000000000004,0.011507936507936509,0.17400000000000004,0.10400184946016688,0.004751461988304093,0.06500000000000002,0.00905,0.056226931512355804,0.030716768922304627,0.10400184946016688,-0.18264106742470143,42,0.3571428571428571,9.967001950273469,29.17461166392322,CAM_FRONT_LEFT,car,2,scene-1100,32
car,False,0.5664335664335665,False,,0.0,1.0,0.0,0.0,0.0,0.0,0.0,0.0,-0.5489199876533606,,,,0.4576535224914551,-0.620192615472015,-0.5489199876533606,,0,,,,CAM_FRONT_LEFT,car,3,scene-1100,32
car,False,0.0,True,0.0,0.0,1.0,0.0,0.0,0.0,0.0,0.0,0.0,2.582101798876847,,,,0.4520522952079773,2.541398691362601,2.582101798876847,,0,,,,CAM_FRONT_LEFT,car,4,scene-1100,32
car,True,0.9410953346855984,False,,0.0673,0.93,0.03600900225056264,0.3360000000000001,0.056386514719848055,0.9500000000000002,0.056386514719848055,0.9500000000000002,0.25348231848276015,0.025044856459330144,0.3350000000000001,0.04185,-0.48959800601005554,0.17643820041834335,0.25348231848276015,0.1682557289179989,436,0.30963302752293576,0.006709955689565079,21.94477244041953,CAM_FRONT_RIGHT,car,0,scene-1100,32
car,False,0.8727969348659004,False,,1.0,0.0,1.0,0.003000000000000001,1.0,0.0010000000000000002,1.0,0.0010000000000000002,-1.6751354031596755,,,,-0.18136894702911377,-1.6753439604857268,-1.6751354031596755,,20000,0.4616,,,CAM_FRONT_RIGHT,car,1,scene-1100,32
car,True,0.9687287559483345,False,,0.02085,0.97915,0.0196319018404908,0.016000000000000004,0.010714285714285714,0.018000000000000006,0.010714285714285714,0.018000000000000006,-0.042971975026423914,0.004371393600279769,0.05000000000000001,0.0,-0.42962637543678284,-0.06816498142511485,-0.042971975026423914,-0.007225990274349892,154,0.3116883116883117,0.1392663835415052,29.72084413853356,CAM_FRONT_RIGHT,car,2,scene-1100,32
bus,True,0.8246370235934665,False,,0.01955,0.9793,0.01951662053083347,0.8390000000000002,0.014215848806366048,3.0870000000000006,0.014215848806366048,3.0870000000000006,1.3304251890831242,0.010791240465394215,1.5350000000000004,0.0106,-0.3976792097091675,1.0886901426343378,1.3304251890831242,-0.1847651435738049,139,0.47482014388489213,0.01780914321828262,26.32625620350797,CAM_FRONT_RIGHT,bus,0,scene-1100,32
car,True,0.9820650758439832,True,0.7917429930564104,0.10255,0.8825,0.10463800904977376,0.5550000000000002,0.11473133212263648,2.1480000000000006,0.11473133212263648,2.1480000000000006,0.25243895568423846,0.08413294395772493,1.2100000000000002,0.1528,-0.042957622557878494,0.17992073774888617,0.25243895568423846,-0.051596580069443676,555,0.6486486486486487,0.0,5.956573169455287,CAM_BACK,car,0,scene-1100,32
motorcycle,True,0.9760115606936416,True,0.45858229223248237,0.00015,0.99985,0.00017934806976639914,0.004000000000000001,0.0027272727272727275,0.4560000000000002,0.0027272727272727275,0.4560000000000002,3.9617858775322237,0.1261437908496732,0.3860000000000001,0.12525,-0.40611889958381653,3.7874237493841374,3.9617858775322237,-0.20255879381330688,1,1.0,11.470223340488179,15.231959060390503,CAM_BACK_RIGHT,motorcycle,0,scene-1100,32
car,True,0.8426510721247563,True,0.6933786731682279,0.03765,0.9613,0.032914128512477894,0.3350000000000001,0.04363171355498721,0.8530000000000002,0.04363171355498721,0.8530000000000002,-0.1392915960839083,0.03260233918128655,0.4460000000000001,0.03875,0.008476421236991882,-0.2397074574898416,-0.1392915960839083,-0.1735117986124809,269,0.17100371747211895,10.063215934652998,24.237369406144452,CAM_FRONT,car,0,scene-1100,33
car,False,0.8416119962511716,True,0.6609015639374425,0.0029,0.9971,0.001719777440566515,0.017,0.0012285012285012285,0.019000000000000003,0.0012285012285012285,0.019000000000000003,-0.3709593331629112,,,,0.10689781606197357,-0.48796946384195505,-0.3709593331629112,,31,0.0,,,CAM_FRONT,car,1,scene-1100,33
car,False,0.792166952544311,True,0.6190795352993744,0.00155,0.9978,0.0019047619047619048,0.003000000000000001,0.0015789473684210526,0.0030000000000000005,0.0015789473684210526,0.0030000000000000005,-0.0930501746434107,,,,0.10254263877868652,-0.09756524951268264,-0.0930501746434107,,5,0.6,,,CAM_FRONT_LEFT,car,0,scene-1100,33
car,True,0.6533414708574916,False,,0.03895,0.96005,0.03436673876472002,0.14300000000000004,0.02412280701754386,0.24200000000000002,0.02412280701754386,0.24200000000000002,-0.06242715354877015,0.03260233918128655,0.4460000000000001,0.0249,-0.0009588003158569336,-0.13061064383688065,-0.06242715354877015,-0.1829470201653297,234,0.9401709401709402,10.063215934652998,24.237369406144452,CAM_FRONT_LEFT,car,1,scene-1100,33
car,False,0.3741258741258741,True,0.2434584755403868,0.0,1.0,0.0,0.0,0.0,0.0,0.0,0.0,-1.3437319367145735,,,,0.09232348203659058,-1.3655548776444881,-1.3437319367145735,,0,,,,CAM_FRONT_LEFT,car,2,scene-1100,33
car,False,0.43640350877192985,False,,0.0,1.0,0.0,0.0,0.0,0.0,0.0,0.0,-0.8648397301227981,,,,0.07607439160346985,-0.9397128099051637,-0.8648397301227981,,0,,,,CAM_FRONT_LEFT,car,3,scene-1100,33
car,False,0.4780361757105943,True,0.42725173210161665,0.0,1.0,0.0,0.0,0.0,0.0,0.0,0.0,-2.6918507069360937,,,,0.10112109780311584,-2.7315386916381974,-2.6918507069360937,,0,,,,CAM_FRONT_LEFT,car,4,scene-1100,33
car,True,0.835098840603887,False,,0.06275,0.9359,0.03870573870573871,0.31700000000000006,0.07002142807769406,1.0130000000000001,0.07002142807769406,1.0130000000000001,0.04775562051852322,0.02526913875598086,0.3380000000000001,0.0307,-0.4830111265182495,-0.014675140350359439,0.04775562051852322,0.1767011405663792,456,0.5087719298245614,0.003608571966559041,21.948381268264814,CAM_FRONT_RIGHT,car,0,scene-1100,33
car,False,0.7862385321100918,False,,0.0,1.0,0.0,0.0,0.0,0.0,0.0,0.0,-1.5807096626209498,,,,-0.316780686378479,-1.5966721122634264,-1.5807096626209498,,0,,,,CAM_FRONT_RIGHT,car,1,scene-1100,33
car,True,0.9756008739985433,False,,0.02,0.98,0.013776722090261283,0.029000000000000005,0.012121212121212121,0.038000000000000006,0.012121212121212121,0.038000000000000006,0.061154349645114126,0.0069942297604476305,0.08000000000000002,0.00415,-0.4122077226638794,0.030972330006384274,0.061154349645114126,0.013266048064873526,159,0.018867924528301883,0.13963390986966184,29.65249593737997,CAM_FRONT_RIGHT,car,2,scene-1100,33
bus,True,0.7779249560587921,False,,0.01655,0.98245,0.016873568759792696,0.7000000000000001,0.012095921130574595,2.2870000000000004,0.012095921130574595,2.2870000000000004,1.0998281342849783,0.008970438328236493,1.2760000000000002,0.0068,-0.3866305649280548,0.8481246461350562,1.0998281342849783,-0.17381477245592114,116,0.5,0.017043653397293926,26.325669013116784,CAM_FRONT_RIGHT,bus,0,scene-1100,33
car,True,0.9766615528399373,False,,0.11645,0.86735,0.1238694455367676,0.6300000000000001,0.12376877922594767,2.4880000000000004,0.12376877922594767,2.4880000000000004,0.34366289858566745,0.08607982199972188,1.2380000000000002,0.15065,-0.09736578911542892,0.26313659111106513,0.34366289858566745,-0.10541147595558731,809,0.6971569839307787,0.0,5.9564737372298024,CAM_BACK,car,0,scene-1100,33
car,False,0.9330999611046286,False,,0.366,0.51975,0.47058823529411764,0.016000000000000004,0.4444444444444444,0.012000000000000002,0.4444444444444444,0.012000000000000002,-1.3180558910847129,,,,-0.01507394015789032,-1.3229340445048745,-1.3180558910847129,,4061,0.2602807190347205,,,CAM_BACK,car,1,scene-1100,33
car,True,0.8451676528599605,True,0.7014186608465196,0.04895,0.95025,0.045485812553740325,0.5290000000000001,0.06487812516310872,1.2430000000000003,0.06487812516310872,1.2430000000000003,-0.009510997113473474,0.059137426900584794,0.8090000000000002,0.05965,-0.0282859206199646,-0.12230965733798571,-0.009510997113473474,-0.1537472890178514,324,0.2808641975308642,10.353686869816393,19.34100408634894,CAM_FRONT,car,0,scene-1100,34
car,True,0.8825271470878578,True,0.704269733732472,0.00345,0.99655,0.007527504342790967,0.07800000000000001,0.004576659038901602,0.08000000000000002,0.004576659038901602,0.08000000000000002,-0.21078056904391385,0.0008771929824561404,0.012000000000000004,0.00015,0.09894126653671265,-0.3267268717551974,-0.21078056904391385,-0.4535514650884529,42,0.0,10.658072937001547,41.958106875376494,CAM_FRONT,car,1,scene-1100,34
car,True,0.8009982638888888,True,0.6171208827955191,0.02225,0.977,0.018194665253488784,0.10300000000000004,0.010156118851771026,0.12100000000000004,0.010156118851771026,0.12100000000000004,-0.5456162819648465,0.0008771929824561404,0.012000000000000004,0.0,0.06002423167228699,-0.6024988533662099,-0.5456162819648465,-0.49246849995287856,144,0.03472222222222221,10.658072937001547,41.958106875376494,CAM_FRONT_LEFT,car,0,scene-1100,34
car,False,0.6218579234972678,True,0.48261238337574214,0.0,1.0,0.0,0.0,0.0,0.0,0.0,0.0,-0.9985927401451038,,,,0.13297295570373535,-1.0501255792709803,-0.9985927401451038,,0,,,,CAM_FRONT_LEFT,car,1,scene-1100,34
car,False,0.3495475113122172,True,0.22804428044280442,0.0,1.0,0.0,0.0,0.0,0.0,0.0,0.0,-0.9257482924628406,,,,0.12601181864738464,-0.9337451804756427,-0.9257482924628406,,0,,,,CAM_FRONT_LEFT,car,2,scene-1100,34
car,True,0.917919474684638,False,,0.0536,0.94545,0.03284150404569253,0.276,0.05734284560506125,0.8520000000000002,0.05734284560506125,0.8520000000000002,0.17521003995386453,0.02646531100478469,0.3540000000000001,0.03295,-0.4612692594528198,0.12092266314299682,0.17521003995386453,0.1984027216683144,355,0.47605633802816905,0.0,21.94837475944583,CAM_FRONT_RIGHT,car,0,scene-1100,34
car,False,0.6242840778923253,False,,0.0,1.0,0.0,0.0,0.0,0.0,0.0,0.0,-1.483218561184676,,,,-0.3929360508918762,-1.5050894231270695,-1.483218561184676,,0,,,,CAM_FRONT_RIGHT,car,1,scene-1100,34
car,True,0.9417085427135679,False,,0.01625,0.977,0.018,0.018000000000000002,0.014973958333333334,0.023000000000000007,0.014973958333333334,0.023000000000000007,-0.039696823875878584,0.0113656233607274,0.13000000000000003,0.0022,-0.44548165798187256,-0.06493886487918082,-0.039696823875878584,-0.015793392751420054,106,0.0,0.14009944359427023,29.58335301387976,CAM_FRONT_RIGHT,car,2,scene-1100,34
bus,True,0.7830524746721912,False,,0.0183,0.98115,0.018395153661923642,0.9140000000000003,0.014501599197562406,3.065000000000001,0.014501599197562406,3.065000000000001,1.1255693141982226,0.01004604731273507,1.4290000000000003,0.00725,-0.45182186365127563,0.833103080684024,1.1255693141982226,-0.23915336263860532,164,0.23170731707317072,0.016405338105299472,26.325197397742215,CAM_FRONT_RIGHT,bus,0,scene-1100,34
car,False,0.5699530516431925,False,,0.3365,0.5198,0.5238095238095238,0.011000000000000003,0.8888888888888888,0.008000000000000002,0.8888888888888888,0.008000000000000002,-1.4632874985681652,,,,-0.08347411453723907,-1.465633053366262,-1.4632874985681652,,3592,0.5044543429844097,,,CAM_BACK,car,0,scene-1100,34
car,True,0.9662127682432251,False,,0.1173,0.8604,0.07425552353506244,0.7730000000000001,0.10304862685815067,1.6360000000000003,0.10304862685815067,1.6360000000000003,0.1278907589875765,0.08295091086079821,1.193,0.1311,-0.13228541612625122,0.05271944872061546,0.1278907589875765,-0.13956137321365814,814,0.527027027027027,0.0,5.956588049474824,CAM_BACK,car,1,scene-1100,34
car,True,0.905712216200015,True,0.7631213434908877,0.132,0.86295,0.0691611105582645,0.6950000000000002,0.12549019607843137,2.208,0.12549019607843137,2.208,-0.0553981022903951,0.12551169590643274,1.7170000000000003,0.15575,-0.01111137866973877,-0.14895555110124528,-0.0553981022903951,-0.11256566251122846,523,0.4359464627151052,10.64541259742816,14.216165037744764,CAM_FRONT,car,0,scene-1100,35
car,False,0.8773494743548901,True,0.8095238095238095,0.0012,0.9988,0.0012943786982248522,0.007000000000000002,0.009424603174603174,0.07600000000000001,0.009424603174603174,0.07600000000000001,-0.39397370054195946,,,,0.07174217700958252,-0.47936431655161216,-0.39397370054195946,,0,,,,CAM_FRONT,car,1,scene-1100,35
car,False,0.0,True,0.0,0.0174,0.9826,0.0,0.0,0.0,0.0,0.0,0.0,-1.6034961225477424,,,,-0.29425370693206787,-1.6080062614243935,-1.6034961225477424,,0,,,,CAM_FRONT_LEFT,car,0,scene-1100,35
car,False,0.08265424912689173,False,,0.0,1.0,0.0,0.0,0.0,0.0,0.0,0.0,-0.4544793017112423,,,,0.36460691690444946,-0.49048033918262535,-0.4544793017112423,,0,,,,CAM_FRONT_LEFT,car,1,scene-1100,35
car,False,0.12398373983739837,True,0.08495821727019498,0.0,1.0,0.0,0.0,0.0,0.0,0.0,0.0,-0.4370633853740824,,,,0.3437191843986511,-0.4413469314000873,-0.4370633853740824,,0,,,,CAM_FRONT_LEFT,car,2,scene-1100,35
car,True,0.9177555726364335,False,,0.05055,0.94875,0.033699146436093556,0.30400000000000005,0.053774928774928774,0.9060000000000001,0.053774928774928774,0.9060000000000001,0.1718190861288007,0.023026315789473683,0.30800000000000005,0.0321,-0.46643340587615967,0.10909916060554248,0.1718190861288007,0.19238835409123067,338,0.4556213017751479,0.0,21.948358535836253,CAM_FRONT_RIGHT,car,0,scene-1100,35
car,False,0.825,False,,0.0,1.0,0.0,0.0,0.0,0.0,0.0,0.0,-1.4863395341199013,,,,-0.27578920125961304,-1.5031070116232215,-1.4863395341199013,,0,,,,CAM_FRONT_RIGHT,car,1,scene-1100,35
car,True,0.9272263006702841,False,,0.0405,0.9577,0.04025157232704402,0.03200000000000001,0.034166666666666665,0.041,0.034166666666666665,0.041,0.12013196840789586,0.015562161216995978,0.17800000000000005,0.0,-0.4219211935997009,0.07433363661684689,0.12013196840789586,0.010905984869270857,355,0.22535211267605637,0.03394900102950269,29.5142620706195,CAM_FRONT_RIGHT,car,2,scene-1100,35
bus,True,0.9623468269941151,False,,0.0244,0.974,0.021743923743618446,1.2820000000000003,0.024842767295597486,1.8960000000000006,0.024842767295597486,1.8960000000000006,0.3485246120089551,0.011416921508664628,1.6240000000000003,0.00295,-0.39721256494522095,0.20600521932552873,0.3485246120089551,-0.18533317247690162,184,0.21739130434782605,0.01640502512556334,26.325268725558672,CAM_FRONT_RIGHT,bus,0,scene-1100,35
car,True,0.9482118446002558,True,0.7104962298689541,0.1282,0.8549,0.07977074133233111,0.8490000000000002,0.11554232804232804,1.7470000000000003,0.11554232804232804,1.7470000000000003,0.20429355512363445,0.0867056042275066,1.2470000000000003,0.12825,-0.06630649417638779,0.1293374029219102,0.20429355512363445,-0.07331704231233105,964,0.5342323651452282,0.0,5.956637246304906,CAM_BACK,car,0,scene-1100,35
car,True,0.8221334586466166,True,0.6783637068631252,0.00685,0.99165,0.003055184265801031,0.03200000000000001,0.002398989898989899,0.038000000000000006,0.002398989898989899,0.038000000000000006,-0.08518762504018329,0.000804093567251462,0.011000000000000003,0.0,0.015784263610839844,-0.17366932717476624,-0.08518762504018329,-0.31912183558652973,20,0.0,10.691141112572438,31.429571373597923,CAM_FRONT,car,0,scene-1100,36
car,True,0.5141896938013443,True,0.33132820019249276,0.0,1.0,0.0,0.0,0.0,0.0,0.0,0.0,-1.16412070064605,0.0,0.0,0.0,0.2121371030807495,-1.215983603481485,-1.16412070064605,-0.7172758722091096,0,,9.883143166678828,56.28996947568229,CAM_FRONT,car,1,scene-1100,36
car,True,0.8388026844314476,True,0.6676626739198661,0.1663,0.824,0.12375809935205184,1.1460000000000004,0.18133608815426996,2.6330000000000005,0.18133608815426996,2.6330000000000005,-0.14754036257879966,0.16951754385964912,2.3190000000000004,0.16205,-0.016042232513427734,-0.2391589650684223,-0.14754036257879966,-0.0930055534560108,1318,0.5940819423368741,10.908885564992374,9.319792973928596,CAM_FRONT,car,2,scene-1100,36
car,False,0.06685236768802229,False,,0.0,1.0,0.0,0.0,0.0,0.0,0.0,0.0,-0.8572899776469711,,,,0.2656146287918091,-0.8958114677704547,-0.8572899776469711,,0,,,,CAM_FRONT_LEFT,car,0,scene-1100,36
car,True,0.5437966685812752,False,,0.0078,0.99195,0.006924715909090909,0.07800000000000001,0.005291005291005291,0.09200000000000003,0.005291005291005291,0.09200000000000003,0.3710623850697843,0.000804093567251462,0.011000000000000003,0.0,0.11141990125179291,0.2866038541203153,0.3710623850697843,-0.22348619794557667,73,0.1917808219178082,10.691141112572438,31.429571373597923,CAM_FRONT_LEFT,car,1,scene-1100,36
car,False,0.2518891687657431,True,0.20905923344947736,0.0,1.0,0.0,0.0,0.0,0.0,0.0,0.0,-1.1764433237535092,,,,0.2595662474632263,-1.2410349026964071,-1.1764433237535092,,0,,,,CAM_FRONT_LEFT,car,2,scene-1100,36
car,True,0.8885085992983657,False,,0.05395,0.9458,0.029206892337773432,0.23900000000000005,0.059447128287708,0.8860000000000002,0.059447128287708,0.8860000000000002,0.05708951525912909,0.023175837320574162,0.31000000000000005,0.0233,-0.5323085784912109,-0.012467502499434402,0.05708951525912909,0.12546719371709314,343,0.4139941690962099,0.0,21.948350470430906,CAM_FRONT_RIGHT,car,0,scene-1100,36
car,True,0.9766690595836325,False,,0.0438,0.9554,0.03968253968253968,0.025000000000000005,0.030952380952380953,0.026000000000000006,0.030952380952380953,0.026000000000000006,-0.13765403567306334,0.016349012065046336,0.18700000000000003,0.0,-0.5282382965087891,-0.154610396086946,-0.13765403567306334,-0.09581538133357059,369,0.17344173441734423,0.07342720998153207,29.54947317609846,CAM_FRONT_RIGHT,car,1,scene-1100,36
bus,True,0.8187158400163457,False,,0.02185,0.97745,0.02329870013043674,1.0360000000000003,0.016372394661868347,3.4940000000000007,0.016372394661868347,3.4940000000000007,1.209513515031906,0.009799992969875918,1.3940000000000003,0.00775,-0.5219393968582153,0.9530953116174521,1.209513515031906,-0.3110427889692118,176,0.5340909090909092,0.01640510728155172,26.324744833414815,CAM_FRONT_RIGHT,bus,0,scene-1100,36
car,True,0.9516199125522159,True,0.7118603586569273,0.1371,0.84565,0.1265135699373695,0.6060000000000001,0.1082468074949278,1.8140000000000003,0.1082468074949278,1.8140000000000003,0.28464011870809414,0.08107356417744403,1.1660000000000004,0.141,-0.07119262218475342,0.1967433863665815,0.28464011870809414,-0.07804724974114063,1112,0.5773381294964028,0.0,5.956646711836801,CAM_BACK,car,0,scene-1100,36
car,False,0.0,True,0.0,0.23175,0.76825,0.20074349442379183,0.05400000000000001,0.19886363636363635,0.07000000000000002,0.19886363636363635,0.07000000000000002,-1.2772093115736651,,,,-0.06624898314476013,-1.2931920087227542,-1.2772093115736651,,1531,1.0,,,CAM_FRONT,car,0,scene-1100,37
car,True,0.9614360990419843,False,,0.1556,0.80455,0.10102156640181612,0.3560000000000001,0.1749084249084249,0.9550000000000003,0.1749084249084249,0.9550000000000003,-0.25349985944175435,0.2868421052631579,3.924000000000001,0.087,-0.028766095638275146,-0.319369553275001,-0.25349985944175435,-0.029681806879586325,827,0.6964933494558645,11.174404165565166,5.02066994051328,CAM_FRONT,car,1,scene-1100,37
car,True,0.9138176042798629,True,0.7461097461097461,0.0245,0.9755,0.028688524590163935,0.11900000000000002,0.045113295113295114,0.6610000000000001,0.045113295113295114,0.6610000000000001,-0.2303743673452956,0.011476608187134503,0.15700000000000006,0.00355,-0.06165492534637451,-0.3122856499571161,-0.2303743673452956,-0.2836552801994634,144,0.33333333333333337,10.798196892695495,26.214963934422464,CAM_FRONT,car,2,scene-1100,37
car,False,0.9996092223524814,False,,0.0,0.99985,0.00029163021289005544,0.0010000000000000002,0.00045093795093795094,0.005000000000000001,0.00045093795093795094,0.005000000000000001,-0.23153492842719148,,,,0.13293325901031494,-0.31408836710721877,-0.23153492842719148,,0,,,,CAM_FRONT,car,3,scene-1100,37
car,False,0.0,True,0.0,0.0,1.0,0.0,0.0,0.0,0.0,0.0,0.0,-0.7097319214565041,,,,0.38206979632377625,-0.751521076844746,-0.7097319214565041,,0,,,,CAM_FRONT_LEFT,car,0,scene-1100,37
car,False,0.915461896593972,False,,0.0113,0.9886,0.008319467554076539,0.02,0.011588541666666667,0.08900000000000002,0.011588541666666667,0.08900000000000002,-0.12402829457399878,,,,0.03177386522293091,-0.16014838877079654,-0.12402829457399878,,131,0.9236641221374046,,,CAM_FRONT_LEFT,car,1,scene-1100,37
car,True,0.9478979224603304,False,,0.05965,0.9369,0.038180019782393666,0.38600000000000007,0.06475546058879392,1.091,0.06475546058879392,1.091,0.08640854862501923,0.024072966507177034,0.32200000000000006,0.04075,-0.5724805593490601,0.010981619700188072,0.08640854862501923,0.0844336777628214,413,0.5230024213075061,0.0,21.948289325912803,CAM_FRONT_RIGHT,car,0,scene-1100,37
car,True,1.0,False,,0.3814,0.51065,0.3619239825092499,1.0760000000000003,0.4662940379403794,2.7530000000000006,0.4662940379403794,2.7530000000000006,-0.2854250803910372,0.2868421052631579,3.924000000000001,0.03795,-0.05083658546209335,-0.35213971711406156,-0.2854250803910372,-0.05175229670340453,4403,0.6350215761980468,11.174404165565166,5.02066994051328,CAM_FRONT_RIGHT,car,1,scene-1100,37
car,True,0.9759566542499153,False,,0.02555,0.9733,0.031446540880503145,0.025000000000000005,0.031746031746031744,0.06400000000000002,0.031746031746031744,0.06400000000000002,0.0765676046688899,0.009005070816576324,0.10300000000000002,0.00115,-0.568059504032135,0.05295190337779809,0.0765676046688899,-0.1346569074466742,191,0.15706806282722519,0.07210882308465098,29.58390863472844,CAM_FRONT_RIGHT,car,2,scene-1100,37
bus,True,0.829284767217872,False,,0.01905,0.9803,0.019158194304097667,0.9290000000000003,0.011421750769107834,2.2870000000000004,0.011421750769107834,2.2870000000000004,0.9286986864466855,0.00859784175190692,1.2230000000000003,0.0067,-0.5433670878410339,0.6455709809552377,0.9286986864466855,-0.33281286495775264,169,0.2781065088757396,0.01720908994413553,26.324794903724513,CAM_FRONT_RIGHT,bus,0,scene-1100,37
car,True,0.9624279494456294,True,0.6777789501778255,0.1536,0.8305,0.16898047722342732,0.7790000000000001,0.1245275888133031,1.9770000000000003,0.1245275888133031,1.9770000000000003,0.20252491831121755,0.08343763037129745,1.2000000000000002,0.15475,-0.08464467525482178,0.13168451690166716,0.20252491831121755,-0.0920293080747826,1168,0.5659246575342466,0.0,5.9566952650125025,CAM_BACK,car,0,scene-1100,37
car,False,0.07925696594427245,True,0.04088150750558927,0.01965,0.98035,0.019430051813471502,0.015000000000000003,0.012755102040816327,0.015000000000000005,0.012755102040816327,0.015000000000000005,-1.0102207077019707,,,,0.016023289412260056,-1.0359836795771575,-1.0102207077019707,,185,1.0,,,CAM_FRONT,car,0,scene-1100,38
car,False,0.8710701810098443,False,,0.0,1.0,0.0,0.0,0.0,0.0,0.0,0.0,-0.5754169210421172,,,,0.05613462254405022,-0.6328886458875903,-0.5754169210421172,,0,,,,CAM_FRONT,car,1,scene-1100,38
car,True,0.9261806759098787,True,0.7519897981619103,0.0656,0.92915,0.055941281491767504,0.5640000000000002,0.05637626262626263,0.8930000000000002,0.05637626262626263,0.8930000000000002,-0.10986739587118088,0.02412280701754386,0.33000000000000007,0.05325,-0.048155587166547775,-0.21177991012409156,-0.10986739587118088,-0.21944583845352028,335,0.07164179104477608,10.907196658694598,20.91856055343713,CAM_FRONT,car,2,scene-1100,38
car,False,0.8350552190951194,True,0.6727898966704937,0.0,1.0,0.0,0.0,0.0,0.0,0.0,0.0,-0.7581283870679102,,,,0.12840574979782104,-0.8302188805221999,-0.7581283870679102,,0,,,,CAM_FRONT_LEFT,car,0,scene-1100,38
car,False,0.0,True,0.0,0.0,1.0,0.0,0.0,0.0,0.0,0.0,0.0,1.2442742373915163,,,,0.37574225664138794,1.2107518259408718,1.2442742373915163,,0,,,,CAM_FRONT_LEFT,car,1,scene-1100,38
car,True,0.9053784064572844,False,,0.06035,0.9368,0.03488633805986946,0.3100000000000001,0.06751727804359384,1.0160000000000002,0.06751727804359384,1.0160000000000002,0.2863261128565191,0.027586722488038277,0.3690000000000001,0.03135,-0.3888503313064575,0.22326551593901045,0.2863261128565191,0.26675721467909086,391,0.3759590792838875,0.0,21.948336668279843,CAM_FRONT_RIGHT,car,0,scene-1100,38
car,True,0.9786946229286438,False,,0.02005,0.97995,0.01507537688442211,0.018000000000000006,0.016339869281045753,0.03000000000000001,0.016339869281045753,0.03000000000000001,0.17154118800501328,0.008917642944570729,0.10200000000000002,0.0,-0.3455904722213745,0.14133685536520518,0.17154118800501328,0.08709609633385712,124,0.008064516129032251,0.07210760215266127,29.61777529434154,CAM_FRONT_RIGHT,car,1,scene-1100,38
bus,True,0.7742980834957847,False,,0.0207,0.9787,0.02280352275110086,0.8700000000000001,0.016254923021840315,3.4050000000000007,0.016254923021840315,3.4050000000000007,1.28820204891006,0.01010931842947028,1.4380000000000002,0.0073,-0.38964706659317017,1.0309942199833373,1.28820204891006,-0.1802520495870259,146,0.43150684931506844,0.016405173789292973,26.324935052114864,CAM_FRONT_RIGHT,bus,0,scene-1100,38
car,True,0.9684294033860411,True,0.6718240889561535,0.14945,0.83705,0.13988037815936716,0.7250000000000002,0.12056862056862057,2.0610000000000004,0.12056862056862057,2.0610000000000004,0.20698307822892292,0.0803087192323738,1.1550000000000002,0.14225,-0.08571420609951019,0.13329291381701322,0.20698307822892292,-0.09313666982493374,1166,0.6423670668953687,0.0,5.956527054456748,CAM_BACK,car,0,scene-1100,38
car,True,0.9999234176556,True,0.8510009828637574,0.24075,0.69555,0.14704030226700252,1.4010000000000002,0.24772036474164133,3.5860000000000007,0.24772036474164133,3.5860000000000007,-0.10129064480232275,0.2114766081871345,2.8930000000000007,0.23325,-0.09909848868846893,-0.17185684350136737,-0.10129064480232275,-0.02048728539758371,1677,0.5038759689922481,11.17370813897014,4.938685777613145,CAM_BACK_RIGHT,car,0,scene-1100,38
car,True,0.8991631305987742,True,0.7082443598551666,0.0627,0.9347,0.05779569892473118,0.6450000000000001,0.06420855379188713,1.1650000000000005,0.06420855379188713,1.1650000000000005,-0.049262219977198374,0.04904970760233918,0.6710000000000002,0.1045,-0.05119363218545914,-0.16552075620591916,-0.049262219977198374,-0.1729443594410751,298,0.7818791946308725,10.906674414407568,15.73050592652551,CAM_FRONT,car,0,scene-1100,39
car,False,0.8430232558139535,True,0.6994546979865772,0.0,1.0,0.0,0.0,0.0,0.0,0.0,0.0,-0.41812129982178603,,,,0.10889909416437149,-0.49095327803247746,-0.41812129982178603,,0,,,,CAM_FRONT,car,1,scene-1100,39
car,False,0.09401197604790419,True,0.053951890034364264,0.0,1.0,0.0,0.0,0.0,0.0,0.0,0.0,-0.5958126272220605,,,,0.0963355228304863,-0.6168603452366572,-0.5958126272220605,,0,,,,CAM_FRONT,car,2,scene-1100,39
car,False,0.0,True,0.0,0.70505,0.29495,1.0,0.003000000000000001,1.0,0.0010000000000000002,1.0,0.0010000000000000002,-1.3588118875325197,,,,-0.0039435625076293945,-1.3602085571858955,-1.3588118875325197,,0,,,,CAM_FRONT_LEFT,car,0,scene-1100,39
car,False,0.021436227224008574,True,0.012315270935960592,0.0,1.0,0.0,0.0,0.0,0.0,0.0,0.0,-0.01661593995799182,,,,0.4500672221183777,-0.026670712782029593,-0.01661593995799182,,0,,,,CAM_FRONT_LEFT,car,1,scene-1100,39
car,True,0.8966464646464647,False,,0.0478,0.95035,0.023116540903102167,0.19300000000000003,0.04398148148148148,0.6270000000000002,0.04398148148148148,0.6270000000000002,0.09839623413764631,0.019213516746411485,0.25700000000000006,0.02215,-0.5655630826950073,0.03382952777583226,0.09839623413764631,0.08919332248718281,404,0.49504950495049505,0.0,21.948343306423276,CAM_FRONT_RIGHT,car,0,scene-1100,39
car,False,0.8777441332323997,False,,0.0133,0.9824,0.014577259475218658,0.010000000000000002,0.008986928104575163,0.011000000000000001,0.008986928104575163,0.011000000000000001,-0.04071364718733039,,,,-0.5280261039733887,-0.06456319140389938,-0.04071364718733039,,72,0.0,,,CAM_FRONT_RIGHT,car,1,scene-1100,39
bus,True,0.7756680909159861,False,,0.01565,0.98375,0.015654686510449652,0.7910000000000003,0.016442552307772182,3.1670000000000007,0.016442552307772182,3.1670000000000007,1.0906412012039393,0.010988083939681535,1.5630000000000004,0.0078,-0.4575730562210083,0.7710931853652097,1.0906412012039393,-0.24904104040896025,120,0.5,0.015624030708032512,26.324444852226957,CAM_FRONT_RIGHT,bus,0,scene-1100,39
car,True,0.973814603868738,True,0.807244237206379,0.1121,0.87385,0.08932298188496536,1.0700000000000003,0.12398585396297067,2.384000000000001,0.12398585396297067,2.384000000000001,0.23763915652361867,0.08531497705465164,1.2270000000000003,0.1516,-0.08778786659240723,0.16434939115791558,0.23763915652361867,-0.09486111016594378,616,0.6168831168831168,0.0,5.956537031237658,CAM_BACK,car,0,scene-1100,39
car,True,0.9964847632669883,True,0.8161304093160857,0.1942,0.79575,0.11931936086324964,1.1500000000000001,0.16984126984126985,2.4610000000000007,0.16984126984126985,2.4610000000000007,-0.06093025817907183,0.1274122807017544,1.7430000000000005,0.1394,-0.18704216182231903,-0.12264084698863607,-0.06093025817907183,-0.025259379479057653,1548,0.24547803617571062,11.175260690235334,9.187489854999324,CAM_BACK_RIGHT,car,0,scene-1100,39
