dataset,sample_token,category,score,range_m,regime,frac_free,frac_occ,n_free,n_occupied,n_total,flagged
nuscenes_mini,ca9a282c9e77460f8360f564131a8af5,pedestrian,1.0,47.15,C,0.125,0.0,2,0,16,True
nuscenes_mini,ca9a282c9e77460f8360f564131a8af5,pedestrian,1.0,41.56,C,0.0625,0.0,2,0,32,False
nuscenes_mini,ca9a282c9e77460f8360f564131a8af5,pedestrian,1.0,17.86,B,0.2083,0.0833,15,6,72,True
nuscenes_mini,ca9a282c9e77460f8360f564131a8af5,pedestrian,1.0,13.42,A,0.5833,0.0625,28,3,48,True
nuscenes_mini,ca9a282c9e77460f8360f564131a8af5,car,0.8632478713989258,38.32,C,0.0519,0.0069,121,16,2330,False
nuscenes_mini,ca9a282c9e77460f8360f564131a8af5,car,0.8787879347801208,36.44,C,0.0938,0.0063,179,12,1908,False
nuscenes_mini,ca9a282c9e77460f8360f564131a8af5,car,0.8709677457809448,41.41,C,0.0,0.0027,0,5,1840,False
nuscenes_mini,ca9a282c9e77460f8360f564131a8af5,truck,0.5936508178710938,43.42,C,0.068,0.0,117,0,1720,False
nuscenes_mini,ca9a282c9e77460f8360f564131a8af5,trailer,0.8324607610702515,15.88,B,0.2415,0.0123,2735,139,11324,True
nuscenes_mini,ca9a282c9e77460f8360f564131a8af5,pedestrian,1.0,18.11,B,0.375,0.0417,27,3,72,True
nuscenes_mini,ca9a282c9e77460f8360f564131a8af5,construction_vehicle,0.5747508406639099,13.83,A,0.2304,0.0184,601,48,2608,True
nuscenes_mini,ca9a282c9e77460f8360f564131a8af5,car,0.5704697966575623,53.93,C,0.0436,0.0,51,0,1169,False
nuscenes_mini,ca9a282c9e77460f8360f564131a8af5,pedestrian,1.0,14.81,A,0.2716,0.0864,22,7,81,True
nuscenes_mini,ca9a282c9e77460f8360f564131a8af5,pedestrian,1.0,13.17,A,0.45,0.1,18,4,40,True
nuscenes_mini,ca9a282c9e77460f8360f564131a8af5,pedestrian,1.0,12.66,A,0.4792,0.0625,69,9,144,True
nuscenes_mini,ca9a282c9e77460f8360f564131a8af5,pedestrian,1.0,13.94,A,0.381,0.0317,24,2,63,True
nuscenes_mini,ca9a282c9e77460f8360f564131a8af5,car,0.921951174736023,21.23,B,0.0683,0.0085,129,16,1890,False
nuscenes_mini,ca9a282c9e77460f8360f564131a8af5,car,0.6213017702102661,42.61,C,0.0929,0.0,80,0,861,False
nuscenes_mini,ca9a282c9e77460f8360f564131a8af5,truck,0.5428571701049805,43.94,C,0.0611,0.004,137,9,2241,False
nuscenes_mini,ca9a282c9e77460f8360f564131a8af5,pedestrian,1.0,28.71,B,0.1667,0.1111,3,2,18,True
nuscenes_mini,ca9a282c9e77460f8360f564131a8af5,pedestrian,1.0,21.59,B,0.3333,0.0417,16,2,48,True
nuscenes_mini,ca9a282c9e77460f8360f564131a8af5,pedestrian,1.0,34.02,C,0.1429,0.0,11,0,77,True
nuscenes_mini,ca9a282c9e77460f8360f564131a8af5,pedestrian,1.0,48.34,C,0.05,0.0,4,0,80,False
nuscenes_mini,ca9a282c9e77460f8360f564131a8af5,pedestrian,1.0,32.61,C,0.0139,0.0556,1,4,72,False
nuscenes_mini,ca9a282c9e77460f8360f564131a8af5,pedestrian,1.0,40.67,C,0.1719,0.0312,11,2,64,True
nuscenes_mini,39586f9d59004284a7114a68825e8eec,pedestrian,1.0,35.3,C,0.0,0.0,0,0,36,False
nuscenes_mini,39586f9d59004284a7114a68825e8eec,pedestrian,1.0,13.43,A,0.3036,0.1607,17,9,56,True
nuscenes_mini,39586f9d59004284a7114a68825e8eec,pedestrian,1.0,42.0,C,0.1143,0.0,4,0,35,True
nuscenes_mini,39586f9d59004284a7114a68825e8eec,car,0.7852349281311035,46.47,C,0.0064,0.0018,18,5,2796,False
nuscenes_mini,39586f9d59004284a7114a68825e8eec,car,0.7620818018913269,43.56,C,0.0932,0.0025,75,2,805,False
nuscenes_mini,39586f9d59004284a7114a68825e8eec,car,0.8787879347801208,35.77,C,0.1199,0.009,241,18,2010,True
nuscenes_mini,39586f9d59004284a7114a68825e8eec,car,0.8672199249267578,43.79,C,0.0,0.0,0,0,2106,False
nuscenes_mini,39586f9d59004284a7114a68825e8eec,car,0.8827838897705078,32.22,C,0.0264,0.001,51,2,1935,False
nuscenes_mini,39586f9d59004284a7114a68825e8eec,trailer,0.7460317611694336,11.57,A,0.3546,0.0293,4071,336,11480,True
nuscenes_mini,39586f9d59004284a7114a68825e8eec,pedestrian,1.0,16.83,B,0.3182,0.0114,28,1,88,True
nuscenes_mini,39586f9d59004284a7114a68825e8eec,construction_vehicle,0.7575758099555969,9.53,A,0.4833,0.0392,2588,210,5355,True
nuscenes_mini,39586f9d59004284a7114a68825e8eec,pedestrian,1.0,44.66,C,0.0312,0.0625,1,2,32,False
nuscenes_mini,39586f9d59004284a7114a68825e8eec,pedestrian,1.0,37.65,C,0.1728,0.0247,14,2,81,True
nuscenes_mini,39586f9d59004284a7114a68825e8eec,car,0.5540069937705994,52.91,C,0.0,0.0,0,0,1683,False
nuscenes_mini,39586f9d59004284a7114a68825e8eec,car,0.6952381134033203,53.47,C,0.0108,0.0,8,0,738,False
nuscenes_mini,39586f9d59004284a7114a68825e8eec,pedestrian,1.0,51.51,C,0.0,0.0,0,0,40,False
nuscenes_mini,39586f9d59004284a7114a68825e8eec,pedestrian,1.0,17.41,B,0.3778,0.0296,51,4,135,True
nuscenes_mini,39586f9d59004284a7114a68825e8eec,pedestrian,1.0,18.34,B,0.1719,0.0156,11,1,64,True
nuscenes_mini,39586f9d59004284a7114a68825e8eec,pedestrian,1.0,39.57,C,0.1964,0.0089,22,1,112,True
nuscenes_mini,39586f9d59004284a7114a68825e8eec,pedestrian,1.0,16.98,B,0.2981,0.0288,31,3,104,True
nuscenes_mini,39586f9d59004284a7114a68825e8eec,pedestrian,1.0,28.43,B,0.0417,0.0417,1,1,24,False
nuscenes_mini,39586f9d59004284a7114a68825e8eec,pedestrian,1.0,16.83,B,0.3056,0.0417,22,3,72,True
nuscenes_mini,39586f9d59004284a7114a68825e8eec,pedestrian,1.0,24.14,B,0.0,0.0,0,0,28,False
nuscenes_mini,39586f9d59004284a7114a68825e8eec,bicycle,0.7104072570800781,19.61,B,0.2368,0.0658,18,5,76,True
nuscenes_mini,39586f9d59004284a7114a68825e8eec,pedestrian,1.0,40.24,C,0.1172,0.0078,15,1,128,True
nuscenes_mini,39586f9d59004284a7114a68825e8eec,pedestrian,1.0,25.97,B,0.0,0.0,0,0,32,False
nuscenes_mini,39586f9d59004284a7114a68825e8eec,pedestrian,1.0,42.07,C,0.0972,0.0139,7,1,72,False
nuscenes_mini,39586f9d59004284a7114a68825e8eec,pedestrian,1.0,49.45,C,0.0667,0.0111,6,1,90,False
nuscenes_mini,39586f9d59004284a7114a68825e8eec,pedestrian,1.0,34.91,C,0.0741,0.0,4,0,54,False
nuscenes_mini,356d81f38dd9473ba590f39e266f54e5,pedestrian,1.0,38.55,C,0.0625,0.0312,2,1,32,False
nuscenes_mini,356d81f38dd9473ba590f39e266f54e5,pedestrian,1.0,46.64,C,0.0857,0.0571,3,2,35,False
nuscenes_mini,356d81f38dd9473ba590f39e266f54e5,pedestrian,1.0,8.72,A,0.6607,0.2143,37,12,56,True
nuscenes_mini,356d81f38dd9473ba590f39e266f54e5,pedestrian,1.0,48.92,C,0.0,0.0417,0,1,24,False
nuscenes_mini,356d81f38dd9473ba590f39e266f54e5,car,0.8904109597206116,28.01,B,0.0711,0.0036,120,6,1688,False
nuscenes_mini,356d81f38dd9473ba590f39e266f54e5,car,0.8827838897705078,34.07,C,0.0765,0.014,126,23,1647,False
nuscenes_mini,356d81f38dd9473ba590f39e266f54e5,car,0.7575758099555969,46.41,C,0.027,0.0034,24,3,889,False
nuscenes_mini,356d81f38dd9473ba590f39e266f54e5,car,0.8750000596046448,44.53,C,0.0,0.0,0,0,2205,False
nuscenes_mini,356d81f38dd9473ba590f39e266f54e5,car,0.6640419960021973,50.36,C,0.0,0.0,0,0,720,False
nuscenes_mini,356d81f38dd9473ba590f39e266f54e5,truck,0.7460317611694336,41.02,C,0.055,0.0063,104,12,1890,False
nuscenes_mini,356d81f38dd9473ba590f39e266f54e5,truck,0.7730495929718018,5.67,A,0.4411,0.0456,3454,357,7830,True
nuscenes_mini,356d81f38dd9473ba590f39e266f54e5,pedestrian,1.0,6.44,A,0.4643,0.0833,39,7,84,True
nuscenes_mini,356d81f38dd9473ba590f39e266f54e5,trailer,0.8904109597206116,6.86,A,0.3772,0.0381,4216,426,11178,True
nuscenes_mini,356d81f38dd9473ba590f39e266f54e5,pedestrian,1.0,46.48,C,0.1143,0.0286,4,1,35,True
nuscenes_mini,356d81f38dd9473ba590f39e266f54e5,pedestrian,1.0,40.61,C,0.0938,0.0,3,0,32,False
nuscenes_mini,356d81f38dd9473ba590f39e266f54e5,pedestrian,1.0,33.71,C,0.1562,0.0312,10,2,64,True
nuscenes_mini,356d81f38dd9473ba590f39e266f54e5,car,0.6521739363670349,49.02,C,0.0,0.0,0,0,968,False
nuscenes_mini,356d81f38dd9473ba590f39e266f54e5,pedestrian,1.0,19.08,B,0.375,0.0,12,0,32,True
nuscenes_mini,356d81f38dd9473ba590f39e266f54e5,pedestrian,1.0,34.63,C,0.0167,0.0083,2,1,120,False
nuscenes_mini,356d81f38dd9473ba590f39e266f54e5,pedestrian,1.0,21.18,B,0.2604,0.0417,25,4,96,True
nuscenes_mini,356d81f38dd9473ba590f39e266f54e5,pedestrian,1.0,21.61,B,0.119,0.0079,15,1,126,True
nuscenes_mini,356d81f38dd9473ba590f39e266f54e5,pedestrian,1.0,21.65,B,0.3111,0.0,14,0,45,True
nuscenes_mini,356d81f38dd9473ba590f39e266f54e5,pedestrian,1.0,55.42,C,0.0606,0.0,6,0,99,False
nuscenes_mini,356d81f38dd9473ba590f39e266f54e5,pedestrian,1.0,38.11,C,0.1667,0.037,9,2,54,True
nuscenes_mini,356d81f38dd9473ba590f39e266f54e5,pedestrian,1.0,44.15,C,0.05,0.025,2,1,40,False
nuscenes_mini,e0845f5322254dafadbbed75aaa07969,pedestrian,1.0,32.11,C,0.1667,0.0,8,0,48,True
nuscenes_mini,e0845f5322254dafadbbed75aaa07969,car,0.8750000596046448,25.33,B,0.0643,0.0076,136,16,2115,False
nuscenes_mini,e0845f5322254dafadbbed75aaa07969,car,0.5936508178710938,45.41,C,0.0,0.0,0,0,725,False
nuscenes_mini,e0845f5322254dafadbbed75aaa07969,car,0.8672199249267578,32.2,C,0.0992,0.0042,262,11,2640,False
nuscenes_mini,e0845f5322254dafadbbed75aaa07969,car,0.8160918951034546,42.4,C,0.027,0.0018,30,2,1113,False
nuscenes_mini,e0845f5322254dafadbbed75aaa07969,truck,0.8083832263946533,39.05,C,0.0832,0.0076,131,12,1575,False
nuscenes_mini,e0845f5322254dafadbbed75aaa07969,truck,0.8324607610702515,7.88,A,0.1584,0.0319,853,172,5385,True
nuscenes_mini,e0845f5322254dafadbbed75aaa07969,pedestrian,1.0,4.78,A,0.7188,0.2188,46,14,64,True
nuscenes_mini,e0845f5322254dafadbbed75aaa07969,trailer,0.7770034670829773,5.31,A,0.3799,0.0492,4825,625,12700,True
nuscenes_mini,e0845f5322254dafadbbed75aaa07969,pedestrian,1.0,37.9,C,0.1458,0.0417,7,2,48,True
nuscenes_mini,e0845f5322254dafadbbed75aaa07969,pedestrian,1.0,44.27,C,0.1111,0.0,6,0,54,True
nuscenes_mini,e0845f5322254dafadbbed75aaa07969,pedestrian,1.0,37.75,C,0.15,0.075,6,3,40,True
nuscenes_mini,e0845f5322254dafadbbed75aaa07969,pedestrian,1.0,34.07,C,0.0,0.0952,0,2,21,False
nuscenes_mini,e0845f5322254dafadbbed75aaa07969,pedestrian,1.0,30.86,C,0.2031,0.0469,13,3,64,True
nuscenes_mini,e0845f5322254dafadbbed75aaa07969,car,0.518796980381012,40.87,C,0.0179,0.0,13,0,728,False
nuscenes_mini,e0845f5322254dafadbbed75aaa07969,pedestrian,1.0,27.2,B,0.1,0.1,4,4,40,False
nuscenes_mini,e0845f5322254dafadbbed75aaa07969,pedestrian,1.0,50.7,C,0.0,0.0,0,0,32,False
nuscenes_mini,e0845f5322254dafadbbed75aaa07969,pedestrian,1.0,24.66,B,0.2222,0.0833,16,6,72,True
nuscenes_mini,e0845f5322254dafadbbed75aaa07969,pedestrian,1.0,25.71,B,0.1667,0.0417,16,4,96,True
nuscenes_mini,e0845f5322254dafadbbed75aaa07969,pedestrian,1.0,25.88,B,0.2054,0.0357,23,4,112,True
nuscenes_mini,e0845f5322254dafadbbed75aaa07969,pedestrian,1.0,4.34,A,0.0778,0.0,7,0,90,False
nuscenes_mini,e0845f5322254dafadbbed75aaa07969,trailer,0.8324607610702515,3.98,A,0.4206,0.0593,2221,313,5280,True
nuscenes_mini,e0845f5322254dafadbbed75aaa07969,pedestrian,1.0,17.51,B,0.4286,0.0,9,0,21,True
nuscenes_mini,e0845f5322254dafadbbed75aaa07969,pedestrian,1.0,45.72,C,0.1,0.025,4,1,40,False
nuscenes_mini,e0845f5322254dafadbbed75aaa07969,pedestrian,1.0,24.87,B,0.2653,0.0,13,0,49,True
nuscenes_mini,e0845f5322254dafadbbed75aaa07969,pedestrian,1.0,41.23,C,0.0667,0.0222,3,1,45,False
nuscenes_mini,c923fe08b2ff4e27975d2bf30934383b,pedestrian,1.0,49.06,C,0.0,0.0,0,0,56,False
nuscenes_mini,c923fe08b2ff4e27975d2bf30934383b,pedestrian,1.0,49.03,C,0.0303,0.0152,2,1,66,False
nuscenes_mini,c923fe08b2ff4e27975d2bf30934383b,pedestrian,1.0,47.91,C,0.0794,0.0317,5,2,63,False
nuscenes_mini,c923fe08b2ff4e27975d2bf30934383b,pedestrian,1.0,50.15,C,0.0741,0.0,2,0,27,False
nuscenes_mini,c923fe08b2ff4e27975d2bf30934383b,pedestrian,1.0,43.41,C,0.0571,0.0286,2,1,35,False
nuscenes_mini,c923fe08b2ff4e27975d2bf30934383b,car,0.9024390578269958,22.9,B,0.0791,0.0075,138,13,1744,False
nuscenes_mini,c923fe08b2ff4e27975d2bf30934383b,car,0.8904109597206116,30.69,C,0.0646,0.0081,159,20,2460,False
nuscenes_mini,c923fe08b2ff4e27975d2bf30934383b,car,0.6640419960021973,52.08,C,0.0331,0.0,18,0,544,False
nuscenes_mini,c923fe08b2ff4e27975d2bf30934383b,truck,0.8518518805503845,37.03,C,0.0854,0.0054,158,10,1850,False
nuscenes_mini,c923fe08b2ff4e27975d2bf30934383b,construction_vehicle,0.7697842121124268,5.02,A,0.1986,0.059,1131,336,5696,True
nuscenes_mini,c923fe08b2ff4e27975d2bf30934383b,pedestrian,1.0,28.53,B,0.2031,0.0156,13,1,64,True
nuscenes_mini,c923fe08b2ff4e27975d2bf30934383b,pedestrian,1.0,46.76,C,0.125,0.0,6,0,48,True
nuscenes_mini,c923fe08b2ff4e27975d2bf30934383b,pedestrian,1.0,43.34,C,0.0,0.0,0,0,49,False
nuscenes_mini,c923fe08b2ff4e27975d2bf30934383b,pedestrian,1.0,30.54,C,0.0417,0.0417,2,2,48,False
nuscenes_mini,c923fe08b2ff4e27975d2bf30934383b,pedestrian,1.0,35.44,C,0.1111,0.0476,7,3,63,True
nuscenes_mini,c923fe08b2ff4e27975d2bf30934383b,pedestrian,1.0,40.83,C,0.1667,0.125,4,3,24,True
nuscenes_mini,c923fe08b2ff4e27975d2bf30934383b,pedestrian,1.0,32.58,C,0.0,0.0,0,0,24,False
nuscenes_mini,c923fe08b2ff4e27975d2bf30934383b,pedestrian,1.0,50.23,C,0.0333,0.0222,3,2,90,False
nuscenes_mini,c923fe08b2ff4e27975d2bf30934383b,car,0.8439024686813354,40.97,C,0.0714,0.0,58,0,812,False
nuscenes_mini,c923fe08b2ff4e27975d2bf30934383b,pedestrian,1.0,28.43,B,0.1143,0.0286,4,1,35,True
nuscenes_mini,c923fe08b2ff4e27975d2bf30934383b,pedestrian,1.0,29.53,B,0.0714,0.0357,4,2,56,False
nuscenes_mini,c923fe08b2ff4e27975d2bf30934383b,pedestrian,1.0,29.91,B,0.0159,0.0238,2,3,126,False
nuscenes_mini,c923fe08b2ff4e27975d2bf30934383b,pedestrian,1.0,5.24,A,0.0392,0.0,4,0,102,False
nuscenes_mini,c923fe08b2ff4e27975d2bf30934383b,pedestrian,1.0,2.37,A,0.4643,0.2679,26,15,56,True
nuscenes_mini,c923fe08b2ff4e27975d2bf30934383b,trailer,0.6683937907218933,4.05,A,0.3924,0.0545,2957,411,7536,True
nuscenes_mini,c923fe08b2ff4e27975d2bf30934383b,pedestrian,1.0,47.82,C,0.0417,0.0208,2,1,48,False
nuscenes_mini,c923fe08b2ff4e27975d2bf30934383b,pedestrian,1.0,44.72,C,0.1111,0.037,3,1,27,True
nuscenes_mini,f1e3d9d08f044c439ce86a2d6fcca57b,pedestrian,1.0,47.02,C,0.075,0.025,3,1,40,False
nuscenes_mini,f1e3d9d08f044c439ce86a2d6fcca57b,pedestrian,1.0,46.18,C,0.0,0.0,0,0,32,False
nuscenes_mini,f1e3d9d08f044c439ce86a2d6fcca57b,pedestrian,1.0,44.91,C,0.0312,0.0312,2,2,64,False
nuscenes_mini,f1e3d9d08f044c439ce86a2d6fcca57b,pedestrian,1.0,46.04,C,0.0417,0.0,2,0,48,False
nuscenes_mini,f1e3d9d08f044c439ce86a2d6fcca57b,car,0.8750000596046448,29.5,B,0.047,0.0049,135,14,2870,False
nuscenes_mini,f1e3d9d08f044c439ce86a2d6fcca57b,car,0.9101123809814453,21.1,B,0.0719,0.0071,152,15,2115,False
nuscenes_mini,f1e3d9d08f044c439ce86a2d6fcca57b,car,0.6908212304115295,49.32,C,0.0839,0.0,69,0,822,False
nuscenes_mini,f1e3d9d08f044c439ce86a2d6fcca57b,car,0.859649121761322,46.82,C,0.0056,0.0,7,0,1246,False
nuscenes_mini,f1e3d9d08f044c439ce86a2d6fcca57b,truck,0.8324607610702515,36.0,C,0.0763,0.0063,183,15,2398,False
nuscenes_mini,f1e3d9d08f044c439ce86a2d6fcca57b,pedestrian,1.0,28.18,B,0.175,0.075,7,3,40,True
nuscenes_mini,f1e3d9d08f044c439ce86a2d6fcca57b,pedestrian,1.0,47.11,C,0.0278,0.0185,3,2,108,False
nuscenes_mini,f1e3d9d08f044c439ce86a2d6fcca57b,pedestrian,1.0,26.96,B,0.125,0.0357,7,2,56,True
nuscenes_mini,f1e3d9d08f044c439ce86a2d6fcca57b,pedestrian,1.0,43.47,C,0.1389,0.0,5,0,36,True
nuscenes_mini,f1e3d9d08f044c439ce86a2d6fcca57b,pedestrian,1.0,33.17,C,0.0208,0.0208,1,1,48,False
nuscenes_mini,f1e3d9d08f044c439ce86a2d6fcca57b,pedestrian,1.0,29.61,B,0.0417,0.0833,2,4,48,False
nuscenes_mini,f1e3d9d08f044c439ce86a2d6fcca57b,pedestrian,1.0,33.06,C,0.0417,0.0208,2,1,48,False
nuscenes_mini,f1e3d9d08f044c439ce86a2d6fcca57b,pedestrian,1.0,3.9,A,0.5679,0.284,46,23,81,True
nuscenes_mini,f1e3d9d08f044c439ce86a2d6fcca57b,pedestrian,1.0,47.34,C,0.1667,0.0,4,0,24,True
nuscenes_mini,f1e3d9d08f044c439ce86a2d6fcca57b,pedestrian,1.0,31.72,C,0.125,0.0417,9,3,72,True
nuscenes_mini,f1e3d9d08f044c439ce86a2d6fcca57b,pedestrian,1.0,33.38,C,0.0625,0.0625,3,3,48,False
nuscenes_mini,f1e3d9d08f044c439ce86a2d6fcca57b,pedestrian,1.0,19.17,B,0.1905,0.0,4,0,21,True
nuscenes_mini,f1e3d9d08f044c439ce86a2d6fcca57b,pedestrian,1.0,32.94,C,0.0972,0.0417,7,3,72,False
nuscenes_mini,f1e3d9d08f044c439ce86a2d6fcca57b,truck,0.8439024686813354,4.78,A,0.3086,0.076,1546,381,5010,True
nuscenes_mini,f1e3d9d08f044c439ce86a2d6fcca57b,pedestrian,1.0,49.45,C,0.0833,0.0208,4,1,48,False
nuscenes_mini,f1e3d9d08f044c439ce86a2d6fcca57b,pedestrian,1.0,47.61,C,0.0741,0.037,2,1,27,False
nuscenes_mini,4f545737bf3347fbbc9af60b0be9a963,pedestrian,1.0,36.75,C,0.0938,0.0312,3,1,32,False
nuscenes_mini,4f545737bf3347fbbc9af60b0be9a963,pedestrian,1.0,43.11,C,0.0,0.0417,0,1,24,False
nuscenes_mini,4f545737bf3347fbbc9af60b0be9a963,pedestrian,1.0,41.95,C,0.0625,0.0156,4,1,64,False
nuscenes_mini,4f545737bf3347fbbc9af60b0be9a963,pedestrian,1.0,42.89,C,0.0833,0.0208,4,1,48,False
nuscenes_mini,4f545737bf3347fbbc9af60b0be9a963,car,0.8552036285400391,27.72,B,0.051,0.0104,118,24,2313,False
nuscenes_mini,4f545737bf3347fbbc9af60b0be9a963,car,0.8904109597206116,19.86,B,0.1255,0.0134,235,25,1872,True
nuscenes_mini,4f545737bf3347fbbc9af60b0be9a963,car,0.8160918951034546,46.84,C,0.0,0.0,0,0,1127,False
nuscenes_mini,4f545737bf3347fbbc9af60b0be9a963,truck,0.8012422323226929,35.06,C,0.0534,0.0056,76,8,1422,False
nuscenes_mini,4f545737bf3347fbbc9af60b0be9a963,pedestrian,1.0,43.89,C,0.0238,0.0238,1,1,42,False
nuscenes_mini,4f545737bf3347fbbc9af60b0be9a963,pedestrian,1.0,31.07,C,0.0204,0.0204,1,1,49,False
nuscenes_mini,4f545737bf3347fbbc9af60b0be9a963,pedestrian,1.0,33.78,C,0.0568,0.0114,5,1,88,False
nuscenes_mini,4f545737bf3347fbbc9af60b0be9a963,pedestrian,1.0,26.67,B,0.0625,0.0625,3,3,48,False
nuscenes_mini,4f545737bf3347fbbc9af60b0be9a963,pedestrian,1.0,27.65,B,0.1719,0.0625,11,4,64,True
nuscenes_mini,4f545737bf3347fbbc9af60b0be9a963,pedestrian,1.0,27.27,B,0.0952,0.0,4,0,42,False
nuscenes_mini,4f545737bf3347fbbc9af60b0be9a963,pedestrian,1.0,26.25,B,0.0714,0.0357,4,2,56,False
nuscenes_mini,4f545737bf3347fbbc9af60b0be9a963,car,0.9024390578269958,18.58,B,0.2771,0.0167,266,16,960,True
nuscenes_mini,4f545737bf3347fbbc9af60b0be9a963,car,0.8827838897705078,46.05,C,0.0014,0.0,2,0,1386,False
nuscenes_mini,4f545737bf3347fbbc9af60b0be9a963,pedestrian,1.0,11.2,A,0.0,0.0,0,0,40,False
nuscenes_mini,4f545737bf3347fbbc9af60b0be9a963,pedestrian,1.0,7.17,A,0.5556,0.2639,40,19,72,True
nuscenes_mini,4f545737bf3347fbbc9af60b0be9a963,pedestrian,1.0,35.18,C,0.0833,0.0,2,0,24,False
nuscenes_mini,4f545737bf3347fbbc9af60b0be9a963,pedestrian,1.0,39.0,C,0.0,0.0,0,0,32,False
nuscenes_mini,4f545737bf3347fbbc9af60b0be9a963,pedestrian,1.0,54.09,C,0.0952,0.0,2,0,21,False
nuscenes_mini,4f545737bf3347fbbc9af60b0be9a963,pedestrian,1.0,36.98,C,0.2083,0.0833,5,2,24,True
nuscenes_mini,4f545737bf3347fbbc9af60b0be9a963,pedestrian,1.0,36.44,C,0.1607,0.0536,9,3,56,True
nuscenes_mini,4f545737bf3347fbbc9af60b0be9a963,truck,0.9298245906829834,8.66,A,0.3005,0.0241,3670,294,12213,True
nuscenes_mini,4f545737bf3347fbbc9af60b0be9a963,pedestrian,1.0,20.09,B,0.1667,0.0,8,0,48,True
nuscenes_mini,4f545737bf3347fbbc9af60b0be9a963,construction_vehicle,0.5276752710342407,7.35,A,0.2072,0.0425,1063,218,5130,True
nuscenes_mini,4f545737bf3347fbbc9af60b0be9a963,pedestrian,1.0,50.97,C,0.0417,0.0,1,0,24,False
nuscenes_mini,4f545737bf3347fbbc9af60b0be9a963,pedestrian,1.0,51.62,C,0.125,0.0,4,0,32,True
nuscenes_mini,4f545737bf3347fbbc9af60b0be9a963,pedestrian,1.0,26.03,B,0.2963,0.0463,32,5,108,True
nuscenes_mini,7626dde27d604ac28a0240bdd54eba7a,pedestrian,1.0,48.06,C,0.0,0.0,0,0,35,False
nuscenes_mini,7626dde27d604ac28a0240bdd54eba7a,pedestrian,1.0,32.59,C,0.1667,0.0556,12,4,72,True
nuscenes_mini,7626dde27d604ac28a0240bdd54eba7a,pedestrian,1.0,39.54,C,0.0972,0.0417,7,3,72,False
nuscenes_mini,7626dde27d604ac28a0240bdd54eba7a,pedestrian,1.0,38.43,C,0.0635,0.0635,4,4,63,False
nuscenes_mini,7626dde27d604ac28a0240bdd54eba7a,pedestrian,1.0,39.57,C,0.0714,0.0357,2,1,28,False
nuscenes_mini,7626dde27d604ac28a0240bdd54eba7a,pedestrian,1.0,42.72,C,0.0938,0.0312,3,1,32,False
nuscenes_mini,7626dde27d604ac28a0240bdd54eba7a,car,0.8827838897705078,25.88,B,0.0407,0.0085,86,18,2115,False
nuscenes_mini,7626dde27d604ac28a0240bdd54eba7a,car,0.9139785170555115,19.06,B,0.1101,0.0104,222,21,2016,True
nuscenes_mini,7626dde27d604ac28a0240bdd54eba7a,car,0.8324607610702515,49.68,C,0.0,0.0,0,0,791,False
nuscenes_mini,7626dde27d604ac28a0240bdd54eba7a,truck,0.8241757750511169,34.23,C,0.0992,0.0086,150,13,1512,False
nuscenes_mini,7626dde27d604ac28a0240bdd54eba7a,motorcycle,0.8358974456787109,44.01,C,0.0,0.0,0,0,567,False
nuscenes_mini,7626dde27d604ac28a0240bdd54eba7a,pedestrian,1.0,29.14,B,0.0,0.0333,0,1,30,False
nuscenes_mini,7626dde27d604ac28a0240bdd54eba7a,pedestrian,1.0,24.59,B,0.0,0.0417,0,2,48,False
nuscenes_mini,7626dde27d604ac28a0240bdd54eba7a,pedestrian,1.0,37.8,C,0.102,0.0408,5,2,49,True
nuscenes_mini,7626dde27d604ac28a0240bdd54eba7a,pedestrian,1.0,28.7,B,0.1,0.1,4,4,40,False
nuscenes_mini,7626dde27d604ac28a0240bdd54eba7a,pedestrian,1.0,25.7,B,0.125,0.0417,3,1,24,True
nuscenes_mini,7626dde27d604ac28a0240bdd54eba7a,pedestrian,1.0,40.26,C,0.1071,0.0238,9,2,84,True
nuscenes_mini,7626dde27d604ac28a0240bdd54eba7a,pedestrian,1.0,33.9,C,0.1429,0.0357,8,2,56,True
nuscenes_mini,7626dde27d604ac28a0240bdd54eba7a,pedestrian,1.0,31.02,C,0.119,0.0,5,0,42,True
nuscenes_mini,7626dde27d604ac28a0240bdd54eba7a,pedestrian,1.0,25.72,B,0.0,0.05,0,2,40,False
nuscenes_mini,7626dde27d604ac28a0240bdd54eba7a,pedestrian,1.0,25.08,B,0.0357,0.0357,2,2,56,False
nuscenes_mini,7626dde27d604ac28a0240bdd54eba7a,car,0.9139785170555115,18.42,B,0.1425,0.0115,236,19,1656,True
nuscenes_mini,7626dde27d604ac28a0240bdd54eba7a,car,0.859649121761322,43.84,C,0.0226,0.0,32,0,1414,False
nuscenes_mini,7626dde27d604ac28a0240bdd54eba7a,car,0.7968254089355469,47.46,C,0.0499,0.0,38,0,762,False
nuscenes_mini,7626dde27d604ac28a0240bdd54eba7a,pedestrian,1.0,10.94,A,0.4074,0.1358,33,11,81,True
nuscenes_mini,7626dde27d604ac28a0240bdd54eba7a,pedestrian,1.0,40.44,C,0.125,0.0357,7,2,56,True
nuscenes_mini,7626dde27d604ac28a0240bdd54eba7a,pedestrian,1.0,38.21,C,0.1429,0.0,2,0,14,True
nuscenes_mini,7626dde27d604ac28a0240bdd54eba7a,pedestrian,1.0,40.85,C,0.0833,0.0625,4,3,48,False
nuscenes_mini,7626dde27d604ac28a0240bdd54eba7a,truck,0.9375000596046448,11.67,A,0.2145,0.0191,2392,213,11151,True
nuscenes_mini,7626dde27d604ac28a0240bdd54eba7a,pedestrian,1.0,22.05,B,0.1875,0.0,9,0,48,True
nuscenes_mini,7626dde27d604ac28a0240bdd54eba7a,pedestrian,1.0,30.79,C,0.0375,0.0375,3,3,80,False
nuscenes_mini,be99ffc878b24aca8956bbb4e0f97d0c,pedestrian,1.0,36.6,C,0.0625,0.0156,4,1,64,False
nuscenes_mini,be99ffc878b24aca8956bbb4e0f97d0c,pedestrian,1.0,29.11,B,0.0312,0.0,1,0,32,False
nuscenes_mini,be99ffc878b24aca8956bbb4e0f97d0c,pedestrian,1.0,36.61,C,0.0278,0.1111,1,4,36,False
nuscenes_mini,be99ffc878b24aca8956bbb4e0f97d0c,pedestrian,1.0,35.6,C,0.1111,0.0556,6,3,54,True
nuscenes_mini,be99ffc878b24aca8956bbb4e0f97d0c,pedestrian,1.0,43.95,C,0.0833,0.0278,6,2,72,False
nuscenes_mini,be99ffc878b24aca8956bbb4e0f97d0c,car,0.9101123809814453,24.35,B,0.0933,0.0124,226,30,2421,False
nuscenes_mini,be99ffc878b24aca8956bbb4e0f97d0c,car,0.9179486632347107,18.54,B,0.0987,0.0101,214,22,2169,False
nuscenes_mini,be99ffc878b24aca8956bbb4e0f97d0c,motorcycle,0.6878048777580261,33.32,C,0.1729,0.005,69,2,399,True
nuscenes_mini,be99ffc878b24aca8956bbb4e0f97d0c,truck,0.7928802371025085,33.8,C,0.0812,0.0057,114,8,1404,False
nuscenes_mini,be99ffc878b24aca8956bbb4e0f97d0c,motorcycle,0.7064220309257507,36.38,C,0.1316,0.0,25,0,190,True
nuscenes_mini,be99ffc878b24aca8956bbb4e0f97d0c,truck,0.6363636255264282,35.61,C,0.11,0.0046,143,6,1300,True
nuscenes_mini,be99ffc878b24aca8956bbb4e0f97d0c,pedestrian,1.0,23.43,B,0.0179,0.0536,1,3,56,False
nuscenes_mini,be99ffc878b24aca8956bbb4e0f97d0c,pedestrian,1.0,35.05,C,0.0926,0.037,5,2,54,False
nuscenes_mini,be99ffc878b24aca8956bbb4e0f97d0c,pedestrian,1.0,51.74,C,0.0714,0.0238,3,1,42,False
nuscenes_mini,be99ffc878b24aca8956bbb4e0f97d0c,pedestrian,1.0,27.56,B,0.0694,0.0417,5,3,72,False
nuscenes_mini,be99ffc878b24aca8956bbb4e0f97d0c,pedestrian,1.0,24.32,B,0.0556,0.037,3,2,54,False
nuscenes_mini,be99ffc878b24aca8956bbb4e0f97d0c,pedestrian,1.0,37.75,C,0.1786,0.0714,5,2,28,True
nuscenes_mini,be99ffc878b24aca8956bbb4e0f97d0c,pedestrian,1.0,40.8,C,0.05,0.05,2,2,40,False
nuscenes_mini,be99ffc878b24aca8956bbb4e0f97d0c,pedestrian,1.0,27.17,B,0.1806,0.0694,13,5,72,True
nuscenes_mini,be99ffc878b24aca8956bbb4e0f97d0c,pedestrian,1.0,24.58,B,0.1111,0.0278,8,2,72,True
nuscenes_mini,be99ffc878b24aca8956bbb4e0f97d0c,pedestrian,1.0,23.74,B,0.1,0.05,4,2,40,False
nuscenes_mini,be99ffc878b24aca8956bbb4e0f97d0c,car,0.8518518805503845,36.68,C,0.08,0.0,89,0,1113,False
nuscenes_mini,be99ffc878b24aca8956bbb4e0f97d0c,car,0.8947368264198303,18.49,B,0.0793,0.0108,147,20,1854,False
nuscenes_mini,be99ffc878b24aca8956bbb4e0f97d0c,car,0.7538461089134216,46.85,C,0.0,0.0,0,0,1148,False
nuscenes_mini,be99ffc878b24aca8956bbb4e0f97d0c,car,0.8400000333786011,48.66,C,0.0614,0.0034,109,6,1776,False
nuscenes_mini,be99ffc878b24aca8956bbb4e0f97d0c,car,0.604938268661499,42.62,C,0.0628,0.0,91,0,1449,False
nuscenes_mini,be99ffc878b24aca8956bbb4e0f97d0c,pedestrian,1.0,44.31,C,0.0,0.0,0,0,48,False
nuscenes_mini,be99ffc878b24aca8956bbb4e0f97d0c,pedestrian,1.0,42.34,C,0.0857,0.0286,3,1,35,False
nuscenes_mini,be99ffc878b24aca8956bbb4e0f97d0c,pedestrian,1.0,14.3,A,0.3611,0.0694,26,5,72,True
nuscenes_mini,be99ffc878b24aca8956bbb4e0f97d0c,bicycle,0.5114504098892212,43.38,C,0.037,0.0082,9,2,243,False
nuscenes_mini,be99ffc878b24aca8956bbb4e0f97d0c,truck,0.9375000596046448,15.38,B,0.1389,0.0115,1986,164,14300,True
nuscenes_mini,be99ffc878b24aca8956bbb4e0f97d0c,pedestrian,1.0,26.06,B,0.1979,0.0208,19,2,96,True
nuscenes_mini,9813c23a5f1448b09bb7910fea9baf20,pedestrian,1.0,25.81,B,0.05,0.075,2,3,40,False
nuscenes_mini,9813c23a5f1448b09bb7910fea9baf20,pedestrian,1.0,40.09,C,0.0278,0.0417,2,3,72,False
nuscenes_mini,9813c23a5f1448b09bb7910fea9baf20,pedestrian,1.0,33.85,C,0.0889,0.0667,4,3,45,False
nuscenes_mini,9813c23a5f1448b09bb7910fea9baf20,pedestrian,1.0,29.58,B,0.0889,0.0667,4,3,45,False
nuscenes_mini,9813c23a5f1448b09bb7910fea9baf20,pedestrian,1.0,32.73,C,0.125,0.0625,6,3,48,True
nuscenes_mini,9813c23a5f1448b09bb7910fea9baf20,pedestrian,1.0,26.25,B,0.125,0.0625,6,3,48,True
nuscenes_mini,9813c23a5f1448b09bb7910fea9baf20,car,0.9101123809814453,22.7,B,0.1,0.0131,251,33,2511,False
nuscenes_mini,9813c23a5f1448b09bb7910fea9baf20,car,0.8987342119216919,18.48,B,0.1016,0.0096,148,14,1456,True
nuscenes_mini,9813c23a5f1448b09bb7910fea9baf20,car,0.6246334314346313,48.22,C,0.029,0.0,27,0,931,False
nuscenes_mini,9813c23a5f1448b09bb7910fea9baf20,bus,0.7815700173377991,51.87,C,0.0402,0.0,77,0,1914,False
nuscenes_mini,9813c23a5f1448b09bb7910fea9baf20,bus,0.5586206912994385,32.91,C,0.089,0.004,202,9,2270,False
nuscenes_mini,9813c23a5f1448b09bb7910fea9baf20,construction_vehicle,0.7500000596046448,37.37,C,0.0842,0.0035,242,10,2875,False
nuscenes_mini,9813c23a5f1448b09bb7910fea9baf20,pedestrian,1.0,24.58,B,0.1667,0.0208,8,1,48,True
nuscenes_mini,9813c23a5f1448b09bb7910fea9baf20,motorcycle,0.7500000596046448,30.53,C,0.2876,0.0065,88,2,306,True
nuscenes_mini,9813c23a5f1448b09bb7910fea9baf20,pedestrian,1.0,22.57,B,0.1296,0.0556,7,3,54,True
nuscenes_mini,9813c23a5f1448b09bb7910fea9baf20,pedestrian,1.0,23.16,B,0.1444,0.0444,13,4,90,True
nuscenes_mini,9813c23a5f1448b09bb7910fea9baf20,pedestrian,1.0,32.32,C,0.125,0.025,5,1,40,True
nuscenes_mini,9813c23a5f1448b09bb7910fea9baf20,pedestrian,1.0,26.47,B,0.0833,0.0417,6,3,72,False
nuscenes_mini,9813c23a5f1448b09bb7910fea9baf20,pedestrian,1.0,23.45,B,0.0536,0.0357,3,2,56,False
nuscenes_mini,9813c23a5f1448b09bb7910fea9baf20,pedestrian,1.0,30.4,C,0.05,0.025,2,1,40,False
nuscenes_mini,9813c23a5f1448b09bb7910fea9baf20,pedestrian,1.0,25.96,B,0.0694,0.0556,5,4,72,False
nuscenes_mini,9813c23a5f1448b09bb7910fea9baf20,pedestrian,1.0,49.12,C,0.0926,0.037,5,2,54,False
nuscenes_mini,9813c23a5f1448b09bb7910fea9baf20,car,0.7887788414955139,34.07,C,0.0625,0.0,74,0,1184,False
nuscenes_mini,9813c23a5f1448b09bb7910fea9baf20,car,0.9101123809814453,18.42,B,0.1839,0.0068,379,14,2061,True
nuscenes_mini,9813c23a5f1448b09bb7910fea9baf20,car,0.7500000596046448,35.99,C,0.093,0.0,99,0,1064,False
nuscenes_mini,9813c23a5f1448b09bb7910fea9baf20,car,0.7387754917144775,40.28,C,0.0469,0.0,38,0,810,False
nuscenes_mini,9813c23a5f1448b09bb7910fea9baf20,pedestrian,1.0,17.63,B,0.1944,0.0694,14,5,72,True
nuscenes_mini,9813c23a5f1448b09bb7910fea9baf20,pedestrian,1.0,45.45,C,0.0938,0.0312,3,1,32,False
nuscenes_mini,9813c23a5f1448b09bb7910fea9baf20,pedestrian,1.0,47.4,C,0.0312,0.0312,1,1,32,False
nuscenes_mini,9813c23a5f1448b09bb7910fea9baf20,construction_vehicle,0.675126850605011,18.32,B,0.1124,0.0084,1360,102,12096,True
nuscenes_mini,9813c23a5f1448b09bb7910fea9baf20,pedestrian,1.0,23.1,B,0.202,0.0303,20,3,99,True
nuscenes_mini,9813c23a5f1448b09bb7910fea9baf20,pedestrian,1.0,27.15,B,0.1429,0.0159,9,1,63,True
nuscenes_mini,023c4df2d451409881d8e6ea82f14704,pedestrian,1.0,36.58,C,0.037,0.0556,2,3,54,False
nuscenes_mini,023c4df2d451409881d8e6ea82f14704,pedestrian,1.0,22.73,B,0.125,0.0625,4,2,32,True
nuscenes_mini,023c4df2d451409881d8e6ea82f14704,pedestrian,1.0,26.62,B,0.1333,0.0667,6,3,45,True
nuscenes_mini,023c4df2d451409881d8e6ea82f14704,pedestrian,1.0,23.62,B,0.0417,0.0417,2,2,48,False
nuscenes_mini,023c4df2d451409881d8e6ea82f14704,pedestrian,1.0,31.44,C,0.125,0.0625,6,3,48,True
nuscenes_mini,023c4df2d451409881d8e6ea82f14704,pedestrian,1.0,22.88,B,0.125,0.0,8,0,64,True
nuscenes_mini,023c4df2d451409881d8e6ea82f14704,pedestrian,1.0,30.48,C,0.1458,0.125,7,6,48,True
nuscenes_mini,023c4df2d451409881d8e6ea82f14704,car,0.9024390578269958,21.36,B,0.09,0.0142,222,35,2466,False
nuscenes_mini,023c4df2d451409881d8e6ea82f14704,car,0.9064327478408813,19.09,B,0.0529,0.0109,63,13,1192,False
nuscenes_mini,023c4df2d451409881d8e6ea82f14704,car,0.7387754917144775,52.71,C,0.0,0.0,0,0,49,False
nuscenes_mini,023c4df2d451409881d8e6ea82f14704,bus,0.8202247023582458,55.6,C,0.0461,0.0,21,0,456,False
nuscenes_mini,023c4df2d451409881d8e6ea82f14704,truck,0.5428571701049805,49.55,C,0.018,0.0007,516,21,28656,False
nuscenes_mini,023c4df2d451409881d8e6ea82f14704,construction_vehicle,0.8904109597206116,33.01,C,0.1651,0.0033,752,15,4554,True
nuscenes_mini,023c4df2d451409881d8e6ea82f14704,pedestrian,1.0,10.69,A,0.7407,0.0494,60,4,81,True
nuscenes_mini,023c4df2d451409881d8e6ea82f14704,pedestrian,1.0,22.49,B,0.2833,0.0167,34,2,120,True
nuscenes_mini,023c4df2d451409881d8e6ea82f14704,truck,0.7815700173377991,27.32,B,0.1012,0.0,360,0,3556,True
nuscenes_mini,023c4df2d451409881d8e6ea82f14704,pedestrian,1.0,30.19,C,0.0,0.0,0,0,42,False
nuscenes_mini,023c4df2d451409881d8e6ea82f14704,pedestrian,1.0,22.84,B,0.1562,0.125,5,4,32,True
nuscenes_mini,023c4df2d451409881d8e6ea82f14704,pedestrian,1.0,38.39,C,0.0556,0.0,2,0,36,False
nuscenes_mini,023c4df2d451409881d8e6ea82f14704,pedestrian,1.0,47.13,C,0.0,0.0,0,0,24,False
nuscenes_mini,023c4df2d451409881d8e6ea82f14704,pedestrian,1.0,37.17,C,0.0952,0.0476,4,2,42,False
nuscenes_mini,023c4df2d451409881d8e6ea82f14704,pedestrian,1.0,25.2,B,0.18,0.08,9,4,50,True
nuscenes_mini,023c4df2d451409881d8e6ea82f14704,pedestrian,1.0,25.62,B,0.0429,0.0429,3,3,70,False
nuscenes_mini,023c4df2d451409881d8e6ea82f14704,car,0.9298245906829834,18.9,B,0.1973,0.0096,451,22,2286,True
nuscenes_mini,023c4df2d451409881d8e6ea82f14704,car,0.8518518805503845,32.18,C,0.0458,0.0,41,0,896,False
nuscenes_mini,023c4df2d451409881d8e6ea82f14704,car,0.6878048777580261,40.44,C,0.0998,0.0,133,0,1332,False
nuscenes_mini,023c4df2d451409881d8e6ea82f14704,pedestrian,1.0,20.42,B,0.1875,0.0833,9,4,48,True
nuscenes_mini,023c4df2d451409881d8e6ea82f14704,pedestrian,1.0,48.54,C,0.0,0.0357,0,1,28,False
nuscenes_mini,023c4df2d451409881d8e6ea82f14704,construction_vehicle,0.5395683646202087,21.3,B,0.0933,0.0072,1129,87,12100,False
nuscenes_mini,023c4df2d451409881d8e6ea82f14704,pedestrian,1.0,22.92,B,0.1111,0.0222,5,1,45,True
nuscenes_mini,023c4df2d451409881d8e6ea82f14704,pedestrian,1.0,22.84,B,0.1458,0.0938,14,9,96,True
nuscenes_mini,023c4df2d451409881d8e6ea82f14704,pedestrian,1.0,32.49,C,0.0139,0.0139,1,1,72,False
nuscenes_mini,c235638ed66145988d17f9d0601923f2,pedestrian,1.0,19.78,B,0.1458,0.0417,7,2,48,True
nuscenes_mini,c235638ed66145988d17f9d0601923f2,pedestrian,1.0,28.95,B,0.0833,0.0417,4,2,48,False
nuscenes_mini,c235638ed66145988d17f9d0601923f2,pedestrian,1.0,20.69,B,0.2,0.125,8,5,40,True
nuscenes_mini,c235638ed66145988d17f9d0601923f2,pedestrian,1.0,23.57,B,0.0417,0.0625,2,3,48,False
nuscenes_mini,c235638ed66145988d17f9d0601923f2,pedestrian,1.0,32.66,C,0.1111,0.037,6,2,54,True
nuscenes_mini,c235638ed66145988d17f9d0601923f2,pedestrian,1.0,33.04,C,0.0741,0.0556,4,3,54,False
nuscenes_mini,c235638ed66145988d17f9d0601923f2,pedestrian,1.0,19.77,B,0.2063,0.0159,13,1,63,True
nuscenes_mini,c235638ed66145988d17f9d0601923f2,pedestrian,1.0,27.95,B,0.0864,0.037,7,3,81,False
nuscenes_mini,c235638ed66145988d17f9d0601923f2,car,0.9179486632347107,19.94,B,0.0735,0.0125,170,29,2313,False
nuscenes_mini,c235638ed66145988d17f9d0601923f2,bus,0.8439024686813354,52.95,C,0.0,0.0,0,0,2400,False
nuscenes_mini,c235638ed66145988d17f9d0601923f2,truck,0.827957034111023,49.08,C,0.0115,0.0,23,0,2000,False
nuscenes_mini,c235638ed66145988d17f9d0601923f2,truck,0.8048780560493469,45.03,C,0.0397,0.0076,156,30,3934,False
nuscenes_mini,c235638ed66145988d17f9d0601923f2,construction_vehicle,0.8787879347801208,31.35,C,0.114,0.0052,479,22,4200,True
nuscenes_mini,c235638ed66145988d17f9d0601923f2,pedestrian,1.0,20.64,B,0.25,0.0833,18,6,72,True
nuscenes_mini,c235638ed66145988d17f9d0601923f2,pedestrian,1.0,20.19,B,0.1375,0.025,11,2,80,True
nuscenes_mini,c235638ed66145988d17f9d0601923f2,motorcycle,0.7887788414955139,26.64,B,0.0926,0.0041,45,2,486,False
nuscenes_mini,c235638ed66145988d17f9d0601923f2,pedestrian,1.0,24.61,B,0.0,0.0152,0,1,66,False
nuscenes_mini,c235638ed66145988d17f9d0601923f2,pedestrian,1.0,25.17,B,0.0408,0.0408,2,2,49,False
nuscenes_mini,c235638ed66145988d17f9d0601923f2,pedestrian,1.0,30.71,C,0.0,0.0,0,0,42,False
nuscenes_mini,c235638ed66145988d17f9d0601923f2,pedestrian,1.0,12.83,A,0.1429,0.0,4,0,28,True
nuscenes_mini,c235638ed66145988d17f9d0601923f2,pedestrian,1.0,22.6,B,0.1458,0.0208,7,1,48,True
nuscenes_mini,c235638ed66145988d17f9d0601923f2,pedestrian,1.0,28.14,B,0.0536,0.0179,3,1,56,False
nuscenes_mini,c235638ed66145988d17f9d0601923f2,pedestrian,1.0,35.69,C,0.0714,0.0714,2,2,28,False
nuscenes_mini,c235638ed66145988d17f9d0601923f2,car,0.9375000596046448,19.14,B,0.1348,0.0088,261,17,1936,True
nuscenes_mini,c235638ed66145988d17f9d0601923f2,pedestrian,1.0,23.62,B,0.037,0.1111,1,3,27,False
nuscenes_mini,c235638ed66145988d17f9d0601923f2,construction_vehicle,0.5311355590820312,24.11,B,0.0562,0.0074,646,85,11487,False
nuscenes_mini,c235638ed66145988d17f9d0601923f2,pedestrian,1.0,38.72,C,0.125,0.0,2,0,16,True
nuscenes_mini,c235638ed66145988d17f9d0601923f2,pedestrian,1.0,30.39,C,0.1111,0.0278,8,2,72,True
nuscenes_mini,c235638ed66145988d17f9d0601923f2,pedestrian,1.0,24.63,B,0.0179,0.0536,1,3,56,False
nuscenes_mini,c235638ed66145988d17f9d0601923f2,pedestrian,1.0,23.07,B,0.2321,0.0179,13,1,56,True
nuscenes_mini,c235638ed66145988d17f9d0601923f2,pedestrian,1.0,25.15,B,0.0357,0.0357,2,2,56,False
nuscenes_mini,c235638ed66145988d17f9d0601923f2,pedestrian,1.0,22.59,B,0.0926,0.037,5,2,54,False
nuscenes_mini,c235638ed66145988d17f9d0601923f2,pedestrian,1.0,22.06,B,0.1562,0.0625,5,2,32,True
nuscenes_mini,c235638ed66145988d17f9d0601923f2,pedestrian,1.0,22.8,B,0.1667,0.0,9,0,54,True
nuscenes_mini,c235638ed66145988d17f9d0601923f2,pedestrian,1.0,22.64,B,0.175,0.075,7,3,40,True
nuscenes_mini,bc3c8a953f6b4dcdb77b521d89f3d9d5,pedestrian,1.0,26.49,B,0.1667,0.0926,9,5,54,True
nuscenes_mini,bc3c8a953f6b4dcdb77b521d89f3d9d5,pedestrian,1.0,16.78,B,0.2292,0.1042,11,5,48,True
nuscenes_mini,bc3c8a953f6b4dcdb77b521d89f3d9d5,pedestrian,1.0,18.03,B,0.2917,0.0833,14,4,48,True
nuscenes_mini,bc3c8a953f6b4dcdb77b521d89f3d9d5,pedestrian,1.0,20.54,B,0.1296,0.0741,7,4,54,True
nuscenes_mini,bc3c8a953f6b4dcdb77b521d89f3d9d5,pedestrian,1.0,29.46,B,0.0926,0.0556,5,3,54,False
nuscenes_mini,bc3c8a953f6b4dcdb77b521d89f3d9d5,pedestrian,1.0,32.0,C,0.0,0.0,0,0,32,False
nuscenes_mini,bc3c8a953f6b4dcdb77b521d89f3d9d5,pedestrian,1.0,26.7,B,0.0909,0.0227,8,2,88,False
nuscenes_mini,bc3c8a953f6b4dcdb77b521d89f3d9d5,pedestrian,1.0,29.13,B,0.0556,0.0741,3,4,54,False
nuscenes_mini,bc3c8a953f6b4dcdb77b521d89f3d9d5,pedestrian,1.0,16.98,B,0.1667,0.125,4,3,24,True
nuscenes_mini,bc3c8a953f6b4dcdb77b521d89f3d9d5,pedestrian,1.0,25.64,B,0.1728,0.037,14,3,81,True
nuscenes_mini,bc3c8a953f6b4dcdb77b521d89f3d9d5,car,0.9259259104728699,18.71,B,0.0674,0.0137,162,33,2403,False
nuscenes_mini,bc3c8a953f6b4dcdb77b521d89f3d9d5,bus,0.8518518805503845,57.13,C,0.0326,0.0016,42,2,1290,False
nuscenes_mini,bc3c8a953f6b4dcdb77b521d89f3d9d5,truck,0.8128654956817627,42.47,C,0.0066,0.0068,36,37,5440,False
nuscenes_mini,bc3c8a953f6b4dcdb77b521d89f3d9d5,truck,0.6878048777580261,52.01,C,0.0761,0.0016,231,5,3036,False
nuscenes_mini,bc3c8a953f6b4dcdb77b521d89f3d9d5,truck,0.9179486632347107,47.88,C,0.0324,0.0044,141,19,4354,False
nuscenes_mini,bc3c8a953f6b4dcdb77b521d89f3d9d5,construction_vehicle,0.8476190567016602,28.45,B,0.1719,0.0045,872,23,5073,True
nuscenes_mini,bc3c8a953f6b4dcdb77b521d89f3d9d5,pedestrian,1.0,17.97,B,0.3036,0.0893,17,5,56,True
nuscenes_mini,bc3c8a953f6b4dcdb77b521d89f3d9d5,pedestrian,1.0,5.53,A,0.8651,0.0635,109,8,126,True
nuscenes_mini,bc3c8a953f6b4dcdb77b521d89f3d9d5,pedestrian,1.0,36.89,C,0.0286,0.0286,1,1,35,False
nuscenes_mini,bc3c8a953f6b4dcdb77b521d89f3d9d5,motorcycle,0.8358974456787109,24.37,B,0.0456,0.003,15,1,329,False
nuscenes_mini,bc3c8a953f6b4dcdb77b521d89f3d9d5,trailer,0.507692277431488,47.79,C,0.0454,0.0043,245,23,5400,False
nuscenes_mini,bc3c8a953f6b4dcdb77b521d89f3d9d5,pedestrian,1.0,26.16,B,0.0833,0.0625,4,3,48,False
nuscenes_mini,bc3c8a953f6b4dcdb77b521d89f3d9d5,pedestrian,1.0,34.41,C,0.0625,0.0625,2,2,32,False
nuscenes_mini,bc3c8a953f6b4dcdb77b521d89f3d9d5,pedestrian,1.0,27.63,B,0.0,0.0,0,0,55,False
nuscenes_mini,bc3c8a953f6b4dcdb77b521d89f3d9d5,car,0.7419355511665344,34.14,C,0.0083,0.0,7,0,846,False
nuscenes_mini,bc3c8a953f6b4dcdb77b521d89f3d9d5,car,0.5311355590820312,36.5,C,0.0979,0.0025,196,5,2002,False
nuscenes_mini,bc3c8a953f6b4dcdb77b521d89f3d9d5,car,0.9179486632347107,19.8,B,0.0902,0.0077,163,14,1808,False
nuscenes_mini,bc3c8a953f6b4dcdb77b521d89f3d9d5,car,0.7730495929718018,35.2,C,0.0066,0.0,5,0,762,False
nuscenes_mini,bc3c8a953f6b4dcdb77b521d89f3d9d5,car,0.8324607610702515,41.24,C,0.0521,0.0,66,0,1267,False
nuscenes_mini,bc3c8a953f6b4dcdb77b521d89f3d9d5,car,0.6332378387451172,39.77,C,0.038,0.0,35,0,920,False
nuscenes_mini,bc3c8a953f6b4dcdb77b521d89f3d9d5,truck,0.5395683646202087,42.33,C,0.0514,0.0,60,0,1168,False
nuscenes_mini,bc3c8a953f6b4dcdb77b521d89f3d9d5,construction_vehicle,0.6404494643211365,27.35,B,0.0566,0.0047,803,67,14175,False
nuscenes_mini,bc3c8a953f6b4dcdb77b521d89f3d9d5,pedestrian,1.0,24.82,B,0.1042,0.0208,5,1,48,True
nuscenes_mini,bc3c8a953f6b4dcdb77b521d89f3d9d5,pedestrian,1.0,11.47,A,0.1786,0.2143,5,6,28,True
nuscenes_mini,bc3c8a953f6b4dcdb77b521d89f3d9d5,pedestrian,1.0,24.37,B,0.0938,0.0469,6,3,64,False
nuscenes_mini,bc3c8a953f6b4dcdb77b521d89f3d9d5,pedestrian,1.0,22.71,B,0.0714,0.0,4,0,56,False
nuscenes_mini,bc3c8a953f6b4dcdb77b521d89f3d9d5,pedestrian,1.0,32.63,C,0.0741,0.0741,2,2,27,False
nuscenes_mini,bc3c8a953f6b4dcdb77b521d89f3d9d5,pedestrian,1.0,29.43,B,0.0893,0.0179,5,1,56,False
nuscenes_mini,bc3c8a953f6b4dcdb77b521d89f3d9d5,pedestrian,1.0,23.09,B,0.0,0.0,0,0,14,False
nuscenes_mini,bc3c8a953f6b4dcdb77b521d89f3d9d5,pedestrian,1.0,23.27,B,0.1071,0.0714,3,2,28,True
nuscenes_mini,bc3c8a953f6b4dcdb77b521d89f3d9d5,pedestrian,1.0,22.98,B,0.1429,0.0952,3,2,21,True
nuscenes_mini,1e3d79dae62742a0ad64c91679863358,pedestrian,1.0,27.4,B,0.1296,0.0185,7,1,54,True
nuscenes_mini,1e3d79dae62742a0ad64c91679863358,pedestrian,1.0,29.16,B,0.0,0.0185,0,1,54,False
nuscenes_mini,1e3d79dae62742a0ad64c91679863358,pedestrian,1.0,17.63,B,0.15,0.125,6,5,40,True
nuscenes_mini,1e3d79dae62742a0ad64c91679863358,pedestrian,1.0,14.27,A,0.25,0.05,20,4,80,True
nuscenes_mini,1e3d79dae62742a0ad64c91679863358,pedestrian,1.0,27.85,B,0.0,0.0208,0,1,48,False
nuscenes_mini,1e3d79dae62742a0ad64c91679863358,pedestrian,1.0,14.05,A,0.2321,0.0893,13,5,56,True
nuscenes_mini,1e3d79dae62742a0ad64c91679863358,pedestrian,1.0,25.63,B,0.1667,0.0417,8,2,48,True
nuscenes_mini,1e3d79dae62742a0ad64c91679863358,pedestrian,1.0,15.48,B,0.25,0.05,10,2,40,True
nuscenes_mini,1e3d79dae62742a0ad64c91679863358,pedestrian,1.0,25.86,B,0.1667,0.1111,9,6,54,True
nuscenes_mini,1e3d79dae62742a0ad64c91679863358,pedestrian,1.0,24.22,B,0.2321,0.0893,13,5,56,True
nuscenes_mini,1e3d79dae62742a0ad64c91679863358,pedestrian,1.0,24.37,B,0.101,0.0202,10,2,99,True
nuscenes_mini,1e3d79dae62742a0ad64c91679863358,car,0.9298245906829834,17.45,B,0.0725,0.0178,171,42,2358,False
nuscenes_mini,1e3d79dae62742a0ad64c91679863358,truck,0.7037037014961243,52.71,C,0.0237,0.0022,98,9,4134,False
nuscenes_mini,1e3d79dae62742a0ad64c91679863358,truck,0.9179486632347107,45.26,C,0.0501,0.0051,284,29,5670,False
nuscenes_mini,1e3d79dae62742a0ad64c91679863358,truck,0.7538461089134216,39.87,C,0.0116,0.0037,85,27,7344,False
nuscenes_mini,1e3d79dae62742a0ad64c91679863358,construction_vehicle,0.8904109597206116,25.69,B,0.1412,0.0055,638,25,4520,True
nuscenes_mini,1e3d79dae62742a0ad64c91679863358,pedestrian,1.0,15.72,B,0.4896,0.0312,47,3,96,True
nuscenes_mini,1e3d79dae62742a0ad64c91679863358,pedestrian,1.0,15.45,B,0.3125,0.0625,15,3,48,True
nuscenes_mini,1e3d79dae62742a0ad64c91679863358,motorcycle,0.8358974456787109,22.17,B,0.3324,0.0055,121,2,364,True
nuscenes_mini,1e3d79dae62742a0ad64c91679863358,truck,0.9336099624633789,44.28,C,0.0872,0.0043,526,26,6030,False
nuscenes_mini,1e3d79dae62742a0ad64c91679863358,pedestrian,1.0,42.17,C,0.125,0.0536,7,3,56,True
nuscenes_mini,1e3d79dae62742a0ad64c91679863358,pedestrian,1.0,14.12,A,0.0625,0.1042,3,5,48,False
nuscenes_mini,1e3d79dae62742a0ad64c91679863358,car,0.5395683646202087,37.21,C,0.0665,0.0053,139,11,2090,False
nuscenes_mini,1e3d79dae62742a0ad64c91679863358,car,0.8947368264198303,20.73,B,0.1456,0.0058,300,12,2061,True
nuscenes_mini,1e3d79dae62742a0ad64c91679863358,car,0.827957034111023,43.77,C,0.0104,0.0,18,0,1728,False
nuscenes_mini,1e3d79dae62742a0ad64c91679863358,bicycle,0.6952381134033203,24.51,B,0.2583,0.012,86,4,333,True
nuscenes_mini,1e3d79dae62742a0ad64c91679863358,bus,0.6559139490127563,48.96,C,0.034,0.0,117,0,3444,False
nuscenes_mini,1e3d79dae62742a0ad64c91679863358,truck,0.507692277431488,52.8,C,0.0205,0.0032,71,11,3468,False
nuscenes_mini,1e3d79dae62742a0ad64c91679863358,pedestrian,1.0,35.15,C,0.0,0.0208,0,1,48,False
nuscenes_mini,1e3d79dae62742a0ad64c91679863358,pedestrian,1.0,29.37,B,0.125,0.0938,4,3,32,True
nuscenes_mini,1e3d79dae62742a0ad64c91679863358,truck,0.8709677457809448,29.49,B,0.0798,0.0048,908,55,11380,False
nuscenes_mini,1e3d79dae62742a0ad64c91679863358,pedestrian,1.0,23.19,B,0.2361,0.0417,17,3,72,True
nuscenes_mini,1e3d79dae62742a0ad64c91679863358,pedestrian,1.0,26.49,B,0.0694,0.0,5,0,72,False
nuscenes_mini,1e3d79dae62742a0ad64c91679863358,pedestrian,1.0,25.24,B,0.0312,0.0938,1,3,32,False
nuscenes_mini,1e3d79dae62742a0ad64c91679863358,pedestrian,1.0,35.24,C,0.0222,0.0222,2,2,90,False
nuscenes_mini,1e3d79dae62742a0ad64c91679863358,pedestrian,1.0,23.88,B,0.0625,0.0625,2,2,32,False
nuscenes_mini,1e3d79dae62742a0ad64c91679863358,pedestrian,1.0,24.68,B,0.0556,0.037,3,2,54,False
nuscenes_mini,1e3d79dae62742a0ad64c91679863358,pedestrian,1.0,33.7,C,0.0,0.0714,0,2,28,False
nuscenes_mini,1e3d79dae62742a0ad64c91679863358,pedestrian,1.0,44.3,C,0.025,0.025,1,1,40,False
nuscenes_mini,2afb9d32310e4546a71cbe432911eca2,pedestrian,1.0,22.08,B,0.1444,0.0667,13,6,90,True
nuscenes_mini,2afb9d32310e4546a71cbe432911eca2,pedestrian,1.0,11.46,A,0.4444,0.125,32,9,72,True
nuscenes_mini,2afb9d32310e4546a71cbe432911eca2,pedestrian,1.0,22.09,B,0.1111,0.0139,8,1,72,True
nuscenes_mini,2afb9d32310e4546a71cbe432911eca2,pedestrian,1.0,14.64,A,0.1458,0.1667,7,8,48,True
nuscenes_mini,2afb9d32310e4546a71cbe432911eca2,pedestrian,1.0,21.29,B,0.1605,0.0617,13,5,81,True
nuscenes_mini,2afb9d32310e4546a71cbe432911eca2,pedestrian,1.0,25.69,B,0.025,0.025,1,1,40,False
nuscenes_mini,2afb9d32310e4546a71cbe432911eca2,pedestrian,1.0,21.95,B,0.1875,0.0625,9,3,48,True
nuscenes_mini,2afb9d32310e4546a71cbe432911eca2,pedestrian,1.0,22.27,B,0.2708,0.0417,13,2,48,True
nuscenes_mini,2afb9d32310e4546a71cbe432911eca2,pedestrian,1.0,24.93,B,0.0,0.0,0,0,72,False
nuscenes_mini,2afb9d32310e4546a71cbe432911eca2,car,0.9532163739204407,16.3,B,0.1178,0.0213,265,48,2250,True
nuscenes_mini,2afb9d32310e4546a71cbe432911eca2,truck,0.6444444060325623,37.12,C,0.0401,0.0132,94,31,2343,False
nuscenes_mini,2afb9d32310e4546a71cbe432911eca2,construction_vehicle,0.8987342119216919,22.04,B,0.2169,0.0106,959,47,4422,True
nuscenes_mini,2afb9d32310e4546a71cbe432911eca2,construction_vehicle,0.5311355590820312,42.99,C,0.0396,0.0065,184,30,4648,False
nuscenes_mini,2afb9d32310e4546a71cbe432911eca2,pedestrian,1.0,12.83,A,0.3951,0.1235,32,10,81,True
nuscenes_mini,2afb9d32310e4546a71cbe432911eca2,pedestrian,1.0,11.3,A,0.5873,0.0952,37,6,63,True
nuscenes_mini,2afb9d32310e4546a71cbe432911eca2,motorcycle,0.827957034111023,20.07,B,0.2313,0.0102,68,3,294,True
nuscenes_mini,2afb9d32310e4546a71cbe432911eca2,trailer,0.5508772134780884,43.44,C,0.0297,0.0056,170,32,5728,False
nuscenes_mini,2afb9d32310e4546a71cbe432911eca2,pedestrian,1.0,11.53,A,0.3594,0.1562,23,10,64,True
nuscenes_mini,2afb9d32310e4546a71cbe432911eca2,pedestrian,1.0,11.48,A,0.2917,0.2083,14,10,48,True
nuscenes_mini,2afb9d32310e4546a71cbe432911eca2,pedestrian,1.0,26.69,B,0.125,0.0208,6,1,48,True
nuscenes_mini,2afb9d32310e4546a71cbe432911eca2,pedestrian,1.0,41.02,C,0.0238,0.0476,1,2,42,False
nuscenes_mini,2afb9d32310e4546a71cbe432911eca2,car,0.7815700173377991,54.83,C,0.0724,0.0,44,0,608,False
nuscenes_mini,2afb9d32310e4546a71cbe432911eca2,car,0.8552036285400391,37.2,C,0.0094,0.0018,16,3,1704,False
nuscenes_mini,2afb9d32310e4546a71cbe432911eca2,car,0.9336099624633789,22.72,B,0.1024,0.0061,168,10,1640,True
nuscenes_mini,2afb9d32310e4546a71cbe432911eca2,car,0.7928802371025085,45.23,C,0.0122,0.0023,16,3,1309,False
nuscenes_mini,2afb9d32310e4546a71cbe432911eca2,car,0.8324607610702515,46.71,C,0.0052,0.0005,10,1,1920,False
nuscenes_mini,2afb9d32310e4546a71cbe432911eca2,bicycle,0.5114504098892212,23.67,B,0.2102,0.0398,37,7,176,True
nuscenes_mini,2afb9d32310e4546a71cbe432911eca2,bus,0.8987342119216919,50.74,C,0.0117,0.0,68,0,5796,False
nuscenes_mini,2afb9d32310e4546a71cbe432911eca2,truck,0.8128654956817627,46.97,C,0.0697,0.001,145,2,2079,False
nuscenes_mini,2afb9d32310e4546a71cbe432911eca2,pedestrian,1.0,42.01,C,0.0833,0.0,2,0,24,False
nuscenes_mini,2afb9d32310e4546a71cbe432911eca2,pedestrian,1.0,20.37,B,0.3571,0.0,15,0,42,True
nuscenes_mini,2afb9d32310e4546a71cbe432911eca2,pedestrian,1.0,38.12,C,0.15,0.025,6,1,40,True
nuscenes_mini,2afb9d32310e4546a71cbe432911eca2,pedestrian,1.0,32.33,C,0.1111,0.0741,6,4,54,True
nuscenes_mini,2afb9d32310e4546a71cbe432911eca2,truck,0.8947368264198303,31.97,C,0.077,0.0051,799,53,10374,False
nuscenes_mini,2afb9d32310e4546a71cbe432911eca2,pedestrian,1.0,25.87,B,0.0625,0.0938,2,3,32,False
nuscenes_mini,2afb9d32310e4546a71cbe432911eca2,pedestrian,1.0,45.24,C,0.0312,0.0156,2,1,64,False
nuscenes_mini,2afb9d32310e4546a71cbe432911eca2,pedestrian,1.0,23.76,B,0.175,0.1,7,4,40,True
nuscenes_mini,2afb9d32310e4546a71cbe432911eca2,pedestrian,1.0,23.39,B,0.1042,0.0625,5,3,48,True
nuscenes_mini,2afb9d32310e4546a71cbe432911eca2,pedestrian,1.0,25.41,B,0.125,0.0357,7,2,56,True
nuscenes_mini,2afb9d32310e4546a71cbe432911eca2,pedestrian,1.0,45.95,C,0.0833,0.0,4,0,48,False
nuscenes_mini,2afb9d32310e4546a71cbe432911eca2,pedestrian,1.0,25.59,B,0.025,0.05,1,2,40,False
nuscenes_mini,2afb9d32310e4546a71cbe432911eca2,car,0.7968254089355469,28.35,B,0.0297,0.0,38,0,1280,False
nuscenes_mini,2afb9d32310e4546a71cbe432911eca2,car,0.8324607610702515,48.11,C,0.0,0.0,0,0,3399,False
nuscenes_mini,cd21dbfc3bd749c7b10a5c42562e0c42,pedestrian,1.0,42.2,C,0.0,0.0,0,0,16,False
nuscenes_mini,cd21dbfc3bd749c7b10a5c42562e0c42,pedestrian,1.0,18.96,B,0.1964,0.0714,11,4,56,True
nuscenes_mini,cd21dbfc3bd749c7b10a5c42562e0c42,pedestrian,1.0,23.55,B,0.1667,0.0278,6,1,36,True
nuscenes_mini,cd21dbfc3bd749c7b10a5c42562e0c42,pedestrian,1.0,20.19,B,0.1964,0.0536,11,3,56,True
nuscenes_mini,cd21dbfc3bd749c7b10a5c42562e0c42,pedestrian,1.0,20.26,B,0.1587,0.0794,10,5,63,True
nuscenes_mini,cd21dbfc3bd749c7b10a5c42562e0c42,pedestrian,1.0,22.93,B,0.0635,0.0317,4,2,63,False
nuscenes_mini,cd21dbfc3bd749c7b10a5c42562e0c42,pedestrian,1.0,25.01,B,0.025,0.05,1,2,40,False
nuscenes_mini,cd21dbfc3bd749c7b10a5c42562e0c42,pedestrian,1.0,19.27,B,0.1786,0.0714,10,4,56,True
nuscenes_mini,cd21dbfc3bd749c7b10a5c42562e0c42,pedestrian,1.0,12.03,A,0.1667,0.1875,8,9,48,True
nuscenes_mini,cd21dbfc3bd749c7b10a5c42562e0c42,pedestrian,1.0,17.24,B,0.0625,0.0,3,0,48,False
nuscenes_mini,cd21dbfc3bd749c7b10a5c42562e0c42,pedestrian,1.0,20.47,B,0.125,0.0,5,0,40,True
nuscenes_mini,cd21dbfc3bd749c7b10a5c42562e0c42,car,0.9532163739204407,15.62,B,0.1255,0.0196,288,45,2295,True
nuscenes_mini,cd21dbfc3bd749c7b10a5c42562e0c42,truck,0.7142857313156128,33.83,C,0.0098,0.005,99,51,10120,False
nuscenes_mini,cd21dbfc3bd749c7b10a5c42562e0c42,truck,0.8632478713989258,41.08,C,0.0259,0.0056,78,17,3016,False
nuscenes_mini,cd21dbfc3bd749c7b10a5c42562e0c42,construction_vehicle,0.9259259104728699,20.18,B,0.2028,0.0086,1185,50,5842,True
nuscenes_mini,cd21dbfc3bd749c7b10a5c42562e0c42,pedestrian,1.0,10.64,A,0.5778,0.1333,26,6,45,True
nuscenes_mini,cd21dbfc3bd749c7b10a5c42562e0c42,pedestrian,1.0,11.73,A,0.6094,0.1406,39,9,64,True
nuscenes_mini,cd21dbfc3bd749c7b10a5c42562e0c42,trailer,0.5897435545921326,42.49,C,0.026,0.002,64,5,2464,False
nuscenes_mini,cd21dbfc3bd749c7b10a5c42562e0c42,pedestrian,1.0,25.11,B,0.0208,0.0417,1,2,48,False
nuscenes_mini,cd21dbfc3bd749c7b10a5c42562e0c42,pedestrian,1.0,22.88,B,0.2778,0.0278,10,1,36,True
nuscenes_mini,cd21dbfc3bd749c7b10a5c42562e0c42,pedestrian,1.0,33.17,C,0.1458,0.0625,7,3,48,True
nuscenes_mini,cd21dbfc3bd749c7b10a5c42562e0c42,pedestrian,1.0,19.57,B,0.1111,0.0794,7,5,63,True
nuscenes_mini,cd21dbfc3bd749c7b10a5c42562e0c42,pedestrian,1.0,20.32,B,0.0952,0.0794,6,5,63,False
nuscenes_mini,cd21dbfc3bd749c7b10a5c42562e0c42,pedestrian,1.0,19.33,B,0.2031,0.0625,13,4,64,True
nuscenes_mini,cd21dbfc3bd749c7b10a5c42562e0c42,pedestrian,1.0,9.5,A,0.5833,0.2708,28,13,48,True
nuscenes_mini,cd21dbfc3bd749c7b10a5c42562e0c42,pedestrian,1.0,9.57,A,0.5568,0.0909,49,8,88,True
nuscenes_mini,cd21dbfc3bd749c7b10a5c42562e0c42,pedestrian,1.0,20.22,B,0.2188,0.0469,14,3,64,True
nuscenes_mini,cd21dbfc3bd749c7b10a5c42562e0c42,car,0.8709677457809448,36.62,C,0.0143,0.0014,20,2,1400,False
nuscenes_mini,cd21dbfc3bd749c7b10a5c42562e0c42,car,0.8672199249267578,44.6,C,0.0265,0.0044,48,8,1808,False
nuscenes_mini,cd21dbfc3bd749c7b10a5c42562e0c42,car,0.7500000596046448,60.27,C,0.0,0.0,0,0,1080,False
nuscenes_mini,cd21dbfc3bd749c7b10a5c42562e0c42,car,0.8904109597206116,24.53,B,0.1353,0.0066,224,11,1656,True
nuscenes_mini,cd21dbfc3bd749c7b10a5c42562e0c42,bus,0.9101123809814453,48.85,C,0.0206,0.0,124,0,6006,False
nuscenes_mini,cd21dbfc3bd749c7b10a5c42562e0c42,truck,0.5114504098892212,40.42,C,0.0406,0.0021,76,4,1870,False
nuscenes_mini,cd21dbfc3bd749c7b10a5c42562e0c42,truck,0.6012461185455322,48.66,C,0.0248,0.0016,77,5,3108,False
nuscenes_mini,cd21dbfc3bd749c7b10a5c42562e0c42,construction_vehicle,0.7344398498535156,34.53,C,0.0545,0.0031,659,37,12084,False
nuscenes_mini,cd21dbfc3bd749c7b10a5c42562e0c42,pedestrian,1.0,25.89,B,0.1875,0.0375,15,3,80,True
nuscenes_mini,cd21dbfc3bd749c7b10a5c42562e0c42,pedestrian,1.0,13.03,A,0.125,0.0625,4,2,32,True
nuscenes_mini,cd21dbfc3bd749c7b10a5c42562e0c42,pedestrian,1.0,46.77,C,0.0208,0.0208,1,1,48,False
nuscenes_mini,cd21dbfc3bd749c7b10a5c42562e0c42,pedestrian,1.0,26.23,B,0.0893,0.0536,5,3,56,False
nuscenes_mini,cd21dbfc3bd749c7b10a5c42562e0c42,pedestrian,1.0,33.22,C,0.0357,0.0357,1,1,28,False
nuscenes_mini,cd21dbfc3bd749c7b10a5c42562e0c42,pedestrian,1.0,25.46,B,0.0,0.02,0,1,50,False
nuscenes_mini,cd21dbfc3bd749c7b10a5c42562e0c42,pedestrian,1.0,26.9,B,0.0625,0.0417,3,2,48,False
nuscenes_mini,cd21dbfc3bd749c7b10a5c42562e0c42,pedestrian,1.0,26.38,B,0.2286,0.0286,8,1,35,True
nuscenes_mini,cd21dbfc3bd749c7b10a5c42562e0c42,car,0.8324607610702515,45.0,C,0.0,0.0,0,0,1161,False
nuscenes_mini,cd21dbfc3bd749c7b10a5c42562e0c42,car,0.8324607610702515,44.18,C,0.0112,0.0,21,0,1881,False
nuscenes_mini,cd21dbfc3bd749c7b10a5c42562e0c42,car,0.6404494643211365,25.4,B,0.0432,0.0018,48,2,1112,False
nuscenes_mini,cd21dbfc3bd749c7b10a5c42562e0c42,car,0.8202247023582458,44.4,C,0.0291,0.0042,55,8,1888,False
nuscenes_mini,cd21dbfc3bd749c7b10a5c42562e0c42,car,0.7697842121124268,34.85,C,0.0206,0.0,18,0,875,False
nuscenes_mini,cd21dbfc3bd749c7b10a5c42562e0c42,bicycle,0.597484290599823,23.5,B,0.2236,0.0144,93,6,416,True
nuscenes_mini,88449a5cb1644a199c1c11f6ac034867,pedestrian,1.0,20.99,B,0.1212,0.0455,8,3,66,True
nuscenes_mini,88449a5cb1644a199c1c11f6ac034867,pedestrian,1.0,20.56,B,0.1607,0.0536,9,3,56,True
nuscenes_mini,88449a5cb1644a199c1c11f6ac034867,pedestrian,1.0,9.65,A,0.4792,0.25,23,12,48,True
nuscenes_mini,88449a5cb1644a199c1c11f6ac034867,pedestrian,1.0,14.77,A,0.0312,0.0312,1,1,32,False
nuscenes_mini,88449a5cb1644a199c1c11f6ac034867,pedestrian,1.0,40.56,C,0.0278,0.0278,1,1,36,False
nuscenes_mini,88449a5cb1644a199c1c11f6ac034867,car,0.9336099624633789,15.0,A,0.1468,0.0212,395,57,2690,True
nuscenes_mini,88449a5cb1644a199c1c11f6ac034867,truck,0.719298243522644,31.9,C,0.0147,0.0108,72,53,4896,False
nuscenes_mini,88449a5cb1644a199c1c11f6ac034867,truck,0.7104072570800781,39.84,C,0.0317,0.0043,73,10,2305,False
nuscenes_mini,88449a5cb1644a199c1c11f6ac034867,construction_vehicle,0.9101123809814453,17.86,B,0.2195,0.0101,1237,57,5635,True
nuscenes_mini,88449a5cb1644a199c1c11f6ac034867,pedestrian,1.0,8.66,A,0.7222,0.125,52,9,72,True
nuscenes_mini,88449a5cb1644a199c1c11f6ac034867,pedestrian,1.0,10.11,A,0.5625,0.2344,36,15,64,True
nuscenes_mini,88449a5cb1644a199c1c11f6ac034867,pedestrian,1.0,31.31,C,0.0571,0.0571,2,2,35,False
nuscenes_mini,88449a5cb1644a199c1c11f6ac034867,car,0.9139785170555115,16.49,B,0.0431,0.0017,52,2,1206,False
nuscenes_mini,88449a5cb1644a199c1c11f6ac034867,motorcycle,0.8518518805503845,16.6,B,0.3333,0.0156,128,6,384,True
nuscenes_mini,88449a5cb1644a199c1c11f6ac034867,pedestrian,1.0,18.54,B,0.25,0.0893,14,5,56,True
nuscenes_mini,88449a5cb1644a199c1c11f6ac034867,pedestrian,1.0,16.14,B,0.3611,0.0972,26,7,72,True
nuscenes_mini,88449a5cb1644a199c1c11f6ac034867,pedestrian,1.0,18.74,B,0.1429,0.1111,9,7,63,True
nuscenes_mini,88449a5cb1644a199c1c11f6ac034867,pedestrian,1.0,8.18,A,0.3958,0.3542,19,17,48,True
nuscenes_mini,88449a5cb1644a199c1c11f6ac034867,pedestrian,1.0,18.18,B,0.1429,0.0794,9,5,63,True
nuscenes_mini,88449a5cb1644a199c1c11f6ac034867,pedestrian,1.0,16.18,B,0.2143,0.1607,12,9,56,True
nuscenes_mini,88449a5cb1644a199c1c11f6ac034867,pedestrian,1.0,23.59,B,0.0185,0.0185,1,1,54,False
nuscenes_mini,88449a5cb1644a199c1c11f6ac034867,pedestrian,1.0,16.59,B,0.275,0.0625,22,5,80,True
nuscenes_mini,88449a5cb1644a199c1c11f6ac034867,pedestrian,1.0,8.05,A,0.5417,0.2708,26,13,48,True
nuscenes_mini,88449a5cb1644a199c1c11f6ac034867,car,0.7655677795410156,29.47,B,0.0695,0.0011,261,4,3756,False
nuscenes_mini,88449a5cb1644a199c1c11f6ac034867,car,0.6952381134033203,46.89,C,0.0,0.0,0,0,750,False
nuscenes_mini,88449a5cb1644a199c1c11f6ac034867,bus,0.9139785170555115,49.09,C,0.077,0.0,528,0,6860,False
nuscenes_mini,88449a5cb1644a199c1c11f6ac034867,truck,0.8518518805503845,46.55,C,0.0321,0.0046,134,19,4173,False
nuscenes_mini,88449a5cb1644a199c1c11f6ac034867,pedestrian,1.0,37.2,C,0.1042,0.0625,5,3,48,True
nuscenes_mini,88449a5cb1644a199c1c11f6ac034867,pedestrian,1.0,34.23,C,0.1562,0.0312,5,1,32,True
nuscenes_mini,88449a5cb1644a199c1c11f6ac034867,truck,0.9101123809814453,36.32,C,0.0186,0.0012,226,14,12159,False
nuscenes_mini,88449a5cb1644a199c1c11f6ac034867,pedestrian,1.0,29.41,B,0.075,0.025,3,1,40,False
nuscenes_mini,88449a5cb1644a199c1c11f6ac034867,pedestrian,1.0,23.52,B,0.125,0.1875,4,6,32,True
nuscenes_mini,88449a5cb1644a199c1c11f6ac034867,pedestrian,1.0,26.91,B,0.1429,0.0,9,0,63,True
nuscenes_mini,88449a5cb1644a199c1c11f6ac034867,pedestrian,1.0,27.09,B,0.1905,0.0476,8,2,42,True
nuscenes_mini,88449a5cb1644a199c1c11f6ac034867,pedestrian,1.0,23.56,B,0.125,0.0179,7,1,56,True
nuscenes_mini,88449a5cb1644a199c1c11f6ac034867,pedestrian,1.0,33.55,C,0.05,0.05,2,2,40,False
nuscenes_mini,88449a5cb1644a199c1c11f6ac034867,pedestrian,1.0,26.25,B,0.1932,0.0455,17,4,88,True
nuscenes_mini,88449a5cb1644a199c1c11f6ac034867,pedestrian,1.0,24.59,B,0.1458,0.1042,7,5,48,True
nuscenes_mini,88449a5cb1644a199c1c11f6ac034867,pedestrian,1.0,47.8,C,0.0357,0.0179,2,1,56,False
nuscenes_mini,88449a5cb1644a199c1c11f6ac034867,pedestrian,1.0,26.28,B,0.2604,0.0,25,0,96,True
nuscenes_mini,88449a5cb1644a199c1c11f6ac034867,pedestrian,1.0,27.94,B,0.1071,0.0179,6,1,56,True
nuscenes_mini,88449a5cb1644a199c1c11f6ac034867,pedestrian,1.0,28.09,B,0.0312,0.0312,1,1,32,False
nuscenes_mini,88449a5cb1644a199c1c11f6ac034867,car,0.6363636255264282,38.64,C,0.0472,0.0,68,0,1442,False
nuscenes_mini,88449a5cb1644a199c1c11f6ac034867,car,0.8865247964859009,42.3,C,0.0102,0.0,23,0,2248,False
nuscenes_mini,88449a5cb1644a199c1c11f6ac034867,car,0.7419355511665344,43.19,C,0.0471,0.0,66,0,1400,False
nuscenes_mini,88449a5cb1644a199c1c11f6ac034867,car,0.8439024686813354,45.62,C,0.0267,0.0012,44,2,1648,False
nuscenes_mini,2ff86dc19c4644a1a88ce5ba848f56e5,pedestrian,1.0,39.44,C,0.0,0.0625,0,3,48,False
nuscenes_mini,2ff86dc19c4644a1a88ce5ba848f56e5,pedestrian,1.0,18.79,B,0.0714,0.0286,5,2,70,False
nuscenes_mini,2ff86dc19c4644a1a88ce5ba848f56e5,car,0.7968254089355469,34.84,C,0.0578,0.0039,164,11,2835,False
nuscenes_mini,2ff86dc19c4644a1a88ce5ba848f56e5,car,0.9532163739204407,14.46,A,0.1593,0.0207,400,52,2511,True
nuscenes_mini,2ff86dc19c4644a1a88ce5ba848f56e5,truck,0.9298245906829834,35.94,C,0.0485,0.0102,256,54,5280,False
nuscenes_mini,2ff86dc19c4644a1a88ce5ba848f56e5,truck,0.9024390578269958,30.21,C,0.037,0.0226,105,64,2835,False
nuscenes_mini,2ff86dc19c4644a1a88ce5ba848f56e5,construction_vehicle,0.9179486632347107,15.4,B,0.2207,0.0109,1340,66,6072,True
nuscenes_mini,2ff86dc19c4644a1a88ce5ba848f56e5,pedestrian,1.0,8.81,A,0.6375,0.15,51,12,80,True
nuscenes_mini,2ff86dc19c4644a1a88ce5ba848f56e5,pedestrian,1.0,6.88,A,0.7619,0.1429,48,9,63,True
nuscenes_mini,2ff86dc19c4644a1a88ce5ba848f56e5,car,0.921951174736023,15.63,B,0.0436,0.0038,69,6,1584,False
nuscenes_mini,2ff86dc19c4644a1a88ce5ba848f56e5,pedestrian,1.0,13.87,A,0.3958,0.1458,19,7,48,True
nuscenes_mini,2ff86dc19c4644a1a88ce5ba848f56e5,pedestrian,1.0,13.58,A,0.375,0.1875,18,9,48,True
nuscenes_mini,2ff86dc19c4644a1a88ce5ba848f56e5,pedestrian,1.0,14.05,A,0.3875,0.1,31,8,80,True
nuscenes_mini,2ff86dc19c4644a1a88ce5ba848f56e5,pedestrian,1.0,7.52,A,0.5781,0.25,37,16,64,True
nuscenes_mini,2ff86dc19c4644a1a88ce5ba848f56e5,pedestrian,1.0,15.38,B,0.2361,0.0694,17,5,72,True
nuscenes_mini,2ff86dc19c4644a1a88ce5ba848f56e5,pedestrian,1.0,14.69,A,0.0714,0.0536,4,3,56,False
nuscenes_mini,2ff86dc19c4644a1a88ce5ba848f56e5,pedestrian,1.0,12.7,A,0.0333,0.0167,2,1,60,False
nuscenes_mini,2ff86dc19c4644a1a88ce5ba848f56e5,pedestrian,1.0,17.55,B,0.1875,0.1094,12,7,64,True
nuscenes_mini,2ff86dc19c4644a1a88ce5ba848f56e5,pedestrian,1.0,17.11,B,0.1786,0.0714,10,4,56,True
nuscenes_mini,2ff86dc19c4644a1a88ce5ba848f56e5,car,0.8947368264198303,29.44,B,0.1027,0.0045,182,8,1773,True
nuscenes_mini,2ff86dc19c4644a1a88ce5ba848f56e5,bus,0.8439024686813354,52.97,C,0.0052,0.0005,49,5,9469,False
nuscenes_mini,2ff86dc19c4644a1a88ce5ba848f56e5,construction_vehicle,0.5038759708404541,45.14,C,0.0529,0.0048,211,19,3991,False
nuscenes_mini,2ff86dc19c4644a1a88ce5ba848f56e5,pedestrian,1.0,26.18,B,0.275,0.0,11,0,40,True
nuscenes_mini,2ff86dc19c4644a1a88ce5ba848f56e5,pedestrian,1.0,23.19,B,0.125,0.0,4,0,32,True
nuscenes_mini,2ff86dc19c4644a1a88ce5ba848f56e5,pedestrian,1.0,50.1,C,0.0,0.0208,0,1,48,False
nuscenes_mini,2ff86dc19c4644a1a88ce5ba848f56e5,pedestrian,1.0,36.59,C,0.0,0.0,0,0,32,False
nuscenes_mini,2ff86dc19c4644a1a88ce5ba848f56e5,pedestrian,1.0,8.78,A,0.6562,0.1719,42,11,64,True
nuscenes_mini,2ff86dc19c4644a1a88ce5ba848f56e5,pedestrian,1.0,28.34,B,0.0625,0.0625,2,2,32,False
nuscenes_mini,2ff86dc19c4644a1a88ce5ba848f56e5,pedestrian,1.0,26.72,B,0.0778,0.0444,7,4,90,False
nuscenes_mini,2ff86dc19c4644a1a88ce5ba848f56e5,pedestrian,1.0,7.42,A,0.5833,0.2222,42,16,72,True
nuscenes_mini,2ff86dc19c4644a1a88ce5ba848f56e5,pedestrian,1.0,40.18,C,0.0952,0.0238,4,1,42,False
nuscenes_mini,2ff86dc19c4644a1a88ce5ba848f56e5,pedestrian,1.0,28.51,B,0.1607,0.0357,9,2,56,True
nuscenes_mini,2ff86dc19c4644a1a88ce5ba848f56e5,pedestrian,1.0,7.67,A,0.425,0.35,17,14,40,True
nuscenes_mini,2ff86dc19c4644a1a88ce5ba848f56e5,pedestrian,1.0,29.05,B,0.1875,0.0312,6,1,32,True
nuscenes_mini,2ff86dc19c4644a1a88ce5ba848f56e5,pedestrian,1.0,29.32,B,0.1667,0.0,8,0,48,True
nuscenes_mini,2ff86dc19c4644a1a88ce5ba848f56e5,pedestrian,1.0,28.83,B,0.1477,0.0114,13,1,88,True
nuscenes_mini,2ff86dc19c4644a1a88ce5ba848f56e5,pedestrian,1.0,34.14,C,0.0,0.1111,0,4,36,False
nuscenes_mini,2ff86dc19c4644a1a88ce5ba848f56e5,pedestrian,1.0,25.08,B,0.125,0.0536,7,3,56,True
nuscenes_mini,2ff86dc19c4644a1a88ce5ba848f56e5,car,0.8400000333786011,28.66,B,0.0974,0.0026,149,4,1530,False
nuscenes_mini,2ff86dc19c4644a1a88ce5ba848f56e5,car,0.827957034111023,37.49,C,0.0,0.0,0,0,1528,False
nuscenes_mini,2ff86dc19c4644a1a88ce5ba848f56e5,car,0.6332378387451172,44.77,C,0.0484,0.0,50,0,1032,False
nuscenes_mini,2ff86dc19c4644a1a88ce5ba848f56e5,bicycle,0.6444444060325623,23.42,B,0.2321,0.0143,65,4,280,True
nuscenes_mini,2ff86dc19c4644a1a88ce5ba848f56e5,bus,0.5276752710342407,47.61,C,0.0076,0.0,18,0,2370,False
nuscenes_mini,bf2938e43c6f487497cda76b51bfc406,pedestrian,1.0,16.7,B,0.3143,0.0286,22,2,70,True
nuscenes_mini,bf2938e43c6f487497cda76b51bfc406,car,0.9569892287254333,14.06,A,0.1477,0.0177,384,46,2600,True
nuscenes_mini,bf2938e43c6f487497cda76b51bfc406,truck,0.9375000596046448,33.98,C,0.0626,0.0114,386,70,6165,False
nuscenes_mini,bf2938e43c6f487497cda76b51bfc406,truck,0.8947368264198303,28.27,B,0.0155,0.0122,79,62,5083,False
nuscenes_mini,bf2938e43c6f487497cda76b51bfc406,construction_vehicle,0.9298245906829834,12.84,A,0.2134,0.0183,1099,94,5150,True
nuscenes_mini,bf2938e43c6f487497cda76b51bfc406,pedestrian,1.0,5.39,A,0.7619,0.1587,48,10,63,True
nuscenes_mini,bf2938e43c6f487497cda76b51bfc406,car,0.9139785170555115,14.68,A,0.0309,0.0069,58,13,1880,False
nuscenes_mini,bf2938e43c6f487497cda76b51bfc406,motorcycle,0.7344398498535156,12.94,A,0.3305,0.0149,155,7,469,True
nuscenes_mini,bf2938e43c6f487497cda76b51bfc406,pedestrian,1.0,36.46,C,0.0,0.0,0,0,65,False
nuscenes_mini,bf2938e43c6f487497cda76b51bfc406,pedestrian,1.0,20.11,B,0.0536,0.0,3,0,56,False
nuscenes_mini,bf2938e43c6f487497cda76b51bfc406,pedestrian,1.0,21.35,B,0.0357,0.0357,2,2,56,False
nuscenes_mini,bf2938e43c6f487497cda76b51bfc406,pedestrian,1.0,10.81,A,0.125,0.0536,7,3,56,True
nuscenes_mini,bf2938e43c6f487497cda76b51bfc406,pedestrian,1.0,12.6,A,0.3214,0.0714,9,2,28,True
nuscenes_mini,bf2938e43c6f487497cda76b51bfc406,pedestrian,1.0,5.82,A,0.5156,0.3281,33,21,64,True
nuscenes_mini,bf2938e43c6f487497cda76b51bfc406,pedestrian,1.0,5.97,A,0.8111,0.1222,73,11,90,True
nuscenes_mini,bf2938e43c6f487497cda76b51bfc406,pedestrian,1.0,16.36,B,0.1,0.0556,9,5,90,False
nuscenes_mini,bf2938e43c6f487497cda76b51bfc406,pedestrian,1.0,10.92,A,0.7188,0.0,23,0,32,True
nuscenes_mini,bf2938e43c6f487497cda76b51bfc406,pedestrian,1.0,49.41,C,0.0,0.0,0,0,48,False
nuscenes_mini,bf2938e43c6f487497cda76b51bfc406,pedestrian,1.0,30.23,C,0.1964,0.0,11,0,56,True
nuscenes_mini,bf2938e43c6f487497cda76b51bfc406,pedestrian,1.0,32.05,C,0.0238,0.0,1,0,42,False
nuscenes_mini,bf2938e43c6f487497cda76b51bfc406,pedestrian,1.0,22.4,B,0.125,0.0,6,0,48,True
nuscenes_mini,bf2938e43c6f487497cda76b51bfc406,truck,0.5704697966575623,38.23,C,0.0134,0.0011,24,2,1793,False
nuscenes_mini,bf2938e43c6f487497cda76b51bfc406,pedestrian,1.0,7.81,A,0.5833,0.1667,63,18,108,True
nuscenes_mini,bf2938e43c6f487497cda76b51bfc406,pedestrian,1.0,24.82,B,0.0729,0.0,7,0,96,False
nuscenes_mini,bf2938e43c6f487497cda76b51bfc406,pedestrian,1.0,8.15,A,0.4464,0.3036,25,17,56,True
nuscenes_mini,bf2938e43c6f487497cda76b51bfc406,pedestrian,1.0,34.83,C,0.0625,0.0625,4,4,64,False
nuscenes_mini,bf2938e43c6f487497cda76b51bfc406,pedestrian,1.0,30.45,C,0.1806,0.0139,13,1,72,True
nuscenes_mini,bf2938e43c6f487497cda76b51bfc406,pedestrian,1.0,26.03,B,0.2037,0.0741,11,4,54,True
nuscenes_mini,bf2938e43c6f487497cda76b51bfc406,pedestrian,1.0,7.46,A,0.75,0.2143,42,12,56,True
nuscenes_mini,bf2938e43c6f487497cda76b51bfc406,pedestrian,1.0,28.0,B,0.1528,0.0556,11,4,72,True
nuscenes_mini,bf2938e43c6f487497cda76b51bfc406,pedestrian,1.0,8.08,A,0.3542,0.4167,17,20,48,True
nuscenes_mini,bf2938e43c6f487497cda76b51bfc406,pedestrian,1.0,21.71,B,0.1429,0.0,2,0,14,True
nuscenes_mini,bf2938e43c6f487497cda76b51bfc406,car,0.8787879347801208,42.18,C,0.0016,0.0,3,0,1912,False
nuscenes_mini,bf2938e43c6f487497cda76b51bfc406,car,0.8827838897705078,32.81,C,0.0417,0.0,58,0,1392,False
nuscenes_mini,bf2938e43c6f487497cda76b51bfc406,car,0.7968254089355469,38.42,C,0.0035,0.0,10,0,2827,False
nuscenes_mini,bf2938e43c6f487497cda76b51bfc406,bicycle,0.5936508178710938,27.94,B,0.0235,0.0,4,0,170,False
nuscenes_mini,b26e791522294bec90f86fd72226e35c,car,0.9298245906829834,21.14,B,0.1345,0.0138,117,12,870,True
nuscenes_mini,b26e791522294bec90f86fd72226e35c,car,0.949367105960846,13.74,A,0.2039,0.0198,577,56,2830,True
nuscenes_mini,b26e791522294bec90f86fd72226e35c,truck,0.9452055096626282,31.73,C,0.0704,0.0104,446,66,6336,False
nuscenes_mini,b26e791522294bec90f86fd72226e35c,truck,0.9259259104728699,25.44,B,0.0442,0.0159,219,79,4960,False
nuscenes_mini,b26e791522294bec90f86fd72226e35c,construction_vehicle,0.9139785170555115,10.77,A,0.2644,0.0166,1085,68,4104,True
nuscenes_mini,b26e791522294bec90f86fd72226e35c,pedestrian,1.0,4.38,A,0.625,0.3571,35,20,56,True
nuscenes_mini,b26e791522294bec90f86fd72226e35c,pedestrian,1.0,6.12,A,0.9062,0.0625,29,2,32,True
nuscenes_mini,b26e791522294bec90f86fd72226e35c,car,0.8750000596046448,14.28,A,0.0951,0.0128,119,16,1251,False
nuscenes_mini,b26e791522294bec90f86fd72226e35c,pedestrian,1.0,16.29,B,0.1296,0.037,7,2,54,True
nuscenes_mini,b26e791522294bec90f86fd72226e35c,pedestrian,1.0,11.44,A,0.4074,0.0494,33,4,81,True
nuscenes_mini,b26e791522294bec90f86fd72226e35c,pedestrian,1.0,9.3,A,0.1528,0.0556,11,4,72,True
nuscenes_mini,b26e791522294bec90f86fd72226e35c,pedestrian,1.0,18.79,B,0.1111,0.0556,8,4,72,True
nuscenes_mini,b26e791522294bec90f86fd72226e35c,pedestrian,1.0,10.49,A,0.5926,0.0926,64,10,108,True
nuscenes_mini,b26e791522294bec90f86fd72226e35c,pedestrian,1.0,15.89,B,0.2321,0.0714,13,4,56,True
nuscenes_mini,b26e791522294bec90f86fd72226e35c,pedestrian,1.0,14.75,A,0.1111,0.0694,8,5,72,True
nuscenes_mini,b26e791522294bec90f86fd72226e35c,pedestrian,1.0,19.32,B,0.0208,0.0417,1,2,48,False
nuscenes_mini,b26e791522294bec90f86fd72226e35c,pedestrian,1.0,10.11,A,0.4167,0.1667,30,12,72,True
nuscenes_mini,b26e791522294bec90f86fd72226e35c,pedestrian,1.0,20.52,B,0.0714,0.0357,4,2,56,False
nuscenes_mini,b26e791522294bec90f86fd72226e35c,pedestrian,1.0,16.24,B,0.2,0.0375,16,3,80,True
nuscenes_mini,b26e791522294bec90f86fd72226e35c,pedestrian,1.0,35.62,C,0.0556,0.0278,2,1,36,False
nuscenes_mini,b26e791522294bec90f86fd72226e35c,pedestrian,1.0,32.53,C,0.0667,0.0333,2,1,30,False
nuscenes_mini,b26e791522294bec90f86fd72226e35c,pedestrian,1.0,27.31,B,0.2917,0.0,14,0,48,True
nuscenes_mini,b26e791522294bec90f86fd72226e35c,pedestrian,1.0,31.87,C,0.1562,0.0625,5,2,32,True
nuscenes_mini,b26e791522294bec90f86fd72226e35c,pedestrian,1.0,32.23,C,0.2,0.0,8,0,40,True
nuscenes_mini,b26e791522294bec90f86fd72226e35c,pedestrian,1.0,32.16,C,0.0571,0.0,2,0,35,False
nuscenes_mini,b26e791522294bec90f86fd72226e35c,pedestrian,1.0,49.5,C,0.0714,0.0,1,0,14,False
nuscenes_mini,b26e791522294bec90f86fd72226e35c,pedestrian,1.0,4.39,A,0.6786,0.3036,38,17,56,True
nuscenes_mini,b26e791522294bec90f86fd72226e35c,pedestrian,1.0,26.73,B,0.0,0.0794,0,5,63,False
nuscenes_mini,b26e791522294bec90f86fd72226e35c,pedestrian,1.0,7.24,A,0.7404,0.125,77,13,104,True
nuscenes_mini,b26e791522294bec90f86fd72226e35c,pedestrian,1.0,4.88,A,0.5625,0.3125,27,15,48,True
nuscenes_mini,b26e791522294bec90f86fd72226e35c,pedestrian,1.0,9.22,A,0.375,0.2679,21,15,56,True
nuscenes_mini,b26e791522294bec90f86fd72226e35c,pedestrian,1.0,10.11,A,0.5556,0.1667,30,9,54,True
nuscenes_mini,b26e791522294bec90f86fd72226e35c,pedestrian,1.0,29.23,B,0.1364,0.0227,12,2,88,True
nuscenes_mini,b26e791522294bec90f86fd72226e35c,pedestrian,1.0,28.79,B,0.1,0.025,8,2,80,False
nuscenes_mini,b26e791522294bec90f86fd72226e35c,pedestrian,1.0,10.49,A,0.6239,0.0769,73,9,117,True
nuscenes_mini,b26e791522294bec90f86fd72226e35c,pedestrian,1.0,8.31,A,0.6477,0.1364,57,12,88,True
nuscenes_mini,b26e791522294bec90f86fd72226e35c,car,0.8987342119216919,36.96,C,0.0125,0.0026,24,5,1917,False
nuscenes_mini,b26e791522294bec90f86fd72226e35c,car,0.8947368264198303,38.76,C,0.0006,0.0,1,0,1624,False
nuscenes_mini,b26e791522294bec90f86fd72226e35c,car,0.8160918951034546,43.89,C,0.0614,0.0067,46,5,749,False
nuscenes_mini,b26e791522294bec90f86fd72226e35c,car,0.8904109597206116,37.26,C,0.0157,0.0014,22,2,1400,False
nuscenes_mini,c844bf5a9f2243ff8f4bf2c85fe218ff,car,0.941605806350708,19.07,B,0.0739,0.0179,153,37,2070,False
nuscenes_mini,c844bf5a9f2243ff8f4bf2c85fe218ff,car,0.9375000596046448,13.02,A,0.1282,0.028,293,64,2286,True
nuscenes_mini,c844bf5a9f2243ff8f4bf2c85fe218ff,truck,0.9101123809814453,22.87,B,0.0451,0.0134,352,105,7809,False
nuscenes_mini,c844bf5a9f2243ff8f4bf2c85fe218ff,truck,0.949367105960846,29.61,B,0.0967,0.0148,582,89,6016,False
nuscenes_mini,c844bf5a9f2243ff8f4bf2c85fe218ff,motorcycle,0.5540069937705994,10.24,A,0.513,0.013,158,4,308,True
nuscenes_mini,c844bf5a9f2243ff8f4bf2c85fe218ff,pedestrian,1.0,8.21,A,0.3929,0.0893,22,5,56,True
nuscenes_mini,c844bf5a9f2243ff8f4bf2c85fe218ff,pedestrian,1.0,19.03,B,0.0625,0.0417,3,2,48,False
nuscenes_mini,c844bf5a9f2243ff8f4bf2c85fe218ff,pedestrian,1.0,15.72,B,0.0208,0.0625,1,3,48,False
nuscenes_mini,c844bf5a9f2243ff8f4bf2c85fe218ff,pedestrian,1.0,20.31,B,0.0417,0.0417,2,2,48,False
nuscenes_mini,c844bf5a9f2243ff8f4bf2c85fe218ff,pedestrian,1.0,16.2,B,0.0694,0.0694,5,5,72,False
nuscenes_mini,c844bf5a9f2243ff8f4bf2c85fe218ff,pedestrian,1.0,9.97,A,0.3125,0.0417,15,2,48,True
nuscenes_mini,c844bf5a9f2243ff8f4bf2c85fe218ff,car,0.6683937907218933,19.27,B,0.1294,0.0066,177,9,1368,True
nuscenes_mini,c844bf5a9f2243ff8f4bf2c85fe218ff,construction_vehicle,0.859649121761322,9.66,A,0.2652,0.0163,1952,120,7360,True
nuscenes_mini,c844bf5a9f2243ff8f4bf2c85fe218ff,pedestrian,1.0,28.68,B,0.125,0.0625,6,3,48,True
nuscenes_mini,c844bf5a9f2243ff8f4bf2c85fe218ff,pedestrian,1.0,9.58,A,0.6125,0.075,49,6,80,True
nuscenes_mini,c844bf5a9f2243ff8f4bf2c85fe218ff,pedestrian,1.0,37.44,C,0.1429,0.0,8,0,56,True
nuscenes_mini,c844bf5a9f2243ff8f4bf2c85fe218ff,pedestrian,1.0,10.75,A,0.2778,0.2222,15,12,54,True
nuscenes_mini,c844bf5a9f2243ff8f4bf2c85fe218ff,pedestrian,1.0,27.55,B,0.1562,0.0469,10,3,64,True
nuscenes_mini,c844bf5a9f2243ff8f4bf2c85fe218ff,pedestrian,1.0,30.09,C,0.1837,0.0612,9,3,49,True
nuscenes_mini,c844bf5a9f2243ff8f4bf2c85fe218ff,pedestrian,1.0,15.4,B,0.5,0.0,24,0,48,True
nuscenes_mini,c844bf5a9f2243ff8f4bf2c85fe218ff,pedestrian,1.0,33.83,C,0.1556,0.0444,7,2,45,True
nuscenes_mini,c844bf5a9f2243ff8f4bf2c85fe218ff,pedestrian,1.0,34.39,C,0.1667,0.0556,6,2,36,True
nuscenes_mini,c844bf5a9f2243ff8f4bf2c85fe218ff,pedestrian,1.0,36.76,C,0.075,0.05,3,2,40,False
nuscenes_mini,c844bf5a9f2243ff8f4bf2c85fe218ff,pedestrian,1.0,7.2,A,0.7768,0.1518,87,17,112,True
nuscenes_mini,c844bf5a9f2243ff8f4bf2c85fe218ff,pedestrian,1.0,4.1,A,0.6349,0.2698,40,17,63,True
nuscenes_mini,c844bf5a9f2243ff8f4bf2c85fe218ff,pedestrian,1.0,27.67,B,0.0417,0.1458,2,7,48,False
nuscenes_mini,c844bf5a9f2243ff8f4bf2c85fe218ff,pedestrian,1.0,8.21,A,0.3611,0.0972,26,7,72,True
nuscenes_mini,c844bf5a9f2243ff8f4bf2c85fe218ff,pedestrian,1.0,18.78,B,0.0408,0.0408,2,2,49,False
nuscenes_mini,c844bf5a9f2243ff8f4bf2c85fe218ff,pedestrian,1.0,9.74,A,0.7071,0.1313,70,13,99,True
nuscenes_mini,c844bf5a9f2243ff8f4bf2c85fe218ff,pedestrian,1.0,16.13,B,0.0893,0.1071,5,6,56,False
nuscenes_mini,c844bf5a9f2243ff8f4bf2c85fe218ff,pedestrian,1.0,10.42,A,0.5694,0.0694,41,5,72,True
nuscenes_mini,c844bf5a9f2243ff8f4bf2c85fe218ff,pedestrian,1.0,30.15,C,0.125,0.0227,11,2,88,True
nuscenes_mini,c844bf5a9f2243ff8f4bf2c85fe218ff,pedestrian,1.0,16.19,B,0.4231,0.0385,44,4,104,True
nuscenes_mini,c844bf5a9f2243ff8f4bf2c85fe218ff,pedestrian,1.0,15.76,B,0.0,0.0556,0,3,54,False
nuscenes_mini,c844bf5a9f2243ff8f4bf2c85fe218ff,pedestrian,1.0,4.89,A,0.5179,0.1607,29,9,56,True
nuscenes_mini,c844bf5a9f2243ff8f4bf2c85fe218ff,pedestrian,1.0,9.21,A,0.6296,0.1389,68,15,108,True
nuscenes_mini,c844bf5a9f2243ff8f4bf2c85fe218ff,pedestrian,1.0,32.0,C,0.0,0.0,0,0,64,False
nuscenes_mini,c844bf5a9f2243ff8f4bf2c85fe218ff,car,0.8947368264198303,43.08,C,0.0,0.0,0,0,1773,False
nuscenes_mini,c844bf5a9f2243ff8f4bf2c85fe218ff,car,0.8987342119216919,38.2,C,0.0119,0.0044,16,6,1350,False
nuscenes_mini,c844bf5a9f2243ff8f4bf2c85fe218ff,car,0.8672199249267578,40.17,C,0.0,0.0,0,0,1392,False
nuscenes_mini,c844bf5a9f2243ff8f4bf2c85fe218ff,bicycle,0.6952381134033203,28.1,B,0.0767,0.0238,29,9,378,False
nuscenes_mini,fedfb3a6cb804635a0f47143f9ca8d6f,car,0.9532163739204407,17.34,B,0.1578,0.0139,328,29,2079,True
nuscenes_mini,fedfb3a6cb804635a0f47143f9ca8d6f,car,0.949367105960846,12.37,A,0.1742,0.0278,395,63,2268,True
nuscenes_mini,fedfb3a6cb804635a0f47143f9ca8d6f,truck,0.9569892287254333,21.68,B,0.0215,0.0073,147,50,6840,False
nuscenes_mini,fedfb3a6cb804635a0f47143f9ca8d6f,truck,0.9649122953414917,27.57,B,0.0841,0.0136,526,85,6256,False
nuscenes_mini,fedfb3a6cb804635a0f47143f9ca8d6f,motorcycle,0.6444444060325623,12.38,A,0.2247,0.01,180,8,801,True
nuscenes_mini,fedfb3a6cb804635a0f47143f9ca8d6f,car,0.9532163739204407,16.79,B,0.2158,0.0282,367,48,1701,True
nuscenes_mini,fedfb3a6cb804635a0f47143f9ca8d6f,truck,0.8128654956817627,20.2,B,0.0444,0.0295,161,107,3626,False
nuscenes_mini,fedfb3a6cb804635a0f47143f9ca8d6f,construction_vehicle,0.827957034111023,7.84,A,0.2943,0.0238,1784,144,6061,True
nuscenes_mini,fedfb3a6cb804635a0f47143f9ca8d6f,pedestrian,1.0,30.47,C,0.1111,0.0278,4,1,36,True
nuscenes_mini,fedfb3a6cb804635a0f47143f9ca8d6f,pedestrian,1.0,35.96,C,0.0833,0.0833,3,3,36,False
nuscenes_mini,fedfb3a6cb804635a0f47143f9ca8d6f,pedestrian,1.0,31.76,C,0.125,0.0208,6,1,48,True
nuscenes_mini,fedfb3a6cb804635a0f47143f9ca8d6f,pedestrian,1.0,36.48,C,0.0833,0.0833,2,2,24,False
nuscenes_mini,fedfb3a6cb804635a0f47143f9ca8d6f,pedestrian,1.0,6.04,A,0.525,0.275,21,11,40,True
nuscenes_mini,fedfb3a6cb804635a0f47143f9ca8d6f,pedestrian,1.0,39.11,C,0.0,0.0,0,0,32,False
nuscenes_mini,fedfb3a6cb804635a0f47143f9ca8d6f,pedestrian,1.0,30.47,C,0.1389,0.0833,5,3,36,True
nuscenes_mini,fedfb3a6cb804635a0f47143f9ca8d6f,pedestrian,1.0,35.58,C,0.0938,0.0625,3,2,32,False
nuscenes_mini,fedfb3a6cb804635a0f47143f9ca8d6f,pedestrian,1.0,29.69,B,0.125,0.0625,4,2,32,True
nuscenes_mini,fedfb3a6cb804635a0f47143f9ca8d6f,pedestrian,1.0,29.43,B,0.2656,0.0156,17,1,64,True
nuscenes_mini,fedfb3a6cb804635a0f47143f9ca8d6f,pedestrian,1.0,36.16,C,0.1406,0.0469,9,3,64,True
nuscenes_mini,fedfb3a6cb804635a0f47143f9ca8d6f,pedestrian,1.0,32.31,C,0.0833,0.0139,6,1,72,False
nuscenes_mini,fedfb3a6cb804635a0f47143f9ca8d6f,pedestrian,1.0,11.51,A,0.5156,0.0625,33,4,64,True
nuscenes_mini,fedfb3a6cb804635a0f47143f9ca8d6f,pedestrian,1.0,7.66,A,0.7698,0.0952,97,12,126,True
nuscenes_mini,fedfb3a6cb804635a0f47143f9ca8d6f,pedestrian,1.0,4.57,A,0.5741,0.2963,31,16,54,True
nuscenes_mini,fedfb3a6cb804635a0f47143f9ca8d6f,pedestrian,1.0,46.6,C,0.025,0.05,1,2,40,False
nuscenes_mini,fedfb3a6cb804635a0f47143f9ca8d6f,pedestrian,1.0,9.42,A,0.6786,0.125,76,14,112,True
nuscenes_mini,fedfb3a6cb804635a0f47143f9ca8d6f,pedestrian,1.0,7.89,A,0.3,0.15,12,6,40,True
nuscenes_mini,fedfb3a6cb804635a0f47143f9ca8d6f,pedestrian,1.0,6.12,A,0.6071,0.1786,34,10,56,True
nuscenes_mini,fedfb3a6cb804635a0f47143f9ca8d6f,pedestrian,1.0,9.64,A,0.2917,0.0833,21,6,72,True
nuscenes_mini,fedfb3a6cb804635a0f47143f9ca8d6f,pedestrian,1.0,19.12,B,0.0,0.025,0,1,40,False
nuscenes_mini,fedfb3a6cb804635a0f47143f9ca8d6f,pedestrian,1.0,16.03,B,0.05,0.05,2,2,40,False
nuscenes_mini,fedfb3a6cb804635a0f47143f9ca8d6f,pedestrian,1.0,20.33,B,0.0417,0.0833,2,4,48,False
nuscenes_mini,fedfb3a6cb804635a0f47143f9ca8d6f,pedestrian,1.0,10.25,A,0.5873,0.1111,37,7,63,True
nuscenes_mini,fedfb3a6cb804635a0f47143f9ca8d6f,pedestrian,1.0,10.08,A,0.5982,0.0804,67,9,112,True
nuscenes_mini,fedfb3a6cb804635a0f47143f9ca8d6f,car,0.5586206912994385,53.28,C,0.0,0.0,0,0,1470,False
nuscenes_mini,fedfb3a6cb804635a0f47143f9ca8d6f,car,0.8827838897705078,40.08,C,0.0056,0.0005,11,1,1952,False
nuscenes_mini,fedfb3a6cb804635a0f47143f9ca8d6f,car,0.8865247964859009,47.19,C,0.0,0.0,0,0,1840,False
nuscenes_mini,fedfb3a6cb804635a0f47143f9ca8d6f,bus,0.8904109597206116,49.81,C,0.0158,0.0014,67,6,4228,False
nuscenes_mini,965f6af5a92449348409029a5f048a38,car,0.9336099624633789,11.59,A,0.2363,0.0286,521,63,2205,True
nuscenes_mini,965f6af5a92449348409029a5f048a38,bicycle,0.5775577425956726,40.94,C,0.0,0.0,0,0,336,False
nuscenes_mini,965f6af5a92449348409029a5f048a38,truck,0.9649122953414917,25.57,B,0.1058,0.0148,630,88,5955,True
nuscenes_mini,965f6af5a92449348409029a5f048a38,truck,0.949367105960846,20.55,B,0.0801,0.0199,141,35,1760,False
nuscenes_mini,965f6af5a92449348409029a5f048a38,motorcycle,0.7730495929718018,8.1,A,0.6288,0.0455,166,12,264,True
nuscenes_mini,965f6af5a92449348409029a5f048a38,car,0.96875,15.39,B,0.3073,0.0294,649,62,2112,True
nuscenes_mini,965f6af5a92449348409029a5f048a38,construction_vehicle,0.5428571701049805,17.92,B,0.246,0.0154,3346,209,13600,True
nuscenes_mini,965f6af5a92449348409029a5f048a38,construction_vehicle,0.7575758099555969,5.83,A,0.3081,0.0459,779,116,2528,True
nuscenes_mini,965f6af5a92449348409029a5f048a38,pedestrian,1.0,37.24,C,0.0625,0.0312,2,1,32,False
nuscenes_mini,965f6af5a92449348409029a5f048a38,pedestrian,1.0,30.84,C,0.0,0.0,0,0,48,False
nuscenes_mini,965f6af5a92449348409029a5f048a38,pedestrian,1.0,39.29,C,0.125,0.05,5,2,40,True
nuscenes_mini,965f6af5a92449348409029a5f048a38,pedestrian,1.0,12.39,A,0.4286,0.0476,27,3,63,True
nuscenes_mini,965f6af5a92449348409029a5f048a38,pedestrian,1.0,7.64,A,0.4375,0.125,21,6,48,True
nuscenes_mini,965f6af5a92449348409029a5f048a38,pedestrian,1.0,13.36,A,0.35,0.1,28,8,80,True
nuscenes_mini,965f6af5a92449348409029a5f048a38,pedestrian,1.0,33.92,C,0.025,0.025,1,1,40,False
nuscenes_mini,965f6af5a92449348409029a5f048a38,car,0.8672199249267578,47.91,C,0.017,0.0,36,0,2112,False
nuscenes_mini,965f6af5a92449348409029a5f048a38,pedestrian,1.0,5.58,A,0.5873,0.2381,37,15,63,True
nuscenes_mini,965f6af5a92449348409029a5f048a38,pedestrian,1.0,5.7,A,0.6296,0.1296,34,7,54,True
nuscenes_mini,965f6af5a92449348409029a5f048a38,construction_vehicle,0.5241636037826538,45.47,C,0.0307,0.0013,164,7,5348,False
nuscenes_mini,965f6af5a92449348409029a5f048a38,pedestrian,1.0,10.77,A,0.4167,0.0972,30,7,72,True
nuscenes_mini,965f6af5a92449348409029a5f048a38,pedestrian,1.0,16.69,B,0.1429,0.0204,7,1,49,True
nuscenes_mini,965f6af5a92449348409029a5f048a38,pedestrian,1.0,10.25,A,0.6296,0.0741,102,12,162,True
nuscenes_mini,965f6af5a92449348409029a5f048a38,pedestrian,1.0,9.62,A,0.4,0.0556,36,5,90,True
nuscenes_mini,965f6af5a92449348409029a5f048a38,pedestrian,1.0,12.49,A,0.3235,0.0294,44,4,136,True
nuscenes_mini,965f6af5a92449348409029a5f048a38,pedestrian,1.0,19.69,B,0.075,0.1,3,4,40,False
nuscenes_mini,965f6af5a92449348409029a5f048a38,pedestrian,1.0,19.49,B,0.0208,0.0417,1,2,48,False
nuscenes_mini,965f6af5a92449348409029a5f048a38,pedestrian,1.0,20.84,B,0.0469,0.0469,3,3,64,False
nuscenes_mini,965f6af5a92449348409029a5f048a38,pedestrian,1.0,10.0,A,0.2222,0.1111,8,4,36,True
nuscenes_mini,965f6af5a92449348409029a5f048a38,pedestrian,1.0,17.18,B,0.0536,0.1071,3,6,56,False
nuscenes_mini,965f6af5a92449348409029a5f048a38,pedestrian,1.0,8.31,A,0.2708,0.125,13,6,48,True
nuscenes_mini,965f6af5a92449348409029a5f048a38,bus,0.8400000333786011,52.14,C,0.0015,0.0008,4,2,2640,False
nuscenes_mini,4711bcd34644420da8bc77163431888e,car,0.949367105960846,10.83,A,0.2042,0.0365,386,69,1890,True
nuscenes_mini,4711bcd34644420da8bc77163431888e,truck,0.9569892287254333,23.82,B,0.0975,0.0142,660,96,6766,False
nuscenes_mini,4711bcd34644420da8bc77163431888e,motorcycle,0.7928802371025085,6.97,A,0.5969,0.0388,154,10,258,True
nuscenes_mini,4711bcd34644420da8bc77163431888e,car,0.9298245906829834,16.69,B,0.0759,0.0131,122,21,1608,False
nuscenes_mini,4711bcd34644420da8bc77163431888e,car,0.9649122953414917,13.81,A,0.3099,0.0385,595,74,1920,True
nuscenes_mini,4711bcd34644420da8bc77163431888e,truck,0.949367105960846,22.96,B,0.0893,0.0137,300,46,3360,False
nuscenes_mini,4711bcd34644420da8bc77163431888e,trailer,0.5151515007019043,16.71,B,0.2287,0.0198,2758,239,12060,True
nuscenes_mini,4711bcd34644420da8bc77163431888e,pedestrian,1.0,40.31,C,0.0,0.0417,0,1,24,False
nuscenes_mini,4711bcd34644420da8bc77163431888e,pedestrian,1.0,40.8,C,0.0,0.0417,0,1,24,False
nuscenes_mini,4711bcd34644420da8bc77163431888e,pedestrian,1.0,9.57,A,0.4583,0.125,22,6,48,True
nuscenes_mini,4711bcd34644420da8bc77163431888e,pedestrian,1.0,9.89,A,0.5333,0.1,48,9,90,True
nuscenes_mini,4711bcd34644420da8bc77163431888e,pedestrian,1.0,11.99,A,0.4667,0.0778,42,7,90,True
nuscenes_mini,4711bcd34644420da8bc77163431888e,pedestrian,1.0,11.55,A,0.5278,0.0833,57,9,108,True
nuscenes_mini,4711bcd34644420da8bc77163431888e,pedestrian,1.0,39.97,C,0.0159,0.0159,1,1,63,False
nuscenes_mini,4711bcd34644420da8bc77163431888e,pedestrian,1.0,15.34,B,0.1786,0.125,10,7,56,True
nuscenes_mini,4711bcd34644420da8bc77163431888e,car,0.8083832263946533,42.12,C,0.0237,0.0018,39,3,1648,False
nuscenes_mini,4711bcd34644420da8bc77163431888e,car,0.8672199249267578,40.96,C,0.0437,0.0011,77,2,1760,False
nuscenes_mini,4711bcd34644420da8bc77163431888e,pedestrian,1.0,6.99,A,0.75,0.15,30,6,40,True
nuscenes_mini,4711bcd34644420da8bc77163431888e,motorcycle,0.8048780560493469,7.37,A,0.3561,0.0492,94,13,264,True
nuscenes_mini,4711bcd34644420da8bc77163431888e,truck,0.604938268661499,47.31,C,0.0027,0.0007,12,3,4382,False
nuscenes_mini,4711bcd34644420da8bc77163431888e,pedestrian,1.0,10.09,A,0.4286,0.0238,18,1,42,True
nuscenes_mini,4711bcd34644420da8bc77163431888e,pedestrian,1.0,9.32,A,0.2857,0.0357,16,2,56,True
nuscenes_mini,4711bcd34644420da8bc77163431888e,pedestrian,1.0,19.07,B,0.1562,0.0625,5,2,32,True
nuscenes_mini,4711bcd34644420da8bc77163431888e,pedestrian,1.0,18.35,B,0.05,0.025,2,1,40,False
nuscenes_mini,4711bcd34644420da8bc77163431888e,car,0.7730495929718018,58.12,C,0.0118,0.0,12,0,1014,False
nuscenes_mini,4711bcd34644420da8bc77163431888e,car,0.9452055096626282,28.48,B,0.0324,0.0014,305,13,9420,False
nuscenes_mini,4711bcd34644420da8bc77163431888e,construction_vehicle,0.859649121761322,6.32,A,0.178,0.027,1598,242,8976,True
nuscenes_mini,a34fabc7aa674713b71f98ec541eb2d4,car,0.949367105960846,10.14,A,0.1746,0.0361,319,66,1827,True
nuscenes_mini,a34fabc7aa674713b71f98ec541eb2d4,truck,0.9139785170555115,22.48,B,0.0681,0.0212,138,43,2025,False
nuscenes_mini,a34fabc7aa674713b71f98ec541eb2d4,pedestrian,1.0,20.82,B,0.2188,0.0156,14,1,64,True
nuscenes_mini,a34fabc7aa674713b71f98ec541eb2d4,pedestrian,1.0,22.05,B,0.2143,0.0179,12,1,56,True
nuscenes_mini,a34fabc7aa674713b71f98ec541eb2d4,car,0.9609756469726562,12.54,A,0.316,0.0527,594,99,1880,True
nuscenes_mini,a34fabc7aa674713b71f98ec541eb2d4,truck,0.9569892287254333,21.78,B,0.1268,0.0116,921,84,7264,True
nuscenes_mini,a34fabc7aa674713b71f98ec541eb2d4,truck,0.949367105960846,15.25,B,0.2723,0.0222,3617,295,13284,True
nuscenes_mini,a34fabc7aa674713b71f98ec541eb2d4,pedestrian,1.0,11.71,A,0.25,0.1875,8,6,32,True
nuscenes_mini,a34fabc7aa674713b71f98ec541eb2d4,pedestrian,1.0,42.09,C,0.0156,0.0156,1,1,64,False
nuscenes_mini,a34fabc7aa674713b71f98ec541eb2d4,pedestrian,1.0,40.95,C,0.1406,0.0469,9,3,64,True
nuscenes_mini,a34fabc7aa674713b71f98ec541eb2d4,pedestrian,1.0,42.04,C,0.037,0.0,2,0,54,False
nuscenes_mini,a34fabc7aa674713b71f98ec541eb2d4,pedestrian,1.0,37.6,C,0.0938,0.0312,3,1,32,False
nuscenes_mini,a34fabc7aa674713b71f98ec541eb2d4,pedestrian,1.0,34.97,C,0.1111,0.0556,2,1,18,True
nuscenes_mini,a34fabc7aa674713b71f98ec541eb2d4,pedestrian,1.0,12.43,A,0.125,0.0417,6,2,48,True
nuscenes_mini,a34fabc7aa674713b71f98ec541eb2d4,pedestrian,1.0,8.49,A,0.625,0.125,30,6,48,True
nuscenes_mini,a34fabc7aa674713b71f98ec541eb2d4,pedestrian,1.0,13.42,A,0.4083,0.0417,49,5,120,True
nuscenes_mini,a34fabc7aa674713b71f98ec541eb2d4,pedestrian,1.0,20.65,B,0.1111,0.0,10,0,90,True
nuscenes_mini,a34fabc7aa674713b71f98ec541eb2d4,pedestrian,1.0,36.18,C,0.1071,0.0357,6,2,56,True
nuscenes_mini,a34fabc7aa674713b71f98ec541eb2d4,pedestrian,1.0,10.93,A,0.1944,0.0556,7,2,36,True
nuscenes_mini,a34fabc7aa674713b71f98ec541eb2d4,pedestrian,1.0,16.5,B,0.2222,0.0,18,0,81,True
nuscenes_mini,a34fabc7aa674713b71f98ec541eb2d4,pedestrian,1.0,17.5,B,0.3611,0.0417,26,3,72,True
nuscenes_mini,a34fabc7aa674713b71f98ec541eb2d4,car,0.8358974456787109,43.72,C,0.018,0.0006,29,1,1608,False
nuscenes_mini,a34fabc7aa674713b71f98ec541eb2d4,pedestrian,1.0,12.34,A,0.2143,0.0536,12,3,56,True
nuscenes_mini,a34fabc7aa674713b71f98ec541eb2d4,pedestrian,1.0,9.0,A,0.4375,0.0875,35,7,80,True
nuscenes_mini,a34fabc7aa674713b71f98ec541eb2d4,car,0.9569892287254333,16.68,B,0.1613,0.0203,262,33,1624,True
nuscenes_mini,a34fabc7aa674713b71f98ec541eb2d4,truck,0.7460317611694336,15.78,B,0.1593,0.0262,292,48,1833,True
nuscenes_mini,a34fabc7aa674713b71f98ec541eb2d4,construction_vehicle,0.9259259104728699,6.86,A,0.2288,0.0249,2681,292,11718,True
nuscenes_mini,c78067571d104caba7c568a847d56971,car,0.9452055096626282,9.74,A,0.1991,0.0338,371,63,1863,True
nuscenes_mini,c78067571d104caba7c568a847d56971,pedestrian,1.0,19.39,B,0.1429,0.0,8,0,56,True
nuscenes_mini,c78067571d104caba7c568a847d56971,pedestrian,1.0,17.63,B,0.25,0.0,12,0,48,True
nuscenes_mini,c78067571d104caba7c568a847d56971,pedestrian,1.0,20.9,B,0.2386,0.0341,21,3,88,True
nuscenes_mini,c78067571d104caba7c568a847d56971,car,0.9452055096626282,11.94,A,0.2512,0.0542,320,69,1274,True
nuscenes_mini,c78067571d104caba7c568a847d56971,truck,0.9569892287254333,20.27,B,0.1565,0.0162,1112,115,7104,True
nuscenes_mini,c78067571d104caba7c568a847d56971,trailer,0.5311355590820312,15.03,B,0.1831,0.0323,1631,288,8908,True
nuscenes_mini,c78067571d104caba7c568a847d56971,pedestrian,1.0,13.45,A,0.1875,0.0417,9,2,48,True
nuscenes_mini,c78067571d104caba7c568a847d56971,pedestrian,1.0,13.75,A,0.3333,0.0278,12,1,36,True
nuscenes_mini,c78067571d104caba7c568a847d56971,pedestrian,1.0,43.71,C,0.0179,0.0179,1,1,56,False
nuscenes_mini,c78067571d104caba7c568a847d56971,pedestrian,1.0,10.04,A,0.5625,0.0469,36,3,64,True
nuscenes_mini,c78067571d104caba7c568a847d56971,pedestrian,1.0,14.99,A,0.4074,0.0926,22,5,54,True
nuscenes_mini,c78067571d104caba7c568a847d56971,pedestrian,1.0,15.23,B,0.2929,0.0404,29,4,99,True
nuscenes_mini,c78067571d104caba7c568a847d56971,pedestrian,1.0,39.24,C,0.1667,0.0417,12,3,72,True
nuscenes_mini,c78067571d104caba7c568a847d56971,pedestrian,1.0,12.51,A,0.1964,0.0536,11,3,56,True
nuscenes_mini,c78067571d104caba7c568a847d56971,pedestrian,1.0,42.36,C,0.0208,0.0417,1,2,48,False
nuscenes_mini,c78067571d104caba7c568a847d56971,pedestrian,1.0,13.01,A,0.4646,0.0606,46,6,99,True
nuscenes_mini,c78067571d104caba7c568a847d56971,pedestrian,1.0,19.24,B,0.2292,0.0833,11,4,48,True
nuscenes_mini,c78067571d104caba7c568a847d56971,pedestrian,1.0,43.88,C,0.0556,0.0,4,0,72,False
nuscenes_mini,c78067571d104caba7c568a847d56971,car,0.827957034111023,49.35,C,0.0056,0.0,7,0,1260,False
nuscenes_mini,c78067571d104caba7c568a847d56971,car,0.8518518805503845,45.18,C,0.0639,0.0035,92,5,1440,False
nuscenes_mini,c78067571d104caba7c568a847d56971,pedestrian,1.0,9.61,A,0.5,0.1389,36,10,72,True
nuscenes_mini,c78067571d104caba7c568a847d56971,pedestrian,1.0,10.47,A,0.1875,0.0625,9,3,48,True
nuscenes_mini,c78067571d104caba7c568a847d56971,car,0.9569892287254333,12.01,A,0.2462,0.0543,390,86,1584,True
nuscenes_mini,c78067571d104caba7c568a847d56971,car,0.949367105960846,16.93,B,0.1924,0.0177,337,31,1752,True
nuscenes_mini,c78067571d104caba7c568a847d56971,truck,0.8947368264198303,14.94,A,0.242,0.0337,875,122,3615,True
nuscenes_mini,c78067571d104caba7c568a847d56971,construction_vehicle,0.9179486632347107,7.55,A,0.241,0.0209,2111,183,8758,True
nuscenes_mini,c78067571d104caba7c568a847d56971,construction_vehicle,0.5151515007019043,16.84,B,0.1022,0.0031,361,11,3531,True
nuscenes_mini,4246e57f018745c9b2bc68feb3d71b58,car,0.941605806350708,9.39,A,0.2389,0.0383,443,71,1854,True
nuscenes_mini,4246e57f018745c9b2bc68feb3d71b58,bicycle,0.7142857313156128,28.86,B,0.3161,0.0194,49,3,155,True
nuscenes_mini,4246e57f018745c9b2bc68feb3d71b58,pedestrian,1.0,19.48,B,0.25,0.0341,22,3,88,True
nuscenes_mini,4246e57f018745c9b2bc68feb3d71b58,pedestrian,1.0,18.01,B,0.1944,0.0417,14,3,72,True
nuscenes_mini,4246e57f018745c9b2bc68feb3d71b58,trailer,0.6012461185455322,14.75,A,0.1457,0.0518,641,228,4400,True
nuscenes_mini,4246e57f018745c9b2bc68feb3d71b58,trailer,0.5540069937705994,18.75,B,0.1843,0.0205,1283,143,6960,True
nuscenes_mini,4246e57f018745c9b2bc68feb3d71b58,pedestrian,1.0,38.05,C,0.1364,0.0341,12,3,88,True
nuscenes_mini,4246e57f018745c9b2bc68feb3d71b58,pedestrian,1.0,16.69,B,0.375,0.0417,27,3,72,True
nuscenes_mini,4246e57f018745c9b2bc68feb3d71b58,pedestrian,1.0,11.48,A,0.4167,0.0694,30,5,72,True
nuscenes_mini,4246e57f018745c9b2bc68feb3d71b58,pedestrian,1.0,17.09,B,0.3646,0.0625,35,6,96,True
nuscenes_mini,4246e57f018745c9b2bc68feb3d71b58,pedestrian,1.0,14.28,A,0.1429,0.0714,6,3,42,True
nuscenes_mini,4246e57f018745c9b2bc68feb3d71b58,pedestrian,1.0,43.98,C,0.0556,0.0278,2,1,36,False
nuscenes_mini,4246e57f018745c9b2bc68feb3d71b58,pedestrian,1.0,21.26,B,0.1806,0.0417,13,3,72,True
nuscenes_mini,4246e57f018745c9b2bc68feb3d71b58,pedestrian,1.0,15.27,B,0.1875,0.0625,6,2,32,True
nuscenes_mini,4246e57f018745c9b2bc68feb3d71b58,pedestrian,1.0,45.82,C,0.0926,0.0,5,0,54,False
nuscenes_mini,4246e57f018745c9b2bc68feb3d71b58,pedestrian,1.0,41.12,C,0.075,0.05,3,2,40,False
nuscenes_mini,4246e57f018745c9b2bc68feb3d71b58,car,0.719298243522644,47.71,C,0.0477,0.0011,84,2,1760,False
nuscenes_mini,4246e57f018745c9b2bc68feb3d71b58,construction_vehicle,0.8672199249267578,8.81,A,0.2966,0.0134,1997,90,6734,True
nuscenes_mini,4246e57f018745c9b2bc68feb3d71b58,motorcycle,0.7344398498535156,6.86,A,0.4324,0.0888,112,23,259,True
nuscenes_mini,4246e57f018745c9b2bc68feb3d71b58,pedestrian,1.0,10.63,A,0.4688,0.1406,30,9,64,True
nuscenes_mini,4246e57f018745c9b2bc68feb3d71b58,car,0.9609756469726562,11.81,A,0.3268,0.0437,651,87,1992,True
nuscenes_mini,4246e57f018745c9b2bc68feb3d71b58,car,0.9452055096626282,17.47,B,0.2176,0.0157,444,32,2040,True
nuscenes_mini,4246e57f018745c9b2bc68feb3d71b58,truck,0.9259259104728699,14.85,A,0.1421,0.0315,1024,227,7208,True
nuscenes_mini,4246e57f018745c9b2bc68feb3d71b58,construction_vehicle,0.5540069937705994,17.03,B,0.1156,0.0079,234,16,2025,True
nuscenes_mini,a7acb150914b40bdad9a2dc4e657cbf9,car,0.9179486632347107,9.45,A,0.2165,0.0397,376,69,1737,True
nuscenes_mini,a7acb150914b40bdad9a2dc4e657cbf9,bicycle,0.6878048777580261,27.42,B,0.21,0.02,21,2,100,True
nuscenes_mini,a7acb150914b40bdad9a2dc4e657cbf9,pedestrian,1.0,17.1,B,0.358,0.0617,29,5,81,True
nuscenes_mini,a7acb150914b40bdad9a2dc4e657cbf9,pedestrian,1.0,26.43,B,0.1719,0.0,11,0,64,True
nuscenes_mini,a7acb150914b40bdad9a2dc4e657cbf9,pedestrian,1.0,18.41,B,0.3558,0.0481,37,5,104,True
nuscenes_mini,a7acb150914b40bdad9a2dc4e657cbf9,pedestrian,1.0,28.2,B,0.1429,0.0635,9,4,63,True
nuscenes_mini,a7acb150914b40bdad9a2dc4e657cbf9,trailer,0.5816993117332458,17.54,B,0.224,0.0254,1297,147,5790,True
nuscenes_mini,a7acb150914b40bdad9a2dc4e657cbf9,trailer,0.5897435545921326,14.33,A,0.1979,0.072,418,152,2112,True
nuscenes_mini,a7acb150914b40bdad9a2dc4e657cbf9,pedestrian,1.0,37.53,C,0.037,0.0148,5,2,135,False
nuscenes_mini,a7acb150914b40bdad9a2dc4e657cbf9,pedestrian,1.0,18.56,B,0.3036,0.0357,34,4,112,True
nuscenes_mini,a7acb150914b40bdad9a2dc4e657cbf9,pedestrian,1.0,12.72,A,0.2698,0.0952,17,6,63,True
nuscenes_mini,a7acb150914b40bdad9a2dc4e657cbf9,pedestrian,1.0,16.87,B,0.1042,0.0625,5,3,48,True
nuscenes_mini,a7acb150914b40bdad9a2dc4e657cbf9,pedestrian,1.0,11.61,A,0.3889,0.1111,28,8,72,True
nuscenes_mini,a7acb150914b40bdad9a2dc4e657cbf9,pedestrian,1.0,16.93,B,0.25,0.0833,18,6,72,True
nuscenes_mini,a7acb150914b40bdad9a2dc4e657cbf9,pedestrian,1.0,15.73,B,0.1,0.0667,3,2,30,False
nuscenes_mini,a7acb150914b40bdad9a2dc4e657cbf9,pedestrian,1.0,45.51,C,0.0476,0.0,1,0,21,False
nuscenes_mini,a7acb150914b40bdad9a2dc4e657cbf9,pedestrian,1.0,23.65,B,0.1429,0.0476,3,1,21,True
nuscenes_mini,a7acb150914b40bdad9a2dc4e657cbf9,pedestrian,1.0,39.6,C,0.0417,0.0417,1,1,24,False
nuscenes_mini,a7acb150914b40bdad9a2dc4e657cbf9,pedestrian,1.0,22.69,B,0.125,0.125,5,5,40,True
nuscenes_mini,a7acb150914b40bdad9a2dc4e657cbf9,pedestrian,1.0,47.86,C,0.0185,0.0185,1,1,54,False
nuscenes_mini,a7acb150914b40bdad9a2dc4e657cbf9,car,0.8552036285400391,46.02,C,0.0,0.0,0,0,903,False
nuscenes_mini,a7acb150914b40bdad9a2dc4e657cbf9,car,0.6995305418968201,51.49,C,0.0,0.0,0,0,371,False
nuscenes_mini,a7acb150914b40bdad9a2dc4e657cbf9,construction_vehicle,0.941605806350708,9.95,A,0.2941,0.0149,3503,178,11910,True
nuscenes_mini,a7acb150914b40bdad9a2dc4e657cbf9,motorcycle,0.5631399154663086,5.77,A,0.651,0.0,125,0,192,True
nuscenes_mini,a7acb150914b40bdad9a2dc4e657cbf9,pedestrian,1.0,11.68,A,0.3651,0.127,23,8,63,True
nuscenes_mini,a7acb150914b40bdad9a2dc4e657cbf9,car,0.9452055096626282,18.15,B,0.2117,0.0165,372,29,1757,True
nuscenes_mini,a7acb150914b40bdad9a2dc4e657cbf9,car,0.9609756469726562,11.78,A,0.3608,0.0427,684,81,1896,True
nuscenes_mini,a7acb150914b40bdad9a2dc4e657cbf9,truck,0.7419355511665344,17.88,B,0.1261,0.0075,304,18,2410,True
nuscenes_mini,a7acb150914b40bdad9a2dc4e657cbf9,trailer,0.5747508406639099,13.84,A,0.3257,0.0285,4010,351,12312,True
nuscenes_mini,0cd661df01aa40c3bb3a773ba86f753a,car,0.9259259104728699,9.43,A,0.2086,0.0426,338,69,1620,True
nuscenes_mini,0cd661df01aa40c3bb3a773ba86f753a,bicycle,0.7655677795410156,27.61,B,0.0921,0.0307,21,7,228,False
nuscenes_mini,0cd661df01aa40c3bb3a773ba86f753a,pedestrian,1.0,24.92,B,0.0833,0.0833,3,3,36,False
nuscenes_mini,0cd661df01aa40c3bb3a773ba86f753a,pedestrian,1.0,16.4,B,0.3625,0.0625,29,5,80,True
nuscenes_mini,0cd661df01aa40c3bb3a773ba86f753a,pedestrian,1.0,35.91,C,0.125,0.0,4,0,32,True
nuscenes_mini,0cd661df01aa40c3bb3a773ba86f753a,pedestrian,1.0,41.16,C,0.0179,0.0179,1,1,56,False
nuscenes_mini,0cd661df01aa40c3bb3a773ba86f753a,pedestrian,1.0,17.48,B,0.2424,0.0505,24,5,99,True
nuscenes_mini,0cd661df01aa40c3bb3a773ba86f753a,pedestrian,1.0,28.1,B,0.1358,0.0247,11,2,81,True
nuscenes_mini,0cd661df01aa40c3bb3a773ba86f753a,car,0.6717948913574219,40.43,C,0.0408,0.0049,42,5,1030,False
nuscenes_mini,0cd661df01aa40c3bb3a773ba86f753a,car,0.8128654956817627,24.98,B,0.1818,0.0227,168,21,924,True
nuscenes_mini,0cd661df01aa40c3bb3a773ba86f753a,truck,0.9298245906829834,14.33,A,0.2065,0.0409,550,109,2664,True
nuscenes_mini,0cd661df01aa40c3bb3a773ba86f753a,truck,0.9609756469726562,16.77,B,0.2223,0.0303,1254,171,5640,True
nuscenes_mini,0cd661df01aa40c3bb3a773ba86f753a,pedestrian,1.0,43.32,C,0.0404,0.0101,4,1,99,False
nuscenes_mini,0cd661df01aa40c3bb3a773ba86f753a,pedestrian,1.0,37.41,C,0.025,0.025,2,2,80,False
nuscenes_mini,0cd661df01aa40c3bb3a773ba86f753a,pedestrian,1.0,13.87,A,0.1852,0.0926,10,5,54,True
nuscenes_mini,0cd661df01aa40c3bb3a773ba86f753a,pedestrian,1.0,12.82,A,0.375,0.125,24,8,64,True
nuscenes_mini,0cd661df01aa40c3bb3a773ba86f753a,pedestrian,1.0,16.94,B,0.0857,0.0,3,0,35,False
nuscenes_mini,0cd661df01aa40c3bb3a773ba86f753a,pedestrian,1.0,42.81,C,0.0278,0.0278,1,1,36,False
nuscenes_mini,0cd661df01aa40c3bb3a773ba86f753a,pedestrian,1.0,42.55,C,0.125,0.0,6,0,48,True
nuscenes_mini,0cd661df01aa40c3bb3a773ba86f753a,pedestrian,1.0,24.1,B,0.075,0.075,3,3,40,False
nuscenes_mini,0cd661df01aa40c3bb3a773ba86f753a,pedestrian,1.0,48.62,C,0.0972,0.0417,7,3,72,False
nuscenes_mini,0cd661df01aa40c3bb3a773ba86f753a,car,0.8632478713989258,46.37,C,0.0,0.0,0,0,1134,False
nuscenes_mini,0cd661df01aa40c3bb3a773ba86f753a,construction_vehicle,0.9375000596046448,10.99,A,0.2816,0.0141,3111,156,11049,True
nuscenes_mini,0cd661df01aa40c3bb3a773ba86f753a,motorcycle,0.8632478713989258,7.88,A,0.6713,0.088,145,19,216,True
nuscenes_mini,0cd661df01aa40c3bb3a773ba86f753a,pedestrian,1.0,48.79,C,0.0417,0.0417,1,1,24,False
nuscenes_mini,0cd661df01aa40c3bb3a773ba86f753a,car,0.9375000596046448,18.94,B,0.1415,0.0144,266,27,1880,True
nuscenes_mini,0cd661df01aa40c3bb3a773ba86f753a,car,0.9569892287254333,12.01,A,0.356,0.0423,623,74,1750,True
nuscenes_mini,0cd661df01aa40c3bb3a773ba86f753a,truck,0.7852349281311035,17.38,B,0.2451,0.0098,450,18,1836,True
nuscenes_mini,0cd661df01aa40c3bb3a773ba86f753a,trailer,0.5586206912994385,14.82,A,0.1853,0.0276,2401,358,12960,True
nuscenes_mini,378a3a3e9af346308ab9dff8ced46d9c,car,0.9298245906829834,9.63,A,0.2222,0.0422,390,74,1755,True
nuscenes_mini,378a3a3e9af346308ab9dff8ced46d9c,bicycle,0.7815700173377991,24.9,B,0.3538,0.0,46,0,130,True
nuscenes_mini,378a3a3e9af346308ab9dff8ced46d9c,pedestrian,1.0,15.81,B,0.375,0.0972,27,7,72,True
nuscenes_mini,378a3a3e9af346308ab9dff8ced46d9c,pedestrian,1.0,21.22,B,0.1667,0.0833,8,4,48,True
nuscenes_mini,378a3a3e9af346308ab9dff8ced46d9c,pedestrian,1.0,16.78,B,0.358,0.0617,29,5,81,True
nuscenes_mini,378a3a3e9af346308ab9dff8ced46d9c,pedestrian,1.0,23.75,B,0.2469,0.0494,20,4,81,True
nuscenes_mini,378a3a3e9af346308ab9dff8ced46d9c,car,0.7730495929718018,36.65,C,0.0791,0.0119,53,8,670,False
nuscenes_mini,378a3a3e9af346308ab9dff8ced46d9c,car,0.7419355511665344,39.16,C,0.0524,0.0041,76,6,1449,False
nuscenes_mini,378a3a3e9af346308ab9dff8ced46d9c,truck,0.9569892287254333,16.3,B,0.2142,0.0378,1299,229,6064,True
nuscenes_mini,378a3a3e9af346308ab9dff8ced46d9c,pedestrian,1.0,20.97,B,0.0741,0.0494,6,4,81,False
nuscenes_mini,378a3a3e9af346308ab9dff8ced46d9c,pedestrian,1.0,36.7,C,0.0778,0.0,7,0,90,False
nuscenes_mini,378a3a3e9af346308ab9dff8ced46d9c,pedestrian,1.0,19.2,B,0.2222,0.0926,12,5,54,True
nuscenes_mini,378a3a3e9af346308ab9dff8ced46d9c,pedestrian,1.0,41.73,C,0.0417,0.0,2,0,48,False
nuscenes_mini,378a3a3e9af346308ab9dff8ced46d9c,pedestrian,1.0,13.51,A,0.3333,0.0556,24,4,72,True
nuscenes_mini,378a3a3e9af346308ab9dff8ced46d9c,pedestrian,1.0,48.02,C,0.0238,0.0476,1,2,42,False
nuscenes_mini,378a3a3e9af346308ab9dff8ced46d9c,pedestrian,1.0,18.04,B,0.1071,0.0357,6,2,56,True
nuscenes_mini,378a3a3e9af346308ab9dff8ced46d9c,pedestrian,1.0,20.15,B,0.0781,0.0156,5,1,64,False
nuscenes_mini,378a3a3e9af346308ab9dff8ced46d9c,pedestrian,1.0,25.21,B,0.0417,0.0833,1,2,24,False
nuscenes_mini,378a3a3e9af346308ab9dff8ced46d9c,construction_vehicle,0.9336099624633789,12.0,A,0.2647,0.0128,2902,140,10962,True
nuscenes_mini,378a3a3e9af346308ab9dff8ced46d9c,construction_vehicle,0.5897435545921326,20.63,B,0.0967,0.0044,485,22,5016,False
nuscenes_mini,378a3a3e9af346308ab9dff8ced46d9c,motorcycle,0.8632478713989258,8.62,A,0.6146,0.0465,185,14,301,True
nuscenes_mini,378a3a3e9af346308ab9dff8ced46d9c,car,0.9298245906829834,19.62,B,0.1196,0.0161,245,33,2048,True
nuscenes_mini,378a3a3e9af346308ab9dff8ced46d9c,car,0.9609756469726562,12.28,A,0.3415,0.0408,569,68,1666,True
nuscenes_mini,378a3a3e9af346308ab9dff8ced46d9c,truck,0.9452055096626282,14.78,A,0.1937,0.0276,2411,344,12445,True
nuscenes_mini,378a3a3e9af346308ab9dff8ced46d9c,truck,0.8476190567016602,18.39,B,0.1247,0.0126,247,25,1980,True
nuscenes_mini,eef55c3b48f34d949959b45130ee293a,car,0.9179486632347107,9.59,A,0.1712,0.0438,262,67,1530,True
nuscenes_mini,eef55c3b48f34d949959b45130ee293a,bicycle,0.8400000333786011,23.79,B,0.3375,0.0063,54,1,160,True
nuscenes_mini,eef55c3b48f34d949959b45130ee293a,pedestrian,1.0,20.6,B,0.1964,0.0179,11,1,56,True
nuscenes_mini,eef55c3b48f34d949959b45130ee293a,pedestrian,1.0,15.11,B,0.2083,0.125,10,6,48,True
nuscenes_mini,eef55c3b48f34d949959b45130ee293a,pedestrian,1.0,16.06,B,0.2188,0.0781,14,5,64,True
nuscenes_mini,eef55c3b48f34d949959b45130ee293a,car,0.6289855241775513,38.29,C,0.0709,0.004,105,6,1482,False
nuscenes_mini,eef55c3b48f34d949959b45130ee293a,truck,0.9649122953414917,15.83,B,0.2224,0.0293,1676,221,7536,True
nuscenes_mini,eef55c3b48f34d949959b45130ee293a,pedestrian,1.0,37.28,C,0.0375,0.025,3,2,80,False
nuscenes_mini,eef55c3b48f34d949959b45130ee293a,pedestrian,1.0,13.56,A,0.4444,0.0476,28,3,63,True
nuscenes_mini,eef55c3b48f34d949959b45130ee293a,pedestrian,1.0,45.13,C,0.0312,0.0312,1,1,32,False
nuscenes_mini,eef55c3b48f34d949959b45130ee293a,pedestrian,1.0,14.67,A,0.3175,0.0952,20,6,63,True
nuscenes_mini,eef55c3b48f34d949959b45130ee293a,pedestrian,1.0,30.73,C,0.0,0.0714,0,1,14,False
nuscenes_mini,eef55c3b48f34d949959b45130ee293a,pedestrian,1.0,21.29,B,0.1778,0.0222,16,2,90,True
nuscenes_mini,eef55c3b48f34d949959b45130ee293a,pedestrian,1.0,26.25,B,0.2083,0.125,5,3,24,True
nuscenes_mini,eef55c3b48f34d949959b45130ee293a,pedestrian,1.0,19.23,B,0.1429,0.0317,9,2,63,True
nuscenes_mini,eef55c3b48f34d949959b45130ee293a,car,0.8476190567016602,49.18,C,0.0593,0.0,44,0,742,False
nuscenes_mini,eef55c3b48f34d949959b45130ee293a,construction_vehicle,0.949367105960846,13.4,A,0.2328,0.0102,2984,131,12818,True
nuscenes_mini,eef55c3b48f34d949959b45130ee293a,construction_vehicle,0.5276752710342407,20.87,B,0.1294,0.004,514,16,3971,True
nuscenes_mini,eef55c3b48f34d949959b45130ee293a,motorcycle,0.8709677457809448,9.28,A,0.6456,0.0412,235,15,364,True
nuscenes_mini,eef55c3b48f34d949959b45130ee293a,pedestrian,1.0,30.79,C,0.0625,0.0208,3,1,48,False
nuscenes_mini,eef55c3b48f34d949959b45130ee293a,car,0.9336099624633789,20.44,B,0.0989,0.0111,160,18,1617,False
nuscenes_mini,eef55c3b48f34d949959b45130ee293a,car,0.9532163739204407,12.93,A,0.2807,0.0415,501,74,1785,True
nuscenes_mini,eef55c3b48f34d949959b45130ee293a,trailer,0.518796980381012,14.8,A,0.2045,0.0336,1947,320,9519,True
nuscenes_mini,5fda58ee3ae44ab9b4bbac7a2de66c27,car,0.9101123809814453,9.9,A,0.231,0.0365,449,71,1944,True
nuscenes_mini,5fda58ee3ae44ab9b4bbac7a2de66c27,bicycle,0.7387754917144775,22.72,B,0.3152,0.0182,52,3,165,True
nuscenes_mini,5fda58ee3ae44ab9b4bbac7a2de66c27,pedestrian,1.0,3.93,A,0.5938,0.3438,19,11,32,True
nuscenes_mini,5fda58ee3ae44ab9b4bbac7a2de66c27,pedestrian,1.0,5.76,A,0.975,0.025,39,1,40,True
nuscenes_mini,5fda58ee3ae44ab9b4bbac7a2de66c27,pedestrian,1.0,14.37,A,0.25,0.0714,14,4,56,True
nuscenes_mini,5fda58ee3ae44ab9b4bbac7a2de66c27,pedestrian,1.0,29.61,B,0.0,0.0,0,0,81,False
nuscenes_mini,5fda58ee3ae44ab9b4bbac7a2de66c27,pedestrian,1.0,19.69,B,0.1852,0.0,10,0,54,True
nuscenes_mini,5fda58ee3ae44ab9b4bbac7a2de66c27,pedestrian,1.0,5.61,A,0.9167,0.0625,44,3,48,True
nuscenes_mini,5fda58ee3ae44ab9b4bbac7a2de66c27,pedestrian,1.0,21.05,B,0.0988,0.0247,8,2,81,False
nuscenes_mini,5fda58ee3ae44ab9b4bbac7a2de66c27,pedestrian,1.0,15.3,B,0.3056,0.0694,22,5,72,True
nuscenes_mini,5fda58ee3ae44ab9b4bbac7a2de66c27,truck,0.9609756469726562,15.33,B,0.2364,0.0319,1778,240,7520,True
nuscenes_mini,5fda58ee3ae44ab9b4bbac7a2de66c27,pedestrian,1.0,22.08,B,0.3125,0.0208,15,1,48,True
nuscenes_mini,5fda58ee3ae44ab9b4bbac7a2de66c27,pedestrian,1.0,15.66,B,0.2679,0.0536,15,3,56,True
nuscenes_mini,5fda58ee3ae44ab9b4bbac7a2de66c27,pedestrian,1.0,46.26,C,0.0556,0.0,2,0,36,False
nuscenes_mini,5fda58ee3ae44ab9b4bbac7a2de66c27,pedestrian,1.0,26.99,B,0.1333,0.0222,12,2,90,True
nuscenes_mini,5fda58ee3ae44ab9b4bbac7a2de66c27,pedestrian,1.0,22.35,B,0.3036,0.0179,17,1,56,True
nuscenes_mini,5fda58ee3ae44ab9b4bbac7a2de66c27,pedestrian,1.0,21.86,B,0.05,0.05,2,2,40,False
nuscenes_mini,5fda58ee3ae44ab9b4bbac7a2de66c27,motorcycle,0.6363636255264282,10.61,A,0.3679,0.0222,298,18,810,True
nuscenes_mini,5fda58ee3ae44ab9b4bbac7a2de66c27,construction_vehicle,0.9532163739204407,14.31,A,0.2297,0.0111,2653,128,11550,True
nuscenes_mini,5fda58ee3ae44ab9b4bbac7a2de66c27,construction_vehicle,0.7037037014961243,22.16,B,0.0763,0.0042,323,18,4236,False
nuscenes_mini,5fda58ee3ae44ab9b4bbac7a2de66c27,pedestrian,1.0,23.92,B,0.0612,0.1429,3,7,49,False
nuscenes_mini,5fda58ee3ae44ab9b4bbac7a2de66c27,car,0.9609756469726562,13.57,A,0.2631,0.0378,501,72,1904,True
nuscenes_mini,5fda58ee3ae44ab9b4bbac7a2de66c27,car,0.9452055096626282,21.35,B,0.0971,0.0094,155,15,1596,False
nuscenes_mini,5fda58ee3ae44ab9b4bbac7a2de66c27,trailer,0.6483516097068787,15.24,B,0.2533,0.0216,3845,328,15181,True
nuscenes_mini,919e3c4cec934168a3152077a9adcbea,car,0.9101123809814453,10.13,A,0.1506,0.0337,313,70,2079,True
nuscenes_mini,919e3c4cec934168a3152077a9adcbea,bicycle,0.6521739363670349,21.74,B,0.5556,0.1111,15,3,27,True
nuscenes_mini,919e3c4cec934168a3152077a9adcbea,pedestrian,1.0,35.74,C,0.0556,0.0556,2,2,36,False
nuscenes_mini,919e3c4cec934168a3152077a9adcbea,pedestrian,1.0,34.97,C,0.1042,0.0833,5,4,48,True
nuscenes_mini,919e3c4cec934168a3152077a9adcbea,pedestrian,1.0,23.71,B,0.1333,0.0444,6,2,45,True
nuscenes_mini,919e3c4cec934168a3152077a9adcbea,pedestrian,1.0,13.8,A,0.2857,0.1071,16,6,56,True
nuscenes_mini,919e3c4cec934168a3152077a9adcbea,pedestrian,1.0,35.18,C,0.1389,0.0833,5,3,36,True
nuscenes_mini,919e3c4cec934168a3152077a9adcbea,pedestrian,1.0,19.57,B,0.2222,0.0741,12,4,54,True
nuscenes_mini,919e3c4cec934168a3152077a9adcbea,pedestrian,1.0,19.21,B,0.2222,0.0111,20,1,90,True
nuscenes_mini,919e3c4cec934168a3152077a9adcbea,pedestrian,1.0,30.69,C,0.125,0.0625,8,4,64,True
nuscenes_mini,919e3c4cec934168a3152077a9adcbea,pedestrian,1.0,31.31,C,0.125,0.0833,6,4,48,True
nuscenes_mini,919e3c4cec934168a3152077a9adcbea,pedestrian,1.0,45.7,C,0.0,0.0159,0,1,63,False
nuscenes_mini,919e3c4cec934168a3152077a9adcbea,car,0.5540069937705994,36.88,C,0.0641,0.0082,55,7,858,False
nuscenes_mini,919e3c4cec934168a3152077a9adcbea,trailer,0.5345454812049866,15.04,B,0.1992,0.0387,1154,224,5792,True
nuscenes_mini,919e3c4cec934168a3152077a9adcbea,pedestrian,1.0,16.77,B,0.1111,0.0,6,0,54,True
nuscenes_mini,919e3c4cec934168a3152077a9adcbea,pedestrian,1.0,23.84,B,0.1719,0.0625,11,4,64,True
nuscenes_mini,919e3c4cec934168a3152077a9adcbea,pedestrian,1.0,22.96,B,0.2361,0.0556,17,4,72,True
nuscenes_mini,919e3c4cec934168a3152077a9adcbea,pedestrian,1.0,16.72,B,0.2812,0.0469,18,3,64,True
nuscenes_mini,919e3c4cec934168a3152077a9adcbea,pedestrian,1.0,49.96,C,0.05,0.0,2,0,40,False
nuscenes_mini,919e3c4cec934168a3152077a9adcbea,pedestrian,1.0,23.76,B,0.2,0.0667,9,3,45,True
nuscenes_mini,919e3c4cec934168a3152077a9adcbea,pedestrian,1.0,24.18,B,0.254,0.0159,32,2,126,True
nuscenes_mini,919e3c4cec934168a3152077a9adcbea,motorcycle,0.7852349281311035,10.52,A,0.5148,0.0216,191,8,371,True
nuscenes_mini,919e3c4cec934168a3152077a9adcbea,construction_vehicle,0.9452055096626282,15.49,B,0.2229,0.0106,2439,116,10943,True
nuscenes_mini,919e3c4cec934168a3152077a9adcbea,construction_vehicle,0.6132930517196655,20.87,B,0.1731,0.0087,476,24,2750,True
nuscenes_mini,919e3c4cec934168a3152077a9adcbea,pedestrian,1.0,23.87,B,0.0625,0.0938,2,3,32,False
nuscenes_mini,919e3c4cec934168a3152077a9adcbea,car,0.9452055096626282,14.12,A,0.2988,0.03,557,56,1864,True
nuscenes_mini,919e3c4cec934168a3152077a9adcbea,car,0.9139785170555115,22.15,B,0.1131,0.0068,199,12,1760,True
nuscenes_mini,919e3c4cec934168a3152077a9adcbea,trailer,0.604938268661499,16.09,B,0.1732,0.0216,2399,299,13851,True
nuscenes_mini,b73152cab88f49d9ba195da81fde1809,car,0.9259259104728699,10.34,A,0.1353,0.0277,308,63,2277,True
nuscenes_mini,b73152cab88f49d9ba195da81fde1809,pedestrian,1.0,13.45,A,0.0179,0.0,1,0,56,False
nuscenes_mini,b73152cab88f49d9ba195da81fde1809,pedestrian,1.0,33.74,C,0.0476,0.0317,3,2,63,False
nuscenes_mini,b73152cab88f49d9ba195da81fde1809,pedestrian,1.0,29.44,B,0.0312,0.0312,2,2,64,False
nuscenes_mini,b73152cab88f49d9ba195da81fde1809,pedestrian,1.0,34.55,C,0.0714,0.0357,4,2,56,False
nuscenes_mini,b73152cab88f49d9ba195da81fde1809,pedestrian,1.0,29.76,B,0.0833,0.0208,4,1,48,False
nuscenes_mini,b73152cab88f49d9ba195da81fde1809,pedestrian,1.0,34.13,C,0.0556,0.0185,3,1,54,False
nuscenes_mini,b73152cab88f49d9ba195da81fde1809,pedestrian,1.0,30.18,C,0.0357,0.0,2,0,56,False
nuscenes_mini,b73152cab88f49d9ba195da81fde1809,car,0.8083832263946533,30.85,C,0.0854,0.0127,101,15,1183,False
nuscenes_mini,b73152cab88f49d9ba195da81fde1809,trailer,0.7500000596046448,14.69,A,0.1276,0.0584,448,205,3510,True
nuscenes_mini,b73152cab88f49d9ba195da81fde1809,pedestrian,1.0,29.9,B,0.0556,0.0,2,0,36,False
nuscenes_mini,b73152cab88f49d9ba195da81fde1809,pedestrian,1.0,24.59,B,0.1667,0.037,9,2,54,True
nuscenes_mini,b73152cab88f49d9ba195da81fde1809,pedestrian,1.0,17.77,B,0.2361,0.0556,17,4,72,True
nuscenes_mini,b73152cab88f49d9ba195da81fde1809,pedestrian,1.0,33.88,C,0.1042,0.0,5,0,48,True
nuscenes_mini,b73152cab88f49d9ba195da81fde1809,pedestrian,1.0,23.83,B,0.1905,0.0317,12,2,63,True
nuscenes_mini,b73152cab88f49d9ba195da81fde1809,pedestrian,1.0,22.88,B,0.25,0.0,8,0,32,True
nuscenes_mini,b73152cab88f49d9ba195da81fde1809,pedestrian,1.0,25.78,B,0.1,0.0444,9,4,90,False
nuscenes_mini,b73152cab88f49d9ba195da81fde1809,car,0.9298245906829834,22.95,B,0.1265,0.0132,258,27,2040,True
nuscenes_mini,b73152cab88f49d9ba195da81fde1809,motorcycle,0.7815700173377991,11.28,A,0.6286,0.0343,220,12,350,True
nuscenes_mini,b73152cab88f49d9ba195da81fde1809,construction_vehicle,0.9452055096626282,16.62,B,0.1981,0.0096,2157,104,10890,True
nuscenes_mini,b73152cab88f49d9ba195da81fde1809,construction_vehicle,0.7104072570800781,21.66,B,0.1631,0.0057,486,17,2980,True
nuscenes_mini,b73152cab88f49d9ba195da81fde1809,car,0.949367105960846,14.89,A,0.2134,0.0286,351,47,1645,True
nuscenes_mini,b73152cab88f49d9ba195da81fde1809,trailer,0.7264957427978516,16.42,B,0.1796,0.02,2511,279,13980,True
nuscenes_mini,6aa6fa91e0d1492e812eb7e57c47df6e,car,0.9375000596046448,10.32,A,0.1909,0.0277,504,73,2640,True
nuscenes_mini,6aa6fa91e0d1492e812eb7e57c47df6e,pedestrian,1.0,32.22,C,0.125,0.0625,6,3,48,True
nuscenes_mini,6aa6fa91e0d1492e812eb7e57c47df6e,pedestrian,1.0,13.54,A,0.3281,0.0938,21,6,64,True
nuscenes_mini,6aa6fa91e0d1492e812eb7e57c47df6e,pedestrian,1.0,12.84,A,0.0156,0.0156,1,1,64,False
nuscenes_mini,6aa6fa91e0d1492e812eb7e57c47df6e,pedestrian,1.0,29.49,B,0.0625,0.0417,3,2,48,False
nuscenes_mini,6aa6fa91e0d1492e812eb7e57c47df6e,pedestrian,1.0,28.04,B,0.1562,0.0312,10,2,64,True
nuscenes_mini,6aa6fa91e0d1492e812eb7e57c47df6e,pedestrian,1.0,17.57,B,0.3148,0.0741,17,4,54,True
nuscenes_mini,6aa6fa91e0d1492e812eb7e57c47df6e,pedestrian,1.0,32.65,C,0.0,0.0,0,0,48,False
nuscenes_mini,6aa6fa91e0d1492e812eb7e57c47df6e,pedestrian,1.0,49.71,C,0.0893,0.0,5,0,56,False
nuscenes_mini,6aa6fa91e0d1492e812eb7e57c47df6e,pedestrian,1.0,18.8,B,0.237,0.037,32,5,135,True
nuscenes_mini,6aa6fa91e0d1492e812eb7e57c47df6e,pedestrian,1.0,33.47,C,0.125,0.0,3,0,24,True
nuscenes_mini,6aa6fa91e0d1492e812eb7e57c47df6e,pedestrian,1.0,25.55,B,0.0938,0.0312,3,1,32,False
nuscenes_mini,6aa6fa91e0d1492e812eb7e57c47df6e,pedestrian,1.0,25.41,B,0.2083,0.0625,10,3,48,True
nuscenes_mini,6aa6fa91e0d1492e812eb7e57c47df6e,car,0.7344398498535156,49.03,C,0.0619,0.0004,330,2,5330,False
nuscenes_mini,6aa6fa91e0d1492e812eb7e57c47df6e,car,0.9259259104728699,23.92,B,0.1103,0.0079,210,15,1904,True
nuscenes_mini,6aa6fa91e0d1492e812eb7e57c47df6e,construction_vehicle,0.9336099624633789,17.7,B,0.1771,0.0088,2163,107,12214,True
nuscenes_mini,6aa6fa91e0d1492e812eb7e57c47df6e,construction_vehicle,0.5460992455482483,22.35,B,0.1772,0.0048,482,13,2720,True
nuscenes_mini,6aa6fa91e0d1492e812eb7e57c47df6e,car,0.9452055096626282,15.66,B,0.1593,0.0253,271,43,1701,True
nuscenes_mini,6aa6fa91e0d1492e812eb7e57c47df6e,trailer,0.7299578189849854,17.17,B,0.1404,0.0168,1916,229,13644,True
nuscenes_mini,6aa6fa91e0d1492e812eb7e57c47df6e,trailer,0.7142857313156128,14.24,A,0.2405,0.0497,1046,216,4350,True
nuscenes_mini,aa581aac963a4fad848ac11fe66e8637,car,0.9298245906829834,9.99,A,0.2932,0.0384,1032,135,3520,True
nuscenes_mini,aa581aac963a4fad848ac11fe66e8637,pedestrian,1.0,31.6,C,0.0,0.0,0,0,40,False
nuscenes_mini,aa581aac963a4fad848ac11fe66e8637,pedestrian,1.0,31.73,C,0.0952,0.0,4,0,42,False
nuscenes_mini,aa581aac963a4fad848ac11fe66e8637,pedestrian,1.0,13.14,A,0.1667,0.0741,9,4,54,True
nuscenes_mini,aa581aac963a4fad848ac11fe66e8637,pedestrian,1.0,12.46,A,0.2639,0.0556,19,4,72,True
nuscenes_mini,aa581aac963a4fad848ac11fe66e8637,pedestrian,1.0,16.67,B,0.1875,0.1042,9,5,48,True
nuscenes_mini,aa581aac963a4fad848ac11fe66e8637,pedestrian,1.0,27.62,B,0.0,0.0,0,0,32,False
nuscenes_mini,aa581aac963a4fad848ac11fe66e8637,pedestrian,1.0,26.65,B,0.125,0.0,2,0,16,True
nuscenes_mini,aa581aac963a4fad848ac11fe66e8637,pedestrian,1.0,25.46,B,0.0417,0.0,1,0,24,False
nuscenes_mini,aa581aac963a4fad848ac11fe66e8637,pedestrian,1.0,30.23,C,0.1667,0.0,8,0,48,True
nuscenes_mini,aa581aac963a4fad848ac11fe66e8637,car,0.9452055096626282,10.59,A,0.0319,0.0117,52,19,1629,False
nuscenes_mini,aa581aac963a4fad848ac11fe66e8637,car,0.827957034111023,29.21,B,0.1123,0.0193,93,16,828,True
nuscenes_mini,aa581aac963a4fad848ac11fe66e8637,car,0.8048780560493469,34.85,C,0.031,0.0,27,0,870,False
nuscenes_mini,aa581aac963a4fad848ac11fe66e8637,car,0.5241636037826538,35.07,C,0.0374,0.0059,51,8,1362,False
nuscenes_mini,aa581aac963a4fad848ac11fe66e8637,pedestrian,1.0,31.96,C,0.15,0.025,6,1,40,True
nuscenes_mini,aa581aac963a4fad848ac11fe66e8637,pedestrian,1.0,26.51,B,0.1,0.075,4,3,40,False
nuscenes_mini,aa581aac963a4fad848ac11fe66e8637,pedestrian,1.0,19.84,B,0.1508,0.0159,19,2,126,True
nuscenes_mini,aa581aac963a4fad848ac11fe66e8637,pedestrian,1.0,26.12,B,0.1389,0.0278,10,2,72,True
nuscenes_mini,aa581aac963a4fad848ac11fe66e8637,pedestrian,1.0,25.72,B,0.1587,0.0159,10,1,63,True
nuscenes_mini,aa581aac963a4fad848ac11fe66e8637,pedestrian,1.0,28.85,B,0.0667,0.0667,3,3,45,False
nuscenes_mini,aa581aac963a4fad848ac11fe66e8637,pedestrian,1.0,32.0,C,0.0952,0.0,2,0,21,False
nuscenes_mini,aa581aac963a4fad848ac11fe66e8637,car,0.6952381134033203,43.05,C,0.0759,0.0,95,0,1251,False
nuscenes_mini,aa581aac963a4fad848ac11fe66e8637,car,0.9101123809814453,24.53,B,0.1073,0.0037,145,5,1351,True
nuscenes_mini,aa581aac963a4fad848ac11fe66e8637,motorcycle,0.8202247023582458,13.23,A,0.5077,0.0077,199,3,392,True
nuscenes_mini,aa581aac963a4fad848ac11fe66e8637,construction_vehicle,0.5114504098892212,23.34,B,0.1605,0.0052,466,15,2904,True
nuscenes_mini,aa581aac963a4fad848ac11fe66e8637,construction_vehicle,0.941605806350708,18.84,B,0.1646,0.0085,1985,102,12060,True
nuscenes_mini,aa581aac963a4fad848ac11fe66e8637,pedestrian,1.0,12.51,A,0.2679,0.0893,15,5,56,True
nuscenes_mini,aa581aac963a4fad848ac11fe66e8637,car,0.941605806350708,16.77,B,0.1065,0.0156,225,33,2112,True
nuscenes_mini,aa581aac963a4fad848ac11fe66e8637,trailer,0.6995305418968201,17.52,B,0.1315,0.0199,1473,223,11200,True
nuscenes_mini,aa581aac963a4fad848ac11fe66e8637,trailer,0.6800000071525574,14.41,A,0.171,0.0401,1093,256,6392,True
nuscenes_mini,67e5f88901214f3aa03d68e028185e22,car,0.9179486632347107,9.48,A,0.2623,0.0425,716,116,2730,True
nuscenes_mini,67e5f88901214f3aa03d68e028185e22,bicycle,0.7142857313156128,17.77,B,0.1947,0.0105,37,2,190,True
nuscenes_mini,67e5f88901214f3aa03d68e028185e22,pedestrian,1.0,30.29,C,0.0972,0.0417,7,3,72,False
nuscenes_mini,67e5f88901214f3aa03d68e028185e22,pedestrian,1.0,25.51,B,0.0833,0.0139,6,1,72,False
nuscenes_mini,67e5f88901214f3aa03d68e028185e22,pedestrian,1.0,15.71,B,0.2222,0.0635,14,4,63,True
nuscenes_mini,67e5f88901214f3aa03d68e028185e22,pedestrian,1.0,26.94,B,0.0,0.0,0,0,81,False
nuscenes_mini,67e5f88901214f3aa03d68e028185e22,pedestrian,1.0,18.16,B,0.2469,0.0247,20,2,81,True
nuscenes_mini,67e5f88901214f3aa03d68e028185e22,pedestrian,1.0,12.15,A,0.3,0.0875,24,7,80,True
nuscenes_mini,67e5f88901214f3aa03d68e028185e22,pedestrian,1.0,26.47,B,0.0952,0.0159,6,1,63,False
nuscenes_mini,67e5f88901214f3aa03d68e028185e22,pedestrian,1.0,29.99,B,0.1071,0.0357,6,2,56,True
nuscenes_mini,67e5f88901214f3aa03d68e028185e22,car,0.949367105960846,9.81,A,0.1541,0.0371,299,72,1940,True
nuscenes_mini,67e5f88901214f3aa03d68e028185e22,car,0.6483516097068787,34.19,C,0.0132,0.0092,10,7,760,False
nuscenes_mini,67e5f88901214f3aa03d68e028185e22,pedestrian,1.0,35.82,C,0.0417,0.0208,2,1,48,False
nuscenes_mini,67e5f88901214f3aa03d68e028185e22,pedestrian,1.0,26.95,B,0.1667,0.0208,8,1,48,True
nuscenes_mini,67e5f88901214f3aa03d68e028185e22,pedestrian,1.0,31.96,C,0.0,0.0139,0,1,72,False
nuscenes_mini,67e5f88901214f3aa03d68e028185e22,pedestrian,1.0,33.23,C,0.1719,0.0469,11,3,64,True
nuscenes_mini,67e5f88901214f3aa03d68e028185e22,car,0.9024390578269958,25.47,B,0.1194,0.0098,134,11,1122,True
nuscenes_mini,67e5f88901214f3aa03d68e028185e22,car,0.949367105960846,17.44,B,0.2484,0.0098,532,21,2142,True
nuscenes_mini,67e5f88901214f3aa03d68e028185e22,motorcycle,0.827957034111023,14.03,A,0.5417,0.0152,143,4,264,True
nuscenes_mini,67e5f88901214f3aa03d68e028185e22,construction_vehicle,0.5151515007019043,24.64,B,0.1539,0.0055,337,12,2190,True
nuscenes_mini,67e5f88901214f3aa03d68e028185e22,construction_vehicle,0.9375000596046448,19.96,B,0.1566,0.0083,1617,86,10324,True
nuscenes_mini,67e5f88901214f3aa03d68e028185e22,pedestrian,1.0,12.14,A,0.2917,0.0972,21,7,72,True
nuscenes_mini,67e5f88901214f3aa03d68e028185e22,pedestrian,1.0,18.3,B,0.1375,0.025,11,2,80,True
nuscenes_mini,67e5f88901214f3aa03d68e028185e22,trailer,0.7575758099555969,18.31,B,0.1235,0.0204,1298,214,10512,True
nuscenes_mini,67e5f88901214f3aa03d68e028185e22,trailer,0.7104072570800781,14.28,A,0.2122,0.0407,1331,255,6273,True
nuscenes_mini,29e056fc277543c9bc42310b122c640e,car,0.7500000596046448,8.48,A,0.2072,0.0575,317,88,1530,True
nuscenes_mini,29e056fc277543c9bc42310b122c640e,bicycle,0.6167664527893066,16.67,B,0.1615,0.0615,21,8,130,True
nuscenes_mini,29e056fc277543c9bc42310b122c640e,bicycle,0.8358974456787109,15.83,B,0.3875,0.0625,62,10,160,True
nuscenes_mini,29e056fc277543c9bc42310b122c640e,pedestrian,1.0,25.13,B,0.2656,0.0781,17,5,64,True
nuscenes_mini,29e056fc277543c9bc42310b122c640e,pedestrian,1.0,26.25,B,0.0,0.0,0,0,48,False
nuscenes_mini,29e056fc277543c9bc42310b122c640e,pedestrian,1.0,24.23,B,0.1944,0.0556,7,2,36,True
nuscenes_mini,29e056fc277543c9bc42310b122c640e,pedestrian,1.0,26.49,B,0.0,0.0,0,0,54,False
nuscenes_mini,29e056fc277543c9bc42310b122c640e,pedestrian,1.0,14.27,A,0.2125,0.05,17,4,80,True
nuscenes_mini,29e056fc277543c9bc42310b122c640e,pedestrian,1.0,28.29,B,0.075,0.0,3,0,40,False
nuscenes_mini,29e056fc277543c9bc42310b122c640e,pedestrian,1.0,29.28,B,0.0185,0.0185,1,1,54,False
nuscenes_mini,29e056fc277543c9bc42310b122c640e,pedestrian,1.0,26.34,B,0.0,0.0,0,0,40,False
nuscenes_mini,29e056fc277543c9bc42310b122c640e,pedestrian,1.0,28.55,B,0.0694,0.0278,5,2,72,False
nuscenes_mini,29e056fc277543c9bc42310b122c640e,car,0.9375000596046448,9.15,A,0.2005,0.0579,558,161,2783,True
nuscenes_mini,29e056fc277543c9bc42310b122c640e,pedestrian,1.0,32.22,C,0.1429,0.0357,8,2,56,True
nuscenes_mini,29e056fc277543c9bc42310b122c640e,pedestrian,1.0,27.85,B,0.1562,0.0312,10,2,64,True
nuscenes_mini,29e056fc277543c9bc42310b122c640e,pedestrian,1.0,34.51,C,0.075,0.025,3,1,40,False
nuscenes_mini,29e056fc277543c9bc42310b122c640e,pedestrian,1.0,12.62,A,0.25,0.0417,6,1,24,True
nuscenes_mini,29e056fc277543c9bc42310b122c640e,pedestrian,1.0,22.1,B,0.4375,0.0,14,0,32,True
nuscenes_mini,29e056fc277543c9bc42310b122c640e,car,0.8632478713989258,27.78,B,0.0777,0.0031,76,3,978,False
nuscenes_mini,29e056fc277543c9bc42310b122c640e,car,0.9375000596046448,18.65,B,0.2369,0.0189,489,39,2064,True
nuscenes_mini,29e056fc277543c9bc42310b122c640e,motorcycle,0.7419355511665344,15.14,B,0.3103,0.0134,162,7,522,True
nuscenes_mini,29e056fc277543c9bc42310b122c640e,construction_vehicle,0.507692277431488,25.38,B,0.181,0.0044,329,8,1818,True
nuscenes_mini,29e056fc277543c9bc42310b122c640e,construction_vehicle,0.9298245906829834,21.39,B,0.1386,0.008,1334,77,9628,True
nuscenes_mini,29e056fc277543c9bc42310b122c640e,pedestrian,1.0,11.91,A,0.4074,0.0926,22,5,54,True
nuscenes_mini,29e056fc277543c9bc42310b122c640e,pedestrian,1.0,11.85,A,0.1094,0.0,7,0,64,True
nuscenes_mini,29e056fc277543c9bc42310b122c640e,pedestrian,1.0,26.5,B,0.0,0.0,0,0,64,False
nuscenes_mini,29e056fc277543c9bc42310b122c640e,trailer,0.7264957427978516,18.47,B,0.0959,0.0211,654,144,6822,False
nuscenes_mini,29e056fc277543c9bc42310b122c640e,trailer,0.7037037014961243,14.56,A,0.2114,0.0393,1265,235,5984,True
nuscenes_mini,ed5fc18c31904f96a8f0dbb99ff069c0,car,0.8241757750511169,7.89,A,0.2569,0.059,335,77,1304,True
nuscenes_mini,ed5fc18c31904f96a8f0dbb99ff069c0,bicycle,0.7928802371025085,14.85,A,0.5437,0.0063,87,1,160,True
nuscenes_mini,ed5fc18c31904f96a8f0dbb99ff069c0,bicycle,0.5936508178710938,15.44,B,0.5417,0.1042,26,5,48,True
nuscenes_mini,ed5fc18c31904f96a8f0dbb99ff069c0,pedestrian,1.0,16.97,B,0.2593,0.0556,14,3,54,True
nuscenes_mini,ed5fc18c31904f96a8f0dbb99ff069c0,pedestrian,1.0,26.21,B,0.0,0.0476,0,3,63,False
nuscenes_mini,ed5fc18c31904f96a8f0dbb99ff069c0,pedestrian,1.0,11.67,A,0.25,0.075,20,6,80,True
nuscenes_mini,ed5fc18c31904f96a8f0dbb99ff069c0,pedestrian,1.0,11.64,A,0.3333,0.0185,18,1,54,True
nuscenes_mini,ed5fc18c31904f96a8f0dbb99ff069c0,pedestrian,1.0,26.52,B,0.0,0.0208,0,1,48,False
nuscenes_mini,ed5fc18c31904f96a8f0dbb99ff069c0,pedestrian,1.0,14.17,A,0.3333,0.0952,21,6,63,True
nuscenes_mini,ed5fc18c31904f96a8f0dbb99ff069c0,pedestrian,1.0,13.02,A,0.3125,0.0625,25,5,80,True
nuscenes_mini,ed5fc18c31904f96a8f0dbb99ff069c0,pedestrian,1.0,24.22,B,0.15,0.025,6,1,40,True
nuscenes_mini,ed5fc18c31904f96a8f0dbb99ff069c0,car,0.9375000596046448,8.9,A,0.2267,0.0595,560,147,2470,True
nuscenes_mini,ed5fc18c31904f96a8f0dbb99ff069c0,pedestrian,1.0,33.48,C,0.0833,0.1111,3,4,36,False
nuscenes_mini,ed5fc18c31904f96a8f0dbb99ff069c0,pedestrian,1.0,28.5,B,0.1111,0.0494,9,4,81,True
nuscenes_mini,ed5fc18c31904f96a8f0dbb99ff069c0,pedestrian,1.0,23.13,B,0.1111,0.0444,5,2,45,True
nuscenes_mini,ed5fc18c31904f96a8f0dbb99ff069c0,pedestrian,1.0,35.49,C,0.1111,0.0741,6,4,54,True
nuscenes_mini,ed5fc18c31904f96a8f0dbb99ff069c0,car,0.9452055096626282,19.26,B,0.1212,0.0159,190,25,1568,True
nuscenes_mini,ed5fc18c31904f96a8f0dbb99ff069c0,motorcycle,0.8048780560493469,40.13,C,0.0313,0.0014,110,5,3510,False
nuscenes_mini,ed5fc18c31904f96a8f0dbb99ff069c0,truck,0.5897435545921326,30.02,C,0.0324,0.0046,91,13,2810,False
nuscenes_mini,ed5fc18c31904f96a8f0dbb99ff069c0,construction_vehicle,0.9259259104728699,22.22,B,0.1316,0.0084,1313,84,9976,True
nuscenes_mini,ed5fc18c31904f96a8f0dbb99ff069c0,trailer,0.5857605338096619,20.29,B,0.1316,0.0134,1940,198,14744,True
nuscenes_mini,ed5fc18c31904f96a8f0dbb99ff069c0,pedestrian,1.0,15.22,B,0.0444,0.0889,2,4,45,False
nuscenes_mini,ed5fc18c31904f96a8f0dbb99ff069c0,pedestrian,1.0,14.28,A,0.375,0.075,30,6,80,True
nuscenes_mini,ed5fc18c31904f96a8f0dbb99ff069c0,pedestrian,1.0,11.68,A,0.2708,0.125,13,6,48,True
nuscenes_mini,ed5fc18c31904f96a8f0dbb99ff069c0,trailer,0.7575758099555969,14.85,A,0.2023,0.0386,1162,222,5744,True
nuscenes_mini,8687ba92abd3406aa797115b874ebeba,pedestrian,1.0,16.12,B,0.1735,0.0408,17,4,98,True
nuscenes_mini,8687ba92abd3406aa797115b874ebeba,bicycle,0.8987342119216919,22.32,B,0.0431,0.0057,15,2,348,False
nuscenes_mini,8687ba92abd3406aa797115b874ebeba,pedestrian,1.0,17.78,B,0.3472,0.0139,25,1,72,True
nuscenes_mini,8687ba92abd3406aa797115b874ebeba,pedestrian,1.0,23.83,B,0.0,0.0312,0,1,32,False
nuscenes_mini,8687ba92abd3406aa797115b874ebeba,pedestrian,1.0,17.9,B,0.425,0.0,17,0,40,True
nuscenes_mini,8687ba92abd3406aa797115b874ebeba,pedestrian,1.0,25.45,B,0.0444,0.0444,2,2,45,False
nuscenes_mini,8687ba92abd3406aa797115b874ebeba,pedestrian,1.0,24.16,B,0.119,0.0714,5,3,42,True
nuscenes_mini,8687ba92abd3406aa797115b874ebeba,pedestrian,1.0,21.49,B,0.2828,0.0505,28,5,99,True
nuscenes_mini,8687ba92abd3406aa797115b874ebeba,car,0.949367105960846,4.03,A,0.4619,0.0869,388,73,840,True
nuscenes_mini,8687ba92abd3406aa797115b874ebeba,bus,0.7655677795410156,49.1,C,0.0193,0.0002,117,1,6060,False
nuscenes_mini,8687ba92abd3406aa797115b874ebeba,truck,0.976608157157898,11.32,A,0.1417,0.0131,4187,386,29544,True
nuscenes_mini,8687ba92abd3406aa797115b874ebeba,truck,0.8709677457809448,6.61,A,0.3022,0.0381,1024,129,3388,True
nuscenes_mini,8687ba92abd3406aa797115b874ebeba,car,0.9649122953414917,3.55,A,0.4955,0.0644,600,78,1211,True
nuscenes_mini,5bbeb4e68d51413f81a370cb33ef27fb,bicycle,0.8358974456787109,26.8,B,0.0612,0.0061,30,3,490,False
nuscenes_mini,5bbeb4e68d51413f81a370cb33ef27fb,pedestrian,1.0,17.26,B,0.2346,0.0741,19,6,81,True
nuscenes_mini,5bbeb4e68d51413f81a370cb33ef27fb,pedestrian,1.0,24.6,B,0.2,0.0222,9,1,45,True
nuscenes_mini,5bbeb4e68d51413f81a370cb33ef27fb,pedestrian,1.0,49.74,C,0.125,0.0417,3,1,24,True
nuscenes_mini,5bbeb4e68d51413f81a370cb33ef27fb,pedestrian,1.0,17.26,B,0.3472,0.0417,25,3,72,True
nuscenes_mini,5bbeb4e68d51413f81a370cb33ef27fb,pedestrian,1.0,23.75,B,0.0408,0.0612,2,3,49,False
nuscenes_mini,5bbeb4e68d51413f81a370cb33ef27fb,pedestrian,1.0,7.79,A,0.5,0.3333,12,8,24,True
nuscenes_mini,5bbeb4e68d51413f81a370cb33ef27fb,pedestrian,1.0,24.07,B,0.0,0.0476,0,1,21,False
nuscenes_mini,5bbeb4e68d51413f81a370cb33ef27fb,pedestrian,1.0,20.93,B,0.2593,0.0741,14,4,54,True
nuscenes_mini,5bbeb4e68d51413f81a370cb33ef27fb,car,0.8012422323226929,31.79,C,0.0672,0.0031,87,4,1295,False
nuscenes_mini,5bbeb4e68d51413f81a370cb33ef27fb,bus,0.7968254089355469,51.9,C,0.0102,0.0,96,0,9436,False
nuscenes_mini,5bbeb4e68d51413f81a370cb33ef27fb,pedestrian,1.0,16.58,B,0.4066,0.044,37,4,91,True
nuscenes_mini,5bbeb4e68d51413f81a370cb33ef27fb,bicycle,0.9024390578269958,22.01,B,0.1522,0.0155,49,5,322,True
nuscenes_mini,5bbeb4e68d51413f81a370cb33ef27fb,truck,0.976608157157898,11.36,A,0.1339,0.0129,3950,381,29500,True
nuscenes_mini,5bbeb4e68d51413f81a370cb33ef27fb,truck,0.8632478713989258,6.65,A,0.2999,0.0381,1016,129,3388,True
nuscenes_mini,5bbeb4e68d51413f81a370cb33ef27fb,car,0.96875,3.54,A,0.4526,0.0659,659,96,1456,True
nuscenes_mini,e9a1c915c0d641d0b0a3019112a1ee90,pedestrian,1.0,21.36,B,0.125,0.0,4,0,32,True
nuscenes_mini,e9a1c915c0d641d0b0a3019112a1ee90,pedestrian,1.0,20.65,B,0.2778,0.0417,20,3,72,True
nuscenes_mini,e9a1c915c0d641d0b0a3019112a1ee90,pedestrian,1.0,7.72,A,0.6562,0.25,21,8,32,True
nuscenes_mini,e9a1c915c0d641d0b0a3019112a1ee90,pedestrian,1.0,24.02,B,0.0,0.0417,0,2,48,False
nuscenes_mini,e9a1c915c0d641d0b0a3019112a1ee90,pedestrian,1.0,20.36,B,0.254,0.0952,16,6,63,True
nuscenes_mini,e9a1c915c0d641d0b0a3019112a1ee90,pedestrian,1.0,16.52,B,0.3333,0.037,18,2,54,True
nuscenes_mini,e9a1c915c0d641d0b0a3019112a1ee90,pedestrian,1.0,50.45,C,0.0,0.0,0,0,28,False
nuscenes_mini,e9a1c915c0d641d0b0a3019112a1ee90,car,0.8160918951034546,29.47,B,0.0643,0.0039,99,6,1540,False
nuscenes_mini,e9a1c915c0d641d0b0a3019112a1ee90,bus,0.7500000596046448,44.69,C,0.0644,0.0016,320,8,4968,False
nuscenes_mini,e9a1c915c0d641d0b0a3019112a1ee90,bicycle,0.9179486632347107,21.92,B,0.1444,0.0088,82,5,568,True
nuscenes_mini,e9a1c915c0d641d0b0a3019112a1ee90,truck,0.976608157157898,11.25,A,0.1397,0.0137,4082,399,29225,True
nuscenes_mini,e9a1c915c0d641d0b0a3019112a1ee90,truck,0.8750000596046448,6.62,A,0.3046,0.0398,1032,135,3388,True
nuscenes_mini,e9a1c915c0d641d0b0a3019112a1ee90,car,0.9649122953414917,3.52,A,0.4541,0.0685,643,97,1416,True
nuscenes_mini,f5b8088835f247b8a5434a9f0daadc20,pedestrian,1.0,23.8,B,0.0,0.1875,0,3,16,False
nuscenes_mini,f5b8088835f247b8a5434a9f0daadc20,pedestrian,1.0,23.92,B,0.0,0.0857,0,3,35,False
nuscenes_mini,f5b8088835f247b8a5434a9f0daadc20,pedestrian,1.0,47.73,C,0.125,0.0,4,0,32,True
nuscenes_mini,f5b8088835f247b8a5434a9f0daadc20,pedestrian,1.0,20.15,B,0.2222,0.0494,18,4,81,True
nuscenes_mini,f5b8088835f247b8a5434a9f0daadc20,pedestrian,1.0,37.33,C,0.0208,0.0208,1,1,48,False
nuscenes_mini,f5b8088835f247b8a5434a9f0daadc20,pedestrian,1.0,19.78,B,0.2407,0.0926,13,5,54,True
nuscenes_mini,f5b8088835f247b8a5434a9f0daadc20,pedestrian,1.0,15.89,B,0.4062,0.0521,39,5,96,True
nuscenes_mini,f5b8088835f247b8a5434a9f0daadc20,pedestrian,1.0,22.96,B,0.125,0.0,4,0,32,True
nuscenes_mini,f5b8088835f247b8a5434a9f0daadc20,pedestrian,1.0,51.26,C,0.0,0.0,0,0,16,False
nuscenes_mini,f5b8088835f247b8a5434a9f0daadc20,car,0.9139785170555115,35.17,C,0.0177,0.0,17,0,960,False
nuscenes_mini,f5b8088835f247b8a5434a9f0daadc20,car,0.7697842121124268,28.61,B,0.0021,0.0031,2,3,954,False
nuscenes_mini,f5b8088835f247b8a5434a9f0daadc20,bus,0.5508772134780884,43.76,C,0.072,0.0025,261,9,3627,False
nuscenes_mini,f5b8088835f247b8a5434a9f0daadc20,bicycle,0.8947368264198303,18.13,B,0.3407,0.022,93,6,273,True
nuscenes_mini,f5b8088835f247b8a5434a9f0daadc20,truck,0.9726027250289917,11.13,A,0.1465,0.0143,4041,394,27576,True
nuscenes_mini,f5b8088835f247b8a5434a9f0daadc20,truck,0.8750000596046448,6.57,A,0.3017,0.0387,1022,131,3388,True
nuscenes_mini,f5b8088835f247b8a5434a9f0daadc20,car,0.96875,3.55,A,0.457,0.0635,669,93,1464,True
nuscenes_mini,2021b6b367984ad7b18464a550d0ae8d,pedestrian,1.0,15.25,B,0.1714,0.1714,6,6,35,True
nuscenes_mini,2021b6b367984ad7b18464a550d0ae8d,pedestrian,1.0,21.66,B,0.0,0.0,0,0,40,False
nuscenes_mini,2021b6b367984ad7b18464a550d0ae8d,pedestrian,1.0,23.89,B,0.0,0.0357,0,1,28,False
nuscenes_mini,2021b6b367984ad7b18464a550d0ae8d,pedestrian,1.0,20.98,B,0.3889,0.0556,7,1,18,True
nuscenes_mini,2021b6b367984ad7b18464a550d0ae8d,pedestrian,1.0,15.36,B,0.4464,0.0893,25,5,56,True
nuscenes_mini,2021b6b367984ad7b18464a550d0ae8d,pedestrian,1.0,19.5,B,0.284,0.0494,23,4,81,True
nuscenes_mini,2021b6b367984ad7b18464a550d0ae8d,pedestrian,1.0,19.19,B,0.1429,0.0794,9,5,63,True
nuscenes_mini,2021b6b367984ad7b18464a550d0ae8d,car,0.9259259104728699,32.64,C,0.0776,0.0007,113,1,1456,False
nuscenes_mini,2021b6b367984ad7b18464a550d0ae8d,car,0.7575758099555969,35.33,C,0.0005,0.0,2,0,4121,False
nuscenes_mini,2021b6b367984ad7b18464a550d0ae8d,car,0.9024390578269958,25.03,B,0.0936,0.0062,137,9,1463,False
nuscenes_mini,2021b6b367984ad7b18464a550d0ae8d,bus,0.7387754917144775,35.65,C,0.0453,0.0026,210,12,4632,False
nuscenes_mini,2021b6b367984ad7b18464a550d0ae8d,bus,0.6831682920455933,42.5,C,0.0611,0.0039,187,12,3060,False
nuscenes_mini,2021b6b367984ad7b18464a550d0ae8d,pedestrian,1.0,19.28,B,0.2222,0.0476,14,3,63,True
nuscenes_mini,2021b6b367984ad7b18464a550d0ae8d,bicycle,0.8827838897705078,29.14,B,0.0597,0.0131,32,7,536,False
nuscenes_mini,2021b6b367984ad7b18464a550d0ae8d,truck,0.96875,11.12,A,0.1371,0.0119,3942,341,28750,True
nuscenes_mini,2021b6b367984ad7b18464a550d0ae8d,truck,0.8324607610702515,6.68,A,0.2967,0.0367,1051,130,3542,True
nuscenes_mini,2021b6b367984ad7b18464a550d0ae8d,car,0.96875,3.51,A,0.491,0.0727,574,85,1169,True
nuscenes_mini,7315022fc89147a6afc7f978601f8f38,pedestrian,1.0,32.27,C,0.0505,0.0303,5,3,99,False
nuscenes_mini,7315022fc89147a6afc7f978601f8f38,pedestrian,1.0,20.28,B,0.2037,0.0926,11,5,54,True
nuscenes_mini,7315022fc89147a6afc7f978601f8f38,pedestrian,1.0,14.66,A,0.2143,0.0857,15,6,70,True
nuscenes_mini,7315022fc89147a6afc7f978601f8f38,pedestrian,1.0,21.38,B,0.0417,0.0,2,0,48,False
nuscenes_mini,7315022fc89147a6afc7f978601f8f38,pedestrian,1.0,24.51,B,0.0,0.0,0,0,36,False
nuscenes_mini,7315022fc89147a6afc7f978601f8f38,pedestrian,1.0,14.7,A,0.5,0.0833,42,7,84,True
nuscenes_mini,7315022fc89147a6afc7f978601f8f38,pedestrian,1.0,18.57,B,0.1667,0.0833,12,6,72,True
nuscenes_mini,7315022fc89147a6afc7f978601f8f38,car,0.9452055096626282,23.43,B,0.0699,0.0163,137,32,1960,False
nuscenes_mini,7315022fc89147a6afc7f978601f8f38,car,0.921951174736023,31.72,C,0.0584,0.0028,62,3,1062,False
nuscenes_mini,7315022fc89147a6afc7f978601f8f38,bus,0.8632478713989258,34.17,C,0.0419,0.0025,232,14,5538,False
nuscenes_mini,7315022fc89147a6afc7f978601f8f38,bus,0.7815700173377991,42.27,C,0.0675,0.0026,205,8,3036,False
nuscenes_mini,7315022fc89147a6afc7f978601f8f38,bicycle,0.8552036285400391,20.09,B,0.349,0.0208,67,4,192,True
nuscenes_mini,7315022fc89147a6afc7f978601f8f38,truck,0.976608157157898,10.97,A,0.1461,0.0145,3832,381,26232,True
nuscenes_mini,7315022fc89147a6afc7f978601f8f38,truck,0.8947368264198303,6.68,A,0.2891,0.0364,1024,129,3542,True
nuscenes_mini,7315022fc89147a6afc7f978601f8f38,car,0.9649122953414917,3.49,A,0.3801,0.0751,471,93,1239,True
nuscenes_mini,dc03fe4e0a374592af7701c66d5276c4,car,0.9179486632347107,20.51,B,0.1179,0.0241,142,29,1204,True
nuscenes_mini,dc03fe4e0a374592af7701c66d5276c4,pedestrian,1.0,19.7,B,0.25,0.0781,16,5,64,True
nuscenes_mini,dc03fe4e0a374592af7701c66d5276c4,pedestrian,1.0,14.15,A,0.4444,0.0833,32,6,72,True
nuscenes_mini,dc03fe4e0a374592af7701c66d5276c4,pedestrian,1.0,20.89,B,0.125,0.0,5,0,40,True
nuscenes_mini,dc03fe4e0a374592af7701c66d5276c4,pedestrian,1.0,14.09,A,0.4167,0.0972,30,7,72,True
nuscenes_mini,dc03fe4e0a374592af7701c66d5276c4,pedestrian,1.0,31.24,C,0.1023,0.0227,9,2,88,True
nuscenes_mini,dc03fe4e0a374592af7701c66d5276c4,pedestrian,1.0,18.0,B,0.1719,0.0625,11,4,64,True
nuscenes_mini,dc03fe4e0a374592af7701c66d5276c4,car,0.9336099624633789,20.93,B,0.1414,0.0137,258,25,1824,True
nuscenes_mini,dc03fe4e0a374592af7701c66d5276c4,bus,0.8518518805503845,31.67,C,0.0644,0.0032,562,28,8720,False
nuscenes_mini,dc03fe4e0a374592af7701c66d5276c4,truck,0.7620818018913269,29.19,B,0.0621,0.0016,377,10,6072,False
nuscenes_mini,dc03fe4e0a374592af7701c66d5276c4,bicycle,0.8439024686813354,21.3,B,0.2536,0.0179,71,5,280,True
nuscenes_mini,dc03fe4e0a374592af7701c66d5276c4,truck,0.976608157157898,11.21,A,0.137,0.0113,4164,343,30400,True
nuscenes_mini,dc03fe4e0a374592af7701c66d5276c4,truck,0.8827838897705078,6.63,A,0.3011,0.039,1020,132,3388,True
nuscenes_mini,dc03fe4e0a374592af7701c66d5276c4,car,0.96875,3.55,A,0.4976,0.0666,613,82,1232,True
nuscenes_mini,b7f64f73e8a548488e6d85d9b0e13242,car,0.9452055096626282,19.15,B,0.1077,0.0178,218,36,2024,True
nuscenes_mini,b7f64f73e8a548488e6d85d9b0e13242,car,0.8324607610702515,25.12,B,0.1442,0.0145,279,28,1935,True
nuscenes_mini,b7f64f73e8a548488e6d85d9b0e13242,pedestrian,1.0,13.64,A,0.4125,0.0375,33,3,80,True
nuscenes_mini,b7f64f73e8a548488e6d85d9b0e13242,pedestrian,1.0,19.09,B,0.284,0.0741,23,6,81,True
nuscenes_mini,b7f64f73e8a548488e6d85d9b0e13242,pedestrian,1.0,21.57,B,0.025,0.05,1,2,40,False
nuscenes_mini,b7f64f73e8a548488e6d85d9b0e13242,pedestrian,1.0,23.97,B,0.0,0.0833,0,4,48,False
nuscenes_mini,b7f64f73e8a548488e6d85d9b0e13242,pedestrian,1.0,23.59,B,0.0,0.0625,0,2,32,False
nuscenes_mini,b7f64f73e8a548488e6d85d9b0e13242,pedestrian,1.0,13.43,A,0.5833,0.0556,42,4,72,True
nuscenes_mini,b7f64f73e8a548488e6d85d9b0e13242,pedestrian,1.0,17.4,B,0.3333,0.0444,15,2,45,True
nuscenes_mini,b7f64f73e8a548488e6d85d9b0e13242,car,0.9064327478408813,19.68,B,0.0058,0.0035,5,3,868,False
nuscenes_mini,b7f64f73e8a548488e6d85d9b0e13242,truck,0.9024390578269958,25.79,B,0.0932,0.0066,365,26,3916,False
nuscenes_mini,b7f64f73e8a548488e6d85d9b0e13242,truck,0.6604774594306946,27.72,B,0.1029,0.0047,631,29,6132,True
nuscenes_mini,b7f64f73e8a548488e6d85d9b0e13242,bicycle,0.8476190567016602,22.53,B,0.2449,0.034,72,10,294,True
nuscenes_mini,b7f64f73e8a548488e6d85d9b0e13242,truck,0.9726027250289917,11.34,A,0.1283,0.0118,3757,346,29275,True
nuscenes_mini,b7f64f73e8a548488e6d85d9b0e13242,truck,0.8709677457809448,6.59,A,0.3102,0.0384,1051,130,3388,True
nuscenes_mini,b7f64f73e8a548488e6d85d9b0e13242,car,0.9609756469726562,3.57,A,0.4583,0.0601,671,88,1464,True
nuscenes_mini,6dabc0fb1df045558f802246dd186b3f,car,0.9298245906829834,33.37,C,0.0393,0.0111,60,17,1526,False
nuscenes_mini,6dabc0fb1df045558f802246dd186b3f,car,0.9532163739204407,18.13,B,0.0929,0.0286,211,65,2272,False
nuscenes_mini,6dabc0fb1df045558f802246dd186b3f,truck,0.8672199249267578,24.02,B,0.0867,0.0125,340,49,3920,False
nuscenes_mini,6dabc0fb1df045558f802246dd186b3f,pedestrian,1.0,23.49,B,0.0476,0.0476,1,1,21,False
nuscenes_mini,6dabc0fb1df045558f802246dd186b3f,pedestrian,1.0,13.21,A,0.5179,0.1071,29,6,56,True
nuscenes_mini,6dabc0fb1df045558f802246dd186b3f,pedestrian,1.0,18.45,B,0.2778,0.0556,20,4,72,True
nuscenes_mini,6dabc0fb1df045558f802246dd186b3f,pedestrian,1.0,14.01,A,0.4107,0.0179,23,1,56,True
nuscenes_mini,6dabc0fb1df045558f802246dd186b3f,pedestrian,1.0,21.07,B,0.1458,0.1042,7,5,48,True
nuscenes_mini,6dabc0fb1df045558f802246dd186b3f,pedestrian,1.0,23.89,B,0.0,0.0238,0,1,42,False
nuscenes_mini,6dabc0fb1df045558f802246dd186b3f,pedestrian,1.0,16.83,B,0.2593,0.0556,14,3,54,True
nuscenes_mini,6dabc0fb1df045558f802246dd186b3f,bus,0.8439024686813354,24.59,B,0.1117,0.0059,814,43,7290,True
nuscenes_mini,6dabc0fb1df045558f802246dd186b3f,truck,0.8518518805503845,24.27,B,0.0975,0.0116,456,54,4675,False
nuscenes_mini,6dabc0fb1df045558f802246dd186b3f,bicycle,0.8904109597206116,23.6,B,0.152,0.0243,50,8,329,True
nuscenes_mini,6dabc0fb1df045558f802246dd186b3f,truck,0.9726027250289917,11.05,A,0.1375,0.0125,3853,349,28025,True
nuscenes_mini,6dabc0fb1df045558f802246dd186b3f,truck,0.8439024686813354,6.59,A,0.2955,0.039,1001,132,3388,True
nuscenes_mini,6dabc0fb1df045558f802246dd186b3f,car,0.9609756469726562,3.5,A,0.4541,0.0671,643,95,1416,True
nuscenes_mini,82597244941b4e79aa3e1e9cc6386f8b,car,0.9609756469726562,18.21,B,0.1281,0.0262,293,60,2288,True
nuscenes_mini,82597244941b4e79aa3e1e9cc6386f8b,bus,0.597484290599823,20.89,B,0.1702,0.0175,478,49,2808,True
nuscenes_mini,82597244941b4e79aa3e1e9cc6386f8b,truck,0.859649121761322,22.92,B,0.0646,0.0119,348,64,5390,False
nuscenes_mini,82597244941b4e79aa3e1e9cc6386f8b,pedestrian,1.0,12.82,A,0.6094,0.0625,39,4,64,True
nuscenes_mini,82597244941b4e79aa3e1e9cc6386f8b,pedestrian,1.0,17.8,B,0.3492,0.0476,22,3,63,True
nuscenes_mini,82597244941b4e79aa3e1e9cc6386f8b,pedestrian,1.0,20.45,B,0.25,0.0417,12,2,48,True
nuscenes_mini,82597244941b4e79aa3e1e9cc6386f8b,pedestrian,1.0,23.68,B,0.0312,0.0625,1,2,32,False
nuscenes_mini,82597244941b4e79aa3e1e9cc6386f8b,pedestrian,1.0,16.37,B,0.3,0.0667,27,6,90,True
nuscenes_mini,82597244941b4e79aa3e1e9cc6386f8b,pedestrian,1.0,9.4,A,0.75,0.1875,36,9,48,True
nuscenes_mini,82597244941b4e79aa3e1e9cc6386f8b,bus,0.7655677795410156,22.16,B,0.1256,0.0104,944,78,7518,True
nuscenes_mini,82597244941b4e79aa3e1e9cc6386f8b,car,0.8048780560493469,48.24,C,0.024,0.0,17,0,708,False
nuscenes_mini,82597244941b4e79aa3e1e9cc6386f8b,bicycle,0.8400000333786011,25.43,B,0.0586,0.0234,15,6,256,False
nuscenes_mini,82597244941b4e79aa3e1e9cc6386f8b,truck,0.976608157157898,11.08,A,0.1422,0.0133,4053,380,28500,True
nuscenes_mini,82597244941b4e79aa3e1e9cc6386f8b,truck,0.8947368264198303,6.63,A,0.3102,0.0398,1051,135,3388,True
nuscenes_mini,82597244941b4e79aa3e1e9cc6386f8b,car,0.9609756469726562,3.56,A,0.4455,0.0608,638,87,1432,True
nuscenes_mini,8bf071b1b92c4ff1bd5016bfb30de3f7,car,0.9024390578269958,19.84,B,0.0446,0.019,80,34,1792,False
nuscenes_mini,8bf071b1b92c4ff1bd5016bfb30de3f7,bus,0.8787879347801208,19.44,B,0.1001,0.0198,555,110,5544,True
nuscenes_mini,8bf071b1b92c4ff1bd5016bfb30de3f7,truck,0.8987342119216919,21.17,B,0.0964,0.0139,465,67,4824,False
nuscenes_mini,8bf071b1b92c4ff1bd5016bfb30de3f7,pedestrian,1.0,11.48,A,0.625,0.1458,30,7,48,True
nuscenes_mini,8bf071b1b92c4ff1bd5016bfb30de3f7,pedestrian,1.0,17.14,B,0.2407,0.0741,13,4,54,True
nuscenes_mini,8bf071b1b92c4ff1bd5016bfb30de3f7,pedestrian,1.0,12.36,A,0.5357,0.0714,30,4,56,True
nuscenes_mini,8bf071b1b92c4ff1bd5016bfb30de3f7,pedestrian,1.0,19.72,B,0.3929,0.0714,22,4,56,True
nuscenes_mini,8bf071b1b92c4ff1bd5016bfb30de3f7,pedestrian,1.0,15.67,B,0.4219,0.0625,27,4,64,True
nuscenes_mini,8bf071b1b92c4ff1bd5016bfb30de3f7,pedestrian,1.0,9.35,A,0.5429,0.2857,19,10,35,True
nuscenes_mini,8bf071b1b92c4ff1bd5016bfb30de3f7,car,0.7620818018913269,41.68,C,0.218,0.0,235,0,1078,True
nuscenes_mini,8bf071b1b92c4ff1bd5016bfb30de3f7,car,0.8709677457809448,33.26,C,0.0,0.0,0,0,705,False
nuscenes_mini,8bf071b1b92c4ff1bd5016bfb30de3f7,bus,0.8632478713989258,19.79,B,0.118,0.0197,550,92,4662,True
nuscenes_mini,8bf071b1b92c4ff1bd5016bfb30de3f7,bus,0.8750000596046448,34.05,C,0.0572,0.0054,500,47,8736,False
nuscenes_mini,8bf071b1b92c4ff1bd5016bfb30de3f7,pedestrian,1.0,28.29,B,0.0,0.0,0,0,96,False
nuscenes_mini,8bf071b1b92c4ff1bd5016bfb30de3f7,car,0.949367105960846,20.05,B,0.0655,0.0172,99,26,1512,False
nuscenes_mini,8bf071b1b92c4ff1bd5016bfb30de3f7,bicycle,0.8202247023582458,21.32,B,0.0417,0.0,2,0,48,False
nuscenes_mini,8bf071b1b92c4ff1bd5016bfb30de3f7,truck,0.9726027250289917,11.21,A,0.1278,0.0129,3640,368,28475,True
nuscenes_mini,8bf071b1b92c4ff1bd5016bfb30de3f7,truck,0.8709677457809448,6.59,A,0.3037,0.0396,1029,134,3388,True
nuscenes_mini,8bf071b1b92c4ff1bd5016bfb30de3f7,car,0.96875,3.53,A,0.4565,0.066,650,94,1424,True
nuscenes_mini,b8766f4291d5449d95bab459ca724ad8,bus,0.7730495929718018,18.03,B,0.1104,0.0201,891,162,8070,True
nuscenes_mini,b8766f4291d5449d95bab459ca724ad8,truck,0.8827838897705078,21.41,B,0.1193,0.0161,550,74,4609,True
nuscenes_mini,b8766f4291d5449d95bab459ca724ad8,truck,0.8750000596046448,31.73,C,0.0755,0.0084,206,23,2730,False
nuscenes_mini,b8766f4291d5449d95bab459ca724ad8,pedestrian,1.0,10.99,A,0.6389,0.125,46,9,72,True
nuscenes_mini,b8766f4291d5449d95bab459ca724ad8,pedestrian,1.0,15.16,B,0.1528,0.0694,11,5,72,True
nuscenes_mini,b8766f4291d5449d95bab459ca724ad8,pedestrian,1.0,12.04,A,0.5556,0.0635,35,4,63,True
nuscenes_mini,b8766f4291d5449d95bab459ca724ad8,pedestrian,1.0,16.39,B,0.25,0.0714,14,4,56,True
nuscenes_mini,b8766f4291d5449d95bab459ca724ad8,pedestrian,1.0,18.93,B,0.25,0.0938,8,3,32,True
nuscenes_mini,b8766f4291d5449d95bab459ca724ad8,pedestrian,1.0,15.1,B,0.475,0.0875,38,7,80,True
nuscenes_mini,b8766f4291d5449d95bab459ca724ad8,pedestrian,1.0,12.25,A,0.4861,0.125,35,9,72,True
nuscenes_mini,b8766f4291d5449d95bab459ca724ad8,car,0.7815700173377991,39.98,C,0.0072,0.0,7,0,966,False
nuscenes_mini,b8766f4291d5449d95bab459ca724ad8,bus,0.8160918951034546,32.45,C,0.0703,0.0042,851,51,12112,False
nuscenes_mini,b8766f4291d5449d95bab459ca724ad8,pedestrian,1.0,29.5,B,0.0,0.0,0,0,96,False
nuscenes_mini,b8766f4291d5449d95bab459ca724ad8,car,0.9452055096626282,22.7,B,0.0367,0.0089,78,19,2128,False
nuscenes_mini,b8766f4291d5449d95bab459ca724ad8,bicycle,0.8358974456787109,22.64,B,0.0,0.0,0,0,39,False
nuscenes_mini,b8766f4291d5449d95bab459ca724ad8,truck,0.9726027250289917,11.06,A,0.148,0.0142,3802,365,25691,True
nuscenes_mini,b8766f4291d5449d95bab459ca724ad8,truck,0.8518518805503845,6.63,A,0.3304,0.0371,1221,137,3696,True
nuscenes_mini,b8766f4291d5449d95bab459ca724ad8,car,0.9609756469726562,3.55,A,0.4553,0.0587,652,84,1432,True
nuscenes_mini,dde297c8e12f44c4bc2f2c80e49d2b5a,car,0.8865247964859009,24.49,B,0.0872,0.0095,119,13,1365,False
nuscenes_mini,dde297c8e12f44c4bc2f2c80e49d2b5a,bus,0.8160918951034546,31.51,C,0.0708,0.0027,289,11,4080,False
nuscenes_mini,dde297c8e12f44c4bc2f2c80e49d2b5a,bus,0.8787879347801208,17.2,B,0.1875,0.0238,1255,159,6692,True
nuscenes_mini,dde297c8e12f44c4bc2f2c80e49d2b5a,truck,0.6683937907218933,21.49,B,0.0912,0.0108,304,36,3333,False
nuscenes_mini,dde297c8e12f44c4bc2f2c80e49d2b5a,pedestrian,1.0,10.3,A,0.6429,0.1786,36,10,56,True
nuscenes_mini,dde297c8e12f44c4bc2f2c80e49d2b5a,pedestrian,1.0,11.68,A,0.6327,0.102,31,5,49,True
nuscenes_mini,dde297c8e12f44c4bc2f2c80e49d2b5a,pedestrian,1.0,15.87,B,0.3333,0.1042,16,5,48,True
nuscenes_mini,dde297c8e12f44c4bc2f2c80e49d2b5a,pedestrian,1.0,18.3,B,0.3125,0.1042,15,5,48,True
nuscenes_mini,dde297c8e12f44c4bc2f2c80e49d2b5a,pedestrian,1.0,14.51,A,0.2625,0.0875,21,7,80,True
nuscenes_mini,dde297c8e12f44c4bc2f2c80e49d2b5a,pedestrian,1.0,14.3,A,0.4198,0.0617,34,5,81,True
nuscenes_mini,dde297c8e12f44c4bc2f2c80e49d2b5a,pedestrian,1.0,11.59,A,0.5125,0.0875,41,7,80,True
nuscenes_mini,dde297c8e12f44c4bc2f2c80e49d2b5a,car,0.9179486632347107,24.66,B,0.0785,0.0087,117,13,1491,False
nuscenes_mini,dde297c8e12f44c4bc2f2c80e49d2b5a,bus,0.8672199249267578,33.08,C,0.0364,0.0029,363,29,9975,False
nuscenes_mini,dde297c8e12f44c4bc2f2c80e49d2b5a,pedestrian,1.0,5.04,A,0.8068,0.0455,71,4,88,True
nuscenes_mini,dde297c8e12f44c4bc2f2c80e49d2b5a,car,0.9532163739204407,26.37,B,0.0629,0.0127,114,23,1813,False
nuscenes_mini,dde297c8e12f44c4bc2f2c80e49d2b5a,car,0.8083832263946533,26.21,B,0.0108,0.0,13,0,1208,False
nuscenes_mini,dde297c8e12f44c4bc2f2c80e49d2b5a,bicycle,0.6444444060325623,23.17,B,0.0263,0.0,2,0,76,False
nuscenes_mini,dde297c8e12f44c4bc2f2c80e49d2b5a,truck,0.9726027250289917,11.14,A,0.1337,0.0132,3673,364,27480,True
nuscenes_mini,dde297c8e12f44c4bc2f2c80e49d2b5a,truck,0.8787879347801208,6.62,A,0.2768,0.0344,1023,127,3696,True
nuscenes_mini,dde297c8e12f44c4bc2f2c80e49d2b5a,car,0.9649122953414917,3.52,A,0.5004,0.0727,606,88,1211,True
nuscenes_mini,a0462df7186d4ca99ef58f455d53a42c,pedestrian,1.0,31.33,C,0.025,0.05,1,2,40,False
nuscenes_mini,a0462df7186d4ca99ef58f455d53a42c,car,0.9375000596046448,22.76,B,0.0955,0.009,201,19,2104,False
nuscenes_mini,a0462df7186d4ca99ef58f455d53a42c,bus,0.8400000333786011,18.09,B,0.1391,0.0173,1177,146,8460,True
nuscenes_mini,a0462df7186d4ca99ef58f455d53a42c,bus,0.9179486632347107,31.81,C,0.0544,0.0042,459,35,8432,False
nuscenes_mini,a0462df7186d4ca99ef58f455d53a42c,pedestrian,1.0,9.84,A,0.6818,0.1705,60,15,88,True
nuscenes_mini,a0462df7186d4ca99ef58f455d53a42c,pedestrian,1.0,11.42,A,0.5972,0.0972,43,7,72,True
nuscenes_mini,a0462df7186d4ca99ef58f455d53a42c,pedestrian,1.0,15.36,B,0.3333,0.125,16,6,48,True
nuscenes_mini,a0462df7186d4ca99ef58f455d53a42c,pedestrian,1.0,17.52,B,0.2222,0.0926,12,5,54,True
nuscenes_mini,a0462df7186d4ca99ef58f455d53a42c,pedestrian,1.0,13.95,A,0.375,0.125,27,9,72,True
nuscenes_mini,a0462df7186d4ca99ef58f455d53a42c,pedestrian,1.0,13.71,A,0.6528,0.0556,47,4,72,True
nuscenes_mini,a0462df7186d4ca99ef58f455d53a42c,pedestrian,1.0,13.5,A,0.0893,0.0,5,0,56,False
nuscenes_mini,a0462df7186d4ca99ef58f455d53a42c,bus,0.9298245906829834,31.66,C,0.0608,0.0044,644,47,10591,False
nuscenes_mini,a0462df7186d4ca99ef58f455d53a42c,car,0.9336099624633789,30.18,C,0.1017,0.0051,179,9,1760,True
nuscenes_mini,a0462df7186d4ca99ef58f455d53a42c,truck,0.8048780560493469,19.02,B,0.122,0.0128,352,37,2886,True
nuscenes_mini,a0462df7186d4ca99ef58f455d53a42c,truck,0.9726027250289917,11.35,A,0.1368,0.0137,3835,385,28032,True
nuscenes_mini,a0462df7186d4ca99ef58f455d53a42c,truck,0.8324607610702515,6.62,A,0.2754,0.0349,1018,129,3696,True
nuscenes_mini,a0462df7186d4ca99ef58f455d53a42c,car,0.9649122953414917,3.77,A,0.4359,0.0458,837,88,1920,True
nuscenes_mini,d7bea9a3552b40e29d42324108dff575,pedestrian,1.0,11.02,A,0.7857,0.0893,44,5,56,True
nuscenes_mini,d7bea9a3552b40e29d42324108dff575,pedestrian,1.0,29.75,B,0.0,0.0,0,0,24,False
nuscenes_mini,d7bea9a3552b40e29d42324108dff575,car,0.5151515007019043,33.21,C,0.0534,0.0075,85,12,1592,False
nuscenes_mini,d7bea9a3552b40e29d42324108dff575,car,0.9336099624633789,21.58,B,0.0739,0.0179,169,41,2288,False
nuscenes_mini,d7bea9a3552b40e29d42324108dff575,bus,0.7620818018913269,19.25,B,0.102,0.0164,460,74,4512,True
nuscenes_mini,d7bea9a3552b40e29d42324108dff575,bus,0.8358974456787109,32.39,C,0.0506,0.0085,551,93,10896,False
nuscenes_mini,d7bea9a3552b40e29d42324108dff575,pedestrian,1.0,9.54,A,0.5357,0.1964,30,11,56,True
nuscenes_mini,d7bea9a3552b40e29d42324108dff575,pedestrian,1.0,11.13,A,0.6667,0.1111,48,8,72,True
nuscenes_mini,d7bea9a3552b40e29d42324108dff575,pedestrian,1.0,16.79,B,0.3333,0.0476,14,2,42,True
nuscenes_mini,d7bea9a3552b40e29d42324108dff575,pedestrian,1.0,10.53,A,0.6531,0.1633,32,8,49,True
nuscenes_mini,d7bea9a3552b40e29d42324108dff575,pedestrian,1.0,13.36,A,0.4167,0.0556,45,6,108,True
nuscenes_mini,d7bea9a3552b40e29d42324108dff575,pedestrian,1.0,13.11,A,0.4107,0.0893,23,5,56,True
nuscenes_mini,d7bea9a3552b40e29d42324108dff575,car,0.7968254089355469,23.86,B,0.091,0.0,83,0,912,False
nuscenes_mini,d7bea9a3552b40e29d42324108dff575,car,0.8241757750511169,45.94,C,0.1019,0.0,88,0,864,True
nuscenes_mini,d7bea9a3552b40e29d42324108dff575,car,0.8439024686813354,33.64,C,0.013,0.0,20,0,1536,False
nuscenes_mini,d7bea9a3552b40e29d42324108dff575,bus,0.8632478713989258,32.21,C,0.0419,0.0098,214,50,5104,False
nuscenes_mini,d7bea9a3552b40e29d42324108dff575,bus,0.8160918951034546,20.26,B,0.0976,0.0165,656,111,6720,False
nuscenes_mini,d7bea9a3552b40e29d42324108dff575,truck,0.9726027250289917,10.84,A,0.1307,0.0121,3694,342,28262,True
nuscenes_mini,d7bea9a3552b40e29d42324108dff575,truck,0.859649121761322,6.65,A,0.2844,0.0365,1051,135,3696,True
nuscenes_mini,d7bea9a3552b40e29d42324108dff575,car,0.9609756469726562,3.52,A,0.4555,0.0643,645,91,1416,True
nuscenes_mini,3ffc4360d1084e6eae5067e87d79503f,pedestrian,1.0,9.2,A,0.6042,0.25,29,12,48,True
nuscenes_mini,3ffc4360d1084e6eae5067e87d79503f,pedestrian,1.0,11.05,A,0.5476,0.1071,46,9,84,True
nuscenes_mini,3ffc4360d1084e6eae5067e87d79503f,car,0.9298245906829834,21.2,B,0.0722,0.0186,167,43,2312,False
nuscenes_mini,3ffc4360d1084e6eae5067e87d79503f,bus,0.8552036285400391,33.17,C,0.0576,0.0112,612,119,10624,False
nuscenes_mini,3ffc4360d1084e6eae5067e87d79503f,pedestrian,1.0,9.19,A,0.625,0.2031,40,13,64,True
nuscenes_mini,3ffc4360d1084e6eae5067e87d79503f,pedestrian,1.0,9.17,A,0.8611,0.1111,62,8,72,True
nuscenes_mini,3ffc4360d1084e6eae5067e87d79503f,pedestrian,1.0,9.4,A,0.6607,0.2143,37,12,56,True
nuscenes_mini,3ffc4360d1084e6eae5067e87d79503f,pedestrian,1.0,16.22,B,0.3333,0.0794,21,5,63,True
nuscenes_mini,3ffc4360d1084e6eae5067e87d79503f,pedestrian,1.0,12.93,A,0.4306,0.0556,31,4,72,True
nuscenes_mini,3ffc4360d1084e6eae5067e87d79503f,pedestrian,1.0,10.17,A,0.7024,0.1429,59,12,84,True
nuscenes_mini,3ffc4360d1084e6eae5067e87d79503f,pedestrian,1.0,12.65,A,0.4271,0.0729,41,7,96,True
nuscenes_mini,3ffc4360d1084e6eae5067e87d79503f,car,0.9179486632347107,27.22,B,0.0,0.0,0,0,1696,False
nuscenes_mini,3ffc4360d1084e6eae5067e87d79503f,trailer,0.5747508406639099,32.56,C,0.0383,0.0096,203,51,5295,False
nuscenes_mini,3ffc4360d1084e6eae5067e87d79503f,bicycle,0.6908212304115295,21.48,B,0.2667,0.0,16,0,60,True
nuscenes_mini,3ffc4360d1084e6eae5067e87d79503f,bus,0.7620818018913269,22.14,B,0.0945,0.0112,767,91,8115,False
nuscenes_mini,3ffc4360d1084e6eae5067e87d79503f,truck,0.9726027250289917,11.03,A,0.1449,0.0128,4497,398,31044,True
nuscenes_mini,3ffc4360d1084e6eae5067e87d79503f,truck,0.8904109597206116,6.66,A,0.3008,0.0363,1019,123,3388,True
nuscenes_mini,3ffc4360d1084e6eae5067e87d79503f,car,0.9649122953414917,3.57,A,0.4482,0.0611,631,86,1408,True
nuscenes_mini,05bc09f952ab4cf8b754405f20d503c5,pedestrian,1.0,8.98,A,0.8961,0.0649,69,5,77,True
nuscenes_mini,05bc09f952ab4cf8b754405f20d503c5,pedestrian,1.0,8.85,A,0.7292,0.1875,35,9,48,True
nuscenes_mini,05bc09f952ab4cf8b754405f20d503c5,car,0.9375000596046448,21.51,B,0.1368,0.0144,313,33,2288,True
nuscenes_mini,05bc09f952ab4cf8b754405f20d503c5,car,0.5428571701049805,37.65,C,0.0227,0.0038,30,5,1320,False
nuscenes_mini,05bc09f952ab4cf8b754405f20d503c5,car,0.8241757750511169,23.21,B,0.0221,0.0018,24,2,1085,False
nuscenes_mini,05bc09f952ab4cf8b754405f20d503c5,bus,0.9064327478408813,34.64,C,0.0502,0.0095,532,101,10592,False
nuscenes_mini,05bc09f952ab4cf8b754405f20d503c5,pedestrian,1.0,12.4,A,0.5222,0.0667,47,6,90,True
nuscenes_mini,05bc09f952ab4cf8b754405f20d503c5,pedestrian,1.0,15.61,B,0.375,0.1042,18,5,48,True
nuscenes_mini,05bc09f952ab4cf8b754405f20d503c5,pedestrian,1.0,8.88,A,0.7321,0.1607,41,9,56,True
nuscenes_mini,05bc09f952ab4cf8b754405f20d503c5,pedestrian,1.0,42.27,C,0.2,0.025,8,1,40,True
nuscenes_mini,05bc09f952ab4cf8b754405f20d503c5,pedestrian,1.0,9.8,A,0.7253,0.1319,66,12,91,True
nuscenes_mini,05bc09f952ab4cf8b754405f20d503c5,pedestrian,1.0,13.83,A,0.375,0.0804,42,9,112,True
nuscenes_mini,05bc09f952ab4cf8b754405f20d503c5,car,0.8083832263946533,23.42,B,0.0411,0.0,36,0,875,False
nuscenes_mini,05bc09f952ab4cf8b754405f20d503c5,car,0.8202247023582458,38.77,C,0.0615,0.0028,156,7,2538,False
nuscenes_mini,05bc09f952ab4cf8b754405f20d503c5,pedestrian,1.0,35.4,C,0.1282,0.0128,10,1,78,True
nuscenes_mini,05bc09f952ab4cf8b754405f20d503c5,bicycle,0.7697842121124268,27.49,B,0.2778,0.0,10,0,36,True
nuscenes_mini,05bc09f952ab4cf8b754405f20d503c5,bus,0.6683937907218933,25.49,B,0.077,0.0079,585,60,7602,False
nuscenes_mini,05bc09f952ab4cf8b754405f20d503c5,truck,0.9804878830909729,10.87,A,0.1415,0.0123,4014,349,28375,True
nuscenes_mini,05bc09f952ab4cf8b754405f20d503c5,truck,0.9064327478408813,6.65,A,0.2754,0.0344,1018,127,3696,True
nuscenes_mini,05bc09f952ab4cf8b754405f20d503c5,car,0.9609756469726562,3.51,A,0.4522,0.0688,644,98,1424,True
nuscenes_mini,a860c02c06e54d9dbe83ce7b694f6c17,pedestrian,1.0,9.43,A,0.5,0.1591,44,14,88,True
nuscenes_mini,a860c02c06e54d9dbe83ce7b694f6c17,pedestrian,1.0,8.55,A,0.6786,0.2143,38,12,56,True
nuscenes_mini,a860c02c06e54d9dbe83ce7b694f6c17,pedestrian,1.0,8.55,A,0.5208,0.2917,25,14,48,True
nuscenes_mini,a860c02c06e54d9dbe83ce7b694f6c17,car,0.921951174736023,22.74,B,0.0921,0.0105,185,21,2008,False
nuscenes_mini,a860c02c06e54d9dbe83ce7b694f6c17,car,0.949367105960846,22.14,B,0.1681,0.004,293,7,1743,True
nuscenes_mini,a860c02c06e54d9dbe83ce7b694f6c17,bus,0.9179486632347107,36.16,C,0.0283,0.0061,266,57,9401,False
nuscenes_mini,a860c02c06e54d9dbe83ce7b694f6c17,pedestrian,1.0,14.93,A,0.2917,0.125,14,6,48,True
nuscenes_mini,a860c02c06e54d9dbe83ce7b694f6c17,pedestrian,1.0,12.0,A,0.4762,0.1111,30,7,63,True
nuscenes_mini,a860c02c06e54d9dbe83ce7b694f6c17,pedestrian,1.0,11.23,A,0.4306,0.0,31,0,72,True
nuscenes_mini,a860c02c06e54d9dbe83ce7b694f6c17,pedestrian,1.0,9.37,A,0.675,0.2,27,8,40,True
nuscenes_mini,a860c02c06e54d9dbe83ce7b694f6c17,pedestrian,1.0,13.23,A,0.5114,0.0682,45,6,88,True
nuscenes_mini,a860c02c06e54d9dbe83ce7b694f6c17,car,0.8518518805503845,35.35,C,0.0903,0.0033,165,6,1827,False
nuscenes_mini,a860c02c06e54d9dbe83ce7b694f6c17,car,0.9336099624633789,23.24,B,0.0661,0.0061,119,11,1800,False
nuscenes_mini,a860c02c06e54d9dbe83ce7b694f6c17,car,0.5816993117332458,33.83,C,0.0044,0.0015,9,3,2050,False
nuscenes_mini,a860c02c06e54d9dbe83ce7b694f6c17,car,0.7887788414955139,49.53,C,0.0034,0.0011,6,2,1752,False
nuscenes_mini,a860c02c06e54d9dbe83ce7b694f6c17,bicycle,0.6363636255264282,33.19,C,0.3542,0.0208,17,1,48,True
nuscenes_mini,a860c02c06e54d9dbe83ce7b694f6c17,bus,0.5897435545921326,29.44,B,0.0643,0.0075,526,61,8175,False
nuscenes_mini,a860c02c06e54d9dbe83ce7b694f6c17,truck,0.976608157157898,11.27,A,0.1348,0.0118,4154,364,30825,True
nuscenes_mini,a860c02c06e54d9dbe83ce7b694f6c17,truck,0.8048780560493469,6.62,A,0.2999,0.0363,1016,123,3388,True
nuscenes_mini,a860c02c06e54d9dbe83ce7b694f6c17,car,0.96875,3.52,A,0.4484,0.0699,635,99,1416,True
nuscenes_mini,6873840fc1df4796a7b959e13e9fb78a,pedestrian,1.0,8.29,A,0.4375,0.3333,21,16,48,True
nuscenes_mini,6873840fc1df4796a7b959e13e9fb78a,pedestrian,1.0,9.15,A,0.5312,0.1458,51,14,96,True
nuscenes_mini,6873840fc1df4796a7b959e13e9fb78a,car,0.9375000596046448,21.28,B,0.0869,0.0113,162,21,1864,False
nuscenes_mini,6873840fc1df4796a7b959e13e9fb78a,bus,0.8987342119216919,38.81,C,0.0454,0.0048,600,63,13230,False
nuscenes_mini,6873840fc1df4796a7b959e13e9fb78a,pedestrian,1.0,14.37,A,0.325,0.125,13,5,40,True
nuscenes_mini,6873840fc1df4796a7b959e13e9fb78a,pedestrian,1.0,11.66,A,0.5694,0.0417,41,3,72,True
nuscenes_mini,6873840fc1df4796a7b959e13e9fb78a,pedestrian,1.0,11.06,A,0.3333,0.0889,30,8,90,True
nuscenes_mini,6873840fc1df4796a7b959e13e9fb78a,pedestrian,1.0,12.61,A,0.5926,0.0556,64,6,108,True
nuscenes_mini,6873840fc1df4796a7b959e13e9fb78a,car,0.7299578189849854,33.92,C,0.0434,0.0014,94,3,2168,False
nuscenes_mini,6873840fc1df4796a7b959e13e9fb78a,pedestrian,1.0,38.73,C,0.0417,0.0,3,0,72,False
nuscenes_mini,6873840fc1df4796a7b959e13e9fb78a,car,0.7344398498535156,49.15,C,0.0238,0.0,27,0,1134,False
nuscenes_mini,6873840fc1df4796a7b959e13e9fb78a,car,0.9375000596046448,25.46,B,0.0548,0.0095,121,21,2208,False
nuscenes_mini,6873840fc1df4796a7b959e13e9fb78a,bus,0.8241757750511169,33.17,C,0.0201,0.0037,152,28,7560,False
nuscenes_mini,6873840fc1df4796a7b959e13e9fb78a,truck,0.5276752710342407,36.22,C,0.0083,0.0006,27,2,3234,False
nuscenes_mini,6873840fc1df4796a7b959e13e9fb78a,truck,0.9726027250289917,11.02,A,0.1439,0.0148,3854,397,26784,True
nuscenes_mini,6873840fc1df4796a7b959e13e9fb78a,truck,0.8787879347801208,6.64,A,0.2779,0.0341,1027,126,3696,True
nuscenes_mini,6873840fc1df4796a7b959e13e9fb78a,car,0.9649122953414917,3.56,A,0.4539,0.0601,650,86,1432,True
nuscenes_mini,4ae9c033164e4e01a0392672686d095c,pedestrian,1.0,11.45,A,0.5865,0.0769,61,8,104,True
nuscenes_mini,4ae9c033164e4e01a0392672686d095c,pedestrian,1.0,8.93,A,0.5972,0.1944,43,14,72,True
nuscenes_mini,4ae9c033164e4e01a0392672686d095c,pedestrian,1.0,8.87,A,0.7812,0.0938,75,9,96,True
nuscenes_mini,4ae9c033164e4e01a0392672686d095c,pedestrian,1.0,8.1,A,0.7188,0.1875,46,12,64,True
nuscenes_mini,4ae9c033164e4e01a0392672686d095c,car,0.9452055096626282,21.48,B,0.0758,0.0138,148,27,1953,False
nuscenes_mini,4ae9c033164e4e01a0392672686d095c,bus,0.6640419960021973,40.12,C,0.0434,0.0041,328,31,7565,False
nuscenes_mini,4ae9c033164e4e01a0392672686d095c,pedestrian,1.0,18.67,B,0.1429,0.0,4,0,28,True
nuscenes_mini,4ae9c033164e4e01a0392672686d095c,pedestrian,1.0,13.68,A,0.3438,0.125,11,4,32,True
nuscenes_mini,4ae9c033164e4e01a0392672686d095c,pedestrian,1.0,11.44,A,0.6111,0.0556,88,8,144,True
nuscenes_mini,4ae9c033164e4e01a0392672686d095c,pedestrian,1.0,10.5,A,0.7396,0.0521,71,5,96,True
nuscenes_mini,4ae9c033164e4e01a0392672686d095c,pedestrian,1.0,12.21,A,0.5556,0.0556,40,4,72,True
nuscenes_mini,4ae9c033164e4e01a0392672686d095c,car,0.9375000596046448,28.49,B,0.0972,0.0046,210,10,2160,False
nuscenes_mini,4ae9c033164e4e01a0392672686d095c,truck,0.7730495929718018,39.99,C,0.004,0.0006,20,3,4950,False
nuscenes_mini,4ae9c033164e4e01a0392672686d095c,truck,0.6908212304115295,28.64,B,0.0054,0.0,13,0,2420,False
nuscenes_mini,4ae9c033164e4e01a0392672686d095c,truck,0.9726027250289917,11.0,A,0.1386,0.0137,3645,361,26304,True
nuscenes_mini,4ae9c033164e4e01a0392672686d095c,truck,0.8552036285400391,6.59,A,0.299,0.036,1013,122,3388,True
nuscenes_mini,4ae9c033164e4e01a0392672686d095c,car,0.9609756469726562,3.55,A,0.4576,0.0604,659,87,1440,True
nuscenes_mini,ecd49e3c38624c77b8aac8df445d49ba,pedestrian,1.0,8.06,A,0.7273,0.1932,64,17,88,True
nuscenes_mini,ecd49e3c38624c77b8aac8df445d49ba,pedestrian,1.0,11.17,A,0.5521,0.0938,53,9,96,True
nuscenes_mini,ecd49e3c38624c77b8aac8df445d49ba,pedestrian,1.0,9.74,A,0.7639,0.1111,55,8,72,True
nuscenes_mini,ecd49e3c38624c77b8aac8df445d49ba,pedestrian,1.0,8.02,A,0.6528,0.2083,47,15,72,True
nuscenes_mini,ecd49e3c38624c77b8aac8df445d49ba,car,0.9452055096626282,22.43,B,0.0676,0.0087,132,17,1952,False
nuscenes_mini,ecd49e3c38624c77b8aac8df445d49ba,car,0.8827838897705078,25.48,B,0.095,0.0144,119,18,1253,False
nuscenes_mini,ecd49e3c38624c77b8aac8df445d49ba,pedestrian,1.0,11.14,A,0.5577,0.0865,58,9,104,True
nuscenes_mini,ecd49e3c38624c77b8aac8df445d49ba,pedestrian,1.0,11.67,A,0.5192,0.0673,54,7,104,True
nuscenes_mini,ecd49e3c38624c77b8aac8df445d49ba,pedestrian,1.0,10.13,A,0.7361,0.0972,53,7,72,True
nuscenes_mini,ecd49e3c38624c77b8aac8df445d49ba,car,0.9139785170555115,25.95,B,0.0359,0.0051,63,9,1757,False
nuscenes_mini,ecd49e3c38624c77b8aac8df445d49ba,car,0.8827838897705078,44.77,C,0.1479,0.0,118,0,798,True
nuscenes_mini,ecd49e3c38624c77b8aac8df445d49ba,car,0.8518518805503845,33.41,C,0.0,0.0,0,0,715,False
nuscenes_mini,ecd49e3c38624c77b8aac8df445d49ba,pedestrian,1.0,41.75,C,0.0,0.0,0,0,35,False
nuscenes_mini,ecd49e3c38624c77b8aac8df445d49ba,car,0.9064327478408813,28.15,B,0.0092,0.0037,10,4,1092,False
nuscenes_mini,ecd49e3c38624c77b8aac8df445d49ba,car,0.9259259104728699,25.54,B,0.1545,0.0,172,0,1113,True
nuscenes_mini,ecd49e3c38624c77b8aac8df445d49ba,bus,0.6604774594306946,41.59,C,0.0494,0.0034,416,29,8424,False
nuscenes_mini,ecd49e3c38624c77b8aac8df445d49ba,truck,0.7299578189849854,34.78,C,0.002,0.0,5,0,2502,False
nuscenes_mini,ecd49e3c38624c77b8aac8df445d49ba,truck,0.976608157157898,11.1,A,0.143,0.014,4110,402,28750,True
nuscenes_mini,ecd49e3c38624c77b8aac8df445d49ba,truck,0.859649121761322,6.64,A,0.2768,0.0338,1023,125,3696,True
nuscenes_mini,ecd49e3c38624c77b8aac8df445d49ba,car,0.96875,3.49,A,0.4541,0.0664,643,94,1416,True
nuscenes_mini,ac452a60e8b34a7080c938c904b23057,pedestrian,1.0,9.64,A,0.7361,0.1389,53,10,72,True
nuscenes_mini,ac452a60e8b34a7080c938c904b23057,pedestrian,1.0,8.0,A,0.7727,0.1364,68,12,88,True
nuscenes_mini,ac452a60e8b34a7080c938c904b23057,pedestrian,1.0,10.74,A,0.7411,0.0804,83,9,112,True
nuscenes_mini,ac452a60e8b34a7080c938c904b23057,pedestrian,1.0,7.96,A,0.6125,0.2,49,16,80,True
nuscenes_mini,ac452a60e8b34a7080c938c904b23057,pedestrian,1.0,28.94,B,0.0556,0.0,4,0,72,False
nuscenes_mini,ac452a60e8b34a7080c938c904b23057,car,0.921951174736023,24.63,B,0.0183,0.0024,61,8,3340,False
nuscenes_mini,ac452a60e8b34a7080c938c904b23057,car,0.9452055096626282,23.43,B,0.0419,0.0112,75,20,1792,False
nuscenes_mini,ac452a60e8b34a7080c938c904b23057,car,0.9064327478408813,46.53,C,0.0021,0.0,4,0,1881,False
nuscenes_mini,ac452a60e8b34a7080c938c904b23057,truck,0.8358974456787109,47.95,C,0.0078,0.0015,82,16,10469,False
nuscenes_mini,ac452a60e8b34a7080c938c904b23057,pedestrian,1.0,10.75,A,0.75,0.1042,72,10,96,True
nuscenes_mini,ac452a60e8b34a7080c938c904b23057,pedestrian,1.0,23.13,B,0.0312,0.0938,1,3,32,False
nuscenes_mini,ac452a60e8b34a7080c938c904b23057,pedestrian,1.0,11.28,A,0.6429,0.0357,72,4,112,True
nuscenes_mini,ac452a60e8b34a7080c938c904b23057,pedestrian,1.0,9.79,A,0.5833,0.2083,28,10,48,True
nuscenes_mini,ac452a60e8b34a7080c938c904b23057,pedestrian,1.0,12.4,A,0.4219,0.0938,27,6,64,True
nuscenes_mini,ac452a60e8b34a7080c938c904b23057,car,0.921951174736023,24.62,B,0.003,0.0012,5,2,1672,False
nuscenes_mini,ac452a60e8b34a7080c938c904b23057,car,0.8987342119216919,46.26,C,0.1531,0.0,124,0,810,True
nuscenes_mini,ac452a60e8b34a7080c938c904b23057,car,0.9298245906829834,28.38,B,0.0195,0.0,16,0,822,False
nuscenes_mini,ac452a60e8b34a7080c938c904b23057,car,0.7815700173377991,46.45,C,0.0,0.0,0,0,780,False
nuscenes_mini,ac452a60e8b34a7080c938c904b23057,car,0.941605806350708,24.1,B,0.0249,0.0031,56,7,2248,False
nuscenes_mini,ac452a60e8b34a7080c938c904b23057,bus,0.7730495929718018,47.16,C,0.0144,0.0017,133,16,9248,False
nuscenes_mini,ac452a60e8b34a7080c938c904b23057,truck,0.6717948913574219,37.11,C,0.0023,0.0,6,0,2556,False
nuscenes_mini,ac452a60e8b34a7080c938c904b23057,truck,0.976608157157898,11.29,A,0.145,0.0132,4121,374,28416,True
nuscenes_mini,ac452a60e8b34a7080c938c904b23057,truck,0.8632478713989258,6.67,A,0.2839,0.0337,1138,135,4008,True
nuscenes_mini,ac452a60e8b34a7080c938c904b23057,car,0.9609756469726562,3.54,A,0.3796,0.071,465,87,1225,True
nuscenes_mini,27900b9c3cfb48ed8b49087098d4a15a,pedestrian,1.0,7.94,A,0.75,0.1875,72,18,96,True
nuscenes_mini,27900b9c3cfb48ed8b49087098d4a15a,pedestrian,1.0,10.91,A,0.5833,0.0625,56,6,96,True
nuscenes_mini,27900b9c3cfb48ed8b49087098d4a15a,pedestrian,1.0,10.52,A,0.5469,0.1562,35,10,64,True
nuscenes_mini,27900b9c3cfb48ed8b49087098d4a15a,pedestrian,1.0,7.97,A,0.8125,0.1719,52,11,64,True
nuscenes_mini,27900b9c3cfb48ed8b49087098d4a15a,pedestrian,1.0,9.52,A,0.6944,0.1528,50,11,72,True
nuscenes_mini,27900b9c3cfb48ed8b49087098d4a15a,car,0.949367105960846,22.14,B,0.0586,0.0129,141,31,2408,False
nuscenes_mini,27900b9c3cfb48ed8b49087098d4a15a,car,0.8827838897705078,42.09,C,0.0,0.0,0,0,1728,False
nuscenes_mini,27900b9c3cfb48ed8b49087098d4a15a,truck,0.5345454812049866,42.52,C,0.0255,0.0,90,0,3528,False
nuscenes_mini,27900b9c3cfb48ed8b49087098d4a15a,pedestrian,1.0,9.51,A,0.5432,0.1358,44,11,81,True
nuscenes_mini,27900b9c3cfb48ed8b49087098d4a15a,pedestrian,1.0,10.89,A,0.5764,0.0625,83,9,144,True
nuscenes_mini,27900b9c3cfb48ed8b49087098d4a15a,pedestrian,1.0,23.1,B,0.0,0.0938,0,3,32,False
nuscenes_mini,27900b9c3cfb48ed8b49087098d4a15a,pedestrian,1.0,11.86,A,0.6667,0.0833,32,4,48,True
nuscenes_mini,27900b9c3cfb48ed8b49087098d4a15a,car,0.8202247023582458,42.32,C,0.1927,0.0,201,0,1043,True
nuscenes_mini,27900b9c3cfb48ed8b49087098d4a15a,car,0.9024390578269958,43.49,C,0.0067,0.0,10,0,1484,False
nuscenes_mini,27900b9c3cfb48ed8b49087098d4a15a,car,0.9375000596046448,25.47,B,0.0652,0.0043,120,8,1840,False
nuscenes_mini,27900b9c3cfb48ed8b49087098d4a15a,bus,0.719298243522644,51.53,C,0.0229,0.0021,123,11,5362,False
nuscenes_mini,27900b9c3cfb48ed8b49087098d4a15a,truck,0.5038759708404541,42.04,C,0.0,0.0,0,0,3320,False
nuscenes_mini,27900b9c3cfb48ed8b49087098d4a15a,truck,0.976608157157898,11.06,A,0.141,0.0131,3851,359,27312,True
nuscenes_mini,27900b9c3cfb48ed8b49087098d4a15a,truck,0.8787879347801208,6.65,A,0.2999,0.0369,1016,125,3388,True
nuscenes_mini,27900b9c3cfb48ed8b49087098d4a15a,car,0.9609756469726562,3.53,A,0.4556,0.0632,656,91,1440,True
nuscenes_mini,c4f9b75136384ec4a76c4adfc28b4259,pedestrian,1.0,7.93,A,0.6625,0.1625,53,13,80,True
nuscenes_mini,c4f9b75136384ec4a76c4adfc28b4259,pedestrian,1.0,10.11,A,0.75,0.125,42,7,56,True
nuscenes_mini,c4f9b75136384ec4a76c4adfc28b4259,pedestrian,1.0,9.13,A,0.8214,0.1071,46,6,56,True
nuscenes_mini,c4f9b75136384ec4a76c4adfc28b4259,pedestrian,1.0,10.5,A,0.5556,0.1019,60,11,108,True
nuscenes_mini,c4f9b75136384ec4a76c4adfc28b4259,pedestrian,1.0,10.52,A,0.55,0.0125,44,1,80,True
nuscenes_mini,c4f9b75136384ec4a76c4adfc28b4259,pedestrian,1.0,9.44,A,0.6625,0.1375,53,11,80,True
nuscenes_mini,c4f9b75136384ec4a76c4adfc28b4259,car,0.9298245906829834,21.21,B,0.0523,0.0203,90,35,1722,False
nuscenes_mini,c4f9b75136384ec4a76c4adfc28b4259,car,0.8865247964859009,39.69,C,0.0,0.0,0,0,1256,False
nuscenes_mini,c4f9b75136384ec4a76c4adfc28b4259,pedestrian,1.0,9.08,A,0.7961,0.0658,121,10,152,True
nuscenes_mini,c4f9b75136384ec4a76c4adfc28b4259,pedestrian,1.0,9.16,A,0.8942,0.0577,93,6,104,True
nuscenes_mini,c4f9b75136384ec4a76c4adfc28b4259,pedestrian,1.0,11.35,A,0.5625,0.2083,27,10,48,True
nuscenes_mini,c4f9b75136384ec4a76c4adfc28b4259,car,0.8048780560493469,40.62,C,0.0166,0.0,49,0,2960,False
nuscenes_mini,c4f9b75136384ec4a76c4adfc28b4259,car,0.8241757750511169,48.56,C,0.1331,0.0,107,0,804,True
nuscenes_mini,c4f9b75136384ec4a76c4adfc28b4259,car,0.9452055096626282,30.12,C,0.0347,0.0031,102,9,2943,False
nuscenes_mini,c4f9b75136384ec4a76c4adfc28b4259,car,0.9139785170555115,42.05,C,0.0171,0.0,18,0,1050,False
nuscenes_mini,c4f9b75136384ec4a76c4adfc28b4259,truck,0.6640419960021973,51.5,C,0.0522,0.0,231,0,4424,False
nuscenes_mini,c4f9b75136384ec4a76c4adfc28b4259,truck,0.6097560524940491,38.32,C,0.0,0.0,0,0,2241,False
nuscenes_mini,c4f9b75136384ec4a76c4adfc28b4259,truck,0.976608157157898,11.0,A,0.1385,0.0135,3870,378,27950,True
nuscenes_mini,c4f9b75136384ec4a76c4adfc28b4259,truck,0.8987342119216919,6.56,A,0.3179,0.0399,1028,129,3234,True
nuscenes_mini,c4f9b75136384ec4a76c4adfc28b4259,car,0.96875,3.54,A,0.3658,0.076,443,92,1211,True
nuscenes_mini,a572dd2e95e94e4db66bb5dbfaf870b5,pedestrian,1.0,7.87,A,0.7396,0.1667,71,16,96,True
nuscenes_mini,a572dd2e95e94e4db66bb5dbfaf870b5,pedestrian,1.0,9.95,A,0.6111,0.1667,44,12,72,True
nuscenes_mini,a572dd2e95e94e4db66bb5dbfaf870b5,pedestrian,1.0,8.86,A,0.8173,0.0769,85,8,104,True
nuscenes_mini,a572dd2e95e94e4db66bb5dbfaf870b5,pedestrian,1.0,10.1,A,0.7222,0.0833,52,6,72,True
nuscenes_mini,a572dd2e95e94e4db66bb5dbfaf870b5,pedestrian,1.0,11.65,A,0.5833,0.0278,42,2,72,True
nuscenes_mini,a572dd2e95e94e4db66bb5dbfaf870b5,pedestrian,1.0,9.32,A,0.6389,0.1667,46,12,72,True
nuscenes_mini,a572dd2e95e94e4db66bb5dbfaf870b5,car,0.9259259104728699,21.93,B,0.1036,0.0062,218,13,2104,True
nuscenes_mini,a572dd2e95e94e4db66bb5dbfaf870b5,car,0.8750000596046448,39.12,C,0.0021,0.0,2,0,968,False
nuscenes_mini,a572dd2e95e94e4db66bb5dbfaf870b5,truck,0.8083832263946533,47.66,C,0.0657,0.0,321,0,4886,False
nuscenes_mini,a572dd2e95e94e4db66bb5dbfaf870b5,pedestrian,1.0,8.88,A,0.7946,0.0714,89,8,112,True
nuscenes_mini,a572dd2e95e94e4db66bb5dbfaf870b5,pedestrian,1.0,10.09,A,0.7188,0.0781,46,5,64,True
nuscenes_mini,a572dd2e95e94e4db66bb5dbfaf870b5,pedestrian,1.0,22.99,B,0.0556,0.1111,3,6,54,False
nuscenes_mini,a572dd2e95e94e4db66bb5dbfaf870b5,pedestrian,1.0,10.88,A,0.625,0.2292,30,11,48,True
nuscenes_mini,a572dd2e95e94e4db66bb5dbfaf870b5,car,0.9259259104728699,27.8,B,0.0222,0.0013,34,2,1533,False
nuscenes_mini,a572dd2e95e94e4db66bb5dbfaf870b5,car,0.9024390578269958,47.33,C,0.1582,0.0,131,0,828,True
nuscenes_mini,a572dd2e95e94e4db66bb5dbfaf870b5,car,0.9375000596046448,26.98,B,0.0235,0.0,21,0,894,False
nuscenes_mini,a572dd2e95e94e4db66bb5dbfaf870b5,truck,0.5395683646202087,38.62,C,0.0,0.0,0,0,1592,False
nuscenes_mini,a572dd2e95e94e4db66bb5dbfaf870b5,truck,0.976608157157898,11.33,A,0.1314,0.012,4196,382,31928,True
nuscenes_mini,a572dd2e95e94e4db66bb5dbfaf870b5,truck,0.9064327478408813,6.68,A,0.2956,0.0365,1060,131,3586,True
nuscenes_mini,a572dd2e95e94e4db66bb5dbfaf870b5,car,0.96875,3.52,A,0.3777,0.0747,460,91,1218,True
nuscenes_mini,313a60afcab5481a94a4815e0d1a6496,pedestrian,1.0,9.83,A,0.6786,0.125,76,14,112,True
nuscenes_mini,313a60afcab5481a94a4815e0d1a6496,pedestrian,1.0,7.96,A,0.7656,0.125,98,16,128,True
nuscenes_mini,313a60afcab5481a94a4815e0d1a6496,pedestrian,1.0,8.57,A,0.8021,0.125,77,12,96,True
nuscenes_mini,313a60afcab5481a94a4815e0d1a6496,pedestrian,1.0,9.61,A,0.6667,0.1875,32,9,48,True
nuscenes_mini,313a60afcab5481a94a4815e0d1a6496,pedestrian,1.0,9.33,A,0.6979,0.1667,67,16,96,True
nuscenes_mini,313a60afcab5481a94a4815e0d1a6496,pedestrian,1.0,7.94,A,0.7734,0.1172,99,15,128,True
nuscenes_mini,313a60afcab5481a94a4815e0d1a6496,car,0.8518518805503845,41.55,C,0.0,0.0,0,0,1584,False
nuscenes_mini,313a60afcab5481a94a4815e0d1a6496,car,0.8904109597206116,23.13,B,0.0794,0.0159,125,25,1575,False
nuscenes_mini,313a60afcab5481a94a4815e0d1a6496,car,0.8632478713989258,45.73,C,0.0,0.0,0,0,756,False
nuscenes_mini,313a60afcab5481a94a4815e0d1a6496,pedestrian,1.0,10.51,A,0.5,0.2292,24,11,48,True
nuscenes_mini,313a60afcab5481a94a4815e0d1a6496,pedestrian,1.0,8.62,A,0.7143,0.1786,40,10,56,True
nuscenes_mini,313a60afcab5481a94a4815e0d1a6496,pedestrian,1.0,29.97,B,0.0,0.0,0,0,32,False
nuscenes_mini,313a60afcab5481a94a4815e0d1a6496,car,0.9452055096626282,41.44,C,0.0116,0.0003,125,3,10808,False
nuscenes_mini,313a60afcab5481a94a4815e0d1a6496,car,0.9452055096626282,23.61,B,0.045,0.007,103,16,2288,False
nuscenes_mini,313a60afcab5481a94a4815e0d1a6496,truck,0.5428571701049805,47.34,C,0.0619,0.0,111,0,1793,False
nuscenes_mini,313a60afcab5481a94a4815e0d1a6496,truck,0.6831682920455933,39.43,C,0.0,0.0,0,0,1746,False
nuscenes_mini,313a60afcab5481a94a4815e0d1a6496,truck,0.9726027250289917,11.36,A,0.1456,0.0132,4329,393,29736,True
nuscenes_mini,313a60afcab5481a94a4815e0d1a6496,truck,0.8750000596046448,6.76,A,0.2868,0.0359,1016,127,3542,True
nuscenes_mini,313a60afcab5481a94a4815e0d1a6496,car,0.9649122953414917,3.51,A,0.4556,0.0681,656,98,1440,True
nuscenes_mini,d2ae3c5bbb5343a393882b44d56f8da3,pedestrian,1.0,7.94,A,0.8056,0.1181,116,17,144,True
nuscenes_mini,d2ae3c5bbb5343a393882b44d56f8da3,pedestrian,1.0,25.16,B,0.0833,0.0,4,0,48,False
nuscenes_mini,d2ae3c5bbb5343a393882b44d56f8da3,pedestrian,1.0,7.9,A,0.8036,0.1429,90,16,112,True
nuscenes_mini,d2ae3c5bbb5343a393882b44d56f8da3,pedestrian,1.0,8.37,A,0.7222,0.1806,52,13,72,True
nuscenes_mini,d2ae3c5bbb5343a393882b44d56f8da3,pedestrian,1.0,9.35,A,0.5312,0.2031,34,13,64,True
nuscenes_mini,d2ae3c5bbb5343a393882b44d56f8da3,pedestrian,1.0,9.28,A,0.6979,0.125,67,12,96,True
nuscenes_mini,d2ae3c5bbb5343a393882b44d56f8da3,pedestrian,1.0,9.8,A,0.6691,0.1324,91,18,136,True
nuscenes_mini,d2ae3c5bbb5343a393882b44d56f8da3,car,0.8865247964859009,43.91,C,0.0,0.0,0,0,791,False
nuscenes_mini,d2ae3c5bbb5343a393882b44d56f8da3,car,0.8987342119216919,41.08,C,0.0,0.0,0,0,1416,False
nuscenes_mini,d2ae3c5bbb5343a393882b44d56f8da3,car,0.9179486632347107,23.05,B,0.0784,0.0015,160,3,2040,False
nuscenes_mini,d2ae3c5bbb5343a393882b44d56f8da3,pedestrian,1.0,10.17,A,0.575,0.225,23,9,40,True
nuscenes_mini,d2ae3c5bbb5343a393882b44d56f8da3,pedestrian,1.0,22.98,B,0.0625,0.125,2,4,32,False
nuscenes_mini,d2ae3c5bbb5343a393882b44d56f8da3,car,0.8048780560493469,52.64,C,0.0,0.0,0,0,765,False
nuscenes_mini,d2ae3c5bbb5343a393882b44d56f8da3,car,0.9139785170555115,22.9,B,0.0778,0.0047,132,8,1696,False
nuscenes_mini,d2ae3c5bbb5343a393882b44d56f8da3,car,0.8947368264198303,46.53,C,0.1519,0.0,123,0,810,True
nuscenes_mini,d2ae3c5bbb5343a393882b44d56f8da3,pedestrian,1.0,51.24,C,0.0286,0.0,1,0,35,False
nuscenes_mini,d2ae3c5bbb5343a393882b44d56f8da3,pedestrian,1.0,8.09,A,0.8182,0.0707,81,7,99,True
nuscenes_mini,d2ae3c5bbb5343a393882b44d56f8da3,car,0.941605806350708,25.61,B,0.069,0.0105,145,22,2100,False
nuscenes_mini,d2ae3c5bbb5343a393882b44d56f8da3,truck,0.9726027250289917,11.26,A,0.1279,0.0122,3672,351,28700,True
nuscenes_mini,d2ae3c5bbb5343a393882b44d56f8da3,truck,0.9064327478408813,6.66,A,0.3037,0.0398,1029,135,3388,True
nuscenes_mini,d2ae3c5bbb5343a393882b44d56f8da3,car,0.9569892287254333,3.52,A,0.3716,0.0751,450,91,1211,True
nuscenes_mini,59bd7a9fae8a45bcb76f1847cf09e000,pedestrian,1.0,9.34,A,0.8047,0.0938,103,12,128,True
nuscenes_mini,59bd7a9fae8a45bcb76f1847cf09e000,pedestrian,1.0,8.17,A,0.899,0.0505,89,5,99,True
nuscenes_mini,59bd7a9fae8a45bcb76f1847cf09e000,pedestrian,1.0,9.94,A,0.6406,0.1406,41,9,64,True
nuscenes_mini,59bd7a9fae8a45bcb76f1847cf09e000,pedestrian,1.0,9.06,A,0.625,0.1477,55,13,88,True
nuscenes_mini,59bd7a9fae8a45bcb76f1847cf09e000,pedestrian,1.0,8.24,A,0.7917,0.1146,76,11,96,True
nuscenes_mini,59bd7a9fae8a45bcb76f1847cf09e000,pedestrian,1.0,8.13,A,0.8594,0.0781,55,5,64,True
nuscenes_mini,59bd7a9fae8a45bcb76f1847cf09e000,pedestrian,1.0,9.61,A,0.8125,0.1562,52,10,64,True
nuscenes_mini,59bd7a9fae8a45bcb76f1847cf09e000,car,0.8083832263946533,20.55,B,0.0625,0.0128,88,18,1407,False
nuscenes_mini,59bd7a9fae8a45bcb76f1847cf09e000,truck,0.5508772134780884,44.45,C,0.0696,0.0,228,0,3276,False
nuscenes_mini,59bd7a9fae8a45bcb76f1847cf09e000,pedestrian,1.0,9.89,A,0.6719,0.125,43,8,64,True
nuscenes_mini,59bd7a9fae8a45bcb76f1847cf09e000,pedestrian,1.0,17.63,B,0.4286,0.0,12,0,28,True
nuscenes_mini,59bd7a9fae8a45bcb76f1847cf09e000,car,0.8987342119216919,47.46,C,0.1606,0.0,132,0,822,True
nuscenes_mini,59bd7a9fae8a45bcb76f1847cf09e000,pedestrian,1.0,8.22,A,0.7712,0.085,118,13,153,True
nuscenes_mini,59bd7a9fae8a45bcb76f1847cf09e000,pedestrian,1.0,22.39,B,0.1453,0.0342,17,4,117,True
nuscenes_mini,59bd7a9fae8a45bcb76f1847cf09e000,car,0.9064327478408813,37.67,C,0.0,0.0,0,0,828,False
nuscenes_mini,59bd7a9fae8a45bcb76f1847cf09e000,car,0.949367105960846,27.91,B,0.1356,0.0087,295,19,2176,True
nuscenes_mini,59bd7a9fae8a45bcb76f1847cf09e000,truck,0.9726027250289917,10.97,A,0.142,0.0125,4265,374,30030,True
nuscenes_mini,59bd7a9fae8a45bcb76f1847cf09e000,truck,0.8672199249267578,6.66,A,0.2987,0.0372,1012,126,3388,True
nuscenes_mini,59bd7a9fae8a45bcb76f1847cf09e000,car,0.9609756469726562,3.52,A,0.4597,0.0649,673,95,1464,True
nuscenes_mini,37535cd306954669a2b21578573b93e3,pedestrian,1.0,8.04,A,0.6667,0.2292,32,11,48,True
nuscenes_mini,37535cd306954669a2b21578573b93e3,pedestrian,1.0,9.39,A,0.75,0.1354,72,13,96,True
nuscenes_mini,37535cd306954669a2b21578573b93e3,pedestrian,1.0,9.74,A,0.7031,0.125,45,8,64,True
nuscenes_mini,37535cd306954669a2b21578573b93e3,pedestrian,1.0,9.53,A,0.7361,0.1667,53,12,72,True
nuscenes_mini,37535cd306954669a2b21578573b93e3,pedestrian,1.0,8.98,A,0.4479,0.1875,43,18,96,True
nuscenes_mini,37535cd306954669a2b21578573b93e3,car,0.9024390578269958,40.68,C,0.0,0.0,0,0,732,False
nuscenes_mini,37535cd306954669a2b21578573b93e3,car,0.8904109597206116,37.1,C,0.0,0.0,0,0,1395,False
nuscenes_mini,37535cd306954669a2b21578573b93e3,car,0.9452055096626282,19.71,B,0.1203,0.0159,258,34,2144,True
nuscenes_mini,37535cd306954669a2b21578573b93e3,car,0.7500000596046448,55.5,C,0.0097,0.0,7,0,720,False
nuscenes_mini,37535cd306954669a2b21578573b93e3,car,0.9024390578269958,48.47,C,0.1525,0.0,129,0,846,True
nuscenes_mini,37535cd306954669a2b21578573b93e3,car,0.7460317611694336,51.83,C,0.0265,0.0,25,0,945,False
nuscenes_mini,37535cd306954669a2b21578573b93e3,pedestrian,1.0,8.57,A,0.7159,0.1705,63,15,88,True
nuscenes_mini,37535cd306954669a2b21578573b93e3,pedestrian,1.0,8.46,A,0.7768,0.1071,87,12,112,True
nuscenes_mini,37535cd306954669a2b21578573b93e3,car,0.9064327478408813,37.24,C,0.0025,0.0,2,0,792,False
nuscenes_mini,37535cd306954669a2b21578573b93e3,car,0.949367105960846,30.26,C,0.0567,0.0068,100,12,1764,False
nuscenes_mini,37535cd306954669a2b21578573b93e3,car,0.9375000596046448,42.96,C,0.008,0.0007,11,1,1379,False
nuscenes_mini,37535cd306954669a2b21578573b93e3,truck,0.9726027250289917,10.99,A,0.1517,0.0141,4361,405,28750,True
nuscenes_mini,37535cd306954669a2b21578573b93e3,truck,0.8709677457809448,6.61,A,0.2754,0.0344,1018,127,3696,True
nuscenes_mini,37535cd306954669a2b21578573b93e3,car,0.9609756469726562,3.55,A,0.4532,0.0615,649,88,1432,True
nuscenes_mini,3a064c48e47b489a8b442b8081f877b6,pedestrian,1.0,8.05,A,0.65,0.2,52,16,80,True
nuscenes_mini,3a064c48e47b489a8b442b8081f877b6,pedestrian,1.0,9.5,A,0.75,0.1562,72,15,96,True
nuscenes_mini,3a064c48e47b489a8b442b8081f877b6,pedestrian,1.0,8.86,A,0.6349,0.127,80,16,126,True
nuscenes_mini,3a064c48e47b489a8b442b8081f877b6,pedestrian,1.0,9.62,A,0.5625,0.1875,36,12,64,True
nuscenes_mini,3a064c48e47b489a8b442b8081f877b6,pedestrian,1.0,9.58,A,0.6032,0.254,38,16,63,True
nuscenes_mini,3a064c48e47b489a8b442b8081f877b6,car,0.7538461089134216,38.58,C,0.0194,0.0,21,0,1080,False
nuscenes_mini,3a064c48e47b489a8b442b8081f877b6,car,0.9452055096626282,20.27,B,0.0935,0.0121,287,37,3069,False
nuscenes_mini,3a064c48e47b489a8b442b8081f877b6,car,0.8787879347801208,37.84,C,0.0,0.0,0,0,928,False
nuscenes_mini,3a064c48e47b489a8b442b8081f877b6,car,0.8827838897705078,48.84,C,0.1495,0.0,122,0,816,True
nuscenes_mini,3a064c48e47b489a8b442b8081f877b6,pedestrian,1.0,9.97,A,0.4135,0.0385,43,4,104,True
nuscenes_mini,3a064c48e47b489a8b442b8081f877b6,pedestrian,1.0,8.9,A,0.6562,0.1172,84,15,128,True
nuscenes_mini,3a064c48e47b489a8b442b8081f877b6,car,0.9336099624633789,32.56,C,0.0434,0.0084,72,14,1659,False
nuscenes_mini,3a064c48e47b489a8b442b8081f877b6,truck,0.9804878830909729,11.05,A,0.1425,0.0133,3964,371,27816,True
nuscenes_mini,3a064c48e47b489a8b442b8081f877b6,truck,0.9024390578269958,6.68,A,0.3135,0.0345,1162,128,3707,True
nuscenes_mini,3a064c48e47b489a8b442b8081f877b6,car,0.9649122953414917,3.55,A,0.451,0.0587,653,85,1448,True
nuscenes_mini,d3c0bbf933594f7184e20d761b6416f4,pedestrian,1.0,9.67,A,0.7159,0.1477,63,13,88,True
nuscenes_mini,d3c0bbf933594f7184e20d761b6416f4,pedestrian,1.0,9.09,A,0.65,0.0583,78,7,120,True
nuscenes_mini,d3c0bbf933594f7184e20d761b6416f4,pedestrian,1.0,9.5,A,0.7188,0.125,69,12,96,True
nuscenes_mini,d3c0bbf933594f7184e20d761b6416f4,pedestrian,1.0,9.57,A,0.6543,0.1975,53,16,81,True
nuscenes_mini,d3c0bbf933594f7184e20d761b6416f4,pedestrian,1.0,8.03,A,0.6111,0.2222,44,16,72,True
nuscenes_mini,d3c0bbf933594f7184e20d761b6416f4,car,0.9064327478408813,22.14,B,0.06,0.0182,102,31,1701,False
nuscenes_mini,d3c0bbf933594f7184e20d761b6416f4,car,0.9139785170555115,43.47,C,0.0,0.0,0,0,1424,False
nuscenes_mini,d3c0bbf933594f7184e20d761b6416f4,car,0.9101123809814453,45.97,C,0.0,0.0,0,0,1344,False
nuscenes_mini,d3c0bbf933594f7184e20d761b6416f4,pedestrian,1.0,23.02,B,0.0,0.1667,0,4,24,False
nuscenes_mini,d3c0bbf933594f7184e20d761b6416f4,car,0.8987342119216919,46.96,C,0.154,0.0,122,0,792,True
nuscenes_mini,d3c0bbf933594f7184e20d761b6416f4,pedestrian,1.0,29.71,B,0.0,0.0114,0,1,88,False
nuscenes_mini,d3c0bbf933594f7184e20d761b6416f4,pedestrian,1.0,9.43,A,0.5625,0.1875,45,15,80,True
nuscenes_mini,d3c0bbf933594f7184e20d761b6416f4,car,0.941605806350708,34.96,C,0.034,0.0049,55,8,1617,False
nuscenes_mini,d3c0bbf933594f7184e20d761b6416f4,car,0.9452055096626282,22.17,B,0.0512,0.0104,123,25,2400,False
nuscenes_mini,d3c0bbf933594f7184e20d761b6416f4,truck,0.9726027250289917,11.12,A,0.1397,0.0139,3718,370,26616,True
nuscenes_mini,d3c0bbf933594f7184e20d761b6416f4,truck,0.859649121761322,6.61,A,0.2999,0.0384,1016,130,3388,True
nuscenes_mini,d3c0bbf933594f7184e20d761b6416f4,car,0.9649122953414917,3.49,A,0.4538,0.0696,639,98,1408,True
nuscenes_mini,31812a5e8d514b5f8d2fbc50fc007475,pedestrian,1.0,9.55,A,0.8077,0.1058,84,11,104,True
nuscenes_mini,31812a5e8d514b5f8d2fbc50fc007475,pedestrian,1.0,9.75,A,0.8125,0.0804,91,9,112,True
nuscenes_mini,31812a5e8d514b5f8d2fbc50fc007475,pedestrian,1.0,9.61,A,0.6625,0.1875,53,15,80,True
nuscenes_mini,31812a5e8d514b5f8d2fbc50fc007475,pedestrian,1.0,8.29,A,0.8393,0.1071,47,6,56,True
nuscenes_mini,31812a5e8d514b5f8d2fbc50fc007475,pedestrian,1.0,8.14,A,0.7768,0.1607,87,18,112,True
nuscenes_mini,31812a5e8d514b5f8d2fbc50fc007475,car,0.9101123809814453,38.98,C,0.0021,0.0,2,0,959,False
nuscenes_mini,31812a5e8d514b5f8d2fbc50fc007475,car,0.9024390578269958,41.24,C,0.0,0.0,0,0,973,False
nuscenes_mini,31812a5e8d514b5f8d2fbc50fc007475,pedestrian,1.0,48.36,C,0.0938,0.0312,3,1,32,False
nuscenes_mini,31812a5e8d514b5f8d2fbc50fc007475,car,0.8947368264198303,47.53,C,0.1548,0.0,131,0,846,True
nuscenes_mini,31812a5e8d514b5f8d2fbc50fc007475,pedestrian,1.0,9.64,A,0.5312,0.1562,34,10,64,True
nuscenes_mini,31812a5e8d514b5f8d2fbc50fc007475,pedestrian,1.0,9.73,A,0.8,0.1125,64,9,80,True
nuscenes_mini,31812a5e8d514b5f8d2fbc50fc007475,car,0.7852349281311035,40.67,C,0.0122,0.0,17,0,1393,False
nuscenes_mini,31812a5e8d514b5f8d2fbc50fc007475,car,0.9336099624633789,36.55,C,0.0392,0.0086,59,13,1505,False
nuscenes_mini,31812a5e8d514b5f8d2fbc50fc007475,car,0.921951174736023,24.59,B,0.0535,0.0059,146,16,2727,False
nuscenes_mini,31812a5e8d514b5f8d2fbc50fc007475,truck,0.976608157157898,11.17,A,0.133,0.0135,3808,386,28625,True
nuscenes_mini,31812a5e8d514b5f8d2fbc50fc007475,truck,0.859649121761322,6.66,A,0.3005,0.0387,1018,131,3388,True
nuscenes_mini,31812a5e8d514b5f8d2fbc50fc007475,car,0.9609756469726562,3.56,A,0.4537,0.0608,657,88,1448,True
nuscenes_mini,32e2619879854a83953c08ec8557f3bb,pedestrian,1.0,9.43,A,0.8034,0.1282,94,15,117,True
nuscenes_mini,32e2619879854a83953c08ec8557f3bb,pedestrian,1.0,16.09,B,0.0972,0.0139,7,1,72,False
nuscenes_mini,32e2619879854a83953c08ec8557f3bb,pedestrian,1.0,10.04,A,0.6719,0.1406,43,9,64,True
nuscenes_mini,32e2619879854a83953c08ec8557f3bb,pedestrian,1.0,9.19,A,0.6667,0.125,32,6,48,True
nuscenes_mini,32e2619879854a83953c08ec8557f3bb,pedestrian,1.0,8.22,A,0.7344,0.1719,94,22,128,True
nuscenes_mini,32e2619879854a83953c08ec8557f3bb,car,0.8865247964859009,41.28,C,0.0,0.0,0,0,1272,False
nuscenes_mini,32e2619879854a83953c08ec8557f3bb,car,0.8865247964859009,43.31,C,0.0136,0.0,14,0,1029,False
nuscenes_mini,32e2619879854a83953c08ec8557f3bb,pedestrian,1.0,22.81,B,0.0,0.0556,0,1,18,False
nuscenes_mini,32e2619879854a83953c08ec8557f3bb,pedestrian,1.0,22.94,B,0.0,0.125,0,2,16,False
nuscenes_mini,32e2619879854a83953c08ec8557f3bb,car,0.8750000596046448,47.25,C,0.1608,0.0,136,0,846,True
nuscenes_mini,32e2619879854a83953c08ec8557f3bb,pedestrian,1.0,9.98,A,0.7,0.1286,49,9,70,True
nuscenes_mini,32e2619879854a83953c08ec8557f3bb,pedestrian,1.0,12.49,A,0.1587,0.0159,10,1,63,True
nuscenes_mini,32e2619879854a83953c08ec8557f3bb,pedestrian,1.0,9.95,A,0.6173,0.1605,50,13,81,True
nuscenes_mini,32e2619879854a83953c08ec8557f3bb,car,0.921951174736023,28.48,B,0.0907,0.0018,148,3,1631,False
nuscenes_mini,32e2619879854a83953c08ec8557f3bb,car,0.7538461089134216,39.53,C,0.0129,0.0,18,0,1400,False
nuscenes_mini,32e2619879854a83953c08ec8557f3bb,truck,0.9726027250289917,11.09,A,0.1323,0.014,3435,364,25968,True
nuscenes_mini,32e2619879854a83953c08ec8557f3bb,truck,0.8987342119216919,6.64,A,0.2741,0.033,1013,122,3696,True
nuscenes_mini,32e2619879854a83953c08ec8557f3bb,car,0.9649122953414917,3.56,A,0.4529,0.0607,634,85,1400,True
nuscenes_mini,4d7cf1ad5f9c4842bb6f135e058deed4,pedestrian,1.0,8.22,A,0.7125,0.1625,57,13,80,True
nuscenes_mini,4d7cf1ad5f9c4842bb6f135e058deed4,pedestrian,1.0,9.46,A,0.7374,0.1313,73,13,99,True
nuscenes_mini,4d7cf1ad5f9c4842bb6f135e058deed4,pedestrian,1.0,15.85,B,0.1771,0.0208,17,2,96,True
nuscenes_mini,4d7cf1ad5f9c4842bb6f135e058deed4,pedestrian,1.0,9.31,A,0.7,0.0625,56,5,80,True
nuscenes_mini,4d7cf1ad5f9c4842bb6f135e058deed4,car,0.8987342119216919,42.42,C,0.0,0.0,0,0,1015,False
nuscenes_mini,4d7cf1ad5f9c4842bb6f135e058deed4,car,0.9024390578269958,40.36,C,0.0127,0.0,17,0,1336,False
nuscenes_mini,4d7cf1ad5f9c4842bb6f135e058deed4,car,0.7299578189849854,51.87,C,0.0398,0.0,43,0,1080,False
nuscenes_mini,4d7cf1ad5f9c4842bb6f135e058deed4,car,0.8827838897705078,47.33,C,0.1447,0.0,125,0,864,True
nuscenes_mini,4d7cf1ad5f9c4842bb6f135e058deed4,pedestrian,1.0,10.28,A,0.5333,0.1778,24,8,45,True
nuscenes_mini,4d7cf1ad5f9c4842bb6f135e058deed4,pedestrian,1.0,9.99,A,0.75,0.125,66,11,88,True
nuscenes_mini,4d7cf1ad5f9c4842bb6f135e058deed4,pedestrian,1.0,10.22,A,0.5417,0.1667,26,8,48,True
nuscenes_mini,4d7cf1ad5f9c4842bb6f135e058deed4,car,0.8827838897705078,39.97,C,0.0076,0.0021,18,5,2358,False
nuscenes_mini,4d7cf1ad5f9c4842bb6f135e058deed4,car,0.7852349281311035,39.38,C,0.0,0.0,0,0,1365,False
nuscenes_mini,4d7cf1ad5f9c4842bb6f135e058deed4,car,0.9336099624633789,33.02,C,0.0013,0.0,2,0,1519,False
nuscenes_mini,4d7cf1ad5f9c4842bb6f135e058deed4,truck,0.976608157157898,11.24,A,0.1281,0.0129,3645,367,28450,True
nuscenes_mini,4d7cf1ad5f9c4842bb6f135e058deed4,truck,0.8827838897705078,6.62,A,0.3058,0.0393,1036,133,3388,True
nuscenes_mini,4d7cf1ad5f9c4842bb6f135e058deed4,car,0.9649122953414917,3.55,A,0.3633,0.0727,445,89,1225,True
nuscenes_mini,c143943fd6e246448eab88ce1a0aeda9,pedestrian,1.0,8.21,A,0.625,0.1964,35,11,56,True
nuscenes_mini,c143943fd6e246448eab88ce1a0aeda9,pedestrian,1.0,9.6,A,0.5556,0.2222,30,12,54,True
nuscenes_mini,c143943fd6e246448eab88ce1a0aeda9,pedestrian,1.0,10.17,A,0.7031,0.1406,45,9,64,True
nuscenes_mini,c143943fd6e246448eab88ce1a0aeda9,pedestrian,1.0,22.75,B,0.0417,0.0,2,0,48,False
nuscenes_mini,c143943fd6e246448eab88ce1a0aeda9,car,0.8904109597206116,38.35,C,0.0,0.0,0,0,1056,False
nuscenes_mini,c143943fd6e246448eab88ce1a0aeda9,car,0.8904109597206116,40.98,C,0.0,0.0,0,0,952,False
nuscenes_mini,c143943fd6e246448eab88ce1a0aeda9,car,0.8987342119216919,47.34,C,0.1576,0.0,139,0,882,True
nuscenes_mini,c143943fd6e246448eab88ce1a0aeda9,pedestrian,1.0,11.38,A,0.3393,0.0536,19,3,56,True
nuscenes_mini,c143943fd6e246448eab88ce1a0aeda9,pedestrian,1.0,10.08,A,0.65,0.1125,52,9,80,True
nuscenes_mini,c143943fd6e246448eab88ce1a0aeda9,pedestrian,1.0,10.34,A,0.6049,0.1111,49,9,81,True
nuscenes_mini,c143943fd6e246448eab88ce1a0aeda9,car,0.7460317611694336,41.06,C,0.0192,0.0,21,0,1092,False
nuscenes_mini,c143943fd6e246448eab88ce1a0aeda9,truck,0.976608157157898,10.97,A,0.1367,0.013,4038,385,29536,True
nuscenes_mini,c143943fd6e246448eab88ce1a0aeda9,truck,0.8947368264198303,6.68,A,0.2931,0.0313,1227,131,4186,True
nuscenes_mini,c143943fd6e246448eab88ce1a0aeda9,car,0.96875,3.56,A,0.3828,0.0668,493,86,1288,True
nuscenes_mini,47188ae2bc8c4faf83c909b135701176,pedestrian,1.0,8.25,A,0.6111,0.2083,44,15,72,True
nuscenes_mini,47188ae2bc8c4faf83c909b135701176,pedestrian,1.0,9.75,A,0.6768,0.1212,67,12,99,True
nuscenes_mini,47188ae2bc8c4faf83c909b135701176,pedestrian,1.0,10.49,A,0.5875,0.15,47,12,80,True
nuscenes_mini,47188ae2bc8c4faf83c909b135701176,pedestrian,1.0,9.98,A,0.3958,0.0104,38,1,96,True
nuscenes_mini,47188ae2bc8c4faf83c909b135701176,car,0.8827838897705078,39.55,C,0.0,0.0,0,0,1152,False
nuscenes_mini,47188ae2bc8c4faf83c909b135701176,car,0.8827838897705078,41.37,C,0.0,0.0,0,0,861,False
nuscenes_mini,47188ae2bc8c4faf83c909b135701176,pedestrian,1.0,22.76,B,0.025,0.1,1,4,40,False
nuscenes_mini,47188ae2bc8c4faf83c909b135701176,car,0.8865247964859009,46.94,C,0.1679,0.0,134,0,798,True
nuscenes_mini,47188ae2bc8c4faf83c909b135701176,pedestrian,1.0,11.48,A,0.1964,0.0357,11,2,56,True
nuscenes_mini,47188ae2bc8c4faf83c909b135701176,pedestrian,1.0,10.16,A,0.6875,0.1042,66,10,96,True
nuscenes_mini,47188ae2bc8c4faf83c909b135701176,pedestrian,1.0,10.57,A,0.3194,0.0556,23,4,72,True
nuscenes_mini,47188ae2bc8c4faf83c909b135701176,car,0.8750000596046448,43.02,C,0.0085,0.0016,21,4,2466,False
nuscenes_mini,47188ae2bc8c4faf83c909b135701176,car,0.8709677457809448,40.98,C,0.0024,0.0012,2,1,826,False
nuscenes_mini,47188ae2bc8c4faf83c909b135701176,car,0.7264957427978516,40.27,C,0.0208,0.0,23,0,1106,False
nuscenes_mini,47188ae2bc8c4faf83c909b135701176,truck,0.9726027250289917,11.19,A,0.1291,0.0128,3702,366,28675,True
nuscenes_mini,47188ae2bc8c4faf83c909b135701176,truck,0.8827838897705078,6.63,A,0.3052,0.0372,1034,126,3388,True
nuscenes_mini,47188ae2bc8c4faf83c909b135701176,car,0.9609756469726562,3.53,A,0.3768,0.0739,459,90,1218,True
nuscenes_mini,a5f101af325144bd8b8f67694766e255,pedestrian,1.0,8.44,A,0.7692,0.1346,80,14,104,True
nuscenes_mini,a5f101af325144bd8b8f67694766e255,pedestrian,1.0,9.92,A,0.7619,0.0873,96,11,126,True
nuscenes_mini,a5f101af325144bd8b8f67694766e255,pedestrian,1.0,10.73,A,0.5781,0.1094,37,7,64,True
nuscenes_mini,a5f101af325144bd8b8f67694766e255,pedestrian,1.0,10.11,A,0.75,0.0278,54,2,72,True
nuscenes_mini,a5f101af325144bd8b8f67694766e255,car,0.8904109597206116,44.19,C,0.0,0.0,0,0,1224,False
nuscenes_mini,a5f101af325144bd8b8f67694766e255,car,0.8865247964859009,42.23,C,0.0028,0.0,4,0,1432,False
nuscenes_mini,a5f101af325144bd8b8f67694766e255,pedestrian,1.0,58.37,C,0.0,0.0,0,0,28,False
nuscenes_mini,a5f101af325144bd8b8f67694766e255,pedestrian,1.0,22.79,B,0.0,0.0625,0,2,32,False
nuscenes_mini,a5f101af325144bd8b8f67694766e255,car,0.8750000596046448,47.84,C,0.1714,0.0,144,0,840,True
nuscenes_mini,a5f101af325144bd8b8f67694766e255,pedestrian,1.0,10.88,A,0.3333,0.0972,24,7,72,True
nuscenes_mini,a5f101af325144bd8b8f67694766e255,pedestrian,1.0,10.26,A,0.6364,0.0909,56,8,88,True
nuscenes_mini,a5f101af325144bd8b8f67694766e255,pedestrian,1.0,9.94,A,0.735,0.1026,86,12,117,True
nuscenes_mini,a5f101af325144bd8b8f67694766e255,pedestrian,1.0,11.99,A,0.0794,0.0317,5,2,63,False
nuscenes_mini,a5f101af325144bd8b8f67694766e255,car,0.8358974456787109,39.19,C,0.0072,0.0,7,0,972,False
nuscenes_mini,a5f101af325144bd8b8f67694766e255,car,0.9179486632347107,37.21,C,0.0,0.0,0,0,876,False
nuscenes_mini,a5f101af325144bd8b8f67694766e255,truck,0.9726027250289917,11.14,A,0.1305,0.0125,3705,355,28400,True
nuscenes_mini,a5f101af325144bd8b8f67694766e255,truck,0.859649121761322,6.61,A,0.3055,0.0396,1035,134,3388,True
nuscenes_mini,a5f101af325144bd8b8f67694766e255,car,0.96875,3.55,A,0.4511,0.0649,646,93,1432,True
nuscenes_mini,6f114ec641f8426399b69e844c0dfd62,pedestrian,1.0,8.61,A,0.8034,0.1538,94,18,117,True
nuscenes_mini,6f114ec641f8426399b69e844c0dfd62,pedestrian,1.0,8.83,A,0.7852,0.1185,106,16,135,True
nuscenes_mini,6f114ec641f8426399b69e844c0dfd62,pedestrian,1.0,10.95,A,0.4821,0.1429,27,8,56,True
nuscenes_mini,6f114ec641f8426399b69e844c0dfd62,car,0.8904109597206116,44.33,C,0.0,0.0,0,0,1092,False
nuscenes_mini,6f114ec641f8426399b69e844c0dfd62,car,0.8865247964859009,41.84,C,0.0,0.0,0,0,1264,False
nuscenes_mini,6f114ec641f8426399b69e844c0dfd62,pedestrian,1.0,19.0,B,0.25,0.0833,6,2,24,True
nuscenes_mini,6f114ec641f8426399b69e844c0dfd62,car,0.8827838897705078,48.28,C,0.1549,0.0,145,0,936,True
nuscenes_mini,6f114ec641f8426399b69e844c0dfd62,pedestrian,1.0,11.09,A,0.5,0.2037,27,11,54,True
nuscenes_mini,6f114ec641f8426399b69e844c0dfd62,pedestrian,1.0,9.54,A,0.7778,0.0694,56,5,72,True
nuscenes_mini,6f114ec641f8426399b69e844c0dfd62,pedestrian,1.0,8.74,A,0.7937,0.127,50,8,63,True
nuscenes_mini,6f114ec641f8426399b69e844c0dfd62,pedestrian,1.0,10.17,A,0.7188,0.125,69,12,96,True
nuscenes_mini,6f114ec641f8426399b69e844c0dfd62,pedestrian,1.0,5.11,A,0.8125,0.05,65,4,80,True
nuscenes_mini,6f114ec641f8426399b69e844c0dfd62,pedestrian,1.0,10.29,A,0.7841,0.0795,69,7,88,True
nuscenes_mini,6f114ec641f8426399b69e844c0dfd62,pedestrian,1.0,47.25,C,0.0139,0.0278,1,2,72,False
nuscenes_mini,6f114ec641f8426399b69e844c0dfd62,truck,0.9726027250289917,11.2,A,0.135,0.0136,3911,395,28975,True
nuscenes_mini,6f114ec641f8426399b69e844c0dfd62,truck,0.8241757750511169,6.6,A,0.2981,0.036,1010,122,3388,True
nuscenes_mini,6f114ec641f8426399b69e844c0dfd62,car,0.9609756469726562,3.55,A,0.4483,0.0663,642,95,1432,True
nuscenes_mini,ed5b84e7ea6f434e99d7816b37d15f2f,pedestrian,1.0,11.19,A,0.6562,0.0781,42,5,64,True
nuscenes_mini,ed5b84e7ea6f434e99d7816b37d15f2f,pedestrian,1.0,8.77,A,0.8333,0.1111,45,6,54,True
nuscenes_mini,ed5b84e7ea6f434e99d7816b37d15f2f,car,0.8904109597206116,42.63,C,0.0,0.0,0,0,1001,False
nuscenes_mini,ed5b84e7ea6f434e99d7816b37d15f2f,car,0.8865247964859009,40.18,C,0.0,0.0,0,0,1136,False
nuscenes_mini,ed5b84e7ea6f434e99d7816b37d15f2f,pedestrian,1.0,18.73,B,0.3333,0.0,8,0,24,True
nuscenes_mini,ed5b84e7ea6f434e99d7816b37d15f2f,pedestrian,1.0,22.57,B,0.1,0.125,4,5,40,False
nuscenes_mini,ed5b84e7ea6f434e99d7816b37d15f2f,pedestrian,1.0,22.85,B,0.0714,0.1429,2,4,28,False
nuscenes_mini,ed5b84e7ea6f434e99d7816b37d15f2f,car,0.8750000596046448,48.42,C,0.1492,0.0,128,0,858,True
nuscenes_mini,ed5b84e7ea6f434e99d7816b37d15f2f,pedestrian,1.0,11.57,A,0.4074,0.2407,22,13,54,True
nuscenes_mini,ed5b84e7ea6f434e99d7816b37d15f2f,pedestrian,1.0,8.97,A,0.7063,0.1429,89,18,126,True
nuscenes_mini,ed5b84e7ea6f434e99d7816b37d15f2f,pedestrian,1.0,10.47,A,0.7411,0.0714,83,8,112,True
nuscenes_mini,ed5b84e7ea6f434e99d7816b37d15f2f,pedestrian,1.0,8.94,A,0.6923,0.1538,81,18,117,True
nuscenes_mini,ed5b84e7ea6f434e99d7816b37d15f2f,pedestrian,1.0,12.72,A,0.5,0.0521,48,5,96,True
nuscenes_mini,ed5b84e7ea6f434e99d7816b37d15f2f,pedestrian,1.0,10.39,A,0.7125,0.125,57,10,80,True
nuscenes_mini,ed5b84e7ea6f434e99d7816b37d15f2f,truck,0.976608157157898,11.4,A,0.1347,0.012,4197,375,31150,True
nuscenes_mini,ed5b84e7ea6f434e99d7816b37d15f2f,truck,0.8947368264198303,6.62,A,0.3037,0.0372,1029,126,3388,True
nuscenes_mini,ed5b84e7ea6f434e99d7816b37d15f2f,car,0.9609756469726562,3.53,A,0.4529,0.0629,634,88,1400,True
nuscenes_mini,739b12938d0e410d9b8fc832dfad5510,pedestrian,1.0,11.49,A,0.4844,0.1094,31,7,64,True
nuscenes_mini,739b12938d0e410d9b8fc832dfad5510,car,0.8904109597206116,46.05,C,0.0,0.0,0,0,1584,False
nuscenes_mini,739b12938d0e410d9b8fc832dfad5510,car,0.8987342119216919,48.57,C,0.0,0.0,0,0,1211,False
nuscenes_mini,739b12938d0e410d9b8fc832dfad5510,pedestrian,1.0,22.61,B,0.0408,0.0612,2,3,49,False
nuscenes_mini,739b12938d0e410d9b8fc832dfad5510,pedestrian,1.0,51.14,C,0.0,0.0,0,0,32,False
nuscenes_mini,739b12938d0e410d9b8fc832dfad5510,pedestrian,1.0,22.9,B,0.0312,0.125,1,4,32,False
nuscenes_mini,739b12938d0e410d9b8fc832dfad5510,pedestrian,1.0,22.79,B,0.0312,0.0938,1,3,32,False
nuscenes_mini,739b12938d0e410d9b8fc832dfad5510,pedestrian,1.0,22.67,B,0.0312,0.0938,1,3,32,False
nuscenes_mini,739b12938d0e410d9b8fc832dfad5510,car,0.8787879347801208,49.03,C,0.1455,0.0,124,0,852,True
nuscenes_mini,739b12938d0e410d9b8fc832dfad5510,pedestrian,1.0,11.98,A,0.4107,0.1607,23,9,56,True
nuscenes_mini,739b12938d0e410d9b8fc832dfad5510,pedestrian,1.0,10.8,A,0.4722,0.1111,51,12,108,True
nuscenes_mini,739b12938d0e410d9b8fc832dfad5510,pedestrian,1.0,11.58,A,0.3333,0.1458,16,7,48,True
nuscenes_mini,739b12938d0e410d9b8fc832dfad5510,pedestrian,1.0,9.21,A,0.7308,0.1442,76,15,104,True
nuscenes_mini,739b12938d0e410d9b8fc832dfad5510,pedestrian,1.0,9.98,A,0.5833,0.0208,56,2,96,True
nuscenes_mini,739b12938d0e410d9b8fc832dfad5510,pedestrian,1.0,10.6,A,0.6923,0.1154,72,12,104,True
nuscenes_mini,739b12938d0e410d9b8fc832dfad5510,pedestrian,1.0,13.33,A,0.325,0.0625,26,5,80,True
nuscenes_mini,739b12938d0e410d9b8fc832dfad5510,truck,0.9726027250289917,11.3,A,0.1314,0.0136,3794,393,28875,True
nuscenes_mini,739b12938d0e410d9b8fc832dfad5510,truck,0.8518518805503845,6.68,A,0.302,0.0348,1103,127,3652,True
nuscenes_mini,739b12938d0e410d9b8fc832dfad5510,car,0.9649122953414917,3.52,A,0.4614,0.0621,646,87,1400,True
nuscenes_mini,dcbe451d383e450786aaad04ab9d3790,pedestrian,1.0,11.68,A,0.6875,0.0208,66,2,96,True
nuscenes_mini,dcbe451d383e450786aaad04ab9d3790,car,0.8947368264198303,47.21,C,0.0,0.0,0,0,1416,False
nuscenes_mini,dcbe451d383e450786aaad04ab9d3790,car,0.8947368264198303,44.69,C,0.0096,0.0,18,0,1872,False
nuscenes_mini,dcbe451d383e450786aaad04ab9d3790,pedestrian,1.0,22.76,B,0.0,0.0417,0,2,48,False
nuscenes_mini,dcbe451d383e450786aaad04ab9d3790,pedestrian,1.0,13.06,A,0.5238,0.0476,11,1,21,True
nuscenes_mini,dcbe451d383e450786aaad04ab9d3790,pedestrian,1.0,22.6,B,0.125,0.0625,4,2,32,True
nuscenes_mini,dcbe451d383e450786aaad04ab9d3790,pedestrian,1.0,22.86,B,0.0,0.0312,0,1,32,False
nuscenes_mini,dcbe451d383e450786aaad04ab9d3790,pedestrian,1.0,22.74,B,0.0,0.0357,0,1,28,False
nuscenes_mini,dcbe451d383e450786aaad04ab9d3790,car,0.8750000596046448,48.08,C,0.1486,0.0,132,0,888,True
nuscenes_mini,dcbe451d383e450786aaad04ab9d3790,pedestrian,1.0,12.42,A,0.4167,0.125,30,9,72,True
nuscenes_mini,dcbe451d383e450786aaad04ab9d3790,pedestrian,1.0,11.78,A,0.625,0.0312,40,2,64,True
nuscenes_mini,dcbe451d383e450786aaad04ab9d3790,pedestrian,1.0,10.92,A,0.5,0.1333,45,12,90,True
nuscenes_mini,dcbe451d383e450786aaad04ab9d3790,pedestrian,1.0,9.38,A,0.7396,0.1354,71,13,96,True
nuscenes_mini,dcbe451d383e450786aaad04ab9d3790,pedestrian,1.0,9.34,A,0.7857,0.1161,88,13,112,True
nuscenes_mini,dcbe451d383e450786aaad04ab9d3790,pedestrian,1.0,46.08,C,0.0,0.0,0,0,45,False
nuscenes_mini,dcbe451d383e450786aaad04ab9d3790,pedestrian,1.0,10.59,A,0.675,0.125,54,10,80,True
nuscenes_mini,dcbe451d383e450786aaad04ab9d3790,pedestrian,1.0,13.9,A,0.4327,0.0481,45,5,104,True
nuscenes_mini,dcbe451d383e450786aaad04ab9d3790,truck,0.9726027250289917,11.07,A,0.1399,0.0138,3932,387,28100,True
nuscenes_mini,dcbe451d383e450786aaad04ab9d3790,truck,0.8632478713989258,6.66,A,0.2993,0.0375,1014,127,3388,True
nuscenes_mini,dcbe451d383e450786aaad04ab9d3790,car,0.9569892287254333,3.53,A,0.3768,0.0698,459,85,1218,True
nuscenes_mini,5991fad3280c4f84b331536c32001a04,car,0.8518518805503845,49.98,C,0.034,0.0,25,0,736,False
nuscenes_mini,5991fad3280c4f84b331536c32001a04,car,0.8632478713989258,45.29,C,0.1031,0.0031,132,4,1280,True
nuscenes_mini,5991fad3280c4f84b331536c32001a04,car,0.859649121761322,17.77,B,0.0419,0.0074,91,16,2170,False
nuscenes_mini,5991fad3280c4f84b331536c32001a04,car,0.8709677457809448,15.57,B,0.0987,0.0214,120,26,1216,False
nuscenes_mini,5991fad3280c4f84b331536c32001a04,car,0.9336099624633789,15.49,B,0.1356,0.0085,255,16,1881,True
nuscenes_mini,5991fad3280c4f84b331536c32001a04,car,0.8552036285400391,39.09,C,0.015,0.0,18,0,1197,False
nuscenes_mini,5991fad3280c4f84b331536c32001a04,car,0.8160918951034546,25.45,B,0.0176,0.0025,35,5,1990,False
nuscenes_mini,5991fad3280c4f84b331536c32001a04,car,0.8987342119216919,34.21,C,0.0965,0.0027,211,6,2187,False
nuscenes_mini,5991fad3280c4f84b331536c32001a04,car,0.8202247023582458,31.85,C,0.0325,0.0,38,0,1169,False
nuscenes_mini,5991fad3280c4f84b331536c32001a04,car,0.8709677457809448,22.85,B,0.0674,0.0035,76,4,1127,False
nuscenes_mini,5991fad3280c4f84b331536c32001a04,truck,0.8865247964859009,24.88,B,0.1722,0.0068,981,39,5698,True
nuscenes_mini,5991fad3280c4f84b331536c32001a04,car,0.9452055096626282,14.6,A,0.2415,0.0166,639,44,2646,True
nuscenes_mini,5991fad3280c4f84b331536c32001a04,car,0.9452055096626282,10.84,A,0.2337,0.0456,507,99,2169,True
nuscenes_mini,5991fad3280c4f84b331536c32001a04,car,0.9452055096626282,8.68,A,0.2718,0.0328,879,106,3234,True
nuscenes_mini,5991fad3280c4f84b331536c32001a04,car,0.8947368264198303,15.14,B,0.1733,0.0096,487,27,2810,True
nuscenes_mini,5991fad3280c4f84b331536c32001a04,car,0.9375000596046448,13.02,A,0.166,0.0207,312,39,1880,True
nuscenes_mini,5991fad3280c4f84b331536c32001a04,car,0.9452055096626282,9.84,A,0.2602,0.0455,555,97,2133,True
nuscenes_mini,5991fad3280c4f84b331536c32001a04,pedestrian,1.0,48.98,C,0.0417,0.0,1,0,24,False
nuscenes_mini,5991fad3280c4f84b331536c32001a04,car,0.8787879347801208,35.86,C,0.0105,0.0017,31,5,2950,False
nuscenes_mini,5991fad3280c4f84b331536c32001a04,car,0.719298243522644,25.16,B,0.075,0.0147,87,17,1160,False
nuscenes_mini,5991fad3280c4f84b331536c32001a04,car,0.5586206912994385,19.96,B,0.1487,0.0025,179,3,1204,True
nuscenes_mini,5991fad3280c4f84b331536c32001a04,car,0.9101123809814453,30.66,C,0.0064,0.0023,14,5,2200,False
nuscenes_mini,5991fad3280c4f84b331536c32001a04,car,0.8083832263946533,17.77,B,0.1168,0.0082,271,19,2320,True
nuscenes_mini,5991fad3280c4f84b331536c32001a04,truck,0.7344398498535156,47.61,C,0.0138,0.0,26,0,1880,False
nuscenes_mini,5991fad3280c4f84b331536c32001a04,car,0.597484290599823,25.3,B,0.0318,0.0111,63,22,1980,False
nuscenes_mini,5991fad3280c4f84b331536c32001a04,truck,0.8672199249267578,9.18,A,0.3245,0.0394,914,111,2817,True
nuscenes_mini,5991fad3280c4f84b331536c32001a04,truck,0.5241636037826538,8.04,A,0.3144,0.0323,915,94,2910,True
nuscenes_mini,5991fad3280c4f84b331536c32001a04,truck,0.8672199249267578,6.94,A,0.3135,0.0456,474,69,1512,True
nuscenes_mini,2578329fc3ae484bb23ef766808f4be5,car,0.8552036285400391,42.0,C,0.0196,0.0008,73,3,3730,False
nuscenes_mini,2578329fc3ae484bb23ef766808f4be5,car,0.9024390578269958,18.45,B,0.0952,0.0062,108,7,1134,False
nuscenes_mini,2578329fc3ae484bb23ef766808f4be5,car,0.8241757750511169,13.91,A,0.1412,0.0324,122,28,864,True
nuscenes_mini,2578329fc3ae484bb23ef766808f4be5,car,0.8865247964859009,16.44,B,0.0434,0.0166,34,13,784,False
nuscenes_mini,2578329fc3ae484bb23ef766808f4be5,car,0.8750000596046448,35.76,C,0.0306,0.0013,46,2,1505,False
nuscenes_mini,2578329fc3ae484bb23ef766808f4be5,car,0.8632478713989258,45.27,C,0.0024,0.0,3,0,1256,False
nuscenes_mini,2578329fc3ae484bb23ef766808f4be5,car,0.8827838897705078,39.71,C,0.0,0.0,0,0,1640,False
nuscenes_mini,2578329fc3ae484bb23ef766808f4be5,car,0.8518518805503845,21.55,B,0.1336,0.01,255,19,1908,True
nuscenes_mini,2578329fc3ae484bb23ef766808f4be5,car,0.8787879347801208,30.45,C,0.0301,0.0055,44,8,1464,False
nuscenes_mini,2578329fc3ae484bb23ef766808f4be5,car,0.6444444060325623,40.49,C,0.0,0.0,0,0,992,False
nuscenes_mini,2578329fc3ae484bb23ef766808f4be5,car,0.7852349281311035,49.92,C,0.0231,0.0,32,0,1386,False
nuscenes_mini,2578329fc3ae484bb23ef766808f4be5,truck,0.9101123809814453,20.82,B,0.2284,0.0075,1394,46,6104,True
nuscenes_mini,2578329fc3ae484bb23ef766808f4be5,car,0.9024390578269958,20.08,B,0.086,0.011,203,26,2360,False
nuscenes_mini,2578329fc3ae484bb23ef766808f4be5,car,0.949367105960846,11.29,A,0.2697,0.0537,733,146,2718,True
nuscenes_mini,2578329fc3ae484bb23ef766808f4be5,car,0.9532163739204407,8.23,A,0.2982,0.0458,671,103,2250,True
nuscenes_mini,2578329fc3ae484bb23ef766808f4be5,car,0.9375000596046448,11.92,A,0.1718,0.025,371,54,2160,True
nuscenes_mini,2578329fc3ae484bb23ef766808f4be5,car,0.8128654956817627,17.09,B,0.0468,0.0,50,0,1068,False
nuscenes_mini,2578329fc3ae484bb23ef766808f4be5,car,0.9336099624633789,13.66,A,0.2064,0.0154,483,36,2340,True
nuscenes_mini,2578329fc3ae484bb23ef766808f4be5,car,0.9452055096626282,9.82,A,0.2545,0.0414,504,82,1980,True
nuscenes_mini,2578329fc3ae484bb23ef766808f4be5,car,0.8324607610702515,43.55,C,0.0043,0.0006,14,2,3256,False
nuscenes_mini,2578329fc3ae484bb23ef766808f4be5,car,0.8048780560493469,21.91,B,0.0497,0.0041,156,13,3141,False
nuscenes_mini,2578329fc3ae484bb23ef766808f4be5,car,0.9064327478408813,31.29,C,0.0245,0.006,45,11,1840,False
nuscenes_mini,2578329fc3ae484bb23ef766808f4be5,car,0.8518518805503845,9.53,A,0.2124,0.0417,158,31,744,True
nuscenes_mini,2578329fc3ae484bb23ef766808f4be5,car,0.6332378387451172,29.09,B,0.0519,0.0029,54,3,1040,False
nuscenes_mini,2578329fc3ae484bb23ef766808f4be5,car,0.9101123809814453,16.4,B,0.1161,0.0162,143,20,1232,True
nuscenes_mini,2578329fc3ae484bb23ef766808f4be5,car,0.921951174736023,7.8,A,0.3586,0.0524,568,83,1584,True
nuscenes_mini,2578329fc3ae484bb23ef766808f4be5,car,0.921951174736023,8.2,A,0.2718,0.0406,636,95,2340,True
nuscenes_mini,2578329fc3ae484bb23ef766808f4be5,truck,0.8827838897705078,8.52,A,0.3429,0.048,1000,140,2916,True
nuscenes_mini,8057958576034e51bac9bdc5740128d5,pedestrian,1.0,48.1,C,0.0,0.0476,0,2,42,False
nuscenes_mini,8057958576034e51bac9bdc5740128d5,car,0.8672199249267578,18.05,B,0.062,0.0076,114,14,1840,False
nuscenes_mini,8057958576034e51bac9bdc5740128d5,car,0.921951174736023,36.18,C,0.0351,0.0017,169,8,4818,False
nuscenes_mini,8057958576034e51bac9bdc5740128d5,car,0.8827838897705078,36.52,C,0.0199,0.0019,31,3,1560,False
nuscenes_mini,8057958576034e51bac9bdc5740128d5,car,0.9064327478408813,31.8,C,0.0452,0.003,76,5,1680,False
nuscenes_mini,8057958576034e51bac9bdc5740128d5,car,0.8947368264198303,42.32,C,0.0016,0.0,2,0,1288,False
nuscenes_mini,8057958576034e51bac9bdc5740128d5,car,0.7730495929718018,33.73,C,0.0709,0.012,65,11,917,False
nuscenes_mini,8057958576034e51bac9bdc5740128d5,car,0.8202247023582458,49.57,C,0.0281,0.0013,63,3,2244,False
nuscenes_mini,8057958576034e51bac9bdc5740128d5,car,0.8987342119216919,27.26,B,0.1012,0.0079,205,16,2025,True
nuscenes_mini,8057958576034e51bac9bdc5740128d5,truck,0.9298245906829834,17.55,B,0.2487,0.017,1451,99,5835,True
nuscenes_mini,8057958576034e51bac9bdc5740128d5,car,0.9259259104728699,8.91,A,0.3695,0.0581,961,151,2601,True
nuscenes_mini,8057958576034e51bac9bdc5740128d5,truck,0.921951174736023,16.88,B,0.2504,0.0205,1367,112,5460,True
nuscenes_mini,8057958576034e51bac9bdc5740128d5,car,0.9336099624633789,10.77,A,0.1706,0.036,232,49,1360,True
nuscenes_mini,8057958576034e51bac9bdc5740128d5,car,0.9452055096626282,7.84,A,0.2564,0.0467,450,82,1755,True
nuscenes_mini,8057958576034e51bac9bdc5740128d5,car,0.9375000596046448,15.13,B,0.1214,0.0129,170,18,1400,True
nuscenes_mini,8057958576034e51bac9bdc5740128d5,car,0.9452055096626282,13.3,A,0.1685,0.0205,279,34,1656,True
nuscenes_mini,8057958576034e51bac9bdc5740128d5,car,0.9649122953414917,9.31,A,0.2062,0.057,391,108,1896,True
nuscenes_mini,8057958576034e51bac9bdc5740128d5,car,0.7344398498535156,47.54,C,0.0051,0.0003,15,1,2950,False
nuscenes_mini,8057958576034e51bac9bdc5740128d5,car,0.6908212304115295,33.33,C,0.0469,0.0021,66,3,1408,False
nuscenes_mini,8057958576034e51bac9bdc5740128d5,car,0.7229437232017517,20.17,B,0.0424,0.0069,43,7,1015,False
nuscenes_mini,8057958576034e51bac9bdc5740128d5,car,0.8947368264198303,31.22,C,0.0201,0.0049,29,7,1440,False
nuscenes_mini,8057958576034e51bac9bdc5740128d5,car,0.7730495929718018,25.5,B,0.0282,0.0019,76,5,2691,False
nuscenes_mini,8057958576034e51bac9bdc5740128d5,truck,0.8787879347801208,15.26,B,0.106,0.0128,249,30,2349,True
nuscenes_mini,8057958576034e51bac9bdc5740128d5,truck,0.8552036285400391,10.45,A,0.2766,0.0543,458,90,1656,True
nuscenes_mini,8057958576034e51bac9bdc5740128d5,car,0.9259259104728699,8.82,A,0.1098,0.0549,168,84,1530,True
nuscenes_mini,8057958576034e51bac9bdc5740128d5,car,0.9532163739204407,7.11,A,0.3853,0.0478,742,92,1926,True
nuscenes_mini,8057958576034e51bac9bdc5740128d5,car,0.941605806350708,9.58,A,0.2194,0.0206,555,52,2530,True
nuscenes_mini,8057958576034e51bac9bdc5740128d5,car,0.8987342119216919,19.16,B,0.1175,0.0135,157,18,1336,True
nuscenes_mini,8057958576034e51bac9bdc5740128d5,car,0.9452055096626282,8.67,A,0.1812,0.0468,329,85,1816,True
nuscenes_mini,23799328f65843fc9e0c71f2bfbe90ef,pedestrian,1.0,44.41,C,0.0238,0.0476,1,2,42,False
nuscenes_mini,23799328f65843fc9e0c71f2bfbe90ef,car,0.8160918951034546,32.09,C,0.0109,0.0012,27,3,2475,False
nuscenes_mini,23799328f65843fc9e0c71f2bfbe90ef,car,0.8632478713989258,24.75,B,0.0531,0.0071,90,12,1696,False
nuscenes_mini,23799328f65843fc9e0c71f2bfbe90ef,car,0.9259259104728699,21.48,B,0.1721,0.0097,212,12,1232,True
nuscenes_mini,23799328f65843fc9e0c71f2bfbe90ef,car,0.8787879347801208,14.82,A,0.0567,0.009,139,22,2453,False
nuscenes_mini,23799328f65843fc9e0c71f2bfbe90ef,car,0.8904109597206116,37.81,C,0.1035,0.0,135,0,1304,True
nuscenes_mini,23799328f65843fc9e0c71f2bfbe90ef,car,0.9101123809814453,28.35,B,0.0357,0.0039,64,7,1792,False
nuscenes_mini,23799328f65843fc9e0c71f2bfbe90ef,car,0.8987342119216919,34.15,C,0.1296,0.0031,169,4,1304,True
nuscenes_mini,23799328f65843fc9e0c71f2bfbe90ef,car,0.8241757750511169,46.21,C,0.0701,0.0032,216,10,3080,False
nuscenes_mini,23799328f65843fc9e0c71f2bfbe90ef,car,0.7104072570800781,37.71,C,0.0,0.0,0,0,1632,False
nuscenes_mini,23799328f65843fc9e0c71f2bfbe90ef,trailer,0.5586206912994385,15.23,B,0.2779,0.0225,778,63,2800,True
nuscenes_mini,23799328f65843fc9e0c71f2bfbe90ef,car,0.9259259104728699,7.99,A,0.2406,0.0732,651,198,2706,True
nuscenes_mini,23799328f65843fc9e0c71f2bfbe90ef,truck,0.9064327478408813,13.99,A,0.3267,0.0214,1771,116,5421,True
nuscenes_mini,23799328f65843fc9e0c71f2bfbe90ef,car,0.9569892287254333,8.95,A,0.2046,0.0529,429,111,2097,True
nuscenes_mini,23799328f65843fc9e0c71f2bfbe90ef,car,0.9532163739204407,12.13,A,0.2105,0.0207,468,46,2223,True
nuscenes_mini,23799328f65843fc9e0c71f2bfbe90ef,car,0.9298245906829834,14.58,A,0.2282,0.0112,671,33,2940,True
nuscenes_mini,23799328f65843fc9e0c71f2bfbe90ef,car,0.9569892287254333,10.15,A,0.2274,0.0512,320,72,1407,True
nuscenes_mini,23799328f65843fc9e0c71f2bfbe90ef,car,0.8518518805503845,24.23,B,0.0156,0.001,15,1,959,False
nuscenes_mini,23799328f65843fc9e0c71f2bfbe90ef,car,0.9064327478408813,32.05,C,0.0,0.0031,0,7,2268,False
nuscenes_mini,23799328f65843fc9e0c71f2bfbe90ef,car,0.7344398498535156,28.93,B,0.0242,0.0005,47,1,1944,False
nuscenes_mini,23799328f65843fc9e0c71f2bfbe90ef,truck,0.7928802371025085,18.47,B,0.1242,0.008,295,19,2376,True
nuscenes_mini,23799328f65843fc9e0c71f2bfbe90ef,truck,0.8083832263946533,13.85,A,0.1899,0.0172,453,41,2385,True
nuscenes_mini,23799328f65843fc9e0c71f2bfbe90ef,pedestrian,1.0,7.6,A,0.0667,0.0333,2,1,30,False
nuscenes_mini,23799328f65843fc9e0c71f2bfbe90ef,car,0.9569892287254333,8.07,A,0.2936,0.06,798,163,2718,True
nuscenes_mini,23799328f65843fc9e0c71f2bfbe90ef,car,0.9569892287254333,8.18,A,0.1882,0.0401,437,93,2322,True
nuscenes_mini,23799328f65843fc9e0c71f2bfbe90ef,car,0.941605806350708,10.26,A,0.3089,0.0249,595,48,1926,True
nuscenes_mini,23799328f65843fc9e0c71f2bfbe90ef,car,0.9452055096626282,7.01,A,0.413,0.041,413,41,1000,True
nuscenes_mini,23799328f65843fc9e0c71f2bfbe90ef,car,0.719298243522644,39.57,C,0.1043,0.0051,102,5,978,True
nuscenes_mini,23799328f65843fc9e0c71f2bfbe90ef,car,0.9569892287254333,7.71,A,0.2407,0.0435,470,85,1953,True
nuscenes_mini,23799328f65843fc9e0c71f2bfbe90ef,car,0.8827838897705078,19.19,B,0.0598,0.012,90,18,1504,False
nuscenes_mini,6af01b48aec7475eac1f8e9add0276ff,pedestrian,1.0,27.22,B,0.1296,0.0185,7,1,54,True
nuscenes_mini,6af01b48aec7475eac1f8e9add0276ff,pedestrian,1.0,40.19,C,0.0,0.0312,0,1,32,False
nuscenes_mini,6af01b48aec7475eac1f8e9add0276ff,car,0.8128654956817627,28.26,B,0.0381,0.0016,95,4,2493,False
nuscenes_mini,6af01b48aec7475eac1f8e9add0276ff,car,0.9336099624633789,24.48,B,0.0794,0.0099,120,15,1512,False
nuscenes_mini,6af01b48aec7475eac1f8e9add0276ff,car,0.8672199249267578,42.05,C,0.035,0.0026,106,8,3025,False
nuscenes_mini,6af01b48aec7475eac1f8e9add0276ff,car,0.9452055096626282,17.85,B,0.1947,0.017,377,33,1936,True
nuscenes_mini,6af01b48aec7475eac1f8e9add0276ff,car,0.9179486632347107,29.19,B,0.1732,0.004,217,5,1253,True
nuscenes_mini,6af01b48aec7475eac1f8e9add0276ff,car,0.7887788414955139,43.71,C,0.057,0.0,83,0,1456,False
nuscenes_mini,6af01b48aec7475eac1f8e9add0276ff,car,0.9064327478408813,50.66,C,0.0288,0.0009,98,3,3408,False
nuscenes_mini,6af01b48aec7475eac1f8e9add0276ff,car,0.6800000071525574,35.07,C,0.0464,0.0,68,0,1464,False
nuscenes_mini,6af01b48aec7475eac1f8e9add0276ff,car,0.9179486632347107,17.62,B,0.1232,0.0217,182,32,1477,True
nuscenes_mini,6af01b48aec7475eac1f8e9add0276ff,truck,0.9298245906829834,10.75,A,0.4175,0.0478,2296,263,5499,True
nuscenes_mini,6af01b48aec7475eac1f8e9add0276ff,car,0.9532163739204407,7.98,A,0.2966,0.0427,458,66,1544,True
nuscenes_mini,6af01b48aec7475eac1f8e9add0276ff,car,0.9259259104728699,11.15,A,0.2141,0.0311,358,52,1672,True
nuscenes_mini,6af01b48aec7475eac1f8e9add0276ff,car,0.9179486632347107,22.03,B,0.1358,0.0075,364,20,2680,True
nuscenes_mini,6af01b48aec7475eac1f8e9add0276ff,car,0.8241757750511169,48.81,C,0.1131,0.0,190,0,1680,True
nuscenes_mini,6af01b48aec7475eac1f8e9add0276ff,car,0.949367105960846,9.07,A,0.2772,0.0577,423,88,1526,True
nuscenes_mini,6af01b48aec7475eac1f8e9add0276ff,car,0.5857605338096619,53.09,C,0.0714,0.0,8,0,112,False
nuscenes_mini,6af01b48aec7475eac1f8e9add0276ff,car,0.8552036285400391,13.29,A,0.1595,0.0091,351,20,2200,True
nuscenes_mini,6af01b48aec7475eac1f8e9add0276ff,car,0.8476190567016602,15.16,B,0.1464,0.0157,205,22,1400,True
nuscenes_mini,6af01b48aec7475eac1f8e9add0276ff,car,0.9024390578269958,31.93,C,0.0114,0.0023,30,6,2640,False
nuscenes_mini,6af01b48aec7475eac1f8e9add0276ff,car,0.6289855241775513,32.76,C,0.0367,0.002,54,3,1472,False
nuscenes_mini,6af01b48aec7475eac1f8e9add0276ff,car,0.8987342119216919,10.27,A,0.2309,0.0449,257,50,1113,True
nuscenes_mini,6af01b48aec7475eac1f8e9add0276ff,truck,0.7142857313156128,17.37,B,0.2056,0.0117,457,26,2223,True
nuscenes_mini,6af01b48aec7475eac1f8e9add0276ff,car,0.9452055096626282,8.69,A,0.3295,0.055,857,143,2601,True
nuscenes_mini,6af01b48aec7475eac1f8e9add0276ff,car,0.7968254089355469,25.18,B,0.0217,0.0036,24,4,1104,False
nuscenes_mini,6af01b48aec7475eac1f8e9add0276ff,car,0.9569892287254333,7.27,A,0.347,0.0437,508,64,1464,True
nuscenes_mini,6af01b48aec7475eac1f8e9add0276ff,car,0.9375000596046448,19.57,B,0.2252,0.0091,320,13,1421,True
nuscenes_mini,6af01b48aec7475eac1f8e9add0276ff,car,0.9259259104728699,9.04,A,0.2507,0.0461,381,70,1520,True
nuscenes_mini,6af01b48aec7475eac1f8e9add0276ff,car,0.949367105960846,8.32,A,0.1988,0.0436,424,93,2133,True
nuscenes_mini,df7066fa5f0d4b708982747cc3feed14,car,0.9179486632347107,26.25,B,0.1596,0.0051,249,8,1560,True
nuscenes_mini,df7066fa5f0d4b708982747cc3feed14,car,0.8439024686813354,24.28,B,0.0496,0.0023,106,5,2136,False
nuscenes_mini,df7066fa5f0d4b708982747cc3feed14,car,0.8709677457809448,38.74,C,0.0464,0.004,117,10,2520,False
nuscenes_mini,df7066fa5f0d4b708982747cc3feed14,car,0.941605806350708,15.66,B,0.0741,0.0226,82,25,1106,False
nuscenes_mini,df7066fa5f0d4b708982747cc3feed14,car,0.8241757750511169,38.12,C,0.1807,0.0,155,0,858,True
nuscenes_mini,df7066fa5f0d4b708982747cc3feed14,car,0.9336099624633789,21.45,B,0.1453,0.0126,242,21,1666,True
nuscenes_mini,df7066fa5f0d4b708982747cc3feed14,car,0.8202247023582458,51.5,C,0.0312,0.0,6,0,192,False
nuscenes_mini,df7066fa5f0d4b708982747cc3feed14,car,0.9101123809814453,46.93,C,0.0295,0.0007,171,4,5798,False
nuscenes_mini,df7066fa5f0d4b708982747cc3feed14,car,0.7229437232017517,38.08,C,0.0466,0.0003,144,1,3087,False
nuscenes_mini,df7066fa5f0d4b708982747cc3feed14,car,0.8048780560493469,47.07,C,0.1021,0.003,170,5,1665,True
nuscenes_mini,df7066fa5f0d4b708982747cc3feed14,car,0.675126850605011,34.82,C,0.0824,0.0,101,0,1225,False
nuscenes_mini,df7066fa5f0d4b708982747cc3feed14,car,0.941605806350708,14.85,A,0.2005,0.0265,401,53,2000,True
nuscenes_mini,df7066fa5f0d4b708982747cc3feed14,car,0.8750000596046448,20.69,B,0.1512,0.0142,181,17,1197,True
nuscenes_mini,df7066fa5f0d4b708982747cc3feed14,truck,0.9179486632347107,8.36,A,0.5761,0.0537,4044,377,7020,True
nuscenes_mini,df7066fa5f0d4b708982747cc3feed14,car,0.9024390578269958,28.16,B,0.1483,0.0008,191,1,1288,True
nuscenes_mini,df7066fa5f0d4b708982747cc3feed14,car,0.9336099624633789,20.48,B,0.1188,0.0088,229,17,1928,True
nuscenes_mini,df7066fa5f0d4b708982747cc3feed14,car,0.9336099624633789,7.14,A,0.2726,0.054,338,67,1240,True
nuscenes_mini,df7066fa5f0d4b708982747cc3feed14,car,0.8439024686813354,48.79,C,0.0786,0.0,109,0,1386,False
nuscenes_mini,df7066fa5f0d4b708982747cc3feed14,car,0.7229437232017517,23.86,B,0.015,0.0019,24,3,1600,False
nuscenes_mini,df7066fa5f0d4b708982747cc3feed14,car,0.859649121761322,43.59,C,0.0085,0.0,13,0,1533,False
nuscenes_mini,df7066fa5f0d4b708982747cc3feed14,car,0.8202247023582458,32.87,C,0.013,0.0029,27,6,2070,False
nuscenes_mini,df7066fa5f0d4b708982747cc3feed14,car,0.827957034111023,34.78,C,0.0331,0.0023,29,2,875,False
nuscenes_mini,df7066fa5f0d4b708982747cc3feed14,car,0.8439024686813354,37.83,C,0.0227,0.0028,41,5,1808,False
nuscenes_mini,df7066fa5f0d4b708982747cc3feed14,car,0.9298245906829834,9.07,A,0.1267,0.0367,228,66,1800,True
nuscenes_mini,df7066fa5f0d4b708982747cc3feed14,car,0.8439024686813354,11.04,A,0.1688,0.0286,195,33,1155,True
nuscenes_mini,df7066fa5f0d4b708982747cc3feed14,car,0.8400000333786011,13.02,A,0.1979,0.0255,241,31,1218,True
nuscenes_mini,df7066fa5f0d4b708982747cc3feed14,car,0.8947368264198303,31.74,C,0.0128,0.0021,24,4,1881,False
nuscenes_mini,df7066fa5f0d4b708982747cc3feed14,car,0.6717948913574219,16.12,B,0.1513,0.0054,226,8,1494,True
nuscenes_mini,df7066fa5f0d4b708982747cc3feed14,truck,0.7852349281311035,20.64,B,0.148,0.0103,301,21,2034,True
nuscenes_mini,df7066fa5f0d4b708982747cc3feed14,car,0.8439024686813354,8.94,A,0.1752,0.0371,453,96,2585,True
nuscenes_mini,df7066fa5f0d4b708982747cc3feed14,car,0.9179486632347107,10.52,A,0.2752,0.0423,748,115,2718,True
nuscenes_mini,df7066fa5f0d4b708982747cc3feed14,car,0.5936508178710938,26.75,B,0.0896,0.0008,109,1,1216,False
nuscenes_mini,df7066fa5f0d4b708982747cc3feed14,car,0.9298245906829834,24.94,B,0.0303,0.0073,54,13,1782,False
nuscenes_mini,df7066fa5f0d4b708982747cc3feed14,car,0.9649122953414917,7.33,A,0.3305,0.0422,431,55,1304,True
nuscenes_mini,df7066fa5f0d4b708982747cc3feed14,car,0.9569892287254333,9.78,A,0.1937,0.032,394,65,2034,True
nuscenes_mini,df7066fa5f0d4b708982747cc3feed14,car,0.9064327478408813,24.54,B,0.0284,0.0045,63,10,2220,False
nuscenes_mini,df7066fa5f0d4b708982747cc3feed14,car,0.9609756469726562,8.36,A,0.1933,0.0652,317,107,1640,True
nuscenes_mini,5f6cc6483988439a824cec99e28bb5b9,car,0.921951174736023,23.14,B,0.1731,0.0077,270,12,1560,True
nuscenes_mini,5f6cc6483988439a824cec99e28bb5b9,car,0.7142857313156128,32.32,C,0.0368,0.0,49,0,1330,False
nuscenes_mini,5f6cc6483988439a824cec99e28bb5b9,car,0.7770034670829773,21.39,B,0.087,0.0064,216,16,2484,False
nuscenes_mini,5f6cc6483988439a824cec99e28bb5b9,car,0.9375000596046448,18.16,B,0.2414,0.0095,506,20,2096,True
nuscenes_mini,5f6cc6483988439a824cec99e28bb5b9,car,0.8358974456787109,45.07,C,0.02,0.0,19,0,952,False
nuscenes_mini,5f6cc6483988439a824cec99e28bb5b9,car,0.8750000596046448,35.66,C,0.0897,0.0046,291,15,3245,False
nuscenes_mini,5f6cc6483988439a824cec99e28bb5b9,car,0.9064327478408813,28.02,B,0.1175,0.0018,201,3,1710,True
nuscenes_mini,5f6cc6483988439a824cec99e28bb5b9,car,0.7770034670829773,33.05,C,0.0007,0.0014,1,2,1464,False
nuscenes_mini,5f6cc6483988439a824cec99e28bb5b9,car,0.941605806350708,18.06,B,0.2516,0.0099,483,19,1920,True
nuscenes_mini,5f6cc6483988439a824cec99e28bb5b9,car,0.9569892287254333,12.17,A,0.3345,0.043,653,84,1952,True
nuscenes_mini,5f6cc6483988439a824cec99e28bb5b9,trailer,0.6995305418968201,8.02,A,0.367,0.0603,1503,247,4095,True
nuscenes_mini,5f6cc6483988439a824cec99e28bb5b9,car,0.9139785170555115,20.39,B,0.1238,0.0053,301,13,2431,True
nuscenes_mini,5f6cc6483988439a824cec99e28bb5b9,car,0.8518518805503845,32.52,C,0.0344,0.0015,47,2,1368,False
nuscenes_mini,5f6cc6483988439a824cec99e28bb5b9,car,0.9024390578269958,30.6,C,0.0751,0.0016,192,4,2556,False
nuscenes_mini,5f6cc6483988439a824cec99e28bb5b9,car,0.7419355511665344,27.17,B,0.0197,0.0,17,0,861,False
nuscenes_mini,5f6cc6483988439a824cec99e28bb5b9,car,0.8012422323226929,46.23,C,0.0574,0.0,93,0,1620,False
nuscenes_mini,5f6cc6483988439a824cec99e28bb5b9,car,0.8827838897705078,20.09,B,0.0079,0.0016,15,3,1900,False
nuscenes_mini,5f6cc6483988439a824cec99e28bb5b9,car,0.8709677457809448,34.24,C,0.09,0.0019,95,2,1056,False
nuscenes_mini,5f6cc6483988439a824cec99e28bb5b9,car,0.8904109597206116,42.08,C,0.0262,0.0,53,0,2024,False
nuscenes_mini,5f6cc6483988439a824cec99e28bb5b9,car,0.9298245906829834,22.12,B,0.0698,0.0067,157,15,2248,False
nuscenes_mini,5f6cc6483988439a824cec99e28bb5b9,car,0.9259259104728699,19.17,B,0.2304,0.0086,533,20,2313,True
nuscenes_mini,5f6cc6483988439a824cec99e28bb5b9,car,0.5704697966575623,30.21,C,0.0229,0.0035,46,7,2010,False
nuscenes_mini,5f6cc6483988439a824cec99e28bb5b9,car,0.7419355511665344,20.97,B,0.1545,0.0041,152,4,984,True
nuscenes_mini,5f6cc6483988439a824cec99e28bb5b9,car,0.9532163739204407,13.25,A,0.1388,0.0308,361,80,2601,True
nuscenes_mini,5f6cc6483988439a824cec99e28bb5b9,car,0.7697842121124268,18.66,B,0.1059,0.0064,83,5,784,True
nuscenes_mini,5f6cc6483988439a824cec99e28bb5b9,car,0.8672199249267578,13.72,A,0.1292,0.0175,214,29,1656,True
nuscenes_mini,5f6cc6483988439a824cec99e28bb5b9,car,0.7697842121124268,15.89,B,0.1369,0.0179,92,12,672,True
nuscenes_mini,5f6cc6483988439a824cec99e28bb5b9,car,0.8947368264198303,31.34,C,0.0199,0.0011,37,2,1863,False
nuscenes_mini,5f6cc6483988439a824cec99e28bb5b9,truck,0.7344398498535156,23.71,B,0.0701,0.0097,130,18,1854,False
nuscenes_mini,5f6cc6483988439a824cec99e28bb5b9,truck,0.9298245906829834,7.66,A,0.4106,0.0746,1227,223,2988,True
nuscenes_mini,5f6cc6483988439a824cec99e28bb5b9,car,0.96875,8.34,A,0.3054,0.0773,387,98,1267,True
nuscenes_mini,5f6cc6483988439a824cec99e28bb5b9,car,0.9064327478408813,20.1,B,0.1637,0.006,220,8,1344,True
nuscenes_mini,5f6cc6483988439a824cec99e28bb5b9,car,0.9532163739204407,9.92,A,0.2206,0.0422,397,76,1800,True
nuscenes_mini,5f6cc6483988439a824cec99e28bb5b9,car,0.9569892287254333,7.33,A,0.2995,0.0458,504,77,1683,True
nuscenes_mini,5f6cc6483988439a824cec99e28bb5b9,car,0.96875,7.42,A,0.2225,0.0402,310,56,1393,True
nuscenes_mini,c9304cf98aad4ff0bb5b0cff0aab65d2,pedestrian,1.0,37.1,C,0.0,0.0,0,0,63,False
nuscenes_mini,c9304cf98aad4ff0bb5b0cff0aab65d2,car,0.8518518805503845,31.08,C,0.0288,0.0052,44,8,1526,False
nuscenes_mini,c9304cf98aad4ff0bb5b0cff0aab65d2,car,0.8709677457809448,31.28,C,0.0926,0.0075,271,22,2926,False
nuscenes_mini,c9304cf98aad4ff0bb5b0cff0aab65d2,car,0.859649121761322,40.62,C,0.028,0.0,20,0,714,False
nuscenes_mini,c9304cf98aad4ff0bb5b0cff0aab65d2,car,0.9298245906829834,15.44,B,0.132,0.0266,169,34,1280,True
nuscenes_mini,c9304cf98aad4ff0bb5b0cff0aab65d2,car,0.8827838897705078,17.95,B,0.1104,0.0097,308,27,2790,True
nuscenes_mini,c9304cf98aad4ff0bb5b0cff0aab65d2,car,0.9375000596046448,19.41,B,0.1594,0.0187,307,36,1926,True
nuscenes_mini,c9304cf98aad4ff0bb5b0cff0aab65d2,car,0.9179486632347107,24.57,B,0.044,0.0041,75,7,1704,False
nuscenes_mini,c9304cf98aad4ff0bb5b0cff0aab65d2,car,0.8865247964859009,43.07,C,0.0,0.0,0,0,1029,False
nuscenes_mini,c9304cf98aad4ff0bb5b0cff0aab65d2,car,0.9569892287254333,14.43,A,0.2462,0.0325,424,56,1722,True
nuscenes_mini,c9304cf98aad4ff0bb5b0cff0aab65d2,car,0.9649122953414917,9.45,A,0.4099,0.069,867,146,2115,True
nuscenes_mini,c9304cf98aad4ff0bb5b0cff0aab65d2,car,0.9375000596046448,18.88,B,0.0991,0.0237,138,33,1392,False
nuscenes_mini,c9304cf98aad4ff0bb5b0cff0aab65d2,car,0.9024390578269958,20.61,B,0.131,0.0121,304,28,2320,True
nuscenes_mini,c9304cf98aad4ff0bb5b0cff0aab65d2,car,0.9064327478408813,24.21,B,0.0454,0.0047,86,9,1896,False
nuscenes_mini,c9304cf98aad4ff0bb5b0cff0aab65d2,car,0.8947368264198303,29.16,B,0.0982,0.0053,167,9,1701,False
nuscenes_mini,c9304cf98aad4ff0bb5b0cff0aab65d2,car,0.8827838897705078,17.29,B,0.0845,0.0097,130,15,1539,False
nuscenes_mini,c9304cf98aad4ff0bb5b0cff0aab65d2,car,0.859649121761322,38.96,C,0.0403,0.0042,48,5,1190,False
nuscenes_mini,c9304cf98aad4ff0bb5b0cff0aab65d2,car,0.8987342119216919,38.9,C,0.0369,0.0051,109,15,2952,False
nuscenes_mini,c9304cf98aad4ff0bb5b0cff0aab65d2,car,0.9336099624633789,18.39,B,0.1518,0.0187,300,37,1976,True
nuscenes_mini,c9304cf98aad4ff0bb5b0cff0aab65d2,car,0.9139785170555115,27.37,B,0.0759,0.0026,173,6,2280,False
nuscenes_mini,c9304cf98aad4ff0bb5b0cff0aab65d2,car,0.8750000596046448,22.33,B,0.0253,0.0007,34,1,1344,False
nuscenes_mini,c9304cf98aad4ff0bb5b0cff0aab65d2,car,0.7968254089355469,17.7,B,0.0924,0.0085,206,19,2230,False
nuscenes_mini,c9304cf98aad4ff0bb5b0cff0aab65d2,car,0.7697842121124268,19.8,B,0.097,0.0061,144,9,1485,False
nuscenes_mini,c9304cf98aad4ff0bb5b0cff0aab65d2,car,0.9532163739204407,16.86,B,0.1921,0.0144,562,42,2925,True
nuscenes_mini,c9304cf98aad4ff0bb5b0cff0aab65d2,car,0.9259259104728699,13.03,A,0.1683,0.0205,362,44,2151,True
nuscenes_mini,c9304cf98aad4ff0bb5b0cff0aab65d2,car,0.8987342119216919,34.23,C,0.0021,0.0025,5,6,2367,False
nuscenes_mini,c9304cf98aad4ff0bb5b0cff0aab65d2,car,0.8400000333786011,15.49,B,0.0887,0.0116,122,16,1376,False
nuscenes_mini,c9304cf98aad4ff0bb5b0cff0aab65d2,truck,0.5857605338096619,27.75,B,0.0743,0.0042,197,11,2650,False
nuscenes_mini,c9304cf98aad4ff0bb5b0cff0aab65d2,trailer,0.5747508406639099,7.82,A,0.5899,0.044,3474,259,5889,True
nuscenes_mini,c9304cf98aad4ff0bb5b0cff0aab65d2,car,0.9259259104728699,26.01,B,0.0202,0.0031,46,7,2277,False
nuscenes_mini,c9304cf98aad4ff0bb5b0cff0aab65d2,car,0.6717948913574219,25.47,B,0.0306,0.0093,33,10,1080,False
nuscenes_mini,c9304cf98aad4ff0bb5b0cff0aab65d2,car,0.9452055096626282,8.87,A,0.2714,0.0333,432,53,1592,True
nuscenes_mini,c9304cf98aad4ff0bb5b0cff0aab65d2,car,0.921951174736023,19.56,B,0.1811,0.0079,344,15,1899,True
nuscenes_mini,c9304cf98aad4ff0bb5b0cff0aab65d2,car,0.9024390578269958,19.19,B,0.1889,0.0141,335,25,1773,True
nuscenes_mini,c9304cf98aad4ff0bb5b0cff0aab65d2,car,0.6444444060325623,24.78,B,0.0437,0.0086,56,11,1280,False
nuscenes_mini,c9304cf98aad4ff0bb5b0cff0aab65d2,car,0.9569892287254333,8.5,A,0.172,0.0418,449,109,2610,True
nuscenes_mini,c9304cf98aad4ff0bb5b0cff0aab65d2,car,0.9259259104728699,20.19,B,0.117,0.0132,195,22,1666,True
nuscenes_mini,79937d5eae1d450499677a0dcffa210c,pedestrian,1.0,33.07,C,0.0,0.0312,0,1,32,False
nuscenes_mini,79937d5eae1d450499677a0dcffa210c,pedestrian,1.0,26.37,B,0.254,0.0476,16,3,63,True
nuscenes_mini,79937d5eae1d450499677a0dcffa210c,car,0.8987342119216919,36.32,C,0.0764,0.001,77,1,1008,False
nuscenes_mini,79937d5eae1d450499677a0dcffa210c,car,0.8947368264198303,24.54,B,0.1007,0.0026,191,5,1896,True
nuscenes_mini,79937d5eae1d450499677a0dcffa210c,car,0.9649122953414917,15.97,B,0.2099,0.0228,340,37,1620,True
nuscenes_mini,79937d5eae1d450499677a0dcffa210c,car,0.9139785170555115,13.91,A,0.0866,0.0276,113,36,1305,False
nuscenes_mini,79937d5eae1d450499677a0dcffa210c,car,0.9179486632347107,39.8,C,0.0,0.0,0,0,1582,False
nuscenes_mini,79937d5eae1d450499677a0dcffa210c,car,0.949367105960846,20.61,B,0.0724,0.006,144,12,1989,False
nuscenes_mini,79937d5eae1d450499677a0dcffa210c,car,0.8400000333786011,27.59,B,0.0297,0.0031,87,9,2925,False
nuscenes_mini,79937d5eae1d450499677a0dcffa210c,car,0.8709677457809448,37.13,C,0.0611,0.0054,113,10,1848,False
nuscenes_mini,79937d5eae1d450499677a0dcffa210c,car,0.9101123809814453,27.21,B,0.1167,0.0085,357,26,3058,True
nuscenes_mini,79937d5eae1d450499677a0dcffa210c,pedestrian,1.0,26.23,B,0.375,0.0625,18,3,48,True
nuscenes_mini,79937d5eae1d450499677a0dcffa210c,pedestrian,1.0,26.26,B,0.125,0.0,4,0,32,True
nuscenes_mini,79937d5eae1d450499677a0dcffa210c,car,0.9649122953414917,15.73,B,0.1697,0.0242,315,45,1856,True
nuscenes_mini,79937d5eae1d450499677a0dcffa210c,car,0.9609756469726562,8.41,A,0.1867,0.0617,224,74,1200,True
nuscenes_mini,79937d5eae1d450499677a0dcffa210c,car,0.9726027250289917,11.23,A,0.2998,0.0604,491,99,1638,True
nuscenes_mini,79937d5eae1d450499677a0dcffa210c,car,0.9298245906829834,21.23,B,0.0599,0.003,99,5,1652,False
nuscenes_mini,79937d5eae1d450499677a0dcffa210c,car,0.921951174736023,18.3,B,0.1788,0.016,346,31,1935,True
nuscenes_mini,79937d5eae1d450499677a0dcffa210c,car,0.921951174736023,26.46,B,0.0795,0.0036,176,8,2214,False
nuscenes_mini,79937d5eae1d450499677a0dcffa210c,car,0.9179486632347107,13.87,A,0.1854,0.0273,469,69,2529,True
nuscenes_mini,79937d5eae1d450499677a0dcffa210c,car,0.9298245906829834,22.42,B,0.1707,0.0112,351,23,2056,True
nuscenes_mini,79937d5eae1d450499677a0dcffa210c,car,0.941605806350708,24.75,B,0.1465,0.0047,314,10,2144,True
nuscenes_mini,79937d5eae1d450499677a0dcffa210c,car,0.8083832263946533,16.75,B,0.1418,0.0125,296,26,2088,True
nuscenes_mini,79937d5eae1d450499677a0dcffa210c,car,0.9569892287254333,20.57,B,0.0734,0.0093,220,28,2997,False
nuscenes_mini,79937d5eae1d450499677a0dcffa210c,car,0.7928802371025085,21.52,B,0.0819,0.0069,118,10,1440,False
nuscenes_mini,79937d5eae1d450499677a0dcffa210c,car,0.827957034111023,14.12,A,0.1574,0.0185,136,16,864,True
nuscenes_mini,79937d5eae1d450499677a0dcffa210c,car,0.7037037014961243,19.34,B,0.085,0.0063,204,15,2400,False
nuscenes_mini,79937d5eae1d450499677a0dcffa210c,car,0.6952381134033203,23.85,B,0.1389,0.0045,185,6,1332,True
nuscenes_mini,79937d5eae1d450499677a0dcffa210c,car,0.8947368264198303,23.65,B,0.0117,0.0028,54,13,4609,False
nuscenes_mini,79937d5eae1d450499677a0dcffa210c,car,0.5311355590820312,40.69,C,0.0,0.0,0,0,770,False
nuscenes_mini,79937d5eae1d450499677a0dcffa210c,car,0.9179486632347107,11.59,A,0.1911,0.0315,164,27,858,True
nuscenes_mini,79937d5eae1d450499677a0dcffa210c,truck,0.7299578189849854,32.05,C,0.0332,0.0031,76,7,2286,False
nuscenes_mini,79937d5eae1d450499677a0dcffa210c,car,0.9649122953414917,8.16,A,0.2921,0.091,411,128,1407,True
nuscenes_mini,79937d5eae1d450499677a0dcffa210c,trailer,0.8048780560493469,9.72,A,0.4604,0.0454,2138,211,4644,True
nuscenes_mini,79937d5eae1d450499677a0dcffa210c,car,0.921951174736023,19.78,B,0.2203,0.0077,456,16,2070,True
nuscenes_mini,79937d5eae1d450499677a0dcffa210c,car,0.941605806350708,10.85,A,0.1521,0.0425,444,124,2920,True
nuscenes_mini,79937d5eae1d450499677a0dcffa210c,car,0.9336099624633789,21.05,B,0.1662,0.0072,278,12,1673,True
nuscenes_mini,79937d5eae1d450499677a0dcffa210c,car,0.9101123809814453,19.5,B,0.2177,0.0081,431,16,1980,True
nuscenes_mini,79937d5eae1d450499677a0dcffa210c,car,0.9298245906829834,21.88,B,0.0977,0.0066,147,10,1505,False
nuscenes_mini,79937d5eae1d450499677a0dcffa210c,car,0.9139785170555115,20.42,B,0.0587,0.0065,135,15,2300,False
nuscenes_mini,79937d5eae1d450499677a0dcffa210c,car,0.9179486632347107,23.47,B,0.0404,0.0026,63,4,1561,False
nuscenes_mini,5c85640c10d9485c86bf6eb44778c002,car,0.9139785170555115,28.81,B,0.0152,0.0029,21,4,1386,False
nuscenes_mini,5c85640c10d9485c86bf6eb44778c002,car,0.9101123809814453,21.19,B,0.0503,0.006,109,13,2169,False
nuscenes_mini,5c85640c10d9485c86bf6eb44778c002,car,0.8518518805503845,23.75,B,0.0511,0.0047,120,11,2349,False
nuscenes_mini,5c85640c10d9485c86bf6eb44778c002,car,0.8787879347801208,36.24,C,0.026,0.003,35,4,1344,False
nuscenes_mini,5c85640c10d9485c86bf6eb44778c002,car,0.8632478713989258,23.82,B,0.1451,0.009,514,32,3542,True
nuscenes_mini,5c85640c10d9485c86bf6eb44778c002,car,0.941605806350708,17.13,B,0.1745,0.0117,388,26,2223,True
nuscenes_mini,5c85640c10d9485c86bf6eb44778c002,car,0.8750000596046448,29.85,B,0.0324,0.0011,29,1,896,False
nuscenes_mini,5c85640c10d9485c86bf6eb44778c002,car,0.859649121761322,33.09,C,0.075,0.0059,166,13,2214,False
nuscenes_mini,5c85640c10d9485c86bf6eb44778c002,car,0.9649122953414917,12.52,A,0.2653,0.0355,486,65,1832,True
nuscenes_mini,5c85640c10d9485c86bf6eb44778c002,car,0.9101123809814453,17.16,B,0.1341,0.0165,268,33,1998,True
nuscenes_mini,5c85640c10d9485c86bf6eb44778c002,car,0.9649122953414917,9.06,A,0.3849,0.0726,679,128,1764,True
nuscenes_mini,5c85640c10d9485c86bf6eb44778c002,car,0.6717948913574219,41.6,C,0.0,0.0,0,0,1000,False
nuscenes_mini,5c85640c10d9485c86bf6eb44778c002,car,0.9259259104728699,21.31,B,0.0998,0.0038,210,8,2104,False
nuscenes_mini,5c85640c10d9485c86bf6eb44778c002,car,0.9259259104728699,20.19,B,0.1116,0.0054,267,13,2392,True
nuscenes_mini,5c85640c10d9485c86bf6eb44778c002,car,0.8947368264198303,20.7,B,0.0392,0.0051,31,4,791,False
nuscenes_mini,5c85640c10d9485c86bf6eb44778c002,car,0.7500000596046448,55.59,C,0.0,0.0,0,0,3036,False
nuscenes_mini,5c85640c10d9485c86bf6eb44778c002,car,0.8709677457809448,39.66,C,0.0102,0.0019,21,4,2056,False
nuscenes_mini,5c85640c10d9485c86bf6eb44778c002,car,0.9139785170555115,13.23,A,0.1514,0.0191,119,15,786,True
nuscenes_mini,5c85640c10d9485c86bf6eb44778c002,car,0.7620818018913269,22.94,B,0.079,0.0024,425,13,5379,False
nuscenes_mini,5c85640c10d9485c86bf6eb44778c002,car,0.9375000596046448,11.04,A,0.2925,0.0439,666,100,2277,True
nuscenes_mini,5c85640c10d9485c86bf6eb44778c002,car,0.8358974456787109,20.26,B,0.1013,0.0093,197,18,1944,True
nuscenes_mini,5c85640c10d9485c86bf6eb44778c002,car,0.949367105960846,24.19,B,0.1075,0.0084,331,26,3078,True
nuscenes_mini,5c85640c10d9485c86bf6eb44778c002,car,0.9569892287254333,13.48,A,0.1604,0.0273,534,91,3330,True
nuscenes_mini,5c85640c10d9485c86bf6eb44778c002,car,0.7387754917144775,26.17,B,0.0408,0.0026,124,8,3036,False
nuscenes_mini,5c85640c10d9485c86bf6eb44778c002,car,0.8241757750511169,14.9,A,0.1509,0.0242,131,21,868,True
nuscenes_mini,5c85640c10d9485c86bf6eb44778c002,car,0.6289855241775513,23.29,B,0.0496,0.0023,173,8,3490,False
nuscenes_mini,5c85640c10d9485c86bf6eb44778c002,car,0.9101123809814453,32.51,C,0.0189,0.0018,32,3,1692,False
nuscenes_mini,5c85640c10d9485c86bf6eb44778c002,truck,0.507692277431488,35.72,C,0.0207,0.0012,53,3,2563,False
nuscenes_mini,5c85640c10d9485c86bf6eb44778c002,trailer,0.6132930517196655,13.12,A,0.2802,0.0295,1406,148,5018,True
nuscenes_mini,5c85640c10d9485c86bf6eb44778c002,car,0.9726027250289917,8.62,A,0.4029,0.0687,751,128,1864,True
nuscenes_mini,5c85640c10d9485c86bf6eb44778c002,car,0.9024390578269958,20.42,B,0.0947,0.0077,184,15,1944,False
nuscenes_mini,5c85640c10d9485c86bf6eb44778c002,car,0.9179486632347107,24.13,B,0.0208,0.0057,33,9,1589,False
nuscenes_mini,5c85640c10d9485c86bf6eb44778c002,car,0.8358974456787109,30.02,C,0.0128,0.0017,23,3,1800,False
nuscenes_mini,5c85640c10d9485c86bf6eb44778c002,car,0.9139785170555115,20.49,B,0.0834,0.0095,229,26,2745,False
nuscenes_mini,5c85640c10d9485c86bf6eb44778c002,car,0.9259259104728699,18.55,B,0.2136,0.0166,373,29,1746,True
nuscenes_mini,5c85640c10d9485c86bf6eb44778c002,car,0.9298245906829834,22.81,B,0.0712,0.0061,129,11,1813,False
nuscenes_mini,5c85640c10d9485c86bf6eb44778c002,car,0.9179486632347107,21.89,B,0.0644,0.0046,181,13,2810,False
nuscenes_mini,5c85640c10d9485c86bf6eb44778c002,car,0.9101123809814453,25.74,B,0.0685,0.0005,131,1,1912,False
nuscenes_mini,91d9058720eb4c25a172236e14e11085,car,0.9259259104728699,19.36,B,0.1042,0.0109,162,17,1554,True
nuscenes_mini,91d9058720eb4c25a172236e14e11085,car,0.8518518805503845,29.58,B,0.0554,0.0073,106,14,1912,False
nuscenes_mini,91d9058720eb4c25a172236e14e11085,car,0.8750000596046448,16.84,B,0.1362,0.0251,195,36,1432,True
nuscenes_mini,91d9058720eb4c25a172236e14e11085,car,0.859649121761322,19.32,B,0.0261,0.0049,53,10,2034,False
nuscenes_mini,91d9058720eb4c25a172236e14e11085,car,0.9336099624633789,14.48,A,0.1073,0.0136,158,20,1472,True
nuscenes_mini,91d9058720eb4c25a172236e14e11085,car,0.8476190567016602,29.92,B,0.0357,0.0,27,0,756,False
nuscenes_mini,91d9058720eb4c25a172236e14e11085,car,0.7968254089355469,19.88,B,0.177,0.0083,701,33,3960,True
nuscenes_mini,91d9058720eb4c25a172236e14e11085,car,0.8827838897705078,26.83,B,0.0572,0.0008,75,1,1312,False
nuscenes_mini,91d9058720eb4c25a172236e14e11085,car,0.96875,13.69,A,0.2022,0.0311,435,67,2151,True
nuscenes_mini,91d9058720eb4c25a172236e14e11085,car,0.8987342119216919,19.0,B,0.0846,0.0115,88,12,1040,False
nuscenes_mini,91d9058720eb4c25a172236e14e11085,car,0.9532163739204407,8.2,A,0.1259,0.0665,140,74,1112,True
nuscenes_mini,91d9058720eb4c25a172236e14e11085,car,0.976608157157898,9.82,A,0.3009,0.0662,650,143,2160,True
nuscenes_mini,91d9058720eb4c25a172236e14e11085,car,0.9532163739204407,8.9,A,0.2273,0.0264,534,62,2349,True
nuscenes_mini,91d9058720eb4c25a172236e14e11085,car,0.827957034111023,38.4,C,0.0286,0.0,44,0,1536,False
nuscenes_mini,91d9058720eb4c25a172236e14e11085,car,0.9452055096626282,17.29,B,0.1088,0.0137,175,22,1608,True
nuscenes_mini,91d9058720eb4c25a172236e14e11085,car,0.8709677457809448,23.57,B,0.0272,0.0,76,0,2799,False
nuscenes_mini,91d9058720eb4c25a172236e14e11085,car,0.7037037014961243,29.98,B,0.0579,0.0043,81,6,1400,False
nuscenes_mini,91d9058720eb4c25a172236e14e11085,car,0.949367105960846,10.24,A,0.3287,0.0387,476,56,1448,True
nuscenes_mini,91d9058720eb4c25a172236e14e11085,car,0.8476190567016602,24.02,B,0.0747,0.0062,121,10,1620,False
nuscenes_mini,91d9058720eb4c25a172236e14e11085,car,0.9336099624633789,28.19,B,0.0943,0.0079,274,23,2907,False
nuscenes_mini,91d9058720eb4c25a172236e14e11085,car,0.8083832263946533,18.67,B,0.1417,0.0083,119,7,840,True
nuscenes_mini,91d9058720eb4c25a172236e14e11085,car,0.941605806350708,17.16,B,0.1279,0.0179,399,56,3120,True
nuscenes_mini,91d9058720eb4c25a172236e14e11085,car,0.7575758099555969,29.68,B,0.0579,0.0069,75,9,1296,False
nuscenes_mini,91d9058720eb4c25a172236e14e11085,car,0.7104072570800781,27.48,B,0.0913,0.0064,200,14,2190,False
nuscenes_mini,91d9058720eb4c25a172236e14e11085,car,0.8987342119216919,34.28,C,0.0043,0.0008,11,2,2540,False
nuscenes_mini,91d9058720eb4c25a172236e14e11085,trailer,0.5540069937705994,16.35,B,0.2459,0.015,1528,93,6214,True
nuscenes_mini,91d9058720eb4c25a172236e14e11085,car,0.9726027250289917,8.11,A,0.35,0.0815,756,176,2160,True
nuscenes_mini,91d9058720eb4c25a172236e14e11085,car,0.96875,10.63,A,0.2544,0.0653,409,105,1608,True
nuscenes_mini,91d9058720eb4c25a172236e14e11085,car,0.9179486632347107,19.64,B,0.1706,0.0092,277,15,1624,True
nuscenes_mini,91d9058720eb4c25a172236e14e11085,car,0.8904109597206116,25.92,B,0.1222,0.0055,201,9,1645,True
nuscenes_mini,91d9058720eb4c25a172236e14e11085,car,0.8947368264198303,28.34,B,0.0385,0.0011,69,2,1792,False
nuscenes_mini,91d9058720eb4c25a172236e14e11085,car,0.9064327478408813,20.98,B,0.0818,0.0094,165,19,2016,False
nuscenes_mini,91d9058720eb4c25a172236e14e11085,car,0.9139785170555115,20.11,B,0.1861,0.0043,344,8,1848,True
nuscenes_mini,91d9058720eb4c25a172236e14e11085,car,0.9259259104728699,19.92,B,0.1789,0.0041,263,6,1470,True
nuscenes_mini,91d9058720eb4c25a172236e14e11085,car,0.8987342119216919,23.65,B,0.1066,0.0052,307,15,2880,True
nuscenes_mini,91d9058720eb4c25a172236e14e11085,car,0.7575758099555969,35.97,C,0.0,0.0,0,0,1064,False
nuscenes_mini,91d9058720eb4c25a172236e14e11085,car,0.9101123809814453,25.03,B,0.0791,0.0035,160,7,2024,False
nuscenes_mini,91d9058720eb4c25a172236e14e11085,car,0.9024390578269958,21.91,B,0.078,0.0061,206,16,2640,False
nuscenes_mini,9768a199e4884a0db50d015703efe969,pedestrian,1.0,47.33,C,0.0,0.0222,0,1,45,False
nuscenes_mini,9768a199e4884a0db50d015703efe969,car,0.6640419960021973,16.19,B,0.1646,0.0092,910,51,5530,True
nuscenes_mini,9768a199e4884a0db50d015703efe969,car,0.8518518805503845,25.43,B,0.0778,0.0132,182,31,2340,False
nuscenes_mini,9768a199e4884a0db50d015703efe969,car,0.8518518805503845,51.82,C,0.0404,0.0008,97,2,2400,False
nuscenes_mini,9768a199e4884a0db50d015703efe969,car,0.9179486632347107,9.81,A,0.322,0.0446,765,106,2376,True
nuscenes_mini,9768a199e4884a0db50d015703efe969,car,0.8787879347801208,37.53,C,0.0214,0.0,22,0,1029,False
nuscenes_mini,9768a199e4884a0db50d015703efe969,car,0.8947368264198303,40.55,C,0.0431,0.0011,305,8,7072,False
nuscenes_mini,9768a199e4884a0db50d015703efe969,car,0.7852349281311035,43.43,C,0.0086,0.0016,22,4,2547,False
nuscenes_mini,9768a199e4884a0db50d015703efe969,car,0.5897435545921326,36.73,C,0.0,0.0,0,0,1539,False
nuscenes_mini,9768a199e4884a0db50d015703efe969,pedestrian,1.0,21.84,B,0.05,0.025,2,1,40,False
nuscenes_mini,9768a199e4884a0db50d015703efe969,car,0.7887788414955139,15.74,B,0.196,0.016,552,45,2816,True
nuscenes_mini,9768a199e4884a0db50d015703efe969,car,0.9101123809814453,8.95,A,0.2444,0.0772,231,73,945,True
nuscenes_mini,9768a199e4884a0db50d015703efe969,car,0.9649122953414917,8.24,A,0.2556,0.0918,437,157,1710,True
nuscenes_mini,9768a199e4884a0db50d015703efe969,car,0.9649122953414917,10.44,A,0.3652,0.0487,997,133,2730,True
nuscenes_mini,9768a199e4884a0db50d015703efe969,car,0.921951174736023,7.99,A,0.2013,0.0454,288,65,1431,True
nuscenes_mini,9768a199e4884a0db50d015703efe969,car,0.949367105960846,13.55,A,0.2373,0.0269,486,55,2048,True
nuscenes_mini,9768a199e4884a0db50d015703efe969,car,0.9179486632347107,15.21,B,0.134,0.0093,345,24,2574,True
nuscenes_mini,9768a199e4884a0db50d015703efe969,car,0.9452055096626282,24.35,B,0.0751,0.0067,101,9,1344,False
nuscenes_mini,9768a199e4884a0db50d015703efe969,car,0.9375000596046448,27.7,B,0.123,0.0124,238,24,1935,True
nuscenes_mini,9768a199e4884a0db50d015703efe969,car,0.9259259104728699,22.02,B,0.0435,0.0049,88,10,2024,False
nuscenes_mini,9768a199e4884a0db50d015703efe969,car,0.6213017702102661,43.75,C,0.0636,0.0037,103,6,1620,False
nuscenes_mini,9768a199e4884a0db50d015703efe969,car,0.9298245906829834,20.91,B,0.1343,0.0145,342,37,2547,True
nuscenes_mini,9768a199e4884a0db50d015703efe969,car,0.8160918951034546,28.0,B,0.0394,0.0041,67,7,1701,False
nuscenes_mini,9768a199e4884a0db50d015703efe969,car,0.7104072570800781,22.53,B,0.1204,0.0076,158,10,1312,True
nuscenes_mini,9768a199e4884a0db50d015703efe969,car,0.7344398498535156,38.6,C,0.0,0.0,0,0,3177,False
nuscenes_mini,9768a199e4884a0db50d015703efe969,car,0.8865247964859009,35.79,C,0.0,0.0,0,0,3102,False
nuscenes_mini,9768a199e4884a0db50d015703efe969,car,0.9064327478408813,32.19,C,0.0198,0.0042,56,12,2835,False
nuscenes_mini,9768a199e4884a0db50d015703efe969,trailer,0.5857605338096619,20.16,B,0.1689,0.0094,966,54,5720,True
nuscenes_mini,9768a199e4884a0db50d015703efe969,car,0.9649122953414917,8.1,A,0.3113,0.0811,503,131,1616,True
nuscenes_mini,9768a199e4884a0db50d015703efe969,car,0.96875,8.94,A,0.3651,0.0769,698,147,1912,True
nuscenes_mini,9768a199e4884a0db50d015703efe969,car,0.8632478713989258,24.22,B,0.0435,0.0048,108,12,2480,False
nuscenes_mini,9768a199e4884a0db50d015703efe969,car,0.9452055096626282,7.83,A,0.2398,0.0253,531,56,2214,True
nuscenes_mini,9768a199e4884a0db50d015703efe969,car,0.8750000596046448,26.89,B,0.0,0.0,0,0,2840,False
nuscenes_mini,9768a199e4884a0db50d015703efe969,car,0.8987342119216919,27.95,B,0.1105,0.0038,260,9,2352,True
nuscenes_mini,9768a199e4884a0db50d015703efe969,car,0.8672199249267578,29.44,B,0.0982,0.0076,258,20,2628,False
nuscenes_mini,9768a199e4884a0db50d015703efe969,car,0.921951174736023,19.85,B,0.2016,0.0071,343,12,1701,True
nuscenes_mini,9768a199e4884a0db50d015703efe969,car,0.8083832263946533,22.66,B,0.0334,0.0029,70,6,2097,False
nuscenes_mini,9768a199e4884a0db50d015703efe969,car,0.8083832263946533,26.86,B,0.0,0.0003,0,1,3531,False
nuscenes_mini,9768a199e4884a0db50d015703efe969,car,0.9024390578269958,25.79,B,0.0699,0.0029,168,7,2403,False
nuscenes_mini,39bc0a6b3692446d8ba3bde3d6a0774e,pedestrian,1.0,43.04,C,0.0317,0.0317,2,2,63,False
nuscenes_mini,39bc0a6b3692446d8ba3bde3d6a0774e,car,0.8787879347801208,29.78,B,0.0185,0.0018,31,3,1680,False
nuscenes_mini,39bc0a6b3692446d8ba3bde3d6a0774e,car,0.8827838897705078,33.9,C,0.0266,0.0,26,0,978,False
nuscenes_mini,39bc0a6b3692446d8ba3bde3d6a0774e,car,0.8128654956817627,21.47,B,0.0921,0.0144,179,28,1944,False
nuscenes_mini,39bc0a6b3692446d8ba3bde3d6a0774e,car,0.8241757750511169,14.04,A,0.1073,0.0305,260,74,2424,True
nuscenes_mini,39bc0a6b3692446d8ba3bde3d6a0774e,car,0.7500000596046448,29.52,B,0.1134,0.0,127,0,1120,True
nuscenes_mini,39bc0a6b3692446d8ba3bde3d6a0774e,car,0.9064327478408813,24.56,B,0.0839,0.0089,141,15,1680,False
nuscenes_mini,39bc0a6b3692446d8ba3bde3d6a0774e,car,0.6604774594306946,24.21,B,0.0425,0.0035,72,6,1696,False
nuscenes_mini,39bc0a6b3692446d8ba3bde3d6a0774e,car,0.9101123809814453,19.28,B,0.1274,0.0112,216,19,1696,True
nuscenes_mini,39bc0a6b3692446d8ba3bde3d6a0774e,pedestrian,1.0,27.47,B,0.0,0.0714,0,2,28,False
nuscenes_mini,39bc0a6b3692446d8ba3bde3d6a0774e,pedestrian,1.0,25.47,B,0.0417,0.0278,3,2,72,False
nuscenes_mini,39bc0a6b3692446d8ba3bde3d6a0774e,pedestrian,1.0,14.41,A,0.2857,0.0357,16,2,56,True
nuscenes_mini,39bc0a6b3692446d8ba3bde3d6a0774e,car,0.7538461089134216,12.59,A,0.2776,0.0407,1166,171,4200,True
nuscenes_mini,39bc0a6b3692446d8ba3bde3d6a0774e,car,0.8439024686813354,18.7,B,0.1201,0.0158,160,21,1332,True
nuscenes_mini,39bc0a6b3692446d8ba3bde3d6a0774e,car,0.9179486632347107,8.12,A,0.2975,0.0702,648,153,2178,True
nuscenes_mini,39bc0a6b3692446d8ba3bde3d6a0774e,car,0.921951174736023,12.29,A,0.1873,0.0135,499,36,2664,True
nuscenes_mini,39bc0a6b3692446d8ba3bde3d6a0774e,car,0.9569892287254333,10.27,A,0.2573,0.053,422,87,1640,True
nuscenes_mini,39bc0a6b3692446d8ba3bde3d6a0774e,car,0.9179486632347107,22.13,B,0.079,0.0094,219,26,2772,False
nuscenes_mini,39bc0a6b3692446d8ba3bde3d6a0774e,car,0.859649121761322,34.95,C,0.0119,0.0052,23,10,1936,False
nuscenes_mini,39bc0a6b3692446d8ba3bde3d6a0774e,car,0.9298245906829834,22.35,B,0.1112,0.0088,165,13,1484,True
nuscenes_mini,39bc0a6b3692446d8ba3bde3d6a0774e,car,0.5816993117332458,45.91,C,0.0054,0.0,19,0,3530,False
nuscenes_mini,39bc0a6b3692446d8ba3bde3d6a0774e,car,0.8865247964859009,24.71,B,0.1071,0.0129,332,40,3100,True
nuscenes_mini,39bc0a6b3692446d8ba3bde3d6a0774e,car,0.6289855241775513,47.77,C,0.0089,0.0026,7,2,784,False
nuscenes_mini,39bc0a6b3692446d8ba3bde3d6a0774e,car,0.5508772134780884,36.86,C,0.0532,0.0,82,0,1540,False
nuscenes_mini,39bc0a6b3692446d8ba3bde3d6a0774e,car,0.7104072570800781,41.72,C,0.0542,0.0043,102,8,1881,False
nuscenes_mini,39bc0a6b3692446d8ba3bde3d6a0774e,car,0.7928802371025085,32.14,C,0.0221,0.0034,26,4,1176,False
nuscenes_mini,39bc0a6b3692446d8ba3bde3d6a0774e,car,0.7142857313156128,34.12,C,0.0234,0.0042,22,4,942,False
nuscenes_mini,39bc0a6b3692446d8ba3bde3d6a0774e,car,0.7770034670829773,32.39,C,0.0289,0.005,29,5,1002,False
nuscenes_mini,39bc0a6b3692446d8ba3bde3d6a0774e,car,0.8947368264198303,34.04,C,0.0,0.0,0,0,1719,False
nuscenes_mini,39bc0a6b3692446d8ba3bde3d6a0774e,car,0.6878048777580261,26.3,B,0.0741,0.0018,123,3,1659,False
nuscenes_mini,39bc0a6b3692446d8ba3bde3d6a0774e,car,0.8987342119216919,35.79,C,0.0342,0.0081,72,17,2104,False
nuscenes_mini,39bc0a6b3692446d8ba3bde3d6a0774e,trailer,0.5114504098892212,24.14,B,0.1605,0.009,1092,61,6804,True
nuscenes_mini,39bc0a6b3692446d8ba3bde3d6a0774e,car,0.9452055096626282,8.17,A,0.2011,0.0422,362,76,1800,True
nuscenes_mini,39bc0a6b3692446d8ba3bde3d6a0774e,car,0.9064327478408813,11.23,A,0.3508,0.0455,755,98,2152,True
nuscenes_mini,39bc0a6b3692446d8ba3bde3d6a0774e,car,0.9375000596046448,7.87,A,0.3507,0.0282,410,33,1169,True
nuscenes_mini,39bc0a6b3692446d8ba3bde3d6a0774e,car,0.9649122953414917,3.65,A,0.376,0.1033,746,205,1984,True
nuscenes_mini,39bc0a6b3692446d8ba3bde3d6a0774e,car,0.9259259104728699,9.0,A,0.1738,0.0297,474,81,2727,True
nuscenes_mini,39bc0a6b3692446d8ba3bde3d6a0774e,car,0.6521739363670349,28.89,B,0.0642,0.0039,131,8,2040,False
nuscenes_mini,39bc0a6b3692446d8ba3bde3d6a0774e,car,0.9375000596046448,20.44,B,0.1865,0.0094,278,14,1491,True
nuscenes_mini,39bc0a6b3692446d8ba3bde3d6a0774e,car,0.9298245906829834,20.06,B,0.217,0.0089,510,21,2350,True
nuscenes_mini,39bc0a6b3692446d8ba3bde3d6a0774e,car,0.9139785170555115,26.2,B,0.0191,0.0033,117,20,6120,False
nuscenes_mini,39bc0a6b3692446d8ba3bde3d6a0774e,car,0.9569892287254333,8.5,A,0.3126,0.0363,602,70,1926,True
nuscenes_mini,f6ef25ab02c0483b9df411ed84873f41,pedestrian,1.0,38.71,C,0.0247,0.0247,2,2,81,False
nuscenes_mini,f6ef25ab02c0483b9df411ed84873f41,car,0.8947368264198303,25.43,B,0.1639,0.0036,274,6,1672,True
nuscenes_mini,f6ef25ab02c0483b9df411ed84873f41,car,0.8518518805503845,17.16,B,0.1701,0.0303,230,41,1352,True
nuscenes_mini,f6ef25ab02c0483b9df411ed84873f41,car,0.9336099624633789,16.71,B,0.0933,0.0087,150,14,1608,False
nuscenes_mini,f6ef25ab02c0483b9df411ed84873f41,car,0.8947368264198303,31.89,C,0.0347,0.0031,56,5,1616,False
nuscenes_mini,f6ef25ab02c0483b9df411ed84873f41,car,0.8083832263946533,20.01,B,0.0575,0.0066,70,8,1218,False
nuscenes_mini,f6ef25ab02c0483b9df411ed84873f41,car,0.9259259104728699,20.64,B,0.2137,0.008,454,17,2124,True
nuscenes_mini,f6ef25ab02c0483b9df411ed84873f41,car,0.8709677457809448,44.47,C,0.1181,0.0,102,0,864,True
nuscenes_mini,f6ef25ab02c0483b9df411ed84873f41,car,0.8709677457809448,15.98,B,0.1695,0.022,386,50,2277,True
nuscenes_mini,f6ef25ab02c0483b9df411ed84873f41,car,0.675126850605011,19.76,B,0.1561,0.0093,118,7,756,True
nuscenes_mini,f6ef25ab02c0483b9df411ed84873f41,car,0.7500000596046448,9.37,A,0.3464,0.079,1189,271,3432,True
nuscenes_mini,f6ef25ab02c0483b9df411ed84873f41,car,0.9336099624633789,8.18,A,0.2279,0.0288,443,56,1944,True
nuscenes_mini,f6ef25ab02c0483b9df411ed84873f41,car,0.8632478713989258,17.72,B,0.1331,0.0157,212,25,1593,True
nuscenes_mini,f6ef25ab02c0483b9df411ed84873f41,car,0.8750000596046448,9.47,A,0.1736,0.0347,420,84,2420,True
nuscenes_mini,f6ef25ab02c0483b9df411ed84873f41,car,0.9179486632347107,26.71,B,0.0737,0.0006,130,1,1764,False
nuscenes_mini,f6ef25ab02c0483b9df411ed84873f41,truck,0.6097560524940491,42.51,C,0.0508,0.0052,107,11,2106,False
nuscenes_mini,f6ef25ab02c0483b9df411ed84873f41,truck,0.5151515007019043,38.77,C,0.0241,0.0,55,0,2286,False
nuscenes_mini,f6ef25ab02c0483b9df411ed84873f41,car,0.8865247964859009,28.93,B,0.0534,0.0061,184,21,3443,False
nuscenes_mini,f6ef25ab02c0483b9df411ed84873f41,car,0.9452055096626282,15.11,B,0.2121,0.0177,504,42,2376,True
nuscenes_mini,f6ef25ab02c0483b9df411ed84873f41,car,0.6246334314346313,41.69,C,0.0062,0.0012,5,1,810,False
nuscenes_mini,f6ef25ab02c0483b9df411ed84873f41,car,0.9452055096626282,12.04,A,0.1962,0.0338,342,59,1743,True
nuscenes_mini,f6ef25ab02c0483b9df411ed84873f41,car,0.6246334314346313,49.31,C,0.0162,0.0012,26,2,1608,False
nuscenes_mini,f6ef25ab02c0483b9df411ed84873f41,car,0.8987342119216919,36.52,C,0.0018,0.0006,6,2,3322,False
nuscenes_mini,f6ef25ab02c0483b9df411ed84873f41,car,0.8750000596046448,11.32,A,0.2045,0.023,497,56,2430,True
nuscenes_mini,f6ef25ab02c0483b9df411ed84873f41,car,0.7697842121124268,36.12,C,0.0299,0.0037,32,4,1071,False
nuscenes_mini,f6ef25ab02c0483b9df411ed84873f41,car,0.8750000596046448,39.56,C,0.0267,0.0024,66,6,2470,False
nuscenes_mini,f6ef25ab02c0483b9df411ed84873f41,car,0.675126850605011,46.0,C,0.0281,0.0014,79,4,2808,False
nuscenes_mini,f6ef25ab02c0483b9df411ed84873f41,car,0.8787879347801208,20.63,B,0.0607,0.0037,230,14,3790,False
nuscenes_mini,f6ef25ab02c0483b9df411ed84873f41,truck,0.518796980381012,26.57,B,0.1223,0.0069,318,18,2600,True
nuscenes_mini,f6ef25ab02c0483b9df411ed84873f41,car,0.9649122953414917,10.23,A,0.2801,0.0563,428,86,1528,True
nuscenes_mini,f6ef25ab02c0483b9df411ed84873f41,car,0.96875,7.51,A,0.3488,0.0911,766,200,2196,True
nuscenes_mini,f6ef25ab02c0483b9df411ed84873f41,car,0.9569892287254333,10.29,A,0.1921,0.0353,408,75,2124,True
nuscenes_mini,f6ef25ab02c0483b9df411ed84873f41,car,0.9336099624633789,20.88,B,0.1671,0.0056,388,13,2322,True
nuscenes_mini,f6ef25ab02c0483b9df411ed84873f41,car,0.9375000596046448,19.57,B,0.1611,0.0116,194,14,1204,True
nuscenes_mini,f6ef25ab02c0483b9df411ed84873f41,car,0.941605806350708,21.07,B,0.1206,0.0066,291,16,2412,True
nuscenes_mini,f6ef25ab02c0483b9df411ed84873f41,car,0.9064327478408813,24.2,B,0.1778,0.001,183,1,1029,True
nuscenes_mini,576f17c305324ed7bf460f0110617355,pedestrian,1.0,34.63,C,0.1375,0.0125,11,1,80,True
nuscenes_mini,576f17c305324ed7bf460f0110617355,car,0.8439024686813354,40.33,C,0.001,0.0,1,0,1050,False
nuscenes_mini,576f17c305324ed7bf460f0110617355,car,0.859649121761322,16.31,B,0.1134,0.0113,131,13,1155,True
nuscenes_mini,576f17c305324ed7bf460f0110617355,car,0.9179486632347107,17.23,B,0.1953,0.0135,464,32,2376,True
nuscenes_mini,576f17c305324ed7bf460f0110617355,car,0.8987342119216919,28.3,B,0.11,0.0099,144,13,1309,True
nuscenes_mini,576f17c305324ed7bf460f0110617355,car,0.5816993117332458,45.33,C,0.0,0.0,0,0,840,False
nuscenes_mini,576f17c305324ed7bf460f0110617355,truck,0.7655677795410156,22.48,B,0.1058,0.0047,204,9,1928,True
nuscenes_mini,576f17c305324ed7bf460f0110617355,car,0.9179486632347107,17.24,B,0.1724,0.0175,394,40,2286,True
nuscenes_mini,576f17c305324ed7bf460f0110617355,car,0.7142857313156128,7.62,A,0.367,0.0863,1187,279,3234,True
nuscenes_mini,576f17c305324ed7bf460f0110617355,car,0.9298245906829834,12.41,A,0.2617,0.0399,538,82,2056,True
nuscenes_mini,576f17c305324ed7bf460f0110617355,car,0.921951174736023,21.08,B,0.0854,0.0073,186,16,2178,False
nuscenes_mini,576f17c305324ed7bf460f0110617355,car,0.921951174736023,13.85,A,0.2565,0.0398,554,86,2160,True
nuscenes_mini,576f17c305324ed7bf460f0110617355,car,0.8865247964859009,33.05,C,0.0221,0.0024,172,19,7800,False
nuscenes_mini,576f17c305324ed7bf460f0110617355,car,0.941605806350708,24.08,B,0.0994,0.005,160,8,1610,False
nuscenes_mini,576f17c305324ed7bf460f0110617355,car,0.6717948913574219,47.48,C,0.0,0.0,0,0,3060,False
nuscenes_mini,576f17c305324ed7bf460f0110617355,truck,0.5114504098892212,40.14,C,0.0308,0.0022,99,7,3210,False
nuscenes_mini,576f17c305324ed7bf460f0110617355,car,0.9064327478408813,32.52,C,0.0515,0.0061,152,18,2950,False
nuscenes_mini,576f17c305324ed7bf460f0110617355,car,0.7575758099555969,40.9,C,0.0295,0.0003,107,1,3624,False
nuscenes_mini,576f17c305324ed7bf460f0110617355,car,0.9101123809814453,35.95,C,0.0005,0.0005,1,1,1845,False
nuscenes_mini,576f17c305324ed7bf460f0110617355,car,0.949367105960846,12.86,A,0.1923,0.0233,380,46,1976,True
nuscenes_mini,576f17c305324ed7bf460f0110617355,car,0.9139785170555115,14.71,A,0.0614,0.0126,151,31,2460,False
nuscenes_mini,576f17c305324ed7bf460f0110617355,car,0.9259259104728699,25.42,B,0.1004,0.0073,192,14,1912,True
nuscenes_mini,576f17c305324ed7bf460f0110617355,car,0.719298243522644,43.0,C,0.0044,0.0,8,0,1827,False
nuscenes_mini,576f17c305324ed7bf460f0110617355,car,0.9336099624633789,21.48,B,0.0999,0.009,177,16,1771,False
nuscenes_mini,576f17c305324ed7bf460f0110617355,car,0.9452055096626282,18.61,B,0.1199,0.0218,209,38,1743,True
nuscenes_mini,576f17c305324ed7bf460f0110617355,truck,0.8632478713989258,31.97,C,0.0662,0.0062,321,30,4849,False
nuscenes_mini,576f17c305324ed7bf460f0110617355,car,0.7852349281311035,7.65,A,0.2915,0.0927,808,257,2772,True
nuscenes_mini,576f17c305324ed7bf460f0110617355,car,0.921951174736023,8.99,A,0.3649,0.0653,894,160,2450,True
nuscenes_mini,576f17c305324ed7bf460f0110617355,car,0.9375000596046448,25.4,B,0.1596,0.0042,267,7,1673,True
nuscenes_mini,576f17c305324ed7bf460f0110617355,car,0.8241757750511169,21.75,B,0.1057,0.0014,148,2,1400,True
nuscenes_mini,576f17c305324ed7bf460f0110617355,car,0.9569892287254333,8.1,A,0.4241,0.0454,916,98,2160,True
nuscenes_mini,576f17c305324ed7bf460f0110617355,car,0.9569892287254333,7.77,A,0.2074,0.0439,312,66,1504,True
nuscenes_mini,576f17c305324ed7bf460f0110617355,car,0.8709677457809448,26.96,B,0.0054,0.0012,9,2,1664,False
nuscenes_mini,0fa505e5dd804d3b9f9f076d23b28d6d,pedestrian,1.0,30.6,C,0.1023,0.0455,9,4,88,True
nuscenes_mini,0fa505e5dd804d3b9f9f076d23b28d6d,car,0.719298243522644,41.83,C,0.0115,0.0012,10,1,868,False
nuscenes_mini,0fa505e5dd804d3b9f9f076d23b28d6d,car,0.8476190567016602,44.33,C,0.0519,0.0003,189,1,3640,False
nuscenes_mini,0fa505e5dd804d3b9f9f076d23b28d6d,car,0.9101123809814453,15.08,B,0.1346,0.0154,140,16,1040,True
nuscenes_mini,0fa505e5dd804d3b9f9f076d23b28d6d,car,0.9179486632347107,24.61,B,0.1551,0.0075,227,11,1464,True
nuscenes_mini,0fa505e5dd804d3b9f9f076d23b28d6d,truck,0.8709677457809448,19.12,B,0.1511,0.0096,408,26,2700,True
nuscenes_mini,0fa505e5dd804d3b9f9f076d23b28d6d,car,0.9609756469726562,13.81,A,0.3092,0.0303,654,64,2115,True
nuscenes_mini,0fa505e5dd804d3b9f9f076d23b28d6d,car,0.9649122953414917,9.82,A,0.3348,0.0617,667,123,1992,True
nuscenes_mini,0fa505e5dd804d3b9f9f076d23b28d6d,car,0.9139785170555115,18.33,B,0.1575,0.0167,302,32,1917,True
nuscenes_mini,0fa505e5dd804d3b9f9f076d23b28d6d,car,0.9375000596046448,22.18,B,0.1157,0.011,211,20,1824,True
nuscenes_mini,0fa505e5dd804d3b9f9f076d23b28d6d,car,0.9259259104728699,19.64,B,0.137,0.0138,259,26,1890,True
nuscenes_mini,0fa505e5dd804d3b9f9f076d23b28d6d,car,0.6289855241775513,48.9,C,0.01,0.0012,24,3,2410,False
nuscenes_mini,0fa505e5dd804d3b9f9f076d23b28d6d,car,0.941605806350708,13.17,A,0.1719,0.0241,278,39,1617,True
nuscenes_mini,0fa505e5dd804d3b9f9f076d23b28d6d,car,0.9452055096626282,10.86,A,0.2614,0.0588,480,108,1836,True
nuscenes_mini,0fa505e5dd804d3b9f9f076d23b28d6d,car,0.8012422323226929,46.97,C,0.0125,0.0033,15,4,1200,False
nuscenes_mini,0fa505e5dd804d3b9f9f076d23b28d6d,car,0.8709677457809448,36.25,C,0.0423,0.0054,132,17,3120,False
nuscenes_mini,0fa505e5dd804d3b9f9f076d23b28d6d,car,0.949367105960846,17.12,B,0.1074,0.0071,213,14,1984,True
nuscenes_mini,0fa505e5dd804d3b9f9f076d23b28d6d,car,0.9609756469726562,12.07,A,0.1754,0.031,521,92,2970,True
nuscenes_mini,0fa505e5dd804d3b9f9f076d23b28d6d,car,0.9064327478408813,27.49,B,0.1392,0.0,228,0,1638,True
nuscenes_mini,0fa505e5dd804d3b9f9f076d23b28d6d,car,0.9336099624633789,18.17,B,0.0676,0.0061,154,14,2277,False
nuscenes_mini,0fa505e5dd804d3b9f9f076d23b28d6d,car,0.9024390578269958,29.09,B,0.0308,0.0034,45,5,1463,False
nuscenes_mini,0fa505e5dd804d3b9f9f076d23b28d6d,car,0.9064327478408813,36.34,C,0.0012,0.0004,3,1,2440,False
nuscenes_mini,0fa505e5dd804d3b9f9f076d23b28d6d,car,0.9336099624633789,22.37,B,0.0517,0.0093,89,16,1722,False
nuscenes_mini,0fa505e5dd804d3b9f9f076d23b28d6d,truck,0.7815700173377991,35.73,C,0.0364,0.0061,150,25,4121,False
nuscenes_mini,0fa505e5dd804d3b9f9f076d23b28d6d,car,0.6167664527893066,7.14,A,0.487,0.0769,1666,263,3421,True
nuscenes_mini,0fa505e5dd804d3b9f9f076d23b28d6d,car,0.9452055096626282,20.72,B,0.08,0.0083,126,13,1575,False
nuscenes_mini,0fa505e5dd804d3b9f9f076d23b28d6d,car,0.941605806350708,9.51,A,0.1899,0.0346,307,56,1617,True
nuscenes_mini,0fa505e5dd804d3b9f9f076d23b28d6d,car,0.7460317611694336,35.72,C,0.0087,0.0008,31,3,3560,False
nuscenes_mini,0fa505e5dd804d3b9f9f076d23b28d6d,car,0.8048780560493469,29.02,B,0.007,0.0,9,0,1280,False
nuscenes_mini,0fa505e5dd804d3b9f9f076d23b28d6d,car,0.9569892287254333,9.17,A,0.2132,0.0359,469,79,2200,True
nuscenes_mini,447c96d132e9494e8b03050e8dcae124,pedestrian,1.0,26.61,B,0.2396,0.0417,23,4,96,True
nuscenes_mini,447c96d132e9494e8b03050e8dcae124,car,0.7730495929718018,38.81,C,0.0118,0.0051,16,7,1360,False
nuscenes_mini,447c96d132e9494e8b03050e8dcae124,car,0.8048780560493469,37.62,C,0.128,0.003,173,4,1352,True
nuscenes_mini,447c96d132e9494e8b03050e8dcae124,car,0.8987342119216919,21.14,B,0.0961,0.0106,154,17,1603,False
nuscenes_mini,447c96d132e9494e8b03050e8dcae124,car,0.5747508406639099,37.85,C,0.0692,0.0,61,0,882,False
nuscenes_mini,447c96d132e9494e8b03050e8dcae124,bus,0.8518518805503845,53.65,C,0.0745,0.0,38,0,510,False
nuscenes_mini,447c96d132e9494e8b03050e8dcae124,truck,0.8865247964859009,16.26,B,0.1846,0.0109,339,20,1836,True
nuscenes_mini,447c96d132e9494e8b03050e8dcae124,car,0.7697842121124268,19.94,B,0.1538,0.0169,127,14,826,True
nuscenes_mini,447c96d132e9494e8b03050e8dcae124,car,0.9532163739204407,8.57,A,0.1463,0.0934,213,136,1456,True
nuscenes_mini,447c96d132e9494e8b03050e8dcae124,car,0.9569892287254333,10.9,A,0.3563,0.05,1012,142,2840,True
nuscenes_mini,447c96d132e9494e8b03050e8dcae124,truck,0.7460317611694336,15.52,B,0.1884,0.0228,571,69,3030,True
nuscenes_mini,447c96d132e9494e8b03050e8dcae124,car,0.9298245906829834,8.59,A,0.3615,0.0485,835,112,2310,True
nuscenes_mini,447c96d132e9494e8b03050e8dcae124,car,0.8987342119216919,20.79,B,0.0758,0.0088,120,14,1584,False
nuscenes_mini,447c96d132e9494e8b03050e8dcae124,car,0.7460317611694336,46.6,C,0.0,0.0,0,0,3190,False
nuscenes_mini,447c96d132e9494e8b03050e8dcae124,car,0.7229437232017517,33.92,C,0.0014,0.0005,3,1,2169,False
nuscenes_mini,447c96d132e9494e8b03050e8dcae124,car,0.7655677795410156,45.95,C,0.0399,0.0069,46,8,1152,False
nuscenes_mini,447c96d132e9494e8b03050e8dcae124,car,0.9139785170555115,10.16,A,0.2666,0.0491,499,92,1872,True
nuscenes_mini,447c96d132e9494e8b03050e8dcae124,car,0.8324607610702515,50.75,C,0.0293,0.0049,24,4,820,False
nuscenes_mini,447c96d132e9494e8b03050e8dcae124,car,0.8827838897705078,21.78,B,0.07,0.0034,166,8,2370,False
nuscenes_mini,447c96d132e9494e8b03050e8dcae124,car,0.7928802371025085,40.04,C,0.0266,0.0044,73,12,2740,False
nuscenes_mini,447c96d132e9494e8b03050e8dcae124,car,0.9569892287254333,15.12,B,0.1541,0.0171,450,50,2920,True
nuscenes_mini,447c96d132e9494e8b03050e8dcae124,car,0.8904109597206116,41.18,C,0.0,0.0,0,0,1620,False
nuscenes_mini,447c96d132e9494e8b03050e8dcae124,car,0.921951174736023,11.74,A,0.1784,0.0234,183,24,1026,True
nuscenes_mini,447c96d132e9494e8b03050e8dcae124,car,0.8709677457809448,19.54,B,0.0386,0.0108,75,21,1944,False
nuscenes_mini,447c96d132e9494e8b03050e8dcae124,car,0.941605806350708,20.65,B,0.0327,0.0049,60,9,1836,False
nuscenes_mini,447c96d132e9494e8b03050e8dcae124,car,0.9179486632347107,26.17,B,0.0314,0.0074,55,13,1752,False
nuscenes_mini,447c96d132e9494e8b03050e8dcae124,car,0.8987342119216919,36.87,C,0.0022,0.0,6,0,2730,False
nuscenes_mini,447c96d132e9494e8b03050e8dcae124,car,0.8904109597206116,32.64,C,0.0179,0.0026,27,4,1512,False
nuscenes_mini,447c96d132e9494e8b03050e8dcae124,truck,0.6952381134033203,39.62,C,0.0315,0.0056,102,18,3234,False
nuscenes_mini,447c96d132e9494e8b03050e8dcae124,pedestrian,1.0,10.84,A,0.4583,0.1458,22,7,48,True
nuscenes_mini,447c96d132e9494e8b03050e8dcae124,pedestrian,1.0,11.65,A,0.3438,0.0781,22,5,64,True
nuscenes_mini,447c96d132e9494e8b03050e8dcae124,car,0.9064327478408813,8.3,A,0.2581,0.0911,374,132,1449,True
nuscenes_mini,447c96d132e9494e8b03050e8dcae124,car,0.7264957427978516,9.35,A,0.28,0.0643,1041,239,3718,True
nuscenes_mini,447c96d132e9494e8b03050e8dcae124,car,0.949367105960846,10.92,A,0.2398,0.0368,613,94,2556,True
nuscenes_mini,447c96d132e9494e8b03050e8dcae124,car,0.941605806350708,19.12,B,0.0397,0.0046,60,7,1512,False
nuscenes_mini,447c96d132e9494e8b03050e8dcae124,car,0.8672199249267578,39.65,C,0.0069,0.0021,20,6,2889,False
nuscenes_mini,447c96d132e9494e8b03050e8dcae124,car,0.949367105960846,21.51,B,0.1076,0.0067,177,11,1645,True
nuscenes_mini,447c96d132e9494e8b03050e8dcae124,car,0.9139785170555115,28.55,B,0.0124,0.0023,22,4,1773,False
nuscenes_mini,baaa60749cd04db7952fd8f4ef8ac837,pedestrian,1.0,22.6,B,0.2946,0.0089,33,1,112,True
nuscenes_mini,baaa60749cd04db7952fd8f4ef8ac837,car,0.8865247964859009,34.24,C,0.0195,0.0027,36,5,1848,False
nuscenes_mini,baaa60749cd04db7952fd8f4ef8ac837,car,0.7968254089355469,34.65,C,0.0503,0.0079,70,11,1392,False
nuscenes_mini,baaa60749cd04db7952fd8f4ef8ac837,car,0.9336099624633789,17.47,B,0.1779,0.0115,370,24,2080,True
nuscenes_mini,baaa60749cd04db7952fd8f4ef8ac837,bus,0.7064220309257507,50.86,C,0.0766,0.0,358,0,4675,False
nuscenes_mini,baaa60749cd04db7952fd8f4ef8ac837,truck,0.5038759708404541,48.18,C,0.0945,0.0,205,0,2170,False
nuscenes_mini,baaa60749cd04db7952fd8f4ef8ac837,car,0.921951174736023,17.44,B,0.0904,0.0143,183,29,2024,False
nuscenes_mini,baaa60749cd04db7952fd8f4ef8ac837,car,0.941605806350708,8.64,A,0.3446,0.083,797,192,2313,True
nuscenes_mini,baaa60749cd04db7952fd8f4ef8ac837,truck,0.8672199249267578,12.14,A,0.3261,0.0465,904,129,2772,True
nuscenes_mini,baaa60749cd04db7952fd8f4ef8ac837,car,0.9179486632347107,7.84,A,0.3232,0.0566,468,82,1448,True
nuscenes_mini,baaa60749cd04db7952fd8f4ef8ac837,car,0.6908212304115295,42.38,C,0.0121,0.0005,47,2,3900,False
nuscenes_mini,baaa60749cd04db7952fd8f4ef8ac837,car,0.6097560524940491,44.47,C,0.03,0.0,37,0,1232,False
nuscenes_mini,baaa60749cd04db7952fd8f4ef8ac837,car,0.8947368264198303,16.46,B,0.1434,0.0262,257,47,1792,True
nuscenes_mini,baaa60749cd04db7952fd8f4ef8ac837,car,0.6097560524940491,40.34,C,0.0187,0.0,53,0,2830,False
nuscenes_mini,baaa60749cd04db7952fd8f4ef8ac837,car,0.9298245906829834,24.63,B,0.0295,0.0059,50,10,1696,False
nuscenes_mini,baaa60749cd04db7952fd8f4ef8ac837,car,0.8241757750511169,25.07,B,0.0322,0.0026,86,7,2673,False
nuscenes_mini,baaa60749cd04db7952fd8f4ef8ac837,car,0.6831682920455933,39.04,C,0.1032,0.0,169,0,1638,True
nuscenes_mini,baaa60749cd04db7952fd8f4ef8ac837,car,0.8865247964859009,12.8,A,0.142,0.0165,670,78,4719,True
nuscenes_mini,baaa60749cd04db7952fd8f4ef8ac837,car,0.8518518805503845,46.73,C,0.0156,0.0,19,0,1216,False
nuscenes_mini,baaa60749cd04db7952fd8f4ef8ac837,car,0.9569892287254333,13.8,A,0.1498,0.0315,362,76,2416,True
nuscenes_mini,baaa60749cd04db7952fd8f4ef8ac837,car,0.7730495929718018,44.33,C,0.0197,0.0042,38,8,1926,False
nuscenes_mini,baaa60749cd04db7952fd8f4ef8ac837,car,0.859649121761322,23.39,B,0.046,0.0043,106,10,2304,False
nuscenes_mini,baaa60749cd04db7952fd8f4ef8ac837,car,0.8709677457809448,36.57,C,0.0049,0.0012,8,2,1632,False
nuscenes_mini,baaa60749cd04db7952fd8f4ef8ac837,car,0.9452055096626282,19.16,B,0.0949,0.0066,246,17,2592,False
nuscenes_mini,baaa60749cd04db7952fd8f4ef8ac837,car,0.8947368264198303,37.06,C,0.0005,0.0018,1,4,2196,False
nuscenes_mini,baaa60749cd04db7952fd8f4ef8ac837,car,0.8947368264198303,30.2,C,0.0246,0.0035,35,5,1421,False
nuscenes_mini,baaa60749cd04db7952fd8f4ef8ac837,car,0.9179486632347107,14.92,A,0.1346,0.0166,146,18,1085,True
nuscenes_mini,baaa60749cd04db7952fd8f4ef8ac837,truck,0.6363636255264282,43.36,C,0.0158,0.0032,49,10,3096,False
nuscenes_mini,baaa60749cd04db7952fd8f4ef8ac837,pedestrian,1.0,12.9,A,0.3571,0.0714,20,4,56,True
nuscenes_mini,baaa60749cd04db7952fd8f4ef8ac837,pedestrian,1.0,12.28,A,0.5,0.0625,24,3,48,True
nuscenes_mini,baaa60749cd04db7952fd8f4ef8ac837,car,0.9259259104728699,8.47,A,0.1954,0.123,197,124,1008,True
nuscenes_mini,baaa60749cd04db7952fd8f4ef8ac837,car,0.9569892287254333,8.39,A,0.403,0.0834,874,181,2169,True
nuscenes_mini,baaa60749cd04db7952fd8f4ef8ac837,car,0.9336099624633789,26.29,B,0.0511,0.0034,121,8,2368,False
nuscenes_mini,baaa60749cd04db7952fd8f4ef8ac837,car,0.9569892287254333,7.57,A,0.365,0.0478,703,92,1926,True
nuscenes_mini,baaa60749cd04db7952fd8f4ef8ac837,car,0.9259259104728699,20.17,B,0.0752,0.0041,111,6,1477,False
nuscenes_mini,baaa60749cd04db7952fd8f4ef8ac837,car,0.949367105960846,23.12,B,0.1217,0.0033,184,5,1512,True
nuscenes_mini,baaa60749cd04db7952fd8f4ef8ac837,car,0.921951174736023,20.35,B,0.1464,0.0132,299,27,2043,True
nuscenes_mini,d7387fb5a21d40a990a5842cca61af1c,pedestrian,1.0,18.68,B,0.2917,0.0208,28,2,96,True
nuscenes_mini,d7387fb5a21d40a990a5842cca61af1c,car,0.8358974456787109,31.31,C,0.0167,0.0066,28,11,1672,False
nuscenes_mini,d7387fb5a21d40a990a5842cca61af1c,car,0.8827838897705078,30.33,C,0.0619,0.0054,104,9,1680,False
nuscenes_mini,d7387fb5a21d40a990a5842cca61af1c,car,0.6952381134033203,35.24,C,0.0087,0.0026,10,3,1152,False
nuscenes_mini,d7387fb5a21d40a990a5842cca61af1c,bus,0.8632478713989258,51.09,C,0.0448,0.0033,217,16,4845,False
nuscenes_mini,d7387fb5a21d40a990a5842cca61af1c,car,0.941605806350708,13.71,A,0.19,0.0408,377,81,1984,True
nuscenes_mini,d7387fb5a21d40a990a5842cca61af1c,truck,0.921951174736023,9.66,A,0.3743,0.0567,1287,195,3438,True
nuscenes_mini,d7387fb5a21d40a990a5842cca61af1c,car,0.6213017702102661,47.8,C,0.0,0.0,0,0,1760,False
nuscenes_mini,d7387fb5a21d40a990a5842cca61af1c,car,0.827957034111023,40.93,C,0.0052,0.0005,10,1,1928,False
nuscenes_mini,d7387fb5a21d40a990a5842cca61af1c,car,0.9101123809814453,14.79,A,0.1317,0.0171,254,33,1928,True
nuscenes_mini,d7387fb5a21d40a990a5842cca61af1c,car,0.8672199249267578,31.16,C,0.0467,0.0097,77,16,1648,False
nuscenes_mini,d7387fb5a21d40a990a5842cca61af1c,car,0.8552036285400391,25.56,B,0.0253,0.0014,37,2,1463,False
nuscenes_mini,d7387fb5a21d40a990a5842cca61af1c,bicycle,0.5395683646202087,17.18,B,0.3889,0.0303,77,6,198,True
nuscenes_mini,d7387fb5a21d40a990a5842cca61af1c,car,0.9179486632347107,23.26,B,0.0208,0.0033,51,8,2457,False
nuscenes_mini,d7387fb5a21d40a990a5842cca61af1c,car,0.6213017702102661,27.73,B,0.1929,0.0,243,0,1260,True
nuscenes_mini,d7387fb5a21d40a990a5842cca61af1c,car,0.7264957427978516,48.56,C,0.0098,0.0017,23,4,2340,False
nuscenes_mini,d7387fb5a21d40a990a5842cca61af1c,car,0.859649121761322,18.94,B,0.0637,0.0086,52,7,816,False
nuscenes_mini,d7387fb5a21d40a990a5842cca61af1c,car,0.8865247964859009,33.43,C,0.022,0.0012,36,2,1638,False
nuscenes_mini,d7387fb5a21d40a990a5842cca61af1c,car,0.8202247023582458,39.25,C,0.062,0.0028,67,3,1080,False
nuscenes_mini,d7387fb5a21d40a990a5842cca61af1c,car,0.6717948913574219,51.53,C,0.0185,0.0,1,0,54,False
nuscenes_mini,d7387fb5a21d40a990a5842cca61af1c,car,0.8128654956817627,33.97,C,0.0108,0.002,11,2,1022,False
nuscenes_mini,d7387fb5a21d40a990a5842cca61af1c,car,0.8750000596046448,28.44,B,0.0209,0.0063,30,9,1432,False
nuscenes_mini,d7387fb5a21d40a990a5842cca61af1c,car,0.827957034111023,27.17,B,0.0,0.0,0,0,1952,False
nuscenes_mini,d7387fb5a21d40a990a5842cca61af1c,truck,0.6097560524940491,46.9,C,0.0207,0.0047,35,8,1692,False
nuscenes_mini,d7387fb5a21d40a990a5842cca61af1c,pedestrian,1.0,26.98,B,0.0,0.0417,0,1,24,False
nuscenes_mini,d7387fb5a21d40a990a5842cca61af1c,pedestrian,1.0,14.75,A,0.0417,0.0,2,0,48,False
nuscenes_mini,d7387fb5a21d40a990a5842cca61af1c,car,0.9649122953414917,10.45,A,0.2506,0.0361,451,65,1800,True
nuscenes_mini,d7387fb5a21d40a990a5842cca61af1c,car,0.96875,8.17,A,0.3167,0.0902,741,211,2340,True
nuscenes_mini,d7387fb5a21d40a990a5842cca61af1c,car,0.9609756469726562,8.66,A,0.3549,0.0585,674,111,1899,True
nuscenes_mini,d7387fb5a21d40a990a5842cca61af1c,car,0.9259259104728699,30.55,C,0.0432,0.0042,82,8,1899,False
nuscenes_mini,d7387fb5a21d40a990a5842cca61af1c,car,0.9649122953414917,7.63,A,0.363,0.0648,493,88,1358,True
nuscenes_mini,d7387fb5a21d40a990a5842cca61af1c,car,0.8672199249267578,24.88,B,0.0156,0.0022,21,3,1344,False
nuscenes_mini,d7387fb5a21d40a990a5842cca61af1c,car,0.9259259104728699,28.49,B,0.114,0.0038,237,8,2079,True
nuscenes_mini,252b65dd79ce4712af1b898b64ea3b98,pedestrian,1.0,14.96,A,0.4835,0.044,44,4,91,True
nuscenes_mini,252b65dd79ce4712af1b898b64ea3b98,car,0.7387754917144775,31.22,C,0.03,0.0062,29,6,966,False
nuscenes_mini,252b65dd79ce4712af1b898b64ea3b98,car,0.7655677795410156,27.47,B,0.0306,0.0061,35,7,1144,False
nuscenes_mini,252b65dd79ce4712af1b898b64ea3b98,car,0.6404494643211365,51.31,C,0.0698,0.0,24,0,344,False
nuscenes_mini,252b65dd79ce4712af1b898b64ea3b98,car,0.8865247964859009,26.16,B,0.1255,0.008,234,15,1864,True
nuscenes_mini,252b65dd79ce4712af1b898b64ea3b98,bus,0.8947368264198303,47.29,C,0.033,0.0019,391,23,11862,False
nuscenes_mini,252b65dd79ce4712af1b898b64ea3b98,pedestrian,1.0,14.88,A,0.5286,0.0429,37,3,70,True
nuscenes_mini,252b65dd79ce4712af1b898b64ea3b98,car,0.941605806350708,10.47,A,0.3826,0.0592,704,109,1840,True
nuscenes_mini,252b65dd79ce4712af1b898b64ea3b98,car,0.6213017702102661,17.64,B,0.1566,0.0164,124,13,792,True
nuscenes_mini,252b65dd79ce4712af1b898b64ea3b98,truck,0.8987342119216919,8.86,A,0.3074,0.045,923,135,3003,True
nuscenes_mini,252b65dd79ce4712af1b898b64ea3b98,car,0.7229437232017517,30.8,C,0.026,0.0058,27,6,1040,False
nuscenes_mini,252b65dd79ce4712af1b898b64ea3b98,car,0.7387754917144775,27.43,B,0.0597,0.0092,117,18,1960,False
nuscenes_mini,252b65dd79ce4712af1b898b64ea3b98,car,0.6167664527893066,28.85,B,0.0548,0.0012,46,1,840,False
nuscenes_mini,252b65dd79ce4712af1b898b64ea3b98,car,0.8128654956817627,22.32,B,0.0984,0.0171,115,20,1169,False
nuscenes_mini,252b65dd79ce4712af1b898b64ea3b98,truck,0.5775577425956726,25.53,B,0.032,0.0029,89,8,2780,False
nuscenes_mini,252b65dd79ce4712af1b898b64ea3b98,pedestrian,1.0,17.22,B,0.0,0.0,0,0,32,False
nuscenes_mini,252b65dd79ce4712af1b898b64ea3b98,pedestrian,1.0,18.12,B,0.0,0.0,0,0,16,False
nuscenes_mini,252b65dd79ce4712af1b898b64ea3b98,car,0.7620818018913269,36.78,C,0.0053,0.0005,11,1,2061,False
nuscenes_mini,252b65dd79ce4712af1b898b64ea3b98,car,0.8012422323226929,33.05,C,0.0226,0.0042,32,6,1416,False
nuscenes_mini,252b65dd79ce4712af1b898b64ea3b98,car,0.8400000333786011,30.4,C,0.008,0.0007,12,1,1496,False
nuscenes_mini,252b65dd79ce4712af1b898b64ea3b98,car,0.9064327478408813,20.03,B,0.1488,0.0128,673,58,4524,True
nuscenes_mini,252b65dd79ce4712af1b898b64ea3b98,car,0.9452055096626282,14.26,A,0.1625,0.0172,538,57,3310,True
nuscenes_mini,252b65dd79ce4712af1b898b64ea3b98,car,0.9179486632347107,21.11,B,0.1214,0.0122,337,34,2776,True
nuscenes_mini,252b65dd79ce4712af1b898b64ea3b98,car,0.8750000596046448,28.34,B,0.0198,0.0,72,0,3630,False
nuscenes_mini,252b65dd79ce4712af1b898b64ea3b98,car,0.7852349281311035,45.72,C,0.0289,0.0005,571,9,19741,False
nuscenes_mini,252b65dd79ce4712af1b898b64ea3b98,car,0.7815700173377991,43.96,C,0.0089,0.0018,10,2,1128,False
nuscenes_mini,252b65dd79ce4712af1b898b64ea3b98,car,0.8904109597206116,27.55,B,0.0425,0.002,86,4,2024,False
nuscenes_mini,252b65dd79ce4712af1b898b64ea3b98,truck,0.6604774594306946,51.59,C,0.0729,0.0,42,0,576,False
nuscenes_mini,252b65dd79ce4712af1b898b64ea3b98,car,0.8987342119216919,9.64,A,0.3411,0.0646,897,170,2630,True
nuscenes_mini,252b65dd79ce4712af1b898b64ea3b98,truck,0.859649121761322,8.16,A,0.3704,0.0806,960,209,2592,True
nuscenes_mini,252b65dd79ce4712af1b898b64ea3b98,car,0.9532163739204407,9.37,A,0.3017,0.0622,519,107,1720,True
nuscenes_mini,252b65dd79ce4712af1b898b64ea3b98,car,0.9375000596046448,13.86,A,0.2549,0.024,414,39,1624,True
nuscenes_mini,252b65dd79ce4712af1b898b64ea3b98,car,0.9452055096626282,26.38,B,0.0406,0.0082,114,23,2808,False
nuscenes_mini,252b65dd79ce4712af1b898b64ea3b98,car,0.5747508406639099,29.87,B,0.0,0.0,0,0,1356,False
nuscenes_mini,0d7263a5b8264cad996582d6219ef1f2,car,0.7104072570800781,31.87,C,0.0183,0.0024,23,3,1260,False
nuscenes_mini,0d7263a5b8264cad996582d6219ef1f2,car,0.7419355511665344,29.19,B,0.0152,0.0018,17,2,1120,False
nuscenes_mini,0d7263a5b8264cad996582d6219ef1f2,car,0.6332378387451172,39.45,C,0.0,0.0007,0,1,1512,False
nuscenes_mini,0d7263a5b8264cad996582d6219ef1f2,car,0.9024390578269958,21.65,B,0.0775,0.0066,142,12,1832,False
nuscenes_mini,0d7263a5b8264cad996582d6219ef1f2,car,0.6332378387451172,38.48,C,0.0,0.0,0,0,1190,False
nuscenes_mini,0d7263a5b8264cad996582d6219ef1f2,car,0.6289855241775513,35.7,C,0.0271,0.0,30,0,1106,False
nuscenes_mini,0d7263a5b8264cad996582d6219ef1f2,bus,0.8048780560493469,42.81,C,0.0224,0.0016,367,27,16416,False
nuscenes_mini,0d7263a5b8264cad996582d6219ef1f2,truck,0.6213017702102661,49.53,C,0.0013,0.0,2,0,1485,False
nuscenes_mini,0d7263a5b8264cad996582d6219ef1f2,truck,0.5897435545921326,49.86,C,0.0549,0.0032,305,18,5552,False
nuscenes_mini,0d7263a5b8264cad996582d6219ef1f2,pedestrian,1.0,11.4,A,0.6771,0.0833,65,8,96,True
nuscenes_mini,0d7263a5b8264cad996582d6219ef1f2,pedestrian,1.0,7.58,A,0.1875,0.3125,9,15,48,True
nuscenes_mini,0d7263a5b8264cad996582d6219ef1f2,car,0.9569892287254333,8.39,A,0.3142,0.0972,475,147,1512,True
nuscenes_mini,0d7263a5b8264cad996582d6219ef1f2,car,0.6097560524940491,24.94,B,0.0299,0.003,40,4,1336,False
nuscenes_mini,0d7263a5b8264cad996582d6219ef1f2,car,0.7419355511665344,23.75,B,0.0612,0.0101,115,19,1880,False
nuscenes_mini,0d7263a5b8264cad996582d6219ef1f2,car,0.5747508406639099,28.91,B,0.0331,0.0026,103,8,3114,False
nuscenes_mini,0d7263a5b8264cad996582d6219ef1f2,car,0.5631399154663086,34.41,C,0.0376,0.0021,90,5,2394,False
nuscenes_mini,0d7263a5b8264cad996582d6219ef1f2,car,0.6332378387451172,36.97,C,0.0483,0.0027,107,6,2214,False
nuscenes_mini,0d7263a5b8264cad996582d6219ef1f2,pedestrian,1.0,20.45,B,0.0,0.0,0,0,35,False
nuscenes_mini,0d7263a5b8264cad996582d6219ef1f2,pedestrian,1.0,21.0,B,0.0714,0.0,2,0,28,False
nuscenes_mini,0d7263a5b8264cad996582d6219ef1f2,car,0.9259259104728699,24.2,B,0.0783,0.0129,262,43,3344,False
nuscenes_mini,0d7263a5b8264cad996582d6219ef1f2,car,0.8324607610702515,35.5,C,0.0208,0.0,25,0,1200,False
nuscenes_mini,0d7263a5b8264cad996582d6219ef1f2,car,0.9259259104728699,25.11,B,0.0868,0.0077,236,21,2718,False
nuscenes_mini,0d7263a5b8264cad996582d6219ef1f2,car,0.9336099624633789,14.53,A,0.1887,0.0109,467,27,2475,True
nuscenes_mini,0d7263a5b8264cad996582d6219ef1f2,car,0.5816993117332458,42.29,C,0.0,0.0,0,0,1260,False
nuscenes_mini,0d7263a5b8264cad996582d6219ef1f2,car,0.8987342119216919,38.58,C,0.0,0.0,0,0,2034,False
nuscenes_mini,0d7263a5b8264cad996582d6219ef1f2,car,0.9569892287254333,12.89,A,0.193,0.0344,483,86,2502,True
nuscenes_mini,0d7263a5b8264cad996582d6219ef1f2,car,0.8324607610702515,31.56,C,0.0252,0.0029,44,5,1746,False
nuscenes_mini,0d7263a5b8264cad996582d6219ef1f2,car,0.7500000596046448,37.23,C,0.0183,0.0017,32,3,1750,False
nuscenes_mini,0d7263a5b8264cad996582d6219ef1f2,car,0.9259259104728699,8.26,A,0.2293,0.0982,376,161,1640,True
nuscenes_mini,0d7263a5b8264cad996582d6219ef1f2,car,0.9139785170555115,11.98,A,0.2289,0.048,377,79,1647,True
nuscenes_mini,0d7263a5b8264cad996582d6219ef1f2,truck,0.8709677457809448,8.86,A,0.4088,0.0657,1214,195,2970,True
nuscenes_mini,0d7263a5b8264cad996582d6219ef1f2,car,0.8904109597206116,27.26,B,0.1163,0.0074,329,21,2830,True
nuscenes_mini,0d7263a5b8264cad996582d6219ef1f2,car,0.9259259104728699,23.58,B,0.1281,0.0044,289,10,2256,True
nuscenes_mini,0d7263a5b8264cad996582d6219ef1f2,car,0.9139785170555115,14.21,A,0.1354,0.0131,279,27,2061,True
nuscenes_mini,0d7263a5b8264cad996582d6219ef1f2,bicycle,0.5816993117332458,15.83,B,0.5902,0.0049,121,1,205,True
nuscenes_mini,0d7263a5b8264cad996582d6219ef1f2,truck,0.6012461185455322,24.43,B,0.0605,0.0052,128,11,2115,False
nuscenes_mini,8017a35b9b5e476289a89bd098a4a1d1,car,0.5747508406639099,52.07,C,0.0,0.0,0,0,270,False
nuscenes_mini,8017a35b9b5e476289a89bd098a4a1d1,car,0.7620818018913269,35.98,C,0.0,0.0011,0,1,912,False
nuscenes_mini,8017a35b9b5e476289a89bd098a4a1d1,car,0.7142857313156128,26.85,B,0.0429,0.0,57,0,1330,False
nuscenes_mini,8017a35b9b5e476289a89bd098a4a1d1,car,0.9259259104728699,18.33,B,0.2203,0.0099,400,18,1816,True
nuscenes_mini,8017a35b9b5e476289a89bd098a4a1d1,car,0.7229437232017517,34.99,C,0.0096,0.0009,11,1,1148,False
nuscenes_mini,8017a35b9b5e476289a89bd098a4a1d1,car,0.6908212304115295,37.69,C,0.0162,0.0031,36,7,2223,False
nuscenes_mini,8017a35b9b5e476289a89bd098a4a1d1,bus,0.9139785170555115,39.81,C,0.02,0.0024,293,35,14634,False
nuscenes_mini,8017a35b9b5e476289a89bd098a4a1d1,truck,0.7264957427978516,47.71,C,0.0677,0.0011,193,3,2850,False
nuscenes_mini,8017a35b9b5e476289a89bd098a4a1d1,truck,0.6952381134033203,46.4,C,0.1066,0.0069,527,34,4942,True
nuscenes_mini,8017a35b9b5e476289a89bd098a4a1d1,pedestrian,1.0,9.45,A,0.65,0.1625,52,13,80,True
nuscenes_mini,8017a35b9b5e476289a89bd098a4a1d1,car,0.7655677795410156,25.71,B,0.0352,0.0032,67,6,1904,False
nuscenes_mini,8017a35b9b5e476289a89bd098a4a1d1,car,0.5311355590820312,34.14,C,0.0514,0.0,45,0,876,False
nuscenes_mini,8017a35b9b5e476289a89bd098a4a1d1,car,0.6444444060325623,20.11,B,0.1419,0.0114,373,30,2629,True
nuscenes_mini,8017a35b9b5e476289a89bd098a4a1d1,car,0.8358974456787109,21.13,B,0.0824,0.0166,149,30,1808,False
nuscenes_mini,8017a35b9b5e476289a89bd098a4a1d1,car,0.8012422323226929,32.8,C,0.0161,0.0021,39,5,2421,False
nuscenes_mini,8017a35b9b5e476289a89bd098a4a1d1,car,0.6952381134033203,27.66,B,0.0244,0.0,33,0,1351,False
nuscenes_mini,8017a35b9b5e476289a89bd098a4a1d1,car,0.8048780560493469,30.82,C,0.106,0.0068,249,16,2350,True
nuscenes_mini,8017a35b9b5e476289a89bd098a4a1d1,car,0.7655677795410156,30.49,C,0.0473,0.0012,153,4,3234,False
nuscenes_mini,8017a35b9b5e476289a89bd098a4a1d1,pedestrian,1.0,23.66,B,0.3333,0.0,12,0,36,True
nuscenes_mini,8017a35b9b5e476289a89bd098a4a1d1,pedestrian,1.0,22.84,B,0.3571,0.0357,10,1,28,True
nuscenes_mini,8017a35b9b5e476289a89bd098a4a1d1,car,0.9101123809814453,27.62,B,0.0959,0.0137,308,44,3212,False
nuscenes_mini,8017a35b9b5e476289a89bd098a4a1d1,car,0.7620818018913269,37.28,C,0.0186,0.0008,22,1,1184,False
nuscenes_mini,8017a35b9b5e476289a89bd098a4a1d1,car,0.7344398498535156,43.06,C,0.007,0.0005,13,1,1860,False
nuscenes_mini,8017a35b9b5e476289a89bd098a4a1d1,car,0.8709677457809448,28.42,B,0.0551,0.0148,115,31,2088,False
nuscenes_mini,8017a35b9b5e476289a89bd098a4a1d1,car,0.949367105960846,15.49,B,0.1614,0.0184,430,49,2664,True
nuscenes_mini,8017a35b9b5e476289a89bd098a4a1d1,car,0.8947368264198303,35.45,C,0.0146,0.0013,33,3,2260,False
nuscenes_mini,8017a35b9b5e476289a89bd098a4a1d1,car,0.949367105960846,15.94,B,0.1746,0.0285,331,54,1896,True
nuscenes_mini,8017a35b9b5e476289a89bd098a4a1d1,car,0.9139785170555115,18.39,B,0.1009,0.0074,217,16,2151,True
nuscenes_mini,8017a35b9b5e476289a89bd098a4a1d1,car,0.8632478713989258,34.75,C,0.0,0.0,0,0,1458,False
nuscenes_mini,8017a35b9b5e476289a89bd098a4a1d1,car,0.9336099624633789,21.25,B,0.1176,0.0097,256,21,2176,True
nuscenes_mini,8017a35b9b5e476289a89bd098a4a1d1,car,0.9452055096626282,7.78,A,0.3517,0.1089,549,170,1561,True
nuscenes_mini,8017a35b9b5e476289a89bd098a4a1d1,truck,0.8400000333786011,10.57,A,0.3525,0.0464,882,116,2502,True
nuscenes_mini,8017a35b9b5e476289a89bd098a4a1d1,car,0.8904109597206116,29.67,B,0.0121,0.0051,33,14,2730,False
nuscenes_mini,8017a35b9b5e476289a89bd098a4a1d1,car,0.941605806350708,16.27,B,0.0751,0.012,169,27,2250,False
nuscenes_mini,8017a35b9b5e476289a89bd098a4a1d1,car,0.9179486632347107,26.83,B,0.0664,0.0009,214,3,3222,False
nuscenes_mini,8017a35b9b5e476289a89bd098a4a1d1,bicycle,0.5897435545921326,24.54,B,0.2743,0.0057,48,1,175,True
nuscenes_mini,8017a35b9b5e476289a89bd098a4a1d1,bicycle,0.5775577425956726,25.33,B,0.1495,0.0352,68,16,455,True
nuscenes_mini,8017a35b9b5e476289a89bd098a4a1d1,bicycle,0.5747508406639099,16.38,B,0.52,0.024,65,3,125,True
nuscenes_mini,8580e9a249b64b59bead9d80c0e13e8b,car,0.6444444060325623,35.98,C,0.0,0.0,0,0,1344,False
nuscenes_mini,8580e9a249b64b59bead9d80c0e13e8b,car,0.7264957427978516,32.47,C,0.0289,0.0038,38,5,1316,False
nuscenes_mini,8580e9a249b64b59bead9d80c0e13e8b,car,0.9336099624633789,15.26,B,0.2595,0.0234,521,47,2008,True
nuscenes_mini,8580e9a249b64b59bead9d80c0e13e8b,car,0.6878048777580261,33.96,C,0.0132,0.0018,30,4,2277,False
nuscenes_mini,8580e9a249b64b59bead9d80c0e13e8b,bus,0.9064327478408813,36.39,C,0.0194,0.0028,265,38,13662,False
nuscenes_mini,8580e9a249b64b59bead9d80c0e13e8b,truck,0.7770034670829773,44.69,C,0.0453,0.0012,113,3,2493,False
nuscenes_mini,8580e9a249b64b59bead9d80c0e13e8b,truck,0.6952381134033203,43.17,C,0.0999,0.0069,547,38,5473,False
nuscenes_mini,8580e9a249b64b59bead9d80c0e13e8b,pedestrian,1.0,8.7,A,0.5694,0.2083,41,15,72,True
nuscenes_mini,8580e9a249b64b59bead9d80c0e13e8b,car,0.9101123809814453,14.7,A,0.1455,0.0339,163,38,1120,True
nuscenes_mini,8580e9a249b64b59bead9d80c0e13e8b,car,0.5395683646202087,19.48,B,0.126,0.0144,96,11,762,True
nuscenes_mini,8580e9a249b64b59bead9d80c0e13e8b,car,0.6908212304115295,45.12,C,0.0385,0.0023,68,4,1764,False
nuscenes_mini,8580e9a249b64b59bead9d80c0e13e8b,car,0.6683937907218933,32.16,C,0.0283,0.0037,61,8,2152,False
nuscenes_mini,8580e9a249b64b59bead9d80c0e13e8b,car,0.7104072570800781,33.57,C,0.0126,0.0021,18,3,1424,False
nuscenes_mini,8580e9a249b64b59bead9d80c0e13e8b,car,0.7387754917144775,29.85,B,0.0469,0.0014,66,2,1407,False
nuscenes_mini,8580e9a249b64b59bead9d80c0e13e8b,car,0.8160918951034546,19.86,B,0.0816,0.0113,94,13,1152,False
nuscenes_mini,8580e9a249b64b59bead9d80c0e13e8b,car,0.7299578189849854,25.01,B,0.0384,0.0032,60,5,1561,False
nuscenes_mini,8580e9a249b64b59bead9d80c0e13e8b,car,0.827957034111023,33.53,C,0.0322,0.0035,46,5,1428,False
nuscenes_mini,8580e9a249b64b59bead9d80c0e13e8b,car,0.7387754917144775,46.12,C,0.0,0.0,0,0,1360,False
nuscenes_mini,8580e9a249b64b59bead9d80c0e13e8b,car,0.8324607610702515,21.63,B,0.0955,0.0091,147,14,1540,False
nuscenes_mini,8580e9a249b64b59bead9d80c0e13e8b,car,0.5151515007019043,50.01,C,0.0065,0.0026,5,2,774,False
nuscenes_mini,8580e9a249b64b59bead9d80c0e13e8b,car,0.7344398498535156,31.85,C,0.0306,0.0041,37,5,1208,False
nuscenes_mini,8580e9a249b64b59bead9d80c0e13e8b,car,0.6097560524940491,22.1,B,0.0146,0.0036,12,3,822,False
nuscenes_mini,8580e9a249b64b59bead9d80c0e13e8b,car,0.7968254089355469,23.48,B,0.0299,0.0038,55,7,1840,False
nuscenes_mini,8580e9a249b64b59bead9d80c0e13e8b,car,0.8358974456787109,29.9,B,0.0459,0.0021,65,3,1416,False
nuscenes_mini,8580e9a249b64b59bead9d80c0e13e8b,car,0.8128654956817627,29.65,B,0.0798,0.0048,198,12,2480,False
nuscenes_mini,8580e9a249b64b59bead9d80c0e13e8b,car,0.8672199249267578,18.93,B,0.185,0.0155,215,18,1162,True
nuscenes_mini,8580e9a249b64b59bead9d80c0e13e8b,car,0.6800000071525574,28.77,B,0.1122,0.0022,257,5,2290,True
nuscenes_mini,8580e9a249b64b59bead9d80c0e13e8b,car,0.8358974456787109,21.35,B,0.0656,0.0045,116,8,1768,False
nuscenes_mini,8580e9a249b64b59bead9d80c0e13e8b,car,0.8324607610702515,31.48,C,0.0252,0.0094,32,12,1272,False
nuscenes_mini,8580e9a249b64b59bead9d80c0e13e8b,car,0.8827838897705078,35.56,C,0.0151,0.0018,42,5,2783,False
nuscenes_mini,8580e9a249b64b59bead9d80c0e13e8b,car,0.9336099624633789,18.7,B,0.115,0.0206,207,37,1800,True
nuscenes_mini,8580e9a249b64b59bead9d80c0e13e8b,car,0.8865247964859009,30.59,C,0.0393,0.0099,95,24,2420,False
nuscenes_mini,8580e9a249b64b59bead9d80c0e13e8b,car,0.8358974456787109,36.56,C,0.0249,0.0034,22,3,882,False
nuscenes_mini,8580e9a249b64b59bead9d80c0e13e8b,car,0.8552036285400391,31.61,C,0.0122,0.0006,19,1,1552,False
nuscenes_mini,8580e9a249b64b59bead9d80c0e13e8b,car,0.7387754917144775,38.36,C,0.0,0.0,0,0,1224,False
nuscenes_mini,8580e9a249b64b59bead9d80c0e13e8b,car,0.921951174736023,24.46,B,0.0413,0.0039,85,8,2056,False
nuscenes_mini,8580e9a249b64b59bead9d80c0e13e8b,truck,0.8358974456787109,13.79,A,0.2128,0.0175,899,74,4224,True
nuscenes_mini,8580e9a249b64b59bead9d80c0e13e8b,pedestrian,1.0,8.68,A,0.6,0.2,48,16,80,True
nuscenes_mini,8580e9a249b64b59bead9d80c0e13e8b,car,0.949367105960846,8.95,A,0.292,0.0564,466,90,1596,True
nuscenes_mini,8580e9a249b64b59bead9d80c0e13e8b,car,0.9064327478408813,17.88,B,0.1025,0.0112,238,26,2322,True
nuscenes_mini,8580e9a249b64b59bead9d80c0e13e8b,car,0.7815700173377991,32.74,C,0.0,0.0,0,0,984,False
nuscenes_mini,8580e9a249b64b59bead9d80c0e13e8b,car,0.7928802371025085,35.02,C,0.0391,0.002,116,6,2970,False
nuscenes_mini,8580e9a249b64b59bead9d80c0e13e8b,bicycle,0.6604774594306946,27.36,B,0.1127,0.0185,73,12,648,True
nuscenes_mini,8580e9a249b64b59bead9d80c0e13e8b,bicycle,0.518796980381012,19.04,B,0.46,0.0067,69,1,150,True
nuscenes_mini,5f3fc3c1d08b47cabc1bbca600abbfa8,car,0.7815700173377991,31.66,C,0.0275,0.0042,39,6,1416,False
nuscenes_mini,5f3fc3c1d08b47cabc1bbca600abbfa8,car,0.941605806350708,12.56,A,0.1969,0.0411,345,72,1752,True
nuscenes_mini,5f3fc3c1d08b47cabc1bbca600abbfa8,car,0.5540069937705994,38.49,C,0.0117,0.0,13,0,1113,False
nuscenes_mini,5f3fc3c1d08b47cabc1bbca600abbfa8,car,0.5704697966575623,46.45,C,0.0,0.0,0,0,2040,False
nuscenes_mini,5f3fc3c1d08b47cabc1bbca600abbfa8,car,0.7968254089355469,29.89,B,0.0219,0.0046,19,4,868,False
nuscenes_mini,5f3fc3c1d08b47cabc1bbca600abbfa8,car,0.7299578189849854,36.33,C,0.0109,0.0009,25,2,2295,False
nuscenes_mini,5f3fc3c1d08b47cabc1bbca600abbfa8,bus,0.9101123809814453,33.62,C,0.039,0.0041,589,62,15084,False
nuscenes_mini,5f3fc3c1d08b47cabc1bbca600abbfa8,truck,0.7968254089355469,47.29,C,0.0113,0.001,45,4,3972,False
nuscenes_mini,5f3fc3c1d08b47cabc1bbca600abbfa8,truck,0.6995305418968201,40.26,C,0.0964,0.0044,794,36,8240,False
nuscenes_mini,5f3fc3c1d08b47cabc1bbca600abbfa8,car,0.9375000596046448,12.25,A,0.2228,0.0413,421,78,1890,True
nuscenes_mini,5f3fc3c1d08b47cabc1bbca600abbfa8,car,0.8128654956817627,29.33,B,0.0498,0.0079,113,18,2268,False
nuscenes_mini,5f3fc3c1d08b47cabc1bbca600abbfa8,car,0.7037037014961243,36.16,C,0.0184,0.0012,15,1,816,False
nuscenes_mini,5f3fc3c1d08b47cabc1bbca600abbfa8,car,0.7575758099555969,46.85,C,0.0,0.0,0,0,2208,False
nuscenes_mini,5f3fc3c1d08b47cabc1bbca600abbfa8,car,0.8202247023582458,16.75,B,0.0751,0.0152,119,24,1584,False
nuscenes_mini,5f3fc3c1d08b47cabc1bbca600abbfa8,car,0.8241757750511169,21.25,B,0.0446,0.0043,104,10,2331,False
nuscenes_mini,5f3fc3c1d08b47cabc1bbca600abbfa8,car,0.7730495929718018,21.79,B,0.0999,0.0034,175,6,1752,False
nuscenes_mini,5f3fc3c1d08b47cabc1bbca600abbfa8,car,0.7142857313156128,26.55,B,0.1263,0.0052,97,4,768,True
nuscenes_mini,5f3fc3c1d08b47cabc1bbca600abbfa8,car,0.719298243522644,31.41,C,0.0362,0.0017,131,6,3619,False
nuscenes_mini,5f3fc3c1d08b47cabc1bbca600abbfa8,car,0.6363636255264282,47.2,C,0.0,0.0,0,0,7404,False
nuscenes_mini,5f3fc3c1d08b47cabc1bbca600abbfa8,car,0.8241757750511169,19.7,B,0.0669,0.0091,118,16,1764,False
nuscenes_mini,5f3fc3c1d08b47cabc1bbca600abbfa8,car,0.827957034111023,18.25,B,0.1203,0.011,263,24,2187,True
nuscenes_mini,5f3fc3c1d08b47cabc1bbca600abbfa8,car,0.7387754917144775,29.2,B,0.044,0.0053,99,12,2250,False
nuscenes_mini,5f3fc3c1d08b47cabc1bbca600abbfa8,car,0.6952381134033203,27.18,B,0.1278,0.0035,183,5,1432,True
nuscenes_mini,5f3fc3c1d08b47cabc1bbca600abbfa8,car,0.8476190567016602,24.16,B,0.0682,0.0086,119,15,1744,False
nuscenes_mini,5f3fc3c1d08b47cabc1bbca600abbfa8,car,0.9139785170555115,21.16,B,0.047,0.0163,104,36,2214,False
nuscenes_mini,5f3fc3c1d08b47cabc1bbca600abbfa8,car,0.6604774594306946,49.0,C,0.0,0.0,0,0,848,False
nuscenes_mini,5f3fc3c1d08b47cabc1bbca600abbfa8,car,0.8865247964859009,30.01,C,0.0528,0.0036,161,11,3050,False
nuscenes_mini,5f3fc3c1d08b47cabc1bbca600abbfa8,car,0.921951174736023,21.66,B,0.2139,0.0109,450,23,2104,True
nuscenes_mini,5f3fc3c1d08b47cabc1bbca600abbfa8,car,0.8083832263946533,34.54,C,0.0407,0.0065,44,7,1080,False
nuscenes_mini,5f3fc3c1d08b47cabc1bbca600abbfa8,car,0.6831682920455933,44.51,C,0.0953,0.0026,180,5,1888,False
nuscenes_mini,5f3fc3c1d08b47cabc1bbca600abbfa8,car,0.8904109597206116,33.67,C,0.0271,0.0101,67,25,2470,False
nuscenes_mini,5f3fc3c1d08b47cabc1bbca600abbfa8,car,0.8048780560493469,34.56,C,0.0352,0.0067,63,12,1792,False
nuscenes_mini,5f3fc3c1d08b47cabc1bbca600abbfa8,car,0.9064327478408813,27.44,B,0.0283,0.0033,51,6,1800,False
nuscenes_mini,5f3fc3c1d08b47cabc1bbca600abbfa8,pedestrian,1.0,9.32,A,0.6,0.1625,48,13,80,True
nuscenes_mini,5f3fc3c1d08b47cabc1bbca600abbfa8,car,0.9375000596046448,10.63,A,0.2196,0.0456,332,69,1512,True
nuscenes_mini,5f3fc3c1d08b47cabc1bbca600abbfa8,car,0.9259259104728699,20.25,B,0.064,0.009,163,23,2547,False
nuscenes_mini,5f3fc3c1d08b47cabc1bbca600abbfa8,car,0.8518518805503845,32.46,C,0.0109,0.0011,10,1,918,False
nuscenes_mini,5f3fc3c1d08b47cabc1bbca600abbfa8,car,0.6483516097068787,41.9,C,0.0647,0.0,67,0,1036,False
nuscenes_mini,5f3fc3c1d08b47cabc1bbca600abbfa8,bicycle,0.6097560524940491,19.37,B,0.4457,0.0217,41,2,92,True
nuscenes_mini,5f3fc3c1d08b47cabc1bbca600abbfa8,bicycle,0.5395683646202087,29.99,B,0.0702,0.0075,28,3,399,False
nuscenes_mini,7ff999a1242e4573a81dd3a6f0c158a2,car,0.7655677795410156,31.97,C,0.0178,0.0013,40,3,2241,False
nuscenes_mini,7ff999a1242e4573a81dd3a6f0c158a2,car,0.921951174736023,10.47,A,0.161,0.0322,170,34,1056,True
nuscenes_mini,7ff999a1242e4573a81dd3a6f0c158a2,car,0.597484290599823,34.09,C,0.0072,0.0,7,0,966,False
nuscenes_mini,7ff999a1242e4573a81dd3a6f0c158a2,car,0.6213017702102661,43.33,C,0.0,0.0,0,0,912,False
nuscenes_mini,7ff999a1242e4573a81dd3a6f0c158a2,car,0.7104072570800781,29.02,B,0.0106,0.0021,15,3,1421,False
nuscenes_mini,7ff999a1242e4573a81dd3a6f0c158a2,bus,0.8865247964859009,30.51,C,0.0205,0.0034,321,54,15694,False
nuscenes_mini,7ff999a1242e4573a81dd3a6f0c158a2,truck,0.8128654956817627,42.16,C,0.035,0.004,121,14,3460,False
nuscenes_mini,7ff999a1242e4573a81dd3a6f0c158a2,construction_vehicle,0.5631399154663086,37.32,C,0.1223,0.0058,757,36,6188,True
nuscenes_mini,7ff999a1242e4573a81dd3a6f0c158a2,pedestrian,1.0,9.29,A,0.1667,0.0,4,0,24,True
nuscenes_mini,7ff999a1242e4573a81dd3a6f0c158a2,car,0.9649122953414917,9.54,A,0.2804,0.0737,525,138,1872,True
nuscenes_mini,7ff999a1242e4573a81dd3a6f0c158a2,car,0.7730495929718018,27.14,B,0.0489,0.006,74,9,1512,False
nuscenes_mini,7ff999a1242e4573a81dd3a6f0c158a2,car,0.7299578189849854,32.12,C,0.0148,0.0016,18,2,1218,False
nuscenes_mini,7ff999a1242e4573a81dd3a6f0c158a2,car,0.7887788414955139,28.67,B,0.0274,0.0039,77,11,2810,False
nuscenes_mini,7ff999a1242e4573a81dd3a6f0c158a2,car,0.7770034670829773,32.07,C,0.0516,0.0024,85,4,1648,False
nuscenes_mini,7ff999a1242e4573a81dd3a6f0c158a2,car,0.7770034670829773,20.49,B,0.0433,0.0057,113,15,2610,False
nuscenes_mini,7ff999a1242e4573a81dd3a6f0c158a2,car,0.8518518805503845,15.8,B,0.1541,0.0241,249,39,1616,True
nuscenes_mini,7ff999a1242e4573a81dd3a6f0c158a2,car,0.7299578189849854,24.83,B,0.1027,0.0068,120,8,1169,True
nuscenes_mini,7ff999a1242e4573a81dd3a6f0c158a2,car,0.7730495929718018,28.51,B,0.029,0.0039,60,8,2070,False
nuscenes_mini,7ff999a1242e4573a81dd3a6f0c158a2,car,0.8324607610702515,16.54,B,0.0951,0.0094,232,23,2440,False
nuscenes_mini,7ff999a1242e4573a81dd3a6f0c158a2,car,0.8358974456787109,17.6,B,0.0779,0.0148,142,27,1824,False
nuscenes_mini,7ff999a1242e4573a81dd3a6f0c158a2,car,0.8202247023582458,18.84,B,0.0829,0.0081,173,17,2088,False
nuscenes_mini,7ff999a1242e4573a81dd3a6f0c158a2,car,0.7229437232017517,25.77,B,0.0086,0.0008,11,1,1274,False
nuscenes_mini,7ff999a1242e4573a81dd3a6f0c158a2,car,0.675126850605011,40.45,C,0.0,0.0,0,0,864,False
nuscenes_mini,7ff999a1242e4573a81dd3a6f0c158a2,car,0.9375000596046448,13.45,A,0.1749,0.0327,417,78,2384,True
nuscenes_mini,7ff999a1242e4573a81dd3a6f0c158a2,car,0.8750000596046448,24.67,B,0.0,0.0,0,0,3885,False
nuscenes_mini,7ff999a1242e4573a81dd3a6f0c158a2,car,0.9259259104728699,22.33,B,0.1188,0.0096,198,16,1666,True
nuscenes_mini,7ff999a1242e4573a81dd3a6f0c158a2,car,0.9064327478408813,24.52,B,0.0996,0.0114,192,22,1928,False
nuscenes_mini,7ff999a1242e4573a81dd3a6f0c158a2,car,0.8048780560493469,36.96,C,0.0273,0.0052,58,11,2124,False
nuscenes_mini,7ff999a1242e4573a81dd3a6f0c158a2,car,0.8632478713989258,29.79,B,0.0265,0.0011,47,2,1773,False
nuscenes_mini,7ff999a1242e4573a81dd3a6f0c158a2,car,0.8709677457809448,36.87,C,0.0043,0.0019,9,4,2088,False
nuscenes_mini,7ff999a1242e4573a81dd3a6f0c158a2,car,0.8202247023582458,27.03,B,0.0331,0.0023,57,4,1720,False
nuscenes_mini,7ff999a1242e4573a81dd3a6f0c158a2,car,0.9064327478408813,24.17,B,0.0416,0.0077,92,17,2214,False
nuscenes_mini,7ff999a1242e4573a81dd3a6f0c158a2,truck,0.9064327478408813,18.78,B,0.1014,0.012,373,44,3680,True
nuscenes_mini,7ff999a1242e4573a81dd3a6f0c158a2,pedestrian,1.0,10.71,A,0.625,0.1786,35,10,56,True
nuscenes_mini,7ff999a1242e4573a81dd3a6f0c158a2,car,0.6363636255264282,33.22,C,0.0461,0.0008,56,1,1216,False
nuscenes_mini,7ff999a1242e4573a81dd3a6f0c158a2,car,0.7229437232017517,41.69,C,0.035,0.001,142,4,4056,False
nuscenes_mini,7ff999a1242e4573a81dd3a6f0c158a2,car,0.6012461185455322,44.63,C,0.0204,0.0009,67,3,3289,False
nuscenes_mini,7ff999a1242e4573a81dd3a6f0c158a2,car,0.6640419960021973,28.04,B,0.0461,0.0061,45,6,976,False
nuscenes_mini,7ff999a1242e4573a81dd3a6f0c158a2,car,0.8241757750511169,27.55,B,0.0826,0.0099,133,16,1611,False
nuscenes_mini,7ff999a1242e4573a81dd3a6f0c158a2,car,0.5661016702651978,48.75,C,0.0387,0.0,53,0,1368,False
nuscenes_mini,7ff999a1242e4573a81dd3a6f0c158a2,car,0.7852349281311035,46.11,C,0.0013,0.0,2,0,1560,False
nuscenes_mini,7ff999a1242e4573a81dd3a6f0c158a2,car,0.6717948913574219,29.01,B,0.0397,0.0009,93,2,2340,False
nuscenes_mini,7ff999a1242e4573a81dd3a6f0c158a2,car,0.597484290599823,47.95,C,0.0451,0.0,42,0,931,False
nuscenes_mini,7ff999a1242e4573a81dd3a6f0c158a2,bicycle,0.7229437232017517,30.6,C,0.1349,0.0047,29,1,215,True
nuscenes_mini,7ff999a1242e4573a81dd3a6f0c158a2,bicycle,0.5897435545921326,22.2,B,0.125,0.0,8,0,64,True
nuscenes_mini,0402e40724984f3b833496067d46c771,car,0.6132930517196655,43.5,C,0.0041,0.0,6,0,1470,False
nuscenes_mini,0402e40724984f3b833496067d46c771,car,0.6404494643211365,31.56,C,0.0,0.0,0,0,1204,False
nuscenes_mini,0402e40724984f3b833496067d46c771,car,0.6800000071525574,29.83,B,0.0228,0.005,23,5,1008,False
nuscenes_mini,0402e40724984f3b833496067d46c771,car,0.6132930517196655,33.31,C,0.0143,0.0,17,0,1190,False
nuscenes_mini,0402e40724984f3b833496067d46c771,car,0.5428571701049805,41.68,C,0.002,0.0007,3,1,1464,False
nuscenes_mini,0402e40724984f3b833496067d46c771,bus,0.8904109597206116,26.89,B,0.0506,0.0047,663,61,13091,False
nuscenes_mini,0402e40724984f3b833496067d46c771,truck,0.7538461089134216,38.87,C,0.054,0.0049,189,17,3500,False
nuscenes_mini,0402e40724984f3b833496067d46c771,construction_vehicle,0.5661016702651978,33.11,C,0.1754,0.004,2543,58,14500,True
nuscenes_mini,0402e40724984f3b833496067d46c771,pedestrian,1.0,6.78,A,0.119,0.119,5,5,42,True
nuscenes_mini,0402e40724984f3b833496067d46c771,car,0.9649122953414917,7.11,A,0.3637,0.09,675,167,1856,True
nuscenes_mini,0402e40724984f3b833496067d46c771,car,0.6717948913574219,23.87,B,0.1006,0.0014,144,2,1431,True
nuscenes_mini,0402e40724984f3b833496067d46c771,car,0.6604774594306946,34.22,C,0.0058,0.0007,8,1,1386,False
nuscenes_mini,0402e40724984f3b833496067d46c771,car,0.6878048777580261,28.76,B,0.0381,0.0,51,0,1337,False
nuscenes_mini,0402e40724984f3b833496067d46c771,car,0.7620818018913269,18.12,B,0.1107,0.0107,248,24,2241,True
nuscenes_mini,0402e40724984f3b833496067d46c771,car,0.8048780560493469,15.34,B,0.1367,0.0202,278,41,2034,True
nuscenes_mini,0402e40724984f3b833496067d46c771,car,0.8083832263946533,16.72,B,0.1051,0.0129,229,28,2178,True
nuscenes_mini,0402e40724984f3b833496067d46c771,car,0.8324607610702515,16.06,B,0.1035,0.0193,193,36,1864,True
nuscenes_mini,0402e40724984f3b833496067d46c771,car,0.7500000596046448,24.74,B,0.0781,0.006,143,11,1832,False
nuscenes_mini,0402e40724984f3b833496067d46c771,car,0.7387754917144775,25.03,B,0.06,0.0075,128,16,2133,False
nuscenes_mini,0402e40724984f3b833496067d46c771,car,0.7730495929718018,21.54,B,0.156,0.0057,190,7,1218,True
nuscenes_mini,0402e40724984f3b833496067d46c771,car,0.5704697966575623,31.84,C,0.0149,0.0,13,0,875,False
nuscenes_mini,0402e40724984f3b833496067d46c771,car,0.7575758099555969,20.04,B,0.1148,0.0103,123,11,1071,True
nuscenes_mini,0402e40724984f3b833496067d46c771,car,0.6404494643211365,24.43,B,0.0154,0.0,34,0,2210,False
nuscenes_mini,0402e40724984f3b833496067d46c771,car,0.5857605338096619,49.94,C,0.0329,0.004,41,5,1246,False
nuscenes_mini,0402e40724984f3b833496067d46c771,car,0.7928802371025085,40.35,C,0.0298,0.0057,73,14,2450,False
nuscenes_mini,0402e40724984f3b833496067d46c771,car,0.9101123809814453,27.54,B,0.0347,0.0037,75,8,2160,False
nuscenes_mini,0402e40724984f3b833496067d46c771,car,0.7730495929718018,40.89,C,0.0441,0.0082,54,10,1225,False
nuscenes_mini,0402e40724984f3b833496067d46c771,car,0.9452055096626282,16.1,B,0.1757,0.02,316,36,1799,True
nuscenes_mini,0402e40724984f3b833496067d46c771,car,0.8865247964859009,32.4,C,0.0191,0.0015,39,3,2043,False
nuscenes_mini,0402e40724984f3b833496067d46c771,car,0.9139785170555115,25.06,B,0.0894,0.0056,176,11,1968,False
nuscenes_mini,0402e40724984f3b833496067d46c771,car,0.7229437232017517,45.25,C,0.0,0.0,0,0,928,False
nuscenes_mini,0402e40724984f3b833496067d46c771,car,0.6521739363670349,44.11,C,0.0333,0.0016,42,2,1260,False
nuscenes_mini,0402e40724984f3b833496067d46c771,car,0.8241757750511169,32.49,C,0.0152,0.0038,20,5,1320,False
nuscenes_mini,0402e40724984f3b833496067d46c771,car,0.8672199249267578,39.51,C,0.0085,0.0032,16,6,1872,False
nuscenes_mini,0402e40724984f3b833496067d46c771,car,0.8128654956817627,30.5,C,0.0582,0.0046,102,8,1752,False
nuscenes_mini,0402e40724984f3b833496067d46c771,car,0.8987342119216919,27.83,B,0.1259,0.0113,267,24,2120,True
nuscenes_mini,0402e40724984f3b833496067d46c771,truck,0.8476190567016602,21.86,B,0.0812,0.0063,259,20,3190,False
nuscenes_mini,0402e40724984f3b833496067d46c771,pedestrian,1.0,13.17,A,0.3393,0.0714,19,4,56,True
nuscenes_mini,0402e40724984f3b833496067d46c771,car,0.7264957427978516,44.58,C,0.0401,0.0037,65,6,1620,False
nuscenes_mini,0402e40724984f3b833496067d46c771,car,0.5747508406639099,48.77,C,0.0,0.0,0,0,2541,False
nuscenes_mini,0402e40724984f3b833496067d46c771,car,0.8160918951034546,31.49,C,0.0736,0.0035,83,4,1127,False
nuscenes_mini,0402e40724984f3b833496067d46c771,car,0.675126850605011,43.21,C,0.0006,0.0,1,0,1712,False
nuscenes_mini,0402e40724984f3b833496067d46c771,car,0.7852349281311035,32.24,C,0.0066,0.0003,23,1,3504,False
nuscenes_mini,0402e40724984f3b833496067d46c771,car,0.675126850605011,25.98,B,0.0232,0.0027,34,4,1467,False
nuscenes_mini,0402e40724984f3b833496067d46c771,car,0.7064220309257507,37.31,C,0.0336,0.0,55,0,1638,False
nuscenes_mini,0402e40724984f3b833496067d46c771,car,0.5460992455482483,47.96,C,0.0361,0.0024,118,8,3270,False
nuscenes_mini,0402e40724984f3b833496067d46c771,car,0.8865247964859009,14.52,A,0.1735,0.0271,211,33,1216,True
nuscenes_mini,6e004695af1549c398a52b5c95e22060,car,0.5395683646202087,57.51,C,0.0,0.0,0,0,119,False
nuscenes_mini,6e004695af1549c398a52b5c95e22060,car,0.6640419960021973,31.48,C,0.0287,0.0034,42,5,1464,False
nuscenes_mini,6e004695af1549c398a52b5c95e22060,car,0.6097560524940491,41.24,C,0.0093,0.0,16,0,1720,False
nuscenes_mini,6e004695af1549c398a52b5c95e22060,bus,0.9298245906829834,23.46,B,0.0583,0.0066,849,96,14562,False
nuscenes_mini,6e004695af1549c398a52b5c95e22060,construction_vehicle,0.6640419960021973,30.66,C,0.1599,0.0108,1356,92,8480,True
nuscenes_mini,6e004695af1549c398a52b5c95e22060,construction_vehicle,0.5114504098892212,34.14,C,0.1666,0.0027,1376,22,8257,True
nuscenes_mini,6e004695af1549c398a52b5c95e22060,car,0.6800000071525574,32.3,C,0.0173,0.0061,37,13,2142,False
nuscenes_mini,6e004695af1549c398a52b5c95e22060,car,0.9569892287254333,5.63,A,0.2063,0.1022,208,103,1008,True
nuscenes_mini,6e004695af1549c398a52b5c95e22060,car,0.6404494643211365,31.46,C,0.0008,0.0008,1,1,1246,False
nuscenes_mini,6e004695af1549c398a52b5c95e22060,car,0.7460317611694336,25.97,B,0.0371,0.0024,62,4,1672,False
nuscenes_mini,6e004695af1549c398a52b5c95e22060,car,0.827957034111023,20.1,B,0.1211,0.0076,206,13,1701,True
nuscenes_mini,6e004695af1549c398a52b5c95e22060,car,0.8787879347801208,14.72,A,0.1612,0.0141,263,23,1632,True
nuscenes_mini,6e004695af1549c398a52b5c95e22060,car,0.6800000071525574,31.04,C,0.036,0.0036,30,3,834,False
nuscenes_mini,6e004695af1549c398a52b5c95e22060,car,0.6012461185455322,35.65,C,0.0063,0.0032,6,3,945,False
nuscenes_mini,6e004695af1549c398a52b5c95e22060,car,0.8324607610702515,26.98,B,0.0321,0.0057,56,10,1746,False
nuscenes_mini,6e004695af1549c398a52b5c95e22060,car,0.7655677795410156,22.1,B,0.0755,0.0089,145,17,1920,False
nuscenes_mini,6e004695af1549c398a52b5c95e22060,car,0.7500000596046448,48.3,C,0.0054,0.0009,6,1,1104,False
nuscenes_mini,6e004695af1549c398a52b5c95e22060,car,0.7387754917144775,38.63,C,0.0,0.0,0,0,1782,False
nuscenes_mini,6e004695af1549c398a52b5c95e22060,car,0.859649121761322,16.27,B,0.138,0.0141,303,31,2196,True
nuscenes_mini,6e004695af1549c398a52b5c95e22060,car,0.8709677457809448,15.05,B,0.1226,0.0133,267,29,2178,True
nuscenes_mini,6e004695af1549c398a52b5c95e22060,car,0.827957034111023,18.0,B,0.0983,0.0084,128,11,1302,False
nuscenes_mini,6e004695af1549c398a52b5c95e22060,car,0.7419355511665344,22.4,B,0.0317,0.0076,67,16,2115,False
nuscenes_mini,6e004695af1549c398a52b5c95e22060,pedestrian,1.0,16.3,B,0.2708,0.0833,13,4,48,True
nuscenes_mini,6e004695af1549c398a52b5c95e22060,car,0.6483516097068787,51.77,C,0.0,0.0,0,0,280,False
nuscenes_mini,6e004695af1549c398a52b5c95e22060,car,0.941605806350708,19.42,B,0.0717,0.0186,127,33,1771,False
nuscenes_mini,6e004695af1549c398a52b5c95e22060,car,0.8947368264198303,33.57,C,0.0026,0.0026,5,5,1890,False
nuscenes_mini,6e004695af1549c398a52b5c95e22060,car,0.8987342119216919,28.47,B,0.0797,0.0054,163,11,2044,False
nuscenes_mini,6e004695af1549c398a52b5c95e22060,car,0.8904109597206116,31.54,C,0.0535,0.0113,85,18,1589,False
nuscenes_mini,6e004695af1549c398a52b5c95e22060,car,0.8324607610702515,43.44,C,0.0126,0.0056,20,9,1593,False
nuscenes_mini,6e004695af1549c398a52b5c95e22060,car,0.8476190567016602,43.44,C,0.0397,0.0045,62,7,1560,False
nuscenes_mini,6e004695af1549c398a52b5c95e22060,car,0.7815700173377991,36.51,C,0.0007,0.0,1,0,1400,False
nuscenes_mini,6e004695af1549c398a52b5c95e22060,car,0.7815700173377991,34.39,C,0.0063,0.0017,11,3,1760,False
nuscenes_mini,6e004695af1549c398a52b5c95e22060,car,0.8672199249267578,31.04,C,0.004,0.0047,6,7,1504,False
nuscenes_mini,6e004695af1549c398a52b5c95e22060,truck,0.6404494643211365,25.67,B,0.0692,0.0018,157,4,2268,False
nuscenes_mini,6e004695af1549c398a52b5c95e22060,pedestrian,1.0,5.15,A,0.1667,0.3,5,9,30,True
nuscenes_mini,6e004695af1549c398a52b5c95e22060,car,0.96875,5.53,A,0.3194,0.1263,483,191,1512,True
nuscenes_mini,6e004695af1549c398a52b5c95e22060,car,0.6717948913574219,48.17,C,0.0151,0.003,15,3,992,False
nuscenes_mini,6e004695af1549c398a52b5c95e22060,car,0.7419355511665344,29.33,B,0.1646,0.0056,295,10,1792,True
nuscenes_mini,6e004695af1549c398a52b5c95e22060,car,0.7229437232017517,36.03,C,0.0117,0.0003,38,1,3252,False
nuscenes_mini,6e004695af1549c398a52b5c95e22060,car,0.6995305418968201,45.85,C,0.1108,0.002,340,6,3069,True
nuscenes_mini,6e004695af1549c398a52b5c95e22060,car,0.7299578189849854,24.58,B,0.0317,0.0016,39,2,1232,False
nuscenes_mini,6e004695af1549c398a52b5c95e22060,car,0.8865247964859009,14.8,A,0.1464,0.0207,205,29,1400,True
nuscenes_mini,6e004695af1549c398a52b5c95e22060,car,0.6952381134033203,46.31,C,0.0205,0.0018,45,4,2200,False
nuscenes_mini,6e004695af1549c398a52b5c95e22060,car,0.8709677457809448,14.44,A,0.1282,0.0206,162,26,1264,True
nuscenes_mini,6e004695af1549c398a52b5c95e22060,car,0.8012422323226929,26.79,B,0.0737,0.0084,132,15,1791,False
nuscenes_mini,6e004695af1549c398a52b5c95e22060,car,0.7697842121124268,33.53,C,0.1046,0.0005,225,1,2151,True
nuscenes_mini,6e004695af1549c398a52b5c95e22060,car,0.7730495929718018,28.92,B,0.0095,0.0019,15,3,1584,False
nuscenes_mini,6e004695af1549c398a52b5c95e22060,car,0.7460317611694336,32.2,C,0.0031,0.0015,10,5,3256,False
nuscenes_mini,6e004695af1549c398a52b5c95e22060,car,0.6952381134033203,37.01,C,0.0693,0.0,136,0,1962,False
nuscenes_mini,ba2491f55619445e9d2e472f39f3b01b,car,0.6404494643211365,47.59,C,0.0,0.0,0,0,1467,False
nuscenes_mini,ba2491f55619445e9d2e472f39f3b01b,bus,0.9259259104728699,19.7,B,0.0848,0.0099,1406,164,16587,False
nuscenes_mini,ba2491f55619445e9d2e472f39f3b01b,construction_vehicle,0.7387754917144775,26.26,B,0.2467,0.0054,4425,96,17940,True
nuscenes_mini,ba2491f55619445e9d2e472f39f3b01b,construction_vehicle,0.5276752710342407,30.29,C,0.1792,0.0046,1163,30,6490,True
nuscenes_mini,ba2491f55619445e9d2e472f39f3b01b,construction_vehicle,0.5276752710342407,26.85,B,0.2171,0.0112,850,44,3915,True
nuscenes_mini,ba2491f55619445e9d2e472f39f3b01b,car,0.6404494643211365,37.43,C,0.0,0.0,0,0,1155,False
nuscenes_mini,ba2491f55619445e9d2e472f39f3b01b,car,0.6831682920455933,40.36,C,0.0,0.0,0,0,1232,False
nuscenes_mini,ba2491f55619445e9d2e472f39f3b01b,car,0.8518518805503845,14.81,A,0.1487,0.0183,277,34,1863,True
nuscenes_mini,ba2491f55619445e9d2e472f39f3b01b,car,0.8083832263946533,20.18,B,0.1033,0.0111,251,27,2430,True
nuscenes_mini,ba2491f55619445e9d2e472f39f3b01b,car,0.6213017702102661,36.13,C,0.0,0.0,0,0,861,False
nuscenes_mini,ba2491f55619445e9d2e472f39f3b01b,car,0.8083832263946533,21.63,B,0.0566,0.0067,59,7,1043,False
nuscenes_mini,ba2491f55619445e9d2e472f39f3b01b,car,0.8672199249267578,15.93,B,0.1263,0.0187,202,30,1600,True
nuscenes_mini,ba2491f55619445e9d2e472f39f3b01b,car,0.6483516097068787,32.75,C,0.0221,0.0,19,0,858,False
nuscenes_mini,ba2491f55619445e9d2e472f39f3b01b,car,0.6213017702102661,47.21,C,0.0011,0.0,1,0,903,False
nuscenes_mini,ba2491f55619445e9d2e472f39f3b01b,car,0.8012422323226929,23.14,B,0.0559,0.0074,106,14,1896,False
nuscenes_mini,ba2491f55619445e9d2e472f39f3b01b,car,0.719298243522644,28.34,B,0.0045,0.0018,10,4,2214,False
nuscenes_mini,ba2491f55619445e9d2e472f39f3b01b,car,0.7229437232017517,27.24,B,0.0304,0.0035,52,6,1712,False
nuscenes_mini,ba2491f55619445e9d2e472f39f3b01b,car,0.7575758099555969,26.03,B,0.0,0.0,0,0,1530,False
nuscenes_mini,ba2491f55619445e9d2e472f39f3b01b,car,0.7229437232017517,35.33,C,0.0373,0.0,34,0,912,False
nuscenes_mini,ba2491f55619445e9d2e472f39f3b01b,car,0.8400000333786011,19.37,B,0.0876,0.0085,185,18,2112,False
nuscenes_mini,ba2491f55619445e9d2e472f39f3b01b,car,0.8632478713989258,17.68,B,0.097,0.0189,149,29,1536,False
nuscenes_mini,ba2491f55619445e9d2e472f39f3b01b,car,0.597484290599823,23.73,B,0.0338,0.0,26,0,770,False
nuscenes_mini,ba2491f55619445e9d2e472f39f3b01b,pedestrian,1.0,19.94,B,0.2143,0.0893,12,5,56,True
nuscenes_mini,ba2491f55619445e9d2e472f39f3b01b,car,0.8358974456787109,46.57,C,0.0575,0.0054,138,13,2398,False
nuscenes_mini,ba2491f55619445e9d2e472f39f3b01b,car,0.7142857313156128,47.06,C,0.0332,0.0046,36,5,1085,False
nuscenes_mini,ba2491f55619445e9d2e472f39f3b01b,car,0.6831682920455933,38.14,C,0.0228,0.0025,37,4,1624,False
nuscenes_mini,ba2491f55619445e9d2e472f39f3b01b,car,0.9375000596046448,22.96,B,0.1064,0.0138,169,22,1589,True
nuscenes_mini,ba2491f55619445e9d2e472f39f3b01b,car,0.8750000596046448,31.66,C,0.0504,0.0015,67,2,1330,False
nuscenes_mini,ba2491f55619445e9d2e472f39f3b01b,car,0.8672199249267578,35.29,C,0.062,0.0105,89,15,1435,False
nuscenes_mini,ba2491f55619445e9d2e472f39f3b01b,car,0.7575758099555969,39.31,C,0.0063,0.0013,5,1,798,False
nuscenes_mini,ba2491f55619445e9d2e472f39f3b01b,car,0.5586206912994385,51.69,C,0.0098,0.001,10,1,1020,False
nuscenes_mini,ba2491f55619445e9d2e472f39f3b01b,car,0.8552036285400391,35.2,C,0.0005,0.001,1,2,2079,False
nuscenes_mini,ba2491f55619445e9d2e472f39f3b01b,car,0.8904109597206116,33.88,C,0.0,0.0,0,0,2290,False
nuscenes_mini,ba2491f55619445e9d2e472f39f3b01b,car,0.8904109597206116,29.23,B,0.0259,0.0029,45,5,1736,False
nuscenes_mini,ba2491f55619445e9d2e472f39f3b01b,car,0.9649122953414917,6.52,A,0.2968,0.0877,457,135,1540,True
nuscenes_mini,ba2491f55619445e9d2e472f39f3b01b,car,0.8987342119216919,14.81,A,0.1879,0.017,321,29,1708,True
nuscenes_mini,ba2491f55619445e9d2e472f39f3b01b,car,0.7419355511665344,35.65,C,0.0335,0.0011,88,3,2630,False
nuscenes_mini,ba2491f55619445e9d2e472f39f3b01b,car,0.7852349281311035,32.41,C,0.0,0.0,0,0,1064,False
nuscenes_mini,ba2491f55619445e9d2e472f39f3b01b,car,0.719298243522644,43.92,C,0.0138,0.0004,77,2,5580,False
nuscenes_mini,ba2491f55619445e9d2e472f39f3b01b,car,0.7770034670829773,28.32,B,0.0122,0.0,11,0,904,False
nuscenes_mini,ba2491f55619445e9d2e472f39f3b01b,car,0.7500000596046448,43.7,C,0.0155,0.0005,33,1,2133,False
nuscenes_mini,ba2491f55619445e9d2e472f39f3b01b,car,0.7387754917144775,27.32,B,0.0194,0.0009,42,2,2160,False
nuscenes_mini,ba2491f55619445e9d2e472f39f3b01b,car,0.8904109597206116,15.15,B,0.1054,0.0146,188,26,1784,True
nuscenes_mini,ba2491f55619445e9d2e472f39f3b01b,car,0.8865247964859009,14.0,A,0.2214,0.0143,372,24,1680,True
nuscenes_mini,ba2491f55619445e9d2e472f39f3b01b,car,0.5936508178710938,29.96,B,0.0283,0.0,25,0,882,False
nuscenes_mini,ba2491f55619445e9d2e472f39f3b01b,car,0.7620818018913269,28.26,B,0.0182,0.0,21,0,1152,False
nuscenes_mini,ba2491f55619445e9d2e472f39f3b01b,car,0.5586206912994385,36.8,C,0.0074,0.0,6,0,812,False
nuscenes_mini,ba2491f55619445e9d2e472f39f3b01b,car,0.7655677795410156,43.04,C,0.0309,0.0013,47,2,1520,False
nuscenes_mini,ba2491f55619445e9d2e472f39f3b01b,car,0.8048780560493469,27.73,B,0.0748,0.0048,94,6,1256,False
nuscenes_mini,ba2491f55619445e9d2e472f39f3b01b,car,0.8827838897705078,15.92,B,0.1498,0.0275,272,50,1816,True
nuscenes_mini,ba2491f55619445e9d2e472f39f3b01b,car,0.7887788414955139,50.21,C,0.0716,0.0004,167,1,2331,False
nuscenes_mini,ba2491f55619445e9d2e472f39f3b01b,car,0.7697842121124268,32.66,C,0.0513,0.0052,138,14,2690,False
nuscenes_mini,2e024439286d469f8f743fe9266c0e56,bus,0.921951174736023,16.44,B,0.1213,0.011,2604,236,21470,True
nuscenes_mini,2e024439286d469f8f743fe9266c0e56,construction_vehicle,0.7387754917144775,22.53,B,0.2895,0.0124,1373,59,4743,True
nuscenes_mini,2e024439286d469f8f743fe9266c0e56,construction_vehicle,0.6483516097068787,27.87,B,0.1808,0.003,5153,85,28507,True
nuscenes_mini,2e024439286d469f8f743fe9266c0e56,car,0.8241757750511169,41.98,C,0.0058,0.0005,11,1,1912,False
nuscenes_mini,2e024439286d469f8f743fe9266c0e56,car,0.7770034670829773,42.46,C,0.0819,0.0,93,0,1136,False
nuscenes_mini,2e024439286d469f8f743fe9266c0e56,construction_vehicle,0.8358974456787109,23.28,B,0.2313,0.0092,1484,59,6416,True
nuscenes_mini,2e024439286d469f8f743fe9266c0e56,car,0.7064220309257507,47.43,C,0.0093,0.0014,13,2,1392,False
nuscenes_mini,2e024439286d469f8f743fe9266c0e56,car,0.8476190567016602,14.42,A,0.1708,0.0221,209,27,1224,True
nuscenes_mini,2e024439286d469f8f743fe9266c0e56,car,0.7419355511665344,39.54,C,0.048,0.0,38,0,791,False
nuscenes_mini,2e024439286d469f8f743fe9266c0e56,car,0.7928802371025085,18.3,B,0.105,0.0067,125,8,1190,True
nuscenes_mini,2e024439286d469f8f743fe9266c0e56,car,0.7037037014961243,33.18,C,0.0303,0.0,38,0,1256,False
nuscenes_mini,2e024439286d469f8f743fe9266c0e56,car,0.8324607610702515,20.28,B,0.0745,0.0103,137,19,1840,False
nuscenes_mini,2e024439286d469f8f743fe9266c0e56,car,0.7852349281311035,22.43,B,0.0262,0.0011,47,2,1792,False
nuscenes_mini,2e024439286d469f8f743fe9266c0e56,car,0.6995305418968201,26.95,B,0.0195,0.0,22,0,1127,False
nuscenes_mini,2e024439286d469f8f743fe9266c0e56,car,0.7770034670829773,23.68,B,0.0403,0.0039,51,5,1267,False
nuscenes_mini,2e024439286d469f8f743fe9266c0e56,car,0.8324607610702515,17.19,B,0.1687,0.0168,301,30,1784,True
nuscenes_mini,2e024439286d469f8f743fe9266c0e56,car,0.8632478713989258,15.87,B,0.1441,0.0202,228,32,1582,True
nuscenes_mini,2e024439286d469f8f743fe9266c0e56,car,0.5631399154663086,28.05,B,0.0088,0.0007,36,3,4092,False
nuscenes_mini,2e024439286d469f8f743fe9266c0e56,car,0.8518518805503845,17.07,B,0.1324,0.0183,202,28,1526,True
nuscenes_mini,2e024439286d469f8f743fe9266c0e56,bus,0.9101123809814453,13.03,A,0.2261,0.0192,2059,175,9108,True
nuscenes_mini,2e024439286d469f8f743fe9266c0e56,pedestrian,1.0,23.87,B,0.254,0.0476,16,3,63,True
nuscenes_mini,2e024439286d469f8f743fe9266c0e56,car,0.8358974456787109,39.58,C,0.0423,0.0066,83,13,1960,False
nuscenes_mini,2e024439286d469f8f743fe9266c0e56,car,0.8750000596046448,33.5,C,0.0372,0.002,94,5,2530,False
nuscenes_mini,2e024439286d469f8f743fe9266c0e56,car,0.9609756469726562,9.97,A,0.2641,0.0514,617,120,2336,True
nuscenes_mini,2e024439286d469f8f743fe9266c0e56,car,0.8083832263946533,51.32,C,0.0158,0.004,12,3,759,False
nuscenes_mini,2e024439286d469f8f743fe9266c0e56,car,0.8947368264198303,33.18,C,0.0009,0.0018,2,4,2230,False
nuscenes_mini,2e024439286d469f8f743fe9266c0e56,car,0.7730495929718018,35.55,C,0.05,0.0032,63,4,1260,False
nuscenes_mini,2e024439286d469f8f743fe9266c0e56,car,0.6289855241775513,42.33,C,0.0563,0.0034,50,3,888,False
nuscenes_mini,2e024439286d469f8f743fe9266c0e56,car,0.9179486632347107,27.2,B,0.023,0.0086,35,13,1519,False
nuscenes_mini,2e024439286d469f8f743fe9266c0e56,car,0.7538461089134216,38.86,C,0.0054,0.002,8,3,1480,False
nuscenes_mini,2e024439286d469f8f743fe9266c0e56,car,0.8865247964859009,14.19,A,0.1371,0.0132,301,29,2196,True
nuscenes_mini,2e024439286d469f8f743fe9266c0e56,car,0.604938268661499,40.5,C,0.1552,0.0,267,0,1720,True
nuscenes_mini,2e024439286d469f8f743fe9266c0e56,car,0.7299578189849854,35.19,C,0.0903,0.0011,86,1,952,False
nuscenes_mini,2e024439286d469f8f743fe9266c0e56,car,0.719298243522644,42.79,C,0.0434,0.0021,124,6,2860,False
nuscenes_mini,2e024439286d469f8f743fe9266c0e56,car,0.8552036285400391,17.87,B,0.067,0.0108,118,19,1760,False
nuscenes_mini,2e024439286d469f8f743fe9266c0e56,car,0.8865247964859009,13.81,A,0.1714,0.0241,192,27,1120,True
nuscenes_mini,2e024439286d469f8f743fe9266c0e56,car,0.7852349281311035,27.34,B,0.0192,0.0035,38,7,1980,False
nuscenes_mini,2e024439286d469f8f743fe9266c0e56,car,0.8128654956817627,27.45,B,0.0179,0.0018,30,3,1674,False
nuscenes_mini,2e024439286d469f8f743fe9266c0e56,car,0.7344398498535156,36.09,C,0.019,0.0,13,0,686,False
nuscenes_mini,2e024439286d469f8f743fe9266c0e56,car,0.7419355511665344,35.57,C,0.0571,0.0042,110,8,1926,False
nuscenes_mini,2e024439286d469f8f743fe9266c0e56,car,0.8518518805503845,16.32,B,0.1078,0.0075,200,14,1856,True
nuscenes_mini,2e024439286d469f8f743fe9266c0e56,car,0.7770034670829773,28.21,B,0.0729,0.0074,119,12,1632,False
nuscenes_mini,2e024439286d469f8f743fe9266c0e56,car,0.6683937907218933,30.99,C,0.1521,0.004,115,3,756,True
nuscenes_mini,2e024439286d469f8f743fe9266c0e56,car,0.8947368264198303,15.17,B,0.1551,0.019,278,34,1792,True
nuscenes_mini,2e024439286d469f8f743fe9266c0e56,car,0.6878048777580261,29.06,B,0.0031,0.0004,7,1,2290,False
nuscenes_mini,ff007cb7b78443e6887401d694f0d369,bus,0.9064327478408813,14.79,A,0.0315,0.0026,837,69,26586,False
nuscenes_mini,ff007cb7b78443e6887401d694f0d369,construction_vehicle,0.6604774594306946,23.31,B,0.2471,0.0049,2840,56,11492,True
nuscenes_mini,ff007cb7b78443e6887401d694f0d369,construction_vehicle,0.7037037014961243,18.88,B,0.2428,0.0125,603,31,2484,True
nuscenes_mini,ff007cb7b78443e6887401d694f0d369,car,0.859649121761322,34.95,C,0.1687,0.0063,293,11,1737,True
nuscenes_mini,ff007cb7b78443e6887401d694f0d369,construction_vehicle,0.8750000596046448,19.98,B,0.27,0.0088,3689,120,13662,True
nuscenes_mini,ff007cb7b78443e6887401d694f0d369,car,0.7620818018913269,44.37,C,0.0077,0.0007,21,2,2740,False
nuscenes_mini,ff007cb7b78443e6887401d694f0d369,car,0.8476190567016602,15.6,B,0.1747,0.0188,269,29,1540,True
nuscenes_mini,ff007cb7b78443e6887401d694f0d369,car,0.8358974456787109,17.65,B,0.1623,0.0135,300,25,1848,True
nuscenes_mini,ff007cb7b78443e6887401d694f0d369,car,0.8439024686813354,15.3,B,0.1432,0.0227,277,44,1935,True
nuscenes_mini,ff007cb7b78443e6887401d694f0d369,car,0.8400000333786011,16.57,B,0.1315,0.0175,203,27,1544,True
nuscenes_mini,ff007cb7b78443e6887401d694f0d369,car,0.6404494643211365,22.25,B,0.0172,0.0,15,0,870,False
nuscenes_mini,ff007cb7b78443e6887401d694f0d369,bus,0.8439024686813354,9.71,A,0.3743,0.0264,5935,419,15855,True
nuscenes_mini,ff007cb7b78443e6887401d694f0d369,car,0.7730495929718018,43.61,C,0.0319,0.0066,48,10,1504,False
nuscenes_mini,ff007cb7b78443e6887401d694f0d369,car,0.9609756469726562,13.62,A,0.0969,0.0203,224,47,2312,False
nuscenes_mini,ff007cb7b78443e6887401d694f0d369,car,0.6717948913574219,33.43,C,0.2072,0.0,173,0,835,True
nuscenes_mini,ff007cb7b78443e6887401d694f0d369,car,0.9024390578269958,26.24,B,0.025,0.0026,105,11,4202,False
nuscenes_mini,ff007cb7b78443e6887401d694f0d369,car,0.6683937907218933,46.47,C,0.0083,0.0024,7,2,847,False
nuscenes_mini,ff007cb7b78443e6887401d694f0d369,car,0.7620818018913269,40.26,C,0.0179,0.0,56,0,3120,False
nuscenes_mini,ff007cb7b78443e6887401d694f0d369,car,0.9101123809814453,31.16,C,0.0316,0.0046,69,10,2184,False
nuscenes_mini,ff007cb7b78443e6887401d694f0d369,car,0.7538461089134216,44.18,C,0.013,0.0026,10,2,770,False
nuscenes_mini,ff007cb7b78443e6887401d694f0d369,car,0.6683937907218933,37.36,C,0.1132,0.0019,122,2,1078,True
nuscenes_mini,ff007cb7b78443e6887401d694f0d369,car,0.827957034111023,18.25,B,0.0925,0.0075,184,15,1989,False
nuscenes_mini,ff007cb7b78443e6887401d694f0d369,car,0.7387754917144775,36.53,C,0.069,0.0,72,0,1043,False
nuscenes_mini,ff007cb7b78443e6887401d694f0d369,car,0.7968254089355469,24.69,B,0.0268,0.0014,38,2,1416,False
nuscenes_mini,ff007cb7b78443e6887401d694f0d369,car,0.6444444060325623,48.02,C,0.0225,0.0,33,0,1467,False
nuscenes_mini,ff007cb7b78443e6887401d694f0d369,car,0.7655677795410156,33.95,C,0.0215,0.0011,38,2,1768,False
nuscenes_mini,ff007cb7b78443e6887401d694f0d369,car,0.6995305418968201,30.58,C,0.0149,0.0,22,0,1472,False
nuscenes_mini,ff007cb7b78443e6887401d694f0d369,car,0.6717948913574219,51.11,C,0.0264,0.0034,63,8,2385,False
nuscenes_mini,ff007cb7b78443e6887401d694f0d369,car,0.8202247023582458,19.97,B,0.0886,0.0108,197,24,2223,False
nuscenes_mini,ff007cb7b78443e6887401d694f0d369,car,0.5897435545921326,46.03,C,0.0084,0.0,21,0,2486,False
nuscenes_mini,ff007cb7b78443e6887401d694f0d369,car,0.7928802371025085,26.92,B,0.0191,0.0012,46,3,2403,False
nuscenes_mini,ff007cb7b78443e6887401d694f0d369,car,0.6404494643211365,21.42,B,0.0138,0.0,18,0,1302,False
nuscenes_mini,ff007cb7b78443e6887401d694f0d369,car,0.8552036285400391,15.23,B,0.1606,0.0143,325,29,2024,True
nuscenes_mini,ff007cb7b78443e6887401d694f0d369,car,0.8518518805503845,16.86,B,0.0903,0.0104,139,16,1540,False
nuscenes_mini,ff007cb7b78443e6887401d694f0d369,car,0.859649121761322,14.91,A,0.1304,0.0163,240,30,1840,True
nuscenes_mini,ff007cb7b78443e6887401d694f0d369,car,0.8400000333786011,13.96,A,0.1752,0.0215,309,38,1764,True
nuscenes_mini,ff007cb7b78443e6887401d694f0d369,car,0.7387754917144775,40.37,C,0.0959,0.0,135,0,1407,False
nuscenes_mini,ff007cb7b78443e6887401d694f0d369,car,0.675126850605011,42.04,C,0.0122,0.0009,14,1,1152,False
nuscenes_mini,ff007cb7b78443e6887401d694f0d369,car,0.8632478713989258,15.05,B,0.1644,0.0147,313,28,1904,True
nuscenes_mini,b2e2ffeabf91451cb31a79649bfd95df,pedestrian,1.0,25.19,B,0.0833,0.0694,6,5,72,False
nuscenes_mini,b2e2ffeabf91451cb31a79649bfd95df,car,0.5276752710342407,32.07,C,0.0274,0.0,32,0,1168,False
nuscenes_mini,b2e2ffeabf91451cb31a79649bfd95df,bus,0.9101123809814453,13.65,A,0.0631,0.0088,1405,197,22280,False
nuscenes_mini,b2e2ffeabf91451cb31a79649bfd95df,construction_vehicle,0.6363636255264282,17.4,B,0.3126,0.0078,7192,179,23004,True
nuscenes_mini,b2e2ffeabf91451cb31a79649bfd95df,car,0.8476190567016602,47.89,C,0.0032,0.0005,25,4,7808,False
nuscenes_mini,b2e2ffeabf91451cb31a79649bfd95df,car,0.8552036285400391,32.86,C,0.1419,0.006,189,8,1332,True
nuscenes_mini,b2e2ffeabf91451cb31a79649bfd95df,car,0.6952381134033203,25.93,B,0.069,0.0048,87,6,1260,False
nuscenes_mini,b2e2ffeabf91451cb31a79649bfd95df,car,0.6097560524940491,49.05,C,0.1126,0.0,100,0,888,True
nuscenes_mini,b2e2ffeabf91451cb31a79649bfd95df,construction_vehicle,0.7344398498535156,16.87,B,0.3481,0.0072,7546,156,21675,True
nuscenes_mini,b2e2ffeabf91451cb31a79649bfd95df,bus,0.9336099624633789,7.37,A,0.2378,0.0212,8482,756,35675,True
nuscenes_mini,b2e2ffeabf91451cb31a79649bfd95df,car,0.7344398498535156,47.88,C,0.0194,0.0058,30,9,1548,False
nuscenes_mini,b2e2ffeabf91451cb31a79649bfd95df,car,0.9452055096626282,17.43,B,0.1439,0.017,279,33,1939,True
nuscenes_mini,b2e2ffeabf91451cb31a79649bfd95df,car,0.7387754917144775,43.58,C,0.0037,0.0005,7,1,1896,False
nuscenes_mini,b2e2ffeabf91451cb31a79649bfd95df,car,0.8987342119216919,34.08,C,0.0,0.0,0,0,3588,False
nuscenes_mini,b2e2ffeabf91451cb31a79649bfd95df,car,0.8987342119216919,22.81,B,0.0863,0.006,86,6,996,False
nuscenes_mini,b2e2ffeabf91451cb31a79649bfd95df,car,0.7852349281311035,35.63,C,0.027,0.0,35,0,1296,False
nuscenes_mini,b2e2ffeabf91451cb31a79649bfd95df,car,0.827957034111023,43.02,C,0.0,0.0,0,0,2088,False
nuscenes_mini,b2e2ffeabf91451cb31a79649bfd95df,car,0.8947368264198303,34.46,C,0.0479,0.0051,103,11,2152,False
nuscenes_mini,b2e2ffeabf91451cb31a79649bfd95df,car,0.8865247964859009,15.25,B,0.0829,0.0166,140,28,1688,False
nuscenes_mini,b2e2ffeabf91451cb31a79649bfd95df,car,0.8476190567016602,17.5,B,0.0913,0.0063,245,17,2682,False
nuscenes_mini,b2e2ffeabf91451cb31a79649bfd95df,car,0.8012422323226929,49.82,C,0.0024,0.0001,18,1,7530,False
nuscenes_mini,b2e2ffeabf91451cb31a79649bfd95df,car,0.7928802371025085,44.1,C,0.001,0.0001,7,1,7154,False
nuscenes_mini,b2e2ffeabf91451cb31a79649bfd95df,car,0.8083832263946533,20.86,B,0.0734,0.0046,175,11,2385,False
nuscenes_mini,b2e2ffeabf91451cb31a79649bfd95df,car,0.8324607610702515,43.87,C,0.013,0.0008,101,6,7792,False
nuscenes_mini,b2e2ffeabf91451cb31a79649bfd95df,car,0.8787879347801208,14.12,A,0.1493,0.0281,186,35,1246,True
nuscenes_mini,b2e2ffeabf91451cb31a79649bfd95df,car,0.8202247023582458,26.49,B,0.0044,0.0012,11,3,2511,False
nuscenes_mini,b2e2ffeabf91451cb31a79649bfd95df,car,0.8476190567016602,18.99,B,0.0768,0.0069,134,12,1744,False
nuscenes_mini,b2e2ffeabf91451cb31a79649bfd95df,car,0.8750000596046448,15.24,B,0.1932,0.0266,261,36,1351,True
nuscenes_mini,b2e2ffeabf91451cb31a79649bfd95df,car,0.8632478713989258,16.03,B,0.1085,0.0119,210,23,1936,True
nuscenes_mini,b2e2ffeabf91451cb31a79649bfd95df,car,0.8750000596046448,14.77,A,0.1769,0.0252,218,31,1232,True
nuscenes_mini,21342b260f964064855aa8ad1e741a22,car,0.7419355511665344,33.56,C,0.0589,0.0045,65,5,1104,False
nuscenes_mini,21342b260f964064855aa8ad1e741a22,bus,0.9139785170555115,12.12,A,0.016,0.0018,362,40,22625,False
nuscenes_mini,21342b260f964064855aa8ad1e741a22,construction_vehicle,0.7968254089355469,14.35,A,0.3402,0.0097,6590,187,19372,True
nuscenes_mini,21342b260f964064855aa8ad1e741a22,car,0.6097560524940491,50.19,C,0.0072,0.0,5,0,693,False
nuscenes_mini,21342b260f964064855aa8ad1e741a22,truck,0.7620818018913269,13.94,A,0.1458,0.0335,300,69,2057,True
nuscenes_mini,21342b260f964064855aa8ad1e741a22,truck,0.6132930517196655,34.45,C,0.0472,0.0052,126,14,2670,False
nuscenes_mini,21342b260f964064855aa8ad1e741a22,construction_vehicle,0.7264957427978516,13.64,A,0.409,0.017,4969,206,12150,True
nuscenes_mini,21342b260f964064855aa8ad1e741a22,bus,0.9024390578269958,6.78,A,0.2238,0.0314,6663,936,29766,True
nuscenes_mini,21342b260f964064855aa8ad1e741a22,car,0.7887788414955139,26.66,B,0.0822,0.0066,99,8,1204,False
nuscenes_mini,21342b260f964064855aa8ad1e741a22,car,0.9259259104728699,21.25,B,0.0673,0.0126,134,25,1992,False
nuscenes_mini,21342b260f964064855aa8ad1e741a22,car,0.5460992455482483,32.11,C,0.0025,0.0,3,0,1183,False
nuscenes_mini,21342b260f964064855aa8ad1e741a22,car,0.8947368264198303,33.23,C,0.0026,0.0009,6,2,2330,False
nuscenes_mini,21342b260f964064855aa8ad1e741a22,car,0.7344398498535156,19.19,B,0.0779,0.0049,96,6,1232,False
nuscenes_mini,21342b260f964064855aa8ad1e741a22,car,0.7500000596046448,23.58,B,0.1184,0.001,234,2,1976,True
nuscenes_mini,21342b260f964064855aa8ad1e741a22,car,0.8324607610702515,39.32,C,0.0078,0.0023,17,5,2184,False
nuscenes_mini,21342b260f964064855aa8ad1e741a22,car,0.7064220309257507,45.55,C,0.001,0.0,2,0,1944,False
nuscenes_mini,9a0a16d628ae41d1ab25c9cdfc66d6a1,bus,0.8709677457809448,10.49,A,0.0388,0.0052,584,78,15048,False
nuscenes_mini,9a0a16d628ae41d1ab25c9cdfc66d6a1,construction_vehicle,0.604938268661499,10.66,A,0.4007,0.0183,4886,223,12194,True
nuscenes_mini,9a0a16d628ae41d1ab25c9cdfc66d6a1,pedestrian,1.0,13.69,A,0.0317,0.0,2,0,63,False
nuscenes_mini,9a0a16d628ae41d1ab25c9cdfc66d6a1,car,0.6521739363670349,42.67,C,0.009,0.0017,36,7,4008,False
nuscenes_mini,9a0a16d628ae41d1ab25c9cdfc66d6a1,car,0.7344398498535156,44.25,C,0.0104,0.0013,32,4,3080,False
nuscenes_mini,9a0a16d628ae41d1ab25c9cdfc66d6a1,car,0.6604774594306946,43.74,C,0.0055,0.0005,30,3,5499,False
nuscenes_mini,9a0a16d628ae41d1ab25c9cdfc66d6a1,car,0.8552036285400391,28.5,B,0.1011,0.005,201,10,1989,True
nuscenes_mini,9a0a16d628ae41d1ab25c9cdfc66d6a1,construction_vehicle,0.6717948913574219,9.74,A,0.4961,0.0171,8433,291,17000,True
nuscenes_mini,9a0a16d628ae41d1ab25c9cdfc66d6a1,construction_vehicle,0.8241757750511169,11.19,A,0.4808,0.0153,4328,138,9002,True
nuscenes_mini,9a0a16d628ae41d1ab25c9cdfc66d6a1,pedestrian,1.0,5.85,A,0.1667,0.0741,9,4,54,True
nuscenes_mini,9a0a16d628ae41d1ab25c9cdfc66d6a1,car,0.8987342119216919,32.63,C,0.0123,0.0022,22,4,1782,False
nuscenes_mini,9a0a16d628ae41d1ab25c9cdfc66d6a1,car,0.8128654956817627,42.53,C,0.0146,0.0023,25,4,1712,False
nuscenes_mini,9a0a16d628ae41d1ab25c9cdfc66d6a1,car,0.9179486632347107,25.3,B,0.0561,0.01,101,18,1800,False
nuscenes_mini,9a0a16d628ae41d1ab25c9cdfc66d6a1,car,0.7538461089134216,43.79,C,0.0,0.0,0,0,1440,False
nuscenes_mini,9a0a16d628ae41d1ab25c9cdfc66d6a1,construction_vehicle,0.7730495929718018,10.94,A,0.402,0.034,1653,140,4112,True
nuscenes_mini,9a0a16d628ae41d1ab25c9cdfc66d6a1,bus,0.7064220309257507,4.93,A,0.1994,0.0294,6228,917,31239,True
nuscenes_mini,521cde13efcc4f7cb5f93db99cce30f4,car,0.8439024686813354,41.36,C,0.0186,0.0035,90,17,4836,False
nuscenes_mini,521cde13efcc4f7cb5f93db99cce30f4,car,0.8632478713989258,27.43,B,0.0793,0.0029,137,5,1728,False
nuscenes_mini,521cde13efcc4f7cb5f93db99cce30f4,construction_vehicle,0.6952381134033203,7.74,A,0.42,0.0258,6395,393,15225,True
nuscenes_mini,521cde13efcc4f7cb5f93db99cce30f4,car,0.8987342119216919,29.33,B,0.0615,0.0064,124,13,2016,False
nuscenes_mini,521cde13efcc4f7cb5f93db99cce30f4,car,0.6717948913574219,49.83,C,0.0,0.0,0,0,742,False
nuscenes_mini,521cde13efcc4f7cb5f93db99cce30f4,car,0.8947368264198303,32.0,C,0.0243,0.0014,35,2,1440,False
nuscenes_mini,521cde13efcc4f7cb5f93db99cce30f4,car,0.7852349281311035,47.11,C,0.0051,0.0009,11,2,2168,False
nuscenes_mini,521cde13efcc4f7cb5f93db99cce30f4,construction_vehicle,0.7500000596046448,9.96,A,0.4239,0.0326,2327,179,5490,True
nuscenes_mini,521cde13efcc4f7cb5f93db99cce30f4,bus,0.8947368264198303,4.59,A,0.2694,0.0611,4186,950,15540,True
nuscenes_mini,96d915e8b7e44bacba3c78e76a924e5c,truck,0.7104072570800781,24.29,B,0.1191,0.0045,321,12,2695,True
nuscenes_mini,96d915e8b7e44bacba3c78e76a924e5c,car,0.7264957427978516,18.33,B,0.0299,0.0048,74,12,2475,False
nuscenes_mini,96d915e8b7e44bacba3c78e76a924e5c,car,0.7887788414955139,15.43,B,0.0735,0.0203,87,24,1183,False
nuscenes_mini,96d915e8b7e44bacba3c78e76a924e5c,car,0.8750000596046448,33.03,C,0.0436,0.002,86,4,1971,False
nuscenes_mini,96d915e8b7e44bacba3c78e76a924e5c,car,0.8904109597206116,32.26,C,0.0218,0.0015,30,2,1376,False
nuscenes_mini,96d915e8b7e44bacba3c78e76a924e5c,construction_vehicle,0.7770034670829773,5.63,A,0.3876,0.0397,3095,317,7986,True
nuscenes_mini,96d915e8b7e44bacba3c78e76a924e5c,construction_vehicle,0.6878048777580261,10.49,A,0.5018,0.0195,2518,98,5018,True
nuscenes_mini,96d915e8b7e44bacba3c78e76a924e5c,pedestrian,1.0,4.14,A,0.24,0.0,18,0,75,True
nuscenes_mini,96d915e8b7e44bacba3c78e76a924e5c,bus,0.9139785170555115,5.02,A,0.2583,0.0374,5875,850,22748,True
nuscenes_mini,e426ccb3e7874894b16e06774ae5ec42,truck,0.5345454812049866,52.26,C,0.0952,0.0007,134,1,1408,False
nuscenes_mini,e426ccb3e7874894b16e06774ae5ec42,car,0.9259259104728699,22.7,B,0.1854,0.0122,350,23,1888,True
nuscenes_mini,e426ccb3e7874894b16e06774ae5ec42,car,0.9259259104728699,22.68,B,0.1753,0.0086,265,13,1512,True
nuscenes_mini,e426ccb3e7874894b16e06774ae5ec42,car,0.8987342119216919,39.95,C,0.0121,0.0016,37,5,3060,False
nuscenes_mini,e426ccb3e7874894b16e06774ae5ec42,car,0.9101123809814453,24.37,B,0.0835,0.0051,165,10,1976,False
nuscenes_mini,e426ccb3e7874894b16e06774ae5ec42,truck,0.719298243522644,22.08,B,0.1093,0.0053,248,12,2270,True
nuscenes_mini,e426ccb3e7874894b16e06774ae5ec42,car,0.941605806350708,16.33,B,0.1224,0.0312,192,49,1568,True
nuscenes_mini,e426ccb3e7874894b16e06774ae5ec42,car,0.9024390578269958,29.2,B,0.0503,0.001,150,3,2980,False
nuscenes_mini,e426ccb3e7874894b16e06774ae5ec42,car,0.8476190567016602,41.82,C,0.0545,0.0051,53,5,973,False
nuscenes_mini,e426ccb3e7874894b16e06774ae5ec42,car,0.8904109597206116,33.07,C,0.0175,0.0008,23,1,1312,False
nuscenes_mini,e426ccb3e7874894b16e06774ae5ec42,car,0.8787879347801208,37.29,C,0.0109,0.0046,19,8,1736,False
nuscenes_mini,e426ccb3e7874894b16e06774ae5ec42,pedestrian,1.0,41.14,C,0.0,0.0,0,0,48,False
nuscenes_mini,e426ccb3e7874894b16e06774ae5ec42,car,0.5897435545921326,28.0,B,0.0117,0.0037,22,7,1881,False
nuscenes_mini,e426ccb3e7874894b16e06774ae5ec42,car,0.8632478713989258,23.8,B,0.0366,0.0073,65,13,1776,False
nuscenes_mini,e426ccb3e7874894b16e06774ae5ec42,car,0.7852349281311035,26.68,B,0.0448,0.0061,133,18,2970,False
nuscenes_mini,e426ccb3e7874894b16e06774ae5ec42,car,0.8987342119216919,40.25,C,0.0088,0.001,42,5,4774,False
nuscenes_mini,e426ccb3e7874894b16e06774ae5ec42,truck,0.7229437232017517,5.53,A,0.4455,0.0724,2068,336,4642,True
nuscenes_mini,e426ccb3e7874894b16e06774ae5ec42,car,0.8358974456787109,12.91,A,0.2271,0.0223,468,46,2061,True
nuscenes_mini,e426ccb3e7874894b16e06774ae5ec42,car,0.8012422323226929,13.23,A,0.1626,0.0161,242,24,1488,True
nuscenes_mini,e426ccb3e7874894b16e06774ae5ec42,car,0.8324607610702515,14.54,A,0.051,0.0043,141,12,2763,False
nuscenes_mini,e426ccb3e7874894b16e06774ae5ec42,bus,0.9101123809814453,6.61,A,0.2762,0.0271,4929,484,17848,True
nuscenes_mini,c5a8f6d7a0fe4858b318aeac2524098f,car,0.8672199249267578,43.43,C,0.0027,0.0007,4,1,1480,False
nuscenes_mini,c5a8f6d7a0fe4858b318aeac2524098f,car,0.9139785170555115,22.06,B,0.1206,0.0085,269,19,2230,True
nuscenes_mini,c5a8f6d7a0fe4858b318aeac2524098f,car,0.9179486632347107,35.75,C,0.0165,0.0025,161,24,9730,False
nuscenes_mini,c5a8f6d7a0fe4858b318aeac2524098f,car,0.8632478713989258,20.64,B,0.1176,0.0065,307,17,2610,True
nuscenes_mini,c5a8f6d7a0fe4858b318aeac2524098f,car,0.5631399154663086,51.76,C,0.0374,0.0017,65,3,1737,False
nuscenes_mini,c5a8f6d7a0fe4858b318aeac2524098f,car,0.9298245906829834,15.58,B,0.1793,0.0062,460,16,2565,True
nuscenes_mini,c5a8f6d7a0fe4858b318aeac2524098f,car,0.6908212304115295,44.77,C,0.1096,0.0053,125,6,1141,True
nuscenes_mini,c5a8f6d7a0fe4858b318aeac2524098f,car,0.921951174736023,25.35,B,0.0767,0.008,135,14,1760,False
nuscenes_mini,c5a8f6d7a0fe4858b318aeac2524098f,car,0.8241757750511169,27.83,B,0.0487,0.0065,45,6,924,False
nuscenes_mini,c5a8f6d7a0fe4858b318aeac2524098f,truck,0.604938268661499,26.22,B,0.2117,0.0065,292,9,1379,True
nuscenes_mini,c5a8f6d7a0fe4858b318aeac2524098f,car,0.8128654956817627,41.57,C,0.0052,0.0017,9,3,1736,False
nuscenes_mini,c5a8f6d7a0fe4858b318aeac2524098f,car,0.8632478713989258,33.95,C,0.0031,0.0025,5,4,1620,False
nuscenes_mini,c5a8f6d7a0fe4858b318aeac2524098f,bus,0.9649122953414917,12.72,A,0.2013,0.0151,5492,412,27280,True
nuscenes_mini,c5a8f6d7a0fe4858b318aeac2524098f,truck,0.7344398498535156,8.97,A,0.2625,0.0411,882,138,3360,True
nuscenes_mini,c5a8f6d7a0fe4858b318aeac2524098f,pedestrian,1.0,33.64,C,0.0,0.0,0,0,54,False
nuscenes_mini,c5a8f6d7a0fe4858b318aeac2524098f,pedestrian,1.0,13.24,A,0.4167,0.0417,20,2,48,True
nuscenes_mini,c5a8f6d7a0fe4858b318aeac2524098f,car,0.8827838897705078,21.99,B,0.0747,0.0098,160,21,2142,False
nuscenes_mini,c5a8f6d7a0fe4858b318aeac2524098f,car,0.9064327478408813,21.02,B,0.0594,0.0103,52,9,875,False
nuscenes_mini,c5a8f6d7a0fe4858b318aeac2524098f,car,0.7730495929718018,28.55,B,0.0625,0.0049,64,5,1024,False
nuscenes_mini,c5a8f6d7a0fe4858b318aeac2524098f,car,0.9064327478408813,41.9,C,0.0279,0.001,145,5,5203,False
nuscenes_mini,c5a8f6d7a0fe4858b318aeac2524098f,car,0.8552036285400391,26.52,B,0.1223,0.0103,285,24,2331,True
nuscenes_mini,c5a8f6d7a0fe4858b318aeac2524098f,car,0.8865247964859009,23.38,B,0.0745,0.0138,108,20,1449,False
nuscenes_mini,c5a8f6d7a0fe4858b318aeac2524098f,construction_vehicle,0.6483516097068787,7.66,A,0.4556,0.0414,902,82,1980,True
nuscenes_mini,c5a8f6d7a0fe4858b318aeac2524098f,car,0.6831682920455933,18.34,B,0.0359,0.0051,56,8,1560,False
nuscenes_mini,c5a8f6d7a0fe4858b318aeac2524098f,car,0.5540069937705994,34.12,C,0.0213,0.0013,50,3,2350,False
nuscenes_mini,c5a8f6d7a0fe4858b318aeac2524098f,car,0.7887788414955139,15.34,B,0.1242,0.0177,140,20,1127,True
nuscenes_mini,c5a8f6d7a0fe4858b318aeac2524098f,car,0.8827838897705078,14.53,A,0.1788,0.0231,349,45,1952,True
nuscenes_mini,c5a8f6d7a0fe4858b318aeac2524098f,car,0.7815700173377991,33.98,C,0.0007,0.0004,8,4,11158,False
nuscenes_mini,c5a8f6d7a0fe4858b318aeac2524098f,car,0.7928802371025085,13.73,A,0.157,0.016,216,22,1376,True
nuscenes_mini,c5a8f6d7a0fe4858b318aeac2524098f,car,0.8632478713989258,14.26,A,0.1238,0.0208,208,35,1680,True
nuscenes_mini,c5a8f6d7a0fe4858b318aeac2524098f,car,0.6404494643211365,31.09,C,0.009,0.0,7,0,780,False
nuscenes_mini,c5a8f6d7a0fe4858b318aeac2524098f,car,0.6559139490127563,40.51,C,0.0,0.0,0,0,786,False
nuscenes_mini,ed1eee39e3dd4c30a3d932e3ceaa92c2,car,0.7387754917144775,47.36,C,0.013,0.0,11,0,846,False
nuscenes_mini,ed1eee39e3dd4c30a3d932e3ceaa92c2,car,0.8709677457809448,26.42,B,0.1411,0.0,165,0,1169,True
nuscenes_mini,ed1eee39e3dd4c30a3d932e3ceaa92c2,car,0.6483516097068787,39.34,C,0.0688,0.0106,78,12,1134,False
nuscenes_mini,ed1eee39e3dd4c30a3d932e3ceaa92c2,truck,0.6213017702102661,18.52,B,0.1644,0.0102,548,34,3333,True
nuscenes_mini,ed1eee39e3dd4c30a3d932e3ceaa92c2,car,0.7620818018913269,41.32,C,0.1384,0.0045,185,6,1337,True
nuscenes_mini,ed1eee39e3dd4c30a3d932e3ceaa92c2,truck,0.5428571701049805,51.41,C,0.0536,0.0,134,0,2502,False
nuscenes_mini,ed1eee39e3dd4c30a3d932e3ceaa92c2,pedestrian,1.0,18.09,B,0.2083,0.0625,10,3,48,True
nuscenes_mini,ed1eee39e3dd4c30a3d932e3ceaa92c2,pedestrian,1.0,34.22,C,0.0,0.0,0,0,24,False
nuscenes_mini,ed1eee39e3dd4c30a3d932e3ceaa92c2,car,0.6332378387451172,21.51,B,0.0072,0.0016,9,2,1248,False
nuscenes_mini,ed1eee39e3dd4c30a3d932e3ceaa92c2,car,0.6332378387451172,26.86,B,0.0309,0.0043,29,4,938,False
nuscenes_mini,ed1eee39e3dd4c30a3d932e3ceaa92c2,car,0.859649121761322,29.18,B,0.0,0.0,0,0,2466,False
nuscenes_mini,ed1eee39e3dd4c30a3d932e3ceaa92c2,car,0.8083832263946533,45.71,C,0.0215,0.0028,38,5,1768,False
nuscenes_mini,ed1eee39e3dd4c30a3d932e3ceaa92c2,bus,0.949367105960846,17.22,B,0.1361,0.0087,3033,193,22286,True
nuscenes_mini,ed1eee39e3dd4c30a3d932e3ceaa92c2,construction_vehicle,0.6640419960021973,13.13,A,0.4448,0.0113,6361,161,14300,True
nuscenes_mini,ed1eee39e3dd4c30a3d932e3ceaa92c2,pedestrian,1.0,43.42,C,0.1071,0.0536,6,3,56,True
nuscenes_mini,ed1eee39e3dd4c30a3d932e3ceaa92c2,car,0.7575758099555969,27.86,B,0.0692,0.01,166,24,2400,False
nuscenes_mini,ed1eee39e3dd4c30a3d932e3ceaa92c2,car,0.7928802371025085,26.05,B,0.0198,0.001,20,1,1008,False
nuscenes_mini,ed1eee39e3dd4c30a3d932e3ceaa92c2,car,0.7500000596046448,23.42,B,0.1066,0.0044,145,6,1360,True
nuscenes_mini,ed1eee39e3dd4c30a3d932e3ceaa92c2,car,0.8012422323226929,21.58,B,0.107,0.018,149,25,1392,True
nuscenes_mini,ed1eee39e3dd4c30a3d932e3ceaa92c2,car,0.7730495929718018,19.72,B,0.0158,0.0014,22,2,1395,False
nuscenes_mini,ed1eee39e3dd4c30a3d932e3ceaa92c2,truck,0.5775577425956726,18.89,B,0.0849,0.0124,220,32,2590,False
nuscenes_mini,ed1eee39e3dd4c30a3d932e3ceaa92c2,car,0.8865247964859009,15.02,B,0.1409,0.0064,221,10,1568,True
nuscenes_mini,ed1eee39e3dd4c30a3d932e3ceaa92c2,car,0.8324607610702515,15.46,B,0.132,0.0151,227,26,1720,True
nuscenes_mini,ed1eee39e3dd4c30a3d932e3ceaa92c2,car,0.8324607610702515,14.09,A,0.2378,0.0153,233,15,980,True
nuscenes_mini,ed1eee39e3dd4c30a3d932e3ceaa92c2,car,0.8787879347801208,24.65,B,0.082,0.0071,185,16,2256,False
nuscenes_mini,ed1eee39e3dd4c30a3d932e3ceaa92c2,car,0.7697842121124268,45.33,C,0.0063,0.0019,10,3,1584,False
nuscenes_mini,ed1eee39e3dd4c30a3d932e3ceaa92c2,car,0.5151515007019043,30.13,C,0.0066,0.0,9,0,1368,False
nuscenes_mini,ed1eee39e3dd4c30a3d932e3ceaa92c2,car,0.8012422323226929,17.11,B,0.0315,0.005,70,11,2220,False
nuscenes_mini,728e3e32df3c413389cb7e233de96ac4,car,0.9101123809814453,23.08,B,0.1292,0.0021,243,4,1881,True
nuscenes_mini,728e3e32df3c413389cb7e233de96ac4,car,0.6483516097068787,37.29,C,0.0239,0.0039,37,6,1548,False
nuscenes_mini,728e3e32df3c413389cb7e233de96ac4,car,0.7575758099555969,48.46,C,0.0268,0.0029,55,6,2052,False
nuscenes_mini,728e3e32df3c413389cb7e233de96ac4,truck,0.5631399154663086,46.55,C,0.0922,0.0006,165,1,1790,False
nuscenes_mini,728e3e32df3c413389cb7e233de96ac4,pedestrian,1.0,21.63,B,0.0972,0.0556,7,4,72,False
nuscenes_mini,728e3e32df3c413389cb7e233de96ac4,car,0.6246334314346313,30.32,C,0.0476,0.0025,58,3,1218,False
nuscenes_mini,728e3e32df3c413389cb7e233de96ac4,car,0.8552036285400391,35.86,C,0.0,0.0005,0,1,2180,False
nuscenes_mini,728e3e32df3c413389cb7e233de96ac4,car,0.8128654956817627,49.98,C,0.0293,0.0036,41,5,1400,False
nuscenes_mini,728e3e32df3c413389cb7e233de96ac4,bus,0.9569892287254333,21.4,B,0.1004,0.0062,1982,123,19741,True
nuscenes_mini,728e3e32df3c413389cb7e233de96ac4,construction_vehicle,0.7419355511665344,15.19,B,0.4451,0.009,2977,60,6688,True
nuscenes_mini,728e3e32df3c413389cb7e233de96ac4,construction_vehicle,0.5241636037826538,24.84,B,0.144,0.0059,758,31,5265,True
nuscenes_mini,728e3e32df3c413389cb7e233de96ac4,pedestrian,1.0,40.58,C,0.0833,0.0625,4,3,48,False
nuscenes_mini,728e3e32df3c413389cb7e233de96ac4,car,0.8160918951034546,18.99,B,0.1506,0.019,530,67,3520,True
nuscenes_mini,728e3e32df3c413389cb7e233de96ac4,car,0.6604774594306946,29.79,B,0.0888,0.0117,159,21,1791,False
nuscenes_mini,728e3e32df3c413389cb7e233de96ac4,car,0.8439024686813354,22.87,B,0.0934,0.0172,136,25,1456,False
nuscenes_mini,728e3e32df3c413389cb7e233de96ac4,car,0.719298243522644,19.71,B,0.1283,0.0014,187,2,1458,True
nuscenes_mini,728e3e32df3c413389cb7e233de96ac4,car,0.8241757750511169,17.42,B,0.0456,0.0097,85,18,1864,False
nuscenes_mini,728e3e32df3c413389cb7e233de96ac4,car,0.604938268661499,40.28,C,0.0006,0.0,1,0,1696,False
nuscenes_mini,728e3e32df3c413389cb7e233de96ac4,car,0.7928802371025085,17.8,B,0.0971,0.002,143,3,1472,False
nuscenes_mini,728e3e32df3c413389cb7e233de96ac4,car,0.7655677795410156,47.08,C,0.0048,0.0016,9,3,1881,False
nuscenes_mini,728e3e32df3c413389cb7e233de96ac4,car,0.8787879347801208,16.42,B,0.0922,0.0142,188,29,2040,False
nuscenes_mini,728e3e32df3c413389cb7e233de96ac4,car,0.8012422323226929,23.5,B,0.0806,0.0078,114,11,1414,False
nuscenes_mini,728e3e32df3c413389cb7e233de96ac4,car,0.5816993117332458,48.63,C,0.0153,0.0,17,0,1113,False
nuscenes_mini,728e3e32df3c413389cb7e233de96ac4,car,0.8048780560493469,17.88,B,0.0911,0.0075,109,9,1197,False
nuscenes_mini,728e3e32df3c413389cb7e233de96ac4,car,0.7419355511665344,46.58,C,0.014,0.0009,15,1,1071,False
nuscenes_mini,728e3e32df3c413389cb7e233de96ac4,car,0.5540069937705994,28.05,B,0.0088,0.0,13,0,1470,False
nuscenes_mini,728e3e32df3c413389cb7e233de96ac4,car,0.675126850605011,27.87,B,0.0,0.0,0,0,834,False
nuscenes_mini,9c56003504024697a5c8d1cb9355a335,car,0.7299578189849854,45.28,C,0.0374,0.0,70,0,1872,False
nuscenes_mini,9c56003504024697a5c8d1cb9355a335,car,0.9298245906829834,16.45,B,0.1453,0.0175,323,39,2223,True
nuscenes_mini,9c56003504024697a5c8d1cb9355a335,car,0.518796980381012,34.7,C,0.053,0.0076,56,8,1057,False
nuscenes_mini,9c56003504024697a5c8d1cb9355a335,car,0.7229437232017517,46.16,C,0.0379,0.006,57,9,1504,False
nuscenes_mini,9c56003504024697a5c8d1cb9355a335,truck,0.7264957427978516,51.09,C,0.033,0.0022,107,7,3245,False
nuscenes_mini,9c56003504024697a5c8d1cb9355a335,pedestrian,1.0,21.37,B,0.125,0.075,5,3,40,True
nuscenes_mini,9c56003504024697a5c8d1cb9355a335,pedestrian,1.0,26.65,B,0.0625,0.0417,3,2,48,False
nuscenes_mini,9c56003504024697a5c8d1cb9355a335,car,0.5345454812049866,32.94,C,0.005,0.0003,16,1,3190,False
nuscenes_mini,9c56003504024697a5c8d1cb9355a335,car,0.7264957427978516,23.06,B,0.0395,0.0047,42,5,1064,False
nuscenes_mini,9c56003504024697a5c8d1cb9355a335,car,0.8672199249267578,34.15,C,0.0126,0.0016,24,3,1899,False
nuscenes_mini,9c56003504024697a5c8d1cb9355a335,car,0.6289855241775513,36.28,C,0.0104,0.0,15,0,1440,False
nuscenes_mini,9c56003504024697a5c8d1cb9355a335,bus,0.941605806350708,25.39,B,0.0676,0.0051,1138,86,16830,False
nuscenes_mini,9c56003504024697a5c8d1cb9355a335,construction_vehicle,0.7104072570800781,20.25,B,0.2641,0.0074,2554,72,9672,True
nuscenes_mini,9c56003504024697a5c8d1cb9355a335,construction_vehicle,0.5151515007019043,28.64,B,0.0874,0.0065,446,33,5104,False
nuscenes_mini,9c56003504024697a5c8d1cb9355a335,car,0.8160918951034546,19.4,B,0.1954,0.0195,643,64,3290,True
nuscenes_mini,9c56003504024697a5c8d1cb9355a335,car,0.518796980381012,20.86,B,0.0675,0.003,67,3,992,False
nuscenes_mini,9c56003504024697a5c8d1cb9355a335,car,0.6521739363670349,31.59,C,0.0053,0.0009,6,1,1134,False
nuscenes_mini,9c56003504024697a5c8d1cb9355a335,car,0.8552036285400391,24.3,B,0.0915,0.0073,175,14,1912,False
nuscenes_mini,9c56003504024697a5c8d1cb9355a335,car,0.7968254089355469,24.81,B,0.0826,0.0021,195,5,2360,False
nuscenes_mini,9c56003504024697a5c8d1cb9355a335,car,0.7538461089134216,20.06,B,0.1431,0.0135,286,27,1998,True
nuscenes_mini,9c56003504024697a5c8d1cb9355a335,car,0.8518518805503845,18.5,B,0.0747,0.0086,156,18,2088,False
nuscenes_mini,9c56003504024697a5c8d1cb9355a335,car,0.7770034670829773,49.25,C,0.0005,0.0,1,0,1980,False
nuscenes_mini,9c56003504024697a5c8d1cb9355a335,car,0.7815700173377991,40.1,C,0.0805,0.003,107,4,1330,False
nuscenes_mini,9c56003504024697a5c8d1cb9355a335,car,0.5276752710342407,29.29,B,0.0,0.0,0,0,1746,False
nuscenes_mini,9c56003504024697a5c8d1cb9355a335,car,0.7770034670829773,49.49,C,0.0194,0.0023,25,3,1288,False
nuscenes_mini,9c56003504024697a5c8d1cb9355a335,car,0.6246334314346313,41.39,C,0.0,0.0,0,0,1344,False
nuscenes_mini,9c56003504024697a5c8d1cb9355a335,truck,0.6640419960021973,36.32,C,0.0031,0.0,11,0,3540,False
nuscenes_mini,9c56003504024697a5c8d1cb9355a335,truck,0.6640419960021973,56.12,C,0.0,0.0,0,0,160,False
nuscenes_mini,35833ae5808e4ef186d1fdebac3d9cf6,car,0.7770034670829773,42.87,C,0.0509,0.0034,119,8,2340,False
nuscenes_mini,35833ae5808e4ef186d1fdebac3d9cf6,car,0.9336099624633789,9.43,A,0.2505,0.036,674,97,2691,True
nuscenes_mini,35833ae5808e4ef186d1fdebac3d9cf6,car,0.8947368264198303,9.23,A,0.1273,0.0155,197,24,1548,True
nuscenes_mini,35833ae5808e4ef186d1fdebac3d9cf6,car,0.675126850605011,43.7,C,0.0204,0.003,47,7,2300,False
nuscenes_mini,35833ae5808e4ef186d1fdebac3d9cf6,trailer,0.6167664527893066,53.73,C,0.057,0.0,63,0,1106,False
nuscenes_mini,35833ae5808e4ef186d1fdebac3d9cf6,pedestrian,1.0,25.06,B,0.1562,0.0625,5,2,32,True
nuscenes_mini,35833ae5808e4ef186d1fdebac3d9cf6,pedestrian,1.0,30.54,C,0.1,0.0667,3,2,30,False
nuscenes_mini,35833ae5808e4ef186d1fdebac3d9cf6,car,0.5897435545921326,46.79,C,0.0,0.0,0,0,1218,False
nuscenes_mini,35833ae5808e4ef186d1fdebac3d9cf6,car,0.8128654956817627,23.19,B,0.0326,0.0038,34,4,1043,False
nuscenes_mini,35833ae5808e4ef186d1fdebac3d9cf6,car,0.7419355511665344,22.92,B,0.1159,0.0072,96,6,828,True
nuscenes_mini,35833ae5808e4ef186d1fdebac3d9cf6,car,0.8632478713989258,33.86,C,0.0102,0.0009,23,2,2260,False
nuscenes_mini,35833ae5808e4ef186d1fdebac3d9cf6,bus,0.941605806350708,29.32,B,0.0334,0.0037,542,60,16245,False
nuscenes_mini,35833ae5808e4ef186d1fdebac3d9cf6,construction_vehicle,0.6363636255264282,25.74,B,0.1539,0.0044,2193,63,14252,True
nuscenes_mini,35833ae5808e4ef186d1fdebac3d9cf6,car,0.8241757750511169,26.39,B,0.0633,0.0098,84,13,1328,False
nuscenes_mini,35833ae5808e4ef186d1fdebac3d9cf6,car,0.7852349281311035,34.68,C,0.0222,0.0048,46,10,2070,False
nuscenes_mini,35833ae5808e4ef186d1fdebac3d9cf6,car,0.7968254089355469,21.32,B,0.181,0.0124,742,51,4100,True
nuscenes_mini,35833ae5808e4ef186d1fdebac3d9cf6,pedestrian,1.0,44.83,C,0.0,0.0,0,0,28,False
nuscenes_mini,35833ae5808e4ef186d1fdebac3d9cf6,car,0.5038759708404541,52.41,C,0.0,0.0,0,0,1729,False
nuscenes_mini,35833ae5808e4ef186d1fdebac3d9cf6,car,0.7460317611694336,42.33,C,0.0008,0.0,1,0,1267,False
nuscenes_mini,35833ae5808e4ef186d1fdebac3d9cf6,car,0.5395683646202087,48.6,C,0.0376,0.0,48,0,1278,False
nuscenes_mini,35833ae5808e4ef186d1fdebac3d9cf6,car,0.7538461089134216,21.44,B,0.058,0.0061,134,14,2312,False
nuscenes_mini,35833ae5808e4ef186d1fdebac3d9cf6,car,0.7730495929718018,51.43,C,0.0044,0.0001,78,2,17578,False
nuscenes_mini,35833ae5808e4ef186d1fdebac3d9cf6,car,0.5428571701049805,28.93,B,0.0849,0.0039,66,3,777,False
nuscenes_mini,35833ae5808e4ef186d1fdebac3d9cf6,car,0.6097560524940491,51.31,C,0.0,0.0,0,0,920,False
nuscenes_mini,35833ae5808e4ef186d1fdebac3d9cf6,car,0.5345454812049866,52.34,C,0.0074,0.002,11,3,1485,False
nuscenes_mini,35833ae5808e4ef186d1fdebac3d9cf6,car,0.604938268661499,35.37,C,0.0077,0.0,8,0,1043,False
nuscenes_mini,35833ae5808e4ef186d1fdebac3d9cf6,truck,0.6444444060325623,40.69,C,0.0081,0.0005,30,2,3720,False
nuscenes_mini,cd9964f8c3d34383b16e9c2997de1ed0,construction_vehicle,0.7538461089134216,13.72,A,0.3326,0.009,1434,39,4312,True
nuscenes_mini,cd9964f8c3d34383b16e9c2997de1ed0,car,0.9259259104728699,18.07,B,0.1151,0.0117,316,32,2745,True
nuscenes_mini,cd9964f8c3d34383b16e9c2997de1ed0,car,0.9532163739204407,11.25,A,0.2252,0.0248,590,65,2620,True
nuscenes_mini,cd9964f8c3d34383b16e9c2997de1ed0,car,0.7142857313156128,20.62,B,0.0522,0.0079,79,12,1512,False
nuscenes_mini,cd9964f8c3d34383b16e9c2997de1ed0,truck,0.7229437232017517,27.72,B,0.026,0.0018,273,19,10480,False
nuscenes_mini,cd9964f8c3d34383b16e9c2997de1ed0,car,0.941605806350708,18.03,B,0.1741,0.0185,443,47,2544,True
nuscenes_mini,cd9964f8c3d34383b16e9c2997de1ed0,car,0.8672199249267578,31.43,C,0.0555,0.0009,61,1,1099,False
nuscenes_mini,cd9964f8c3d34383b16e9c2997de1ed0,car,0.9336099624633789,27.96,B,0.0873,0.0179,141,29,1616,False
nuscenes_mini,9ab95de13c2d432ebb678ebb5da1ac5e,construction_vehicle,0.8552036285400391,13.64,A,0.2565,0.0075,2259,66,8806,True
nuscenes_mini,9ab95de13c2d432ebb678ebb5da1ac5e,construction_vehicle,0.5747508406639099,11.99,A,0.3789,0.009,1989,47,5249,True
nuscenes_mini,9ab95de13c2d432ebb678ebb5da1ac5e,pedestrian,1.0,4.63,A,1.0,0.0,30,0,30,True
nuscenes_mini,9ab95de13c2d432ebb678ebb5da1ac5e,car,0.9609756469726562,20.65,B,0.081,0.0114,248,35,3060,False
nuscenes_mini,9ab95de13c2d432ebb678ebb5da1ac5e,car,0.9609756469726562,11.19,A,0.1988,0.0236,497,59,2500,True
nuscenes_mini,9ab95de13c2d432ebb678ebb5da1ac5e,car,0.9452055096626282,29.74,B,0.1111,0.0166,161,24,1449,True
nuscenes_mini,9ab95de13c2d432ebb678ebb5da1ac5e,truck,0.8324607610702515,26.35,B,0.0319,0.0038,302,36,9460,False
nuscenes_mini,9ab95de13c2d432ebb678ebb5da1ac5e,car,0.9179486632347107,13.61,A,0.3258,0.0163,260,13,798,True
nuscenes_mini,4a61e56dd1ee4c159cc595b52aa2a254,construction_vehicle,0.6908212304115295,9.77,A,0.4825,0.0215,1436,64,2976,True
nuscenes_mini,4a61e56dd1ee4c159cc595b52aa2a254,construction_vehicle,0.8827838897705078,10.17,A,0.4485,0.018,1895,76,4225,True
nuscenes_mini,4a61e56dd1ee4c159cc595b52aa2a254,car,0.9532163739204407,11.34,A,0.1857,0.0171,544,50,2930,True
nuscenes_mini,4a61e56dd1ee4c159cc595b52aa2a254,car,0.9298245906829834,31.63,C,0.1174,0.0149,166,21,1414,True
nuscenes_mini,4a61e56dd1ee4c159cc595b52aa2a254,truck,0.7104072570800781,22.1,B,0.0859,0.0085,274,27,3190,False
nuscenes_mini,4a61e56dd1ee4c159cc595b52aa2a254,truck,0.604938268661499,24.41,B,0.0479,0.0022,434,20,9063,False
nuscenes_mini,8c0372d87281421aba897bec0084d0da,construction_vehicle,0.9139785170555115,8.03,A,0.465,0.0252,1533,83,3297,True
nuscenes_mini,8c0372d87281421aba897bec0084d0da,pedestrian,1.0,6.23,A,0.7857,0.0357,22,1,28,True
nuscenes_mini,8c0372d87281421aba897bec0084d0da,pedestrian,1.0,13.34,A,0.3214,0.1071,9,3,28,True
nuscenes_mini,8c0372d87281421aba897bec0084d0da,car,0.9569892287254333,10.95,A,0.1648,0.015,440,40,2670,True
nuscenes_mini,8c0372d87281421aba897bec0084d0da,car,0.9298245906829834,33.69,C,0.0564,0.0105,75,14,1330,False
nuscenes_mini,8c0372d87281421aba897bec0084d0da,car,0.941605806350708,24.53,B,0.1262,0.0054,395,17,3130,True
nuscenes_mini,8c0372d87281421aba897bec0084d0da,truck,0.6683937907218933,25.18,B,0.0241,0.0032,216,29,8980,False
nuscenes_mini,ebce5a3b3484446580028d6538e69a81,car,0.9259259104728699,51.19,C,0.0019,0.0,3,0,1573,False
nuscenes_mini,ebce5a3b3484446580028d6538e69a81,bus,0.5151515007019043,38.05,C,0.0075,0.0022,90,26,12006,False
nuscenes_mini,ebce5a3b3484446580028d6538e69a81,construction_vehicle,0.8787879347801208,6.87,A,0.4312,0.0265,2001,123,4641,True
nuscenes_mini,ebce5a3b3484446580028d6538e69a81,pedestrian,1.0,6.75,A,0.7083,0.125,17,3,24,True
nuscenes_mini,ebce5a3b3484446580028d6538e69a81,car,0.9569892287254333,10.55,A,0.2072,0.0276,518,69,2500,True
nuscenes_mini,ebce5a3b3484446580028d6538e69a81,car,0.9298245906829834,35.75,C,0.07,0.014,100,20,1428,False
nuscenes_mini,ebce5a3b3484446580028d6538e69a81,car,0.949367105960846,26.56,B,0.0563,0.0025,205,9,3641,False
nuscenes_mini,ebce5a3b3484446580028d6538e69a81,truck,0.8865247964859009,25.28,B,0.016,0.0015,135,13,8417,False
nuscenes_mini,12e1aa58e9d04068a33f37b896b901a3,car,0.9375000596046448,33.54,C,0.0177,0.0004,48,1,2709,False
nuscenes_mini,12e1aa58e9d04068a33f37b896b901a3,bus,0.8476190567016602,35.94,C,0.0107,0.0034,216,69,20102,False
nuscenes_mini,12e1aa58e9d04068a33f37b896b901a3,construction_vehicle,0.8904109597206116,6.06,A,0.4583,0.0433,2508,237,5472,True
nuscenes_mini,12e1aa58e9d04068a33f37b896b901a3,car,0.9569892287254333,10.48,A,0.1902,0.0283,525,78,2760,True
nuscenes_mini,12e1aa58e9d04068a33f37b896b901a3,car,0.921951174736023,37.85,C,0.0562,0.0078,72,10,1281,False
nuscenes_mini,12e1aa58e9d04068a33f37b896b901a3,car,0.941605806350708,28.33,B,0.0636,0.004,208,13,3270,False
nuscenes_mini,12e1aa58e9d04068a33f37b896b901a3,truck,0.8552036285400391,24.33,B,0.0282,0.0017,320,19,11361,False
nuscenes_mini,407969e29bf741f184bf8405af03588e,car,0.9532163739204407,28.55,B,0.02,0.0,44,0,2196,False
nuscenes_mini,407969e29bf741f184bf8405af03588e,bus,0.8552036285400391,33.63,C,0.0248,0.0064,518,134,20880,False
nuscenes_mini,407969e29bf741f184bf8405af03588e,construction_vehicle,0.8787879347801208,4.88,A,0.5365,0.0589,1485,163,2768,True
nuscenes_mini,407969e29bf741f184bf8405af03588e,car,0.9609756469726562,10.0,A,0.2716,0.0313,728,84,2680,True
nuscenes_mini,407969e29bf741f184bf8405af03588e,car,0.9179486632347107,39.09,C,0.0526,0.0102,67,13,1274,False
nuscenes_mini,407969e29bf741f184bf8405af03588e,car,0.9336099624633789,30.52,C,0.1003,0.0011,375,4,3740,True
nuscenes_mini,407969e29bf741f184bf8405af03588e,bus,0.5311355590820312,22.04,B,0.0534,0.0031,187,11,3504,False
nuscenes_mini,f4163d8adea94bcf892e005d5d2937a8,car,0.9532163739204407,28.29,B,0.0509,0.0047,164,15,3220,False
nuscenes_mini,f4163d8adea94bcf892e005d5d2937a8,bus,0.9375000596046448,31.36,C,0.0735,0.0059,1375,111,18702,False
nuscenes_mini,f4163d8adea94bcf892e005d5d2937a8,car,0.9179486632347107,41.32,C,0.0487,0.0,72,0,1477,False
nuscenes_mini,f4163d8adea94bcf892e005d5d2937a8,car,0.9569892287254333,9.76,A,0.2292,0.0303,628,83,2740,True
nuscenes_mini,f4163d8adea94bcf892e005d5d2937a8,car,0.9298245906829834,33.15,C,0.0171,0.002,60,7,3500,False
nuscenes_mini,f4163d8adea94bcf892e005d5d2937a8,truck,0.8632478713989258,22.63,B,0.0294,0.0017,211,12,7168,False
nuscenes_mini,f4163d8adea94bcf892e005d5d2937a8,construction_vehicle,0.8865247964859009,3.86,A,0.5946,0.0574,2426,234,4080,True
nuscenes_mini,e122a34ec57c4edf8311b40c3f85f863,car,0.9609756469726562,26.39,B,0.1316,0.0058,386,17,2934,True
nuscenes_mini,e122a34ec57c4edf8311b40c3f85f863,bus,0.9609756469726562,29.89,B,0.0872,0.007,2193,175,25156,False
nuscenes_mini,e122a34ec57c4edf8311b40c3f85f863,car,0.9179486632347107,42.98,C,0.1218,0.0076,193,12,1584,True
nuscenes_mini,e122a34ec57c4edf8311b40c3f85f863,car,0.9609756469726562,9.54,A,0.1971,0.0325,552,91,2800,True
nuscenes_mini,e122a34ec57c4edf8311b40c3f85f863,car,0.9179486632347107,33.58,C,0.0393,0.0011,112,3,2850,False
nuscenes_mini,e122a34ec57c4edf8311b40c3f85f863,bus,0.8439024686813354,21.26,B,0.0318,0.0043,179,24,5625,False
nuscenes_mini,e122a34ec57c4edf8311b40c3f85f863,construction_vehicle,0.9064327478408813,4.21,A,0.5836,0.0538,2290,211,3924,True
nuscenes_mini,8366b5125ac945f3b93153cfa39f1677,car,0.941605806350708,25.06,B,0.0412,0.0092,99,22,2403,False
nuscenes_mini,8366b5125ac945f3b93153cfa39f1677,car,0.8947368264198303,43.88,C,0.0086,0.0009,58,6,6720,False
nuscenes_mini,8366b5125ac945f3b93153cfa39f1677,bus,0.9609756469726562,29.22,B,0.071,0.0091,1630,208,22960,False
nuscenes_mini,8366b5125ac945f3b93153cfa39f1677,car,0.9064327478408813,44.15,C,0.1696,0.0087,254,13,1498,True
nuscenes_mini,8366b5125ac945f3b93153cfa39f1677,car,0.8709677457809448,35.51,C,0.0144,0.0014,42,4,2926,False
nuscenes_mini,8366b5125ac945f3b93153cfa39f1677,car,0.9609756469726562,9.13,A,0.1993,0.0362,495,90,2484,True
nuscenes_mini,8366b5125ac945f3b93153cfa39f1677,bus,0.8827838897705078,20.01,B,0.0511,0.0063,178,22,3480,False
nuscenes_mini,8366b5125ac945f3b93153cfa39f1677,construction_vehicle,0.8865247964859009,4.44,A,0.591,0.0513,3053,265,5166,True
nuscenes_mini,6b7487db4612438db7d446e2832a9e2e,car,0.8439024686813354,34.99,C,0.0,0.0,0,0,6300,False
nuscenes_mini,6b7487db4612438db7d446e2832a9e2e,car,0.9452055096626282,27.73,B,0.1816,0.0071,356,14,1960,True
nuscenes_mini,6b7487db4612438db7d446e2832a9e2e,bus,0.96875,28.2,B,0.1053,0.0086,2395,196,22743,True
nuscenes_mini,6b7487db4612438db7d446e2832a9e2e,car,0.9139785170555115,45.92,C,0.134,0.0072,224,12,1672,True
nuscenes_mini,6b7487db4612438db7d446e2832a9e2e,car,0.9609756469726562,8.81,A,0.2102,0.0273,555,72,2640,True
nuscenes_mini,6b7487db4612438db7d446e2832a9e2e,car,0.9179486632347107,37.18,C,0.0096,0.0012,33,4,3432,False
nuscenes_mini,6b7487db4612438db7d446e2832a9e2e,construction_vehicle,0.6404494643211365,7.23,A,0.3011,0.0158,2475,130,8220,True
nuscenes_mini,6b7487db4612438db7d446e2832a9e2e,construction_vehicle,0.5311355590820312,19.92,B,0.0272,0.0067,106,26,3900,False
nuscenes_mini,0307afa1ec7e48ce90295acabf8cb6dd,car,0.9452055096626282,24.91,B,0.1603,0.0101,350,22,2184,True
nuscenes_mini,0307afa1ec7e48ce90295acabf8cb6dd,bus,0.9609756469726562,28.47,B,0.0706,0.0081,1613,186,22857,False
nuscenes_mini,0307afa1ec7e48ce90295acabf8cb6dd,car,0.8947368264198303,46.78,C,0.0401,0.0006,68,1,1696,False
nuscenes_mini,0307afa1ec7e48ce90295acabf8cb6dd,car,0.8904109597206116,39.68,C,0.0019,0.0006,7,2,3597,False
nuscenes_mini,0307afa1ec7e48ce90295acabf8cb6dd,car,0.9609756469726562,8.64,A,0.2635,0.0327,822,102,3120,True
nuscenes_mini,0307afa1ec7e48ce90295acabf8cb6dd,construction_vehicle,0.8128654956817627,7.56,A,0.3262,0.0173,3642,193,11165,True
nuscenes_mini,0307afa1ec7e48ce90295acabf8cb6dd,construction_vehicle,0.5276752710342407,18.18,B,0.0377,0.0091,108,26,2868,False
nuscenes_mini,3d9b4a27209e4624b491f48144be21d6,car,0.949367105960846,22.22,B,0.1443,0.0113,344,27,2384,True
nuscenes_mini,3d9b4a27209e4624b491f48144be21d6,bus,0.9569892287254333,28.4,B,0.067,0.0074,1338,148,19969,False
nuscenes_mini,3d9b4a27209e4624b491f48144be21d6,car,0.9101123809814453,32.54,C,0.0003,0.0008,1,3,3970,False
nuscenes_mini,3d9b4a27209e4624b491f48144be21d6,car,0.8904109597206116,38.46,C,0.0,0.0,0,0,1737,False
nuscenes_mini,3d9b4a27209e4624b491f48144be21d6,car,0.9609756469726562,8.15,A,0.2734,0.0369,711,96,2601,True
nuscenes_mini,3d9b4a27209e4624b491f48144be21d6,car,0.8947368264198303,47.22,C,0.0518,0.0,94,0,1816,False
nuscenes_mini,3d9b4a27209e4624b491f48144be21d6,truck,0.719298243522644,18.84,B,0.0348,0.0053,159,24,4563,False
nuscenes_mini,3d9b4a27209e4624b491f48144be21d6,construction_vehicle,0.8750000596046448,8.4,A,0.3377,0.016,3689,175,10923,True
nuscenes_mini,73eb876167f4419a9a6ec1a601abdcaf,car,0.9452055096626282,24.29,B,0.0246,0.0095,31,12,1260,False
nuscenes_mini,73eb876167f4419a9a6ec1a601abdcaf,car,0.96875,19.81,B,0.1291,0.0218,254,43,1968,True
nuscenes_mini,73eb876167f4419a9a6ec1a601abdcaf,bus,0.9649122953414917,28.85,B,0.0533,0.0057,886,94,16632,False
nuscenes_mini,73eb876167f4419a9a6ec1a601abdcaf,car,0.9609756469726562,24.22,B,0.1384,0.0032,216,5,1561,True
nuscenes_mini,73eb876167f4419a9a6ec1a601abdcaf,car,0.8787879347801208,37.91,C,0.0194,0.0,23,0,1188,False
nuscenes_mini,73eb876167f4419a9a6ec1a601abdcaf,car,0.9609756469726562,7.75,A,0.3143,0.0377,858,103,2730,True
nuscenes_mini,73eb876167f4419a9a6ec1a601abdcaf,car,0.8947368264198303,49.05,C,0.0477,0.0037,90,7,1888,False
nuscenes_mini,73eb876167f4419a9a6ec1a601abdcaf,bus,0.8083832263946533,18.49,B,0.0386,0.0043,271,30,7024,False
nuscenes_mini,73eb876167f4419a9a6ec1a601abdcaf,construction_vehicle,0.7500000596046448,9.16,A,0.3122,0.0192,2697,166,8640,True
nuscenes_mini,348c8122f47349429a6cd694dcac86e6,car,0.9649122953414917,23.13,B,0.2383,0.0112,467,22,1960,True
nuscenes_mini,348c8122f47349429a6cd694dcac86e6,car,0.9726027250289917,18.67,B,0.1299,0.0215,290,48,2233,True
nuscenes_mini,348c8122f47349429a6cd694dcac86e6,bus,0.9532163739204407,30.14,C,0.0388,0.0051,666,88,17172,False
nuscenes_mini,348c8122f47349429a6cd694dcac86e6,car,0.9649122953414917,23.07,B,0.2488,0.0091,357,13,1435,True
nuscenes_mini,348c8122f47349429a6cd694dcac86e6,car,0.9649122953414917,7.31,A,0.344,0.0448,860,112,2500,True
nuscenes_mini,348c8122f47349429a6cd694dcac86e6,car,0.6640419960021973,31.92,C,0.0801,0.0034,257,11,3210,False
nuscenes_mini,348c8122f47349429a6cd694dcac86e6,construction_vehicle,0.8241757750511169,9.76,A,0.3297,0.014,3766,160,11424,True
nuscenes_mini,348c8122f47349429a6cd694dcac86e6,construction_vehicle,0.6213017702102661,17.29,B,0.0655,0.0077,503,59,7684,False
nuscenes_mini,7ae00681137b40f5bd7bef3823a82ee2,car,0.96875,18.06,B,0.2361,0.0196,578,48,2448,True
nuscenes_mini,7ae00681137b40f5bd7bef3823a82ee2,car,0.8476190567016602,51.61,C,0.0071,0.0,4,0,560,False
nuscenes_mini,7ae00681137b40f5bd7bef3823a82ee2,bus,0.9569892287254333,31.59,C,0.0296,0.0041,522,72,17640,False
nuscenes_mini,7ae00681137b40f5bd7bef3823a82ee2,car,0.9569892287254333,6.92,A,0.3854,0.0427,947,105,2457,True
nuscenes_mini,7ae00681137b40f5bd7bef3823a82ee2,truck,0.9024390578269958,17.0,B,0.0559,0.0078,395,55,7072,False
nuscenes_mini,7ae00681137b40f5bd7bef3823a82ee2,construction_vehicle,0.7968254089355469,9.71,A,0.3985,0.0124,3902,121,9792,True
nuscenes_mini,8b6d496ed9d84469b75836ca1c56959f,car,0.9569892287254333,18.79,B,0.069,0.0198,171,49,2480,False
nuscenes_mini,8b6d496ed9d84469b75836ca1c56959f,car,0.8827838897705078,50.5,C,0.0051,0.0,6,0,1188,False
nuscenes_mini,8b6d496ed9d84469b75836ca1c56959f,car,0.9649122953414917,21.41,B,0.1843,0.0107,379,22,2056,True
nuscenes_mini,8b6d496ed9d84469b75836ca1c56959f,bus,0.941605806350708,33.06,C,0.0146,0.0033,263,59,17955,False
nuscenes_mini,8b6d496ed9d84469b75836ca1c56959f,car,0.9532163739204407,18.33,B,0.2667,0.0258,476,46,1785,True
nuscenes_mini,8b6d496ed9d84469b75836ca1c56959f,truck,0.6717948913574219,24.0,B,0.119,0.0084,226,16,1899,True
nuscenes_mini,8b6d496ed9d84469b75836ca1c56959f,car,0.9609756469726562,6.55,A,0.3223,0.0392,912,111,2830,True
nuscenes_mini,8b6d496ed9d84469b75836ca1c56959f,car,0.7460317611694336,33.83,C,0.0996,0.0004,223,1,2240,False
nuscenes_mini,8b6d496ed9d84469b75836ca1c56959f,car,0.8552036285400391,49.12,C,0.1014,0.0,84,0,828,True
nuscenes_mini,8b6d496ed9d84469b75836ca1c56959f,construction_vehicle,0.6995305418968201,11.02,A,0.2739,0.0148,2626,142,9588,True
nuscenes_mini,8b6d496ed9d84469b75836ca1c56959f,construction_vehicle,0.5395683646202087,16.51,B,0.0484,0.0074,443,68,9162,False
nuscenes_mini,a9def8f915cf4bfe9c74b864384ec6c7,car,0.8987342119216919,52.53,C,0.0182,0.0,8,0,440,False
nuscenes_mini,a9def8f915cf4bfe9c74b864384ec6c7,car,0.9609756469726562,21.64,B,0.1201,0.0118,244,24,2032,True
nuscenes_mini,a9def8f915cf4bfe9c74b864384ec6c7,bus,0.9298245906829834,34.38,C,0.022,0.0023,384,41,17472,False
nuscenes_mini,a9def8f915cf4bfe9c74b864384ec6c7,car,0.8827838897705078,19.63,B,0.075,0.0112,141,21,1880,False
nuscenes_mini,a9def8f915cf4bfe9c74b864384ec6c7,truck,0.8518518805503845,22.97,B,0.126,0.004,564,18,4476,True
nuscenes_mini,a9def8f915cf4bfe9c74b864384ec6c7,car,0.9649122953414917,5.97,A,0.3156,0.042,871,116,2760,True
nuscenes_mini,a9def8f915cf4bfe9c74b864384ec6c7,car,0.8632478713989258,34.18,C,0.01,0.0007,28,2,2790,False
nuscenes_mini,a9def8f915cf4bfe9c74b864384ec6c7,car,0.8865247964859009,51.05,C,0.1303,0.0053,172,7,1320,True
nuscenes_mini,a9def8f915cf4bfe9c74b864384ec6c7,construction_vehicle,0.7104072570800781,10.52,A,0.3415,0.0102,3634,109,10640,True
nuscenes_mini,a9def8f915cf4bfe9c74b864384ec6c7,construction_vehicle,0.5241636037826538,15.54,B,0.0635,0.0098,605,93,9522,False
nuscenes_mini,3d22d2c87c5b483a914c7e8125326013,car,0.9609756469726562,22.61,B,0.1004,0.0061,182,11,1813,True
nuscenes_mini,3d22d2c87c5b483a914c7e8125326013,car,0.827957034111023,44.8,C,0.0054,0.0,6,0,1104,False
nuscenes_mini,3d22d2c87c5b483a914c7e8125326013,bus,0.921951174736023,34.52,C,0.0078,0.0053,38,26,4860,False
nuscenes_mini,3d22d2c87c5b483a914c7e8125326013,truck,0.5936508178710938,22.33,B,0.0482,0.0156,142,46,2948,False
nuscenes_mini,3d22d2c87c5b483a914c7e8125326013,truck,0.6521739363670349,25.15,B,0.0942,0.0089,211,20,2240,False
nuscenes_mini,3d22d2c87c5b483a914c7e8125326013,pedestrian,1.0,26.23,B,0.1746,0.0159,11,1,63,True
nuscenes_mini,3d22d2c87c5b483a914c7e8125326013,truck,0.949367105960846,22.06,B,0.1413,0.0116,709,58,5016,True
nuscenes_mini,3d22d2c87c5b483a914c7e8125326013,car,0.96875,5.46,A,0.3021,0.031,849,87,2810,True
nuscenes_mini,3d22d2c87c5b483a914c7e8125326013,construction_vehicle,0.5586206912994385,14.16,A,0.0733,0.0131,801,143,10926,False
nuscenes_mini,3d22d2c87c5b483a914c7e8125326013,construction_vehicle,0.7264957427978516,10.91,A,0.3339,0.0097,3144,91,9415,True
nuscenes_mini,286532245ff646a9915070c8b402e487,car,0.949367105960846,24.23,B,0.1693,0.0018,282,3,1666,True
nuscenes_mini,286532245ff646a9915070c8b402e487,car,0.8476190567016602,47.23,C,0.0,0.0,0,0,1144,False
nuscenes_mini,286532245ff646a9915070c8b402e487,bus,0.921951174736023,40.13,C,0.0215,0.0023,311,33,14440,False
nuscenes_mini,286532245ff646a9915070c8b402e487,truck,0.949367105960846,21.67,B,0.1381,0.0093,815,55,5902,True
nuscenes_mini,286532245ff646a9915070c8b402e487,truck,0.7620818018913269,22.46,B,0.0995,0.009,187,17,1880,False
nuscenes_mini,286532245ff646a9915070c8b402e487,pedestrian,1.0,4.95,A,0.8125,0.1562,52,10,64,True
nuscenes_mini,286532245ff646a9915070c8b402e487,pedestrian,1.0,5.02,A,0.9048,0.0952,38,4,42,True
nuscenes_mini,286532245ff646a9915070c8b402e487,trailer,0.6831682920455933,21.72,B,0.1262,0.0099,461,36,3652,True
nuscenes_mini,286532245ff646a9915070c8b402e487,car,0.9726027250289917,8.32,A,0.1684,0.0078,2900,135,17226,True
nuscenes_mini,286532245ff646a9915070c8b402e487,construction_vehicle,0.7264957427978516,11.06,A,0.3056,0.0108,2348,83,7684,True
nuscenes_mini,286532245ff646a9915070c8b402e487,trailer,0.5241636037826538,12.19,A,0.095,0.0219,914,211,9622,False
nuscenes_mini,73e2b7fb98ef41aface277a968d65941,car,0.827957034111023,49.85,C,0.002,0.0,3,0,1512,False
nuscenes_mini,73e2b7fb98ef41aface277a968d65941,bus,0.8947368264198303,41.47,C,0.0077,0.0014,112,20,14500,False
nuscenes_mini,73e2b7fb98ef41aface277a968d65941,truck,0.9375000596046448,21.03,B,0.1708,0.0108,1057,67,6188,True
nuscenes_mini,73e2b7fb98ef41aface277a968d65941,truck,0.5276752710342407,20.93,B,0.0922,0.015,369,60,4004,False
nuscenes_mini,73e2b7fb98ef41aface277a968d65941,truck,0.675126850605011,21.16,B,0.0379,0.0074,169,33,4459,False
nuscenes_mini,73e2b7fb98ef41aface277a968d65941,car,0.9609756469726562,7.79,A,0.1672,0.0075,2929,131,17518,True
nuscenes_mini,73e2b7fb98ef41aface277a968d65941,construction_vehicle,0.7229437232017517,10.92,A,0.329,0.0096,2785,81,8466,True
nuscenes_mini,73e2b7fb98ef41aface277a968d65941,trailer,0.5661016702651978,10.83,A,0.1004,0.0181,1444,260,14383,True
nuscenes_mini,c537fef0b4b241df92f44daa976fe5b3,car,0.8987342119216919,27.96,B,0.0527,0.0007,79,1,1498,False
nuscenes_mini,c537fef0b4b241df92f44daa976fe5b3,bus,0.827957034111023,44.65,C,0.0078,0.0018,103,24,13160,False
nuscenes_mini,c537fef0b4b241df92f44daa976fe5b3,truck,0.9179486632347107,20.89,B,0.1533,0.0143,887,83,5785,True
nuscenes_mini,c537fef0b4b241df92f44daa976fe5b3,truck,0.6132930517196655,19.01,B,0.0932,0.0189,405,82,4345,False
nuscenes_mini,c537fef0b4b241df92f44daa976fe5b3,car,0.9452055096626282,37.26,C,0.0205,0.001,79,4,3861,False
nuscenes_mini,c537fef0b4b241df92f44daa976fe5b3,pedestrian,1.0,29.54,B,0.0417,0.0417,2,2,48,False
nuscenes_mini,c537fef0b4b241df92f44daa976fe5b3,pedestrian,1.0,5.1,A,0.8958,0.0833,43,4,48,True
nuscenes_mini,c537fef0b4b241df92f44daa976fe5b3,bicycle,0.8048780560493469,25.45,B,0.0,0.0,0,0,135,False
nuscenes_mini,c537fef0b4b241df92f44daa976fe5b3,car,0.9569892287254333,7.67,A,0.1614,0.0066,2680,110,16606,True
nuscenes_mini,c537fef0b4b241df92f44daa976fe5b3,bus,0.5775577425956726,8.44,A,0.1716,0.0229,3151,420,18360,True
nuscenes_mini,c537fef0b4b241df92f44daa976fe5b3,construction_vehicle,0.7460317611694336,10.7,A,0.3347,0.0086,2870,74,8575,True
nuscenes_mini,d68668cb98fe4be5a00f58b5ac8a0a7d,car,0.9336099624633789,40.95,C,0.0076,0.001,31,4,4100,False
nuscenes_mini,d68668cb98fe4be5a00f58b5ac8a0a7d,pedestrian,1.0,24.09,B,0.0,0.05,0,2,40,False
nuscenes_mini,d68668cb98fe4be5a00f58b5ac8a0a7d,pedestrian,1.0,28.31,B,0.0,0.0,0,0,40,False
nuscenes_mini,d68668cb98fe4be5a00f58b5ac8a0a7d,pedestrian,1.0,24.85,B,0.0556,0.0833,2,3,36,False
nuscenes_mini,d68668cb98fe4be5a00f58b5ac8a0a7d,car,0.9452055096626282,22.72,B,0.1157,0.0098,200,17,1728,True
nuscenes_mini,d68668cb98fe4be5a00f58b5ac8a0a7d,car,0.9569892287254333,7.73,A,0.1579,0.0065,2763,114,17499,True
nuscenes_mini,d68668cb98fe4be5a00f58b5ac8a0a7d,car,0.8827838897705078,41.01,C,0.0104,0.0005,21,1,2016,False
nuscenes_mini,d68668cb98fe4be5a00f58b5ac8a0a7d,car,0.6167664527893066,3.04,A,0.1738,0.0236,147,20,846,True
nuscenes_mini,d68668cb98fe4be5a00f58b5ac8a0a7d,bus,0.7928802371025085,6.44,A,0.1555,0.0231,2915,433,18745,True
nuscenes_mini,d68668cb98fe4be5a00f58b5ac8a0a7d,construction_vehicle,0.7264957427978516,10.62,A,0.3468,0.0083,3095,74,8925,True
nuscenes_mini,00889f8a9549450aa2f32cf310a3e305,car,0.859649121761322,21.63,B,0.071,0.0173,152,37,2140,False
nuscenes_mini,00889f8a9549450aa2f32cf310a3e305,truck,0.6246334314346313,16.61,B,0.256,0.0342,890,119,3476,True
nuscenes_mini,00889f8a9549450aa2f32cf310a3e305,truck,0.8787879347801208,23.01,B,0.0939,0.0071,725,55,7722,False
nuscenes_mini,00889f8a9549450aa2f32cf310a3e305,car,0.9375000596046448,26.3,B,0.1306,0.0075,139,8,1064,True
nuscenes_mini,00889f8a9549450aa2f32cf310a3e305,pedestrian,1.0,5.5,A,0.875,0.0625,42,3,48,True
nuscenes_mini,00889f8a9549450aa2f32cf310a3e305,pedestrian,1.0,23.38,B,0.0536,0.0179,3,1,56,False
nuscenes_mini,00889f8a9549450aa2f32cf310a3e305,car,0.9609756469726562,21.47,B,0.1363,0.0141,281,29,2061,True
nuscenes_mini,00889f8a9549450aa2f32cf310a3e305,car,0.8987342119216919,40.2,C,0.0142,0.0,24,0,1688,False
nuscenes_mini,00889f8a9549450aa2f32cf310a3e305,car,0.9569892287254333,7.94,A,0.1777,0.0051,3565,102,20060,True
nuscenes_mini,00889f8a9549450aa2f32cf310a3e305,construction_vehicle,0.7104072570800781,11.35,A,0.2879,0.0108,2349,88,8160,True
nuscenes_mini,00889f8a9549450aa2f32cf310a3e305,trailer,0.5428571701049805,5.6,A,0.0346,0.0232,270,181,7812,False
nuscenes_mini,00889f8a9549450aa2f32cf310a3e305,truck,0.7064220309257507,3.31,A,0.4408,0.0771,1012,177,2296,True
nuscenes_mini,dd8d85a47000418e849e4cb2f2a3f45f,bus,0.8865247964859009,48.35,C,0.0264,0.0,92,0,3488,False
nuscenes_mini,dd8d85a47000418e849e4cb2f2a3f45f,truck,0.6213017702102661,17.41,B,0.1024,0.0311,356,108,3476,True
nuscenes_mini,dd8d85a47000418e849e4cb2f2a3f45f,truck,0.921951174736023,24.9,B,0.0678,0.0074,497,54,7332,False
nuscenes_mini,dd8d85a47000418e849e4cb2f2a3f45f,car,0.941605806350708,23.63,B,0.1361,0.0177,246,32,1808,True
nuscenes_mini,dd8d85a47000418e849e4cb2f2a3f45f,truck,0.6908212304115295,25.79,B,0.0221,0.0076,38,13,1719,False
nuscenes_mini,dd8d85a47000418e849e4cb2f2a3f45f,pedestrian,1.0,5.38,A,0.875,0.1,35,4,40,True
nuscenes_mini,dd8d85a47000418e849e4cb2f2a3f45f,pedestrian,1.0,23.8,B,0.1667,0.0833,8,4,48,True
nuscenes_mini,dd8d85a47000418e849e4cb2f2a3f45f,car,0.859649121761322,17.42,B,0.1543,0.0272,261,46,1692,True
nuscenes_mini,dd8d85a47000418e849e4cb2f2a3f45f,car,0.8632478713989258,51.02,C,0.0461,0.0,31,0,672,False
nuscenes_mini,dd8d85a47000418e849e4cb2f2a3f45f,car,0.9649122953414917,8.33,A,0.1632,0.0049,3495,105,21413,True
nuscenes_mini,dd8d85a47000418e849e4cb2f2a3f45f,car,0.8987342119216919,43.29,C,0.0,0.0,0,0,2295,False
nuscenes_mini,dd8d85a47000418e849e4cb2f2a3f45f,construction_vehicle,0.5038759708404541,5.03,A,0.0152,0.0265,78,136,5134,False
nuscenes_mini,dd8d85a47000418e849e4cb2f2a3f45f,construction_vehicle,0.719298243522644,10.93,A,0.3205,0.0088,2703,74,8435,True
nuscenes_mini,dd8d85a47000418e849e4cb2f2a3f45f,pedestrian,1.0,3.87,A,0.1364,0.1061,9,7,66,True
nuscenes_mini,dd8d85a47000418e849e4cb2f2a3f45f,truck,0.5661016702651978,2.95,A,0.3658,0.0794,1475,320,4032,True
nuscenes_mini,c15f8261acfd4013a735798770fad71a,pedestrian,1.0,26.6,B,0.039,0.039,3,3,77,False
nuscenes_mini,c15f8261acfd4013a735798770fad71a,car,0.9649122953414917,20.68,B,0.2321,0.0173,564,42,2430,True
nuscenes_mini,c15f8261acfd4013a735798770fad71a,car,0.8750000596046448,50.21,C,0.0023,0.0,3,0,1287,False
nuscenes_mini,c15f8261acfd4013a735798770fad71a,car,0.9569892287254333,21.14,B,0.1539,0.0178,277,32,1800,True
nuscenes_mini,c15f8261acfd4013a735798770fad71a,bicycle,0.8904109597206116,24.34,B,0.25,0.0,27,0,108,True
nuscenes_mini,c15f8261acfd4013a735798770fad71a,truck,0.5311355590820312,18.57,B,0.0727,0.019,291,76,4004,False
nuscenes_mini,c15f8261acfd4013a735798770fad71a,truck,0.675126850605011,26.52,B,0.0995,0.0046,581,27,5838,False
nuscenes_mini,c15f8261acfd4013a735798770fad71a,pedestrian,1.0,4.2,A,0.1758,0.1429,16,13,91,True
nuscenes_mini,c15f8261acfd4013a735798770fad71a,car,0.9375000596046448,21.36,B,0.076,0.0185,127,31,1672,False
nuscenes_mini,c15f8261acfd4013a735798770fad71a,truck,0.8048780560493469,27.69,B,0.0738,0.0011,257,4,3484,False
nuscenes_mini,c15f8261acfd4013a735798770fad71a,construction_vehicle,0.5151515007019043,4.64,A,0.2227,0.0289,825,107,3705,True
nuscenes_mini,c15f8261acfd4013a735798770fad71a,pedestrian,1.0,5.49,A,0.9107,0.0714,51,4,56,True
nuscenes_mini,c15f8261acfd4013a735798770fad71a,pedestrian,1.0,23.14,B,0.15,0.05,6,2,40,True
nuscenes_mini,c15f8261acfd4013a735798770fad71a,car,0.5747508406639099,18.41,B,0.1455,0.0303,509,106,3498,True
nuscenes_mini,c15f8261acfd4013a735798770fad71a,car,0.9649122953414917,8.38,A,0.1788,0.0046,4208,109,23540,True
nuscenes_mini,c15f8261acfd4013a735798770fad71a,car,0.8987342119216919,40.14,C,0.0137,0.0,25,0,1824,False
nuscenes_mini,c15f8261acfd4013a735798770fad71a,construction_vehicle,0.5936508178710938,3.84,A,0.0424,0.0108,82,21,1936,False
nuscenes_mini,c15f8261acfd4013a735798770fad71a,construction_vehicle,0.6444444060325623,10.63,A,0.3385,0.0097,2486,71,7344,True
nuscenes_mini,0373e9d8886648779c8a73304919ab5f,car,0.96875,19.08,B,0.1702,0.0193,274,31,1610,True
nuscenes_mini,0373e9d8886648779c8a73304919ab5f,car,0.8787879347801208,39.68,C,0.0,0.0,0,0,784,False
nuscenes_mini,0373e9d8886648779c8a73304919ab5f,car,0.96875,21.2,B,0.1365,0.0175,296,38,2169,True
nuscenes_mini,0373e9d8886648779c8a73304919ab5f,bicycle,0.8904109597206116,25.88,B,0.155,0.0167,93,10,600,True
nuscenes_mini,0373e9d8886648779c8a73304919ab5f,truck,0.8750000596046448,28.55,B,0.0601,0.0053,274,24,4560,False
nuscenes_mini,0373e9d8886648779c8a73304919ab5f,trailer,0.6444444060325623,29.21,B,0.0529,0.0048,297,27,5610,False
nuscenes_mini,0373e9d8886648779c8a73304919ab5f,trailer,0.6483516097068787,3.85,A,0.3396,0.0378,2119,236,6240,True
nuscenes_mini,0373e9d8886648779c8a73304919ab5f,pedestrian,1.0,22.67,B,0.225,0.075,9,3,40,True
nuscenes_mini,0373e9d8886648779c8a73304919ab5f,pedestrian,1.0,5.53,A,0.8977,0.0568,79,5,88,True
nuscenes_mini,0373e9d8886648779c8a73304919ab5f,car,0.9139785170555115,22.13,B,0.2043,0.0112,201,11,984,True
nuscenes_mini,0373e9d8886648779c8a73304919ab5f,truck,0.8012422323226929,19.87,B,0.1435,0.0114,453,36,3156,True
nuscenes_mini,0373e9d8886648779c8a73304919ab5f,car,0.9649122953414917,8.19,A,0.1789,0.005,4097,115,22900,True
nuscenes_mini,0373e9d8886648779c8a73304919ab5f,car,0.8518518805503845,34.42,C,0.0598,0.0003,194,1,3245,False
nuscenes_mini,0373e9d8886648779c8a73304919ab5f,car,0.8987342119216919,38.52,C,0.013,0.0,22,0,1696,False
nuscenes_mini,0373e9d8886648779c8a73304919ab5f,construction_vehicle,0.719298243522644,10.84,A,0.3204,0.0096,2534,76,7910,True
nuscenes_mini,a5addc41b07842768a2183abdd01cff8,pedestrian,1.0,30.17,C,0.1458,0.0,14,0,96,True
nuscenes_mini,a5addc41b07842768a2183abdd01cff8,car,0.9139785170555115,22.02,B,0.0819,0.0091,171,19,2088,False
nuscenes_mini,a5addc41b07842768a2183abdd01cff8,car,0.9609756469726562,21.3,B,0.2094,0.0115,382,21,1824,True
nuscenes_mini,a5addc41b07842768a2183abdd01cff8,car,0.7575758099555969,46.53,C,0.0035,0.0,5,0,1424,False
nuscenes_mini,a5addc41b07842768a2183abdd01cff8,car,0.9649122953414917,17.73,B,0.1796,0.0197,365,40,2032,True
nuscenes_mini,a5addc41b07842768a2183abdd01cff8,bicycle,0.9101123809814453,25.97,B,0.104,0.0,13,0,125,True
nuscenes_mini,a5addc41b07842768a2183abdd01cff8,truck,0.8241757750511169,4.73,A,0.3093,0.0434,1531,215,4950,True
nuscenes_mini,a5addc41b07842768a2183abdd01cff8,pedestrian,1.0,22.14,B,0.1562,0.125,5,4,32,True
nuscenes_mini,a5addc41b07842768a2183abdd01cff8,pedestrian,1.0,21.45,B,0.1358,0.0617,11,5,81,True
nuscenes_mini,a5addc41b07842768a2183abdd01cff8,car,0.949367105960846,21.26,B,0.2446,0.013,339,18,1386,True
nuscenes_mini,a5addc41b07842768a2183abdd01cff8,car,0.96875,8.31,A,0.1607,0.005,3410,107,21223,True
nuscenes_mini,a5addc41b07842768a2183abdd01cff8,car,0.8987342119216919,38.48,C,0.0125,0.0,26,0,2088,False
nuscenes_mini,a5addc41b07842768a2183abdd01cff8,construction_vehicle,0.6363636255264282,3.79,A,0.0946,0.0297,220,69,2325,False
nuscenes_mini,a5addc41b07842768a2183abdd01cff8,construction_vehicle,0.6683937907218933,10.83,A,0.3434,0.0105,2685,82,7820,True
nuscenes_mini,46292fc546f048f29520299220f22798,car,0.8476190567016602,44.09,C,0.0,0.0,0,0,816,False
nuscenes_mini,46292fc546f048f29520299220f22798,car,0.9532163739204407,20.46,B,0.2508,0.0114,330,15,1316,True
nuscenes_mini,46292fc546f048f29520299220f22798,car,0.9259259104728699,23.84,B,0.0818,0.0083,187,19,2286,False
nuscenes_mini,46292fc546f048f29520299220f22798,car,0.96875,17.16,B,0.2567,0.0268,536,56,2088,True
nuscenes_mini,46292fc546f048f29520299220f22798,bicycle,0.7852349281311035,37.28,C,0.0689,0.0077,27,3,392,False
nuscenes_mini,46292fc546f048f29520299220f22798,trailer,0.5747508406639099,4.95,A,0.2899,0.0402,1911,265,6592,True
nuscenes_mini,46292fc546f048f29520299220f22798,pedestrian,1.0,21.56,B,0.2292,0.0625,11,3,48,True
nuscenes_mini,46292fc546f048f29520299220f22798,pedestrian,1.0,20.94,B,0.2469,0.0247,20,2,81,True
nuscenes_mini,46292fc546f048f29520299220f22798,car,0.96875,8.23,A,0.1707,0.0049,3670,106,21500,True
nuscenes_mini,46292fc546f048f29520299220f22798,car,0.9024390578269958,37.0,C,0.0108,0.0,24,0,2232,False
nuscenes_mini,46292fc546f048f29520299220f22798,construction_vehicle,0.6640419960021973,10.86,A,0.3128,0.0112,2244,80,7174,True
nuscenes_mini,9ecb1b79dbe140ca860efc4adebe854b,car,0.8947368264198303,47.38,C,0.0051,0.0,7,0,1360,False
nuscenes_mini,9ecb1b79dbe140ca860efc4adebe854b,car,0.9726027250289917,17.29,B,0.3044,0.0237,604,47,1984,True
nuscenes_mini,9ecb1b79dbe140ca860efc4adebe854b,car,0.9375000596046448,19.8,B,0.0814,0.0071,126,11,1547,False
nuscenes_mini,9ecb1b79dbe140ca860efc4adebe854b,car,0.7620818018913269,33.06,C,0.0673,0.0046,204,14,3030,False
nuscenes_mini,9ecb1b79dbe140ca860efc4adebe854b,car,0.96875,20.79,B,0.2241,0.0135,364,22,1624,True
nuscenes_mini,9ecb1b79dbe140ca860efc4adebe854b,bicycle,0.9101123809814453,23.96,B,0.2214,0.025,62,7,280,True
nuscenes_mini,9ecb1b79dbe140ca860efc4adebe854b,car,0.9064327478408813,19.94,B,0.1019,0.0123,165,20,1620,True
nuscenes_mini,9ecb1b79dbe140ca860efc4adebe854b,trailer,0.5661016702651978,4.76,A,0.2708,0.0427,1800,284,6647,True
nuscenes_mini,9ecb1b79dbe140ca860efc4adebe854b,pedestrian,1.0,21.11,B,0.2188,0.0781,14,5,64,True
nuscenes_mini,9ecb1b79dbe140ca860efc4adebe854b,pedestrian,1.0,20.5,B,0.1818,0.0455,16,4,88,True
nuscenes_mini,9ecb1b79dbe140ca860efc4adebe854b,car,0.8787879347801208,23.28,B,0.118,0.0074,128,8,1085,True
nuscenes_mini,9ecb1b79dbe140ca860efc4adebe854b,car,0.96875,8.13,A,0.1711,0.0053,3572,111,20881,True
nuscenes_mini,9ecb1b79dbe140ca860efc4adebe854b,car,0.8987342119216919,38.15,C,0.0118,0.0,25,0,2124,False
nuscenes_mini,9ecb1b79dbe140ca860efc4adebe854b,construction_vehicle,0.7500000596046448,11.02,A,0.3325,0.0086,3391,88,10200,True
nuscenes_mini,bad8a002637046178fe0f8216e5bc355,car,0.9649122953414917,18.11,B,0.1729,0.012,361,25,2088,True
nuscenes_mini,bad8a002637046178fe0f8216e5bc355,car,0.8750000596046448,39.6,C,0.0018,0.0,2,0,1092,False
nuscenes_mini,bad8a002637046178fe0f8216e5bc355,car,0.949367105960846,27.51,B,0.1056,0.0019,163,3,1544,True
nuscenes_mini,bad8a002637046178fe0f8216e5bc355,car,0.9452055096626282,21.38,B,0.1006,0.0156,161,25,1600,True
nuscenes_mini,bad8a002637046178fe0f8216e5bc355,car,0.7697842121124268,36.06,C,0.0,0.0,0,0,3876,False
nuscenes_mini,bad8a002637046178fe0f8216e5bc355,trailer,0.7037037014961243,4.87,A,0.2539,0.044,1564,271,6160,True
nuscenes_mini,bad8a002637046178fe0f8216e5bc355,pedestrian,1.0,20.48,B,0.2917,0.0625,14,3,48,True
nuscenes_mini,bad8a002637046178fe0f8216e5bc355,pedestrian,1.0,19.85,B,0.2143,0.0893,12,5,56,True
nuscenes_mini,bad8a002637046178fe0f8216e5bc355,car,0.9649122953414917,18.38,B,0.2513,0.0269,401,43,1596,True
nuscenes_mini,bad8a002637046178fe0f8216e5bc355,car,0.9259259104728699,28.26,B,0.138,0.0078,213,12,1544,True
nuscenes_mini,bad8a002637046178fe0f8216e5bc355,car,0.96875,7.8,A,0.1767,0.0052,3396,100,19220,True
nuscenes_mini,bad8a002637046178fe0f8216e5bc355,car,0.9064327478408813,37.17,C,0.0119,0.0,24,0,2024,False
nuscenes_mini,bad8a002637046178fe0f8216e5bc355,construction_vehicle,0.7500000596046448,10.81,A,0.339,0.0094,2788,77,8225,True
nuscenes_mini,4d8ff5b287bb4e1ba6d0a0f79fc74457,car,0.96875,21.23,B,0.1878,0.014,362,27,1928,True
nuscenes_mini,4d8ff5b287bb4e1ba6d0a0f79fc74457,car,0.9298245906829834,22.97,B,0.12,0.0099,218,18,1816,True
nuscenes_mini,4d8ff5b287bb4e1ba6d0a0f79fc74457,car,0.96875,16.9,B,0.163,0.0277,330,56,2024,True
nuscenes_mini,4d8ff5b287bb4e1ba6d0a0f79fc74457,trailer,0.7037037014961243,5.01,A,0.2152,0.0441,1319,270,6128,True
nuscenes_mini,4d8ff5b287bb4e1ba6d0a0f79fc74457,pedestrian,1.0,19.99,B,0.2449,0.0204,12,1,49,True
nuscenes_mini,4d8ff5b287bb4e1ba6d0a0f79fc74457,pedestrian,1.0,6.35,A,0.725,0.2,29,8,40,True
nuscenes_mini,4d8ff5b287bb4e1ba6d0a0f79fc74457,car,0.8202247023582458,19.5,B,0.1044,0.0124,193,23,1848,True
nuscenes_mini,4d8ff5b287bb4e1ba6d0a0f79fc74457,car,0.949367105960846,21.37,B,0.2472,0.0198,437,35,1768,True
nuscenes_mini,4d8ff5b287bb4e1ba6d0a0f79fc74457,car,0.96875,7.76,A,0.1606,0.0055,2871,99,17879,True
nuscenes_mini,4d8ff5b287bb4e1ba6d0a0f79fc74457,car,0.8987342119216919,36.92,C,0.0124,0.0,24,0,1928,False
nuscenes_mini,4d8ff5b287bb4e1ba6d0a0f79fc74457,construction_vehicle,0.6683937907218933,10.91,A,0.3595,0.0122,2059,70,5728,True
nuscenes_mini,af8c2d8187aa463eab3cccbd6abc1573,car,0.9609756469726562,16.61,B,0.251,0.03,518,62,2064,True
nuscenes_mini,af8c2d8187aa463eab3cccbd6abc1573,car,0.8947368264198303,44.83,C,0.0009,0.0,1,0,1152,False
nuscenes_mini,af8c2d8187aa463eab3cccbd6abc1573,car,0.9452055096626282,24.65,B,0.1819,0.0135,270,20,1484,True
nuscenes_mini,af8c2d8187aa463eab3cccbd6abc1573,car,0.8987342119216919,26.96,B,0.0275,0.0169,26,16,945,False
nuscenes_mini,af8c2d8187aa463eab3cccbd6abc1573,bicycle,0.6908212304115295,21.76,B,0.3333,0.0,11,0,33,True
nuscenes_mini,af8c2d8187aa463eab3cccbd6abc1573,car,0.8552036285400391,25.13,B,0.0472,0.0102,74,16,1568,False
nuscenes_mini,af8c2d8187aa463eab3cccbd6abc1573,trailer,0.7264957427978516,4.94,A,0.2298,0.0444,1386,268,6032,True
nuscenes_mini,af8c2d8187aa463eab3cccbd6abc1573,pedestrian,1.0,6.5,A,0.6852,0.1852,37,10,54,True
nuscenes_mini,af8c2d8187aa463eab3cccbd6abc1573,pedestrian,1.0,6.9,A,0.6667,0.0833,32,4,48,True
nuscenes_mini,af8c2d8187aa463eab3cccbd6abc1573,car,0.9649122953414917,8.16,A,0.1673,0.0058,3493,122,20881,True
nuscenes_mini,af8c2d8187aa463eab3cccbd6abc1573,car,0.8012422323226929,34.15,C,0.1204,0.0018,337,5,2800,True
nuscenes_mini,af8c2d8187aa463eab3cccbd6abc1573,car,0.8947368264198303,36.23,C,0.014,0.0,23,0,1648,False
nuscenes_mini,af8c2d8187aa463eab3cccbd6abc1573,construction_vehicle,0.7928802371025085,11.12,A,0.3106,0.0086,2952,82,9504,True
nuscenes_mini,73ccc9c10a3547849b8ff130d50bac98,pedestrian,1.0,34.19,C,0.0694,0.0139,5,1,72,False
nuscenes_mini,73ccc9c10a3547849b8ff130d50bac98,car,0.9649122953414917,17.19,B,0.1712,0.0266,290,45,1694,True
nuscenes_mini,73ccc9c10a3547849b8ff130d50bac98,car,0.9024390578269958,49.8,C,0.0006,0.0,1,0,1539,False
nuscenes_mini,73ccc9c10a3547849b8ff130d50bac98,car,0.949367105960846,26.64,B,0.1043,0.0068,154,10,1477,True
nuscenes_mini,73ccc9c10a3547849b8ff130d50bac98,car,0.96875,21.21,B,0.09,0.0112,185,23,2056,False
nuscenes_mini,73ccc9c10a3547849b8ff130d50bac98,bicycle,0.7387754917144775,30.77,C,0.2963,0.0074,40,1,135,True
nuscenes_mini,73ccc9c10a3547849b8ff130d50bac98,car,0.8865247964859009,26.8,B,0.0863,0.008,195,18,2259,False
nuscenes_mini,73ccc9c10a3547849b8ff130d50bac98,trailer,0.6952381134033203,4.91,A,0.2305,0.0397,1603,276,6953,True
nuscenes_mini,73ccc9c10a3547849b8ff130d50bac98,pedestrian,1.0,6.87,A,0.5781,0.1719,37,11,64,True
nuscenes_mini,73ccc9c10a3547849b8ff130d50bac98,car,0.949367105960846,17.25,B,0.1885,0.0307,227,37,1204,True
nuscenes_mini,73ccc9c10a3547849b8ff130d50bac98,car,0.96875,7.59,A,0.1591,0.0054,2681,91,16853,True
nuscenes_mini,73ccc9c10a3547849b8ff130d50bac98,car,0.8518518805503845,34.64,C,0.1073,0.0022,340,7,3168,True
nuscenes_mini,73ccc9c10a3547849b8ff130d50bac98,car,0.8987342119216919,35.98,C,0.0143,0.0,23,0,1608,False
nuscenes_mini,73ccc9c10a3547849b8ff130d50bac98,construction_vehicle,0.719298243522644,11.06,A,0.3173,0.0087,2987,82,9415,True
nuscenes_mini,e3bcde4a06124931a097ef2a211aaaef,car,0.9609756469726562,22.37,B,0.0778,0.0111,175,25,2248,False
nuscenes_mini,e3bcde4a06124931a097ef2a211aaaef,bicycle,0.8241757750511169,32.65,C,0.0301,0.0,8,0,266,False
nuscenes_mini,e3bcde4a06124931a097ef2a211aaaef,pedestrian,1.0,29.19,B,0.1429,0.013,11,1,77,True
nuscenes_mini,e3bcde4a06124931a097ef2a211aaaef,bicycle,0.8048780560493469,32.71,C,0.0467,0.02,7,3,150,False
nuscenes_mini,e3bcde4a06124931a097ef2a211aaaef,trailer,0.5775577425956726,4.97,A,0.2216,0.0445,1305,262,5888,True
nuscenes_mini,e3bcde4a06124931a097ef2a211aaaef,car,0.949367105960846,18.72,B,0.1869,0.0123,335,22,1792,True
nuscenes_mini,e3bcde4a06124931a097ef2a211aaaef,car,0.96875,7.92,A,0.1539,0.0053,2752,94,17879,True
nuscenes_mini,e3bcde4a06124931a097ef2a211aaaef,car,0.8987342119216919,35.36,C,0.0143,0.0,24,0,1680,False
nuscenes_mini,e3bcde4a06124931a097ef2a211aaaef,construction_vehicle,0.7697842121124268,10.86,A,0.3299,0.0088,3060,82,9275,True
nuscenes_mini,9e6ce5a26025462fbd9bdac2d18c07eb,car,0.8987342119216919,47.28,C,0.0006,0.0,1,0,1764,False
nuscenes_mini,9e6ce5a26025462fbd9bdac2d18c07eb,car,0.9532163739204407,24.0,B,0.2016,0.0106,343,18,1701,True
nuscenes_mini,9e6ce5a26025462fbd9bdac2d18c07eb,bicycle,0.5897435545921326,34.31,C,0.065,0.0285,16,7,246,False
nuscenes_mini,9e6ce5a26025462fbd9bdac2d18c07eb,car,0.8476190567016602,24.36,B,0.0519,0.0088,47,8,906,False
nuscenes_mini,9e6ce5a26025462fbd9bdac2d18c07eb,bicycle,0.6289855241775513,33.64,C,0.0758,0.0076,10,1,132,False
nuscenes_mini,9e6ce5a26025462fbd9bdac2d18c07eb,trailer,0.6521739363670349,4.93,A,0.233,0.0471,1316,266,5648,True
nuscenes_mini,9e6ce5a26025462fbd9bdac2d18c07eb,car,0.7852349281311035,23.72,B,0.0046,0.0054,6,7,1304,False
nuscenes_mini,9e6ce5a26025462fbd9bdac2d18c07eb,car,0.9024390578269958,23.49,B,0.0667,0.0066,141,14,2115,False
nuscenes_mini,9e6ce5a26025462fbd9bdac2d18c07eb,car,0.96875,8.0,A,0.1636,0.0057,3207,111,19608,True
nuscenes_mini,9e6ce5a26025462fbd9bdac2d18c07eb,car,0.9024390578269958,36.54,C,0.0116,0.0,22,0,1890,False
nuscenes_mini,9e6ce5a26025462fbd9bdac2d18c07eb,construction_vehicle,0.7460317611694336,10.94,A,0.3106,0.0118,2397,91,7718,True
nuscenes_mini,1b90013f0287408f9371729424c93892,car,0.9298245906829834,22.4,B,0.0589,0.0109,124,23,2106,False
nuscenes_mini,1b90013f0287408f9371729424c93892,car,0.9064327478408813,51.16,C,0.0009,0.0,1,0,1060,False
nuscenes_mini,1b90013f0287408f9371729424c93892,car,0.9569892287254333,26.0,B,0.1471,0.0108,244,18,1659,True
nuscenes_mini,1b90013f0287408f9371729424c93892,car,0.9024390578269958,26.08,B,0.1012,0.0147,200,29,1976,True
nuscenes_mini,1b90013f0287408f9371729424c93892,trailer,0.6167664527893066,4.92,A,0.2632,0.0442,1600,269,6080,True
nuscenes_mini,1b90013f0287408f9371729424c93892,truck,0.5631399154663086,21.94,B,0.2342,0.0074,794,25,3390,True
nuscenes_mini,1b90013f0287408f9371729424c93892,car,0.9609756469726562,8.0,A,0.168,0.0055,3297,107,19627,True
nuscenes_mini,1b90013f0287408f9371729424c93892,car,0.8632478713989258,44.76,C,0.0815,0.0,66,0,810,False
nuscenes_mini,1b90013f0287408f9371729424c93892,car,0.8904109597206116,37.07,C,0.0,0.0,0,0,1584,False
nuscenes_mini,1b90013f0287408f9371729424c93892,construction_vehicle,0.7142857313156128,11.07,A,0.2842,0.0075,3316,88,11666,True
nuscenes_mini,ca0a3858c31e4281866e2b2a7f7c0db0,car,0.9569892287254333,21.66,B,0.161,0.009,430,24,2670,True
nuscenes_mini,ca0a3858c31e4281866e2b2a7f7c0db0,car,0.9336099624633789,22.24,B,0.0968,0.005,135,7,1395,False
nuscenes_mini,ca0a3858c31e4281866e2b2a7f7c0db0,car,0.8987342119216919,51.3,C,0.0,0.0,0,0,900,False
nuscenes_mini,ca0a3858c31e4281866e2b2a7f7c0db0,car,0.8241757750511169,21.71,B,0.0976,0.0116,84,10,861,False
nuscenes_mini,ca0a3858c31e4281866e2b2a7f7c0db0,trailer,0.6831682920455933,4.95,A,0.2246,0.0437,1409,274,6272,True
nuscenes_mini,ca0a3858c31e4281866e2b2a7f7c0db0,truck,0.6640419960021973,21.8,B,0.1979,0.0087,479,21,2421,True
nuscenes_mini,ca0a3858c31e4281866e2b2a7f7c0db0,car,0.96875,7.82,A,0.1688,0.0055,3226,106,19114,True
nuscenes_mini,ca0a3858c31e4281866e2b2a7f7c0db0,car,0.8750000596046448,43.61,C,0.0709,0.0,69,0,973,False
nuscenes_mini,ca0a3858c31e4281866e2b2a7f7c0db0,car,0.8947368264198303,36.19,C,0.0156,0.0,23,0,1470,False
nuscenes_mini,ca0a3858c31e4281866e2b2a7f7c0db0,construction_vehicle,0.7344398498535156,11.09,A,0.3022,0.0083,3014,83,9972,True
nuscenes_mini,2c3e2cfc699f4ca78cc77dc3161d1763,pedestrian,1.0,34.8,C,0.0417,0.0417,2,2,48,False
nuscenes_mini,2c3e2cfc699f4ca78cc77dc3161d1763,car,0.8947368264198303,48.42,C,0.0007,0.0,1,0,1476,False
nuscenes_mini,2c3e2cfc699f4ca78cc77dc3161d1763,car,0.9375000596046448,20.67,B,0.15,0.0143,336,32,2240,True
nuscenes_mini,2c3e2cfc699f4ca78cc77dc3161d1763,truck,0.8128654956817627,21.05,B,0.1916,0.0111,638,37,3330,True
nuscenes_mini,2c3e2cfc699f4ca78cc77dc3161d1763,car,0.6012461185455322,20.96,B,0.1325,0.0092,433,30,3267,True
nuscenes_mini,2c3e2cfc699f4ca78cc77dc3161d1763,trailer,0.6332378387451172,4.86,A,0.239,0.047,1323,260,5536,True
nuscenes_mini,2c3e2cfc699f4ca78cc77dc3161d1763,pedestrian,1.0,8.62,A,0.6667,0.037,54,3,81,True
nuscenes_mini,2c3e2cfc699f4ca78cc77dc3161d1763,car,0.96875,8.42,A,0.1549,0.005,3202,104,20672,True
nuscenes_mini,2c3e2cfc699f4ca78cc77dc3161d1763,car,0.8632478713989258,33.83,C,0.0505,0.0026,116,6,2295,False
nuscenes_mini,2c3e2cfc699f4ca78cc77dc3161d1763,car,0.9024390578269958,36.4,C,0.0156,0.0006,26,1,1672,False
nuscenes_mini,2c3e2cfc699f4ca78cc77dc3161d1763,construction_vehicle,0.7575758099555969,11.03,A,0.3256,0.0083,2986,76,9170,True
nuscenes_mini,f3e7e088082d4aabb9a3bf504d4ac904,pedestrian,1.0,39.68,C,0.0,0.0,0,0,48,False
nuscenes_mini,f3e7e088082d4aabb9a3bf504d4ac904,pedestrian,1.0,34.18,C,0.1094,0.0312,7,2,64,True
nuscenes_mini,f3e7e088082d4aabb9a3bf504d4ac904,car,0.9179486632347107,18.72,B,0.0934,0.0183,275,54,2943,False
nuscenes_mini,f3e7e088082d4aabb9a3bf504d4ac904,truck,0.5775577425956726,21.05,B,0.1901,0.0111,650,38,3420,True
nuscenes_mini,f3e7e088082d4aabb9a3bf504d4ac904,trailer,0.7229437232017517,4.9,A,0.2526,0.0431,1572,268,6224,True
nuscenes_mini,f3e7e088082d4aabb9a3bf504d4ac904,pedestrian,1.0,15.55,B,0.1296,0.0093,14,1,108,True
nuscenes_mini,f3e7e088082d4aabb9a3bf504d4ac904,car,0.8400000333786011,23.69,B,0.0971,0.0046,85,4,875,False
nuscenes_mini,f3e7e088082d4aabb9a3bf504d4ac904,car,0.96875,8.18,A,0.1467,0.0047,2751,89,18753,True
nuscenes_mini,f3e7e088082d4aabb9a3bf504d4ac904,car,0.8987342119216919,36.11,C,0.0,0.0,0,0,1688,False
nuscenes_mini,f3e7e088082d4aabb9a3bf504d4ac904,construction_vehicle,0.7142857313156128,10.89,A,0.3223,0.01,3068,95,9520,True
nuscenes_mini,8fe9664cec514a58b1184c4fcefda6b5,pedestrian,1.0,34.36,C,0.0417,0.0208,2,1,48,False
nuscenes_mini,8fe9664cec514a58b1184c4fcefda6b5,pedestrian,1.0,34.98,C,0.0139,0.0278,1,2,72,False
nuscenes_mini,8fe9664cec514a58b1184c4fcefda6b5,car,0.8787879347801208,45.1,C,0.0,0.0,0,0,1320,False
nuscenes_mini,8fe9664cec514a58b1184c4fcefda6b5,car,0.9259259104728699,17.48,B,0.1279,0.0296,380,88,2970,True
nuscenes_mini,8fe9664cec514a58b1184c4fcefda6b5,trailer,0.6908212304115295,4.97,A,0.2432,0.0453,1440,268,5920,True
nuscenes_mini,8fe9664cec514a58b1184c4fcefda6b5,car,0.9532163739204407,23.22,B,0.1777,0.0158,327,29,1840,True
nuscenes_mini,8fe9664cec514a58b1184c4fcefda6b5,car,0.96875,8.47,A,0.1658,0.0051,3683,114,22220,True
nuscenes_mini,8fe9664cec514a58b1184c4fcefda6b5,car,0.7697842121124268,33.86,C,0.0499,0.0019,132,5,2646,False
nuscenes_mini,8fe9664cec514a58b1184c4fcefda6b5,car,0.9024390578269958,34.97,C,0.0137,0.0,23,0,1680,False
nuscenes_mini,8fe9664cec514a58b1184c4fcefda6b5,construction_vehicle,0.7538461089134216,11.01,A,0.3218,0.0084,3120,81,9695,True
nuscenes_mini,c1676a2feac74eee8aa38ca3901787d6,pedestrian,1.0,17.64,B,0.1667,0.0833,12,6,72,True
nuscenes_mini,c1676a2feac74eee8aa38ca3901787d6,pedestrian,1.0,11.38,A,0.4583,0.0833,33,6,72,True
nuscenes_mini,c1676a2feac74eee8aa38ca3901787d6,car,0.9064327478408813,35.43,C,0.07,0.0052,95,7,1358,False
nuscenes_mini,c1676a2feac74eee8aa38ca3901787d6,car,0.8672199249267578,49.34,C,0.0253,0.0,31,0,1224,False
nuscenes_mini,c1676a2feac74eee8aa38ca3901787d6,pedestrian,1.0,11.29,A,0.5208,0.0625,50,6,96,True
nuscenes_mini,c1676a2feac74eee8aa38ca3901787d6,car,0.9101123809814453,20.85,B,0.2004,0.0153,289,22,1442,True
nuscenes_mini,c1676a2feac74eee8aa38ca3901787d6,bus,0.941605806350708,22.25,B,0.1393,0.0069,4062,201,29160,True
nuscenes_mini,c1676a2feac74eee8aa38ca3901787d6,car,0.8552036285400391,42.0,C,0.0571,0.0033,70,4,1225,False
nuscenes_mini,c1676a2feac74eee8aa38ca3901787d6,car,0.8709677457809448,40.56,C,0.0,0.0,0,0,2090,False
nuscenes_mini,c1676a2feac74eee8aa38ca3901787d6,pedestrian,1.0,5.64,A,0.625,0.3438,20,11,32,True
nuscenes_mini,c1676a2feac74eee8aa38ca3901787d6,pedestrian,1.0,8.31,A,0.7917,0.0917,95,11,120,True
nuscenes_mini,d6b0de49811b4d1b86a0933719c0c44a,car,0.8518518805503845,49.29,C,0.0,0.0,0,0,952,False
nuscenes_mini,d6b0de49811b4d1b86a0933719c0c44a,truck,0.8947368264198303,44.76,C,0.0508,0.0025,124,6,2442,False
nuscenes_mini,d6b0de49811b4d1b86a0933719c0c44a,pedestrian,1.0,7.29,A,0.7604,0.0729,73,7,96,True
nuscenes_mini,d6b0de49811b4d1b86a0933719c0c44a,pedestrian,1.0,7.16,A,0.7407,0.0617,60,5,81,True
nuscenes_mini,d6b0de49811b4d1b86a0933719c0c44a,pedestrian,1.0,11.39,A,0.5469,0.1094,35,7,64,True
nuscenes_mini,d6b0de49811b4d1b86a0933719c0c44a,pedestrian,1.0,44.51,C,0.0938,0.0312,3,1,32,False
nuscenes_mini,d6b0de49811b4d1b86a0933719c0c44a,car,0.9452055096626282,12.66,A,0.274,0.0441,609,98,2223,True
nuscenes_mini,d6b0de49811b4d1b86a0933719c0c44a,car,0.9452055096626282,21.42,B,0.191,0.0141,258,19,1351,True
nuscenes_mini,d6b0de49811b4d1b86a0933719c0c44a,pedestrian,1.0,13.92,A,0.4375,0.0469,28,3,64,True
nuscenes_mini,d6b0de49811b4d1b86a0933719c0c44a,pedestrian,1.0,8.31,A,0.75,0.1071,42,6,56,True
nuscenes_mini,d6b0de49811b4d1b86a0933719c0c44a,pedestrian,1.0,5.84,A,0.925,0.05,37,2,40,True
nuscenes_mini,d6b0de49811b4d1b86a0933719c0c44a,pedestrian,1.0,10.53,A,0.7381,0.0,62,0,84,True
nuscenes_mini,d6b0de49811b4d1b86a0933719c0c44a,car,0.8709677457809448,45.11,C,0.0018,0.0012,3,2,1656,False
nuscenes_mini,d6b0de49811b4d1b86a0933719c0c44a,car,0.8750000596046448,42.23,C,0.0049,0.0,9,0,1836,False
nuscenes_mini,d6b0de49811b4d1b86a0933719c0c44a,bus,0.9649122953414917,17.13,B,0.1471,0.0201,1999,273,13587,True
nuscenes_mini,6d5d0e60cbf4429d8b6cfa055924e5ca,car,0.8358974456787109,48.15,C,0.0138,0.0,21,0,1521,False
nuscenes_mini,6d5d0e60cbf4429d8b6cfa055924e5ca,truck,0.921951174736023,34.53,C,0.0578,0.0057,192,19,3324,False
nuscenes_mini,6d5d0e60cbf4429d8b6cfa055924e5ca,pedestrian,1.0,7.17,A,0.8452,0.0833,71,7,84,True
nuscenes_mini,6d5d0e60cbf4429d8b6cfa055924e5ca,pedestrian,1.0,35.53,C,0.1042,0.0208,5,1,48,True
nuscenes_mini,6d5d0e60cbf4429d8b6cfa055924e5ca,car,0.949367105960846,13.06,A,0.2898,0.0453,422,66,1456,True
nuscenes_mini,6d5d0e60cbf4429d8b6cfa055924e5ca,car,0.5540069937705994,42.03,C,0.018,0.0005,66,2,3668,False
nuscenes_mini,6d5d0e60cbf4429d8b6cfa055924e5ca,pedestrian,1.0,13.07,A,0.25,0.125,10,5,40,True
nuscenes_mini,6d5d0e60cbf4429d8b6cfa055924e5ca,pedestrian,1.0,19.17,B,0.1875,0.0625,6,2,32,True
nuscenes_mini,6d5d0e60cbf4429d8b6cfa055924e5ca,car,0.8709677457809448,44.36,C,0.0,0.0,0,0,1864,False
nuscenes_mini,6d5d0e60cbf4429d8b6cfa055924e5ca,car,0.8709677457809448,40.81,C,0.0358,0.0009,77,2,2150,False
nuscenes_mini,6d5d0e60cbf4429d8b6cfa055924e5ca,pedestrian,1.0,6.59,A,0.6429,0.0893,72,10,112,True
nuscenes_mini,6d5d0e60cbf4429d8b6cfa055924e5ca,pedestrian,1.0,6.65,A,0.5556,0.1806,40,13,72,True
nuscenes_mini,6d5d0e60cbf4429d8b6cfa055924e5ca,car,0.941605806350708,14.99,A,0.1963,0.0298,316,48,1610,True
nuscenes_mini,6d5d0e60cbf4429d8b6cfa055924e5ca,car,0.8827838897705078,19.16,B,0.072,0.0126,63,11,875,False
nuscenes_mini,6d5d0e60cbf4429d8b6cfa055924e5ca,bus,0.9609756469726562,18.58,B,0.1546,0.0113,4324,317,27960,True
nuscenes_mini,a51146d2b181450292623ec03ade9f03,car,0.8439024686813354,49.42,C,0.0034,0.0009,4,1,1161,False
nuscenes_mini,a51146d2b181450292623ec03ade9f03,truck,0.9452055096626282,23.77,B,0.0759,0.0115,198,30,2610,False
nuscenes_mini,a51146d2b181450292623ec03ade9f03,pedestrian,1.0,10.1,A,0.6667,0.0864,54,7,81,True
nuscenes_mini,a51146d2b181450292623ec03ade9f03,pedestrian,1.0,9.46,A,0.7891,0.0859,101,11,128,True
nuscenes_mini,a51146d2b181450292623ec03ade9f03,car,0.9101123809814453,22.86,B,0.1638,0.0071,325,14,1984,True
nuscenes_mini,a51146d2b181450292623ec03ade9f03,car,0.8904109597206116,40.84,C,0.0239,0.0,45,0,1880,False
nuscenes_mini,a51146d2b181450292623ec03ade9f03,car,0.8709677457809448,43.71,C,0.0,0.0,0,0,1920,False
nuscenes_mini,a51146d2b181450292623ec03ade9f03,pedestrian,1.0,6.19,A,0.775,0.2,62,16,80,True
nuscenes_mini,a51146d2b181450292623ec03ade9f03,car,0.9452055096626282,13.82,A,0.2851,0.0408,447,64,1568,True
nuscenes_mini,a51146d2b181450292623ec03ade9f03,car,0.9298245906829834,20.59,B,0.1104,0.0123,180,20,1631,True
nuscenes_mini,a51146d2b181450292623ec03ade9f03,bus,0.9609756469726562,23.76,B,0.1067,0.0058,2600,142,24357,True
nuscenes_mini,092051710b7b4d9294e98dcb3f0f7be1,car,0.8552036285400391,41.17,C,0.0767,0.0,65,0,847,False
nuscenes_mini,092051710b7b4d9294e98dcb3f0f7be1,trailer,0.6213017702102661,15.52,B,0.2045,0.0414,548,111,2680,True
nuscenes_mini,092051710b7b4d9294e98dcb3f0f7be1,pedestrian,1.0,23.86,B,0.1746,0.0,11,0,63,True
nuscenes_mini,092051710b7b4d9294e98dcb3f0f7be1,pedestrian,1.0,9.35,A,0.75,0.1042,72,10,96,True
nuscenes_mini,092051710b7b4d9294e98dcb3f0f7be1,pedestrian,1.0,29.0,B,0.25,0.0,16,0,64,True
nuscenes_mini,092051710b7b4d9294e98dcb3f0f7be1,pedestrian,1.0,15.09,B,0.3611,0.0833,13,3,36,True
nuscenes_mini,092051710b7b4d9294e98dcb3f0f7be1,car,0.8324607610702515,33.34,C,0.0526,0.0005,109,1,2072,False
nuscenes_mini,092051710b7b4d9294e98dcb3f0f7be1,car,0.9336099624633789,22.72,B,0.1743,0.0154,294,26,1687,True
nuscenes_mini,092051710b7b4d9294e98dcb3f0f7be1,car,0.8904109597206116,40.28,C,0.0,0.0,0,0,2060,False
nuscenes_mini,092051710b7b4d9294e98dcb3f0f7be1,car,0.8827838897705078,41.53,C,0.0013,0.0004,3,1,2232,False
nuscenes_mini,092051710b7b4d9294e98dcb3f0f7be1,bus,0.9336099624633789,29.43,B,0.0884,0.0041,1208,56,13662,False
nuscenes_mini,092051710b7b4d9294e98dcb3f0f7be1,pedestrian,1.0,21.56,B,0.25,0.0357,14,2,56,True
nuscenes_mini,092051710b7b4d9294e98dcb3f0f7be1,car,0.8947368264198303,23.71,B,0.1308,0.0107,195,16,1491,True
nuscenes_mini,092051710b7b4d9294e98dcb3f0f7be1,car,0.6878048777580261,50.85,C,0.0396,0.0006,71,1,1792,False
nuscenes_mini,feaef544d11646ed806b53d9e1f39cd9,car,0.8518518805503845,47.74,C,0.0083,0.0008,10,1,1208,False
nuscenes_mini,feaef544d11646ed806b53d9e1f39cd9,pedestrian,1.0,42.24,C,0.0694,0.0278,5,2,72,False
nuscenes_mini,feaef544d11646ed806b53d9e1f39cd9,pedestrian,1.0,14.07,A,0.2708,0.1458,13,7,48,True
nuscenes_mini,feaef544d11646ed806b53d9e1f39cd9,pedestrian,1.0,37.99,C,0.2381,0.0,5,0,21,True
nuscenes_mini,feaef544d11646ed806b53d9e1f39cd9,pedestrian,1.0,13.48,A,0.6429,0.0476,27,2,42,True
nuscenes_mini,feaef544d11646ed806b53d9e1f39cd9,car,0.8787879347801208,44.27,C,0.0,0.0,0,0,2717,False
nuscenes_mini,feaef544d11646ed806b53d9e1f39cd9,car,0.8904109597206116,32.81,C,0.039,0.0026,74,5,1896,False
nuscenes_mini,feaef544d11646ed806b53d9e1f39cd9,car,0.8632478713989258,42.25,C,0.0,0.0,0,0,2475,False
nuscenes_mini,feaef544d11646ed806b53d9e1f39cd9,bus,0.9375000596046448,37.66,C,0.0567,0.0045,951,76,16779,False
nuscenes_mini,feaef544d11646ed806b53d9e1f39cd9,car,0.8750000596046448,27.07,B,0.2033,0.0096,232,11,1141,True
nuscenes_mini,feaef544d11646ed806b53d9e1f39cd9,truck,0.9532163739204407,15.18,B,0.2041,0.04,613,120,3003,True
nuscenes_mini,dca2cc206bb34bc197ae8ebdaed22f35,pedestrian,1.0,39.66,C,0.0208,0.0,1,0,48,False
nuscenes_mini,dca2cc206bb34bc197ae8ebdaed22f35,pedestrian,1.0,34.29,C,0.1458,0.0625,7,3,48,True
nuscenes_mini,dca2cc206bb34bc197ae8ebdaed22f35,car,0.8750000596046448,42.8,C,0.054,0.0,45,0,833,False
nuscenes_mini,dca2cc206bb34bc197ae8ebdaed22f35,pedestrian,1.0,34.77,C,0.125,0.0625,6,3,48,True
nuscenes_mini,dca2cc206bb34bc197ae8ebdaed22f35,pedestrian,1.0,19.24,B,0.3194,0.0139,23,1,72,True
nuscenes_mini,dca2cc206bb34bc197ae8ebdaed22f35,pedestrian,1.0,24.8,B,0.0357,0.1071,1,3,28,False
nuscenes_mini,dca2cc206bb34bc197ae8ebdaed22f35,car,0.8750000596046448,43.19,C,0.0,0.0,0,0,1352,False
nuscenes_mini,dca2cc206bb34bc197ae8ebdaed22f35,car,0.827957034111023,44.92,C,0.0245,0.0029,43,5,1752,False
nuscenes_mini,dca2cc206bb34bc197ae8ebdaed22f35,car,0.8709677457809448,40.29,C,0.0,0.0,0,0,2860,False
nuscenes_mini,dca2cc206bb34bc197ae8ebdaed22f35,bus,0.827957034111023,45.54,C,0.0202,0.0015,416,31,20592,False
nuscenes_mini,dca2cc206bb34bc197ae8ebdaed22f35,truck,0.949367105960846,22.85,B,0.1444,0.0086,436,26,3020,True
nuscenes_mini,fe42b85d7f7a4107b650ffa993a4fbff,car,0.8709677457809448,50.51,C,0.0049,0.0007,7,1,1416,False
nuscenes_mini,fe42b85d7f7a4107b650ffa993a4fbff,car,0.8358974456787109,46.8,C,0.0,0.0,0,0,1168,False
nuscenes_mini,fe42b85d7f7a4107b650ffa993a4fbff,car,0.8358974456787109,49.14,C,0.0081,0.0024,10,3,1240,False
nuscenes_mini,fe42b85d7f7a4107b650ffa993a4fbff,pedestrian,1.0,30.82,C,0.0417,0.0417,1,1,24,False
nuscenes_mini,fe42b85d7f7a4107b650ffa993a4fbff,pedestrian,1.0,16.68,B,0.25,0.0,4,0,16,True
nuscenes_mini,fe42b85d7f7a4107b650ffa993a4fbff,car,0.8865247964859009,42.51,C,0.0,0.0,0,0,1638,False
nuscenes_mini,fe42b85d7f7a4107b650ffa993a4fbff,car,0.7770034670829773,37.42,C,0.034,0.0034,50,5,1472,False
nuscenes_mini,fe42b85d7f7a4107b650ffa993a4fbff,car,0.8947368264198303,37.33,C,0.0019,0.0005,4,1,2160,False
nuscenes_mini,fe42b85d7f7a4107b650ffa993a4fbff,truck,0.5395683646202087,52.07,C,0.0172,0.001,202,12,11732,False
nuscenes_mini,fe42b85d7f7a4107b650ffa993a4fbff,truck,0.9139785170555115,33.0,C,0.1289,0.0056,232,10,1800,True
nuscenes_mini,fe42b85d7f7a4107b650ffa993a4fbff,pedestrian,1.0,28.2,B,0.3594,0.0156,23,1,64,True
nuscenes_mini,fe42b85d7f7a4107b650ffa993a4fbff,pedestrian,1.0,25.82,B,0.0357,0.0357,2,2,56,False
nuscenes_mini,fe2a163b8948451b95fa48e21e1988ce,pedestrian,1.0,15.32,B,0.2857,0.0893,16,5,56,True
nuscenes_mini,fe2a163b8948451b95fa48e21e1988ce,car,0.8632478713989258,46.53,C,0.0007,0.0,1,0,1464,False
nuscenes_mini,fe2a163b8948451b95fa48e21e1988ce,car,0.8947368264198303,39.73,C,0.0789,0.0018,135,3,1712,False
nuscenes_mini,fe2a163b8948451b95fa48e21e1988ce,car,0.8476190567016602,47.22,C,0.0058,0.0008,7,1,1216,False
nuscenes_mini,fe2a163b8948451b95fa48e21e1988ce,car,0.8750000596046448,48.51,C,0.0,0.0,0,0,8100,False
nuscenes_mini,fe2a163b8948451b95fa48e21e1988ce,pedestrian,1.0,43.89,C,0.125,0.0,6,0,48,True
nuscenes_mini,fe2a163b8948451b95fa48e21e1988ce,car,0.7852349281311035,28.19,B,0.122,0.0097,101,8,828,True
nuscenes_mini,fe2a163b8948451b95fa48e21e1988ce,pedestrian,1.0,29.87,B,0.125,0.0312,4,1,32,True
nuscenes_mini,fe2a163b8948451b95fa48e21e1988ce,car,0.8947368264198303,39.95,C,0.0,0.0,0,0,1260,False
nuscenes_mini,fe2a163b8948451b95fa48e21e1988ce,car,0.8048780560493469,41.85,C,0.0724,0.0027,133,5,1836,False
nuscenes_mini,fe2a163b8948451b95fa48e21e1988ce,car,0.8865247964859009,36.26,C,0.0,0.0004,0,1,2718,False
nuscenes_mini,fe2a163b8948451b95fa48e21e1988ce,bus,0.8827838897705078,48.39,C,0.0257,0.0,302,0,11748,False
nuscenes_mini,fe2a163b8948451b95fa48e21e1988ce,pedestrian,1.0,32.17,C,0.2031,0.0469,13,3,64,True
nuscenes_mini,fe2a163b8948451b95fa48e21e1988ce,pedestrian,1.0,23.01,B,0.1746,0.0635,11,4,63,True
nuscenes_mini,3a7aa284dd9d485d8effc20db8cda140,pedestrian,1.0,9.5,A,0.5714,0.1746,36,11,63,True
nuscenes_mini,3a7aa284dd9d485d8effc20db8cda140,car,0.8987342119216919,34.35,C,0.0722,0.002,143,4,1980,False
nuscenes_mini,3a7aa284dd9d485d8effc20db8cda140,car,0.9064327478408813,28.92,B,0.1506,0.0029,366,7,2430,True
nuscenes_mini,3a7aa284dd9d485d8effc20db8cda140,car,0.8552036285400391,49.21,C,0.0027,0.0,2,0,735,False
nuscenes_mini,3a7aa284dd9d485d8effc20db8cda140,car,0.8750000596046448,41.11,C,0.0232,0.0033,42,6,1809,False
nuscenes_mini,3a7aa284dd9d485d8effc20db8cda140,motorcycle,0.6717948913574219,25.36,B,0.1548,0.0238,39,6,252,True
nuscenes_mini,3a7aa284dd9d485d8effc20db8cda140,car,0.921951174736023,28.86,B,0.1802,0.0049,256,7,1421,True
nuscenes_mini,3a7aa284dd9d485d8effc20db8cda140,car,0.9024390578269958,42.38,C,0.0,0.0,0,0,2130,False
nuscenes_mini,3a7aa284dd9d485d8effc20db8cda140,car,0.6483516097068787,47.15,C,0.0073,0.0,5,0,686,False
nuscenes_mini,3a7aa284dd9d485d8effc20db8cda140,car,0.8865247964859009,34.1,C,0.0116,0.0007,34,2,2930,False
nuscenes_mini,3a7aa284dd9d485d8effc20db8cda140,pedestrian,1.0,24.93,B,0.2708,0.0208,13,1,48,True
nuscenes_mini,f218a2b4fa6941f7ac3798adc72126e8,car,0.8827838897705078,35.18,C,0.0236,0.0043,44,8,1863,False
nuscenes_mini,f218a2b4fa6941f7ac3798adc72126e8,car,0.8987342119216919,22.42,B,0.0147,0.0058,28,11,1908,False
nuscenes_mini,f218a2b4fa6941f7ac3798adc72126e8,car,0.8439024686813354,49.28,C,0.028,0.002,28,2,1000,False
nuscenes_mini,f218a2b4fa6941f7ac3798adc72126e8,car,0.7770034670829773,45.53,C,0.0131,0.0,21,0,1608,False
nuscenes_mini,f218a2b4fa6941f7ac3798adc72126e8,motorcycle,0.6483516097068787,20.26,B,0.232,0.0131,71,4,306,True
nuscenes_mini,f218a2b4fa6941f7ac3798adc72126e8,pedestrian,1.0,21.24,B,0.2667,0.0444,12,2,45,True
nuscenes_mini,f218a2b4fa6941f7ac3798adc72126e8,pedestrian,1.0,4.5,A,0.5,0.425,20,17,40,True
nuscenes_mini,f218a2b4fa6941f7ac3798adc72126e8,car,0.949367105960846,20.97,B,0.2389,0.0104,367,16,1536,True
nuscenes_mini,f218a2b4fa6941f7ac3798adc72126e8,car,0.9569892287254333,19.42,B,0.2153,0.0197,372,34,1728,True
nuscenes_mini,f218a2b4fa6941f7ac3798adc72126e8,car,0.9024390578269958,31.1,C,0.0434,0.0101,95,22,2187,False
nuscenes_mini,f218a2b4fa6941f7ac3798adc72126e8,car,0.8947368264198303,41.12,C,0.0,0.0,0,0,1719,False
nuscenes_mini,f218a2b4fa6941f7ac3798adc72126e8,pedestrian,1.0,27.68,B,0.1667,0.0417,8,2,48,True
nuscenes_mini,17723c0411434e48875a93de4db0ecba,car,0.9139785170555115,29.6,B,0.0352,0.0074,71,15,2016,False
nuscenes_mini,17723c0411434e48875a93de4db0ecba,car,0.9101123809814453,29.71,B,0.0828,0.0029,113,4,1365,False
nuscenes_mini,17723c0411434e48875a93de4db0ecba,car,0.8632478713989258,49.28,C,0.0155,0.0,13,0,840,False
nuscenes_mini,17723c0411434e48875a93de4db0ecba,motorcycle,0.7730495929718018,16.29,B,0.3661,0.0134,164,6,448,True
nuscenes_mini,17723c0411434e48875a93de4db0ecba,pedestrian,1.0,18.03,B,0.3125,0.0208,15,1,48,True
nuscenes_mini,17723c0411434e48875a93de4db0ecba,car,0.9259259104728699,39.96,C,0.0432,0.0034,114,9,2640,False
nuscenes_mini,17723c0411434e48875a93de4db0ecba,motorcycle,0.7264957427978516,16.91,B,0.3101,0.012,129,5,416,True
nuscenes_mini,17723c0411434e48875a93de4db0ecba,pedestrian,1.0,31.98,C,0.2159,0.0227,19,2,88,True
nuscenes_mini,17723c0411434e48875a93de4db0ecba,car,0.9569892287254333,13.28,A,0.3028,0.0393,516,67,1704,True
nuscenes_mini,17723c0411434e48875a93de4db0ecba,car,0.9609756469726562,12.05,A,0.2376,0.0397,479,80,2016,True
nuscenes_mini,17723c0411434e48875a93de4db0ecba,pedestrian,1.0,26.01,B,0.375,0.0,9,0,24,True
nuscenes_mini,17723c0411434e48875a93de4db0ecba,car,0.8827838897705078,41.68,C,0.0,0.0,0,0,2079,False
nuscenes_mini,17723c0411434e48875a93de4db0ecba,car,0.9064327478408813,27.26,B,0.1781,0.005,285,8,1600,True
nuscenes_mini,17723c0411434e48875a93de4db0ecba,car,0.9139785170555115,40.42,C,0.0199,0.0026,60,8,3020,False
nuscenes_mini,17723c0411434e48875a93de4db0ecba,pedestrian,1.0,30.9,C,0.0926,0.037,5,2,54,False
nuscenes_mini,7fd597745c26471ab336b3dd41a5f6dc,pedestrian,1.0,39.23,C,0.1944,0.0278,7,1,36,True
nuscenes_mini,7fd597745c26471ab336b3dd41a5f6dc,pedestrian,1.0,39.19,C,0.0,0.1429,0,2,14,False
nuscenes_mini,7fd597745c26471ab336b3dd41a5f6dc,car,0.9024390578269958,24.39,B,0.112,0.0131,265,31,2367,True
nuscenes_mini,7fd597745c26471ab336b3dd41a5f6dc,pedestrian,1.0,13.71,A,0.5625,0.0,27,0,48,True
nuscenes_mini,7fd597745c26471ab336b3dd41a5f6dc,motorcycle,0.8947368264198303,12.23,A,0.4935,0.0494,190,19,385,True
nuscenes_mini,7fd597745c26471ab336b3dd41a5f6dc,pedestrian,1.0,23.51,B,0.2963,0.0247,24,2,81,True
nuscenes_mini,7fd597745c26471ab336b3dd41a5f6dc,car,0.949367105960846,17.99,B,0.2402,0.0086,196,7,816,True
nuscenes_mini,7fd597745c26471ab336b3dd41a5f6dc,pedestrian,1.0,9.27,A,0.575,0.075,23,3,40,True
nuscenes_mini,7fd597745c26471ab336b3dd41a5f6dc,car,0.9064327478408813,27.5,B,0.0597,0.0076,157,20,2630,False
nuscenes_mini,7fd597745c26471ab336b3dd41a5f6dc,car,0.8865247964859009,40.08,C,0.0024,0.0012,6,3,2497,False
nuscenes_mini,7fd597745c26471ab336b3dd41a5f6dc,pedestrian,1.0,16.28,B,0.4444,0.0,24,0,54,True
nuscenes_mini,7fd597745c26471ab336b3dd41a5f6dc,car,0.9139785170555115,37.74,C,0.0136,0.0028,39,8,2860,False
nuscenes_mini,7fd597745c26471ab336b3dd41a5f6dc,car,0.949367105960846,12.39,A,0.2247,0.0444,471,93,2096,True
nuscenes_mini,19f02e3faab4412988f28d419e1727fa,pedestrian,1.0,32.93,C,0.2143,0.0357,12,2,56,True
nuscenes_mini,19f02e3faab4412988f28d419e1727fa,car,0.9101123809814453,18.96,B,0.1229,0.0096,359,28,2920,True
nuscenes_mini,19f02e3faab4412988f28d419e1727fa,car,0.8827838897705078,22.53,B,0.0769,0.0107,130,18,1690,False
nuscenes_mini,19f02e3faab4412988f28d419e1727fa,motorcycle,0.8709677457809448,8.47,A,0.5963,0.1242,192,40,322,True
nuscenes_mini,19f02e3faab4412988f28d419e1727fa,pedestrian,1.0,23.29,B,0.2656,0.0469,17,3,64,True
nuscenes_mini,19f02e3faab4412988f28d419e1727fa,car,0.96875,11.42,A,0.2424,0.0664,336,92,1386,True
nuscenes_mini,19f02e3faab4412988f28d419e1727fa,car,0.9375000596046448,18.42,B,0.1704,0.0088,214,11,1256,True
nuscenes_mini,19f02e3faab4412988f28d419e1727fa,car,0.9452055096626282,21.55,B,0.1651,0.0213,263,34,1593,True
nuscenes_mini,19f02e3faab4412988f28d419e1727fa,car,0.8709677457809448,39.71,C,0.0,0.0,0,0,2772,False
nuscenes_mini,19f02e3faab4412988f28d419e1727fa,car,0.8083832263946533,50.97,C,0.0,0.0,0,0,100,False
nuscenes_mini,19f02e3faab4412988f28d419e1727fa,car,0.8947368264198303,25.36,B,0.1128,0.0168,154,23,1365,True
nuscenes_mini,19f02e3faab4412988f28d419e1727fa,car,0.9298245906829834,22.64,B,0.1741,0.0119,337,23,1936,True
nuscenes_mini,19f02e3faab4412988f28d419e1727fa,car,0.8947368264198303,22.61,B,0.0846,0.0045,132,7,1561,False
nuscenes_mini,312cd4d3bef1476a9211d3dab50dd0b7,pedestrian,1.0,26.6,B,0.25,0.0417,18,3,72,True
nuscenes_mini,312cd4d3bef1476a9211d3dab50dd0b7,pedestrian,1.0,20.78,B,0.037,0.0741,1,2,27,False
nuscenes_mini,312cd4d3bef1476a9211d3dab50dd0b7,car,0.9452055096626282,12.42,A,0.2723,0.0425,500,78,1836,True
nuscenes_mini,312cd4d3bef1476a9211d3dab50dd0b7,car,0.9375000596046448,13.16,A,0.3609,0.0261,747,54,2070,True
nuscenes_mini,312cd4d3bef1476a9211d3dab50dd0b7,car,0.8865247964859009,36.92,C,0.0,0.001,0,2,2070,False
nuscenes_mini,312cd4d3bef1476a9211d3dab50dd0b7,car,0.9179486632347107,36.65,C,0.0216,0.0031,42,6,1944,False
nuscenes_mini,312cd4d3bef1476a9211d3dab50dd0b7,car,0.9139785170555115,24.67,B,0.0615,0.006,144,14,2340,False
nuscenes_mini,312cd4d3bef1476a9211d3dab50dd0b7,car,0.9101123809814453,30.13,C,0.0854,0.0,95,0,1113,False
nuscenes_mini,312cd4d3bef1476a9211d3dab50dd0b7,car,0.8709677457809448,44.81,C,0.0,0.0,0,0,1351,False
nuscenes_mini,312cd4d3bef1476a9211d3dab50dd0b7,motorcycle,0.9179486632347107,7.66,A,0.6429,0.146,207,47,322,True
nuscenes_mini,312cd4d3bef1476a9211d3dab50dd0b7,car,0.9452055096626282,14.39,A,0.2836,0.0252,540,48,1904,True
nuscenes_mini,4aaaf68b9f9f45968a4e862eb03e17ea,car,0.9569892287254333,9.28,A,0.2163,0.0393,473,86,2187,True
nuscenes_mini,4aaaf68b9f9f45968a4e862eb03e17ea,car,0.8787879347801208,37.04,C,0.0,0.0,0,0,3912,False
nuscenes_mini,4aaaf68b9f9f45968a4e862eb03e17ea,car,0.921951174736023,23.15,B,0.0862,0.0,90,0,1044,False
nuscenes_mini,4aaaf68b9f9f45968a4e862eb03e17ea,car,0.8865247964859009,49.13,C,0.002,0.002,2,2,978,False
nuscenes_mini,4aaaf68b9f9f45968a4e862eb03e17ea,car,0.8400000333786011,43.45,C,0.0145,0.0032,27,6,1856,False
nuscenes_mini,4aaaf68b9f9f45968a4e862eb03e17ea,car,0.859649121761322,40.98,C,0.0,0.0,0,0,1029,False
nuscenes_mini,4aaaf68b9f9f45968a4e862eb03e17ea,car,0.9101123809814453,22.97,B,0.0715,0.0083,173,20,2420,False
nuscenes_mini,4aaaf68b9f9f45968a4e862eb03e17ea,motorcycle,0.8632478713989258,10.58,A,0.4469,0.0813,143,26,320,True
nuscenes_mini,4aaaf68b9f9f45968a4e862eb03e17ea,pedestrian,1.0,23.65,B,0.0256,0.0171,3,2,117,False
nuscenes_mini,4aaaf68b9f9f45968a4e862eb03e17ea,car,0.949367105960846,13.18,A,0.2551,0.036,489,69,1917,True
nuscenes_mini,639a4120779f44bb9cf41be3e8612e36,pedestrian,1.0,14.34,A,0.3929,0.0893,22,5,56,True
nuscenes_mini,639a4120779f44bb9cf41be3e8612e36,pedestrian,1.0,13.95,A,0.4688,0.0781,30,5,64,True
nuscenes_mini,639a4120779f44bb9cf41be3e8612e36,pedestrian,1.0,14.34,A,0.375,0.0833,18,4,48,True
nuscenes_mini,639a4120779f44bb9cf41be3e8612e36,pedestrian,1.0,13.91,A,0.4583,0.0833,33,6,72,True
nuscenes_mini,639a4120779f44bb9cf41be3e8612e36,car,0.8865247964859009,26.8,B,0.0902,0.0,359,0,3982,False
nuscenes_mini,639a4120779f44bb9cf41be3e8612e36,car,0.6363636255264282,39.66,C,0.0018,0.0,2,0,1096,False
nuscenes_mini,639a4120779f44bb9cf41be3e8612e36,car,0.7815700173377991,39.02,C,0.016,0.0,38,0,2376,False
nuscenes_mini,639a4120779f44bb9cf41be3e8612e36,car,0.9532163739204407,23.28,B,0.1574,0.0142,277,25,1760,True
nuscenes_mini,639a4120779f44bb9cf41be3e8612e36,car,0.9024390578269958,22.51,B,0.0694,0.0097,115,16,1656,False
nuscenes_mini,639a4120779f44bb9cf41be3e8612e36,motorcycle,0.8672199249267578,15.4,B,0.2389,0.0148,97,6,406,True
nuscenes_mini,639a4120779f44bb9cf41be3e8612e36,car,0.9452055096626282,7.88,A,0.3842,0.0195,906,46,2358,True
nuscenes_mini,b2f333255d574bebb6f170beaab6a824,car,0.8827838897705078,52.49,C,0.0,0.0,0,0,168,False
nuscenes_mini,b2f333255d574bebb6f170beaab6a824,car,0.8632478713989258,48.34,C,0.0,0.0,0,0,1428,False
nuscenes_mini,b2f333255d574bebb6f170beaab6a824,pedestrian,1.0,8.65,A,0.6806,0.1528,49,11,72,True
nuscenes_mini,b2f333255d574bebb6f170beaab6a824,pedestrian,1.0,9.23,A,0.6458,0.1042,31,5,48,True
nuscenes_mini,b2f333255d574bebb6f170beaab6a824,car,0.8947368264198303,35.78,C,0.0,0.0,0,0,1773,False
nuscenes_mini,b2f333255d574bebb6f170beaab6a824,car,0.859649121761322,36.67,C,0.0098,0.0007,14,1,1432,False
nuscenes_mini,b2f333255d574bebb6f170beaab6a824,car,0.9179486632347107,21.37,B,0.095,0.0083,229,20,2410,False
nuscenes_mini,b2f333255d574bebb6f170beaab6a824,car,0.8827838897705078,34.54,C,0.071,0.0069,92,9,1296,False
nuscenes_mini,b2f333255d574bebb6f170beaab6a824,motorcycle,0.7264957427978516,20.63,B,0.188,0.0125,75,5,399,True
nuscenes_mini,b2f333255d574bebb6f170beaab6a824,car,0.9452055096626282,10.09,A,0.389,0.0374,666,64,1712,True
nuscenes_mini,0106a9b8e65f4ad1867b44591aeed8b0,car,0.8987342119216919,39.01,C,0.0339,0.0,61,0,1800,False
nuscenes_mini,0106a9b8e65f4ad1867b44591aeed8b0,car,0.8518518805503845,40.01,C,0.0101,0.0045,18,8,1791,False
nuscenes_mini,0106a9b8e65f4ad1867b44591aeed8b0,car,0.859649121761322,46.96,C,0.0224,0.0032,28,4,1251,False
nuscenes_mini,0106a9b8e65f4ad1867b44591aeed8b0,car,0.941605806350708,14.58,A,0.2932,0.0252,652,56,2224,True
nuscenes_mini,0106a9b8e65f4ad1867b44591aeed8b0,car,0.8947368264198303,28.75,B,0.0673,0.0,103,0,1530,False
nuscenes_mini,0106a9b8e65f4ad1867b44591aeed8b0,car,0.921951174736023,20.09,B,0.1007,0.0124,195,24,1936,True
nuscenes_mini,0106a9b8e65f4ad1867b44591aeed8b0,motorcycle,0.6952381134033203,26.44,B,0.1743,0.0141,99,8,568,True
nuscenes_mini,0106a9b8e65f4ad1867b44591aeed8b0,pedestrian,1.0,6.48,A,0.6458,0.2083,31,10,48,True
nuscenes_mini,0106a9b8e65f4ad1867b44591aeed8b0,pedestrian,1.0,6.45,A,0.7841,0.1364,69,12,88,True
nuscenes_mini,4786b3c0d0a24c8b86b0676d32dd5919,car,0.9139785170555115,26.62,B,0.0466,0.0044,64,6,1372,False
nuscenes_mini,4786b3c0d0a24c8b86b0676d32dd5919,car,0.8202247023582458,41.83,C,0.0,0.0,0,0,1616,False
nuscenes_mini,4786b3c0d0a24c8b86b0676d32dd5919,car,0.6831682920455933,45.38,C,0.0489,0.001,50,1,1022,False
nuscenes_mini,4786b3c0d0a24c8b86b0676d32dd5919,car,0.8827838897705078,33.91,C,0.0939,0.011,145,17,1544,False
nuscenes_mini,4786b3c0d0a24c8b86b0676d32dd5919,car,0.8750000596046448,30.28,C,0.0674,0.0,67,0,994,False
nuscenes_mini,4786b3c0d0a24c8b86b0676d32dd5919,car,0.9532163739204407,19.5,B,0.208,0.017,416,34,2000,True
nuscenes_mini,4786b3c0d0a24c8b86b0676d32dd5919,car,0.8947368264198303,29.29,B,0.1224,0.0,174,0,1422,True
nuscenes_mini,4786b3c0d0a24c8b86b0676d32dd5919,car,0.9179486632347107,18.56,B,0.083,0.0094,195,22,2350,False
nuscenes_mini,4786b3c0d0a24c8b86b0676d32dd5919,pedestrian,1.0,10.22,A,0.275,0.05,11,2,40,True
nuscenes_mini,4ee219c4638949de9d994bc792fd0a69,car,0.9101123809814453,28.76,B,0.0374,0.0083,54,12,1442,False
nuscenes_mini,4ee219c4638949de9d994bc792fd0a69,car,0.8827838897705078,34.9,C,0.0191,0.0014,28,2,1464,False
nuscenes_mini,4ee219c4638949de9d994bc792fd0a69,car,0.9452055096626282,15.97,B,0.2119,0.0179,307,26,1449,True
nuscenes_mini,4ee219c4638949de9d994bc792fd0a69,car,0.7538461089134216,47.83,C,0.0691,0.0044,79,5,1144,False
nuscenes_mini,4ee219c4638949de9d994bc792fd0a69,car,0.9298245906829834,17.16,B,0.0999,0.0132,197,26,1971,False
nuscenes_mini,4ee219c4638949de9d994bc792fd0a69,car,0.8750000596046448,30.07,C,0.0367,0.0,37,0,1008,False
nuscenes_mini,4ee219c4638949de9d994bc792fd0a69,car,0.8865247964859009,24.21,B,0.1587,0.0083,287,15,1808,True
nuscenes_mini,4ee219c4638949de9d994bc792fd0a69,car,0.9024390578269958,30.15,C,0.1037,0.0,136,0,1312,True
nuscenes_mini,ac9af15d1aba4f5786877dde9f0b1c93,car,0.9336099624633789,23.23,B,0.0884,0.0096,157,17,1776,False
nuscenes_mini,ac9af15d1aba4f5786877dde9f0b1c93,car,0.9064327478408813,31.6,C,0.039,0.002,58,3,1488,False
nuscenes_mini,ac9af15d1aba4f5786877dde9f0b1c93,car,0.8324607610702515,45.15,C,0.127,0.0018,288,4,2268,True
nuscenes_mini,ac9af15d1aba4f5786877dde9f0b1c93,car,0.8400000333786011,34.73,C,0.0638,0.0035,54,3,846,False
nuscenes_mini,ac9af15d1aba4f5786877dde9f0b1c93,car,0.941605806350708,15.95,B,0.1342,0.0177,296,39,2205,True
nuscenes_mini,ac9af15d1aba4f5786877dde9f0b1c93,car,0.8324607610702515,29.62,B,0.06,0.0018,239,7,3982,False
nuscenes_mini,ac9af15d1aba4f5786877dde9f0b1c93,car,0.8827838897705078,32.42,C,0.0,0.0,0,0,1162,False
nuscenes_mini,ac9af15d1aba4f5786877dde9f0b1c93,car,0.8987342119216919,20.21,B,0.0,0.0,0,0,2592,False
nuscenes_mini,ac9af15d1aba4f5786877dde9f0b1c93,car,0.9532163739204407,10.22,A,0.2837,0.0602,429,91,1512,True
nuscenes_mini,61d47d1198184bfdaa6777e9448d825d,car,0.9298245906829834,17.97,B,0.0648,0.0204,127,40,1960,False
nuscenes_mini,61d47d1198184bfdaa6777e9448d825d,car,0.8987342119216919,25.96,B,0.0367,0.0066,61,11,1664,False
nuscenes_mini,61d47d1198184bfdaa6777e9448d825d,car,0.7968254089355469,39.76,C,0.2315,0.0037,250,4,1080,True
nuscenes_mini,61d47d1198184bfdaa6777e9448d825d,car,0.7104072570800781,41.6,C,0.0408,0.002,40,2,980,False
nuscenes_mini,61d47d1198184bfdaa6777e9448d825d,car,0.7575758099555969,38.93,C,0.1088,0.0017,192,3,1764,True
nuscenes_mini,61d47d1198184bfdaa6777e9448d825d,car,0.8709677457809448,44.86,C,0.0695,0.001,73,1,1050,False
nuscenes_mini,61d47d1198184bfdaa6777e9448d825d,pedestrian,1.0,28.02,B,0.125,0.05,5,2,40,True
nuscenes_mini,61d47d1198184bfdaa6777e9448d825d,pedestrian,1.0,34.01,C,0.0625,0.0625,1,1,16,False
nuscenes_mini,61d47d1198184bfdaa6777e9448d825d,car,0.9336099624633789,14.66,A,0.1444,0.0136,308,29,2133,True
nuscenes_mini,61d47d1198184bfdaa6777e9448d825d,car,0.8904109597206116,28.06,B,0.0219,0.0007,31,1,1416,False
nuscenes_mini,61d47d1198184bfdaa6777e9448d825d,car,0.8987342119216919,33.92,C,0.0,0.0,0,0,2050,False
nuscenes_mini,61d47d1198184bfdaa6777e9448d825d,car,0.9452055096626282,14.16,A,0.2181,0.0223,371,38,1701,True
nuscenes_mini,f1fd429830e3437db4ba03ba851f0015,car,0.9375000596046448,21.58,B,0.1396,0.0067,230,11,1648,True
nuscenes_mini,f1fd429830e3437db4ba03ba851f0015,car,0.9375000596046448,13.45,A,0.1092,0.0252,104,24,952,True
nuscenes_mini,f1fd429830e3437db4ba03ba851f0015,car,0.9609756469726562,12.81,A,0.2702,0.0399,454,67,1680,True
nuscenes_mini,f1fd429830e3437db4ba03ba851f0015,car,0.9139785170555115,34.59,C,0.1127,0.0052,174,8,1544,True
nuscenes_mini,f1fd429830e3437db4ba03ba851f0015,car,0.941605806350708,13.29,A,0.1676,0.0226,356,48,2124,True
nuscenes_mini,f1fd429830e3437db4ba03ba851f0015,car,0.8865247964859009,30.62,C,0.0383,0.0,102,0,2660,False
nuscenes_mini,f1fd429830e3437db4ba03ba851f0015,car,0.9452055096626282,22.46,B,0.138,0.0049,225,8,1631,True
nuscenes_mini,f1fd429830e3437db4ba03ba851f0015,car,0.6012461185455322,38.72,C,0.0038,0.0013,3,1,791,False
nuscenes_mini,f1fd429830e3437db4ba03ba851f0015,car,0.9064327478408813,31.65,C,0.0355,0.001,72,2,2030,False
nuscenes_mini,7df1288fed8a403b8e7a35112b392d7c,car,0.9064327478408813,17.84,B,0.1278,0.0118,184,17,1440,True
nuscenes_mini,7df1288fed8a403b8e7a35112b392d7c,car,0.9609756469726562,9.16,A,0.3261,0.0746,468,107,1435,True
nuscenes_mini,7df1288fed8a403b8e7a35112b392d7c,car,0.8632478713989258,29.59,B,0.0668,0.0074,72,8,1078,False
nuscenes_mini,7df1288fed8a403b8e7a35112b392d7c,car,0.9452055096626282,17.81,B,0.1375,0.0118,209,18,1520,True
nuscenes_mini,7df1288fed8a403b8e7a35112b392d7c,car,0.8987342119216919,41.55,C,0.0486,0.0,69,0,1421,False
nuscenes_mini,7df1288fed8a403b8e7a35112b392d7c,car,0.8672199249267578,49.12,C,0.0141,0.0031,18,4,1280,False
nuscenes_mini,7df1288fed8a403b8e7a35112b392d7c,car,0.9139785170555115,27.83,B,0.0352,0.0013,84,3,2385,False
nuscenes_mini,7df1288fed8a403b8e7a35112b392d7c,car,0.9532163739204407,11.89,A,0.2489,0.0274,472,52,1896,True
nuscenes_mini,7df1288fed8a403b8e7a35112b392d7c,car,0.719298243522644,41.06,C,0.0363,0.0013,54,2,1488,False
nuscenes_mini,7df1288fed8a403b8e7a35112b392d7c,car,0.6213017702102661,31.01,C,0.031,0.0038,33,4,1064,False
nuscenes_mini,7df1288fed8a403b8e7a35112b392d7c,car,0.9101123809814453,33.49,C,0.0,0.0,0,0,2200,False
nuscenes_mini,264c5f3a04744d53a72fd07c1bb6a724,car,0.949367105960846,7.23,A,0.3175,0.0656,508,105,1600,True
nuscenes_mini,264c5f3a04744d53a72fd07c1bb6a724,car,0.9375000596046448,15.03,B,0.2152,0.0174,346,28,1608,True
nuscenes_mini,264c5f3a04744d53a72fd07c1bb6a724,car,0.9375000596046448,30.96,C,0.0829,0.0114,145,20,1750,False
nuscenes_mini,264c5f3a04744d53a72fd07c1bb6a724,bicycle,0.5775577425956726,31.24,C,0.25,0.0,27,0,108,True
nuscenes_mini,264c5f3a04744d53a72fd07c1bb6a724,car,0.8987342119216919,31.32,C,0.006,0.0005,12,1,2000,False
nuscenes_mini,264c5f3a04744d53a72fd07c1bb6a724,car,0.9532163739204407,10.46,A,0.2332,0.0356,531,81,2277,True
nuscenes_mini,264c5f3a04744d53a72fd07c1bb6a724,car,0.9179486632347107,26.64,B,0.0287,0.0,51,0,1778,False
nuscenes_mini,bc0040070bcc4233a057bb293f5f6444,pedestrian,1.0,40.15,C,0.2188,0.0312,7,1,32,True
nuscenes_mini,bc0040070bcc4233a057bb293f5f6444,car,0.949367105960846,13.64,A,0.1542,0.0169,264,29,1712,True
nuscenes_mini,bc0040070bcc4233a057bb293f5f6444,car,0.9375000596046448,32.05,C,0.0415,0.0083,75,15,1808,False
nuscenes_mini,bc0040070bcc4233a057bb293f5f6444,car,0.9024390578269958,30.23,C,0.004,0.0033,6,5,1504,False
nuscenes_mini,bc0040070bcc4233a057bb293f5f6444,bicycle,0.7852349281311035,37.19,C,0.0667,0.0074,18,2,270,False
nuscenes_mini,bc0040070bcc4233a057bb293f5f6444,bicycle,0.5311355590820312,40.05,C,0.2222,0.0058,38,1,171,True
nuscenes_mini,bc0040070bcc4233a057bb293f5f6444,car,0.8904109597206116,34.17,C,0.0012,0.0004,3,1,2420,False
nuscenes_mini,bc0040070bcc4233a057bb293f5f6444,car,0.9649122953414917,9.07,A,0.3329,0.0276,785,65,2358,True
nuscenes_mini,bc0040070bcc4233a057bb293f5f6444,car,0.9179486632347107,23.89,B,0.0736,0.0094,133,17,1808,False
nuscenes_mini,bc0040070bcc4233a057bb293f5f6444,car,0.8439024686813354,46.38,C,0.0,0.0,0,0,1384,False
nuscenes_mini,bc0040070bcc4233a057bb293f5f6444,car,0.9139785170555115,20.35,B,0.1372,0.011,225,18,1640,True
nuscenes_mini,bc0040070bcc4233a057bb293f5f6444,car,0.8128654956817627,36.82,C,0.0,0.0,0,0,959,False
nuscenes_mini,bc0040070bcc4233a057bb293f5f6444,car,0.96875,6.71,A,0.3872,0.1012,666,174,1720,True
nuscenes_mini,269ccf1fe399403c914e1f649d2a8ca2,pedestrian,1.0,35.03,C,0.0625,0.1875,1,3,16,False
nuscenes_mini,269ccf1fe399403c914e1f649d2a8ca2,pedestrian,1.0,35.06,C,0.0938,0.0938,3,3,32,False
nuscenes_mini,269ccf1fe399403c914e1f649d2a8ca2,car,0.9336099624633789,14.1,A,0.2321,0.0129,414,23,1784,True
nuscenes_mini,269ccf1fe399403c914e1f649d2a8ca2,car,0.7655677795410156,46.98,C,0.0061,0.002,6,2,976,False
nuscenes_mini,269ccf1fe399403c914e1f649d2a8ca2,bicycle,0.8476190567016602,22.42,B,0.34,0.02,34,2,100,True
nuscenes_mini,269ccf1fe399403c914e1f649d2a8ca2,car,0.8904109597206116,32.96,C,0.0038,0.0,8,0,2080,False
nuscenes_mini,269ccf1fe399403c914e1f649d2a8ca2,car,0.9336099624633789,22.38,B,0.0631,0.0029,107,5,1696,False
nuscenes_mini,269ccf1fe399403c914e1f649d2a8ca2,car,0.9609756469726562,8.52,A,0.3876,0.0801,648,134,1672,True
nuscenes_mini,269ccf1fe399403c914e1f649d2a8ca2,car,0.8750000596046448,29.5,B,0.0636,0.0017,112,3,1760,False
nuscenes_mini,269ccf1fe399403c914e1f649d2a8ca2,car,0.949367105960846,17.85,B,0.1633,0.0191,256,30,1568,True
nuscenes_mini,59b32981037042eda1fed3c1026fbaba,pedestrian,1.0,44.52,C,0.025,0.0,1,0,40,False
nuscenes_mini,59b32981037042eda1fed3c1026fbaba,bicycle,0.9064327478408813,18.94,B,0.35,0.0125,56,2,160,True
nuscenes_mini,59b32981037042eda1fed3c1026fbaba,car,0.9101123809814453,29.86,B,0.0342,0.0036,57,6,1665,False
nuscenes_mini,59b32981037042eda1fed3c1026fbaba,car,0.949367105960846,6.66,A,0.3289,0.0335,814,83,2475,True
nuscenes_mini,59b32981037042eda1fed3c1026fbaba,car,0.941605806350708,20.66,B,0.0854,0.0057,179,12,2097,False
nuscenes_mini,59b32981037042eda1fed3c1026fbaba,car,0.9649122953414917,16.63,B,0.1619,0.0094,259,15,1600,True
nuscenes_mini,59b32981037042eda1fed3c1026fbaba,car,0.8947368264198303,48.38,C,0.0,0.0,0,0,1184,False
nuscenes_mini,59b32981037042eda1fed3c1026fbaba,car,0.9336099624633789,38.56,C,0.0226,0.0038,42,7,1856,False
nuscenes_mini,59b32981037042eda1fed3c1026fbaba,car,0.96875,18.18,B,0.2473,0.0186,465,35,1880,True
nuscenes_mini,59b32981037042eda1fed3c1026fbaba,car,0.9101123809814453,39.21,C,0.0042,0.0,11,0,2590,False
nuscenes_mini,1dba6570f0774b5cb87de6694bb338c0,car,0.941605806350708,20.08,B,0.079,0.0038,165,8,2088,False
nuscenes_mini,1dba6570f0774b5cb87de6694bb338c0,car,0.859649121761322,31.6,C,0.0,0.0005,0,1,1860,False
nuscenes_mini,1dba6570f0774b5cb87de6694bb338c0,car,0.8400000333786011,34.02,C,0.0232,0.0,79,0,3399,False
nuscenes_mini,1dba6570f0774b5cb87de6694bb338c0,car,0.8947368264198303,47.42,C,0.0155,0.0006,27,1,1746,False
nuscenes_mini,1dba6570f0774b5cb87de6694bb338c0,car,0.8787879347801208,37.85,C,0.0225,0.0,36,0,1600,False
nuscenes_mini,1dba6570f0774b5cb87de6694bb338c0,car,0.949367105960846,5.12,A,0.1491,0.0234,204,32,1368,True
nuscenes_mini,1dba6570f0774b5cb87de6694bb338c0,car,0.8827838897705078,44.07,C,0.0017,0.0017,2,2,1211,False
nuscenes_mini,1dba6570f0774b5cb87de6694bb338c0,car,0.941605806350708,21.2,B,0.1152,0.0035,200,6,1736,True
nuscenes_mini,1dba6570f0774b5cb87de6694bb338c0,bicycle,0.8400000333786011,22.32,B,0.2298,0.0202,91,8,396,True
nuscenes_mini,3e7ed5cf0b4541e4a0e1b109dfea89cf,pedestrian,1.0,25.26,B,0.0833,0.125,2,3,24,False
nuscenes_mini,3e7ed5cf0b4541e4a0e1b109dfea89cf,pedestrian,1.0,29.33,B,0.0,0.0,0,0,56,False
nuscenes_mini,3e7ed5cf0b4541e4a0e1b109dfea89cf,car,0.8750000596046448,30.24,C,0.03,0.0034,62,7,2070,False
nuscenes_mini,3e7ed5cf0b4541e4a0e1b109dfea89cf,car,0.949367105960846,18.09,B,0.0752,0.0053,155,11,2061,False
nuscenes_mini,3e7ed5cf0b4541e4a0e1b109dfea89cf,car,0.9298245906829834,28.5,B,0.1339,0.0107,225,18,1680,True
nuscenes_mini,3e7ed5cf0b4541e4a0e1b109dfea89cf,pedestrian,1.0,4.43,A,0.1333,0.1111,6,5,45,True
nuscenes_mini,3e7ed5cf0b4541e4a0e1b109dfea89cf,car,0.941605806350708,3.92,A,0.4789,0.0873,806,147,1683,True
nuscenes_mini,3e7ed5cf0b4541e4a0e1b109dfea89cf,car,0.8518518805503845,46.98,C,0.0166,0.0033,25,5,1504,False
nuscenes_mini,3e7ed5cf0b4541e4a0e1b109dfea89cf,car,0.8202247023582458,49.52,C,0.0148,0.002,29,4,1953,False
nuscenes_mini,3e7ed5cf0b4541e4a0e1b109dfea89cf,car,0.8476190567016602,34.67,C,0.0221,0.0,26,0,1176,False
nuscenes_mini,3e7ed5cf0b4541e4a0e1b109dfea89cf,bicycle,0.7852349281311035,23.19,B,0.0983,0.0043,23,1,234,False
nuscenes_mini,be1494c7762c43ca88010f366997a586,pedestrian,1.0,17.99,B,0.2083,0.0694,15,5,72,True
nuscenes_mini,be1494c7762c43ca88010f366997a586,truck,0.7460317611694336,19.21,B,0.1652,0.0177,327,35,1980,True
nuscenes_mini,be1494c7762c43ca88010f366997a586,car,0.9259259104728699,36.67,C,0.0737,0.0105,98,14,1330,False
nuscenes_mini,be1494c7762c43ca88010f366997a586,car,0.9024390578269958,30.95,C,0.0093,0.0009,20,2,2160,False
nuscenes_mini,be1494c7762c43ca88010f366997a586,car,0.949367105960846,16.1,B,0.0753,0.0031,144,6,1912,False
nuscenes_mini,be1494c7762c43ca88010f366997a586,car,0.9532163739204407,3.6,A,0.3989,0.0851,750,160,1880,True
nuscenes_mini,b422bd971acf483592e367c2c5057a60,truck,0.8358974456787109,12.94,A,0.367,0.0344,789,74,2150,True
nuscenes_mini,b422bd971acf483592e367c2c5057a60,car,0.9336099624633789,14.55,A,0.1051,0.0146,201,28,1912,True
nuscenes_mini,b422bd971acf483592e367c2c5057a60,car,0.9064327478408813,31.01,C,0.0446,0.0,107,0,2400,False
nuscenes_mini,b422bd971acf483592e367c2c5057a60,car,0.5747508406639099,44.3,C,0.0,0.0,0,0,1768,False
nuscenes_mini,b422bd971acf483592e367c2c5057a60,car,0.9569892287254333,3.43,A,0.3501,0.0805,731,168,2088,True
nuscenes_mini,fa51f1910942494cbe396640010fea64,car,0.949367105960846,13.9,A,0.1354,0.0148,301,33,2223,True
nuscenes_mini,fa51f1910942494cbe396640010fea64,car,0.9024390578269958,29.28,B,0.0626,0.0045,111,8,1773,False
nuscenes_mini,fa51f1910942494cbe396640010fea64,car,0.941605806350708,3.05,A,0.4684,0.0823,757,133,1616,True
nuscenes_mini,fa51f1910942494cbe396640010fea64,truck,0.6559139490127563,11.08,A,0.427,0.0326,550,42,1288,True
nuscenes_mini,26e594c412e84bdda76e344933fe305a,car,0.96875,4.02,A,0.3958,0.091,435,100,1099,True
nuscenes_mini,26e594c412e84bdda76e344933fe305a,car,0.949367105960846,12.53,A,0.1894,0.0228,391,47,2064,True
nuscenes_mini,26e594c412e84bdda76e344933fe305a,car,0.9024390578269958,11.06,A,0.0,0.0,0,0,4070,False
nuscenes_mini,26e594c412e84bdda76e344933fe305a,truck,0.7419355511665344,14.92,A,0.2148,0.0215,560,56,2607,True
nuscenes_mini,78e778e7e6c84dc59c0436a4d6ff5032,bus,0.8358974456787109,52.96,C,0.0635,0.0,61,0,960,False
nuscenes_mini,78e778e7e6c84dc59c0436a4d6ff5032,car,0.9649122953414917,4.49,A,0.3152,0.078,481,119,1526,True
nuscenes_mini,78e778e7e6c84dc59c0436a4d6ff5032,car,0.949367105960846,12.18,A,0.1582,0.0115,373,27,2358,True
nuscenes_mini,78e778e7e6c84dc59c0436a4d6ff5032,car,0.9064327478408813,22.46,B,0.2198,0.0025,1240,14,5642,True
nuscenes_mini,9966278ad296494598a9e5fba07926e0,bus,0.6683937907218933,52.92,C,0.0744,0.0,108,0,1452,False
nuscenes_mini,9966278ad296494598a9e5fba07926e0,car,0.976608157157898,6.1,A,0.3061,0.019,903,56,2950,True
nuscenes_mini,9966278ad296494598a9e5fba07926e0,car,0.9569892287254333,11.38,A,0.1927,0.0125,477,31,2475,True
nuscenes_mini,9966278ad296494598a9e5fba07926e0,car,0.9064327478408813,28.14,B,0.0224,0.0014,33,2,1472,False
nuscenes_mini,225aa2795d63442ebc496cd0c49d3bdb,bus,0.7500000596046448,50.22,C,0.0069,0.0009,45,6,6560,False
nuscenes_mini,225aa2795d63442ebc496cd0c49d3bdb,car,0.9649122953414917,7.1,A,0.3111,0.0214,770,53,2475,True
nuscenes_mini,225aa2795d63442ebc496cd0c49d3bdb,car,0.9569892287254333,10.79,A,0.1722,0.0107,434,27,2520,True
nuscenes_mini,225aa2795d63442ebc496cd0c49d3bdb,car,0.9101123809814453,29.71,B,0.0,0.0,0,0,1390,False
nuscenes_mini,de9432d4fc7a4e5a985e2bc628eb614c,car,0.941605806350708,7.98,A,0.0684,0.0262,81,31,1184,False
nuscenes_mini,de9432d4fc7a4e5a985e2bc628eb614c,bus,0.7730495929718018,43.13,C,0.0331,0.0007,223,5,6747,False
nuscenes_mini,de9432d4fc7a4e5a985e2bc628eb614c,car,0.9609756469726562,8.27,A,0.1086,0.0156,251,36,2312,True
nuscenes_mini,de9432d4fc7a4e5a985e2bc628eb614c,car,0.9532163739204407,9.99,A,0.1719,0.0123,418,30,2432,True
nuscenes_mini,de9432d4fc7a4e5a985e2bc628eb614c,car,0.9064327478408813,34.47,C,0.0,0.0,0,0,2541,False
nuscenes_mini,63c24b51feb94f14bec29022dae4975d,car,0.949367105960846,8.61,A,0.2806,0.0587,449,94,1600,True
nuscenes_mini,63c24b51feb94f14bec29022dae4975d,bus,0.9298245906829834,32.66,C,0.0754,0.001,306,4,4059,False
nuscenes_mini,63c24b51feb94f14bec29022dae4975d,car,0.9569892287254333,7.4,A,0.3713,0.0724,323,63,870,True
nuscenes_mini,63c24b51feb94f14bec29022dae4975d,car,0.9609756469726562,9.97,A,0.1867,0.0075,620,25,3320,True
nuscenes_mini,63c24b51feb94f14bec29022dae4975d,car,0.9179486632347107,32.28,C,0.007,0.0,16,0,2280,False
nuscenes_mini,5998b71b64c146769bde1d5430741381,car,0.8709677457809448,16.36,B,0.0914,0.0158,139,24,1520,False
nuscenes_mini,5998b71b64c146769bde1d5430741381,car,0.5508772134780884,35.41,C,0.093,0.0,317,0,3410,False
nuscenes_mini,5998b71b64c146769bde1d5430741381,car,0.675126850605011,41.8,C,0.1329,0.0,236,0,1776,True
nuscenes_mini,5998b71b64c146769bde1d5430741381,car,0.8750000596046448,16.75,B,0.0665,0.0108,141,23,2120,False
nuscenes_mini,5998b71b64c146769bde1d5430741381,car,0.859649121761322,11.84,A,0.3006,0.0528,484,85,1610,True
nuscenes_mini,5998b71b64c146769bde1d5430741381,car,0.9375000596046448,15.84,B,0.3388,0.0274,619,50,1827,True
nuscenes_mini,5998b71b64c146769bde1d5430741381,car,0.941605806350708,9.9,A,0.3321,0.0667,433,87,1304,True
nuscenes_mini,5998b71b64c146769bde1d5430741381,car,0.8324607610702515,13.74,A,0.2345,0.0174,377,28,1608,True
nuscenes_mini,5998b71b64c146769bde1d5430741381,car,0.859649121761322,9.28,A,0.2985,0.0524,695,122,2328,True
nuscenes_mini,30aaef2c5ab44dc4afea271fe829b459,car,0.7928802371025085,38.73,C,0.0474,0.0006,73,1,1540,False
nuscenes_mini,30aaef2c5ab44dc4afea271fe829b459,car,0.7229437232017517,49.19,C,0.0203,0.0013,435,27,21480,False
nuscenes_mini,30aaef2c5ab44dc4afea271fe829b459,car,0.8160918951034546,39.67,C,0.1233,0.0027,274,6,2223,True
nuscenes_mini,30aaef2c5ab44dc4afea271fe829b459,car,0.8672199249267578,17.24,B,0.0785,0.0153,159,31,2025,False
nuscenes_mini,30aaef2c5ab44dc4afea271fe829b459,car,0.8400000333786011,17.32,B,0.082,0.0075,66,6,805,False
nuscenes_mini,30aaef2c5ab44dc4afea271fe829b459,car,0.9259259104728699,13.3,A,0.2489,0.0332,413,55,1659,True
nuscenes_mini,30aaef2c5ab44dc4afea271fe829b459,car,0.8476190567016602,17.44,B,0.1031,0.0048,151,7,1464,True
nuscenes_mini,30aaef2c5ab44dc4afea271fe829b459,car,0.8518518805503845,13.11,A,0.2247,0.0187,541,45,2408,True
nuscenes_mini,30aaef2c5ab44dc4afea271fe829b459,car,0.719298243522644,26.99,B,0.0197,0.0035,34,6,1728,False
nuscenes_mini,30aaef2c5ab44dc4afea271fe829b459,car,0.949367105960846,13.03,A,0.2374,0.0384,340,55,1432,True
nuscenes_mini,30aaef2c5ab44dc4afea271fe829b459,car,0.8518518805503845,33.73,C,0.1269,0.0,137,0,1080,True
nuscenes_mini,30aaef2c5ab44dc4afea271fe829b459,car,0.9259259104728699,11.25,A,0.1895,0.0484,337,86,1778,True
nuscenes_mini,e8b1863300964b2481fee312496d06d8,car,0.7575758099555969,43.85,C,0.0301,0.0012,49,2,1626,False
nuscenes_mini,e8b1863300964b2481fee312496d06d8,car,0.7500000596046448,18.06,B,0.0684,0.0026,104,4,1520,False
nuscenes_mini,e8b1863300964b2481fee312496d06d8,car,0.8476190567016602,18.19,B,0.0263,0.0079,40,12,1520,False
nuscenes_mini,e8b1863300964b2481fee312496d06d8,car,0.827957034111023,29.92,B,0.1522,0.0084,363,20,2385,True
nuscenes_mini,e8b1863300964b2481fee312496d06d8,car,0.8439024686813354,31.11,C,0.0942,0.0091,218,21,2313,False
nuscenes_mini,e8b1863300964b2481fee312496d06d8,car,0.7815700173377991,17.07,B,0.1124,0.0084,267,20,2376,True
nuscenes_mini,e8b1863300964b2481fee312496d06d8,car,0.9259259104728699,16.35,B,0.144,0.0227,197,31,1368,True
nuscenes_mini,e8b1863300964b2481fee312496d06d8,car,0.8439024686813354,20.2,B,0.185,0.0073,378,15,2043,True
nuscenes_mini,e8b1863300964b2481fee312496d06d8,car,0.8632478713989258,13.41,A,0.2274,0.0327,382,55,1680,True
nuscenes_mini,e8b1863300964b2481fee312496d06d8,car,0.6363636255264282,29.5,B,0.0723,0.0034,147,7,2032,False
nuscenes_mini,e8b1863300964b2481fee312496d06d8,car,0.6952381134033203,18.17,B,0.085,0.012,78,11,918,False
nuscenes_mini,e8b1863300964b2481fee312496d06d8,car,0.9336099624633789,13.43,A,0.1557,0.0307,401,79,2576,True
nuscenes_mini,f0c059b6d7b8438ea9f08de0a3c1fc1a,car,0.9179486632347107,23.5,B,0.1722,0.0085,448,22,2601,True
nuscenes_mini,f0c059b6d7b8438ea9f08de0a3c1fc1a,car,0.8904109597206116,19.37,B,0.0365,0.0143,56,22,1536,False
nuscenes_mini,f0c059b6d7b8438ea9f08de0a3c1fc1a,car,0.6878048777580261,54.19,C,0.0304,0.0,95,0,3120,False
nuscenes_mini,f0c059b6d7b8438ea9f08de0a3c1fc1a,car,0.7852349281311035,48.13,C,0.0,0.0,0,0,1530,False
nuscenes_mini,f0c059b6d7b8438ea9f08de0a3c1fc1a,car,0.8904109597206116,12.99,A,0.2792,0.0271,659,64,2360,True
nuscenes_mini,f0c059b6d7b8438ea9f08de0a3c1fc1a,car,0.9064327478408813,21.96,B,0.2014,0.0125,145,9,720,True
nuscenes_mini,f0c059b6d7b8438ea9f08de0a3c1fc1a,car,0.9101123809814453,21.23,B,0.2387,0.0133,466,26,1952,True
nuscenes_mini,f0c059b6d7b8438ea9f08de0a3c1fc1a,car,0.921951174736023,19.72,B,0.1844,0.0182,213,21,1155,True
nuscenes_mini,f0c059b6d7b8438ea9f08de0a3c1fc1a,car,0.8160918951034546,22.75,B,0.1403,0.004,211,6,1504,True
nuscenes_mini,f0c059b6d7b8438ea9f08de0a3c1fc1a,car,0.949367105960846,15.99,B,0.1762,0.02,396,45,2247,True
nuscenes_mini,f0c059b6d7b8438ea9f08de0a3c1fc1a,car,0.8709677457809448,17.73,B,0.0992,0.0211,169,36,1704,False
nuscenes_mini,a63038dfb41843eb8a14485d90c2fa35,car,0.9024390578269958,20.32,B,0.0613,0.0088,105,15,1712,False
nuscenes_mini,a63038dfb41843eb8a14485d90c2fa35,car,0.8787879347801208,42.82,C,0.0,0.0,0,0,1896,False
nuscenes_mini,a63038dfb41843eb8a14485d90c2fa35,car,0.859649121761322,51.73,C,0.031,0.0,13,0,420,False
nuscenes_mini,a63038dfb41843eb8a14485d90c2fa35,car,0.7387754917144775,51.07,C,0.0412,0.0,47,0,1140,False
nuscenes_mini,a63038dfb41843eb8a14485d90c2fa35,car,0.9179486632347107,16.64,B,0.2399,0.0229,440,42,1834,True
nuscenes_mini,a63038dfb41843eb8a14485d90c2fa35,car,0.6640419960021973,55.15,C,0.0005,0.0005,3,3,5920,False
nuscenes_mini,a63038dfb41843eb8a14485d90c2fa35,car,0.9179486632347107,23.25,B,0.198,0.0164,301,25,1520,True
nuscenes_mini,a63038dfb41843eb8a14485d90c2fa35,car,0.7299578189849854,25.53,B,0.1619,0.0041,237,6,1464,True
nuscenes_mini,a63038dfb41843eb8a14485d90c2fa35,car,0.9452055096626282,20.37,B,0.0725,0.0159,141,31,1946,False
nuscenes_mini,a63038dfb41843eb8a14485d90c2fa35,car,0.8672199249267578,22.84,B,0.1337,0.0114,234,20,1750,True
nuscenes_mini,a63038dfb41843eb8a14485d90c2fa35,car,0.7620818018913269,36.8,C,0.0671,0.0053,139,11,2070,False
nuscenes_mini,a63038dfb41843eb8a14485d90c2fa35,car,0.8400000333786011,18.37,B,0.2206,0.0164,443,33,2008,True
nuscenes_mini,a63038dfb41843eb8a14485d90c2fa35,car,0.8987342119216919,12.6,A,0.3203,0.0272,612,52,1911,True
nuscenes_mini,7220a2aaebf347cda4efedc88dcae96e,car,0.7852349281311035,45.16,C,0.0196,0.0054,33,9,1680,False
nuscenes_mini,7220a2aaebf347cda4efedc88dcae96e,car,0.8750000596046448,20.62,B,0.0742,0.007,95,9,1280,False
nuscenes_mini,7220a2aaebf347cda4efedc88dcae96e,car,0.8632478713989258,31.62,C,0.0747,0.0026,170,6,2277,False
nuscenes_mini,7220a2aaebf347cda4efedc88dcae96e,car,0.8202247023582458,50.86,C,0.1467,0.0,44,0,300,True
nuscenes_mini,7220a2aaebf347cda4efedc88dcae96e,car,0.941605806350708,12.36,A,0.246,0.0501,403,82,1638,True
nuscenes_mini,7220a2aaebf347cda4efedc88dcae96e,car,0.8787879347801208,41.25,C,0.0056,0.0003,38,2,6828,False
nuscenes_mini,7220a2aaebf347cda4efedc88dcae96e,car,0.8865247964859009,27.03,B,0.148,0.0075,256,13,1730,True
nuscenes_mini,7220a2aaebf347cda4efedc88dcae96e,car,0.9375000596046448,25.66,B,0.086,0.0182,156,33,1813,False
nuscenes_mini,7220a2aaebf347cda4efedc88dcae96e,car,0.7620818018913269,28.17,B,0.041,0.001,43,1,1050,False
nuscenes_mini,7220a2aaebf347cda4efedc88dcae96e,car,0.8400000333786011,23.74,B,0.1071,0.007,351,23,3276,True
nuscenes_mini,7220a2aaebf347cda4efedc88dcae96e,car,0.8827838897705078,46.0,C,0.0132,0.0009,507,34,38340,False
nuscenes_mini,4cd162f9083b47d0acd83129a6539c01,car,0.8012422323226929,37.55,C,0.0323,0.0016,59,3,1824,False
nuscenes_mini,4cd162f9083b47d0acd83129a6539c01,car,0.8632478713989258,22.55,B,0.0462,0.0078,71,12,1536,False
nuscenes_mini,4cd162f9083b47d0acd83129a6539c01,car,0.7968254089355469,49.54,C,0.0497,0.0,199,0,4004,False
nuscenes_mini,4cd162f9083b47d0acd83129a6539c01,car,0.8750000596046448,23.39,B,0.1078,0.0027,121,3,1122,True
nuscenes_mini,4cd162f9083b47d0acd83129a6539c01,car,0.8518518805503845,31.43,C,0.1311,0.0084,249,16,1900,True
nuscenes_mini,4cd162f9083b47d0acd83129a6539c01,car,0.6800000071525574,31.34,C,0.113,0.0019,357,6,3160,True
nuscenes_mini,4cd162f9083b47d0acd83129a6539c01,car,0.921951174736023,31.48,C,0.0949,0.0096,218,22,2296,False
nuscenes_mini,4cd162f9083b47d0acd83129a6539c01,car,0.7620818018913269,31.12,C,0.1462,0.0022,130,2,889,True
nuscenes_mini,4cd162f9083b47d0acd83129a6539c01,car,0.9336099624633789,13.59,A,0.2927,0.0276,679,64,2320,True
nuscenes_mini,c0f7a7d51fbe46f9be8ca098da06b7fb,car,0.7815700173377991,40.58,C,0.0097,0.0008,23,2,2380,False
nuscenes_mini,c0f7a7d51fbe46f9be8ca098da06b7fb,car,0.8904109597206116,28.88,B,0.0796,0.0088,172,19,2160,False
nuscenes_mini,c0f7a7d51fbe46f9be8ca098da06b7fb,car,0.8865247964859009,22.23,B,0.0556,0.0083,80,12,1440,False
nuscenes_mini,c0f7a7d51fbe46f9be8ca098da06b7fb,car,0.8787879347801208,28.35,B,0.185,0.0126,250,17,1351,True
nuscenes_mini,c0f7a7d51fbe46f9be8ca098da06b7fb,car,0.8827838897705078,49.77,C,0.0306,0.0016,302,16,9885,False
nuscenes_mini,c0f7a7d51fbe46f9be8ca098da06b7fb,car,0.9259259104728699,16.37,B,0.2452,0.0175,463,33,1888,True
nuscenes_mini,c0f7a7d51fbe46f9be8ca098da06b7fb,car,0.8552036285400391,37.96,C,0.0971,0.0059,263,16,2709,False
nuscenes_mini,c0f7a7d51fbe46f9be8ca098da06b7fb,car,0.8048780560493469,25.29,B,0.1402,0.0023,122,2,870,True
nuscenes_mini,c0f7a7d51fbe46f9be8ca098da06b7fb,car,0.9139785170555115,19.57,B,0.2492,0.0116,642,30,2576,True
nuscenes_mini,c0f7a7d51fbe46f9be8ca098da06b7fb,car,0.7575758099555969,44.5,C,0.0565,0.0006,89,1,1576,False
nuscenes_mini,c0f7a7d51fbe46f9be8ca098da06b7fb,car,0.7620818018913269,42.46,C,0.1076,0.0,426,0,3960,True
nuscenes_mini,c0f7a7d51fbe46f9be8ca098da06b7fb,car,0.859649121761322,20.35,B,0.1323,0.0123,225,21,1701,True
nuscenes_mini,1ddf7a48af3d43be8763f154974f09ce,car,0.7770034670829773,49.82,C,0.0,0.0,0,0,1416,False
nuscenes_mini,1ddf7a48af3d43be8763f154974f09ce,car,0.8400000333786011,29.84,B,0.0581,0.0,115,0,1980,False
nuscenes_mini,1ddf7a48af3d43be8763f154974f09ce,car,0.8865247964859009,21.98,B,0.0981,0.0118,116,14,1183,False
nuscenes_mini,1ddf7a48af3d43be8763f154974f09ce,car,0.8202247023582458,50.25,C,0.0465,0.0,135,0,2904,False
nuscenes_mini,1ddf7a48af3d43be8763f154974f09ce,car,0.9336099624633789,21.12,B,0.1516,0.0138,285,26,1880,True
nuscenes_mini,1ddf7a48af3d43be8763f154974f09ce,car,0.9024390578269958,43.57,C,0.1225,0.0,194,0,1584,True
nuscenes_mini,1ddf7a48af3d43be8763f154974f09ce,car,0.8865247964859009,18.86,B,0.2441,0.006,569,14,2331,True
nuscenes_mini,1ddf7a48af3d43be8763f154974f09ce,car,0.8518518805503845,48.35,C,0.0194,0.0006,183,6,9450,False
nuscenes_mini,1ddf7a48af3d43be8763f154974f09ce,car,0.8476190567016602,26.45,B,0.1389,0.0016,175,2,1260,True
nuscenes_mini,1ddf7a48af3d43be8763f154974f09ce,car,0.6132930517196655,50.19,C,0.0105,0.0012,18,2,1710,False
nuscenes_mini,1ddf7a48af3d43be8763f154974f09ce,car,0.5704697966575623,37.08,C,0.0,0.0,0,0,1146,False
nuscenes_mini,1ddf7a48af3d43be8763f154974f09ce,car,0.7500000596046448,12.01,A,0.3131,0.0417,526,70,1680,True
nuscenes_mini,3be9d2705879419f8f3afc08949dca57,car,0.8128654956817627,41.79,C,0.0016,0.0016,2,2,1274,False
nuscenes_mini,3be9d2705879419f8f3afc08949dca57,car,0.8750000596046448,23.16,B,0.0276,0.009,46,15,1665,False
nuscenes_mini,3be9d2705879419f8f3afc08949dca57,car,0.8083832263946533,24.73,B,0.0294,0.0013,46,2,1566,False
nuscenes_mini,3be9d2705879419f8f3afc08949dca57,car,0.8048780560493469,48.26,C,0.0414,0.0,44,0,1064,False
nuscenes_mini,3be9d2705879419f8f3afc08949dca57,car,0.9179486632347107,23.5,B,0.0887,0.0055,113,7,1274,False
nuscenes_mini,3be9d2705879419f8f3afc08949dca57,car,0.921951174736023,15.24,B,0.3582,0.0262,725,53,2024,True
nuscenes_mini,3be9d2705879419f8f3afc08949dca57,car,0.8012422323226929,38.32,C,0.0652,0.0028,163,7,2500,False
nuscenes_mini,3be9d2705879419f8f3afc08949dca57,car,0.7575758099555969,33.84,C,0.0654,0.0058,124,11,1896,False
nuscenes_mini,3be9d2705879419f8f3afc08949dca57,car,0.6132930517196655,44.18,C,0.0036,0.0,6,0,1655,False
nuscenes_mini,3be9d2705879419f8f3afc08949dca57,car,0.6521739363670349,46.96,C,0.0,0.0,0,0,750,False
nuscenes_mini,3be9d2705879419f8f3afc08949dca57,car,0.8083832263946533,13.5,A,0.2641,0.0312,524,62,1984,True
nuscenes_mini,3be9d2705879419f8f3afc08949dca57,car,0.8400000333786011,15.56,B,0.1538,0.0233,382,58,2484,True
nuscenes_mini,ed2e7d24f2ad41abb3d37cd9a0ca8e89,car,0.5661016702651978,52.21,C,0.0,0.0,0,0,1344,False
nuscenes_mini,ed2e7d24f2ad41abb3d37cd9a0ca8e89,car,0.8709677457809448,24.61,B,0.0052,0.0,8,0,1544,False
nuscenes_mini,ed2e7d24f2ad41abb3d37cd9a0ca8e89,car,0.859649121761322,31.29,C,0.0243,0.0029,51,6,2097,False
nuscenes_mini,ed2e7d24f2ad41abb3d37cd9a0ca8e89,car,0.8083832263946533,39.03,C,0.161,0.0023,423,6,2628,True
nuscenes_mini,ed2e7d24f2ad41abb3d37cd9a0ca8e89,car,0.7575758099555969,48.1,C,0.0168,0.0022,31,4,1850,False
nuscenes_mini,ed2e7d24f2ad41abb3d37cd9a0ca8e89,car,0.8904109597206116,30.83,C,0.0606,0.0031,98,5,1616,False
nuscenes_mini,ed2e7d24f2ad41abb3d37cd9a0ca8e89,car,0.8787879347801208,38.57,C,0.1931,0.0073,265,10,1372,True
nuscenes_mini,ed2e7d24f2ad41abb3d37cd9a0ca8e89,car,0.8947368264198303,15.14,B,0.3134,0.0262,598,50,1908,True
nuscenes_mini,ed2e7d24f2ad41abb3d37cd9a0ca8e89,car,0.8241757750511169,21.63,B,0.1689,0.0028,423,7,2504,True
nuscenes_mini,ed2e7d24f2ad41abb3d37cd9a0ca8e89,car,0.9179486632347107,12.5,A,0.2821,0.0358,677,86,2400,True
nuscenes_mini,ca6000b81f2b4b598502b1e93e334a1d,car,0.8865247964859009,25.37,B,0.0139,0.0006,22,1,1584,False
nuscenes_mini,ca6000b81f2b4b598502b1e93e334a1d,car,0.7104072570800781,47.49,C,0.0322,0.0,49,0,1520,False
nuscenes_mini,ca6000b81f2b4b598502b1e93e334a1d,car,0.719298243522644,39.96,C,0.001,0.003,1,3,1001,False
nuscenes_mini,ca6000b81f2b4b598502b1e93e334a1d,car,0.7064220309257507,52.11,C,0.0,0.0,0,0,396,False
nuscenes_mini,ca6000b81f2b4b598502b1e93e334a1d,car,0.9179486632347107,23.18,B,0.2222,0.0123,542,30,2439,True
nuscenes_mini,ca6000b81f2b4b598502b1e93e334a1d,car,0.9024390578269958,22.3,B,0.1764,0.0088,221,11,1253,True
nuscenes_mini,ca6000b81f2b4b598502b1e93e334a1d,car,0.9024390578269958,27.64,B,0.1926,0.0094,245,12,1272,True
nuscenes_mini,ca6000b81f2b4b598502b1e93e334a1d,car,0.5038759708404541,49.37,C,0.033,0.0033,60,6,1816,False
nuscenes_mini,ca6000b81f2b4b598502b1e93e334a1d,car,0.7299578189849854,30.22,C,0.0405,0.0031,79,6,1952,False
nuscenes_mini,ca6000b81f2b4b598502b1e93e334a1d,car,0.8160918951034546,16.58,B,0.1673,0.0202,249,30,1488,True
nuscenes_mini,ca6000b81f2b4b598502b1e93e334a1d,car,0.7500000596046448,11.24,A,0.368,0.0515,786,110,2136,True
nuscenes_mini,385d542a35384181bc1e69cfd2df0664,car,0.8400000333786011,21.49,B,0.1697,0.0098,224,13,1320,True
nuscenes_mini,385d542a35384181bc1e69cfd2df0664,car,0.7037037014961243,30.68,C,0.025,0.0044,45,8,1800,False
nuscenes_mini,385d542a35384181bc1e69cfd2df0664,car,0.7419355511665344,43.51,C,0.0304,0.0043,28,4,920,False
nuscenes_mini,385d542a35384181bc1e69cfd2df0664,car,0.9259259104728699,19.81,B,0.274,0.0123,445,20,1624,True
nuscenes_mini,385d542a35384181bc1e69cfd2df0664,car,0.8904109597206116,35.26,C,0.1739,0.007,224,9,1288,True
nuscenes_mini,385d542a35384181bc1e69cfd2df0664,car,0.8439024686813354,45.56,C,0.0539,0.0003,207,1,3840,False
nuscenes_mini,385d542a35384181bc1e69cfd2df0664,car,0.9259259104728699,15.02,B,0.296,0.0365,373,46,1260,True
nuscenes_mini,385d542a35384181bc1e69cfd2df0664,car,0.8400000333786011,50.11,C,0.0,0.0,0,0,3278,False
nuscenes_mini,385d542a35384181bc1e69cfd2df0664,car,0.8827838897705078,24.78,B,0.1211,0.0087,250,18,2064,True
nuscenes_mini,385d542a35384181bc1e69cfd2df0664,car,0.9101123809814453,14.45,A,0.2516,0.0292,465,54,1848,True
nuscenes_mini,385d542a35384181bc1e69cfd2df0664,car,0.941605806350708,22.09,B,0.1395,0.0141,346,35,2480,True
nuscenes_mini,8c8755ebb0bf4c519416323acad6cea1,car,0.859649121761322,23.64,B,0.0359,0.0094,61,16,1701,False
nuscenes_mini,8c8755ebb0bf4c519416323acad6cea1,car,0.7697842121124268,32.97,C,0.136,0.0038,287,8,2110,True
nuscenes_mini,8c8755ebb0bf4c519416323acad6cea1,car,0.7229437232017517,46.93,C,0.0236,0.0,67,0,2844,False
nuscenes_mini,8c8755ebb0bf4c519416323acad6cea1,car,0.8947368264198303,26.6,B,0.1736,0.0084,226,11,1302,True
nuscenes_mini,8c8755ebb0bf4c519416323acad6cea1,car,0.8787879347801208,22.16,B,0.2681,0.0131,429,21,1600,True
nuscenes_mini,8c8755ebb0bf4c519416323acad6cea1,car,0.8947368264198303,24.21,B,0.1872,0.0046,286,7,1528,True
nuscenes_mini,8c8755ebb0bf4c519416323acad6cea1,car,0.8241757750511169,33.77,C,0.0343,0.0033,62,6,1808,False
nuscenes_mini,8c8755ebb0bf4c519416323acad6cea1,car,0.8083832263946533,48.95,C,0.0,0.0,0,0,924,False
nuscenes_mini,8c8755ebb0bf4c519416323acad6cea1,car,0.7387754917144775,23.34,B,0.1488,0.0012,388,3,2608,True
nuscenes_mini,8c8755ebb0bf4c519416323acad6cea1,car,0.8987342119216919,26.26,B,0.083,0.0076,230,21,2770,False
nuscenes_mini,8c8755ebb0bf4c519416323acad6cea1,car,0.9139785170555115,12.27,A,0.3041,0.0453,691,103,2272,True
nuscenes_mini,8c8755ebb0bf4c519416323acad6cea1,car,0.9179486632347107,19.3,B,0.2492,0.0097,410,16,1645,True
nuscenes_mini,384e26fb47f94faea344766bb26f987a,car,0.859649121761322,25.48,B,0.0009,0.0043,2,10,2300,False
nuscenes_mini,384e26fb47f94faea344766bb26f987a,car,0.827957034111023,42.13,C,0.0154,0.0012,53,4,3447,False
nuscenes_mini,384e26fb47f94faea344766bb26f987a,car,0.5857605338096619,50.43,C,0.0,0.0,0,0,816,False
nuscenes_mini,384e26fb47f94faea344766bb26f987a,car,0.8750000596046448,25.33,B,0.0891,0.009,178,18,1998,False
nuscenes_mini,384e26fb47f94faea344766bb26f987a,car,0.7419355511665344,41.35,C,0.0248,0.0018,81,6,3264,False
nuscenes_mini,384e26fb47f94faea344766bb26f987a,car,0.8672199249267578,15.16,B,0.3308,0.0265,524,42,1584,True
nuscenes_mini,384e26fb47f94faea344766bb26f987a,car,0.7344398498535156,44.56,C,0.0,0.0,0,0,2160,False
nuscenes_mini,384e26fb47f94faea344766bb26f987a,car,0.5460992455482483,31.14,C,0.0144,0.0044,13,4,900,False
nuscenes_mini,384e26fb47f94faea344766bb26f987a,car,0.7264957427978516,34.95,C,0.047,0.0039,203,17,4320,False
nuscenes_mini,384e26fb47f94faea344766bb26f987a,car,0.8827838897705078,16.1,B,0.2467,0.0215,448,39,1816,True
nuscenes_mini,7f49d07afdf64212a4eea699cb5ab17c,car,0.7968254089355469,34.35,C,0.0248,0.0,28,0,1127,False
nuscenes_mini,7f49d07afdf64212a4eea699cb5ab17c,car,0.8672199249267578,25.92,B,0.0061,0.001,12,2,1971,False
nuscenes_mini,7f49d07afdf64212a4eea699cb5ab17c,car,0.8709677457809448,23.46,B,0.1944,0.0074,392,15,2016,True
nuscenes_mini,7f49d07afdf64212a4eea699cb5ab17c,car,0.8439024686813354,30.52,C,0.1401,0.0082,154,9,1099,True
nuscenes_mini,7f49d07afdf64212a4eea699cb5ab17c,car,0.941605806350708,17.22,B,0.2977,0.0151,710,36,2385,True
nuscenes_mini,7f49d07afdf64212a4eea699cb5ab17c,car,0.7460317611694336,41.15,C,0.0177,0.0018,30,3,1692,False
nuscenes_mini,7f49d07afdf64212a4eea699cb5ab17c,car,0.8358974456787109,22.21,B,0.1079,0.0014,151,2,1400,True
nuscenes_mini,7f49d07afdf64212a4eea699cb5ab17c,car,0.7928802371025085,12.37,A,0.3283,0.0408,612,76,1864,True
nuscenes_mini,7f49d07afdf64212a4eea699cb5ab17c,car,0.5857605338096619,21.16,B,0.1913,0.0116,198,12,1035,True
nuscenes_mini,7f49d07afdf64212a4eea699cb5ab17c,car,0.7538461089134216,23.12,B,0.1715,0.0069,423,17,2466,True
nuscenes_mini,2e96e4ef43624c3d9ae8fd5526444fa8,car,0.7655677795410156,37.5,C,0.0322,0.0014,23,1,715,False
nuscenes_mini,2e96e4ef43624c3d9ae8fd5526444fa8,car,0.8632478713989258,25.98,B,0.0331,0.0,68,0,2052,False
nuscenes_mini,2e96e4ef43624c3d9ae8fd5526444fa8,car,0.8787879347801208,34.83,C,0.0778,0.0,94,0,1208,False
nuscenes_mini,2e96e4ef43624c3d9ae8fd5526444fa8,car,0.9139785170555115,19.75,B,0.2437,0.0108,544,24,2232,True
nuscenes_mini,2e96e4ef43624c3d9ae8fd5526444fa8,car,0.7299578189849854,33.74,C,0.0078,0.0005,15,1,1920,False
nuscenes_mini,2e96e4ef43624c3d9ae8fd5526444fa8,car,0.8012422323226929,16.61,B,0.1701,0.0192,328,37,1928,True
nuscenes_mini,2e96e4ef43624c3d9ae8fd5526444fa8,car,0.9101123809814453,12.58,A,0.3133,0.0372,792,94,2528,True
nuscenes_mini,2e96e4ef43624c3d9ae8fd5526444fa8,car,0.8632478713989258,22.49,B,0.2285,0.0078,584,20,2556,True
nuscenes_mini,7f87e737dad642d9aff78a7fe12ce194,car,0.8632478713989258,26.16,B,0.0219,0.0033,47,7,2151,False
nuscenes_mini,7f87e737dad642d9aff78a7fe12ce194,car,0.8324607610702515,36.82,C,0.0423,0.0015,115,4,2718,False
nuscenes_mini,7f87e737dad642d9aff78a7fe12ce194,car,0.7344398498535156,45.85,C,0.0549,0.0021,53,2,966,False
nuscenes_mini,7f87e737dad642d9aff78a7fe12ce194,car,0.5508772134780884,5.43,A,0.4807,0.0889,411,76,855,True
nuscenes_mini,7f87e737dad642d9aff78a7fe12ce194,car,0.8632478713989258,25.94,B,0.1224,0.0024,303,6,2475,True
nuscenes_mini,7f87e737dad642d9aff78a7fe12ce194,car,0.7697842121124268,42.54,C,0.0027,0.002,4,3,1504,False
nuscenes_mini,7f87e737dad642d9aff78a7fe12ce194,car,0.949367105960846,15.03,B,0.2464,0.0246,621,62,2520,True
nuscenes_mini,7f87e737dad642d9aff78a7fe12ce194,car,0.9452055096626282,18.2,B,0.2989,0.0115,546,21,1827,True
nuscenes_mini,37bed8d646cd4f0f8eac519794dd8bd7,car,0.6444444060325623,49.47,C,0.0148,0.0,27,0,1824,False
nuscenes_mini,37bed8d646cd4f0f8eac519794dd8bd7,car,0.8709677457809448,26.47,B,0.0187,0.0028,46,7,2460,False
nuscenes_mini,37bed8d646cd4f0f8eac519794dd8bd7,car,0.8083832263946533,28.58,B,0.1289,0.0092,140,10,1086,True
nuscenes_mini,37bed8d646cd4f0f8eac519794dd8bd7,car,0.7730495929718018,17.22,B,0.334,0.0092,511,14,1530,True
nuscenes_mini,37bed8d646cd4f0f8eac519794dd8bd7,car,0.7500000596046448,32.71,C,0.0269,0.0003,94,1,3498,False
nuscenes_mini,37bed8d646cd4f0f8eac519794dd8bd7,car,0.8904109597206116,22.91,B,0.0646,0.0145,125,28,1936,False
nuscenes_mini,37bed8d646cd4f0f8eac519794dd8bd7,car,0.6521739363670349,51.24,C,0.0177,0.0,12,0,678,False
nuscenes_mini,37bed8d646cd4f0f8eac519794dd8bd7,car,0.9298245906829834,24.89,B,0.2077,0.0065,413,13,1988,True
nuscenes_mini,6d1d793b68b24165be5755a54054c82a,car,0.8358974456787109,25.31,B,0.0376,0.0054,77,11,2050,False
nuscenes_mini,6d1d793b68b24165be5755a54054c82a,car,0.7142857313156128,39.07,C,0.0136,0.0029,19,4,1400,False
nuscenes_mini,6d1d793b68b24165be5755a54054c82a,car,0.9139785170555115,19.82,B,0.3087,0.008,657,17,2128,True
nuscenes_mini,6d1d793b68b24165be5755a54054c82a,car,0.8439024686813354,33.59,C,0.0092,0.0014,27,4,2950,False
nuscenes_mini,6d1d793b68b24165be5755a54054c82a,car,0.8709677457809448,39.71,C,0.0097,0.0,29,0,2979,False
nuscenes_mini,6d1d793b68b24165be5755a54054c82a,car,0.7387754917144775,13.85,A,0.2464,0.0245,743,74,3016,True
nuscenes_mini,083240c8c70b44e4ac6fc7f267b1518f,car,0.859649121761322,26.84,B,0.0,0.0,0,0,1712,False
nuscenes_mini,083240c8c70b44e4ac6fc7f267b1518f,car,0.8709677457809448,29.74,B,0.1249,0.0057,218,10,1746,True
nuscenes_mini,083240c8c70b44e4ac6fc7f267b1518f,car,0.7264957427978516,38.2,C,0.0542,0.0028,39,2,720,False
nuscenes_mini,083240c8c70b44e4ac6fc7f267b1518f,bus,0.7655677795410156,57.22,C,0.0124,0.0,17,0,1368,False
nuscenes_mini,083240c8c70b44e4ac6fc7f267b1518f,car,0.921951174736023,14.59,A,0.3212,0.0282,661,58,2058,True
nuscenes_mini,083240c8c70b44e4ac6fc7f267b1518f,car,0.8160918951034546,30.39,C,0.0442,0.0062,71,10,1608,False
nuscenes_mini,083240c8c70b44e4ac6fc7f267b1518f,car,0.7887788414955139,41.99,C,0.0233,0.0025,37,4,1589,False
nuscenes_mini,083240c8c70b44e4ac6fc7f267b1518f,car,0.8012422323226929,48.26,C,0.0439,0.0,99,0,2256,False
nuscenes_mini,083240c8c70b44e4ac6fc7f267b1518f,car,0.8750000596046448,15.32,B,0.2064,0.0108,421,22,2040,True
nuscenes_mini,db0173c29e1e43d1b5535f48e541efdf,car,0.7655677795410156,35.51,C,0.0771,0.0017,92,2,1194,False
nuscenes_mini,db0173c29e1e43d1b5535f48e541efdf,car,0.8202247023582458,25.5,B,0.0234,0.0029,48,6,2052,False
nuscenes_mini,db0173c29e1e43d1b5535f48e541efdf,bus,0.5038759708404541,56.18,C,0.0207,0.0005,261,6,12584,False
nuscenes_mini,db0173c29e1e43d1b5535f48e541efdf,car,0.8787879347801208,22.15,B,0.1947,0.0114,410,24,2106,True
nuscenes_mini,db0173c29e1e43d1b5535f48e541efdf,bus,0.7500000596046448,49.74,C,0.0449,0.0001,531,1,11823,False
nuscenes_mini,db0173c29e1e43d1b5535f48e541efdf,car,0.6878048777580261,50.35,C,0.0452,0.0007,496,8,10965,False
nuscenes_mini,db0173c29e1e43d1b5535f48e541efdf,car,0.9064327478408813,15.74,B,0.2509,0.021,550,46,2192,True
nuscenes_mini,d148d50ba9be44bcb2105d8da47425b4,car,0.827957034111023,50.73,C,0.0173,0.0,11,0,637,False
nuscenes_mini,d148d50ba9be44bcb2105d8da47425b4,car,0.8632478713989258,27.03,B,0.0133,0.0015,35,4,2640,False
nuscenes_mini,d148d50ba9be44bcb2105d8da47425b4,car,0.8787879347801208,15.05,B,0.2744,0.0229,610,51,2223,True
nuscenes_mini,d148d50ba9be44bcb2105d8da47425b4,car,0.7730495929718018,16.53,B,0.0836,0.0132,158,25,1890,False
nuscenes_mini,d148d50ba9be44bcb2105d8da47425b4,car,0.7852349281311035,27.56,B,0.1203,0.0031,155,4,1288,True
nuscenes_mini,d148d50ba9be44bcb2105d8da47425b4,car,0.8128654956817627,30.48,C,0.0586,0.0088,80,12,1365,False
nuscenes_mini,d148d50ba9be44bcb2105d8da47425b4,bus,0.8202247023582458,48.65,C,0.0375,0.0019,310,16,8262,False
nuscenes_mini,d148d50ba9be44bcb2105d8da47425b4,car,0.7730495929718018,40.61,C,0.018,0.0,43,0,2394,False
nuscenes_mini,d148d50ba9be44bcb2105d8da47425b4,car,0.7730495929718018,23.21,B,0.093,0.0098,189,20,2032,False
nuscenes_mini,f2d48fe35d5646659dc339e1d36886f9,car,0.8787879347801208,23.2,B,0.1308,0.0102,193,15,1476,True
nuscenes_mini,f2d48fe35d5646659dc339e1d36886f9,car,0.7887788414955139,42.35,C,0.0251,0.0,32,0,1274,False
nuscenes_mini,f2d48fe35d5646659dc339e1d36886f9,car,0.9024390578269958,19.08,B,0.1967,0.0132,373,25,1896,True
nuscenes_mini,f2d48fe35d5646659dc339e1d36886f9,car,0.8672199249267578,20.83,B,0.2146,0.0172,299,24,1393,True
nuscenes_mini,f2d48fe35d5646659dc339e1d36886f9,bus,0.921951174736023,41.91,C,0.0761,0.0021,1143,32,15015,False
nuscenes_mini,f2d48fe35d5646659dc339e1d36886f9,car,0.8358974456787109,34.42,C,0.0112,0.0021,26,5,2328,False
nuscenes_mini,f2d48fe35d5646659dc339e1d36886f9,car,0.8128654956817627,17.69,B,0.1033,0.0153,162,24,1568,True
nuscenes_mini,f2d48fe35d5646659dc339e1d36886f9,car,0.8552036285400391,14.03,A,0.3729,0.0299,710,57,1904,True
nuscenes_mini,a32166aff42946d39455fcbe502a321a,car,0.8827838897705078,26.83,B,0.01,0.0039,23,9,2304,False
nuscenes_mini,a32166aff42946d39455fcbe502a321a,car,0.7229437232017517,34.92,C,0.068,0.0012,109,2,1603,False
nuscenes_mini,a32166aff42946d39455fcbe502a321a,car,0.6952381134033203,49.73,C,0.0111,0.0041,19,7,1719,False
nuscenes_mini,a32166aff42946d39455fcbe502a321a,car,0.8987342119216919,13.45,A,0.3162,0.0371,622,73,1967,True
nuscenes_mini,a32166aff42946d39455fcbe502a321a,bus,0.8947368264198303,35.96,C,0.0813,0.0036,1705,75,20966,False
nuscenes_mini,a32166aff42946d39455fcbe502a321a,car,0.7299578189849854,48.28,C,0.0129,0.0017,30,4,2324,False
nuscenes_mini,a32166aff42946d39455fcbe502a321a,car,0.8358974456787109,44.08,C,0.005,0.0007,7,1,1392,False
nuscenes_mini,a32166aff42946d39455fcbe502a321a,car,0.9024390578269958,23.57,B,0.0994,0.0134,186,25,1872,False
nuscenes_mini,a32166aff42946d39455fcbe502a321a,car,0.8865247964859009,17.21,B,0.2073,0.0206,514,51,2480,True
nuscenes_mini,a32166aff42946d39455fcbe502a321a,car,0.8787879347801208,20.83,B,0.0885,0.0129,185,27,2090,False
nuscenes_mini,7ca3502caf394d6d9c0a80b822b3ff48,car,0.8987342119216919,37.17,C,0.0196,0.0027,29,4,1480,False
nuscenes_mini,7ca3502caf394d6d9c0a80b822b3ff48,car,0.8827838897705078,23.63,B,0.0731,0.0096,107,14,1464,False
nuscenes_mini,7ca3502caf394d6d9c0a80b822b3ff48,car,0.859649121761322,23.38,B,0.1587,0.0068,210,9,1323,True
nuscenes_mini,7ca3502caf394d6d9c0a80b822b3ff48,bus,0.9179486632347107,30.36,C,0.1022,0.0043,2300,96,22506,True
nuscenes_mini,7ca3502caf394d6d9c0a80b822b3ff48,car,0.7815700173377991,30.65,C,0.127,0.0068,260,14,2048,True
nuscenes_mini,7ca3502caf394d6d9c0a80b822b3ff48,car,0.8160918951034546,34.92,C,0.0695,0.0026,214,8,3080,False
nuscenes_mini,7ca3502caf394d6d9c0a80b822b3ff48,car,0.5631399154663086,49.88,C,0.0047,0.0,11,0,2349,False
nuscenes_mini,7ca3502caf394d6d9c0a80b822b3ff48,car,0.8865247964859009,22.58,B,0.1358,0.007,232,12,1708,True
nuscenes_mini,7ca3502caf394d6d9c0a80b822b3ff48,car,0.604938268661499,16.85,B,0.2309,0.0127,545,30,2360,True
nuscenes_mini,7ca3502caf394d6d9c0a80b822b3ff48,car,0.9101123809814453,14.99,A,0.252,0.0304,506,61,2008,True
nuscenes_mini,5b77f438091b4d00a74d333ef2fe9033,car,0.7460317611694336,47.78,C,0.0028,0.0,6,0,2160,False
nuscenes_mini,5b77f438091b4d00a74d333ef2fe9033,car,0.8750000596046448,24.02,B,0.034,0.0076,63,14,1854,False
nuscenes_mini,5b77f438091b4d00a74d333ef2fe9033,car,0.8787879347801208,24.93,B,0.0929,0.0079,224,19,2412,False
nuscenes_mini,5b77f438091b4d00a74d333ef2fe9033,car,0.7887788414955139,16.0,B,0.2633,0.0266,514,52,1952,True
nuscenes_mini,5b77f438091b4d00a74d333ef2fe9033,car,0.9139785170555115,24.58,B,0.1111,0.0074,211,14,1899,True
nuscenes_mini,5b77f438091b4d00a74d333ef2fe9033,bus,0.9452055096626282,26.33,B,0.1653,0.0073,3494,155,21137,True
nuscenes_mini,5b77f438091b4d00a74d333ef2fe9033,car,0.6800000071525574,35.64,C,0.1274,0.0009,427,3,3352,True
nuscenes_mini,5b77f438091b4d00a74d333ef2fe9033,car,0.597484290599823,47.83,C,0.0295,0.0028,42,4,1424,False
nuscenes_mini,5b77f438091b4d00a74d333ef2fe9033,car,0.7538461089134216,23.83,B,0.1901,0.0056,441,13,2320,True
nuscenes_mini,5b77f438091b4d00a74d333ef2fe9033,motorcycle,0.6012461185455322,34.77,C,0.1179,0.0015,233,3,1976,True
nuscenes_mini,29796060110c4163b07f06eff4af0753,car,0.8439024686813354,22.54,B,0.1465,0.0091,177,11,1208,True
nuscenes_mini,29796060110c4163b07f06eff4af0753,car,0.7697842121124268,31.08,C,0.0218,0.0,47,0,2160,False
nuscenes_mini,29796060110c4163b07f06eff4af0753,car,0.5816993117332458,52.29,C,0.0,0.0,0,0,365,False
nuscenes_mini,29796060110c4163b07f06eff4af0753,car,0.8787879347801208,23.52,B,0.1049,0.0084,112,9,1068,True
nuscenes_mini,29796060110c4163b07f06eff4af0753,car,0.9064327478408813,15.08,B,0.353,0.0211,953,57,2700,True
nuscenes_mini,29796060110c4163b07f06eff4af0753,bus,0.9375000596046448,24.39,B,0.1133,0.0126,2153,240,19000,True
nuscenes_mini,29796060110c4163b07f06eff4af0753,car,0.5508772134780884,47.07,C,0.0159,0.0,16,0,1008,False
nuscenes_mini,29796060110c4163b07f06eff4af0753,car,0.6995305418968201,34.5,C,0.0133,0.002,40,6,3010,False
nuscenes_mini,7bf1cef0e253474e847ee4c2eb955901,car,0.7538461089134216,40.18,C,0.0319,0.0,112,0,3510,False
nuscenes_mini,7bf1cef0e253474e847ee4c2eb955901,car,0.8518518805503845,24.32,B,0.0134,0.0,17,0,1264,False
nuscenes_mini,7bf1cef0e253474e847ee4c2eb955901,car,0.675126850605011,46.83,C,0.0207,0.0,70,0,3375,False
nuscenes_mini,7bf1cef0e253474e847ee4c2eb955901,car,0.9139785170555115,16.19,B,0.2656,0.0234,489,43,1841,True
nuscenes_mini,7bf1cef0e253474e847ee4c2eb955901,car,0.8439024686813354,19.74,B,0.1541,0.0052,353,12,2290,True
nuscenes_mini,7bf1cef0e253474e847ee4c2eb955901,car,0.5857605338096619,52.53,C,0.0499,0.0,44,0,882,False
nuscenes_mini,7bf1cef0e253474e847ee4c2eb955901,car,0.6167664527893066,43.77,C,0.0075,0.0025,6,2,800,False
nuscenes_mini,7bf1cef0e253474e847ee4c2eb955901,car,0.8400000333786011,48.13,C,0.0351,0.0013,638,23,18173,False
nuscenes_mini,7bf1cef0e253474e847ee4c2eb955901,car,0.8632478713989258,11.88,A,0.3183,0.0298,994,93,3123,True
nuscenes_mini,7bf1cef0e253474e847ee4c2eb955901,bus,0.7655677795410156,23.14,B,0.1145,0.0108,2447,230,21362,True
nuscenes_mini,e10f8dcb73e646af840d9955a70a63d5,car,0.7928802371025085,47.49,C,0.0003,0.0003,1,1,2890,False
nuscenes_mini,e10f8dcb73e646af840d9955a70a63d5,car,0.8827838897705078,24.92,B,0.0127,0.0013,19,2,1496,False
nuscenes_mini,e10f8dcb73e646af840d9955a70a63d5,car,0.7697842121124268,24.73,B,0.0238,0.0028,42,5,1764,False
nuscenes_mini,e10f8dcb73e646af840d9955a70a63d5,car,0.6132930517196655,51.47,C,0.0259,0.0,12,0,464,False
nuscenes_mini,e10f8dcb73e646af840d9955a70a63d5,car,0.6289855241775513,46.32,C,0.0,0.0,0,0,861,False
nuscenes_mini,e10f8dcb73e646af840d9955a70a63d5,car,0.8048780560493469,12.49,A,0.2438,0.0218,971,87,3982,True
nuscenes_mini,e10f8dcb73e646af840d9955a70a63d5,car,0.7655677795410156,31.3,C,0.0647,0.0,108,0,1668,False
nuscenes_mini,e10f8dcb73e646af840d9955a70a63d5,car,0.8476190567016602,24.07,B,0.0621,0.0032,118,6,1899,False
nuscenes_mini,e10f8dcb73e646af840d9955a70a63d5,car,0.8160918951034546,18.21,B,0.2357,0.0088,943,35,4000,True
nuscenes_mini,e10f8dcb73e646af840d9955a70a63d5,car,0.8439024686813354,34.78,C,0.0796,0.0,248,0,3114,False
nuscenes_mini,e10f8dcb73e646af840d9955a70a63d5,car,0.8865247964859009,16.12,B,0.2238,0.0262,435,51,1944,True
nuscenes_mini,e10f8dcb73e646af840d9955a70a63d5,bus,0.8904109597206116,24.42,B,0.1151,0.0088,2379,181,20664,True
nuscenes_mini,17a9388ec4b04e028b4d07af2cc3a45c,car,0.8787879347801208,24.09,B,0.0274,0.0,41,0,1496,False
nuscenes_mini,17a9388ec4b04e028b4d07af2cc3a45c,car,0.827957034111023,30.25,C,0.0697,0.0035,138,7,1980,False
nuscenes_mini,17a9388ec4b04e028b4d07af2cc3a45c,car,0.7968254089355469,43.51,C,0.0,0.0,0,0,1197,False
nuscenes_mini,17a9388ec4b04e028b4d07af2cc3a45c,car,0.6640419960021973,46.67,C,0.0,0.0,0,0,4114,False
nuscenes_mini,17a9388ec4b04e028b4d07af2cc3a45c,car,0.6213017702102661,41.84,C,0.1229,0.0,87,0,708,True
nuscenes_mini,17a9388ec4b04e028b4d07af2cc3a45c,car,0.7500000596046448,13.9,A,0.3527,0.0226,843,54,2390,True
nuscenes_mini,17a9388ec4b04e028b4d07af2cc3a45c,car,0.8358974456787109,45.92,C,0.0242,0.0,50,0,2070,False
nuscenes_mini,17a9388ec4b04e028b4d07af2cc3a45c,car,0.8947368264198303,28.47,B,0.0828,0.0047,231,13,2790,False
nuscenes_mini,17a9388ec4b04e028b4d07af2cc3a45c,car,0.8202247023582458,13.56,A,0.1542,0.0236,222,34,1440,True
nuscenes_mini,17a9388ec4b04e028b4d07af2cc3a45c,bus,0.8048780560493469,27.33,B,0.0949,0.0036,2869,108,30238,False
nuscenes_mini,1fc26189c2524ef396e5ce6cc210c1cd,car,0.8672199249267578,43.91,C,0.0008,0.0004,2,1,2466,False
nuscenes_mini,1fc26189c2524ef396e5ce6cc210c1cd,car,0.8750000596046448,21.79,B,0.1564,0.007,245,11,1566,True
nuscenes_mini,1fc26189c2524ef396e5ce6cc210c1cd,car,0.7037037014961243,41.56,C,0.1343,0.0012,110,1,819,True
nuscenes_mini,1fc26189c2524ef396e5ce6cc210c1cd,car,0.8400000333786011,40.98,C,0.0398,0.0014,117,4,2940,False
nuscenes_mini,1fc26189c2524ef396e5ce6cc210c1cd,car,0.8787879347801208,21.03,B,0.1698,0.015,272,24,1602,True
nuscenes_mini,1fc26189c2524ef396e5ce6cc210c1cd,car,0.8358974456787109,36.31,C,0.0527,0.0,45,0,854,False
nuscenes_mini,1fc26189c2524ef396e5ce6cc210c1cd,car,0.7064220309257507,37.45,C,0.0231,0.0,65,0,2808,False
nuscenes_mini,1fc26189c2524ef396e5ce6cc210c1cd,car,0.7730495929718018,40.45,C,0.0097,0.0017,17,3,1760,False
nuscenes_mini,1fc26189c2524ef396e5ce6cc210c1cd,car,0.7460317611694336,22.28,B,0.1075,0.0015,211,3,1962,True
nuscenes_mini,1fc26189c2524ef396e5ce6cc210c1cd,car,0.6559139490127563,18.91,B,0.2525,0.016,775,49,3069,True
nuscenes_mini,1fc26189c2524ef396e5ce6cc210c1cd,car,0.6521739363670349,12.45,A,0.2243,0.0429,397,76,1770,True
nuscenes_mini,1fc26189c2524ef396e5ce6cc210c1cd,bus,0.9101123809814453,32.39,C,0.0771,0.0056,1673,121,21698,False
nuscenes_mini,92594549844e4f7da7a0e73e92945b2b,car,0.8904109597206116,22.84,B,0.0589,0.0085,90,13,1528,False
nuscenes_mini,92594549844e4f7da7a0e73e92945b2b,car,0.8439024686813354,29.22,B,0.1094,0.0087,251,20,2295,True
nuscenes_mini,92594549844e4f7da7a0e73e92945b2b,car,0.7064220309257507,48.53,C,0.0359,0.0041,62,7,1728,False
nuscenes_mini,92594549844e4f7da7a0e73e92945b2b,car,0.719298243522644,43.07,C,0.0,0.0,0,0,1540,False
nuscenes_mini,92594549844e4f7da7a0e73e92945b2b,car,0.8904109597206116,30.01,C,0.0757,0.0061,149,12,1967,False
nuscenes_mini,92594549844e4f7da7a0e73e92945b2b,car,0.8202247023582458,12.62,A,0.3224,0.0479,592,88,1836,True
nuscenes_mini,92594549844e4f7da7a0e73e92945b2b,car,0.8904109597206116,28.81,B,0.1434,0.0115,249,20,1736,True
nuscenes_mini,92594549844e4f7da7a0e73e92945b2b,car,0.7142857313156128,49.97,C,0.0288,0.0019,60,4,2080,False
nuscenes_mini,92594549844e4f7da7a0e73e92945b2b,car,0.7887788414955139,39.3,C,0.0004,0.0001,7,1,17898,False
nuscenes_mini,92594549844e4f7da7a0e73e92945b2b,bus,0.6012461185455322,35.42,C,0.0731,0.0024,1642,54,22462,False
nuscenes_mini,92594549844e4f7da7a0e73e92945b2b,car,0.6132930517196655,21.5,B,0.1392,0.0137,213,21,1530,True
nuscenes_mini,1923316323b44b86b3389178fb026db6,car,0.9101123809814453,21.97,B,0.0735,0.0074,100,10,1360,False
nuscenes_mini,1923316323b44b86b3389178fb026db6,car,0.8904109597206116,34.93,C,0.0632,0.0035,108,6,1710,False
nuscenes_mini,1923316323b44b86b3389178fb026db6,car,0.9064327478408813,21.23,B,0.171,0.0126,365,27,2135,True
nuscenes_mini,1923316323b44b86b3389178fb026db6,car,0.8632478713989258,28.32,B,0.1372,0.0,121,0,882,True
nuscenes_mini,1923316323b44b86b3389178fb026db6,car,0.9139785170555115,17.83,B,0.2007,0.0178,361,32,1799,True
nuscenes_mini,1923316323b44b86b3389178fb026db6,car,0.6831682920455933,29.87,B,0.0566,0.0025,90,4,1590,False
nuscenes_mini,1923316323b44b86b3389178fb026db6,car,0.6995305418968201,42.96,C,0.0584,0.0024,143,6,2450,False
nuscenes_mini,1923316323b44b86b3389178fb026db6,car,0.7538461089134216,46.38,C,0.0,0.0,0,0,2736,False
nuscenes_mini,1923316323b44b86b3389178fb026db6,bus,0.8439024686813354,42.48,C,0.0389,0.0018,535,25,13740,False
nuscenes_mini,1923316323b44b86b3389178fb026db6,car,0.7730495929718018,14.14,A,0.1735,0.037,272,58,1568,True
nuscenes_mini,1923316323b44b86b3389178fb026db6,car,0.8128654956817627,16.14,B,0.2091,0.0183,480,42,2296,True
nuscenes_mini,05e993bd780241aabaa30dd2a0473286,car,0.8827838897705078,24.89,B,0.0227,0.001,44,2,1935,False
nuscenes_mini,05e993bd780241aabaa30dd2a0473286,car,0.9064327478408813,22.16,B,0.1682,0.0084,239,12,1421,True
nuscenes_mini,05e993bd780241aabaa30dd2a0473286,car,0.7460317611694336,43.05,C,0.0032,0.0,6,0,1860,False
nuscenes_mini,05e993bd780241aabaa30dd2a0473286,car,0.5936508178710938,24.15,B,0.0809,0.0048,152,9,1880,False
nuscenes_mini,05e993bd780241aabaa30dd2a0473286,car,0.6640419960021973,25.05,B,0.1434,0.0016,436,5,3040,True
nuscenes_mini,05e993bd780241aabaa30dd2a0473286,truck,0.5747508406639099,50.21,C,0.0153,0.0011,444,31,28960,False
nuscenes_mini,05e993bd780241aabaa30dd2a0473286,car,0.921951174736023,12.79,A,0.267,0.0242,596,54,2232,True
nuscenes_mini,05e993bd780241aabaa30dd2a0473286,car,0.9064327478408813,19.28,B,0.1686,0.0105,321,20,1904,True
nuscenes_mini,64134c75d5f547fdb4a6862b192f06cd,car,0.8947368264198303,24.41,B,0.0267,0.0031,51,6,1908,False
nuscenes_mini,64134c75d5f547fdb4a6862b192f06cd,car,0.7460317611694336,45.36,C,0.0257,0.0029,36,4,1400,False
nuscenes_mini,64134c75d5f547fdb4a6862b192f06cd,car,0.8947368264198303,13.72,A,0.4073,0.0317,784,61,1925,True
nuscenes_mini,64134c75d5f547fdb4a6862b192f06cd,car,0.8439024686813354,39.56,C,0.0459,0.0,121,0,2637,False
nuscenes_mini,64134c75d5f547fdb4a6862b192f06cd,car,0.9139785170555115,19.41,B,0.2081,0.0094,556,25,2672,True
nuscenes_mini,64134c75d5f547fdb4a6862b192f06cd,car,0.8709677457809448,41.22,C,0.0,0.0,0,0,2025,False
nuscenes_mini,64134c75d5f547fdb4a6862b192f06cd,bus,0.5508772134780884,38.65,C,0.0617,0.0,216,0,3500,False
nuscenes_mini,64134c75d5f547fdb4a6862b192f06cd,car,0.8672199249267578,26.28,B,0.0552,0.0021,182,7,3300,False
nuscenes_mini,64134c75d5f547fdb4a6862b192f06cd,car,0.7887788414955139,16.07,B,0.2311,0.0168,427,31,1848,True
nuscenes_mini,c69f16f8568a4479ab2f200c802309d9,car,0.8865247964859009,23.17,B,0.0499,0.0084,71,12,1424,False
nuscenes_mini,c69f16f8568a4479ab2f200c802309d9,car,0.8709677457809448,33.58,C,0.0862,0.0043,263,13,3050,False
nuscenes_mini,c69f16f8568a4479ab2f200c802309d9,car,0.921951174736023,33.27,C,0.1178,0.0072,229,14,1944,True
nuscenes_mini,c69f16f8568a4479ab2f200c802309d9,car,0.9024390578269958,17.74,B,0.1747,0.0044,236,6,1351,True
nuscenes_mini,c69f16f8568a4479ab2f200c802309d9,car,0.827957034111023,29.58,B,0.0514,0.0066,86,11,1673,False
nuscenes_mini,c69f16f8568a4479ab2f200c802309d9,car,0.7344398498535156,48.23,C,0.0019,0.0005,4,1,2149,False
nuscenes_mini,c69f16f8568a4479ab2f200c802309d9,car,0.8476190567016602,36.05,C,0.0912,0.0027,233,7,2556,False
nuscenes_mini,c69f16f8568a4479ab2f200c802309d9,car,0.8904109597206116,15.23,B,0.1644,0.0247,359,54,2184,True
nuscenes_mini,c69f16f8568a4479ab2f200c802309d9,car,0.7815700173377991,41.37,C,0.0088,0.0008,84,8,9503,False
nuscenes_mini,a401b5ee030547ab8678a563f13b4731,car,0.8827838897705078,25.66,B,0.0171,0.0,31,0,1818,False
nuscenes_mini,a401b5ee030547ab8678a563f13b4731,car,0.921951174736023,22.38,B,0.214,0.0101,361,17,1687,True
nuscenes_mini,a401b5ee030547ab8678a563f13b4731,car,0.6878048777580261,18.39,B,0.1549,0.0097,350,22,2259,True
nuscenes_mini,a401b5ee030547ab8678a563f13b4731,car,0.719298243522644,39.82,C,0.0231,0.0,19,0,822,False
nuscenes_mini,a401b5ee030547ab8678a563f13b4731,car,0.8787879347801208,24.03,B,0.0406,0.0125,62,19,1526,False
nuscenes_mini,a401b5ee030547ab8678a563f13b4731,car,0.518796980381012,38.78,C,0.0,0.0,0,0,1032,False
nuscenes_mini,a401b5ee030547ab8678a563f13b4731,car,0.7344398498535156,46.62,C,0.0484,0.0005,179,2,3696,False
nuscenes_mini,a401b5ee030547ab8678a563f13b4731,car,0.6831682920455933,13.64,A,0.2909,0.0272,556,52,1911,True
nuscenes_mini,cc0342fe162348dc9445493aab4b463e,car,0.8518518805503845,25.28,B,0.0317,0.0,63,0,1989,False
nuscenes_mini,cc0342fe162348dc9445493aab4b463e,car,0.7299578189849854,14.48,A,0.2521,0.0302,476,57,1888,True
nuscenes_mini,cc0342fe162348dc9445493aab4b463e,construction_vehicle,0.7142857313156128,17.89,B,0.352,0.012,1119,38,3179,True
nuscenes_mini,cc0342fe162348dc9445493aab4b463e,car,0.7419355511665344,52.52,C,0.0058,0.0029,2,1,342,False
nuscenes_mini,cc0342fe162348dc9445493aab4b463e,car,0.8324607610702515,34.26,C,0.0201,0.0043,37,8,1845,False
nuscenes_mini,cc0342fe162348dc9445493aab4b463e,car,0.6952381134033203,16.5,B,0.0862,0.0051,84,5,975,False
nuscenes_mini,6a9eb66eaac44de69c19d24b9d76e598,car,0.9024390578269958,22.53,B,0.1317,0.0131,141,14,1071,True
nuscenes_mini,6a9eb66eaac44de69c19d24b9d76e598,car,0.7620818018913269,37.05,C,0.0097,0.0,14,0,1448,False
nuscenes_mini,6a9eb66eaac44de69c19d24b9d76e598,pedestrian,1.0,14.34,A,0.0833,0.0,1,0,12,False
nuscenes_mini,6a9eb66eaac44de69c19d24b9d76e598,construction_vehicle,0.8083832263946533,13.24,A,0.4763,0.0244,2322,119,4875,True
nuscenes_mini,6a9eb66eaac44de69c19d24b9d76e598,car,0.6097560524940491,24.58,B,0.0771,0.0025,92,3,1194,False
nuscenes_mini,6a9eb66eaac44de69c19d24b9d76e598,car,0.675126850605011,47.42,C,0.0317,0.0053,42,7,1323,False
nuscenes_mini,6a9eb66eaac44de69c19d24b9d76e598,car,0.8947368264198303,15.72,B,0.1962,0.0214,459,50,2340,True
nuscenes_mini,6a9eb66eaac44de69c19d24b9d76e598,car,0.9024390578269958,17.91,B,0.1716,0.0148,442,38,2576,True
nuscenes_mini,ee9b3f38dadd40588f43ba590c4751b9,car,0.8709677457809448,22.11,B,0.1584,0.0098,242,15,1528,True
nuscenes_mini,ee9b3f38dadd40588f43ba590c4751b9,car,0.5395683646202087,41.04,C,0.0041,0.0,7,0,1696,False
nuscenes_mini,ee9b3f38dadd40588f43ba590c4751b9,car,0.7815700173377991,22.51,B,0.2094,0.0043,392,8,1872,True
nuscenes_mini,ee9b3f38dadd40588f43ba590c4751b9,car,0.8518518805503845,25.51,B,0.0833,0.0073,228,20,2736,False
nuscenes_mini,ee9b3f38dadd40588f43ba590c4751b9,car,0.5936508178710938,9.33,A,0.6308,0.0615,1355,132,2148,True
nuscenes_mini,e6b0b282aa174a978272dc2d0a89d560,pedestrian,1.0,27.32,B,0.0864,0.0247,7,2,81,False
nuscenes_mini,e6b0b282aa174a978272dc2d0a89d560,pedestrian,1.0,15.49,B,0.2125,0.1125,17,9,80,True
nuscenes_mini,e6b0b282aa174a978272dc2d0a89d560,pedestrian,1.0,38.98,C,0.0,0.0,0,0,28,False
nuscenes_mini,e6b0b282aa174a978272dc2d0a89d560,pedestrian,1.0,39.17,C,0.0,0.0625,0,2,32,False
nuscenes_mini,e6b0b282aa174a978272dc2d0a89d560,pedestrian,1.0,39.98,C,0.0952,0.0,6,0,63,False
nuscenes_mini,e6b0b282aa174a978272dc2d0a89d560,car,0.6952381134033203,31.27,C,0.1107,0.0,93,0,840,True
nuscenes_mini,e6b0b282aa174a978272dc2d0a89d560,car,0.9452055096626282,8.47,A,0.2243,0.0463,305,63,1360,True
nuscenes_mini,e6b0b282aa174a978272dc2d0a89d560,truck,0.9024390578269958,33.55,C,0.0602,0.0009,647,10,10754,False
nuscenes_mini,e6b0b282aa174a978272dc2d0a89d560,truck,0.7620818018913269,26.94,B,0.1022,0.0024,334,8,3267,True
nuscenes_mini,e6b0b282aa174a978272dc2d0a89d560,pedestrian,1.0,15.65,B,0.5417,0.0,26,0,48,True
nuscenes_mini,e6b0b282aa174a978272dc2d0a89d560,pedestrian,1.0,55.63,C,0.0,0.0,0,0,32,False
nuscenes_mini,e6b0b282aa174a978272dc2d0a89d560,bicycle,0.5038759708404541,12.19,A,0.4568,0.0617,74,10,162,True
nuscenes_mini,e6b0b282aa174a978272dc2d0a89d560,pedestrian,1.0,25.56,B,0.2031,0.0469,13,3,64,True
nuscenes_mini,e6b0b282aa174a978272dc2d0a89d560,pedestrian,1.0,27.94,B,0.1481,0.0185,8,1,54,True
nuscenes_mini,e6b0b282aa174a978272dc2d0a89d560,pedestrian,1.0,28.97,B,0.2037,0.0556,11,3,54,True
nuscenes_mini,e6b0b282aa174a978272dc2d0a89d560,pedestrian,1.0,34.04,C,0.1875,0.0,6,0,32,True
nuscenes_mini,e6b0b282aa174a978272dc2d0a89d560,pedestrian,1.0,10.48,A,0.4286,0.125,24,7,56,True
nuscenes_mini,e6b0b282aa174a978272dc2d0a89d560,pedestrian,1.0,50.34,C,0.0333,0.0333,1,1,30,False
nuscenes_mini,e6b0b282aa174a978272dc2d0a89d560,pedestrian,1.0,38.52,C,0.2917,0.0417,7,1,24,True
nuscenes_mini,e6b0b282aa174a978272dc2d0a89d560,pedestrian,1.0,10.17,A,0.3714,0.0857,13,3,35,True
nuscenes_mini,e6b0b282aa174a978272dc2d0a89d560,pedestrian,1.0,22.35,B,0.1944,0.0417,14,3,72,True
nuscenes_mini,e6b0b282aa174a978272dc2d0a89d560,pedestrian,1.0,25.73,B,0.0833,0.0625,4,3,48,False
nuscenes_mini,e6b0b282aa174a978272dc2d0a89d560,pedestrian,1.0,41.82,C,0.2,0.0,4,0,20,True
nuscenes_mini,e6b0b282aa174a978272dc2d0a89d560,pedestrian,1.0,42.14,C,0.1389,0.0278,5,1,36,True
nuscenes_mini,e6b0b282aa174a978272dc2d0a89d560,pedestrian,1.0,26.95,B,0.1071,0.0357,6,2,56,True
nuscenes_mini,e6b0b282aa174a978272dc2d0a89d560,pedestrian,1.0,39.37,C,0.2143,0.0357,6,1,28,True
nuscenes_mini,e6b0b282aa174a978272dc2d0a89d560,pedestrian,1.0,22.73,B,0.1562,0.0312,10,2,64,True
nuscenes_mini,e6b0b282aa174a978272dc2d0a89d560,pedestrian,1.0,24.08,B,0.2083,0.0694,15,5,72,True
nuscenes_mini,e6b0b282aa174a978272dc2d0a89d560,pedestrian,1.0,18.63,B,0.2857,0.0536,16,3,56,True
nuscenes_mini,e6b0b282aa174a978272dc2d0a89d560,pedestrian,1.0,35.06,C,0.0635,0.0,4,0,63,False
nuscenes_mini,e6b0b282aa174a978272dc2d0a89d560,pedestrian,1.0,19.65,B,0.2143,0.0714,9,3,42,True
nuscenes_mini,e6b0b282aa174a978272dc2d0a89d560,pedestrian,1.0,10.19,A,0.5625,0.1042,27,5,48,True
nuscenes_mini,e6b0b282aa174a978272dc2d0a89d560,car,0.8128654956817627,11.52,A,0.1995,0.0305,439,67,2200,True
nuscenes_mini,e6b0b282aa174a978272dc2d0a89d560,pedestrian,1.0,32.74,C,0.0893,0.0536,5,3,56,False
nuscenes_mini,e6b0b282aa174a978272dc2d0a89d560,pedestrian,1.0,22.68,B,0.0893,0.0357,5,2,56,False
nuscenes_mini,e6b0b282aa174a978272dc2d0a89d560,pedestrian,1.0,43.65,C,0.0,0.0,0,0,21,False
nuscenes_mini,e6b0b282aa174a978272dc2d0a89d560,pedestrian,1.0,37.08,C,0.2143,0.0714,6,2,28,True
nuscenes_mini,e6b0b282aa174a978272dc2d0a89d560,pedestrian,1.0,16.5,B,0.1778,0.1111,8,5,45,True
nuscenes_mini,e6b0b282aa174a978272dc2d0a89d560,bicycle,0.5586206912994385,14.59,A,0.3,0.0,39,0,130,True
nuscenes_mini,f77ef1c17cbf432587d705c88ce76b3b,pedestrian,1.0,39.15,C,0.0,0.0,0,0,30,False
nuscenes_mini,f77ef1c17cbf432587d705c88ce76b3b,pedestrian,1.0,27.5,B,0.1528,0.0417,11,3,72,True
nuscenes_mini,f77ef1c17cbf432587d705c88ce76b3b,pedestrian,1.0,38.25,C,0.1,0.0333,3,1,30,False
nuscenes_mini,f77ef1c17cbf432587d705c88ce76b3b,pedestrian,1.0,38.87,C,0.0,0.0,0,0,25,False
nuscenes_mini,f77ef1c17cbf432587d705c88ce76b3b,pedestrian,1.0,15.81,B,0.1875,0.0625,18,6,96,True
nuscenes_mini,f77ef1c17cbf432587d705c88ce76b3b,pedestrian,1.0,11.49,A,0.5185,0.1235,42,10,81,True
nuscenes_mini,f77ef1c17cbf432587d705c88ce76b3b,pedestrian,1.0,39.13,C,0.0,0.0833,0,2,24,False
nuscenes_mini,f77ef1c17cbf432587d705c88ce76b3b,pedestrian,1.0,39.44,C,0.0714,0.0179,4,1,56,False
nuscenes_mini,f77ef1c17cbf432587d705c88ce76b3b,car,0.9452055096626282,8.9,A,0.2232,0.0433,325,63,1456,True
nuscenes_mini,f77ef1c17cbf432587d705c88ce76b3b,bicycle,0.6246334314346313,36.21,C,0.0833,0.0215,31,8,372,False
nuscenes_mini,f77ef1c17cbf432587d705c88ce76b3b,truck,0.5428571701049805,26.71,B,0.1019,0.0045,343,15,3366,True
nuscenes_mini,f77ef1c17cbf432587d705c88ce76b3b,truck,0.9064327478408813,32.61,C,0.0826,0.0023,539,15,6528,False
nuscenes_mini,f77ef1c17cbf432587d705c88ce76b3b,pedestrian,1.0,11.51,A,0.5185,0.1235,42,10,81,True
nuscenes_mini,f77ef1c17cbf432587d705c88ce76b3b,car,0.8400000333786011,34.38,C,0.0587,0.006,108,11,1840,False
nuscenes_mini,f77ef1c17cbf432587d705c88ce76b3b,pedestrian,1.0,39.61,C,0.0889,0.0444,4,2,45,False
nuscenes_mini,f77ef1c17cbf432587d705c88ce76b3b,pedestrian,1.0,26.24,B,0.1458,0.0833,7,4,48,True
nuscenes_mini,f77ef1c17cbf432587d705c88ce76b3b,pedestrian,1.0,39.42,C,0.1,0.025,4,1,40,False
nuscenes_mini,f77ef1c17cbf432587d705c88ce76b3b,pedestrian,1.0,38.17,C,0.119,0.0952,5,4,42,True
nuscenes_mini,f77ef1c17cbf432587d705c88ce76b3b,pedestrian,1.0,27.49,B,0.0833,0.0833,2,2,24,False
nuscenes_mini,f77ef1c17cbf432587d705c88ce76b3b,car,0.9375000596046448,4.36,A,0.2278,0.0461,277,56,1216,True
nuscenes_mini,f77ef1c17cbf432587d705c88ce76b3b,pedestrian,1.0,9.62,A,0.5625,0.0781,36,5,64,True
nuscenes_mini,f77ef1c17cbf432587d705c88ce76b3b,car,0.8083832263946533,10.64,A,0.2069,0.0403,447,87,2160,True
nuscenes_mini,f77ef1c17cbf432587d705c88ce76b3b,pedestrian,1.0,23.25,B,0.2099,0.0247,17,2,81,True
nuscenes_mini,f77ef1c17cbf432587d705c88ce76b3b,pedestrian,1.0,36.6,C,0.1458,0.0625,7,3,48,True
nuscenes_mini,f77ef1c17cbf432587d705c88ce76b3b,pedestrian,1.0,43.03,C,0.0833,0.0417,2,1,24,False
nuscenes_mini,f77ef1c17cbf432587d705c88ce76b3b,pedestrian,1.0,32.44,C,0.1875,0.0,6,0,32,True
nuscenes_mini,f77ef1c17cbf432587d705c88ce76b3b,pedestrian,1.0,16.55,B,0.0938,0.0781,6,5,64,False
nuscenes_mini,f77ef1c17cbf432587d705c88ce76b3b,bicycle,0.6097560524940491,15.11,B,0.448,0.0,56,0,125,True
nuscenes_mini,77fc24547ab34182a945eecb825b6576,pedestrian,1.0,38.94,C,0.0,0.0,0,0,49,False
nuscenes_mini,77fc24547ab34182a945eecb825b6576,pedestrian,1.0,27.89,B,0.125,0.0417,9,3,72,True
nuscenes_mini,77fc24547ab34182a945eecb825b6576,pedestrian,1.0,38.82,C,0.0,0.0,0,0,25,False
nuscenes_mini,77fc24547ab34182a945eecb825b6576,pedestrian,1.0,38.97,C,0.1111,0.0278,8,2,72,True
nuscenes_mini,77fc24547ab34182a945eecb825b6576,pedestrian,1.0,16.14,B,0.2639,0.0833,19,6,72,True
nuscenes_mini,77fc24547ab34182a945eecb825b6576,pedestrian,1.0,14.69,A,0.25,0.0714,14,4,56,True
nuscenes_mini,77fc24547ab34182a945eecb825b6576,pedestrian,1.0,37.68,C,0.1071,0.0536,6,3,56,True
nuscenes_mini,77fc24547ab34182a945eecb825b6576,pedestrian,1.0,8.51,A,0.7656,0.125,49,8,64,True
nuscenes_mini,77fc24547ab34182a945eecb825b6576,pedestrian,1.0,43.69,C,0.0,0.0,0,0,40,False
nuscenes_mini,77fc24547ab34182a945eecb825b6576,pedestrian,1.0,39.07,C,0.0,0.0417,0,1,24,False
nuscenes_mini,77fc24547ab34182a945eecb825b6576,pedestrian,1.0,36.36,C,0.1571,0.0429,11,3,70,True
nuscenes_mini,77fc24547ab34182a945eecb825b6576,car,0.9298245906829834,9.56,A,0.2364,0.0326,399,55,1688,True
nuscenes_mini,77fc24547ab34182a945eecb825b6576,truck,0.597484290599823,25.72,B,0.0529,0.0064,91,11,1720,False
nuscenes_mini,77fc24547ab34182a945eecb825b6576,truck,0.9101123809814453,31.74,C,0.0601,0.0056,492,46,8192,False
nuscenes_mini,77fc24547ab34182a945eecb825b6576,pedestrian,1.0,10.94,A,0.4074,0.1358,33,11,81,True
nuscenes_mini,77fc24547ab34182a945eecb825b6576,pedestrian,1.0,17.62,B,0.1607,0.0357,9,2,56,True
nuscenes_mini,77fc24547ab34182a945eecb825b6576,pedestrian,1.0,15.01,B,0.2143,0.0357,6,1,28,True
nuscenes_mini,77fc24547ab34182a945eecb825b6576,car,0.7344398498535156,34.58,C,0.1184,0.0044,160,6,1351,True
nuscenes_mini,77fc24547ab34182a945eecb825b6576,pedestrian,1.0,17.93,B,0.2083,0.0208,10,1,48,True
nuscenes_mini,77fc24547ab34182a945eecb825b6576,pedestrian,1.0,10.12,A,0.3542,0.2083,17,10,48,True
nuscenes_mini,77fc24547ab34182a945eecb825b6576,pedestrian,1.0,38.97,C,0.1125,0.0375,9,3,80,True
nuscenes_mini,77fc24547ab34182a945eecb825b6576,pedestrian,1.0,19.5,B,0.125,0.075,5,3,40,True
nuscenes_mini,77fc24547ab34182a945eecb825b6576,pedestrian,1.0,17.84,B,0.1944,0.0278,14,2,72,True
nuscenes_mini,77fc24547ab34182a945eecb825b6576,pedestrian,1.0,37.61,C,0.1667,0.0625,8,3,48,True
nuscenes_mini,77fc24547ab34182a945eecb825b6576,pedestrian,1.0,10.07,A,0.7292,0.0417,35,2,48,True
nuscenes_mini,77fc24547ab34182a945eecb825b6576,pedestrian,1.0,18.5,B,0.0625,0.0208,3,1,48,False
nuscenes_mini,77fc24547ab34182a945eecb825b6576,car,0.9569892287254333,6.28,A,0.4091,0.0567,880,122,2151,True
nuscenes_mini,77fc24547ab34182a945eecb825b6576,car,0.5936508178710938,28.88,B,0.0091,0.0,11,0,1215,False
nuscenes_mini,77fc24547ab34182a945eecb825b6576,pedestrian,1.0,9.1,A,0.3333,0.2593,9,7,27,True
nuscenes_mini,77fc24547ab34182a945eecb825b6576,car,0.8202247023582458,10.28,A,0.1984,0.0335,550,93,2772,True
nuscenes_mini,77fc24547ab34182a945eecb825b6576,pedestrian,1.0,23.89,B,0.1481,0.0,12,0,81,True
nuscenes_mini,77fc24547ab34182a945eecb825b6576,pedestrian,1.0,36.03,C,0.0972,0.0139,7,1,72,False
nuscenes_mini,77fc24547ab34182a945eecb825b6576,pedestrian,1.0,42.29,C,0.0833,0.0417,2,1,24,False
nuscenes_mini,77fc24547ab34182a945eecb825b6576,pedestrian,1.0,16.58,B,0.0938,0.0469,6,3,64,False
nuscenes_mini,77fc24547ab34182a945eecb825b6576,bicycle,0.6167664527893066,15.96,B,0.312,0.0146,107,5,343,True
nuscenes_mini,648fe1aeca944fb793b334cb6ee01854,pedestrian,1.0,38.38,C,0.1143,0.0286,4,1,35,True
nuscenes_mini,648fe1aeca944fb793b334cb6ee01854,pedestrian,1.0,38.32,C,0.0617,0.0,5,0,81,False
nuscenes_mini,648fe1aeca944fb793b334cb6ee01854,pedestrian,1.0,36.9,C,0.125,0.0,3,0,24,True
nuscenes_mini,648fe1aeca944fb793b334cb6ee01854,pedestrian,1.0,36.72,C,0.2381,0.0476,10,2,42,True
nuscenes_mini,648fe1aeca944fb793b334cb6ee01854,pedestrian,1.0,16.04,B,0.3214,0.0536,18,3,56,True
nuscenes_mini,648fe1aeca944fb793b334cb6ee01854,pedestrian,1.0,38.5,C,0.1806,0.0278,13,2,72,True
nuscenes_mini,648fe1aeca944fb793b334cb6ee01854,pedestrian,1.0,10.44,A,0.6111,0.0333,55,3,90,True
nuscenes_mini,648fe1aeca944fb793b334cb6ee01854,pedestrian,1.0,43.14,C,0.0,0.0185,0,1,54,False
nuscenes_mini,648fe1aeca944fb793b334cb6ee01854,pedestrian,1.0,28.03,B,0.1389,0.0417,10,3,72,True
nuscenes_mini,648fe1aeca944fb793b334cb6ee01854,pedestrian,1.0,25.45,B,0.2333,0.0444,21,4,90,True
nuscenes_mini,648fe1aeca944fb793b334cb6ee01854,pedestrian,1.0,28.08,B,0.1429,0.0357,8,2,56,True
nuscenes_mini,648fe1aeca944fb793b334cb6ee01854,pedestrian,1.0,40.71,C,0.025,0.025,1,1,40,False
nuscenes_mini,648fe1aeca944fb793b334cb6ee01854,car,0.5428571701049805,25.18,B,0.0744,0.0044,153,9,2057,False
nuscenes_mini,648fe1aeca944fb793b334cb6ee01854,car,0.8241757750511169,33.25,C,0.1102,0.0061,108,6,980,True
nuscenes_mini,648fe1aeca944fb793b334cb6ee01854,car,0.9532163739204407,9.79,A,0.2281,0.0338,365,54,1600,True
nuscenes_mini,648fe1aeca944fb793b334cb6ee01854,truck,0.9101123809814453,31.42,C,0.0576,0.0059,400,41,6944,False
nuscenes_mini,648fe1aeca944fb793b334cb6ee01854,pedestrian,1.0,14.01,A,0.4375,0.0156,28,1,64,True
nuscenes_mini,648fe1aeca944fb793b334cb6ee01854,pedestrian,1.0,10.77,A,0.5,0.0208,24,1,48,True
nuscenes_mini,648fe1aeca944fb793b334cb6ee01854,car,0.6878048777580261,32.64,C,0.1679,0.0074,137,6,816,True
nuscenes_mini,648fe1aeca944fb793b334cb6ee01854,pedestrian,1.0,23.59,B,0.25,0.075,10,3,40,True
nuscenes_mini,648fe1aeca944fb793b334cb6ee01854,pedestrian,1.0,9.95,A,0.725,0.1,29,4,40,True
nuscenes_mini,648fe1aeca944fb793b334cb6ee01854,pedestrian,1.0,9.89,A,0.4792,0.1875,23,9,48,True
nuscenes_mini,648fe1aeca944fb793b334cb6ee01854,pedestrian,1.0,48.59,C,0.1143,0.0,4,0,35,True
nuscenes_mini,648fe1aeca944fb793b334cb6ee01854,pedestrian,1.0,44.96,C,0.05,0.025,2,1,40,False
nuscenes_mini,648fe1aeca944fb793b334cb6ee01854,pedestrian,1.0,20.12,B,0.1562,0.0312,5,1,32,True
nuscenes_mini,648fe1aeca944fb793b334cb6ee01854,pedestrian,1.0,23.81,B,0.1071,0.0536,6,3,56,True
nuscenes_mini,648fe1aeca944fb793b334cb6ee01854,pedestrian,1.0,36.83,C,0.2245,0.0408,11,2,49,True
nuscenes_mini,648fe1aeca944fb793b334cb6ee01854,pedestrian,1.0,26.89,B,0.1852,0.0185,10,1,54,True
nuscenes_mini,648fe1aeca944fb793b334cb6ee01854,pedestrian,1.0,49.9,C,0.05,0.1,1,2,20,False
nuscenes_mini,648fe1aeca944fb793b334cb6ee01854,pedestrian,1.0,38.17,C,0.0,0.1111,0,3,27,False
nuscenes_mini,648fe1aeca944fb793b334cb6ee01854,pedestrian,1.0,20.92,B,0.2692,0.0481,28,5,104,True
nuscenes_mini,648fe1aeca944fb793b334cb6ee01854,pedestrian,1.0,17.37,B,0.2188,0.0208,21,2,96,True
nuscenes_mini,648fe1aeca944fb793b334cb6ee01854,car,0.949367105960846,8.09,A,0.3122,0.045,590,85,1890,True
nuscenes_mini,648fe1aeca944fb793b334cb6ee01854,pedestrian,1.0,8.55,A,0.5625,0.1094,36,7,64,True
nuscenes_mini,648fe1aeca944fb793b334cb6ee01854,car,0.7299578189849854,9.9,A,0.2038,0.0421,426,88,2090,True
nuscenes_mini,648fe1aeca944fb793b334cb6ee01854,pedestrian,1.0,35.64,C,0.0781,0.0469,5,3,64,False
nuscenes_mini,648fe1aeca944fb793b334cb6ee01854,pedestrian,1.0,24.52,B,0.2593,0.037,21,3,81,True
nuscenes_mini,648fe1aeca944fb793b334cb6ee01854,pedestrian,1.0,16.63,B,0.1042,0.0833,5,4,48,True
nuscenes_mini,648fe1aeca944fb793b334cb6ee01854,bicycle,0.7064220309257507,15.92,B,0.46,0.02,69,3,150,True
nuscenes_mini,1e0d1b76ea134c7db0592c4510f5e737,pedestrian,1.0,27.96,B,0.1806,0.0417,13,3,72,True
nuscenes_mini,1e0d1b76ea134c7db0592c4510f5e737,pedestrian,1.0,40.13,C,0.125,0.0,7,0,56,True
nuscenes_mini,1e0d1b76ea134c7db0592c4510f5e737,pedestrian,1.0,37.5,C,0.0756,0.0168,9,2,119,False
nuscenes_mini,1e0d1b76ea134c7db0592c4510f5e737,pedestrian,1.0,36.05,C,0.0238,0.0476,1,2,42,False
nuscenes_mini,1e0d1b76ea134c7db0592c4510f5e737,pedestrian,1.0,37.63,C,0.0556,0.0556,1,1,18,False
nuscenes_mini,1e0d1b76ea134c7db0592c4510f5e737,pedestrian,1.0,25.36,B,0.2667,0.0333,24,3,90,True
nuscenes_mini,1e0d1b76ea134c7db0592c4510f5e737,pedestrian,1.0,10.7,A,0.3125,0.0875,25,7,80,True
nuscenes_mini,1e0d1b76ea134c7db0592c4510f5e737,pedestrian,1.0,41.08,C,0.1143,0.0286,4,1,35,True
nuscenes_mini,1e0d1b76ea134c7db0592c4510f5e737,pedestrian,1.0,28.0,B,0.1023,0.0341,9,3,88,True
nuscenes_mini,1e0d1b76ea134c7db0592c4510f5e737,pedestrian,1.0,42.65,C,0.0,0.0,0,0,32,False
nuscenes_mini,1e0d1b76ea134c7db0592c4510f5e737,car,0.7419355511665344,32.54,C,0.1573,0.0097,146,9,928,True
nuscenes_mini,1e0d1b76ea134c7db0592c4510f5e737,car,0.9649122953414917,10.09,A,0.2466,0.0311,436,55,1768,True
nuscenes_mini,1e0d1b76ea134c7db0592c4510f5e737,truck,0.6012461185455322,24.93,B,0.1011,0.0051,218,11,2156,True
nuscenes_mini,1e0d1b76ea134c7db0592c4510f5e737,truck,0.9259259104728699,31.17,C,0.121,0.0066,893,49,7380,True
nuscenes_mini,1e0d1b76ea134c7db0592c4510f5e737,pedestrian,1.0,13.25,A,0.4844,0.0625,31,4,64,True
nuscenes_mini,1e0d1b76ea134c7db0592c4510f5e737,pedestrian,1.0,7.83,A,0.8571,0.1071,48,6,56,True
nuscenes_mini,1e0d1b76ea134c7db0592c4510f5e737,car,0.8202247023582458,33.23,C,0.1544,0.0077,241,12,1561,True
nuscenes_mini,1e0d1b76ea134c7db0592c4510f5e737,car,0.6640419960021973,26.63,B,0.0118,0.0028,21,5,1780,False
nuscenes_mini,1e0d1b76ea134c7db0592c4510f5e737,pedestrian,1.0,30.88,C,0.25,0.0625,8,2,32,True
nuscenes_mini,1e0d1b76ea134c7db0592c4510f5e737,pedestrian,1.0,49.33,C,0.025,0.025,1,1,40,False
nuscenes_mini,1e0d1b76ea134c7db0592c4510f5e737,pedestrian,1.0,9.63,A,0.8125,0.125,39,6,48,True
nuscenes_mini,1e0d1b76ea134c7db0592c4510f5e737,pedestrian,1.0,35.92,C,0.075,0.05,3,2,40,False
nuscenes_mini,1e0d1b76ea134c7db0592c4510f5e737,pedestrian,1.0,9.66,A,0.6667,0.1556,30,7,45,True
nuscenes_mini,1e0d1b76ea134c7db0592c4510f5e737,pedestrian,1.0,23.92,B,0.1607,0.0357,9,2,56,True
nuscenes_mini,1e0d1b76ea134c7db0592c4510f5e737,pedestrian,1.0,27.02,B,0.1875,0.0625,9,3,48,True
nuscenes_mini,1e0d1b76ea134c7db0592c4510f5e737,pedestrian,1.0,31.77,C,0.1944,0.0278,14,2,72,True
nuscenes_mini,1e0d1b76ea134c7db0592c4510f5e737,pedestrian,1.0,20.39,B,0.2639,0.0694,19,5,72,True
nuscenes_mini,1e0d1b76ea134c7db0592c4510f5e737,pedestrian,1.0,47.74,C,0.05,0.0,1,0,20,False
nuscenes_mini,1e0d1b76ea134c7db0592c4510f5e737,pedestrian,1.0,26.95,B,0.1746,0.0317,11,2,63,True
nuscenes_mini,1e0d1b76ea134c7db0592c4510f5e737,pedestrian,1.0,17.07,B,0.0952,0.0,4,0,42,False
nuscenes_mini,1e0d1b76ea134c7db0592c4510f5e737,pedestrian,1.0,23.82,B,0.125,0.0833,6,4,48,True
nuscenes_mini,1e0d1b76ea134c7db0592c4510f5e737,pedestrian,1.0,16.94,B,0.0,0.0375,0,3,80,False
nuscenes_mini,1e0d1b76ea134c7db0592c4510f5e737,pedestrian,1.0,27.72,B,0.1587,0.0476,10,3,63,True
nuscenes_mini,1e0d1b76ea134c7db0592c4510f5e737,car,0.9298245906829834,9.53,A,0.4071,0.0314,596,46,1464,True
nuscenes_mini,1e0d1b76ea134c7db0592c4510f5e737,car,0.5241636037826538,25.8,B,0.0099,0.0025,8,2,812,False
nuscenes_mini,1e0d1b76ea134c7db0592c4510f5e737,pedestrian,1.0,8.28,A,0.6667,0.125,32,6,48,True
nuscenes_mini,1e0d1b76ea134c7db0592c4510f5e737,car,0.7655677795410156,9.83,A,0.2034,0.0344,532,90,2616,True
nuscenes_mini,1e0d1b76ea134c7db0592c4510f5e737,pedestrian,1.0,25.34,B,0.0972,0.0556,7,4,72,False
nuscenes_mini,1e0d1b76ea134c7db0592c4510f5e737,pedestrian,1.0,20.44,B,0.0,0.0625,0,2,32,False
nuscenes_mini,1e0d1b76ea134c7db0592c4510f5e737,pedestrian,1.0,35.13,C,0.0938,0.0938,3,3,32,False
nuscenes_mini,1e0d1b76ea134c7db0592c4510f5e737,pedestrian,1.0,41.36,C,0.0,0.0,0,0,21,False
nuscenes_mini,1e0d1b76ea134c7db0592c4510f5e737,pedestrian,1.0,36.2,C,0.1111,0.0222,5,1,45,True
nuscenes_mini,1e0d1b76ea134c7db0592c4510f5e737,pedestrian,1.0,16.79,B,0.1719,0.0781,11,5,64,True
nuscenes_mini,1e0d1b76ea134c7db0592c4510f5e737,bicycle,0.5151515007019043,15.82,B,0.2029,0.0026,317,4,1562,True
nuscenes_mini,1e0d1b76ea134c7db0592c4510f5e737,bus,0.5586206912994385,45.47,C,0.0329,0.0023,268,19,8151,False
nuscenes_mini,fb61d590dd1143ccb12ea56fbe9d9d07,pedestrian,1.0,27.68,B,0.1111,0.0417,8,3,72,True
nuscenes_mini,fb61d590dd1143ccb12ea56fbe9d9d07,pedestrian,1.0,32.45,C,0.1429,0.0,7,0,49,True
nuscenes_mini,fb61d590dd1143ccb12ea56fbe9d9d07,pedestrian,1.0,27.55,B,0.1528,0.0556,11,4,72,True
nuscenes_mini,fb61d590dd1143ccb12ea56fbe9d9d07,pedestrian,1.0,40.37,C,0.0417,0.0417,2,2,48,False
nuscenes_mini,fb61d590dd1143ccb12ea56fbe9d9d07,pedestrian,1.0,34.78,C,0.0286,0.0571,1,2,35,False
nuscenes_mini,fb61d590dd1143ccb12ea56fbe9d9d07,pedestrian,1.0,37.48,C,0.0306,0.0306,3,3,98,False
nuscenes_mini,fb61d590dd1143ccb12ea56fbe9d9d07,pedestrian,1.0,25.02,B,0.3333,0.0104,32,1,96,True
nuscenes_mini,fb61d590dd1143ccb12ea56fbe9d9d07,car,0.7419355511665344,28.1,B,0.0914,0.0115,119,15,1302,False
nuscenes_mini,fb61d590dd1143ccb12ea56fbe9d9d07,car,0.9298245906829834,10.19,A,0.3363,0.0174,675,35,2007,True
nuscenes_mini,fb61d590dd1143ccb12ea56fbe9d9d07,truck,0.5276752710342407,24.63,B,0.0817,0.0092,187,21,2290,False
nuscenes_mini,fb61d590dd1143ccb12ea56fbe9d9d07,truck,0.9139785170555115,30.95,C,0.0442,0.0061,296,41,6690,False
nuscenes_mini,fb61d590dd1143ccb12ea56fbe9d9d07,pedestrian,1.0,9.69,A,0.5972,0.1944,43,14,72,True
nuscenes_mini,fb61d590dd1143ccb12ea56fbe9d9d07,car,0.8012422323226929,33.09,C,0.132,0.0058,206,9,1561,True
nuscenes_mini,fb61d590dd1143ccb12ea56fbe9d9d07,car,0.6097560524940491,23.98,B,0.1252,0.0042,358,12,2860,True
nuscenes_mini,fb61d590dd1143ccb12ea56fbe9d9d07,car,0.6363636255264282,40.15,C,0.0035,0.0,3,0,850,False
nuscenes_mini,fb61d590dd1143ccb12ea56fbe9d9d07,pedestrian,1.0,30.82,C,0.125,0.0938,4,3,32,True
nuscenes_mini,fb61d590dd1143ccb12ea56fbe9d9d07,pedestrian,1.0,27.24,B,0.1111,0.0476,7,3,63,True
nuscenes_mini,fb61d590dd1143ccb12ea56fbe9d9d07,pedestrian,1.0,9.66,A,0.5417,0.2083,26,10,48,True
nuscenes_mini,fb61d590dd1143ccb12ea56fbe9d9d07,pedestrian,1.0,34.74,C,0.0476,0.0476,2,2,42,False
nuscenes_mini,fb61d590dd1143ccb12ea56fbe9d9d07,pedestrian,1.0,9.56,A,0.5536,0.25,31,14,56,True
nuscenes_mini,fb61d590dd1143ccb12ea56fbe9d9d07,pedestrian,1.0,23.85,B,0.1071,0.0536,6,3,56,True
nuscenes_mini,fb61d590dd1143ccb12ea56fbe9d9d07,pedestrian,1.0,45.43,C,0.0833,0.0556,3,2,36,False
nuscenes_mini,fb61d590dd1143ccb12ea56fbe9d9d07,pedestrian,1.0,31.48,C,0.1481,0.037,4,1,27,True
nuscenes_mini,fb61d590dd1143ccb12ea56fbe9d9d07,pedestrian,1.0,19.38,B,0.2063,0.0635,13,4,63,True
nuscenes_mini,fb61d590dd1143ccb12ea56fbe9d9d07,pedestrian,1.0,23.93,B,0.1964,0.0179,11,1,56,True
nuscenes_mini,fb61d590dd1143ccb12ea56fbe9d9d07,pedestrian,1.0,16.61,B,0.2,0.0167,12,1,60,True
nuscenes_mini,fb61d590dd1143ccb12ea56fbe9d9d07,pedestrian,1.0,27.1,B,0.1667,0.0741,9,4,54,True
nuscenes_mini,fb61d590dd1143ccb12ea56fbe9d9d07,pedestrian,1.0,48.8,C,0.025,0.025,1,1,40,False
nuscenes_mini,fb61d590dd1143ccb12ea56fbe9d9d07,pedestrian,1.0,16.31,B,0.0833,0.0208,4,1,48,False
nuscenes_mini,fb61d590dd1143ccb12ea56fbe9d9d07,car,0.5114504098892212,23.73,B,0.0692,0.0038,109,6,1575,False
nuscenes_mini,fb61d590dd1143ccb12ea56fbe9d9d07,car,0.9024390578269958,10.91,A,0.4092,0.025,622,38,1520,True
nuscenes_mini,fb61d590dd1143ccb12ea56fbe9d9d07,pedestrian,1.0,8.39,A,0.6125,0.0875,49,7,80,True
nuscenes_mini,fb61d590dd1143ccb12ea56fbe9d9d07,car,0.7928802371025085,10.09,A,0.1651,0.0327,414,82,2508,True
nuscenes_mini,fb61d590dd1143ccb12ea56fbe9d9d07,pedestrian,1.0,17.01,B,0.1562,0.0156,10,1,64,True
nuscenes_mini,fb61d590dd1143ccb12ea56fbe9d9d07,pedestrian,1.0,34.81,C,0.0536,0.0179,3,1,56,False
nuscenes_mini,fb61d590dd1143ccb12ea56fbe9d9d07,pedestrian,1.0,9.54,A,0.5179,0.1964,29,11,56,True
nuscenes_mini,fb61d590dd1143ccb12ea56fbe9d9d07,pedestrian,1.0,20.88,B,0.125,0.125,4,4,32,True
nuscenes_mini,fb61d590dd1143ccb12ea56fbe9d9d07,pedestrian,1.0,35.83,C,0.0667,0.0,3,0,45,False
nuscenes_mini,fb61d590dd1143ccb12ea56fbe9d9d07,pedestrian,1.0,26.15,B,0.0278,0.0278,2,2,72,False
nuscenes_mini,fb61d590dd1143ccb12ea56fbe9d9d07,bicycle,0.6800000071525574,17.22,B,0.4,0.019,42,2,105,True
nuscenes_mini,3b594831ff7f4e27a9889c7b7d0d8e92,pedestrian,1.0,36.36,C,0.0833,0.0,4,0,48,False
nuscenes_mini,3b594831ff7f4e27a9889c7b7d0d8e92,pedestrian,1.0,27.22,B,0.0556,0.0556,4,4,72,False
nuscenes_mini,3b594831ff7f4e27a9889c7b7d0d8e92,pedestrian,1.0,26.98,B,0.25,0.0417,18,3,72,True
nuscenes_mini,3b594831ff7f4e27a9889c7b7d0d8e92,pedestrian,1.0,36.55,C,0.0625,0.0,2,0,32,False
nuscenes_mini,3b594831ff7f4e27a9889c7b7d0d8e92,pedestrian,1.0,33.45,C,0.0938,0.0938,3,3,32,False
nuscenes_mini,3b594831ff7f4e27a9889c7b7d0d8e92,pedestrian,1.0,24.42,B,0.3125,0.0268,35,3,112,True
nuscenes_mini,3b594831ff7f4e27a9889c7b7d0d8e92,pedestrian,1.0,35.58,C,0.1154,0.0192,12,2,104,True
nuscenes_mini,3b594831ff7f4e27a9889c7b7d0d8e92,car,0.8128654956817627,26.35,B,0.1331,0.0048,111,4,834,True
nuscenes_mini,3b594831ff7f4e27a9889c7b7d0d8e92,car,0.507692277431488,23.86,B,0.149,0.01,386,26,2590,True
nuscenes_mini,3b594831ff7f4e27a9889c7b7d0d8e92,car,0.921951174736023,9.95,A,0.2417,0.0149,406,25,1680,True
nuscenes_mini,3b594831ff7f4e27a9889c7b7d0d8e92,bicycle,0.5586206912994385,33.22,C,0.101,0.0101,40,4,396,True
nuscenes_mini,3b594831ff7f4e27a9889c7b7d0d8e92,truck,0.8750000596046448,29.52,B,0.0558,0.0101,248,45,4444,False
nuscenes_mini,3b594831ff7f4e27a9889c7b7d0d8e92,pedestrian,1.0,8.77,A,0.5972,0.2222,43,16,72,True
nuscenes_mini,3b594831ff7f4e27a9889c7b7d0d8e92,pedestrian,1.0,11.94,A,0.475,0.15,19,6,40,True
nuscenes_mini,3b594831ff7f4e27a9889c7b7d0d8e92,car,0.5857605338096619,32.95,C,0.0547,0.0,49,0,896,False
nuscenes_mini,3b594831ff7f4e27a9889c7b7d0d8e92,pedestrian,1.0,27.12,B,0.2407,0.0556,13,3,54,True
nuscenes_mini,3b594831ff7f4e27a9889c7b7d0d8e92,pedestrian,1.0,9.01,A,0.7619,0.1429,48,9,63,True
nuscenes_mini,3b594831ff7f4e27a9889c7b7d0d8e92,pedestrian,1.0,35.46,C,0.125,0.0312,4,1,32,True
nuscenes_mini,3b594831ff7f4e27a9889c7b7d0d8e92,pedestrian,1.0,9.38,A,0.5556,0.2222,25,10,45,True
nuscenes_mini,3b594831ff7f4e27a9889c7b7d0d8e92,pedestrian,1.0,23.6,B,0.25,0.0375,20,3,80,True
nuscenes_mini,3b594831ff7f4e27a9889c7b7d0d8e92,pedestrian,1.0,33.44,C,0.0938,0.0938,3,3,32,False
nuscenes_mini,3b594831ff7f4e27a9889c7b7d0d8e92,pedestrian,1.0,27.44,B,0.3333,0.0222,15,1,45,True
nuscenes_mini,3b594831ff7f4e27a9889c7b7d0d8e92,pedestrian,1.0,30.87,C,0.125,0.0625,4,2,32,True
nuscenes_mini,3b594831ff7f4e27a9889c7b7d0d8e92,pedestrian,1.0,31.42,C,0.0889,0.0444,4,2,45,False
nuscenes_mini,3b594831ff7f4e27a9889c7b7d0d8e92,pedestrian,1.0,23.82,B,0.1944,0.0417,14,3,72,True
nuscenes_mini,3b594831ff7f4e27a9889c7b7d0d8e92,pedestrian,1.0,48.39,C,0.0,0.0,0,0,49,False
nuscenes_mini,3b594831ff7f4e27a9889c7b7d0d8e92,pedestrian,1.0,26.94,B,0.1625,0.05,13,4,80,True
nuscenes_mini,3b594831ff7f4e27a9889c7b7d0d8e92,pedestrian,1.0,18.46,B,0.2698,0.0794,17,5,63,True
nuscenes_mini,3b594831ff7f4e27a9889c7b7d0d8e92,car,0.7655677795410156,25.96,B,0.028,0.0044,45,7,1608,False
nuscenes_mini,3b594831ff7f4e27a9889c7b7d0d8e92,car,0.9179486632347107,11.88,A,0.3056,0.0309,445,45,1456,True
nuscenes_mini,3b594831ff7f4e27a9889c7b7d0d8e92,pedestrian,1.0,8.64,A,0.6111,0.1528,44,11,72,True
nuscenes_mini,3b594831ff7f4e27a9889c7b7d0d8e92,car,0.7575758099555969,10.31,A,0.1927,0.0362,426,80,2211,True
nuscenes_mini,3b594831ff7f4e27a9889c7b7d0d8e92,pedestrian,1.0,17.49,B,0.1806,0.0972,13,7,72,True
nuscenes_mini,3b594831ff7f4e27a9889c7b7d0d8e92,pedestrian,1.0,21.43,B,0.0,0.0833,0,2,24,False
nuscenes_mini,3b594831ff7f4e27a9889c7b7d0d8e92,pedestrian,1.0,34.6,C,0.0667,0.0667,3,3,45,False
nuscenes_mini,3b594831ff7f4e27a9889c7b7d0d8e92,pedestrian,1.0,9.05,A,0.625,0.25,5,2,8,True
nuscenes_mini,3b594831ff7f4e27a9889c7b7d0d8e92,pedestrian,1.0,9.21,A,0.7188,0.1719,46,11,64,True
nuscenes_mini,3b594831ff7f4e27a9889c7b7d0d8e92,pedestrian,1.0,9.49,A,0.6042,0.1458,29,7,48,True
nuscenes_mini,3b594831ff7f4e27a9889c7b7d0d8e92,pedestrian,1.0,35.85,C,0.0417,0.0833,2,4,48,False
nuscenes_mini,3b594831ff7f4e27a9889c7b7d0d8e92,pedestrian,1.0,27.02,B,0.075,0.05,3,2,40,False
nuscenes_mini,3b594831ff7f4e27a9889c7b7d0d8e92,bicycle,0.719298243522644,17.26,B,0.3769,0.0154,49,2,130,True
nuscenes_mini,8178cfbc864e4cb0b6e35746b32bed9f,pedestrian,1.0,35.16,C,0.0,0.0,0,0,56,False
nuscenes_mini,8178cfbc864e4cb0b6e35746b32bed9f,pedestrian,1.0,23.69,B,0.2812,0.0417,27,4,96,True
nuscenes_mini,8178cfbc864e4cb0b6e35746b32bed9f,pedestrian,1.0,35.25,C,0.0,0.1111,0,3,27,False
nuscenes_mini,8178cfbc864e4cb0b6e35746b32bed9f,pedestrian,1.0,22.42,B,0.25,0.0625,12,3,48,True
nuscenes_mini,8178cfbc864e4cb0b6e35746b32bed9f,pedestrian,1.0,34.45,C,0.0505,0.0101,5,1,99,False
nuscenes_mini,8178cfbc864e4cb0b6e35746b32bed9f,pedestrian,1.0,26.44,B,0.2292,0.0417,11,2,48,True
nuscenes_mini,8178cfbc864e4cb0b6e35746b32bed9f,pedestrian,1.0,26.17,B,0.1875,0.0833,9,4,48,True
nuscenes_mini,8178cfbc864e4cb0b6e35746b32bed9f,pedestrian,1.0,22.55,B,0.225,0.05,9,2,40,True
nuscenes_mini,8178cfbc864e4cb0b6e35746b32bed9f,pedestrian,1.0,31.81,C,0.1562,0.0312,5,1,32,True
nuscenes_mini,8178cfbc864e4cb0b6e35746b32bed9f,car,0.9064327478408813,9.56,A,0.1479,0.031,205,43,1386,True
nuscenes_mini,8178cfbc864e4cb0b6e35746b32bed9f,car,0.5586206912994385,22.46,B,0.1538,0.0105,323,22,2100,True
nuscenes_mini,8178cfbc864e4cb0b6e35746b32bed9f,bicycle,0.7387754917144775,31.27,C,0.2174,0.0543,20,5,92,True
nuscenes_mini,8178cfbc864e4cb0b6e35746b32bed9f,truck,0.7460317611694336,28.83,B,0.0822,0.0084,314,32,3822,False
nuscenes_mini,8178cfbc864e4cb0b6e35746b32bed9f,pedestrian,1.0,7.72,A,0.6389,0.2778,46,20,72,True
nuscenes_mini,8178cfbc864e4cb0b6e35746b32bed9f,pedestrian,1.0,11.48,A,0.5714,0.1607,32,9,56,True
nuscenes_mini,8178cfbc864e4cb0b6e35746b32bed9f,car,0.5038759708404541,22.91,B,0.1751,0.0118,520,35,2970,True
nuscenes_mini,8178cfbc864e4cb0b6e35746b32bed9f,car,0.7620818018913269,29.96,B,0.0288,0.0048,30,5,1040,False
nuscenes_mini,8178cfbc864e4cb0b6e35746b32bed9f,truck,0.6800000071525574,28.63,B,0.088,0.0111,111,14,1261,False
nuscenes_mini,8178cfbc864e4cb0b6e35746b32bed9f,pedestrian,1.0,25.25,B,0.0741,0.037,4,2,54,False
nuscenes_mini,8178cfbc864e4cb0b6e35746b32bed9f,pedestrian,1.0,34.22,C,0.1746,0.0159,11,1,63,True
nuscenes_mini,8178cfbc864e4cb0b6e35746b32bed9f,pedestrian,1.0,17.71,B,0.1607,0.0893,9,5,56,True
nuscenes_mini,8178cfbc864e4cb0b6e35746b32bed9f,pedestrian,1.0,26.71,B,0.1111,0.0556,6,3,54,True
nuscenes_mini,8178cfbc864e4cb0b6e35746b32bed9f,pedestrian,1.0,15.24,B,0.275,0.025,11,1,40,True
nuscenes_mini,8178cfbc864e4cb0b6e35746b32bed9f,pedestrian,1.0,31.39,C,0.1667,0.0556,6,2,36,True
nuscenes_mini,8178cfbc864e4cb0b6e35746b32bed9f,pedestrian,1.0,30.53,C,0.1667,0.0,6,0,36,True
nuscenes_mini,8178cfbc864e4cb0b6e35746b32bed9f,pedestrian,1.0,26.5,B,0.2,0.05,8,2,40,True
nuscenes_mini,8178cfbc864e4cb0b6e35746b32bed9f,pedestrian,1.0,8.93,A,0.4667,0.2667,21,12,45,True
nuscenes_mini,8178cfbc864e4cb0b6e35746b32bed9f,pedestrian,1.0,31.86,C,0.2,0.05,8,2,40,True
nuscenes_mini,8178cfbc864e4cb0b6e35746b32bed9f,pedestrian,1.0,42.17,C,0.0179,0.0179,1,1,56,False
nuscenes_mini,8178cfbc864e4cb0b6e35746b32bed9f,pedestrian,1.0,40.5,C,0.175,0.025,7,1,40,True
nuscenes_mini,8178cfbc864e4cb0b6e35746b32bed9f,pedestrian,1.0,27.07,B,0.2,0.025,8,1,40,True
nuscenes_mini,8178cfbc864e4cb0b6e35746b32bed9f,pedestrian,1.0,35.7,C,0.2222,0.0159,14,1,63,True
nuscenes_mini,8178cfbc864e4cb0b6e35746b32bed9f,pedestrian,1.0,23.27,B,0.1806,0.0417,13,3,72,True
nuscenes_mini,8178cfbc864e4cb0b6e35746b32bed9f,pedestrian,1.0,23.36,B,0.2614,0.0341,23,3,88,True
nuscenes_mini,8178cfbc864e4cb0b6e35746b32bed9f,car,0.7655677795410156,25.82,B,0.043,0.0012,70,2,1629,False
nuscenes_mini,8178cfbc864e4cb0b6e35746b32bed9f,car,0.9179486632347107,12.87,A,0.342,0.0298,539,47,1576,True
nuscenes_mini,8178cfbc864e4cb0b6e35746b32bed9f,pedestrian,1.0,9.19,A,0.5417,0.1806,39,13,72,True
nuscenes_mini,8178cfbc864e4cb0b6e35746b32bed9f,car,0.8358974456787109,10.51,A,0.1799,0.034,376,71,2090,True
nuscenes_mini,8178cfbc864e4cb0b6e35746b32bed9f,pedestrian,1.0,17.87,B,0.3519,0.0185,19,1,54,True
nuscenes_mini,8178cfbc864e4cb0b6e35746b32bed9f,pedestrian,1.0,21.25,B,0.1071,0.0,6,0,56,True
nuscenes_mini,8178cfbc864e4cb0b6e35746b32bed9f,pedestrian,1.0,9.14,A,0.55,0.2,22,8,40,True
nuscenes_mini,8178cfbc864e4cb0b6e35746b32bed9f,pedestrian,1.0,34.45,C,0.1042,0.0,5,0,48,True
nuscenes_mini,8178cfbc864e4cb0b6e35746b32bed9f,pedestrian,1.0,8.92,A,0.5625,0.3125,27,15,48,True
nuscenes_mini,8178cfbc864e4cb0b6e35746b32bed9f,pedestrian,1.0,28.5,B,0.0278,0.0556,1,2,36,False
nuscenes_mini,8178cfbc864e4cb0b6e35746b32bed9f,pedestrian,1.0,15.2,B,0.25,0.0357,14,2,56,True
nuscenes_mini,8178cfbc864e4cb0b6e35746b32bed9f,pedestrian,1.0,28.12,B,0.1406,0.0156,9,1,64,True
nuscenes_mini,8178cfbc864e4cb0b6e35746b32bed9f,pedestrian,1.0,35.77,C,0.0556,0.0278,4,2,72,False
nuscenes_mini,8178cfbc864e4cb0b6e35746b32bed9f,car,0.6483516097068787,23.63,B,0.0546,0.0049,45,4,824,False
nuscenes_mini,8178cfbc864e4cb0b6e35746b32bed9f,bicycle,0.5857605338096619,16.54,B,0.381,0.0,40,0,105,True
nuscenes_mini,07c29094cb6144aa889c16c52f762d79,pedestrian,1.0,32.88,C,0.1481,0.0247,12,2,81,True
nuscenes_mini,07c29094cb6144aa889c16c52f762d79,pedestrian,1.0,33.89,C,0.05,0.05,2,2,40,False
nuscenes_mini,07c29094cb6144aa889c16c52f762d79,pedestrian,1.0,31.21,C,0.1624,0.0256,19,3,117,True
nuscenes_mini,07c29094cb6144aa889c16c52f762d79,pedestrian,1.0,34.02,C,0.0,0.0417,0,1,24,False
nuscenes_mini,07c29094cb6144aa889c16c52f762d79,pedestrian,1.0,33.32,C,0.0,0.0,0,0,48,False
nuscenes_mini,07c29094cb6144aa889c16c52f762d79,pedestrian,1.0,25.48,B,0.2292,0.0625,11,3,48,True
nuscenes_mini,07c29094cb6144aa889c16c52f762d79,pedestrian,1.0,25.1,B,0.2083,0.0417,10,2,48,True
nuscenes_mini,07c29094cb6144aa889c16c52f762d79,pedestrian,1.0,37.75,C,0.0,0.0,0,0,48,False
nuscenes_mini,07c29094cb6144aa889c16c52f762d79,pedestrian,1.0,13.72,A,0.2917,0.1042,14,5,48,True
nuscenes_mini,07c29094cb6144aa889c16c52f762d79,pedestrian,1.0,21.71,B,0.2222,0.0741,12,4,54,True
nuscenes_mini,07c29094cb6144aa889c16c52f762d79,pedestrian,1.0,30.16,C,0.1406,0.0312,9,2,64,True
nuscenes_mini,07c29094cb6144aa889c16c52f762d79,pedestrian,1.0,21.82,B,0.25,0.0417,12,2,48,True
nuscenes_mini,07c29094cb6144aa889c16c52f762d79,car,0.9259259104728699,9.47,A,0.2403,0.0193,323,26,1344,True
nuscenes_mini,07c29094cb6144aa889c16c52f762d79,car,0.8324607610702515,21.15,B,0.1678,0.0119,480,34,2860,True
nuscenes_mini,07c29094cb6144aa889c16c52f762d79,car,0.8552036285400391,30.3,C,0.1538,0.0078,256,13,1664,True
nuscenes_mini,07c29094cb6144aa889c16c52f762d79,bicycle,0.6908212304115295,31.14,C,0.105,0.0189,50,9,476,True
nuscenes_mini,07c29094cb6144aa889c16c52f762d79,truck,0.6289855241775513,28.77,B,0.011,0.0055,38,19,3458,False
nuscenes_mini,07c29094cb6144aa889c16c52f762d79,pedestrian,1.0,6.7,A,0.6875,0.2656,44,17,64,True
nuscenes_mini,07c29094cb6144aa889c16c52f762d79,pedestrian,1.0,11.34,A,0.5417,0.1667,26,8,48,True
nuscenes_mini,07c29094cb6144aa889c16c52f762d79,car,0.8787879347801208,10.25,A,0.0319,0.0052,43,7,1350,False
nuscenes_mini,07c29094cb6144aa889c16c52f762d79,car,0.7142857313156128,21.91,B,0.0961,0.0113,280,33,2915,False
nuscenes_mini,07c29094cb6144aa889c16c52f762d79,car,0.7575758099555969,35.35,C,0.024,0.0,19,0,791,False
nuscenes_mini,07c29094cb6144aa889c16c52f762d79,car,0.5508772134780884,46.51,C,0.0133,0.0036,11,3,828,False
nuscenes_mini,07c29094cb6144aa889c16c52f762d79,car,0.8672199249267578,31.76,C,0.0606,0.0007,87,1,1435,False
nuscenes_mini,07c29094cb6144aa889c16c52f762d79,pedestrian,1.0,24.9,B,0.0926,0.0185,5,1,54,False
nuscenes_mini,07c29094cb6144aa889c16c52f762d79,pedestrian,1.0,32.88,C,0.125,0.0208,6,1,48,True
nuscenes_mini,07c29094cb6144aa889c16c52f762d79,pedestrian,1.0,30.17,C,0.1429,0.0317,9,2,63,True
nuscenes_mini,07c29094cb6144aa889c16c52f762d79,pedestrian,1.0,31.07,C,0.0625,0.1562,2,5,32,False
nuscenes_mini,07c29094cb6144aa889c16c52f762d79,pedestrian,1.0,16.92,B,0.15,0.125,6,5,40,True
nuscenes_mini,07c29094cb6144aa889c16c52f762d79,pedestrian,1.0,30.18,C,0.0139,0.0139,1,1,72,False
nuscenes_mini,07c29094cb6144aa889c16c52f762d79,pedestrian,1.0,40.68,C,0.05,0.025,2,1,40,False
nuscenes_mini,07c29094cb6144aa889c16c52f762d79,pedestrian,1.0,30.77,C,0.0625,0.0625,2,2,32,False
nuscenes_mini,07c29094cb6144aa889c16c52f762d79,pedestrian,1.0,35.11,C,0.1719,0.0469,11,3,64,True
nuscenes_mini,07c29094cb6144aa889c16c52f762d79,pedestrian,1.0,25.79,B,0.2679,0.0357,30,4,112,True
nuscenes_mini,07c29094cb6144aa889c16c52f762d79,pedestrian,1.0,35.35,C,0.0,0.0625,0,2,32,False
nuscenes_mini,07c29094cb6144aa889c16c52f762d79,pedestrian,1.0,26.58,B,0.25,0.0938,8,3,32,True
nuscenes_mini,07c29094cb6144aa889c16c52f762d79,pedestrian,1.0,34.66,C,0.0893,0.0536,5,3,56,False
nuscenes_mini,07c29094cb6144aa889c16c52f762d79,pedestrian,1.0,26.45,B,0.1759,0.0278,19,3,108,True
nuscenes_mini,07c29094cb6144aa889c16c52f762d79,pedestrian,1.0,42.85,C,0.0,0.0,0,0,28,False
nuscenes_mini,07c29094cb6144aa889c16c52f762d79,pedestrian,1.0,22.95,B,0.25,0.0,16,0,64,True
nuscenes_mini,07c29094cb6144aa889c16c52f762d79,pedestrian,1.0,23.36,B,0.2614,0.0227,23,2,88,True
nuscenes_mini,07c29094cb6144aa889c16c52f762d79,car,0.8987342119216919,25.64,B,0.0101,0.0019,16,3,1584,False
nuscenes_mini,07c29094cb6144aa889c16c52f762d79,car,0.8865247964859009,13.46,A,0.2628,0.0286,349,38,1328,True
nuscenes_mini,07c29094cb6144aa889c16c52f762d79,car,0.8750000596046448,24.49,B,0.0522,0.0076,110,16,2106,False
nuscenes_mini,07c29094cb6144aa889c16c52f762d79,car,0.7264957427978516,43.27,C,0.0035,0.0009,8,2,2254,False
nuscenes_mini,07c29094cb6144aa889c16c52f762d79,pedestrian,1.0,9.72,A,0.525,0.225,21,9,40,True
nuscenes_mini,07c29094cb6144aa889c16c52f762d79,car,0.8552036285400391,10.89,A,0.1781,0.0364,406,83,2280,True
nuscenes_mini,07c29094cb6144aa889c16c52f762d79,pedestrian,1.0,34.31,C,0.1667,0.0417,12,3,72,True
nuscenes_mini,07c29094cb6144aa889c16c52f762d79,pedestrian,1.0,15.03,B,0.2955,0.0795,26,7,88,True
nuscenes_mini,07c29094cb6144aa889c16c52f762d79,pedestrian,1.0,18.52,B,0.2222,0.0123,18,1,81,True
nuscenes_mini,07c29094cb6144aa889c16c52f762d79,pedestrian,1.0,16.94,B,0.2292,0.0729,22,7,96,True
nuscenes_mini,07c29094cb6144aa889c16c52f762d79,pedestrian,1.0,8.8,A,0.5893,0.2321,33,13,56,True
nuscenes_mini,07c29094cb6144aa889c16c52f762d79,pedestrian,1.0,29.02,B,0.1667,0.0278,12,2,72,True
nuscenes_mini,07c29094cb6144aa889c16c52f762d79,pedestrian,1.0,22.83,B,0.0,0.0625,0,2,32,False
nuscenes_mini,07c29094cb6144aa889c16c52f762d79,pedestrian,1.0,9.13,A,0.6786,0.1607,38,9,56,True
nuscenes_mini,07c29094cb6144aa889c16c52f762d79,bicycle,0.7730495929718018,18.77,B,0.3333,0.0,35,0,105,True
nuscenes_mini,a43568a562a043f38af0ec0b71520af7,pedestrian,1.0,20.96,B,0.1313,0.0404,13,4,99,True
nuscenes_mini,a43568a562a043f38af0ec0b71520af7,pedestrian,1.0,12.9,A,0.4219,0.0781,27,5,64,True
nuscenes_mini,a43568a562a043f38af0ec0b71520af7,pedestrian,1.0,36.59,C,0.1458,0.0,7,0,48,True
nuscenes_mini,a43568a562a043f38af0ec0b71520af7,pedestrian,1.0,27.61,B,0.2083,0.0278,15,2,72,True
nuscenes_mini,a43568a562a043f38af0ec0b71520af7,pedestrian,1.0,22.04,B,0.2375,0.0375,19,3,80,True
nuscenes_mini,a43568a562a043f38af0ec0b71520af7,pedestrian,1.0,32.71,C,0.0312,0.0625,1,2,32,False
nuscenes_mini,a43568a562a043f38af0ec0b71520af7,pedestrian,1.0,28.48,B,0.1719,0.0312,11,2,64,True
nuscenes_mini,a43568a562a043f38af0ec0b71520af7,pedestrian,1.0,20.93,B,0.0938,0.2188,3,7,32,False
nuscenes_mini,a43568a562a043f38af0ec0b71520af7,pedestrian,1.0,31.66,C,0.175,0.0125,14,1,80,True
nuscenes_mini,a43568a562a043f38af0ec0b71520af7,pedestrian,1.0,21.26,B,0.1071,0.0179,6,1,56,True
nuscenes_mini,a43568a562a043f38af0ec0b71520af7,pedestrian,1.0,32.09,C,0.037,0.0185,2,1,54,False
nuscenes_mini,a43568a562a043f38af0ec0b71520af7,pedestrian,1.0,24.15,B,0.2,0.025,8,1,40,True
nuscenes_mini,a43568a562a043f38af0ec0b71520af7,pedestrian,1.0,32.55,C,0.0208,0.0417,1,2,48,False
nuscenes_mini,a43568a562a043f38af0ec0b71520af7,pedestrian,1.0,34.59,C,0.15,0.0,6,0,40,True
nuscenes_mini,a43568a562a043f38af0ec0b71520af7,car,0.8827838897705078,8.49,A,0.3648,0.059,309,50,847,True
nuscenes_mini,a43568a562a043f38af0ec0b71520af7,car,0.7538461089134216,29.21,B,0.0905,0.0064,128,9,1414,False
nuscenes_mini,a43568a562a043f38af0ec0b71520af7,bicycle,0.8827838897705078,25.97,B,0.3282,0.0154,64,3,195,True
nuscenes_mini,a43568a562a043f38af0ec0b71520af7,construction_vehicle,0.5747508406639099,25.7,B,0.0906,0.0056,553,34,6105,False
nuscenes_mini,a43568a562a043f38af0ec0b71520af7,pedestrian,1.0,11.42,A,0.3929,0.0714,22,4,56,True
nuscenes_mini,a43568a562a043f38af0ec0b71520af7,pedestrian,1.0,5.85,A,0.6263,0.303,62,30,99,True
nuscenes_mini,a43568a562a043f38af0ec0b71520af7,car,0.7460317611694336,36.52,C,0.027,0.0,21,0,777,False
nuscenes_mini,a43568a562a043f38af0ec0b71520af7,car,0.8904109597206116,9.76,A,0.2375,0.0371,532,83,2240,True
nuscenes_mini,a43568a562a043f38af0ec0b71520af7,car,0.8709677457809448,29.01,B,0.0686,0.0095,72,10,1050,False
nuscenes_mini,a43568a562a043f38af0ec0b71520af7,car,0.6878048777580261,26.62,B,0.1557,0.0,128,0,822,True
nuscenes_mini,a43568a562a043f38af0ec0b71520af7,car,0.5816993117332458,44.15,C,0.0521,0.0043,110,9,2110,False
nuscenes_mini,a43568a562a043f38af0ec0b71520af7,pedestrian,1.0,45.94,C,0.0741,0.037,2,1,27,False
nuscenes_mini,a43568a562a043f38af0ec0b71520af7,pedestrian,1.0,37.21,C,0.025,0.0375,2,3,80,False
nuscenes_mini,a43568a562a043f38af0ec0b71520af7,pedestrian,1.0,27.74,B,0.1786,0.0357,10,2,56,True
nuscenes_mini,a43568a562a043f38af0ec0b71520af7,pedestrian,1.0,28.52,B,0.15,0.025,6,1,40,True
nuscenes_mini,a43568a562a043f38af0ec0b71520af7,pedestrian,1.0,26.18,B,0.25,0.0893,14,5,56,True
nuscenes_mini,a43568a562a043f38af0ec0b71520af7,pedestrian,1.0,24.8,B,0.2292,0.0208,11,1,48,True
nuscenes_mini,a43568a562a043f38af0ec0b71520af7,pedestrian,1.0,39.1,C,0.0,0.0,0,0,32,False
nuscenes_mini,a43568a562a043f38af0ec0b71520af7,pedestrian,1.0,37.86,C,0.1667,0.0278,6,1,36,True
nuscenes_mini,a43568a562a043f38af0ec0b71520af7,pedestrian,1.0,35.12,C,0.1111,0.0404,11,4,99,True
nuscenes_mini,a43568a562a043f38af0ec0b71520af7,pedestrian,1.0,24.93,B,0.25,0.0385,26,4,104,True
nuscenes_mini,a43568a562a043f38af0ec0b71520af7,pedestrian,1.0,39.27,C,0.1071,0.0714,3,2,28,True
nuscenes_mini,a43568a562a043f38af0ec0b71520af7,pedestrian,1.0,34.58,C,0.0,0.0938,0,3,32,False
nuscenes_mini,a43568a562a043f38af0ec0b71520af7,pedestrian,1.0,33.4,C,0.1719,0.0,11,0,64,True
nuscenes_mini,a43568a562a043f38af0ec0b71520af7,pedestrian,1.0,29.85,B,0.125,0.05,5,2,40,True
nuscenes_mini,a43568a562a043f38af0ec0b71520af7,pedestrian,1.0,22.99,B,0.1852,0.0741,15,6,81,True
nuscenes_mini,a43568a562a043f38af0ec0b71520af7,pedestrian,1.0,38.77,C,0.0089,0.0089,1,1,112,False
nuscenes_mini,a43568a562a043f38af0ec0b71520af7,pedestrian,1.0,44.31,C,0.0625,0.0,2,0,32,False
nuscenes_mini,a43568a562a043f38af0ec0b71520af7,pedestrian,1.0,22.61,B,0.1444,0.0222,13,2,90,True
nuscenes_mini,a43568a562a043f38af0ec0b71520af7,car,0.921951174736023,13.99,A,0.267,0.017,314,20,1176,True
nuscenes_mini,a43568a562a043f38af0ec0b71520af7,pedestrian,1.0,10.38,A,0.5179,0.0893,29,5,56,True
nuscenes_mini,a43568a562a043f38af0ec0b71520af7,car,0.7419355511665344,11.11,A,0.1555,0.0303,390,76,2508,True
nuscenes_mini,a43568a562a043f38af0ec0b71520af7,pedestrian,1.0,8.86,A,0.5893,0.1964,33,11,56,True
nuscenes_mini,a43568a562a043f38af0ec0b71520af7,pedestrian,1.0,19.38,B,0.1111,0.0278,8,2,72,True
nuscenes_mini,a43568a562a043f38af0ec0b71520af7,pedestrian,1.0,35.92,C,0.0694,0.0417,5,3,72,False
nuscenes_mini,a43568a562a043f38af0ec0b71520af7,pedestrian,1.0,16.37,B,0.3229,0.0521,31,5,96,True
nuscenes_mini,a43568a562a043f38af0ec0b71520af7,pedestrian,1.0,14.9,A,0.4286,0.0714,12,2,28,True
nuscenes_mini,a43568a562a043f38af0ec0b71520af7,pedestrian,1.0,9.22,A,0.7857,0.119,33,5,42,True
nuscenes_mini,a43568a562a043f38af0ec0b71520af7,pedestrian,1.0,29.82,B,0.0556,0.0333,5,3,90,False
nuscenes_mini,a43568a562a043f38af0ec0b71520af7,pedestrian,1.0,25.58,B,0.0476,0.0238,2,1,42,False
nuscenes_mini,a43568a562a043f38af0ec0b71520af7,car,0.7815700173377991,24.14,B,0.0794,0.0062,129,10,1624,False
nuscenes_mini,a43568a562a043f38af0ec0b71520af7,car,0.9064327478408813,25.44,B,0.0283,0.003,38,4,1344,False
nuscenes_mini,a43568a562a043f38af0ec0b71520af7,car,0.7852349281311035,33.02,C,0.0,0.0,0,0,714,False
nuscenes_mini,a43568a562a043f38af0ec0b71520af7,bus,0.5151515007019043,34.18,C,0.0353,0.0025,285,20,8080,False
nuscenes_mini,d1136fce62f14400a069613e274f46f7,pedestrian,1.0,31.34,C,0.0,0.0417,0,1,24,False
nuscenes_mini,d1136fce62f14400a069613e274f46f7,pedestrian,1.0,21.23,B,0.2143,0.0357,6,1,28,True
nuscenes_mini,d1136fce62f14400a069613e274f46f7,pedestrian,1.0,11.61,A,0.8125,0.0625,39,3,48,True
nuscenes_mini,d1136fce62f14400a069613e274f46f7,pedestrian,1.0,20.36,B,0.2321,0.0536,13,3,56,True
nuscenes_mini,d1136fce62f14400a069613e274f46f7,pedestrian,1.0,31.23,C,0.0469,0.0469,3,3,64,False
nuscenes_mini,d1136fce62f14400a069613e274f46f7,pedestrian,1.0,30.72,C,0.0,0.0,0,0,84,False
nuscenes_mini,d1136fce62f14400a069613e274f46f7,pedestrian,1.0,31.31,C,0.0,0.0238,0,1,42,False
nuscenes_mini,d1136fce62f14400a069613e274f46f7,pedestrian,1.0,30.19,C,0.0833,0.0,4,0,48,False
nuscenes_mini,d1136fce62f14400a069613e274f46f7,pedestrian,1.0,23.13,B,0.175,0.025,7,1,40,True
nuscenes_mini,d1136fce62f14400a069613e274f46f7,pedestrian,1.0,11.94,A,0.525,0.0625,42,5,80,True
nuscenes_mini,d1136fce62f14400a069613e274f46f7,car,0.921951174736023,9.15,A,0.3429,0.05,384,56,1120,True
nuscenes_mini,d1136fce62f14400a069613e274f46f7,car,0.8987342119216919,22.18,B,0.0983,0.0094,105,10,1068,False
nuscenes_mini,d1136fce62f14400a069613e274f46f7,car,0.8987342119216919,28.02,B,0.1374,0.0173,127,16,924,True
nuscenes_mini,d1136fce62f14400a069613e274f46f7,bicycle,0.8128654956817627,28.18,B,0.2333,0.0179,91,7,390,True
nuscenes_mini,d1136fce62f14400a069613e274f46f7,truck,0.9452055096626282,24.52,B,0.1195,0.0106,631,56,5280,True
nuscenes_mini,d1136fce62f14400a069613e274f46f7,pedestrian,1.0,5.0,A,0.6914,0.2716,56,22,81,True
nuscenes_mini,d1136fce62f14400a069613e274f46f7,pedestrian,1.0,11.67,A,0.15,0.175,6,7,40,True
nuscenes_mini,d1136fce62f14400a069613e274f46f7,car,0.9298245906829834,9.9,A,0.2169,0.0485,447,100,2061,True
nuscenes_mini,d1136fce62f14400a069613e274f46f7,car,0.7770034670829773,40.78,C,0.032,0.0038,34,4,1064,False
nuscenes_mini,d1136fce62f14400a069613e274f46f7,car,0.7229437232017517,43.88,C,0.0,0.0,0,0,830,False
nuscenes_mini,d1136fce62f14400a069613e274f46f7,car,0.5704697966575623,41.26,C,0.0209,0.0,25,0,1197,False
nuscenes_mini,d1136fce62f14400a069613e274f46f7,car,0.7575758099555969,34.82,C,0.0559,0.0007,164,2,2934,False
nuscenes_mini,d1136fce62f14400a069613e274f46f7,pedestrian,1.0,30.56,C,0.025,0.025,1,1,40,False
nuscenes_mini,d1136fce62f14400a069613e274f46f7,pedestrian,1.0,48.8,C,0.0,0.0104,0,1,96,False
nuscenes_mini,d1136fce62f14400a069613e274f46f7,pedestrian,1.0,37.14,C,0.0625,0.0625,2,2,32,False
nuscenes_mini,d1136fce62f14400a069613e274f46f7,pedestrian,1.0,22.39,B,0.1719,0.0312,11,2,64,True
nuscenes_mini,d1136fce62f14400a069613e274f46f7,pedestrian,1.0,26.83,B,0.125,0.0357,7,2,56,True
nuscenes_mini,d1136fce62f14400a069613e274f46f7,pedestrian,1.0,27.46,B,0.0,0.0625,0,2,32,False
nuscenes_mini,d1136fce62f14400a069613e274f46f7,pedestrian,1.0,21.31,B,0.25,0.075,10,3,40,True
nuscenes_mini,d1136fce62f14400a069613e274f46f7,pedestrian,1.0,32.25,C,0.1875,0.0156,12,1,64,True
nuscenes_mini,d1136fce62f14400a069613e274f46f7,pedestrian,1.0,23.87,B,0.2692,0.0288,28,3,104,True
nuscenes_mini,d1136fce62f14400a069613e274f46f7,pedestrian,1.0,25.84,B,0.1875,0.0625,9,3,48,True
nuscenes_mini,d1136fce62f14400a069613e274f46f7,pedestrian,1.0,26.44,B,0.125,0.0208,6,1,48,True
nuscenes_mini,d1136fce62f14400a069613e274f46f7,pedestrian,1.0,36.48,C,0.0476,0.0,1,0,21,False
nuscenes_mini,d1136fce62f14400a069613e274f46f7,pedestrian,1.0,37.95,C,0.0833,0.0278,3,1,36,False
nuscenes_mini,d1136fce62f14400a069613e274f46f7,pedestrian,1.0,38.75,C,0.0312,0.0625,1,2,32,False
nuscenes_mini,d1136fce62f14400a069613e274f46f7,pedestrian,1.0,30.12,C,0.125,0.025,5,1,40,True
nuscenes_mini,d1136fce62f14400a069613e274f46f7,pedestrian,1.0,30.83,C,0.125,0.0,2,0,16,True
nuscenes_mini,d1136fce62f14400a069613e274f46f7,pedestrian,1.0,24.62,B,0.0,0.0,0,0,21,False
nuscenes_mini,d1136fce62f14400a069613e274f46f7,car,0.7299578189849854,40.95,C,0.0,0.0,0,0,1656,False
nuscenes_mini,d1136fce62f14400a069613e274f46f7,car,0.8787879347801208,14.67,A,0.2079,0.01,311,15,1496,True
nuscenes_mini,d1136fce62f14400a069613e274f46f7,pedestrian,1.0,10.89,A,0.5,0.1458,24,7,48,True
nuscenes_mini,d1136fce62f14400a069613e274f46f7,car,0.7697842121124268,11.18,A,0.1558,0.0295,407,77,2613,True
nuscenes_mini,d1136fce62f14400a069613e274f46f7,pedestrian,1.0,11.63,A,0.3125,0.1667,15,8,48,True
nuscenes_mini,d1136fce62f14400a069613e274f46f7,pedestrian,1.0,20.25,B,0.1719,0.0312,11,2,64,True
nuscenes_mini,d1136fce62f14400a069613e274f46f7,pedestrian,1.0,14.77,A,0.375,0.0833,18,4,48,True
nuscenes_mini,d1136fce62f14400a069613e274f46f7,pedestrian,1.0,35.3,C,0.0444,0.0222,2,1,45,False
nuscenes_mini,d1136fce62f14400a069613e274f46f7,pedestrian,1.0,9.61,A,0.6389,0.1667,23,6,36,True
nuscenes_mini,d1136fce62f14400a069613e274f46f7,pedestrian,1.0,9.03,A,0.6889,0.1778,31,8,45,True
nuscenes_mini,d1136fce62f14400a069613e274f46f7,pedestrian,1.0,36.07,C,0.125,0.125,2,2,16,True
nuscenes_mini,d1136fce62f14400a069613e274f46f7,car,0.8358974456787109,23.88,B,0.0688,0.0068,122,12,1773,False
nuscenes_mini,d1136fce62f14400a069613e274f46f7,car,0.8439024686813354,26.01,B,0.0271,0.0021,51,4,1880,False
nuscenes_mini,d1136fce62f14400a069613e274f46f7,bicycle,0.5428571701049805,21.99,B,0.0,0.0429,0,3,70,False
nuscenes_mini,d1136fce62f14400a069613e274f46f7,bus,0.6831682920455933,34.82,C,0.04,0.002,701,35,17523,False
nuscenes_mini,f65ffdc408fb4a0c8ef0d1614b47dce8,pedestrian,1.0,19.57,B,0.25,0.1094,16,7,64,True
nuscenes_mini,f65ffdc408fb4a0c8ef0d1614b47dce8,pedestrian,1.0,30.09,C,0.0556,0.0278,2,1,36,False
nuscenes_mini,f65ffdc408fb4a0c8ef0d1614b47dce8,pedestrian,1.0,19.39,B,0.0625,0.0417,3,2,48,False
nuscenes_mini,f65ffdc408fb4a0c8ef0d1614b47dce8,pedestrian,1.0,29.37,B,0.0,0.0,0,0,40,False
nuscenes_mini,f65ffdc408fb4a0c8ef0d1614b47dce8,pedestrian,1.0,11.14,A,0.55,0.15,44,12,80,True
nuscenes_mini,f65ffdc408fb4a0c8ef0d1614b47dce8,pedestrian,1.0,30.13,C,0.05,0.025,2,1,40,False
nuscenes_mini,f65ffdc408fb4a0c8ef0d1614b47dce8,pedestrian,1.0,33.43,C,0.05,0.0,2,0,40,False
nuscenes_mini,f65ffdc408fb4a0c8ef0d1614b47dce8,pedestrian,1.0,30.0,B,0.0625,0.0833,3,4,48,False
nuscenes_mini,f65ffdc408fb4a0c8ef0d1614b47dce8,car,0.8947368264198303,21.01,B,0.2025,0.0095,319,15,1575,True
nuscenes_mini,f65ffdc408fb4a0c8ef0d1614b47dce8,car,0.8987342119216919,26.57,B,0.13,0.014,232,25,1784,True
nuscenes_mini,f65ffdc408fb4a0c8ef0d1614b47dce8,bicycle,0.6444444060325623,27.34,B,0.0595,0.0198,15,5,252,False
nuscenes_mini,f65ffdc408fb4a0c8ef0d1614b47dce8,truck,0.5276752710342407,18.42,B,0.1094,0.015,256,35,2340,True
nuscenes_mini,f65ffdc408fb4a0c8ef0d1614b47dce8,truck,0.9139785170555115,23.41,B,0.1063,0.0114,576,62,5418,True
nuscenes_mini,f65ffdc408fb4a0c8ef0d1614b47dce8,pedestrian,1.0,4.34,A,0.675,0.3,54,24,80,True
nuscenes_mini,f65ffdc408fb4a0c8ef0d1614b47dce8,car,0.9139785170555115,10.79,A,0.2257,0.0317,512,72,2268,True
nuscenes_mini,f65ffdc408fb4a0c8ef0d1614b47dce8,car,0.7104072570800781,18.3,B,0.1298,0.0153,408,48,3144,True
nuscenes_mini,f65ffdc408fb4a0c8ef0d1614b47dce8,car,0.5661016702651978,47.7,C,0.0254,0.0,23,0,905,False
nuscenes_mini,f65ffdc408fb4a0c8ef0d1614b47dce8,car,0.604938268661499,40.64,C,0.0398,0.0021,56,3,1408,False
nuscenes_mini,f65ffdc408fb4a0c8ef0d1614b47dce8,pedestrian,1.0,22.93,B,0.3068,0.0341,27,3,88,True
nuscenes_mini,f65ffdc408fb4a0c8ef0d1614b47dce8,pedestrian,1.0,24.39,B,0.1875,0.0208,18,2,96,True
nuscenes_mini,f65ffdc408fb4a0c8ef0d1614b47dce8,pedestrian,1.0,22.11,B,0.2222,0.0,8,0,36,True
nuscenes_mini,f65ffdc408fb4a0c8ef0d1614b47dce8,pedestrian,1.0,26.36,B,0.0625,0.0417,3,2,48,False
nuscenes_mini,f65ffdc408fb4a0c8ef0d1614b47dce8,pedestrian,1.0,22.79,B,0.1786,0.0714,5,2,28,True
nuscenes_mini,f65ffdc408fb4a0c8ef0d1614b47dce8,pedestrian,1.0,25.37,B,0.25,0.0312,8,1,32,True
nuscenes_mini,f65ffdc408fb4a0c8ef0d1614b47dce8,pedestrian,1.0,33.32,C,0.0312,0.0156,2,1,64,False
nuscenes_mini,f65ffdc408fb4a0c8ef0d1614b47dce8,pedestrian,1.0,33.12,C,0.0893,0.0,5,0,56,False
nuscenes_mini,f65ffdc408fb4a0c8ef0d1614b47dce8,pedestrian,1.0,25.06,B,0.2381,0.0476,10,2,42,True
nuscenes_mini,f65ffdc408fb4a0c8ef0d1614b47dce8,pedestrian,1.0,29.86,B,0.0625,0.0312,2,1,32,False
nuscenes_mini,f65ffdc408fb4a0c8ef0d1614b47dce8,pedestrian,1.0,30.77,C,0.25,0.0,12,0,48,True
nuscenes_mini,f65ffdc408fb4a0c8ef0d1614b47dce8,pedestrian,1.0,47.52,C,0.0357,0.0536,2,3,56,False
nuscenes_mini,f65ffdc408fb4a0c8ef0d1614b47dce8,pedestrian,1.0,27.11,B,0.25,0.0938,8,3,32,True
nuscenes_mini,f65ffdc408fb4a0c8ef0d1614b47dce8,pedestrian,1.0,24.2,B,0.0714,0.0714,2,2,28,False
nuscenes_mini,f65ffdc408fb4a0c8ef0d1614b47dce8,pedestrian,1.0,20.55,B,0.375,0.0625,18,3,48,True
nuscenes_mini,f65ffdc408fb4a0c8ef0d1614b47dce8,car,0.8787879347801208,14.95,A,0.1924,0.0187,277,27,1440,True
nuscenes_mini,f65ffdc408fb4a0c8ef0d1614b47dce8,pedestrian,1.0,11.46,A,0.4643,0.1429,26,8,56,True
nuscenes_mini,f65ffdc408fb4a0c8ef0d1614b47dce8,pedestrian,1.0,21.25,B,0.1481,0.0556,8,3,54,True
nuscenes_mini,f65ffdc408fb4a0c8ef0d1614b47dce8,car,0.7538461089134216,10.99,A,0.1256,0.0271,315,68,2508,True
nuscenes_mini,f65ffdc408fb4a0c8ef0d1614b47dce8,pedestrian,1.0,15.93,B,0.4286,0.0357,24,2,56,True
nuscenes_mini,f65ffdc408fb4a0c8ef0d1614b47dce8,pedestrian,1.0,10.33,A,0.6389,0.0833,23,3,36,True
nuscenes_mini,f65ffdc408fb4a0c8ef0d1614b47dce8,pedestrian,1.0,25.43,B,0.125,0.05,5,2,40,True
nuscenes_mini,f65ffdc408fb4a0c8ef0d1614b47dce8,pedestrian,1.0,24.34,B,0.2812,0.0,9,0,32,True
nuscenes_mini,f65ffdc408fb4a0c8ef0d1614b47dce8,pedestrian,1.0,9.59,A,0.6481,0.2037,35,11,54,True
nuscenes_mini,f65ffdc408fb4a0c8ef0d1614b47dce8,car,0.8987342119216919,25.66,B,0.0829,0.0029,142,5,1712,False
nuscenes_mini,f65ffdc408fb4a0c8ef0d1614b47dce8,car,0.7730495929718018,32.61,C,0.0455,0.0055,50,6,1098,False
nuscenes_mini,f65ffdc408fb4a0c8ef0d1614b47dce8,car,0.859649121761322,24.62,B,0.109,0.0073,164,11,1504,True
nuscenes_mini,f65ffdc408fb4a0c8ef0d1614b47dce8,bus,0.8202247023582458,33.59,C,0.0427,0.0014,997,33,23322,False
nuscenes_mini,0915646e387b484785ae2b847ffdee2f,pedestrian,1.0,10.22,A,0.5667,0.1111,51,10,90,True
nuscenes_mini,0915646e387b484785ae2b847ffdee2f,pedestrian,1.0,18.54,B,0.4062,0.0625,13,2,32,True
nuscenes_mini,0915646e387b484785ae2b847ffdee2f,pedestrian,1.0,18.79,B,0.2188,0.0938,7,3,32,True
nuscenes_mini,0915646e387b484785ae2b847ffdee2f,pedestrian,1.0,24.4,B,0.0625,0.0417,3,2,48,False
nuscenes_mini,0915646e387b484785ae2b847ffdee2f,pedestrian,1.0,34.52,C,0.0,0.0,0,0,36,False
nuscenes_mini,0915646e387b484785ae2b847ffdee2f,car,0.8400000333786011,25.37,B,0.1878,0.0098,365,19,1944,True
nuscenes_mini,0915646e387b484785ae2b847ffdee2f,car,0.5311355590820312,17.07,B,0.1367,0.0239,309,54,2260,True
nuscenes_mini,0915646e387b484785ae2b847ffdee2f,car,0.8241757750511169,25.71,B,0.0926,0.0103,135,15,1458,False
nuscenes_mini,0915646e387b484785ae2b847ffdee2f,car,0.8947368264198303,20.15,B,0.1289,0.0077,185,11,1435,True
nuscenes_mini,0915646e387b484785ae2b847ffdee2f,truck,0.8518518805503845,22.2,B,0.1142,0.0115,704,71,6165,True
nuscenes_mini,0915646e387b484785ae2b847ffdee2f,pedestrian,1.0,12.47,A,0.3594,0.0781,23,5,64,True
nuscenes_mini,0915646e387b484785ae2b847ffdee2f,pedestrian,1.0,3.99,A,0.6,0.3556,27,16,45,True
nuscenes_mini,0915646e387b484785ae2b847ffdee2f,car,0.9375000596046448,12.08,A,0.1995,0.0196,438,43,2196,True
nuscenes_mini,0915646e387b484785ae2b847ffdee2f,car,0.8400000333786011,26.37,B,0.0393,0.0047,67,8,1704,False
nuscenes_mini,0915646e387b484785ae2b847ffdee2f,car,0.5038759708404541,36.79,C,0.0114,0.0018,13,2,1140,False
nuscenes_mini,0915646e387b484785ae2b847ffdee2f,pedestrian,1.0,27.15,B,0.0714,0.0536,4,3,56,False
nuscenes_mini,0915646e387b484785ae2b847ffdee2f,pedestrian,1.0,29.01,B,0.0357,0.0714,1,2,28,False
nuscenes_mini,0915646e387b484785ae2b847ffdee2f,pedestrian,1.0,29.97,B,0.2083,0.0417,10,2,48,True
nuscenes_mini,0915646e387b484785ae2b847ffdee2f,pedestrian,1.0,26.62,B,0.1562,0.0625,5,2,32,True
nuscenes_mini,0915646e387b484785ae2b847ffdee2f,pedestrian,1.0,26.22,B,0.1771,0.0208,17,2,96,True
nuscenes_mini,0915646e387b484785ae2b847ffdee2f,pedestrian,1.0,46.32,C,0.0625,0.0312,2,1,32,False
nuscenes_mini,0915646e387b484785ae2b847ffdee2f,pedestrian,1.0,20.04,B,0.1562,0.0625,5,2,32,True
nuscenes_mini,0915646e387b484785ae2b847ffdee2f,pedestrian,1.0,33.81,C,0.0417,0.0417,1,1,24,False
nuscenes_mini,0915646e387b484785ae2b847ffdee2f,pedestrian,1.0,29.56,B,0.0625,0.0625,2,2,32,False
nuscenes_mini,0915646e387b484785ae2b847ffdee2f,pedestrian,1.0,29.05,B,0.0,0.0312,0,1,32,False
nuscenes_mini,0915646e387b484785ae2b847ffdee2f,pedestrian,1.0,29.51,B,0.1389,0.0278,5,1,36,True
nuscenes_mini,0915646e387b484785ae2b847ffdee2f,pedestrian,1.0,23.47,B,0.25,0.0714,7,2,28,True
nuscenes_mini,0915646e387b484785ae2b847ffdee2f,pedestrian,1.0,21.98,B,0.2083,0.0417,10,2,48,True
nuscenes_mini,0915646e387b484785ae2b847ffdee2f,pedestrian,1.0,27.36,B,0.1458,0.0,7,0,48,True
nuscenes_mini,0915646e387b484785ae2b847ffdee2f,pedestrian,1.0,24.37,B,0.1296,0.0556,7,3,54,True
nuscenes_mini,0915646e387b484785ae2b847ffdee2f,pedestrian,1.0,26.96,B,0.025,0.025,1,1,40,False
nuscenes_mini,0915646e387b484785ae2b847ffdee2f,pedestrian,1.0,11.97,A,0.3036,0.1071,17,6,56,True
nuscenes_mini,0915646e387b484785ae2b847ffdee2f,pedestrian,1.0,10.37,A,0.4444,0.2778,8,5,18,True
nuscenes_mini,0915646e387b484785ae2b847ffdee2f,pedestrian,1.0,11.19,A,0.5625,0.125,18,4,32,True
nuscenes_mini,0915646e387b484785ae2b847ffdee2f,car,0.8518518805503845,10.47,A,0.1538,0.0274,398,71,2587,True
nuscenes_mini,0915646e387b484785ae2b847ffdee2f,pedestrian,1.0,3.89,A,0.6042,0.375,58,36,96,True
nuscenes_mini,0915646e387b484785ae2b847ffdee2f,pedestrian,1.0,24.46,B,0.0,0.0714,0,1,14,False
nuscenes_mini,0915646e387b484785ae2b847ffdee2f,pedestrian,1.0,10.31,A,0.5625,0.1458,27,7,48,True
nuscenes_mini,0915646e387b484785ae2b847ffdee2f,pedestrian,1.0,26.23,B,0.1786,0.0714,5,2,28,True
nuscenes_mini,0915646e387b484785ae2b847ffdee2f,pedestrian,1.0,16.15,B,0.3095,0.0476,13,2,42,True
nuscenes_mini,0915646e387b484785ae2b847ffdee2f,pedestrian,1.0,19.09,B,0.3214,0.0357,9,1,28,True
nuscenes_mini,0915646e387b484785ae2b847ffdee2f,car,0.9024390578269958,15.51,B,0.25,0.0224,436,39,1744,True
nuscenes_mini,0915646e387b484785ae2b847ffdee2f,car,0.7968254089355469,24.55,B,0.1977,0.0088,315,14,1593,True
nuscenes_mini,0915646e387b484785ae2b847ffdee2f,car,0.8632478713989258,24.94,B,0.1318,0.002,194,3,1472,True
nuscenes_mini,0915646e387b484785ae2b847ffdee2f,bus,0.6012461185455322,34.25,C,0.036,0.0009,972,23,26992,False
nuscenes_mini,95c0a92d52584756832ec795d346e296,pedestrian,1.0,19.19,B,0.2083,0.0833,5,2,24,True
nuscenes_mini,95c0a92d52584756832ec795d346e296,car,0.6332378387451172,36.23,C,0.0417,0.0038,55,5,1320,False
nuscenes_mini,95c0a92d52584756832ec795d346e296,car,0.8632478713989258,24.21,B,0.2046,0.0075,437,16,2136,True
nuscenes_mini,95c0a92d52584756832ec795d346e296,car,0.9064327478408813,12.62,A,0.2054,0.0343,305,51,1485,True
nuscenes_mini,95c0a92d52584756832ec795d346e296,car,0.8439024686813354,24.5,B,0.0855,0.0079,76,7,889,False
nuscenes_mini,95c0a92d52584756832ec795d346e296,car,0.7142857313156128,30.68,C,0.0518,0.0027,133,7,2570,False
nuscenes_mini,95c0a92d52584756832ec795d346e296,car,0.8904109597206116,18.69,B,0.1924,0.0087,264,12,1372,True
nuscenes_mini,95c0a92d52584756832ec795d346e296,car,0.6521739363670349,15.81,B,0.1957,0.0234,501,60,2560,True
nuscenes_mini,95c0a92d52584756832ec795d346e296,truck,0.9298245906829834,21.02,B,0.1331,0.0136,941,96,7072,True
nuscenes_mini,95c0a92d52584756832ec795d346e296,pedestrian,1.0,12.56,A,0.4082,0.102,20,5,49,True
nuscenes_mini,95c0a92d52584756832ec795d346e296,car,0.921951174736023,13.35,A,0.1861,0.0245,402,53,2160,True
nuscenes_mini,95c0a92d52584756832ec795d346e296,pedestrian,1.0,9.46,A,0.625,0.1607,35,9,56,True
nuscenes_mini,95c0a92d52584756832ec795d346e296,pedestrian,1.0,21.17,B,0.2188,0.0781,14,5,64,True
nuscenes_mini,95c0a92d52584756832ec795d346e296,pedestrian,1.0,17.74,B,0.3958,0.0625,19,3,48,True
nuscenes_mini,95c0a92d52584756832ec795d346e296,pedestrian,1.0,32.95,C,0.0179,0.0357,1,2,56,False
nuscenes_mini,95c0a92d52584756832ec795d346e296,pedestrian,1.0,23.08,B,0.2143,0.0179,12,1,56,True
nuscenes_mini,95c0a92d52584756832ec795d346e296,pedestrian,1.0,18.02,B,0.2292,0.0833,11,4,48,True
nuscenes_mini,95c0a92d52584756832ec795d346e296,pedestrian,1.0,27.05,B,0.125,0.0833,3,2,24,True
nuscenes_mini,95c0a92d52584756832ec795d346e296,pedestrian,1.0,34.74,C,0.05,0.05,2,2,40,False
nuscenes_mini,95c0a92d52584756832ec795d346e296,pedestrian,1.0,20.6,B,0.2292,0.0625,11,3,48,True
nuscenes_mini,95c0a92d52584756832ec795d346e296,pedestrian,1.0,19.71,B,0.175,0.125,7,5,40,True
nuscenes_mini,95c0a92d52584756832ec795d346e296,car,0.7344398498535156,23.68,B,0.1223,0.013,113,12,924,True
nuscenes_mini,95c0a92d52584756832ec795d346e296,pedestrian,1.0,12.48,A,0.4375,0.125,21,6,48,True
nuscenes_mini,95c0a92d52584756832ec795d346e296,pedestrian,1.0,12.41,A,0.3056,0.1667,11,6,36,True
nuscenes_mini,95c0a92d52584756832ec795d346e296,pedestrian,1.0,11.43,A,0.3111,0.2222,14,10,45,True
nuscenes_mini,95c0a92d52584756832ec795d346e296,pedestrian,1.0,23.38,B,0.0625,0.0312,2,1,32,False
nuscenes_mini,95c0a92d52584756832ec795d346e296,car,0.8128654956817627,10.36,A,0.1917,0.0271,559,79,2916,True
nuscenes_mini,95c0a92d52584756832ec795d346e296,pedestrian,1.0,3.57,A,0.637,0.3037,86,41,135,True
nuscenes_mini,95c0a92d52584756832ec795d346e296,pedestrian,1.0,50.09,C,0.1875,0.0,6,0,32,True
nuscenes_mini,95c0a92d52584756832ec795d346e296,pedestrian,1.0,24.97,B,0.0833,0.0417,4,2,48,False
nuscenes_mini,95c0a92d52584756832ec795d346e296,pedestrian,1.0,26.99,B,0.0833,0.0,3,0,36,False
nuscenes_mini,95c0a92d52584756832ec795d346e296,pedestrian,1.0,22.69,B,0.0,0.0,0,0,14,False
nuscenes_mini,95c0a92d52584756832ec795d346e296,pedestrian,1.0,37.71,C,0.0,0.0312,0,1,32,False
nuscenes_mini,95c0a92d52584756832ec795d346e296,pedestrian,1.0,26.67,B,0.0833,0.0833,2,2,24,False
nuscenes_mini,95c0a92d52584756832ec795d346e296,pedestrian,1.0,37.85,C,0.1,0.0,6,0,60,False
nuscenes_mini,95c0a92d52584756832ec795d346e296,pedestrian,1.0,44.46,C,0.0,0.0833,0,2,24,False
nuscenes_mini,95c0a92d52584756832ec795d346e296,pedestrian,1.0,29.75,B,0.0,0.1667,0,3,18,False
nuscenes_mini,95c0a92d52584756832ec795d346e296,car,0.8202247023582458,25.86,B,0.1099,0.0055,262,13,2385,True
nuscenes_mini,95c0a92d52584756832ec795d346e296,car,0.8947368264198303,16.34,B,0.2214,0.0111,340,17,1536,True
nuscenes_mini,95c0a92d52584756832ec795d346e296,car,0.8083832263946533,26.35,B,0.0514,0.0042,74,6,1440,False
nuscenes_mini,95c0a92d52584756832ec795d346e296,car,0.5345454812049866,31.59,C,0.0223,0.004,28,5,1253,False
nuscenes_mini,9c7c7d5d109c40fcaecd3c422d37b4f6,car,0.7815700173377991,18.11,B,0.2841,0.0063,225,5,792,True
nuscenes_mini,9c7c7d5d109c40fcaecd3c422d37b4f6,car,0.8358974456787109,17.13,B,0.1665,0.0117,285,20,1712,True
nuscenes_mini,9c7c7d5d109c40fcaecd3c422d37b4f6,car,0.8324607610702515,23.04,B,0.0304,0.0084,47,13,1548,False
nuscenes_mini,9c7c7d5d109c40fcaecd3c422d37b4f6,car,0.8632478713989258,14.7,A,0.1798,0.0235,382,50,2124,True
nuscenes_mini,9c7c7d5d109c40fcaecd3c422d37b4f6,car,0.6167664527893066,14.21,A,0.2541,0.0239,658,62,2590,True
nuscenes_mini,9c7c7d5d109c40fcaecd3c422d37b4f6,truck,0.9139785170555115,19.65,B,0.1191,0.0133,890,99,7470,True
nuscenes_mini,9c7c7d5d109c40fcaecd3c422d37b4f6,car,0.7968254089355469,14.62,A,0.0998,0.0159,119,19,1192,False
nuscenes_mini,9c7c7d5d109c40fcaecd3c422d37b4f6,pedestrian,1.0,24.58,B,0.1,0.0,4,0,40,False
nuscenes_mini,9c7c7d5d109c40fcaecd3c422d37b4f6,pedestrian,1.0,19.57,B,0.2,0.15,8,6,40,True
nuscenes_mini,9c7c7d5d109c40fcaecd3c422d37b4f6,pedestrian,1.0,16.96,B,0.3673,0.0612,18,3,49,True
nuscenes_mini,9c7c7d5d109c40fcaecd3c422d37b4f6,pedestrian,1.0,25.88,B,0.0,0.0,0,0,49,False
nuscenes_mini,9c7c7d5d109c40fcaecd3c422d37b4f6,pedestrian,1.0,8.68,A,0.6562,0.1719,42,11,64,True
nuscenes_mini,9c7c7d5d109c40fcaecd3c422d37b4f6,pedestrian,1.0,17.26,B,0.1562,0.0938,5,3,32,True
nuscenes_mini,9c7c7d5d109c40fcaecd3c422d37b4f6,pedestrian,1.0,20.28,B,0.2,0.0571,7,2,35,True
nuscenes_mini,9c7c7d5d109c40fcaecd3c422d37b4f6,car,0.8947368264198303,22.58,B,0.2103,0.0106,318,16,1512,True
nuscenes_mini,9c7c7d5d109c40fcaecd3c422d37b4f6,pedestrian,1.0,13.06,A,0.375,0.1875,12,6,32,True
nuscenes_mini,9c7c7d5d109c40fcaecd3c422d37b4f6,pedestrian,1.0,24.97,B,0.1429,0.0357,8,2,56,True
nuscenes_mini,9c7c7d5d109c40fcaecd3c422d37b4f6,pedestrian,1.0,13.91,A,0.4167,0.125,10,3,24,True
nuscenes_mini,9c7c7d5d109c40fcaecd3c422d37b4f6,car,0.7655677795410156,10.96,A,0.1808,0.0116,762,49,4214,True
nuscenes_mini,9c7c7d5d109c40fcaecd3c422d37b4f6,car,0.8241757750511169,26.22,B,0.1859,0.0052,251,7,1350,True
nuscenes_mini,9c7c7d5d109c40fcaecd3c422d37b4f6,pedestrian,1.0,13.09,A,0.2679,0.1429,15,8,56,True
nuscenes_mini,9c7c7d5d109c40fcaecd3c422d37b4f6,pedestrian,1.0,3.49,A,0.697,0.2626,69,26,99,True
nuscenes_mini,9c7c7d5d109c40fcaecd3c422d37b4f6,pedestrian,1.0,36.64,C,0.0,0.0,0,0,27,False
nuscenes_mini,9c7c7d5d109c40fcaecd3c422d37b4f6,pedestrian,1.0,32.39,C,0.0,0.0938,0,3,32,False
nuscenes_mini,9c7c7d5d109c40fcaecd3c422d37b4f6,pedestrian,1.0,22.53,B,0.2857,0.0714,8,2,28,True
nuscenes_mini,9c7c7d5d109c40fcaecd3c422d37b4f6,pedestrian,1.0,19.66,B,0.0312,0.1875,1,6,32,False
nuscenes_mini,9c7c7d5d109c40fcaecd3c422d37b4f6,pedestrian,1.0,20.56,B,0.2344,0.0781,15,5,64,True
nuscenes_mini,9c7c7d5d109c40fcaecd3c422d37b4f6,pedestrian,1.0,31.6,C,0.0,0.025,0,1,40,False
nuscenes_mini,9c7c7d5d109c40fcaecd3c422d37b4f6,pedestrian,1.0,23.92,B,0.175,0.05,7,2,40,True
nuscenes_mini,9c7c7d5d109c40fcaecd3c422d37b4f6,pedestrian,1.0,37.37,C,0.0,0.0,0,0,28,False
nuscenes_mini,9c7c7d5d109c40fcaecd3c422d37b4f6,pedestrian,1.0,49.4,C,0.0,0.0,0,0,45,False
nuscenes_mini,9c7c7d5d109c40fcaecd3c422d37b4f6,pedestrian,1.0,31.25,C,0.0833,0.0833,2,2,24,False
nuscenes_mini,9c7c7d5d109c40fcaecd3c422d37b4f6,car,0.8202247023582458,27.18,B,0.0694,0.0045,123,8,1773,False
nuscenes_mini,9c7c7d5d109c40fcaecd3c422d37b4f6,car,0.921951174736023,18.03,B,0.148,0.0095,281,18,1899,True
nuscenes_mini,7d82aa0c679141d1a71733b85fdcd3ed,car,0.6800000071525574,12.37,A,0.1796,0.029,577,93,3212,True
nuscenes_mini,7d82aa0c679141d1a71733b85fdcd3ed,car,0.9024390578269958,15.9,B,0.1561,0.0228,281,41,1800,True
nuscenes_mini,7d82aa0c679141d1a71733b85fdcd3ed,car,0.7538461089134216,27.56,B,0.0647,0.0052,188,15,2907,False
nuscenes_mini,7d82aa0c679141d1a71733b85fdcd3ed,car,0.8865247964859009,21.08,B,0.1034,0.0069,120,8,1160,True
nuscenes_mini,7d82aa0c679141d1a71733b85fdcd3ed,pedestrian,1.0,16.33,B,0.375,0.0536,21,3,56,True
nuscenes_mini,7d82aa0c679141d1a71733b85fdcd3ed,pedestrian,1.0,24.66,B,0.0,0.0,0,0,35,False
nuscenes_mini,7d82aa0c679141d1a71733b85fdcd3ed,pedestrian,1.0,16.56,B,0.2188,0.125,7,4,32,True
nuscenes_mini,7d82aa0c679141d1a71733b85fdcd3ed,pedestrian,1.0,16.49,B,0.3125,0.0625,10,2,32,True
nuscenes_mini,7d82aa0c679141d1a71733b85fdcd3ed,car,0.8827838897705078,15.1,B,0.2039,0.0171,274,23,1344,True
nuscenes_mini,7d82aa0c679141d1a71733b85fdcd3ed,car,0.9139785170555115,21.35,B,0.1406,0.0178,261,33,1856,True
nuscenes_mini,7d82aa0c679141d1a71733b85fdcd3ed,truck,0.5311355590820312,23.73,B,0.1231,0.0257,264,55,2144,True
nuscenes_mini,7d82aa0c679141d1a71733b85fdcd3ed,truck,0.9139785170555115,17.79,B,0.1297,0.0145,1025,115,7904,True
nuscenes_mini,7d82aa0c679141d1a71733b85fdcd3ed,pedestrian,1.0,15.83,B,0.35,0.0,14,0,40,True
nuscenes_mini,7d82aa0c679141d1a71733b85fdcd3ed,car,0.7500000596046448,10.81,A,0.1903,0.0194,678,69,3562,True
nuscenes_mini,7d82aa0c679141d1a71733b85fdcd3ed,car,0.6831682920455933,28.71,B,0.102,0.003,235,7,2304,True
nuscenes_mini,7d82aa0c679141d1a71733b85fdcd3ed,car,0.7299578189849854,27.85,B,0.1433,0.0066,196,9,1368,True
nuscenes_mini,7d82aa0c679141d1a71733b85fdcd3ed,pedestrian,1.0,3.85,A,0.6944,0.2639,50,19,72,True
nuscenes_mini,7d82aa0c679141d1a71733b85fdcd3ed,pedestrian,1.0,13.68,A,0.1429,0.0714,8,4,56,True
nuscenes_mini,7d82aa0c679141d1a71733b85fdcd3ed,pedestrian,1.0,37.03,C,0.0,0.0,0,0,32,False
nuscenes_mini,7d82aa0c679141d1a71733b85fdcd3ed,pedestrian,1.0,32.01,C,0.0625,0.125,1,2,16,False
nuscenes_mini,7d82aa0c679141d1a71733b85fdcd3ed,pedestrian,1.0,31.36,C,0.0816,0.0612,4,3,49,False
nuscenes_mini,7d82aa0c679141d1a71733b85fdcd3ed,pedestrian,1.0,20.52,B,0.25,0.075,10,3,40,True
nuscenes_mini,7d82aa0c679141d1a71733b85fdcd3ed,pedestrian,1.0,20.51,B,0.3125,0.0625,20,4,64,True
nuscenes_mini,7d82aa0c679141d1a71733b85fdcd3ed,pedestrian,1.0,32.07,C,0.0545,0.0364,3,2,55,False
nuscenes_mini,7d82aa0c679141d1a71733b85fdcd3ed,pedestrian,1.0,25.13,B,0.2143,0.0952,9,4,42,True
nuscenes_mini,7d82aa0c679141d1a71733b85fdcd3ed,pedestrian,1.0,26.56,B,0.1667,0.0,4,0,24,True
nuscenes_mini,7d82aa0c679141d1a71733b85fdcd3ed,pedestrian,1.0,20.07,B,0.125,0.075,5,3,40,True
nuscenes_mini,7d82aa0c679141d1a71733b85fdcd3ed,pedestrian,1.0,32.88,C,0.0938,0.0312,3,1,32,False
nuscenes_mini,7d82aa0c679141d1a71733b85fdcd3ed,pedestrian,1.0,8.6,A,0.625,0.2,25,8,40,True
nuscenes_mini,7d82aa0c679141d1a71733b85fdcd3ed,pedestrian,1.0,39.57,C,0.05,0.05,2,2,40,False
nuscenes_mini,7d82aa0c679141d1a71733b85fdcd3ed,pedestrian,1.0,26.89,B,0.125,0.0312,4,1,32,True
nuscenes_mini,7d82aa0c679141d1a71733b85fdcd3ed,car,0.8947368264198303,20.74,B,0.0615,0.0137,94,21,1528,False
nuscenes_mini,07175443e8444b8c8c4802fd004e33c1,car,0.7852349281311035,25.32,B,0.069,0.0062,133,12,1928,False
nuscenes_mini,07175443e8444b8c8c4802fd004e33c1,car,0.9139785170555115,17.21,B,0.1093,0.0171,243,38,2223,True
nuscenes_mini,07175443e8444b8c8c4802fd004e33c1,car,0.8947368264198303,18.77,B,0.1099,0.0147,120,16,1092,True
nuscenes_mini,07175443e8444b8c8c4802fd004e33c1,car,0.5897435545921326,31.56,C,0.0557,0.0063,53,6,952,False
nuscenes_mini,07175443e8444b8c8c4802fd004e33c1,car,0.5704697966575623,34.22,C,0.0706,0.0064,110,10,1557,False
nuscenes_mini,07175443e8444b8c8c4802fd004e33c1,pedestrian,1.0,16.15,B,0.2917,0.1042,14,5,48,True
nuscenes_mini,07175443e8444b8c8c4802fd004e33c1,car,0.9139785170555115,20.61,B,0.1824,0.0151,458,38,2511,True
nuscenes_mini,07175443e8444b8c8c4802fd004e33c1,car,0.9259259104728699,18.32,B,0.1102,0.0141,156,20,1416,True
nuscenes_mini,07175443e8444b8c8c4802fd004e33c1,truck,0.5276752710342407,10.16,A,0.2428,0.0572,624,147,2570,True
nuscenes_mini,07175443e8444b8c8c4802fd004e33c1,truck,0.8750000596046448,15.81,B,0.0867,0.0161,631,117,7275,False
nuscenes_mini,07175443e8444b8c8c4802fd004e33c1,pedestrian,1.0,25.82,B,0.0938,0.0625,3,2,32,False
nuscenes_mini,07175443e8444b8c8c4802fd004e33c1,pedestrian,1.0,30.86,C,0.25,0.0,7,0,28,True
nuscenes_mini,07175443e8444b8c8c4802fd004e33c1,pedestrian,1.0,29.34,B,0.1778,0.0889,8,4,45,True
nuscenes_mini,07175443e8444b8c8c4802fd004e33c1,pedestrian,1.0,28.87,B,0.0833,0.0208,4,1,48,False
nuscenes_mini,07175443e8444b8c8c4802fd004e33c1,pedestrian,1.0,27.46,B,0.125,0.0625,6,3,48,True
nuscenes_mini,07175443e8444b8c8c4802fd004e33c1,pedestrian,1.0,34.89,C,0.1714,0.0286,6,1,35,True
nuscenes_mini,07175443e8444b8c8c4802fd004e33c1,pedestrian,1.0,18.18,B,0.3438,0.0625,11,2,32,True
nuscenes_mini,07175443e8444b8c8c4802fd004e33c1,pedestrian,1.0,24.79,B,0.0938,0.0938,3,3,32,False
nuscenes_mini,07175443e8444b8c8c4802fd004e33c1,pedestrian,1.0,17.44,B,0.2708,0.0833,13,4,48,True
nuscenes_mini,07175443e8444b8c8c4802fd004e33c1,pedestrian,1.0,34.9,C,0.1111,0.0,3,0,27,True
nuscenes_mini,07175443e8444b8c8c4802fd004e33c1,car,0.7620818018913269,30.69,C,0.108,0.0014,158,2,1463,True
nuscenes_mini,07175443e8444b8c8c4802fd004e33c1,car,0.6012461185455322,11.31,A,0.206,0.0265,739,95,3588,True
nuscenes_mini,07175443e8444b8c8c4802fd004e33c1,car,0.8709677457809448,24.94,B,0.0563,0.0041,82,6,1456,False
nuscenes_mini,07175443e8444b8c8c4802fd004e33c1,car,0.8160918951034546,32.09,C,0.0532,0.0013,80,2,1504,False
nuscenes_mini,07175443e8444b8c8c4802fd004e33c1,pedestrian,1.0,4.93,A,0.5926,0.3333,32,18,54,True
nuscenes_mini,07175443e8444b8c8c4802fd004e33c1,pedestrian,1.0,14.35,A,0.4167,0.0556,30,4,72,True
nuscenes_mini,07175443e8444b8c8c4802fd004e33c1,car,0.5661016702651978,43.58,C,0.0,0.0,0,0,264,False
nuscenes_mini,07175443e8444b8c8c4802fd004e33c1,car,0.6559139490127563,32.0,C,0.0528,0.0052,102,10,1930,False
nuscenes_mini,07175443e8444b8c8c4802fd004e33c1,pedestrian,1.0,40.94,C,0.1714,0.0857,6,3,35,True
nuscenes_mini,07175443e8444b8c8c4802fd004e33c1,pedestrian,1.0,27.78,B,0.2143,0.0,12,0,56,True
nuscenes_mini,07175443e8444b8c8c4802fd004e33c1,pedestrian,1.0,21.09,B,0.2361,0.0417,17,3,72,True
nuscenes_mini,07175443e8444b8c8c4802fd004e33c1,pedestrian,1.0,20.42,B,0.2083,0.0625,10,3,48,True
nuscenes_mini,07175443e8444b8c8c4802fd004e33c1,pedestrian,1.0,34.89,C,0.15,0.025,6,1,40,True
nuscenes_mini,07175443e8444b8c8c4802fd004e33c1,pedestrian,1.0,32.71,C,0.0417,0.0417,1,1,24,False
nuscenes_mini,07175443e8444b8c8c4802fd004e33c1,pedestrian,1.0,16.1,B,0.3333,0.1389,12,5,36,True
nuscenes_mini,07175443e8444b8c8c4802fd004e33c1,pedestrian,1.0,34.94,C,0.0889,0.0222,4,1,45,False
nuscenes_mini,07175443e8444b8c8c4802fd004e33c1,pedestrian,1.0,31.0,C,0.175,0.0,7,0,40,True
nuscenes_mini,07175443e8444b8c8c4802fd004e33c1,pedestrian,1.0,9.5,A,0.5357,0.1071,30,6,56,True
nuscenes_mini,07175443e8444b8c8c4802fd004e33c1,pedestrian,1.0,37.49,C,0.0,0.0,0,0,72,False
nuscenes_mini,07175443e8444b8c8c4802fd004e33c1,pedestrian,1.0,16.06,B,0.3889,0.0833,14,3,36,True
nuscenes_mini,07175443e8444b8c8c4802fd004e33c1,pedestrian,1.0,25.98,B,0.0476,0.0159,3,1,63,False
nuscenes_mini,07175443e8444b8c8c4802fd004e33c1,pedestrian,1.0,33.25,C,0.0417,0.0417,1,1,24,False
nuscenes_mini,07175443e8444b8c8c4802fd004e33c1,pedestrian,1.0,25.8,B,0.125,0.0,3,0,24,True
nuscenes_mini,07175443e8444b8c8c4802fd004e33c1,pedestrian,1.0,16.38,B,0.3125,0.0938,10,3,32,True
nuscenes_mini,07175443e8444b8c8c4802fd004e33c1,pedestrian,1.0,30.1,C,0.0,0.0,0,0,28,False
nuscenes_mini,07175443e8444b8c8c4802fd004e33c1,pedestrian,1.0,35.21,C,0.075,0.075,3,3,40,False
nuscenes_mini,07175443e8444b8c8c4802fd004e33c1,pedestrian,1.0,27.01,B,0.0357,0.0,1,0,28,False
nuscenes_mini,07175443e8444b8c8c4802fd004e33c1,pedestrian,1.0,40.02,C,0.05,0.025,2,1,40,False
nuscenes_mini,07175443e8444b8c8c4802fd004e33c1,pedestrian,1.0,29.17,B,0.0357,0.0357,2,2,56,False
nuscenes_mini,07175443e8444b8c8c4802fd004e33c1,pedestrian,1.0,38.81,C,0.1071,0.0357,3,1,28,True
nuscenes_mini,07175443e8444b8c8c4802fd004e33c1,pedestrian,1.0,40.9,C,0.0938,0.0312,3,1,32,False
nuscenes_mini,07175443e8444b8c8c4802fd004e33c1,bicycle,0.7064220309257507,19.25,B,0.3676,0.0108,68,2,185,True
nuscenes_mini,056becbc0d5a46da8d59eebddedb47bb,car,0.8750000596046448,23.29,B,0.055,0.0043,141,11,2565,False
nuscenes_mini,056becbc0d5a46da8d59eebddedb47bb,car,0.9139785170555115,18.52,B,0.0592,0.0153,151,39,2550,False
nuscenes_mini,056becbc0d5a46da8d59eebddedb47bb,car,0.6908212304115295,17.75,B,0.0408,0.0089,32,7,784,False
nuscenes_mini,056becbc0d5a46da8d59eebddedb47bb,car,0.7928802371025085,29.65,B,0.0512,0.0023,88,4,1719,False
nuscenes_mini,056becbc0d5a46da8d59eebddedb47bb,car,0.5540069937705994,32.86,C,0.0167,0.0054,31,10,1860,False
nuscenes_mini,056becbc0d5a46da8d59eebddedb47bb,pedestrian,1.0,9.68,A,0.4091,0.0909,36,8,88,True
nuscenes_mini,056becbc0d5a46da8d59eebddedb47bb,pedestrian,1.0,23.39,B,0.0,0.0,0,0,48,False
nuscenes_mini,056becbc0d5a46da8d59eebddedb47bb,pedestrian,1.0,7.29,A,0.2917,0.125,14,6,48,True
nuscenes_mini,056becbc0d5a46da8d59eebddedb47bb,car,0.8987342119216919,16.38,B,0.1311,0.0228,190,33,1449,True
nuscenes_mini,056becbc0d5a46da8d59eebddedb47bb,truck,0.8128654956817627,14.26,A,0.156,0.0151,1093,106,7008,True
nuscenes_mini,056becbc0d5a46da8d59eebddedb47bb,pedestrian,1.0,29.52,B,0.0741,0.0185,4,1,54,False
nuscenes_mini,056becbc0d5a46da8d59eebddedb47bb,pedestrian,1.0,37.83,C,0.0,0.0417,0,1,24,False
nuscenes_mini,056becbc0d5a46da8d59eebddedb47bb,pedestrian,1.0,33.56,C,0.075,0.05,3,2,40,False
nuscenes_mini,056becbc0d5a46da8d59eebddedb47bb,pedestrian,1.0,6.68,A,0.463,0.2037,25,11,54,True
nuscenes_mini,056becbc0d5a46da8d59eebddedb47bb,pedestrian,1.0,20.65,B,0.1778,0.0667,8,3,45,True
nuscenes_mini,056becbc0d5a46da8d59eebddedb47bb,pedestrian,1.0,37.93,C,0.0417,0.0417,1,1,24,False
nuscenes_mini,056becbc0d5a46da8d59eebddedb47bb,pedestrian,1.0,42.98,C,0.1429,0.0714,2,1,14,True
nuscenes_mini,056becbc0d5a46da8d59eebddedb47bb,pedestrian,1.0,35.55,C,0.1667,0.0417,4,1,24,True
nuscenes_mini,056becbc0d5a46da8d59eebddedb47bb,pedestrian,1.0,29.82,B,0.0,0.05,0,1,20,False
nuscenes_mini,056becbc0d5a46da8d59eebddedb47bb,pedestrian,1.0,36.69,C,0.0,0.0,0,0,72,False
nuscenes_mini,056becbc0d5a46da8d59eebddedb47bb,pedestrian,1.0,33.25,C,0.1071,0.0,3,0,28,True
nuscenes_mini,056becbc0d5a46da8d59eebddedb47bb,pedestrian,1.0,19.84,B,0.2698,0.0635,17,4,63,True
nuscenes_mini,056becbc0d5a46da8d59eebddedb47bb,pedestrian,1.0,20.8,B,0.0625,0.0938,2,3,32,False
nuscenes_mini,056becbc0d5a46da8d59eebddedb47bb,car,0.6604774594306946,12.07,A,0.2154,0.0301,687,96,3190,True
nuscenes_mini,056becbc0d5a46da8d59eebddedb47bb,car,0.719298243522644,39.05,C,0.0074,0.0015,20,4,2696,False
nuscenes_mini,056becbc0d5a46da8d59eebddedb47bb,car,0.8947368264198303,28.51,B,0.0337,0.0018,57,3,1692,False
nuscenes_mini,056becbc0d5a46da8d59eebddedb47bb,car,0.7928802371025085,33.84,C,0.029,0.0024,48,4,1656,False
nuscenes_mini,056becbc0d5a46da8d59eebddedb47bb,pedestrian,1.0,15.36,B,0.125,0.0536,7,3,56,True
nuscenes_mini,056becbc0d5a46da8d59eebddedb47bb,car,0.675126850605011,32.89,C,0.0397,0.0061,59,9,1485,False
nuscenes_mini,056becbc0d5a46da8d59eebddedb47bb,pedestrian,1.0,26.78,B,0.1042,0.0,5,0,48,True
nuscenes_mini,056becbc0d5a46da8d59eebddedb47bb,pedestrian,1.0,22.28,B,0.1528,0.0278,11,2,72,True
nuscenes_mini,056becbc0d5a46da8d59eebddedb47bb,pedestrian,1.0,32.16,C,0.0938,0.0312,3,1,32,False
nuscenes_mini,056becbc0d5a46da8d59eebddedb47bb,pedestrian,1.0,35.72,C,0.075,0.025,3,1,40,False
nuscenes_mini,056becbc0d5a46da8d59eebddedb47bb,pedestrian,1.0,30.93,C,0.1778,0.0222,8,1,45,True
nuscenes_mini,056becbc0d5a46da8d59eebddedb47bb,pedestrian,1.0,26.22,B,0.025,0.0,1,0,40,False
nuscenes_mini,056becbc0d5a46da8d59eebddedb47bb,pedestrian,1.0,26.03,B,0.0,0.0,0,0,24,False
nuscenes_mini,056becbc0d5a46da8d59eebddedb47bb,pedestrian,1.0,24.98,B,0.0,0.0,0,0,56,False
nuscenes_mini,056becbc0d5a46da8d59eebddedb47bb,pedestrian,1.0,16.87,B,0.15,0.075,6,3,40,True
nuscenes_mini,056becbc0d5a46da8d59eebddedb47bb,pedestrian,1.0,36.3,C,0.075,0.025,3,1,40,False
nuscenes_mini,056becbc0d5a46da8d59eebddedb47bb,pedestrian,1.0,20.98,B,0.1719,0.0469,11,3,64,True
nuscenes_mini,056becbc0d5a46da8d59eebddedb47bb,pedestrian,1.0,34.72,C,0.037,0.0185,2,1,54,False
nuscenes_mini,056becbc0d5a46da8d59eebddedb47bb,pedestrian,1.0,16.44,B,0.3056,0.1111,22,8,72,True
nuscenes_mini,056becbc0d5a46da8d59eebddedb47bb,pedestrian,1.0,25.36,B,0.05,0.05,3,3,60,False
nuscenes_mini,056becbc0d5a46da8d59eebddedb47bb,pedestrian,1.0,16.47,B,0.3125,0.125,15,6,48,True
nuscenes_mini,056becbc0d5a46da8d59eebddedb47bb,pedestrian,1.0,11.33,A,0.4792,0.0833,46,8,96,True
nuscenes_mini,056becbc0d5a46da8d59eebddedb47bb,pedestrian,1.0,42.07,C,0.0741,0.0185,4,1,54,False
nuscenes_mini,056becbc0d5a46da8d59eebddedb47bb,pedestrian,1.0,25.71,B,0.0667,0.0222,3,1,45,False
nuscenes_mini,056becbc0d5a46da8d59eebddedb47bb,pedestrian,1.0,28.91,B,0.0833,0.0417,4,2,48,False
nuscenes_mini,056becbc0d5a46da8d59eebddedb47bb,pedestrian,1.0,25.41,B,0.1023,0.0114,9,1,88,True
nuscenes_mini,056becbc0d5a46da8d59eebddedb47bb,pedestrian,1.0,43.22,C,0.0833,0.0,2,0,24,False
nuscenes_mini,056becbc0d5a46da8d59eebddedb47bb,pedestrian,1.0,33.54,C,0.0,0.0625,0,1,16,False
nuscenes_mini,056becbc0d5a46da8d59eebddedb47bb,car,0.8241757750511169,36.27,C,0.0688,0.0079,104,12,1512,False
nuscenes_mini,056becbc0d5a46da8d59eebddedb47bb,car,0.9532163739204407,20.13,B,0.2254,0.0156,505,35,2240,True
nuscenes_mini,056becbc0d5a46da8d59eebddedb47bb,bicycle,0.7887788414955139,22.82,B,0.3527,0.0271,91,7,258,True
nuscenes_mini,3b594af1b130490989536590345c9dc9,pedestrian,1.0,41.69,C,0.0536,0.0357,3,2,56,False
nuscenes_mini,3b594af1b130490989536590345c9dc9,car,0.8987342119216919,19.5,B,0.0584,0.0143,143,35,2450,False
nuscenes_mini,3b594af1b130490989536590345c9dc9,car,0.859649121761322,19.84,B,0.1701,0.0103,381,23,2240,True
nuscenes_mini,3b594af1b130490989536590345c9dc9,car,0.7538461089134216,34.44,C,0.0114,0.0019,18,3,1584,False
nuscenes_mini,3b594af1b130490989536590345c9dc9,car,0.5508772134780884,30.43,C,0.0609,0.0005,247,2,4056,False
nuscenes_mini,3b594af1b130490989536590345c9dc9,pedestrian,1.0,8.57,A,0.4886,0.1136,43,10,88,True
nuscenes_mini,3b594af1b130490989536590345c9dc9,pedestrian,1.0,40.98,C,0.0,0.0,0,0,32,False
nuscenes_mini,3b594af1b130490989536590345c9dc9,car,0.7852349281311035,19.48,B,0.1759,0.0071,197,8,1120,True
nuscenes_mini,3b594af1b130490989536590345c9dc9,car,0.5428571701049805,7.17,A,0.2912,0.0727,961,240,3300,True
nuscenes_mini,3b594af1b130490989536590345c9dc9,car,0.5775577425956726,23.61,B,0.0597,0.007,51,6,854,False
nuscenes_mini,3b594af1b130490989536590345c9dc9,car,0.8947368264198303,14.16,A,0.2314,0.0256,371,41,1603,True
nuscenes_mini,3b594af1b130490989536590345c9dc9,pedestrian,1.0,36.2,C,0.0625,0.0208,3,1,48,False
nuscenes_mini,3b594af1b130490989536590345c9dc9,pedestrian,1.0,34.43,C,0.0,0.0,0,0,32,False
nuscenes_mini,3b594af1b130490989536590345c9dc9,pedestrian,1.0,9.04,A,0.4583,0.1111,33,8,72,True
nuscenes_mini,3b594af1b130490989536590345c9dc9,pedestrian,1.0,32.49,C,0.0312,0.0312,1,1,32,False
nuscenes_mini,3b594af1b130490989536590345c9dc9,pedestrian,1.0,45.63,C,0.0,0.0,0,0,42,False
nuscenes_mini,3b594af1b130490989536590345c9dc9,pedestrian,1.0,31.85,C,0.0,0.025,0,1,40,False
nuscenes_mini,3b594af1b130490989536590345c9dc9,pedestrian,1.0,40.77,C,0.0476,0.0,1,0,21,False
nuscenes_mini,3b594af1b130490989536590345c9dc9,pedestrian,1.0,34.44,C,0.0,0.0625,0,2,32,False
nuscenes_mini,3b594af1b130490989536590345c9dc9,pedestrian,1.0,38.4,C,0.0741,0.0741,2,2,27,False
nuscenes_mini,3b594af1b130490989536590345c9dc9,pedestrian,1.0,32.58,C,0.0417,0.0208,2,1,48,False
nuscenes_mini,3b594af1b130490989536590345c9dc9,pedestrian,1.0,22.72,B,0.0741,0.0741,2,2,27,False
nuscenes_mini,3b594af1b130490989536590345c9dc9,pedestrian,1.0,32.07,C,0.0,0.0,0,0,16,False
nuscenes_mini,3b594af1b130490989536590345c9dc9,pedestrian,1.0,40.79,C,0.0,0.0,0,0,49,False
nuscenes_mini,3b594af1b130490989536590345c9dc9,car,0.5775577425956726,13.37,A,0.1463,0.0281,433,83,2959,True
nuscenes_mini,3b594af1b130490989536590345c9dc9,car,0.8787879347801208,34.72,C,0.0058,0.0023,10,4,1736,False
nuscenes_mini,3b594af1b130490989536590345c9dc9,car,0.8202247023582458,35.81,C,0.0427,0.006,57,8,1336,False
nuscenes_mini,3b594af1b130490989536590345c9dc9,car,0.7419355511665344,36.24,C,0.1203,0.0011,228,2,1896,True
nuscenes_mini,3b594af1b130490989536590345c9dc9,pedestrian,1.0,34.57,C,0.0833,0.0556,3,2,36,False
nuscenes_mini,3b594af1b130490989536590345c9dc9,pedestrian,1.0,30.61,C,0.15,0.025,12,2,80,True
nuscenes_mini,3b594af1b130490989536590345c9dc9,pedestrian,1.0,23.69,B,0.25,0.0208,24,2,96,True
nuscenes_mini,3b594af1b130490989536590345c9dc9,pedestrian,1.0,31.57,C,0.0469,0.0312,3,2,64,False
nuscenes_mini,3b594af1b130490989536590345c9dc9,pedestrian,1.0,17.55,B,0.3651,0.0476,23,3,63,True
nuscenes_mini,3b594af1b130490989536590345c9dc9,pedestrian,1.0,30.07,C,0.0,0.0,0,0,88,False
nuscenes_mini,3b594af1b130490989536590345c9dc9,pedestrian,1.0,27.11,B,0.1111,0.0278,8,2,72,True
nuscenes_mini,3b594af1b130490989536590345c9dc9,pedestrian,1.0,28.7,B,0.2083,0.0208,10,1,48,True
nuscenes_mini,3b594af1b130490989536590345c9dc9,pedestrian,1.0,31.83,C,0.0833,0.0,3,0,36,False
nuscenes_mini,3b594af1b130490989536590345c9dc9,pedestrian,1.0,26.91,B,0.0417,0.0417,1,1,24,False
nuscenes_mini,3b594af1b130490989536590345c9dc9,pedestrian,1.0,17.35,B,0.3333,0.0476,21,3,63,True
nuscenes_mini,3b594af1b130490989536590345c9dc9,pedestrian,1.0,25.09,B,0.0,0.0,0,0,54,False
nuscenes_mini,3b594af1b130490989536590345c9dc9,pedestrian,1.0,24.16,B,0.0,0.0,0,0,42,False
nuscenes_mini,3b594af1b130490989536590345c9dc9,pedestrian,1.0,37.7,C,0.0,0.0,0,0,45,False
nuscenes_mini,3b594af1b130490989536590345c9dc9,pedestrian,1.0,45.29,C,0.0,0.0,0,0,48,False
nuscenes_mini,3b594af1b130490989536590345c9dc9,pedestrian,1.0,17.87,B,0.2778,0.2222,5,4,18,True
nuscenes_mini,3b594af1b130490989536590345c9dc9,pedestrian,1.0,21.9,B,0.1746,0.0476,11,3,63,True
nuscenes_mini,3b594af1b130490989536590345c9dc9,pedestrian,1.0,25.7,B,0.125,0.0417,6,2,48,True
nuscenes_mini,3b594af1b130490989536590345c9dc9,pedestrian,1.0,26.97,B,0.0,0.0,0,0,28,False
nuscenes_mini,3b594af1b130490989536590345c9dc9,pedestrian,1.0,35.23,C,0.0,0.0,0,0,40,False
nuscenes_mini,3b594af1b130490989536590345c9dc9,car,0.921951174736023,19.78,B,0.1657,0.0259,166,26,1002,True
nuscenes_mini,3b594af1b130490989536590345c9dc9,bicycle,0.6683937907218933,25.52,B,0.2955,0.0097,91,3,308,True
nuscenes_mini,acf9fcbeb1e346b98640f694f15460e8,car,0.6483516097068787,27.47,B,0.0395,0.0062,127,20,3212,False
nuscenes_mini,acf9fcbeb1e346b98640f694f15460e8,car,0.9024390578269958,19.51,B,0.1321,0.0167,214,27,1620,True
nuscenes_mini,acf9fcbeb1e346b98640f694f15460e8,car,0.8709677457809448,18.76,B,0.0762,0.0018,171,4,2244,False
nuscenes_mini,acf9fcbeb1e346b98640f694f15460e8,car,0.7104072570800781,19.41,B,0.2193,0.01,175,8,798,True
nuscenes_mini,acf9fcbeb1e346b98640f694f15460e8,pedestrian,1.0,7.69,A,0.7083,0.0833,85,10,120,True
nuscenes_mini,acf9fcbeb1e346b98640f694f15460e8,pedestrian,1.0,32.6,C,0.0208,0.0625,1,3,48,False
nuscenes_mini,acf9fcbeb1e346b98640f694f15460e8,pedestrian,1.0,17.1,B,0.3056,0.0139,22,1,72,True
nuscenes_mini,acf9fcbeb1e346b98640f694f15460e8,car,0.6246334314346313,26.5,B,0.0839,0.005,349,21,4160,False
nuscenes_mini,acf9fcbeb1e346b98640f694f15460e8,car,0.9101123809814453,17.27,B,0.2061,0.0119,432,25,2096,True
nuscenes_mini,acf9fcbeb1e346b98640f694f15460e8,car,0.9452055096626282,12.05,A,0.3765,0.0399,774,82,2056,True
nuscenes_mini,acf9fcbeb1e346b98640f694f15460e8,truck,0.675126850605011,12.53,A,0.011,0.0035,19,6,1728,False
nuscenes_mini,acf9fcbeb1e346b98640f694f15460e8,pedestrian,1.0,37.63,C,0.0417,0.0417,1,1,24,False
nuscenes_mini,acf9fcbeb1e346b98640f694f15460e8,pedestrian,1.0,43.92,C,0.0625,0.0,2,0,32,False
nuscenes_mini,acf9fcbeb1e346b98640f694f15460e8,pedestrian,1.0,11.75,A,0.4286,0.0408,21,2,49,True
nuscenes_mini,acf9fcbeb1e346b98640f694f15460e8,pedestrian,1.0,36.97,C,0.15,0.025,6,1,40,True
nuscenes_mini,acf9fcbeb1e346b98640f694f15460e8,pedestrian,1.0,28.19,B,0.2,0.05,8,2,40,True
nuscenes_mini,acf9fcbeb1e346b98640f694f15460e8,pedestrian,1.0,16.57,B,0.1786,0.1071,10,6,56,True
nuscenes_mini,acf9fcbeb1e346b98640f694f15460e8,pedestrian,1.0,39.14,C,0.0667,0.0,3,0,45,False
nuscenes_mini,acf9fcbeb1e346b98640f694f15460e8,pedestrian,1.0,34.83,C,0.1042,0.0208,5,1,48,True
nuscenes_mini,acf9fcbeb1e346b98640f694f15460e8,pedestrian,1.0,39.23,C,0.0625,0.125,1,2,16,False
nuscenes_mini,acf9fcbeb1e346b98640f694f15460e8,pedestrian,1.0,30.46,C,0.2083,0.0417,5,1,24,True
nuscenes_mini,acf9fcbeb1e346b98640f694f15460e8,car,0.597484290599823,15.29,B,0.103,0.0265,276,71,2680,True
nuscenes_mini,acf9fcbeb1e346b98640f694f15460e8,car,0.827957034111023,39.5,C,0.0,0.0,0,0,1288,False
nuscenes_mini,acf9fcbeb1e346b98640f694f15460e8,car,0.7730495929718018,43.42,C,0.0,0.0,0,0,1560,False
nuscenes_mini,acf9fcbeb1e346b98640f694f15460e8,car,0.7229437232017517,45.24,C,0.0031,0.001,6,2,1911,False
nuscenes_mini,acf9fcbeb1e346b98640f694f15460e8,pedestrian,1.0,7.7,A,0.6818,0.1136,60,10,88,True
nuscenes_mini,acf9fcbeb1e346b98640f694f15460e8,pedestrian,1.0,29.58,B,0.2041,0.0408,10,2,49,True
nuscenes_mini,acf9fcbeb1e346b98640f694f15460e8,pedestrian,1.0,25.46,B,0.2375,0.0625,19,5,80,True
nuscenes_mini,acf9fcbeb1e346b98640f694f15460e8,pedestrian,1.0,28.32,B,0.0833,0.0833,4,4,48,False
nuscenes_mini,acf9fcbeb1e346b98640f694f15460e8,pedestrian,1.0,37.21,C,0.0938,0.0938,3,3,32,False
nuscenes_mini,acf9fcbeb1e346b98640f694f15460e8,pedestrian,1.0,30.59,C,0.1429,0.0714,4,2,28,True
nuscenes_mini,acf9fcbeb1e346b98640f694f15460e8,pedestrian,1.0,23.21,B,0.1607,0.0893,9,5,56,True
nuscenes_mini,acf9fcbeb1e346b98640f694f15460e8,pedestrian,1.0,38.67,C,0.0625,0.0312,2,1,32,False
nuscenes_mini,acf9fcbeb1e346b98640f694f15460e8,car,0.6800000071525574,36.19,C,0.059,0.0013,45,1,763,False
nuscenes_mini,acf9fcbeb1e346b98640f694f15460e8,bicycle,0.7500000596046448,25.92,B,0.3812,0.0,61,0,160,True
nuscenes_mini,0e837c21890a4515874247ceb3dbf5c3,car,0.8083832263946533,21.94,B,0.1651,0.0072,321,14,1944,True
nuscenes_mini,0e837c21890a4515874247ceb3dbf5c3,car,0.8865247964859009,20.32,B,0.0863,0.0183,146,31,1692,False
nuscenes_mini,0e837c21890a4515874247ceb3dbf5c3,pedestrian,1.0,16.46,B,0.2286,0.0857,8,3,35,True
nuscenes_mini,0e837c21890a4515874247ceb3dbf5c3,car,0.9336099624633789,10.52,A,0.3878,0.0455,809,95,2086,True
nuscenes_mini,0e837c21890a4515874247ceb3dbf5c3,car,0.9259259104728699,15.07,B,0.2485,0.0208,513,43,2064,True
nuscenes_mini,0e837c21890a4515874247ceb3dbf5c3,car,0.6831682920455933,20.75,B,0.1532,0.0089,190,11,1240,True
nuscenes_mini,0e837c21890a4515874247ceb3dbf5c3,car,0.5816993117332458,24.58,B,0.0632,0.01,139,22,2200,False
nuscenes_mini,0e837c21890a4515874247ceb3dbf5c3,car,0.8160918951034546,21.66,B,0.0051,0.0004,34,3,6677,False
nuscenes_mini,0e837c21890a4515874247ceb3dbf5c3,pedestrian,1.0,19.57,B,0.1786,0.0357,5,1,28,True
nuscenes_mini,0e837c21890a4515874247ceb3dbf5c3,pedestrian,1.0,46.73,C,0.1136,0.0,10,0,88,True
nuscenes_mini,0e837c21890a4515874247ceb3dbf5c3,pedestrian,1.0,14.41,A,0.2679,0.0714,15,4,56,True
nuscenes_mini,0e837c21890a4515874247ceb3dbf5c3,pedestrian,1.0,43.74,C,0.0312,0.0312,1,1,32,False
nuscenes_mini,0e837c21890a4515874247ceb3dbf5c3,pedestrian,1.0,44.26,C,0.125,0.0,3,0,24,True
nuscenes_mini,0e837c21890a4515874247ceb3dbf5c3,pedestrian,1.0,27.17,B,0.1562,0.0312,5,1,32,True
nuscenes_mini,0e837c21890a4515874247ceb3dbf5c3,pedestrian,1.0,47.11,C,0.125,0.0,2,0,16,True
nuscenes_mini,0e837c21890a4515874247ceb3dbf5c3,pedestrian,1.0,32.67,C,0.1224,0.0612,6,3,49,True
nuscenes_mini,0e837c21890a4515874247ceb3dbf5c3,pedestrian,1.0,30.7,C,0.175,0.025,7,1,40,True
nuscenes_mini,0e837c21890a4515874247ceb3dbf5c3,car,0.7264957427978516,17.0,B,0.0982,0.0214,325,71,3311,False
nuscenes_mini,0e837c21890a4515874247ceb3dbf5c3,car,0.8160918951034546,41.16,C,0.0037,0.0007,5,1,1368,False
nuscenes_mini,0e837c21890a4515874247ceb3dbf5c3,car,0.7730495929718018,45.25,C,0.0238,0.0,21,0,882,False
nuscenes_mini,0e837c21890a4515874247ceb3dbf5c3,car,0.6952381134033203,44.88,C,0.0497,0.0,64,0,1288,False
nuscenes_mini,0e837c21890a4515874247ceb3dbf5c3,car,0.9101123809814453,9.8,A,0.2332,0.0312,284,38,1218,True
nuscenes_mini,0e837c21890a4515874247ceb3dbf5c3,truck,0.8518518805503845,12.94,A,0.119,0.0257,640,138,5376,True
nuscenes_mini,f5f955d2d7594fb4b18ef615b421c98e,pedestrian,1.0,30.85,C,0.1042,0.0625,5,3,48,True
nuscenes_mini,f5f955d2d7594fb4b18ef615b421c98e,car,0.5428571701049805,20.26,B,0.0265,0.0042,51,8,1926,False
nuscenes_mini,f5f955d2d7594fb4b18ef615b421c98e,car,0.9024390578269958,20.95,B,0.0992,0.0109,146,16,1472,False
nuscenes_mini,f5f955d2d7594fb4b18ef615b421c98e,car,0.8750000596046448,13.06,A,0.0764,0.0264,84,29,1099,False
nuscenes_mini,f5f955d2d7594fb4b18ef615b421c98e,car,0.5704697966575623,17.84,B,0.1185,0.0079,181,12,1528,True
nuscenes_mini,f5f955d2d7594fb4b18ef615b421c98e,car,0.8476190567016602,18.82,B,0.1425,0.0108,263,20,1845,True
nuscenes_mini,f5f955d2d7594fb4b18ef615b421c98e,car,0.5508772134780884,21.75,B,0.0898,0.011,253,31,2816,False
nuscenes_mini,f5f955d2d7594fb4b18ef615b421c98e,car,0.9452055096626282,12.49,A,0.3173,0.0336,774,82,2439,True
nuscenes_mini,f5f955d2d7594fb4b18ef615b421c98e,pedestrian,1.0,41.11,C,0.125,0.0,3,0,24,True
nuscenes_mini,f5f955d2d7594fb4b18ef615b421c98e,pedestrian,1.0,49.44,C,0.0417,0.0417,1,1,24,False
nuscenes_mini,f5f955d2d7594fb4b18ef615b421c98e,pedestrian,1.0,17.82,B,0.125,0.0417,6,2,48,True
nuscenes_mini,f5f955d2d7594fb4b18ef615b421c98e,pedestrian,1.0,45.61,C,0.0208,0.0208,1,1,48,False
nuscenes_mini,f5f955d2d7594fb4b18ef615b421c98e,pedestrian,1.0,47.93,C,0.0833,0.0417,2,1,24,False
nuscenes_mini,f5f955d2d7594fb4b18ef615b421c98e,pedestrian,1.0,41.63,C,0.0,0.0312,0,1,32,False
nuscenes_mini,f5f955d2d7594fb4b18ef615b421c98e,pedestrian,1.0,23.1,B,0.2619,0.0476,11,2,42,True
nuscenes_mini,f5f955d2d7594fb4b18ef615b421c98e,car,0.7655677795410156,19.3,B,0.1056,0.0207,281,55,2660,True
nuscenes_mini,f5f955d2d7594fb4b18ef615b421c98e,car,0.719298243522644,44.95,C,0.0182,0.0022,25,3,1372,False
nuscenes_mini,f5f955d2d7594fb4b18ef615b421c98e,bus,0.719298243522644,52.72,C,0.021,0.0,97,0,4628,False
nuscenes_mini,f5f955d2d7594fb4b18ef615b421c98e,pedestrian,1.0,8.15,A,0.6571,0.0714,46,5,70,True
nuscenes_mini,f5f955d2d7594fb4b18ef615b421c98e,car,0.9336099624633789,11.25,A,0.2529,0.038,433,65,1712,True
nuscenes_mini,f5f955d2d7594fb4b18ef615b421c98e,car,0.5428571701049805,9.53,A,0.2985,0.0441,1028,152,3444,True
nuscenes_mini,f5f955d2d7594fb4b18ef615b421c98e,car,0.9179486632347107,9.45,A,0.4648,0.0474,1030,105,2216,True
nuscenes_mini,f5f955d2d7594fb4b18ef615b421c98e,truck,0.8827838897705078,14.23,A,0.0856,0.0263,539,166,6300,False
nuscenes_mini,6cb024831cce4b6e8acf85afb7cece6e,pedestrian,1.0,26.56,B,0.0972,0.0278,7,2,72,False
nuscenes_mini,6cb024831cce4b6e8acf85afb7cece6e,car,0.8128654956817627,21.66,B,0.0733,0.0038,154,8,2100,False
nuscenes_mini,6cb024831cce4b6e8acf85afb7cece6e,car,0.9024390578269958,22.63,B,0.0117,0.0102,23,20,1970,False
nuscenes_mini,6cb024831cce4b6e8acf85afb7cece6e,car,0.9179486632347107,10.46,A,0.3853,0.0505,1068,140,2772,True
nuscenes_mini,6cb024831cce4b6e8acf85afb7cece6e,car,0.7852349281311035,21.22,B,0.0936,0.0094,149,15,1592,False
nuscenes_mini,6cb024831cce4b6e8acf85afb7cece6e,car,0.7142857313156128,16.12,B,0.1576,0.0199,174,22,1104,True
nuscenes_mini,6cb024831cce4b6e8acf85afb7cece6e,car,0.5540069937705994,12.27,A,0.3619,0.0225,482,30,1332,True
nuscenes_mini,6cb024831cce4b6e8acf85afb7cece6e,pedestrian,1.0,21.13,B,0.25,0.0179,14,1,56,True
nuscenes_mini,6cb024831cce4b6e8acf85afb7cece6e,pedestrian,1.0,36.21,C,0.0625,0.0625,2,2,32,False
nuscenes_mini,6cb024831cce4b6e8acf85afb7cece6e,pedestrian,1.0,26.59,B,0.125,0.0,3,0,24,True
nuscenes_mini,6cb024831cce4b6e8acf85afb7cece6e,car,0.5151515007019043,48.97,C,0.0467,0.0006,82,1,1755,False
nuscenes_mini,6cb024831cce4b6e8acf85afb7cece6e,car,0.6683937907218933,21.74,B,0.0767,0.015,210,41,2739,False
nuscenes_mini,6cb024831cce4b6e8acf85afb7cece6e,pedestrian,1.0,27.12,B,0.25,0.025,10,1,40,True
nuscenes_mini,6cb024831cce4b6e8acf85afb7cece6e,pedestrian,1.0,38.37,C,0.0625,0.0625,2,2,32,False
nuscenes_mini,6cb024831cce4b6e8acf85afb7cece6e,car,0.9064327478408813,13.75,A,0.2186,0.0274,439,55,2008,True
nuscenes_mini,6cb024831cce4b6e8acf85afb7cece6e,car,0.9024390578269958,12.38,A,0.1574,0.0417,136,36,864,True
nuscenes_mini,6cb024831cce4b6e8acf85afb7cece6e,car,0.9452055096626282,10.05,A,0.3795,0.042,696,77,1834,True
nuscenes_mini,6cb024831cce4b6e8acf85afb7cece6e,truck,0.8947368264198303,16.01,B,0.0872,0.0202,595,138,6825,False
nuscenes_mini,273c930b3f384bd58b2bbae02fe81d1e,pedestrian,1.0,21.68,B,0.1667,0.0952,7,4,42,True
nuscenes_mini,273c930b3f384bd58b2bbae02fe81d1e,car,0.9024390578269958,23.6,B,0.0372,0.0088,68,16,1827,False
nuscenes_mini,273c930b3f384bd58b2bbae02fe81d1e,car,0.8827838897705078,14.01,A,0.1224,0.0265,185,40,1512,True
nuscenes_mini,273c930b3f384bd58b2bbae02fe81d1e,car,0.9179486632347107,17.31,B,0.1767,0.0117,287,19,1624,True
nuscenes_mini,273c930b3f384bd58b2bbae02fe81d1e,car,0.921951174736023,12.47,A,0.2587,0.0379,478,70,1848,True
nuscenes_mini,273c930b3f384bd58b2bbae02fe81d1e,car,0.6363636255264282,24.46,B,0.0643,0.0085,144,19,2240,False
nuscenes_mini,273c930b3f384bd58b2bbae02fe81d1e,truck,0.5038759708404541,16.1,B,0.2104,0.0197,481,45,2286,True
nuscenes_mini,273c930b3f384bd58b2bbae02fe81d1e,car,0.9336099624633789,12.09,A,0.2366,0.0401,366,62,1547,True
nuscenes_mini,273c930b3f384bd58b2bbae02fe81d1e,car,0.8904109597206116,9.55,A,0.3442,0.029,1044,88,3033,True
nuscenes_mini,273c930b3f384bd58b2bbae02fe81d1e,car,0.8904109597206116,13.26,A,0.2763,0.0158,263,15,952,True
nuscenes_mini,273c930b3f384bd58b2bbae02fe81d1e,truck,0.8202247023582458,18.12,B,0.0328,0.0158,108,52,3290,False
nuscenes_mini,a84f43c4ef52461d940a6c7d0768b86f,pedestrian,1.0,17.17,B,0.2656,0.0625,17,4,64,True
nuscenes_mini,a84f43c4ef52461d940a6c7d0768b86f,pedestrian,1.0,34.23,C,0.125,0.0938,4,3,32,True
nuscenes_mini,a84f43c4ef52461d940a6c7d0768b86f,car,0.6604774594306946,46.54,C,0.0042,0.0,6,0,1422,False
nuscenes_mini,a84f43c4ef52461d940a6c7d0768b86f,car,0.9024390578269958,24.52,B,0.0576,0.0113,133,26,2310,False
nuscenes_mini,a84f43c4ef52461d940a6c7d0768b86f,car,0.9064327478408813,10.34,A,0.3723,0.0444,831,99,2232,True
nuscenes_mini,a84f43c4ef52461d940a6c7d0768b86f,car,0.9064327478408813,13.97,A,0.2759,0.0273,576,57,2088,True
nuscenes_mini,a84f43c4ef52461d940a6c7d0768b86f,car,0.6444444060325623,20.22,B,0.1047,0.0119,290,33,2770,True
nuscenes_mini,a84f43c4ef52461d940a6c7d0768b86f,car,0.9024390578269958,14.95,A,0.2983,0.0143,460,22,1542,True
nuscenes_mini,a84f43c4ef52461d940a6c7d0768b86f,car,0.8518518805503845,21.26,B,0.055,0.0084,118,18,2144,False
nuscenes_mini,a84f43c4ef52461d940a6c7d0768b86f,car,0.8083832263946533,26.97,B,0.0247,0.007,56,16,2270,False
nuscenes_mini,a84f43c4ef52461d940a6c7d0768b86f,truck,0.8709677457809448,21.98,B,0.041,0.0094,162,37,3948,False
nuscenes_mini,a84f43c4ef52461d940a6c7d0768b86f,car,0.941605806350708,13.37,A,0.1807,0.0443,253,62,1400,True
nuscenes_mini,a84f43c4ef52461d940a6c7d0768b86f,car,0.9101123809814453,10.0,A,0.3086,0.0443,711,102,2304,True
nuscenes_mini,8d7dcd1533704f5882a5afcb65509ed5,pedestrian,1.0,12.43,A,0.4583,0.0833,33,6,72,True
nuscenes_mini,8d7dcd1533704f5882a5afcb65509ed5,pedestrian,1.0,30.44,C,0.0417,0.0833,2,4,48,False
nuscenes_mini,8d7dcd1533704f5882a5afcb65509ed5,car,0.7815700173377991,46.17,C,0.0097,0.0,10,0,1029,False
nuscenes_mini,8d7dcd1533704f5882a5afcb65509ed5,car,0.7575758099555969,52.34,C,0.0,0.0,0,0,88,False
nuscenes_mini,8d7dcd1533704f5882a5afcb65509ed5,car,0.8987342119216919,24.48,B,0.0893,0.0109,156,19,1746,False
nuscenes_mini,8d7dcd1533704f5882a5afcb65509ed5,pedestrian,1.0,23.64,B,0.0,0.0,0,0,28,False
nuscenes_mini,8d7dcd1533704f5882a5afcb65509ed5,pedestrian,1.0,21.4,B,0.0893,0.0179,5,1,56,False
nuscenes_mini,8d7dcd1533704f5882a5afcb65509ed5,pedestrian,1.0,21.83,B,0.2,0.1,8,4,40,True
nuscenes_mini,8d7dcd1533704f5882a5afcb65509ed5,car,0.8947368264198303,11.1,A,0.3834,0.047,595,73,1552,True
nuscenes_mini,8d7dcd1533704f5882a5afcb65509ed5,car,0.7968254089355469,17.55,B,0.0547,0.0065,110,13,2010,False
nuscenes_mini,8d7dcd1533704f5882a5afcb65509ed5,car,0.6167664527893066,18.09,B,0.0652,0.0123,90,17,1380,False
nuscenes_mini,8d7dcd1533704f5882a5afcb65509ed5,car,0.719298243522644,25.16,B,0.0816,0.0053,216,14,2646,False
nuscenes_mini,8d7dcd1533704f5882a5afcb65509ed5,car,0.7104072570800781,34.12,C,0.0061,0.0036,5,3,822,False
nuscenes_mini,8d7dcd1533704f5882a5afcb65509ed5,car,0.7928802371025085,28.98,B,0.022,0.0005,41,1,1860,False
nuscenes_mini,8d7dcd1533704f5882a5afcb65509ed5,car,0.6604774594306946,49.37,C,0.0095,0.0,12,0,1260,False
nuscenes_mini,8d7dcd1533704f5882a5afcb65509ed5,truck,0.859649121761322,25.53,B,0.0813,0.0049,350,21,4305,False
nuscenes_mini,8d7dcd1533704f5882a5afcb65509ed5,truck,0.6800000071525574,24.61,B,0.0373,0.0069,103,19,2761,False
nuscenes_mini,8d7dcd1533704f5882a5afcb65509ed5,car,0.921951174736023,12.32,A,0.287,0.0313,824,90,2871,True
nuscenes_mini,8d7dcd1533704f5882a5afcb65509ed5,car,0.9139785170555115,9.39,A,0.3704,0.0639,730,126,1971,True
nuscenes_mini,8d7dcd1533704f5882a5afcb65509ed5,car,0.9298245906829834,14.08,A,0.2939,0.0337,576,66,1960,True
nuscenes_mini,8d7dcd1533704f5882a5afcb65509ed5,bus,0.8750000596046448,12.09,A,0.259,0.0256,687,68,2652,True
nuscenes_mini,f90292e4cdf647e1a8842baabdaafcec,pedestrian,1.0,19.37,B,0.2556,0.0333,23,3,90,True
nuscenes_mini,f90292e4cdf647e1a8842baabdaafcec,pedestrian,1.0,26.51,B,0.037,0.0556,2,3,54,False
nuscenes_mini,f90292e4cdf647e1a8842baabdaafcec,pedestrian,1.0,20.35,B,0.2639,0.0417,19,3,72,True
nuscenes_mini,f90292e4cdf647e1a8842baabdaafcec,car,0.6908212304115295,43.47,C,0.0222,0.003,37,5,1666,False
nuscenes_mini,f90292e4cdf647e1a8842baabdaafcec,car,0.8865247964859009,24.74,B,0.1,0.0152,217,33,2170,False
nuscenes_mini,f90292e4cdf647e1a8842baabdaafcec,car,0.6952381134033203,42.05,C,0.0254,0.0,38,0,1494,False
nuscenes_mini,f90292e4cdf647e1a8842baabdaafcec,pedestrian,1.0,8.1,A,0.7292,0.2292,35,11,48,True
nuscenes_mini,f90292e4cdf647e1a8842baabdaafcec,pedestrian,1.0,13.27,A,0.3036,0.0,17,0,56,True
nuscenes_mini,f90292e4cdf647e1a8842baabdaafcec,car,0.7264957427978516,43.64,C,0.0,0.0,0,0,4752,False
nuscenes_mini,f90292e4cdf647e1a8842baabdaafcec,car,0.7928802371025085,22.86,B,0.0531,0.0107,94,19,1771,False
nuscenes_mini,f90292e4cdf647e1a8842baabdaafcec,car,0.5775577425956726,27.4,B,0.0366,0.0036,41,4,1120,False
nuscenes_mini,f90292e4cdf647e1a8842baabdaafcec,car,0.827957034111023,15.51,B,0.2592,0.0084,645,21,2488,True
nuscenes_mini,f90292e4cdf647e1a8842baabdaafcec,car,0.7852349281311035,31.58,C,0.0224,0.002,57,5,2544,False
nuscenes_mini,f90292e4cdf647e1a8842baabdaafcec,truck,0.8241757750511169,29.54,B,0.0415,0.0066,151,24,3636,False
nuscenes_mini,f90292e4cdf647e1a8842baabdaafcec,truck,0.604938268661499,28.8,B,0.0474,0.008,119,20,2510,False
nuscenes_mini,f90292e4cdf647e1a8842baabdaafcec,pedestrian,1.0,23.62,B,0.0312,0.0312,1,1,32,False
nuscenes_mini,f90292e4cdf647e1a8842baabdaafcec,car,0.9024390578269958,9.34,A,0.3753,0.0638,465,79,1239,True
nuscenes_mini,f90292e4cdf647e1a8842baabdaafcec,car,0.8750000596046448,16.64,B,0.2095,0.0214,186,19,888,True
nuscenes_mini,f90292e4cdf647e1a8842baabdaafcec,car,0.9298245906829834,10.32,A,0.3855,0.0457,843,100,2187,True
nuscenes_mini,f90292e4cdf647e1a8842baabdaafcec,bus,0.859649121761322,12.33,A,0.2093,0.0416,518,103,2475,True
nuscenes_mini,98fa81992fb04e799c329eca220e7164,pedestrian,1.0,14.25,A,0.3929,0.125,22,7,56,True
nuscenes_mini,98fa81992fb04e799c329eca220e7164,pedestrian,1.0,15.38,B,0.2656,0.0625,17,4,64,True
nuscenes_mini,98fa81992fb04e799c329eca220e7164,pedestrian,1.0,22.57,B,0.125,0.05,5,2,40,True
nuscenes_mini,98fa81992fb04e799c329eca220e7164,car,0.8904109597206116,27.65,B,0.0051,0.0007,14,2,2770,False
nuscenes_mini,98fa81992fb04e799c329eca220e7164,car,0.8358974456787109,35.18,C,0.0516,0.0023,88,4,1704,False
nuscenes_mini,98fa81992fb04e799c329eca220e7164,car,0.8400000333786011,35.66,C,0.0176,0.0,34,0,1928,False
nuscenes_mini,98fa81992fb04e799c329eca220e7164,bus,0.7460317611694336,54.67,C,0.0053,0.0,5,0,952,False
nuscenes_mini,98fa81992fb04e799c329eca220e7164,car,0.6167664527893066,32.09,C,0.0481,0.0139,45,13,936,False
nuscenes_mini,98fa81992fb04e799c329eca220e7164,car,0.8632478713989258,19.04,B,0.2046,0.0078,499,19,2439,True
nuscenes_mini,98fa81992fb04e799c329eca220e7164,car,0.8202247023582458,26.6,B,0.0819,0.007,152,13,1855,False
nuscenes_mini,98fa81992fb04e799c329eca220e7164,car,0.7229437232017517,34.27,C,0.0155,0.0024,51,8,3289,False
nuscenes_mini,98fa81992fb04e799c329eca220e7164,truck,0.7730495929718018,33.73,C,0.0418,0.0076,160,29,3828,False
nuscenes_mini,98fa81992fb04e799c329eca220e7164,pedestrian,1.0,5.28,A,0.9167,0.0833,44,4,48,True
nuscenes_mini,98fa81992fb04e799c329eca220e7164,pedestrian,1.0,20.07,B,0.1944,0.0278,7,1,36,True
nuscenes_mini,98fa81992fb04e799c329eca220e7164,pedestrian,1.0,19.99,B,0.2222,0.1111,8,4,36,True
nuscenes_mini,98fa81992fb04e799c329eca220e7164,pedestrian,1.0,32.68,C,0.05,0.1,2,4,40,False
nuscenes_mini,98fa81992fb04e799c329eca220e7164,car,0.9259259104728699,12.98,A,0.2186,0.0348,427,68,1953,True
nuscenes_mini,98fa81992fb04e799c329eca220e7164,car,0.9336099624633789,9.43,A,0.4503,0.0679,670,101,1488,True
nuscenes_mini,49dfd2f2fef447cc9b8dec3e17c1c919,pedestrian,1.0,9.22,A,0.6125,0.175,49,14,80,True
nuscenes_mini,49dfd2f2fef447cc9b8dec3e17c1c919,pedestrian,1.0,18.43,B,0.2143,0.0893,12,5,56,True
nuscenes_mini,49dfd2f2fef447cc9b8dec3e17c1c919,car,0.8241757750511169,25.43,B,0.0804,0.003,135,5,1680,False
nuscenes_mini,49dfd2f2fef447cc9b8dec3e17c1c919,car,0.8632478713989258,50.62,C,0.0216,0.001,256,12,11872,False
nuscenes_mini,49dfd2f2fef447cc9b8dec3e17c1c919,car,0.9179486632347107,28.68,B,0.0104,0.0018,23,4,2220,False
nuscenes_mini,49dfd2f2fef447cc9b8dec3e17c1c919,bus,0.7575758099555969,54.65,C,0.0196,0.0,22,0,1122,False
nuscenes_mini,49dfd2f2fef447cc9b8dec3e17c1c919,pedestrian,1.0,10.53,A,0.6375,0.075,51,6,80,True
nuscenes_mini,49dfd2f2fef447cc9b8dec3e17c1c919,pedestrian,1.0,10.63,A,0.6786,0.0,19,0,28,True
nuscenes_mini,49dfd2f2fef447cc9b8dec3e17c1c919,car,0.8865247964859009,50.29,C,0.0285,0.0014,236,12,8294,False
nuscenes_mini,49dfd2f2fef447cc9b8dec3e17c1c919,car,0.7928802371025085,41.72,C,0.0073,0.0,22,0,3003,False
nuscenes_mini,49dfd2f2fef447cc9b8dec3e17c1c919,car,0.8160918951034546,30.44,C,0.1807,0.0056,193,6,1068,True
nuscenes_mini,49dfd2f2fef447cc9b8dec3e17c1c919,pedestrian,1.0,6.25,A,0.7321,0.1607,41,9,56,True
nuscenes_mini,49dfd2f2fef447cc9b8dec3e17c1c919,pedestrian,1.0,20.94,B,0.3214,0.0179,18,1,56,True
nuscenes_mini,49dfd2f2fef447cc9b8dec3e17c1c919,pedestrian,1.0,20.36,B,0.2889,0.0222,13,1,45,True
nuscenes_mini,49dfd2f2fef447cc9b8dec3e17c1c919,pedestrian,1.0,20.74,B,0.2708,0.0,13,0,48,True
nuscenes_mini,49dfd2f2fef447cc9b8dec3e17c1c919,car,0.5114504098892212,17.52,B,0.0815,0.0112,263,36,3228,False
nuscenes_mini,49dfd2f2fef447cc9b8dec3e17c1c919,car,0.8787879347801208,11.75,A,0.2152,0.0508,322,76,1496,True
nuscenes_mini,49dfd2f2fef447cc9b8dec3e17c1c919,car,0.8904109597206116,18.32,B,0.0662,0.0056,107,9,1616,False
nuscenes_mini,c18d3bcc9297454ba52112c079cb756e,pedestrian,1.0,14.38,A,0.3594,0.1094,23,7,64,True
nuscenes_mini,c18d3bcc9297454ba52112c079cb756e,car,0.8947368264198303,18.38,B,0.1211,0.0081,299,20,2470,True
nuscenes_mini,c18d3bcc9297454ba52112c079cb756e,car,0.9101123809814453,29.22,B,0.0,0.0,0,0,2710,False
nuscenes_mini,c18d3bcc9297454ba52112c079cb756e,bus,0.8358974456787109,49.95,C,0.019,0.0,161,0,8478,False
nuscenes_mini,c18d3bcc9297454ba52112c079cb756e,pedestrian,1.0,4.32,A,0.8214,0.1607,46,9,56,True
nuscenes_mini,c18d3bcc9297454ba52112c079cb756e,pedestrian,1.0,6.77,A,0.7604,0.1458,73,14,96,True
nuscenes_mini,c18d3bcc9297454ba52112c079cb756e,car,0.8400000333786011,17.61,B,0.1978,0.0089,288,13,1456,True
nuscenes_mini,c18d3bcc9297454ba52112c079cb756e,pedestrian,1.0,10.31,A,0.5476,0.1429,23,6,42,True
nuscenes_mini,c18d3bcc9297454ba52112c079cb756e,car,0.7852349281311035,15.33,B,0.2456,0.0191,630,49,2565,True
nuscenes_mini,c18d3bcc9297454ba52112c079cb756e,car,0.7928802371025085,20.83,B,0.1789,0.0058,342,11,1912,True
nuscenes_mini,c18d3bcc9297454ba52112c079cb756e,car,0.6995305418968201,38.87,C,0.0061,0.0015,20,5,3276,False
nuscenes_mini,c18d3bcc9297454ba52112c079cb756e,pedestrian,1.0,22.56,B,0.2292,0.0,11,0,48,True
nuscenes_mini,c18d3bcc9297454ba52112c079cb756e,pedestrian,1.0,23.15,B,0.05,0.025,2,1,40,False
nuscenes_mini,c18d3bcc9297454ba52112c079cb756e,pedestrian,1.0,22.63,B,0.2143,0.0714,6,2,28,True
nuscenes_mini,c18d3bcc9297454ba52112c079cb756e,car,0.949367105960846,21.04,B,0.064,0.0043,105,7,1640,False
nuscenes_mini,9cc9718713c14974b5e3094e1c4eae1c,pedestrian,1.0,10.19,A,0.4583,0.2083,22,10,48,True
nuscenes_mini,9cc9718713c14974b5e3094e1c4eae1c,car,0.8865247964859009,27.74,B,0.0261,0.0033,55,7,2110,False
nuscenes_mini,9cc9718713c14974b5e3094e1c4eae1c,bus,0.8904109597206116,40.15,C,0.0565,0.0019,685,23,12122,False
nuscenes_mini,9cc9718713c14974b5e3094e1c4eae1c,pedestrian,1.0,10.16,A,0.5,0.25,16,8,32,True
nuscenes_mini,9cc9718713c14974b5e3094e1c4eae1c,car,0.8750000596046448,10.98,A,0.3377,0.0503,597,89,1768,True
nuscenes_mini,9cc9718713c14974b5e3094e1c4eae1c,car,0.5151515007019043,46.19,C,0.0064,0.0036,7,4,1100,False
nuscenes_mini,9cc9718713c14974b5e3094e1c4eae1c,car,0.7037037014961243,31.64,C,0.0273,0.0005,52,1,1908,False
nuscenes_mini,9cc9718713c14974b5e3094e1c4eae1c,car,0.5151515007019043,24.33,B,0.0799,0.0048,301,18,3768,False
nuscenes_mini,9cc9718713c14974b5e3094e1c4eae1c,car,0.8552036285400391,19.43,B,0.1965,0.0111,371,21,1888,True
nuscenes_mini,9cc9718713c14974b5e3094e1c4eae1c,car,0.7887788414955139,24.38,B,0.0883,0.0083,159,15,1800,False
nuscenes_mini,9cc9718713c14974b5e3094e1c4eae1c,car,0.7299578189849854,41.37,C,0.0234,0.0032,44,6,1881,False
nuscenes_mini,9cc9718713c14974b5e3094e1c4eae1c,pedestrian,1.0,6.28,A,0.8125,0.125,65,10,80,True
nuscenes_mini,9cc9718713c14974b5e3094e1c4eae1c,pedestrian,1.0,25.49,B,0.075,0.075,3,3,40,False
nuscenes_mini,9cc9718713c14974b5e3094e1c4eae1c,pedestrian,1.0,24.23,B,0.2,0.0444,9,2,45,True
nuscenes_mini,9cc9718713c14974b5e3094e1c4eae1c,pedestrian,1.0,25.16,B,0.1667,0.0417,8,2,48,True
nuscenes_mini,9cc9718713c14974b5e3094e1c4eae1c,car,0.8987342119216919,39.45,C,0.0101,0.0001,79,1,7826,False
nuscenes_mini,a5c0ec90615e42818962e4e002de0cef,car,0.8787879347801208,28.95,B,0.0196,0.003,39,6,1989,False
nuscenes_mini,a5c0ec90615e42818962e4e002de0cef,bus,0.8787879347801208,35.25,C,0.0284,0.0014,487,24,17160,False
nuscenes_mini,a5c0ec90615e42818962e4e002de0cef,pedestrian,1.0,6.37,A,0.7778,0.1528,56,11,72,True
nuscenes_mini,a5c0ec90615e42818962e4e002de0cef,pedestrian,1.0,27.55,B,0.0833,0.0,2,0,24,False
nuscenes_mini,a5c0ec90615e42818962e4e002de0cef,car,0.8865247964859009,12.05,A,0.2047,0.0426,192,40,938,True
nuscenes_mini,a5c0ec90615e42818962e4e002de0cef,car,0.9064327478408813,44.24,C,0.0519,0.0028,333,18,6420,False
nuscenes_mini,a5c0ec90615e42818962e4e002de0cef,car,0.5241636037826538,28.53,B,0.0479,0.0018,214,8,4472,False
nuscenes_mini,a5c0ec90615e42818962e4e002de0cef,car,0.6831682920455933,29.1,B,0.0126,0.0054,14,6,1112,False
nuscenes_mini,a5c0ec90615e42818962e4e002de0cef,car,0.8358974456787109,23.85,B,0.0839,0.0063,147,11,1752,False
nuscenes_mini,a5c0ec90615e42818962e4e002de0cef,car,0.7387754917144775,43.12,C,0.0239,0.0,61,0,2550,False
nuscenes_mini,a5c0ec90615e42818962e4e002de0cef,pedestrian,1.0,43.77,C,0.0417,0.0208,2,1,48,False
nuscenes_mini,a5c0ec90615e42818962e4e002de0cef,pedestrian,1.0,29.0,B,0.1875,0.125,6,4,32,True
nuscenes_mini,a5c0ec90615e42818962e4e002de0cef,pedestrian,1.0,27.55,B,0.1,0.05,4,2,40,False
nuscenes_mini,a5c0ec90615e42818962e4e002de0cef,car,0.8518518805503845,8.48,A,0.4211,0.0628,731,109,1736,True
nuscenes_mini,3f2ddc9476eb475b8c46f777f508cedb,car,0.8787879347801208,29.61,B,0.0148,0.0034,35,8,2370,False
nuscenes_mini,3f2ddc9476eb475b8c46f777f508cedb,bus,0.8904109597206116,26.89,B,0.0845,0.0051,1151,69,13623,False
nuscenes_mini,3f2ddc9476eb475b8c46f777f508cedb,pedestrian,1.0,22.46,B,0.2625,0.025,21,2,80,True
nuscenes_mini,3f2ddc9476eb475b8c46f777f508cedb,bus,0.8904109597206116,25.1,B,0.0396,0.0026,306,20,7735,False
nuscenes_mini,3f2ddc9476eb475b8c46f777f508cedb,pedestrian,1.0,32.72,C,0.0,0.0,0,0,16,False
nuscenes_mini,3f2ddc9476eb475b8c46f777f508cedb,pedestrian,1.0,15.31,B,0.2917,0.1042,14,5,48,True
nuscenes_mini,3f2ddc9476eb475b8c46f777f508cedb,pedestrian,1.0,34.38,C,0.0,0.0714,0,1,14,False
nuscenes_mini,3f2ddc9476eb475b8c46f777f508cedb,pedestrian,1.0,13.5,A,0.5625,0.0938,18,3,32,True
nuscenes_mini,3f2ddc9476eb475b8c46f777f508cedb,car,0.6640419960021973,48.12,C,0.0,0.0,0,0,1974,False
nuscenes_mini,3f2ddc9476eb475b8c46f777f508cedb,car,0.6559139490127563,41.94,C,0.0932,0.0011,248,3,2660,False
nuscenes_mini,3f2ddc9476eb475b8c46f777f508cedb,car,0.7852349281311035,28.54,B,0.0749,0.0031,147,6,1962,False
nuscenes_mini,3f2ddc9476eb475b8c46f777f508cedb,car,0.507692277431488,33.93,C,0.0434,0.0083,126,24,2904,False
nuscenes_mini,3f2ddc9476eb475b8c46f777f508cedb,car,0.7887788414955139,13.08,A,0.3464,0.0076,726,16,2096,True
nuscenes_mini,3f2ddc9476eb475b8c46f777f508cedb,car,0.8672199249267578,33.24,C,0.0605,0.0017,107,3,1768,False
nuscenes_mini,3f2ddc9476eb475b8c46f777f508cedb,car,0.9336099624633789,13.48,A,0.2796,0.0321,566,65,2024,True
nuscenes_mini,27749aa3de2545219186c61d4d415e1c,car,0.8709677457809448,32.56,C,0.001,0.0,3,0,2871,False
nuscenes_mini,27749aa3de2545219186c61d4d415e1c,bus,0.7852349281311035,23.43,B,0.0098,0.0015,87,13,8892,False
nuscenes_mini,27749aa3de2545219186c61d4d415e1c,pedestrian,1.0,21.0,B,0.1375,0.0625,11,5,80,True
nuscenes_mini,27749aa3de2545219186c61d4d415e1c,bus,0.9298245906829834,19.95,B,0.0906,0.0081,2072,185,22860,False
nuscenes_mini,27749aa3de2545219186c61d4d415e1c,pedestrian,1.0,19.13,B,0.1875,0.0417,9,2,48,True
nuscenes_mini,27749aa3de2545219186c61d4d415e1c,car,0.6444444060325623,33.67,C,0.0386,0.0,38,0,985,False
nuscenes_mini,27749aa3de2545219186c61d4d415e1c,car,0.8439024686813354,18.54,B,0.2493,0.0107,673,29,2700,True
nuscenes_mini,27749aa3de2545219186c61d4d415e1c,car,0.6097560524940491,38.82,C,0.0523,0.0055,142,15,2717,False
nuscenes_mini,27749aa3de2545219186c61d4d415e1c,car,0.8787879347801208,20.2,B,0.0632,0.0036,141,8,2232,False
nuscenes_mini,27749aa3de2545219186c61d4d415e1c,car,0.5540069937705994,42.94,C,0.045,0.0,76,0,1688,False
nuscenes_mini,daae21dc94b74898a7362922e8792415,car,0.8865247964859009,32.26,C,0.0,0.0,0,0,3113,False
nuscenes_mini,daae21dc94b74898a7362922e8792415,bus,0.9259259104728699,13.85,A,0.2375,0.0174,5924,433,24940,True
nuscenes_mini,daae21dc94b74898a7362922e8792415,pedestrian,1.0,11.79,A,0.4464,0.1071,25,6,56,True
nuscenes_mini,daae21dc94b74898a7362922e8792415,pedestrian,1.0,25.52,B,0.1,0.05,4,2,40,False
nuscenes_mini,daae21dc94b74898a7362922e8792415,car,0.8750000596046448,23.58,B,0.1664,0.004,373,9,2241,True
nuscenes_mini,daae21dc94b74898a7362922e8792415,car,0.8518518805503845,25.06,B,0.0776,0.0,95,0,1224,False
nuscenes_mini,daae21dc94b74898a7362922e8792415,car,0.5395683646202087,44.04,C,0.0133,0.005,16,6,1200,False
nuscenes_mini,daae21dc94b74898a7362922e8792415,car,0.5428571701049805,42.92,C,0.1079,0.0011,202,2,1872,True
nuscenes_mini,042f582eb2bb4231910918ba85f390d3,car,0.8552036285400391,32.9,C,0.0,0.0,0,0,3520,False
nuscenes_mini,042f582eb2bb4231910918ba85f390d3,pedestrian,1.0,16.91,B,0.419,0.0476,44,5,105,True
nuscenes_mini,042f582eb2bb4231910918ba85f390d3,car,0.7460317611694336,33.02,C,0.0873,0.0011,158,2,1809,False
nuscenes_mini,042f582eb2bb4231910918ba85f390d3,car,0.5241636037826538,44.69,C,0.0317,0.0027,35,3,1105,False
nuscenes_mini,042f582eb2bb4231910918ba85f390d3,car,0.7344398498535156,27.27,B,0.0747,0.0,281,0,3760,False
nuscenes_mini,042f582eb2bb4231910918ba85f390d3,bus,0.9298245906829834,11.32,A,0.1937,0.0393,2671,542,13792,True
nuscenes_mini,fe40762a54e1414da73de751877ad576,car,0.7968254089355469,46.59,C,0.0191,0.0,18,0,940,False
nuscenes_mini,fe40762a54e1414da73de751877ad576,car,0.8904109597206116,32.14,C,0.0114,0.001,22,2,1926,False
nuscenes_mini,fe40762a54e1414da73de751877ad576,car,0.6289855241775513,41.84,C,0.0056,0.0014,8,2,1416,False
nuscenes_mini,fe40762a54e1414da73de751877ad576,car,0.7575758099555969,37.35,C,0.0501,0.0011,92,2,1836,False
nuscenes_mini,fe40762a54e1414da73de751877ad576,bus,0.9259259104728699,14.49,A,0.1866,0.023,2799,345,15000,True
nuscenes_mini,0ee7e7691e3e4bd88d43150073906a4f,car,0.8439024686813354,22.22,B,0.2273,0.0013,360,2,1584,True
nuscenes_mini,0ee7e7691e3e4bd88d43150073906a4f,car,0.9024390578269958,29.62,B,0.0181,0.0025,44,6,2430,False
nuscenes_mini,0ee7e7691e3e4bd88d43150073906a4f,car,0.6132930517196655,46.96,C,0.019,0.0029,20,3,1050,False
nuscenes_mini,0ee7e7691e3e4bd88d43150073906a4f,car,0.6012461185455322,48.37,C,0.0336,0.0022,46,3,1370,False
nuscenes_mini,0ee7e7691e3e4bd88d43150073906a4f,bus,0.6995305418968201,24.57,B,0.0232,0.0012,169,9,7290,False
nuscenes_mini,0ee7e7691e3e4bd88d43150073906a4f,bus,0.9139785170555115,19.16,B,0.1887,0.0116,2700,166,14310,True
nuscenes_mini,0ee7e7691e3e4bd88d43150073906a4f,pedestrian,1.0,22.72,B,0.1964,0.0,22,0,112,True
nuscenes_mini,b085cc54b9c6437db176033620d00529,car,0.8750000596046448,20.08,B,0.1081,0.0063,358,21,3311,True
nuscenes_mini,b085cc54b9c6437db176033620d00529,car,0.9064327478408813,28.31,B,0.0251,0.002,38,3,1512,False
nuscenes_mini,b085cc54b9c6437db176033620d00529,car,0.8439024686813354,18.38,B,0.2491,0.0137,272,15,1092,True
nuscenes_mini,b085cc54b9c6437db176033620d00529,bus,0.9101123809814453,26.0,B,0.085,0.0081,1075,102,12645,False
nuscenes_mini,4e1d1031fe9f45f981a2f598365fc645,pedestrian,1.0,20.88,B,0.2,0.05,8,2,40,True
nuscenes_mini,4e1d1031fe9f45f981a2f598365fc645,pedestrian,1.0,20.94,B,0.0794,0.0635,5,4,63,False
nuscenes_mini,4e1d1031fe9f45f981a2f598365fc645,car,0.8632478713989258,30.95,C,0.0148,0.0032,42,9,2838,False
nuscenes_mini,4e1d1031fe9f45f981a2f598365fc645,car,0.8672199249267578,10.1,A,0.3326,0.0458,596,82,1792,True
nuscenes_mini,4e1d1031fe9f45f981a2f598365fc645,bus,0.8202247023582458,31.5,C,0.0752,0.0054,936,67,12450,False
nuscenes_mini,a480496a5988410fbe3d8ed6c84da996,car,0.921951174736023,6.42,A,0.3538,0.0339,501,48,1416,True
nuscenes_mini,a480496a5988410fbe3d8ed6c84da996,car,0.7770034670829773,28.27,B,0.0592,0.0002,281,1,4750,False
nuscenes_mini,a480496a5988410fbe3d8ed6c84da996,car,0.9064327478408813,20.86,B,0.1072,0.009,190,16,1773,True
nuscenes_mini,a480496a5988410fbe3d8ed6c84da996,car,0.8632478713989258,45.22,C,0.1079,0.0,112,0,1038,True
nuscenes_mini,a480496a5988410fbe3d8ed6c84da996,car,0.9139785170555115,20.46,B,0.1629,0.0164,288,29,1768,True
nuscenes_mini,a480496a5988410fbe3d8ed6c84da996,bus,0.9139785170555115,49.63,C,0.0267,0.0,118,0,4425,False
nuscenes_mini,a480496a5988410fbe3d8ed6c84da996,car,0.7770034670829773,44.5,C,0.1007,0.0,105,0,1043,True
nuscenes_mini,a480496a5988410fbe3d8ed6c84da996,bus,0.8324607610702515,45.23,C,0.0312,0.0,99,0,3172,False
nuscenes_mini,a480496a5988410fbe3d8ed6c84da996,pedestrian,1.0,26.17,B,0.1719,0.0938,11,6,64,True
nuscenes_mini,a480496a5988410fbe3d8ed6c84da996,car,0.8476190567016602,23.17,B,0.0995,0.008,223,18,2241,False
nuscenes_mini,a480496a5988410fbe3d8ed6c84da996,car,0.9139785170555115,15.51,B,0.2494,0.025,399,40,1600,True
nuscenes_mini,a480496a5988410fbe3d8ed6c84da996,bus,0.9179486632347107,23.78,B,0.0517,0.0049,654,62,12662,False
nuscenes_mini,a480496a5988410fbe3d8ed6c84da996,pedestrian,1.0,8.56,A,0.475,0.275,19,11,40,True
nuscenes_mini,a480496a5988410fbe3d8ed6c84da996,pedestrian,1.0,21.79,B,0.1042,0.0625,5,3,48,True
nuscenes_mini,a480496a5988410fbe3d8ed6c84da996,pedestrian,1.0,7.12,A,0.6562,0.25,42,16,64,True
nuscenes_mini,a480496a5988410fbe3d8ed6c84da996,pedestrian,1.0,9.28,A,0.5714,0.0714,32,4,56,True
nuscenes_mini,a480496a5988410fbe3d8ed6c84da996,pedestrian,1.0,11.46,A,0.4306,0.1667,31,12,72,True
nuscenes_mini,a480496a5988410fbe3d8ed6c84da996,pedestrian,1.0,24.35,B,0.0938,0.0312,3,1,32,False
nuscenes_mini,a480496a5988410fbe3d8ed6c84da996,car,0.7730495929718018,35.17,C,0.075,0.0043,69,4,920,False
nuscenes_mini,a480496a5988410fbe3d8ed6c84da996,car,0.8476190567016602,5.25,A,0.1856,0.0426,396,91,2134,True
nuscenes_mini,a480496a5988410fbe3d8ed6c84da996,pedestrian,1.0,17.79,B,0.1667,0.1111,6,4,36,True
nuscenes_mini,b993550e60054741983f8052ba97b0b0,car,0.8787879347801208,45.14,C,0.1115,0.0,109,0,978,True
nuscenes_mini,b993550e60054741983f8052ba97b0b0,car,0.9101123809814453,18.38,B,0.1592,0.0182,307,35,1928,True
nuscenes_mini,b993550e60054741983f8052ba97b0b0,car,0.8672199249267578,17.2,B,0.1087,0.0154,183,26,1683,True
nuscenes_mini,b993550e60054741983f8052ba97b0b0,bus,0.9139785170555115,47.82,C,0.0278,0.0,111,0,3990,False
nuscenes_mini,b993550e60054741983f8052ba97b0b0,car,0.8476190567016602,46.7,C,0.0786,0.0,115,0,1464,False
nuscenes_mini,b993550e60054741983f8052ba97b0b0,bus,0.8947368264198303,47.45,C,0.0333,0.0,129,0,3870,False
nuscenes_mini,b993550e60054741983f8052ba97b0b0,pedestrian,1.0,25.71,B,0.2167,0.0667,26,8,120,True
nuscenes_mini,b993550e60054741983f8052ba97b0b0,pedestrian,1.0,23.81,B,0.0,0.0,0,0,68,False
nuscenes_mini,b993550e60054741983f8052ba97b0b0,car,0.9375000596046448,16.2,B,0.2983,0.0273,611,56,2048,True
nuscenes_mini,b993550e60054741983f8052ba97b0b0,bus,0.921951174736023,26.26,B,0.0388,0.0021,1218,67,31360,False
nuscenes_mini,b993550e60054741983f8052ba97b0b0,pedestrian,1.0,13.06,A,0.4722,0.0417,34,3,72,True
nuscenes_mini,b993550e60054741983f8052ba97b0b0,pedestrian,1.0,7.14,A,0.625,0.2857,35,16,56,True
nuscenes_mini,b993550e60054741983f8052ba97b0b0,pedestrian,1.0,24.31,B,0.05,0.025,2,1,40,False
nuscenes_mini,b993550e60054741983f8052ba97b0b0,pedestrian,1.0,8.55,A,0.5625,0.25,27,12,48,True
nuscenes_mini,b993550e60054741983f8052ba97b0b0,pedestrian,1.0,9.42,A,0.5833,0.1389,42,10,72,True
nuscenes_mini,b993550e60054741983f8052ba97b0b0,pedestrian,1.0,11.54,A,0.2963,0.1235,24,10,81,True
nuscenes_mini,b993550e60054741983f8052ba97b0b0,pedestrian,1.0,4.4,A,0.0,0.0238,0,1,42,False
nuscenes_mini,b993550e60054741983f8052ba97b0b0,car,0.7968254089355469,5.7,A,0.2593,0.0262,813,82,3135,True
nuscenes_mini,b993550e60054741983f8052ba97b0b0,car,0.8987342119216919,3.72,A,0.4166,0.0588,347,49,833,True
nuscenes_mini,61cfc5554a724824b0d34bddc147d890,pedestrian,1.0,19.56,B,0.2812,0.0625,27,6,96,True
nuscenes_mini,61cfc5554a724824b0d34bddc147d890,car,0.9298245906829834,15.58,B,0.2053,0.0275,358,48,1744,True
nuscenes_mini,61cfc5554a724824b0d34bddc147d890,car,0.8518518805503845,43.45,C,0.0573,0.0,69,0,1204,False
nuscenes_mini,61cfc5554a724824b0d34bddc147d890,car,0.8750000596046448,12.47,A,0.2889,0.0239,460,38,1592,True
nuscenes_mini,61cfc5554a724824b0d34bddc147d890,bus,0.9024390578269958,45.58,C,0.0177,0.0,58,0,3276,False
nuscenes_mini,61cfc5554a724824b0d34bddc147d890,car,0.7770034670829773,46.39,C,0.0756,0.0,103,0,1362,False
nuscenes_mini,61cfc5554a724824b0d34bddc147d890,bus,0.8400000333786011,46.42,C,0.0226,0.0,72,0,3185,False
nuscenes_mini,61cfc5554a724824b0d34bddc147d890,car,0.859649121761322,23.51,B,0.0835,0.0064,208,16,2490,False
nuscenes_mini,61cfc5554a724824b0d34bddc147d890,car,0.941605806350708,17.28,B,0.2561,0.019,500,37,1952,True
nuscenes_mini,61cfc5554a724824b0d34bddc147d890,bus,0.9179486632347107,23.66,B,0.0548,0.0061,580,64,10575,False
nuscenes_mini,61cfc5554a724824b0d34bddc147d890,pedestrian,1.0,8.54,A,0.5208,0.25,25,12,48,True
nuscenes_mini,61cfc5554a724824b0d34bddc147d890,pedestrian,1.0,21.65,B,0.0417,0.0417,2,2,48,False
nuscenes_mini,61cfc5554a724824b0d34bddc147d890,pedestrian,1.0,7.17,A,0.619,0.1587,39,10,63,True
nuscenes_mini,61cfc5554a724824b0d34bddc147d890,pedestrian,1.0,9.6,A,0.4222,0.1111,19,5,45,True
nuscenes_mini,61cfc5554a724824b0d34bddc147d890,pedestrian,1.0,11.41,A,0.5417,0.1667,39,12,72,True
nuscenes_mini,61cfc5554a724824b0d34bddc147d890,pedestrian,1.0,25.04,B,0.0,0.0,0,0,63,False
nuscenes_mini,61cfc5554a724824b0d34bddc147d890,car,0.8476190567016602,5.36,A,0.1806,0.0315,453,79,2508,True
nuscenes_mini,61cfc5554a724824b0d34bddc147d890,pedestrian,1.0,17.73,B,0.2037,0.0741,11,4,54,True
nuscenes_mini,61cfc5554a724824b0d34bddc147d890,car,0.9259259104728699,7.14,A,0.2815,0.0307,679,74,2412,True
nuscenes_mini,dc4c80e8a1534ff8a3eb80307341161c,car,0.8048780560493469,13.09,A,0.2756,0.0259,245,23,889,True
nuscenes_mini,dc4c80e8a1534ff8a3eb80307341161c,car,0.7538461089134216,30.52,C,0.0782,0.0046,119,7,1521,False
nuscenes_mini,dc4c80e8a1534ff8a3eb80307341161c,car,0.8518518805503845,43.36,C,0.1062,0.0,100,0,942,True
nuscenes_mini,dc4c80e8a1534ff8a3eb80307341161c,car,0.9139785170555115,8.92,A,0.275,0.0444,495,80,1800,True
nuscenes_mini,dc4c80e8a1534ff8a3eb80307341161c,bus,0.8947368264198303,47.17,C,0.0273,0.0,92,0,3367,False
nuscenes_mini,dc4c80e8a1534ff8a3eb80307341161c,car,0.7852349281311035,47.17,C,0.071,0.0,92,0,1296,False
nuscenes_mini,dc4c80e8a1534ff8a3eb80307341161c,bus,0.827957034111023,47.86,C,0.0359,0.0,112,0,3120,False
nuscenes_mini,dc4c80e8a1534ff8a3eb80307341161c,car,0.8552036285400391,23.24,B,0.0866,0.0058,253,17,2920,False
nuscenes_mini,dc4c80e8a1534ff8a3eb80307341161c,car,0.9336099624633789,19.08,B,0.1824,0.013,378,27,2072,True
nuscenes_mini,dc4c80e8a1534ff8a3eb80307341161c,bus,0.8947368264198303,23.77,B,0.0571,0.0054,626,59,10972,False
nuscenes_mini,dc4c80e8a1534ff8a3eb80307341161c,pedestrian,1.0,8.58,A,0.475,0.25,19,10,40,True
nuscenes_mini,dc4c80e8a1534ff8a3eb80307341161c,pedestrian,1.0,12.8,A,0.4444,0.0741,24,4,54,True
nuscenes_mini,dc4c80e8a1534ff8a3eb80307341161c,pedestrian,1.0,7.18,A,0.725,0.175,29,7,40,True
nuscenes_mini,dc4c80e8a1534ff8a3eb80307341161c,pedestrian,1.0,9.6,A,0.5156,0.1719,33,11,64,True
nuscenes_mini,dc4c80e8a1534ff8a3eb80307341161c,pedestrian,1.0,11.65,A,0.2469,0.1358,20,11,81,True
nuscenes_mini,dc4c80e8a1534ff8a3eb80307341161c,pedestrian,1.0,24.63,B,0.0,0.0625,0,3,48,False
nuscenes_mini,dc4c80e8a1534ff8a3eb80307341161c,car,0.8827838897705078,10.27,A,0.3047,0.0238,716,56,2350,True
nuscenes_mini,dc4c80e8a1534ff8a3eb80307341161c,car,0.9024390578269958,5.58,A,0.1707,0.0287,398,67,2332,True
nuscenes_mini,dc4c80e8a1534ff8a3eb80307341161c,pedestrian,1.0,17.8,B,0.0417,0.2083,1,5,24,False
nuscenes_mini,dc4c80e8a1534ff8a3eb80307341161c,car,0.8672199249267578,10.22,A,0.2693,0.0347,349,45,1296,True
nuscenes_mini,c36e8482feb041de9f081e76396cf4fe,car,0.9139785170555115,5.88,A,0.0964,0.02,135,28,1400,False
nuscenes_mini,c36e8482feb041de9f081e76396cf4fe,car,0.8709677457809448,44.75,C,0.0775,0.0,73,0,942,False
nuscenes_mini,c36e8482feb041de9f081e76396cf4fe,car,0.8202247023582458,26.8,B,0.0414,0.0045,55,6,1328,False
nuscenes_mini,c36e8482feb041de9f081e76396cf4fe,car,0.7730495929718018,27.07,B,0.0,0.0002,0,1,6440,False
nuscenes_mini,c36e8482feb041de9f081e76396cf4fe,bus,0.8987342119216919,47.63,C,0.0284,0.0,172,0,6064,False
nuscenes_mini,c36e8482feb041de9f081e76396cf4fe,car,0.7655677795410156,45.87,C,0.0744,0.0,96,0,1290,False
nuscenes_mini,c36e8482feb041de9f081e76396cf4fe,bus,0.827957034111023,45.93,C,0.0383,0.0,110,0,2873,False
nuscenes_mini,c36e8482feb041de9f081e76396cf4fe,car,0.7655677795410156,4.51,A,0.4607,0.0819,821,146,1782,True
nuscenes_mini,c36e8482feb041de9f081e76396cf4fe,car,0.5395683646202087,53.93,C,0.0189,0.0,44,0,2322,False
nuscenes_mini,c36e8482feb041de9f081e76396cf4fe,car,0.8439024686813354,23.29,B,0.0772,0.008,155,16,2007,False
nuscenes_mini,c36e8482feb041de9f081e76396cf4fe,car,0.7697842121124268,20.96,B,0.1693,0.0068,173,7,1022,True
nuscenes_mini,c36e8482feb041de9f081e76396cf4fe,bus,0.9139785170555115,26.26,B,0.04,0.0022,1271,69,31806,False
nuscenes_mini,c36e8482feb041de9f081e76396cf4fe,pedestrian,1.0,38.34,C,0.075,0.1,3,4,40,False
nuscenes_mini,c36e8482feb041de9f081e76396cf4fe,pedestrian,1.0,4.85,A,0.5208,0.0833,25,4,48,True
nuscenes_mini,c36e8482feb041de9f081e76396cf4fe,pedestrian,1.0,5.43,A,0.9583,0.0278,69,2,72,True
nuscenes_mini,c36e8482feb041de9f081e76396cf4fe,car,0.8947368264198303,5.05,A,0.3234,0.0214,861,57,2662,True
nuscenes_mini,c36e8482feb041de9f081e76396cf4fe,car,0.8241757750511169,16.42,B,0.1906,0.0029,395,6,2072,True
nuscenes_mini,c36e8482feb041de9f081e76396cf4fe,car,0.9024390578269958,5.46,A,0.1983,0.036,480,87,2420,True
nuscenes_mini,c36e8482feb041de9f081e76396cf4fe,pedestrian,1.0,17.87,B,0.0938,0.1562,3,5,32,False
nuscenes_mini,c9e812f2705b4b198f4675dfaa33812d,pedestrian,1.0,35.74,C,0.1429,0.0119,12,1,84,True
nuscenes_mini,c9e812f2705b4b198f4675dfaa33812d,car,0.7229437232017517,44.1,C,0.0653,0.0,62,0,950,False
nuscenes_mini,c9e812f2705b4b198f4675dfaa33812d,car,0.8518518805503845,44.82,C,0.059,0.0,71,0,1204,False
nuscenes_mini,c9e812f2705b4b198f4675dfaa33812d,car,0.8672199249267578,22.72,B,0.0742,0.0047,127,8,1712,False
nuscenes_mini,c9e812f2705b4b198f4675dfaa33812d,bus,0.9024390578269958,47.63,C,0.0288,0.0,108,0,3744,False
nuscenes_mini,c9e812f2705b4b198f4675dfaa33812d,car,0.9139785170555115,8.02,A,0.2696,0.0245,626,57,2322,True
nuscenes_mini,c9e812f2705b4b198f4675dfaa33812d,bus,0.8709677457809448,40.89,C,0.0408,0.0,91,0,2232,False
nuscenes_mini,c9e812f2705b4b198f4675dfaa33812d,pedestrian,1.0,19.65,B,0.0667,0.0167,4,1,60,False
nuscenes_mini,c9e812f2705b4b198f4675dfaa33812d,pedestrian,1.0,45.26,C,0.0571,0.0286,2,1,35,False
nuscenes_mini,c9e812f2705b4b198f4675dfaa33812d,car,0.518796980381012,39.88,C,0.1031,0.0011,871,9,8445,True
nuscenes_mini,c9e812f2705b4b198f4675dfaa33812d,car,0.9298245906829834,9.17,A,0.3162,0.071,597,134,1888,True
nuscenes_mini,c9e812f2705b4b198f4675dfaa33812d,car,0.8672199249267578,23.45,B,0.1268,0.0092,207,15,1632,True
nuscenes_mini,c9e812f2705b4b198f4675dfaa33812d,bus,0.9139785170555115,23.76,B,0.0567,0.0057,652,65,11492,False
nuscenes_mini,c9e812f2705b4b198f4675dfaa33812d,pedestrian,1.0,12.52,A,0.4815,0.0556,26,3,54,True
nuscenes_mini,c9e812f2705b4b198f4675dfaa33812d,pedestrian,1.0,10.18,A,0.2,0.0667,9,3,45,True
nuscenes_mini,c9e812f2705b4b198f4675dfaa33812d,pedestrian,1.0,8.56,A,0.5,0.275,20,11,40,True
nuscenes_mini,c9e812f2705b4b198f4675dfaa33812d,pedestrian,1.0,7.55,A,0.6071,0.1429,34,8,56,True
nuscenes_mini,c9e812f2705b4b198f4675dfaa33812d,pedestrian,1.0,9.9,A,0.5625,0.0469,36,3,64,True
nuscenes_mini,c9e812f2705b4b198f4675dfaa33812d,pedestrian,1.0,11.58,A,0.3827,0.1358,31,11,81,True
nuscenes_mini,c9e812f2705b4b198f4675dfaa33812d,car,0.7344398498535156,19.58,B,0.1263,0.0059,107,5,847,True
nuscenes_mini,c9e812f2705b4b198f4675dfaa33812d,car,0.8518518805503845,5.27,A,0.1785,0.0421,377,89,2112,True
nuscenes_mini,c9e812f2705b4b198f4675dfaa33812d,car,0.9064327478408813,4.29,A,0.3934,0.0817,910,189,2313,True
nuscenes_mini,eff61ec3657c4d1c9327e3fe6ca639d3,car,0.8012422323226929,48.8,C,0.002,0.0015,4,3,2043,False
nuscenes_mini,eff61ec3657c4d1c9327e3fe6ca639d3,car,0.8476190567016602,47.79,C,0.1084,0.0,129,0,1190,True
nuscenes_mini,eff61ec3657c4d1c9327e3fe6ca639d3,car,0.859649121761322,17.9,B,0.1808,0.0154,282,24,1560,True
nuscenes_mini,eff61ec3657c4d1c9327e3fe6ca639d3,bus,0.8947368264198303,51.22,C,0.0238,0.0,119,0,5010,False
nuscenes_mini,eff61ec3657c4d1c9327e3fe6ca639d3,car,0.7968254089355469,44.44,C,0.1017,0.0,99,0,973,True
nuscenes_mini,eff61ec3657c4d1c9327e3fe6ca639d3,car,0.9179486632347107,14.9,A,0.1875,0.0081,348,15,1856,True
nuscenes_mini,eff61ec3657c4d1c9327e3fe6ca639d3,bus,0.8518518805503845,44.21,C,0.0395,0.0,100,0,2532,False
nuscenes_mini,eff61ec3657c4d1c9327e3fe6ca639d3,pedestrian,1.0,45.69,C,0.0556,0.0278,4,2,72,False
nuscenes_mini,eff61ec3657c4d1c9327e3fe6ca639d3,pedestrian,1.0,19.65,B,0.2375,0.075,19,6,80,True
nuscenes_mini,eff61ec3657c4d1c9327e3fe6ca639d3,car,0.9298245906829834,8.02,A,0.3601,0.0661,976,179,2710,True
nuscenes_mini,eff61ec3657c4d1c9327e3fe6ca639d3,car,0.7815700173377991,22.19,B,0.148,0.0088,219,13,1480,True
nuscenes_mini,eff61ec3657c4d1c9327e3fe6ca639d3,pedestrian,1.0,15.13,B,0.3175,0.0635,20,4,63,True
nuscenes_mini,eff61ec3657c4d1c9327e3fe6ca639d3,pedestrian,1.0,12.39,A,0.4556,0.0556,41,5,90,True
nuscenes_mini,eff61ec3657c4d1c9327e3fe6ca639d3,pedestrian,1.0,8.54,A,0.5417,0.2292,26,11,48,True
nuscenes_mini,eff61ec3657c4d1c9327e3fe6ca639d3,pedestrian,1.0,7.66,A,0.6591,0.1364,58,12,88,True
nuscenes_mini,eff61ec3657c4d1c9327e3fe6ca639d3,pedestrian,1.0,27.93,B,0.1111,0.0,5,0,45,True
nuscenes_mini,eff61ec3657c4d1c9327e3fe6ca639d3,pedestrian,1.0,24.64,B,0.1389,0.0833,5,3,36,True
nuscenes_mini,eff61ec3657c4d1c9327e3fe6ca639d3,pedestrian,1.0,9.93,A,0.5,0.1667,27,9,54,True
nuscenes_mini,eff61ec3657c4d1c9327e3fe6ca639d3,pedestrian,1.0,11.46,A,0.4062,0.1719,26,11,64,True
nuscenes_mini,eff61ec3657c4d1c9327e3fe6ca639d3,car,0.8787879347801208,5.64,A,0.2074,0.0253,540,66,2604,True
nuscenes_mini,eff61ec3657c4d1c9327e3fe6ca639d3,pedestrian,1.0,17.84,B,0.2593,0.0556,14,3,54,True
nuscenes_mini,eff61ec3657c4d1c9327e3fe6ca639d3,car,0.921951174736023,7.78,A,0.2364,0.0288,583,71,2466,True
nuscenes_mini,0a3abc33048d46f9bd78151d1df4b004,pedestrian,1.0,19.57,B,0.3492,0.0635,22,4,63,True
nuscenes_mini,0a3abc33048d46f9bd78151d1df4b004,car,0.8324607610702515,37.32,C,0.0097,0.0,12,0,1232,False
nuscenes_mini,0a3abc33048d46f9bd78151d1df4b004,car,0.859649121761322,45.58,C,0.0708,0.0,68,0,960,False
nuscenes_mini,0a3abc33048d46f9bd78151d1df4b004,car,0.9179486632347107,13.46,A,0.2828,0.035,509,63,1800,True
nuscenes_mini,0a3abc33048d46f9bd78151d1df4b004,bus,0.8987342119216919,47.67,C,0.0204,0.0,86,0,4214,False
nuscenes_mini,0a3abc33048d46f9bd78151d1df4b004,car,0.8947368264198303,21.69,B,0.0917,0.0129,170,24,1854,False
nuscenes_mini,0a3abc33048d46f9bd78151d1df4b004,car,0.7344398498535156,48.14,C,0.082,0.0,85,0,1036,False
nuscenes_mini,0a3abc33048d46f9bd78151d1df4b004,bus,0.8632478713989258,48.53,C,0.0317,0.0,110,0,3472,False
nuscenes_mini,0a3abc33048d46f9bd78151d1df4b004,pedestrian,1.0,23.24,B,0.2099,0.0617,17,5,81,True
nuscenes_mini,0a3abc33048d46f9bd78151d1df4b004,car,0.8904109597206116,28.68,B,0.0628,0.0074,119,14,1896,False
nuscenes_mini,0a3abc33048d46f9bd78151d1df4b004,car,0.5151515007019043,30.33,C,0.0415,0.0019,43,2,1036,False
nuscenes_mini,0a3abc33048d46f9bd78151d1df4b004,bus,0.9101123809814453,23.84,B,0.0419,0.0056,434,58,10348,False
nuscenes_mini,0a3abc33048d46f9bd78151d1df4b004,pedestrian,1.0,8.58,A,0.5938,0.2031,38,13,64,True
nuscenes_mini,0a3abc33048d46f9bd78151d1df4b004,pedestrian,1.0,15.65,B,0.3125,0.0938,10,3,32,True
nuscenes_mini,0a3abc33048d46f9bd78151d1df4b004,pedestrian,1.0,21.9,B,0.0278,0.0417,2,3,72,False
nuscenes_mini,0a3abc33048d46f9bd78151d1df4b004,pedestrian,1.0,7.71,A,0.7222,0.1111,52,8,72,True
nuscenes_mini,0a3abc33048d46f9bd78151d1df4b004,pedestrian,1.0,9.98,A,0.3611,0.1389,13,5,36,True
nuscenes_mini,0a3abc33048d46f9bd78151d1df4b004,pedestrian,1.0,9.88,A,0.4889,0.1333,22,6,45,True
nuscenes_mini,0a3abc33048d46f9bd78151d1df4b004,pedestrian,1.0,11.51,A,0.4375,0.1562,28,10,64,True
nuscenes_mini,0a3abc33048d46f9bd78151d1df4b004,car,0.6908212304115295,12.5,A,0.1851,0.01,425,23,2296,True
nuscenes_mini,0a3abc33048d46f9bd78151d1df4b004,car,0.9179486632347107,5.2,A,0.1783,0.0402,413,93,2316,True
nuscenes_mini,0a3abc33048d46f9bd78151d1df4b004,car,0.9452055096626282,8.13,A,0.3913,0.0709,767,139,1960,True
nuscenes_mini,2c77ee386aa0444aaf27140fe6cc8364,pedestrian,1.0,19.64,B,0.3214,0.0536,18,3,56,True
nuscenes_mini,2c77ee386aa0444aaf27140fe6cc8364,car,0.9375000596046448,8.77,A,0.2899,0.0672,414,96,1428,True
nuscenes_mini,2c77ee386aa0444aaf27140fe6cc8364,car,0.8160918951034546,32.64,C,0.0216,0.0,24,0,1113,False
nuscenes_mini,2c77ee386aa0444aaf27140fe6cc8364,bus,0.9024390578269958,52.85,C,0.0192,0.0,152,0,7900,False
nuscenes_mini,2c77ee386aa0444aaf27140fe6cc8364,car,0.8750000596046448,27.26,B,0.047,0.0021,91,4,1935,False
nuscenes_mini,2c77ee386aa0444aaf27140fe6cc8364,car,0.7387754917144775,48.08,C,0.0349,0.0,43,0,1232,False
nuscenes_mini,2c77ee386aa0444aaf27140fe6cc8364,bus,0.8518518805503845,50.28,C,0.0235,0.0,106,0,4508,False
nuscenes_mini,2c77ee386aa0444aaf27140fe6cc8364,car,0.8439024686813354,23.06,B,0.0821,0.0076,184,17,2241,False
nuscenes_mini,2c77ee386aa0444aaf27140fe6cc8364,car,0.8827838897705078,31.07,C,0.0295,0.0052,51,9,1728,False
nuscenes_mini,2c77ee386aa0444aaf27140fe6cc8364,bus,0.9024390578269958,23.52,B,0.064,0.0061,606,58,9464,False
nuscenes_mini,2c77ee386aa0444aaf27140fe6cc8364,pedestrian,1.0,11.2,A,0.5,0.0556,18,2,36,True
nuscenes_mini,2c77ee386aa0444aaf27140fe6cc8364,pedestrian,1.0,8.59,A,0.375,0.2812,12,9,32,True
nuscenes_mini,2c77ee386aa0444aaf27140fe6cc8364,pedestrian,1.0,11.84,A,0.4815,0.0926,26,5,54,True
nuscenes_mini,2c77ee386aa0444aaf27140fe6cc8364,pedestrian,1.0,7.83,A,0.7955,0.0909,70,8,88,True
nuscenes_mini,2c77ee386aa0444aaf27140fe6cc8364,pedestrian,1.0,9.84,A,0.5185,0.037,28,2,54,True
nuscenes_mini,2c77ee386aa0444aaf27140fe6cc8364,pedestrian,1.0,10.0,A,0.4,0.2,16,8,40,True
nuscenes_mini,2c77ee386aa0444aaf27140fe6cc8364,pedestrian,1.0,11.58,A,0.321,0.1728,26,14,81,True
nuscenes_mini,2c77ee386aa0444aaf27140fe6cc8364,car,0.8083832263946533,15.99,B,0.1198,0.0092,221,17,1845,True
nuscenes_mini,2c77ee386aa0444aaf27140fe6cc8364,car,0.8827838897705078,5.35,A,0.1766,0.0388,373,82,2112,True
nuscenes_mini,2c77ee386aa0444aaf27140fe6cc8364,pedestrian,1.0,17.88,B,0.125,0.125,3,3,24,True
nuscenes_mini,2c77ee386aa0444aaf27140fe6cc8364,car,0.949367105960846,9.66,A,0.3777,0.0526,840,117,2224,True
nuscenes_mini,4e169e93acb346d59de1af7f2b4882e1,pedestrian,1.0,19.63,B,0.2143,0.1071,12,6,56,True
nuscenes_mini,4e169e93acb346d59de1af7f2b4882e1,car,0.8202247023582458,46.12,C,0.1237,0.0,121,0,978,True
nuscenes_mini,4e169e93acb346d59de1af7f2b4882e1,car,0.827957034111023,31.19,C,0.0766,0.0037,82,4,1071,False
nuscenes_mini,4e169e93acb346d59de1af7f2b4882e1,bus,0.8787879347801208,51.59,C,0.0087,0.0,46,0,5265,False
nuscenes_mini,4e169e93acb346d59de1af7f2b4882e1,car,0.8552036285400391,34.9,C,0.0025,0.0,2,0,792,False
nuscenes_mini,4e169e93acb346d59de1af7f2b4882e1,car,0.8324607610702515,48.48,C,0.1262,0.0,159,0,1260,True
nuscenes_mini,4e169e93acb346d59de1af7f2b4882e1,bus,0.8787879347801208,53.43,C,0.022,0.0005,122,3,5536,False
nuscenes_mini,4e169e93acb346d59de1af7f2b4882e1,pedestrian,1.0,19.64,B,0.225,0.0625,18,5,80,True
nuscenes_mini,4e169e93acb346d59de1af7f2b4882e1,car,0.8048780560493469,22.76,B,0.1151,0.006,343,18,2980,True
nuscenes_mini,4e169e93acb346d59de1af7f2b4882e1,car,0.8128654956817627,4.92,A,0.4386,0.0773,1425,251,3249,True
nuscenes_mini,4e169e93acb346d59de1af7f2b4882e1,car,0.8632478713989258,34.17,C,0.0191,0.0028,41,6,2142,False
nuscenes_mini,4e169e93acb346d59de1af7f2b4882e1,bus,0.9024390578269958,23.63,B,0.0551,0.0059,570,61,10350,False
nuscenes_mini,4e169e93acb346d59de1af7f2b4882e1,pedestrian,1.0,8.6,A,0.2812,0.3125,9,10,32,True
nuscenes_mini,4e169e93acb346d59de1af7f2b4882e1,pedestrian,1.0,11.5,A,0.5833,0.0938,56,9,96,True
nuscenes_mini,4e169e93acb346d59de1af7f2b4882e1,pedestrian,1.0,8.03,A,0.6875,0.0938,44,6,64,True
nuscenes_mini,4e169e93acb346d59de1af7f2b4882e1,pedestrian,1.0,11.32,A,0.4643,0.0179,26,1,56,True
nuscenes_mini,4e169e93acb346d59de1af7f2b4882e1,pedestrian,1.0,9.83,A,0.6,0.0667,27,3,45,True
nuscenes_mini,4e169e93acb346d59de1af7f2b4882e1,pedestrian,1.0,10.01,A,0.3611,0.25,13,9,36,True
nuscenes_mini,4e169e93acb346d59de1af7f2b4882e1,pedestrian,1.0,11.58,A,0.3951,0.1358,32,11,81,True
nuscenes_mini,4e169e93acb346d59de1af7f2b4882e1,car,0.6683937907218933,19.19,B,0.102,0.0087,82,7,804,True
nuscenes_mini,4e169e93acb346d59de1af7f2b4882e1,car,0.8750000596046448,5.42,A,0.1649,0.04,350,85,2123,True
nuscenes_mini,4e169e93acb346d59de1af7f2b4882e1,pedestrian,1.0,17.89,B,0.2188,0.0938,7,3,32,True
nuscenes_mini,4e169e93acb346d59de1af7f2b4882e1,car,0.941605806350708,12.17,A,0.2158,0.0412,367,70,1701,True
nuscenes_mini,b902d29df24c4efda414a9a88ed57031,pedestrian,1.0,19.61,B,0.2222,0.0694,16,5,72,True
nuscenes_mini,b902d29df24c4efda414a9a88ed57031,car,0.8552036285400391,45.9,C,0.071,0.0,86,0,1211,False
nuscenes_mini,b902d29df24c4efda414a9a88ed57031,car,0.8787879347801208,28.74,B,0.073,0.0063,139,12,1904,False
nuscenes_mini,b902d29df24c4efda414a9a88ed57031,bus,0.9024390578269958,51.18,C,0.0189,0.0,89,0,4710,False
nuscenes_mini,b902d29df24c4efda414a9a88ed57031,car,0.8400000333786011,47.96,C,0.0853,0.0,89,0,1043,False
nuscenes_mini,b902d29df24c4efda414a9a88ed57031,car,0.859649121761322,39.32,C,0.0415,0.004,72,7,1737,False
nuscenes_mini,b902d29df24c4efda414a9a88ed57031,bus,0.8865247964859009,49.84,C,0.0209,0.0,80,0,3822,False
nuscenes_mini,b902d29df24c4efda414a9a88ed57031,pedestrian,1.0,19.58,B,0.2857,0.0893,16,5,56,True
nuscenes_mini,b902d29df24c4efda414a9a88ed57031,car,0.8827838897705078,37.16,C,0.0017,0.0017,3,3,1720,False
nuscenes_mini,b902d29df24c4efda414a9a88ed57031,bus,0.9259259104728699,23.84,B,0.0382,0.0059,392,61,10260,False
nuscenes_mini,b902d29df24c4efda414a9a88ed57031,pedestrian,1.0,8.62,A,0.6389,0.1528,46,11,72,True
nuscenes_mini,b902d29df24c4efda414a9a88ed57031,pedestrian,1.0,38.86,C,0.1905,0.0476,4,1,21,True
nuscenes_mini,b902d29df24c4efda414a9a88ed57031,pedestrian,1.0,11.23,A,0.6094,0.0703,78,9,128,True
nuscenes_mini,b902d29df24c4efda414a9a88ed57031,pedestrian,1.0,8.09,A,0.7812,0.1875,25,6,32,True
nuscenes_mini,b902d29df24c4efda414a9a88ed57031,pedestrian,1.0,11.87,A,0.5156,0.0156,33,1,64,True
nuscenes_mini,b902d29df24c4efda414a9a88ed57031,pedestrian,1.0,10.05,A,0.4306,0.0972,31,7,72,True
nuscenes_mini,b902d29df24c4efda414a9a88ed57031,pedestrian,1.0,11.65,A,0.284,0.1235,23,10,81,True
nuscenes_mini,b902d29df24c4efda414a9a88ed57031,car,0.8947368264198303,5.21,A,0.1793,0.0437,357,87,1991,True
nuscenes_mini,b902d29df24c4efda414a9a88ed57031,pedestrian,1.0,17.81,B,0.3214,0.1429,9,4,28,True
nuscenes_mini,b902d29df24c4efda414a9a88ed57031,car,0.9452055096626282,15.12,B,0.1516,0.0241,308,49,2032,True
nuscenes_mini,b902d29df24c4efda414a9a88ed57031,car,0.921951174736023,4.99,A,0.3625,0.0748,538,111,1484,True
nuscenes_mini,3ff58ee0fc4748d9895300f02114aa56,pedestrian,1.0,19.43,B,0.3117,0.0909,24,7,77,True
nuscenes_mini,3ff58ee0fc4748d9895300f02114aa56,car,0.8552036285400391,39.65,C,0.0032,0.0,3,0,924,False
nuscenes_mini,3ff58ee0fc4748d9895300f02114aa56,car,0.7770034670829773,43.98,C,0.0587,0.0,69,0,1176,False
nuscenes_mini,3ff58ee0fc4748d9895300f02114aa56,car,0.9064327478408813,22.13,B,0.1544,0.0077,161,8,1043,True
nuscenes_mini,3ff58ee0fc4748d9895300f02114aa56,bus,0.8672199249267578,47.0,C,0.0191,0.0,71,0,3724,False
nuscenes_mini,3ff58ee0fc4748d9895300f02114aa56,car,0.8128654956817627,49.45,C,0.0473,0.0,52,0,1099,False
nuscenes_mini,3ff58ee0fc4748d9895300f02114aa56,car,0.8632478713989258,48.13,C,0.0,0.0,0,0,2106,False
nuscenes_mini,3ff58ee0fc4748d9895300f02114aa56,bus,0.8827838897705078,50.46,C,0.0141,0.0,59,0,4186,False
nuscenes_mini,3ff58ee0fc4748d9895300f02114aa56,pedestrian,1.0,19.52,B,0.25,0.075,20,6,80,True
nuscenes_mini,3ff58ee0fc4748d9895300f02114aa56,pedestrian,1.0,37.17,C,0.0303,0.0101,3,1,99,False
nuscenes_mini,3ff58ee0fc4748d9895300f02114aa56,pedestrian,1.0,56.04,C,0.0,0.0,0,0,40,False
nuscenes_mini,3ff58ee0fc4748d9895300f02114aa56,car,0.8439024686813354,22.95,B,0.1131,0.0086,302,23,2670,True
nuscenes_mini,3ff58ee0fc4748d9895300f02114aa56,car,0.8865247964859009,40.02,C,0.0013,0.0013,3,3,2349,False
nuscenes_mini,3ff58ee0fc4748d9895300f02114aa56,car,0.6717948913574219,30.06,C,0.0068,0.0023,6,2,888,False
nuscenes_mini,3ff58ee0fc4748d9895300f02114aa56,bus,0.9336099624633789,25.33,B,0.055,0.0022,1541,63,28000,False
nuscenes_mini,3ff58ee0fc4748d9895300f02114aa56,pedestrian,1.0,8.62,A,0.6875,0.1875,44,12,64,True
nuscenes_mini,3ff58ee0fc4748d9895300f02114aa56,pedestrian,1.0,10.93,A,0.6,0.0417,72,5,120,True
nuscenes_mini,3ff58ee0fc4748d9895300f02114aa56,pedestrian,1.0,8.15,A,0.7969,0.125,51,8,64,True
nuscenes_mini,3ff58ee0fc4748d9895300f02114aa56,pedestrian,1.0,25.73,B,0.0,0.0,0,0,27,False
nuscenes_mini,3ff58ee0fc4748d9895300f02114aa56,pedestrian,1.0,10.06,A,0.5,0.1296,27,7,54,True
nuscenes_mini,3ff58ee0fc4748d9895300f02114aa56,pedestrian,1.0,11.56,A,0.5,0.1562,32,10,64,True
nuscenes_mini,3ff58ee0fc4748d9895300f02114aa56,car,0.9064327478408813,5.39,A,0.1717,0.0399,357,83,2079,True
nuscenes_mini,3ff58ee0fc4748d9895300f02114aa56,pedestrian,1.0,17.73,B,0.275,0.075,11,3,40,True
nuscenes_mini,3ff58ee0fc4748d9895300f02114aa56,car,0.9064327478408813,8.94,A,0.3306,0.0429,693,90,2096,True
nuscenes_mini,7147d8d1b51b428fb408f34799325111,pedestrian,1.0,19.48,B,0.1786,0.0714,10,4,56,True
nuscenes_mini,7147d8d1b51b428fb408f34799325111,car,0.8709677457809448,35.33,C,0.0117,0.0,14,0,1197,False
nuscenes_mini,7147d8d1b51b428fb408f34799325111,car,0.8012422323226929,43.1,C,0.0544,0.0,59,0,1085,False
nuscenes_mini,7147d8d1b51b428fb408f34799325111,car,0.9179486632347107,18.91,B,0.1581,0.0163,282,29,1784,True
nuscenes_mini,7147d8d1b51b428fb408f34799325111,bus,0.8865247964859009,49.38,C,0.0172,0.0,71,0,4130,False
nuscenes_mini,7147d8d1b51b428fb408f34799325111,car,0.8012422323226929,47.56,C,0.052,0.0,44,0,846,False
nuscenes_mini,7147d8d1b51b428fb408f34799325111,bus,0.8518518805503845,49.44,C,0.0227,0.0,78,0,3430,False
nuscenes_mini,7147d8d1b51b428fb408f34799325111,pedestrian,1.0,19.63,B,0.1746,0.0635,11,4,63,True
nuscenes_mini,7147d8d1b51b428fb408f34799325111,car,0.827957034111023,22.78,B,0.1079,0.0101,202,19,1872,True
nuscenes_mini,7147d8d1b51b428fb408f34799325111,car,0.8865247964859009,43.28,C,0.0,0.0,0,0,2800,False
nuscenes_mini,7147d8d1b51b428fb408f34799325111,motorcycle,0.5460992455482483,22.68,B,0.1369,0.0179,46,6,336,True
nuscenes_mini,7147d8d1b51b428fb408f34799325111,bus,0.9179486632347107,25.5,B,0.0618,0.0018,2103,61,34034,False
nuscenes_mini,7147d8d1b51b428fb408f34799325111,pedestrian,1.0,25.81,B,0.0222,0.0667,1,3,45,False
nuscenes_mini,7147d8d1b51b428fb408f34799325111,pedestrian,1.0,8.66,A,0.5802,0.1235,47,10,81,True
nuscenes_mini,7147d8d1b51b428fb408f34799325111,pedestrian,1.0,10.64,A,0.5481,0.0577,57,6,104,True
nuscenes_mini,7147d8d1b51b428fb408f34799325111,pedestrian,1.0,8.31,A,0.6556,0.0778,59,7,90,True
nuscenes_mini,7147d8d1b51b428fb408f34799325111,pedestrian,1.0,38.95,C,0.0417,0.0417,2,2,48,False
nuscenes_mini,7147d8d1b51b428fb408f34799325111,pedestrian,1.0,10.06,A,0.463,0.1111,25,6,54,True
nuscenes_mini,7147d8d1b51b428fb408f34799325111,pedestrian,1.0,11.66,A,0.3542,0.1667,17,8,48,True
nuscenes_mini,7147d8d1b51b428fb408f34799325111,car,0.9139785170555115,5.93,A,0.1605,0.0194,413,50,2574,True
nuscenes_mini,7147d8d1b51b428fb408f34799325111,pedestrian,1.0,17.84,B,0.2639,0.0556,19,4,72,True
nuscenes_mini,7147d8d1b51b428fb408f34799325111,car,0.8709677457809448,12.49,A,0.1572,0.024,249,38,1584,True
nuscenes_mini,050b2d9c4bb647b7ab4ee94bdb538e1d,pedestrian,1.0,35.51,C,0.0417,0.0,3,0,72,False
nuscenes_mini,050b2d9c4bb647b7ab4ee94bdb538e1d,car,0.949367105960846,14.48,A,0.3101,0.0262,593,50,1912,True
nuscenes_mini,050b2d9c4bb647b7ab4ee94bdb538e1d,car,0.7460317611694336,48.43,C,0.1164,0.0,125,0,1074,True
nuscenes_mini,050b2d9c4bb647b7ab4ee94bdb538e1d,car,0.8083832263946533,33.27,C,0.0366,0.0,43,0,1176,False
nuscenes_mini,050b2d9c4bb647b7ab4ee94bdb538e1d,bus,0.8709677457809448,56.15,C,0.0216,0.0008,86,3,3978,False
nuscenes_mini,050b2d9c4bb647b7ab4ee94bdb538e1d,car,0.7655677795410156,47.01,C,0.1097,0.0,96,0,875,True
nuscenes_mini,050b2d9c4bb647b7ab4ee94bdb538e1d,car,0.7142857313156128,49.15,C,0.1097,0.0,79,0,720,True
nuscenes_mini,050b2d9c4bb647b7ab4ee94bdb538e1d,bus,0.827957034111023,50.13,C,0.0196,0.0,65,0,3315,False
nuscenes_mini,050b2d9c4bb647b7ab4ee94bdb538e1d,pedestrian,1.0,20.76,B,0.25,0.0,18,0,72,True
nuscenes_mini,050b2d9c4bb647b7ab4ee94bdb538e1d,pedestrian,1.0,19.34,B,0.2727,0.0519,21,4,77,True
nuscenes_mini,050b2d9c4bb647b7ab4ee94bdb538e1d,pedestrian,1.0,20.78,B,0.25,0.0,8,0,32,True
nuscenes_mini,050b2d9c4bb647b7ab4ee94bdb538e1d,car,0.8324607610702515,22.6,B,0.1179,0.0095,260,21,2205,True
nuscenes_mini,050b2d9c4bb647b7ab4ee94bdb538e1d,car,0.8709677457809448,44.56,C,0.0024,0.0024,5,5,2110,False
nuscenes_mini,050b2d9c4bb647b7ab4ee94bdb538e1d,bus,0.9298245906829834,25.99,B,0.0489,0.0018,1854,68,37944,False
nuscenes_mini,050b2d9c4bb647b7ab4ee94bdb538e1d,pedestrian,1.0,25.9,B,0.0,0.0208,0,1,48,False
nuscenes_mini,050b2d9c4bb647b7ab4ee94bdb538e1d,pedestrian,1.0,8.59,A,0.6667,0.1667,36,9,54,True
nuscenes_mini,050b2d9c4bb647b7ab4ee94bdb538e1d,pedestrian,1.0,4.45,A,0.5429,0.0286,19,1,35,True
nuscenes_mini,050b2d9c4bb647b7ab4ee94bdb538e1d,pedestrian,1.0,8.21,A,0.7031,0.0625,45,4,64,True
nuscenes_mini,050b2d9c4bb647b7ab4ee94bdb538e1d,pedestrian,1.0,10.07,A,0.3556,0.1778,16,8,45,True
nuscenes_mini,050b2d9c4bb647b7ab4ee94bdb538e1d,pedestrian,1.0,11.61,A,0.3556,0.0778,32,7,90,True
nuscenes_mini,050b2d9c4bb647b7ab4ee94bdb538e1d,car,0.6995305418968201,17.89,B,0.1271,0.0064,258,13,2030,True
nuscenes_mini,050b2d9c4bb647b7ab4ee94bdb538e1d,car,0.8632478713989258,5.32,A,0.1823,0.0442,371,90,2035,True
nuscenes_mini,050b2d9c4bb647b7ab4ee94bdb538e1d,pedestrian,1.0,17.76,B,0.2083,0.0833,10,4,48,True
nuscenes_mini,2690c36281244c06b709e9f4eeb1317a,pedestrian,1.0,24.52,B,0.0,0.0,0,0,40,False
nuscenes_mini,2690c36281244c06b709e9f4eeb1317a,car,0.921951174736023,10.56,A,0.3556,0.0655,586,108,1648,True
nuscenes_mini,2690c36281244c06b709e9f4eeb1317a,car,0.8241757750511169,33.62,C,0.0588,0.0021,143,5,2432,False
nuscenes_mini,2690c36281244c06b709e9f4eeb1317a,bus,0.8987342119216919,48.21,C,0.0188,0.0,76,0,4046,False
nuscenes_mini,2690c36281244c06b709e9f4eeb1317a,car,0.7730495929718018,48.19,C,0.0462,0.0,44,0,952,False
nuscenes_mini,2690c36281244c06b709e9f4eeb1317a,bus,0.8672199249267578,49.7,C,0.0206,0.0,73,0,3549,False
nuscenes_mini,2690c36281244c06b709e9f4eeb1317a,pedestrian,1.0,60.21,C,0.0,0.0,0,0,64,False
nuscenes_mini,2690c36281244c06b709e9f4eeb1317a,pedestrian,1.0,20.68,B,0.2031,0.0312,13,2,64,True
nuscenes_mini,2690c36281244c06b709e9f4eeb1317a,pedestrian,1.0,19.3,B,0.1587,0.0794,10,5,63,True
nuscenes_mini,2690c36281244c06b709e9f4eeb1317a,car,0.8012422323226929,22.37,B,0.147,0.0087,356,21,2421,True
nuscenes_mini,2690c36281244c06b709e9f4eeb1317a,car,0.9064327478408813,10.41,A,0.2637,0.0647,538,132,2040,True
nuscenes_mini,2690c36281244c06b709e9f4eeb1317a,car,0.8827838897705078,47.15,C,0.0015,0.0015,3,3,1989,False
nuscenes_mini,2690c36281244c06b709e9f4eeb1317a,bus,0.9298245906829834,23.34,B,0.0677,0.0064,753,71,11128,False
nuscenes_mini,2690c36281244c06b709e9f4eeb1317a,pedestrian,1.0,8.64,A,0.6071,0.2143,34,12,56,True
nuscenes_mini,2690c36281244c06b709e9f4eeb1317a,pedestrian,1.0,9.85,A,0.2963,0.1296,16,7,54,True
nuscenes_mini,2690c36281244c06b709e9f4eeb1317a,pedestrian,1.0,8.13,A,0.7812,0.0938,50,6,64,True
nuscenes_mini,2690c36281244c06b709e9f4eeb1317a,pedestrian,1.0,10.09,A,0.5,0.175,20,7,40,True
nuscenes_mini,2690c36281244c06b709e9f4eeb1317a,pedestrian,1.0,11.43,A,0.3958,0.1875,19,9,48,True
nuscenes_mini,2690c36281244c06b709e9f4eeb1317a,car,0.5897435545921326,22.3,B,0.149,0.0018,245,3,1644,True
nuscenes_mini,2690c36281244c06b709e9f4eeb1317a,car,0.8947368264198303,5.32,A,0.1708,0.0422,340,84,1991,True
nuscenes_mini,2690c36281244c06b709e9f4eeb1317a,pedestrian,1.0,17.82,B,0.2679,0.0893,15,5,56,True
nuscenes_mini,99f903d3f74a4f76a05a4f1e10e49329,pedestrian,1.0,32.72,C,0.0,0.0,0,0,48,False
nuscenes_mini,99f903d3f74a4f76a05a4f1e10e49329,car,0.7730495929718018,46.37,C,0.1027,0.0,115,0,1120,True
nuscenes_mini,99f903d3f74a4f76a05a4f1e10e49329,car,0.8400000333786011,29.52,B,0.0574,0.0029,118,6,2056,False
nuscenes_mini,99f903d3f74a4f76a05a4f1e10e49329,bus,0.8827838897705078,54.21,C,0.0014,0.0,8,0,5648,False
nuscenes_mini,99f903d3f74a4f76a05a4f1e10e49329,car,0.7460317611694336,47.01,C,0.0988,0.0,98,0,992,False
nuscenes_mini,99f903d3f74a4f76a05a4f1e10e49329,bus,0.8358974456787109,49.1,C,0.0129,0.0,43,0,3328,False
nuscenes_mini,99f903d3f74a4f76a05a4f1e10e49329,pedestrian,1.0,20.52,B,0.2083,0.0208,10,1,48,True
nuscenes_mini,99f903d3f74a4f76a05a4f1e10e49329,pedestrian,1.0,19.24,B,0.1944,0.1389,7,5,36,True
nuscenes_mini,99f903d3f74a4f76a05a4f1e10e49329,pedestrian,1.0,49.54,C,0.125,0.0208,6,1,48,True
nuscenes_mini,99f903d3f74a4f76a05a4f1e10e49329,pedestrian,1.0,55.54,C,0.0,0.0,0,0,42,False
nuscenes_mini,99f903d3f74a4f76a05a4f1e10e49329,car,0.8400000333786011,23.36,B,0.0781,0.0067,211,18,2700,False
nuscenes_mini,99f903d3f74a4f76a05a4f1e10e49329,car,0.8632478713989258,48.39,C,0.0208,0.0035,30,5,1440,False
nuscenes_mini,99f903d3f74a4f76a05a4f1e10e49329,car,0.9259259104728699,7.58,A,0.4088,0.0813,981,195,2400,True
nuscenes_mini,99f903d3f74a4f76a05a4f1e10e49329,bus,0.9259259104728699,23.26,B,0.0678,0.0066,656,64,9675,False
nuscenes_mini,99f903d3f74a4f76a05a4f1e10e49329,pedestrian,1.0,8.64,A,0.6071,0.25,34,14,56,True
nuscenes_mini,99f903d3f74a4f76a05a4f1e10e49329,pedestrian,1.0,9.93,A,0.537,0.0741,29,4,54,True
nuscenes_mini,99f903d3f74a4f76a05a4f1e10e49329,pedestrian,1.0,38.9,C,0.0625,0.0312,2,1,32,False
nuscenes_mini,99f903d3f74a4f76a05a4f1e10e49329,pedestrian,1.0,8.13,A,0.6458,0.1042,31,5,48,True
nuscenes_mini,99f903d3f74a4f76a05a4f1e10e49329,pedestrian,1.0,10.15,A,0.5417,0.2292,26,11,48,True
nuscenes_mini,99f903d3f74a4f76a05a4f1e10e49329,pedestrian,1.0,11.3,A,0.4583,0.1042,22,5,48,True
nuscenes_mini,99f903d3f74a4f76a05a4f1e10e49329,car,0.7697842121124268,33.65,C,0.035,0.002,86,5,2460,False
nuscenes_mini,99f903d3f74a4f76a05a4f1e10e49329,car,0.9298245906829834,5.78,A,0.1517,0.0224,406,60,2676,True
nuscenes_mini,99f903d3f74a4f76a05a4f1e10e49329,pedestrian,1.0,17.76,B,0.3125,0.1042,15,5,48,True
nuscenes_mini,25a4a6aa9096458285cba35c950f2717,pedestrian,1.0,33.86,C,0.0,0.0,0,0,72,False
nuscenes_mini,25a4a6aa9096458285cba35c950f2717,car,0.8202247023582458,44.29,C,0.0519,0.0,42,0,810,False
nuscenes_mini,25a4a6aa9096458285cba35c950f2717,car,0.8476190567016602,48.28,C,0.0077,0.0004,88,5,11430,False
nuscenes_mini,25a4a6aa9096458285cba35c950f2717,bus,0.8787879347801208,55.74,C,0.0083,0.0,34,0,4096,False
nuscenes_mini,25a4a6aa9096458285cba35c950f2717,bus,0.8358974456787109,50.11,C,0.0101,0.0,43,0,4242,False
nuscenes_mini,25a4a6aa9096458285cba35c950f2717,pedestrian,1.0,19.8,B,0.1833,0.0833,11,5,60,True
nuscenes_mini,25a4a6aa9096458285cba35c950f2717,car,0.7887788414955139,22.9,B,0.1101,0.0072,304,20,2760,True
nuscenes_mini,25a4a6aa9096458285cba35c950f2717,car,0.8476190567016602,50.4,C,0.0215,0.0028,31,4,1440,False
nuscenes_mini,25a4a6aa9096458285cba35c950f2717,bus,0.9179486632347107,23.57,B,0.0629,0.0055,670,59,10660,False
nuscenes_mini,25a4a6aa9096458285cba35c950f2717,pedestrian,1.0,8.68,A,0.375,0.35,15,14,40,True
nuscenes_mini,25a4a6aa9096458285cba35c950f2717,pedestrian,1.0,10.32,A,0.3571,0.1071,20,6,56,True
nuscenes_mini,25a4a6aa9096458285cba35c950f2717,pedestrian,1.0,8.23,A,0.6786,0.1607,38,9,56,True
nuscenes_mini,25a4a6aa9096458285cba35c950f2717,pedestrian,1.0,10.17,A,0.3,0.275,12,11,40,True
nuscenes_mini,25a4a6aa9096458285cba35c950f2717,pedestrian,1.0,11.21,A,0.2812,0.1562,9,5,32,True
nuscenes_mini,25a4a6aa9096458285cba35c950f2717,car,0.6640419960021973,38.55,C,0.0142,0.0027,16,3,1127,False
nuscenes_mini,25a4a6aa9096458285cba35c950f2717,car,0.9336099624633789,5.3,A,0.1945,0.0473,354,86,1820,True
nuscenes_mini,25a4a6aa9096458285cba35c950f2717,car,0.9336099624633789,7.51,A,0.3962,0.0712,840,151,2120,True
nuscenes_mini,c631b61375a642b6b110f5bd5543ef7a,pedestrian,1.0,20.4,B,0.2778,0.0556,20,4,72,True
nuscenes_mini,c631b61375a642b6b110f5bd5543ef7a,car,0.8083832263946533,46.6,C,0.0874,0.0,76,0,870,False
nuscenes_mini,c631b61375a642b6b110f5bd5543ef7a,car,0.8632478713989258,21.75,B,0.1191,0.0032,221,6,1856,True
nuscenes_mini,c631b61375a642b6b110f5bd5543ef7a,bus,0.9024390578269958,55.79,C,0.0257,0.0,124,0,4830,False
nuscenes_mini,c631b61375a642b6b110f5bd5543ef7a,car,0.8358974456787109,45.52,C,0.079,0.0,78,0,987,False
nuscenes_mini,c631b61375a642b6b110f5bd5543ef7a,bus,0.859649121761322,49.08,C,0.0318,0.0,145,0,4564,False
nuscenes_mini,c631b61375a642b6b110f5bd5543ef7a,pedestrian,1.0,20.77,B,0.2667,0.05,16,3,60,True
nuscenes_mini,c631b61375a642b6b110f5bd5543ef7a,car,0.8324607610702515,22.89,B,0.0976,0.0074,290,22,2970,False
nuscenes_mini,c631b61375a642b6b110f5bd5543ef7a,car,0.8632478713989258,52.85,C,0.0146,0.0027,22,4,1504,False
nuscenes_mini,c631b61375a642b6b110f5bd5543ef7a,bus,0.9179486632347107,25.64,B,0.0497,0.0025,1439,73,28971,False
nuscenes_mini,c631b61375a642b6b110f5bd5543ef7a,pedestrian,1.0,8.76,A,0.5,0.2083,24,10,48,True
nuscenes_mini,c631b61375a642b6b110f5bd5543ef7a,pedestrian,1.0,10.13,A,0.5893,0.1071,33,6,56,True
nuscenes_mini,c631b61375a642b6b110f5bd5543ef7a,pedestrian,1.0,8.28,A,0.675,0.15,27,6,40,True
nuscenes_mini,c631b61375a642b6b110f5bd5543ef7a,pedestrian,1.0,10.26,A,0.4921,0.1111,31,7,63,True
nuscenes_mini,c631b61375a642b6b110f5bd5543ef7a,pedestrian,1.0,11.29,A,0.4286,0.1071,24,6,56,True
nuscenes_mini,c631b61375a642b6b110f5bd5543ef7a,car,0.6559139490127563,59.4,C,0.0,0.0,0,0,408,False
nuscenes_mini,c631b61375a642b6b110f5bd5543ef7a,car,0.9064327478408813,5.3,A,0.2544,0.0518,491,100,1930,True
nuscenes_mini,c631b61375a642b6b110f5bd5543ef7a,pedestrian,1.0,17.76,B,0.2381,0.0794,15,5,63,True
nuscenes_mini,c631b61375a642b6b110f5bd5543ef7a,car,0.9139785170555115,10.33,A,0.2973,0.0523,489,86,1645,True
nuscenes_mini,614c6962e44240b1b0ebb3eb351fe0eb,pedestrian,1.0,20.49,B,0.2,0.0222,18,2,90,True
nuscenes_mini,614c6962e44240b1b0ebb3eb351fe0eb,car,0.9101123809814453,18.48,B,0.1962,0.0124,317,20,1616,True
nuscenes_mini,614c6962e44240b1b0ebb3eb351fe0eb,bus,0.8552036285400391,55.0,C,0.0187,0.0,84,0,4480,False
nuscenes_mini,614c6962e44240b1b0ebb3eb351fe0eb,car,0.8400000333786011,50.3,C,0.0409,0.0,49,0,1197,False
nuscenes_mini,614c6962e44240b1b0ebb3eb351fe0eb,bus,0.7928802371025085,55.81,C,0.0219,0.0,91,0,4155,False
nuscenes_mini,614c6962e44240b1b0ebb3eb351fe0eb,pedestrian,1.0,22.04,B,0.2381,0.0714,10,3,42,True
nuscenes_mini,614c6962e44240b1b0ebb3eb351fe0eb,car,0.827957034111023,22.8,B,0.1006,0.0081,210,17,2088,True
nuscenes_mini,614c6962e44240b1b0ebb3eb351fe0eb,bus,0.9179486632347107,26.07,B,0.0449,0.0022,1565,75,34875,False
nuscenes_mini,614c6962e44240b1b0ebb3eb351fe0eb,pedestrian,1.0,8.75,A,0.4667,0.3111,21,14,45,True
nuscenes_mini,614c6962e44240b1b0ebb3eb351fe0eb,pedestrian,1.0,26.27,B,0.0,0.037,0,2,54,False
nuscenes_mini,614c6962e44240b1b0ebb3eb351fe0eb,pedestrian,1.0,8.39,A,0.6984,0.0794,44,5,63,True
nuscenes_mini,614c6962e44240b1b0ebb3eb351fe0eb,pedestrian,1.0,10.3,A,0.3519,0.2222,19,12,54,True
nuscenes_mini,614c6962e44240b1b0ebb3eb351fe0eb,pedestrian,1.0,11.34,A,0.375,0.075,15,3,40,True
nuscenes_mini,614c6962e44240b1b0ebb3eb351fe0eb,car,0.9101123809814453,5.4,A,0.199,0.0472,405,96,2035,True
nuscenes_mini,614c6962e44240b1b0ebb3eb351fe0eb,pedestrian,1.0,17.77,B,0.2037,0.0926,11,5,54,True
nuscenes_mini,614c6962e44240b1b0ebb3eb351fe0eb,car,0.9375000596046448,14.6,A,0.1463,0.0174,295,35,2016,True
nuscenes_mini,ace4b20b94cf47d0b68addac79fe68de,pedestrian,1.0,20.49,B,0.2469,0.037,20,3,81,True
nuscenes_mini,ace4b20b94cf47d0b68addac79fe68de,car,0.9532163739204407,16.64,B,0.2778,0.0062,580,13,2088,True
nuscenes_mini,ace4b20b94cf47d0b68addac79fe68de,bus,0.8048780560493469,54.9,C,0.0221,0.0,133,0,6016,False
nuscenes_mini,ace4b20b94cf47d0b68addac79fe68de,car,0.8552036285400391,49.26,C,0.0693,0.0,80,0,1155,False
nuscenes_mini,ace4b20b94cf47d0b68addac79fe68de,bus,0.8827838897705078,54.55,C,0.0282,0.0,125,0,4438,False
nuscenes_mini,ace4b20b94cf47d0b68addac79fe68de,pedestrian,1.0,23.68,B,0.1667,0.0238,7,1,42,True
nuscenes_mini,ace4b20b94cf47d0b68addac79fe68de,car,0.8358974456787109,22.68,B,0.1065,0.0088,231,19,2170,True
nuscenes_mini,ace4b20b94cf47d0b68addac79fe68de,car,0.7968254089355469,56.36,C,0.0,0.0,0,0,791,False
nuscenes_mini,ace4b20b94cf47d0b68addac79fe68de,bus,0.9139785170555115,25.59,B,0.0446,0.0023,1151,59,25810,False
nuscenes_mini,ace4b20b94cf47d0b68addac79fe68de,pedestrian,1.0,8.81,A,0.425,0.3,17,12,40,True
nuscenes_mini,ace4b20b94cf47d0b68addac79fe68de,pedestrian,1.0,8.37,A,0.7679,0.125,43,7,56,True
nuscenes_mini,ace4b20b94cf47d0b68addac79fe68de,pedestrian,1.0,26.0,B,0.2143,0.0536,12,3,56,True
nuscenes_mini,ace4b20b94cf47d0b68addac79fe68de,pedestrian,1.0,10.32,A,0.5,0.1875,24,9,48,True
nuscenes_mini,ace4b20b94cf47d0b68addac79fe68de,pedestrian,1.0,11.34,A,0.5185,0.0741,28,4,54,True
nuscenes_mini,ace4b20b94cf47d0b68addac79fe68de,car,0.9179486632347107,5.33,A,0.2181,0.043,487,96,2233,True
nuscenes_mini,ace4b20b94cf47d0b68addac79fe68de,pedestrian,1.0,17.75,B,0.1481,0.0926,8,5,54,True
nuscenes_mini,ace4b20b94cf47d0b68addac79fe68de,pedestrian,1.0,23.98,B,0.1667,0.0,7,0,42,True
nuscenes_mini,ace4b20b94cf47d0b68addac79fe68de,car,0.8358974456787109,18.93,B,0.0568,0.008,157,22,2763,False
nuscenes_mini,134ae8a8f5c340f9894a414fc0966af4,car,0.9569892287254333,15.66,B,0.2819,0.0172,557,34,1976,True
nuscenes_mini,134ae8a8f5c340f9894a414fc0966af4,bus,0.827957034111023,60.59,C,0.0128,0.0,18,0,1408,False
nuscenes_mini,134ae8a8f5c340f9894a414fc0966af4,car,0.8787879347801208,50.77,C,0.0435,0.0,46,0,1057,False
nuscenes_mini,134ae8a8f5c340f9894a414fc0966af4,bus,0.8476190567016602,53.88,C,0.0134,0.0,53,0,3948,False
nuscenes_mini,134ae8a8f5c340f9894a414fc0966af4,car,0.8324607610702515,22.63,B,0.1308,0.0116,226,20,1728,True
nuscenes_mini,134ae8a8f5c340f9894a414fc0966af4,bus,0.921951174736023,23.69,B,0.066,0.0055,812,68,12298,False
nuscenes_mini,134ae8a8f5c340f9894a414fc0966af4,pedestrian,1.0,8.83,A,0.375,0.2857,21,16,56,True
nuscenes_mini,134ae8a8f5c340f9894a414fc0966af4,pedestrian,1.0,8.42,A,0.6458,0.2083,31,10,48,True
nuscenes_mini,134ae8a8f5c340f9894a414fc0966af4,pedestrian,1.0,4.06,A,0.725,0.175,29,7,40,True
nuscenes_mini,134ae8a8f5c340f9894a414fc0966af4,pedestrian,1.0,10.3,A,0.3889,0.2037,21,11,54,True
nuscenes_mini,134ae8a8f5c340f9894a414fc0966af4,pedestrian,1.0,11.41,A,0.45,0.05,18,2,40,True
nuscenes_mini,134ae8a8f5c340f9894a414fc0966af4,car,0.7928802371025085,44.7,C,0.0374,0.0007,579,11,15498,False
nuscenes_mini,134ae8a8f5c340f9894a414fc0966af4,car,0.9139785170555115,5.17,A,0.2915,0.0417,615,88,2110,True
nuscenes_mini,134ae8a8f5c340f9894a414fc0966af4,pedestrian,1.0,17.76,B,0.175,0.05,7,2,40,True
nuscenes_mini,41550a1f0b0548e5823b14d95e807c7d,pedestrian,1.0,20.47,B,0.3125,0.0104,30,1,96,True
nuscenes_mini,41550a1f0b0548e5823b14d95e807c7d,car,0.9336099624633789,15.47,B,0.1551,0.0359,203,47,1309,True
nuscenes_mini,41550a1f0b0548e5823b14d95e807c7d,bus,0.9024390578269958,54.61,C,0.011,0.0,49,0,4438,False
nuscenes_mini,41550a1f0b0548e5823b14d95e807c7d,car,0.8048780560493469,48.97,C,0.0448,0.0,36,0,804,False
nuscenes_mini,41550a1f0b0548e5823b14d95e807c7d,bus,0.8827838897705078,50.81,C,0.0165,0.0,41,0,2484,False
nuscenes_mini,41550a1f0b0548e5823b14d95e807c7d,car,0.8048780560493469,22.37,B,0.1361,0.0078,245,14,1800,True
nuscenes_mini,41550a1f0b0548e5823b14d95e807c7d,car,0.921951174736023,15.47,B,0.214,0.0317,337,50,1575,True
nuscenes_mini,41550a1f0b0548e5823b14d95e807c7d,bus,0.9298245906829834,23.74,B,0.0645,0.0049,860,65,13338,False
nuscenes_mini,41550a1f0b0548e5823b14d95e807c7d,pedestrian,1.0,26.14,B,0.1964,0.0536,11,3,56,True
nuscenes_mini,41550a1f0b0548e5823b14d95e807c7d,pedestrian,1.0,8.92,A,0.45,0.325,18,13,40,True
nuscenes_mini,41550a1f0b0548e5823b14d95e807c7d,pedestrian,1.0,8.53,A,0.6566,0.0909,65,9,99,True
nuscenes_mini,41550a1f0b0548e5823b14d95e807c7d,pedestrian,1.0,8.44,A,0.6786,0.1071,38,6,56,True
nuscenes_mini,41550a1f0b0548e5823b14d95e807c7d,pedestrian,1.0,10.38,A,0.4762,0.1746,30,11,63,True
nuscenes_mini,41550a1f0b0548e5823b14d95e807c7d,pedestrian,1.0,11.49,A,0.4583,0.125,22,6,48,True
nuscenes_mini,41550a1f0b0548e5823b14d95e807c7d,car,0.6332378387451172,26.95,B,0.1099,0.002,220,4,2002,True
nuscenes_mini,41550a1f0b0548e5823b14d95e807c7d,car,0.827957034111023,5.26,A,0.3177,0.0464,699,102,2200,True
nuscenes_mini,41550a1f0b0548e5823b14d95e807c7d,pedestrian,1.0,17.74,B,0.3125,0.0417,15,2,48,True
nuscenes_mini,36aa1c0eeb50457b97911c3bd742a730,pedestrian,1.0,23.41,B,0.0769,0.0577,8,6,104,False
nuscenes_mini,36aa1c0eeb50457b97911c3bd742a730,car,0.6097560524940491,56.71,C,0.0,0.0,0,0,1232,False
nuscenes_mini,36aa1c0eeb50457b97911c3bd742a730,car,0.8048780560493469,45.21,C,0.0756,0.0,59,0,780,False
nuscenes_mini,36aa1c0eeb50457b97911c3bd742a730,pedestrian,1.0,17.58,B,0.425,0.025,17,1,40,True
nuscenes_mini,36aa1c0eeb50457b97911c3bd742a730,car,0.8987342119216919,22.82,B,0.0905,0.0098,176,19,1944,False
nuscenes_mini,36aa1c0eeb50457b97911c3bd742a730,car,0.9569892287254333,16.31,B,0.1726,0.0119,319,22,1848,True
nuscenes_mini,36aa1c0eeb50457b97911c3bd742a730,bus,0.9336099624633789,26.13,B,0.0405,0.0023,1303,74,32178,False
nuscenes_mini,36aa1c0eeb50457b97911c3bd742a730,pedestrian,1.0,9.18,A,0.5208,0.2708,25,13,48,True
nuscenes_mini,36aa1c0eeb50457b97911c3bd742a730,pedestrian,1.0,10.8,A,0.5179,0.1607,29,9,56,True
nuscenes_mini,36aa1c0eeb50457b97911c3bd742a730,pedestrian,1.0,27.16,B,0.125,0.0625,6,3,48,True
nuscenes_mini,36aa1c0eeb50457b97911c3bd742a730,pedestrian,1.0,10.68,A,0.3556,0.2444,16,11,45,True
nuscenes_mini,36aa1c0eeb50457b97911c3bd742a730,pedestrian,1.0,8.55,A,0.6239,0.0598,73,7,117,True
nuscenes_mini,36aa1c0eeb50457b97911c3bd742a730,pedestrian,1.0,8.76,A,0.6667,0.1458,32,7,48,True
nuscenes_mini,36aa1c0eeb50457b97911c3bd742a730,pedestrian,1.0,11.83,A,0.2917,0.0833,14,4,48,True
nuscenes_mini,36aa1c0eeb50457b97911c3bd742a730,car,0.9064327478408813,5.38,A,0.2442,0.0513,505,106,2068,True
nuscenes_mini,36aa1c0eeb50457b97911c3bd742a730,car,0.5345454812049866,33.32,C,0.0685,0.0,57,0,832,False
nuscenes_mini,36aa1c0eeb50457b97911c3bd742a730,pedestrian,1.0,17.68,B,0.3016,0.0794,19,5,63,True
nuscenes_mini,26f99f91a8e14038bd52aee4d00df394,car,0.7968254089355469,46.33,C,0.0865,0.0,68,0,786,False
nuscenes_mini,26f99f91a8e14038bd52aee4d00df394,bus,0.8476190567016602,47.35,C,0.0037,0.0,8,0,2148,False
nuscenes_mini,26f99f91a8e14038bd52aee4d00df394,pedestrian,1.0,32.07,C,0.25,0.0,7,0,28,True
nuscenes_mini,26f99f91a8e14038bd52aee4d00df394,pedestrian,1.0,24.39,B,0.1556,0.0,7,0,45,True
nuscenes_mini,26f99f91a8e14038bd52aee4d00df394,car,0.8987342119216919,22.39,B,0.1105,0.0107,197,19,1782,True
nuscenes_mini,26f99f91a8e14038bd52aee4d00df394,car,0.941605806350708,18.22,B,0.0768,0.0066,128,11,1666,False
nuscenes_mini,26f99f91a8e14038bd52aee4d00df394,bus,0.941605806350708,23.43,B,0.0619,0.0057,704,65,11367,False
nuscenes_mini,26f99f91a8e14038bd52aee4d00df394,pedestrian,1.0,9.3,A,0.5625,0.1875,27,9,48,True
nuscenes_mini,26f99f91a8e14038bd52aee4d00df394,pedestrian,1.0,26.8,B,0.125,0.075,5,3,40,True
nuscenes_mini,26f99f91a8e14038bd52aee4d00df394,pedestrian,1.0,10.88,A,0.3889,0.2037,21,11,54,True
nuscenes_mini,26f99f91a8e14038bd52aee4d00df394,pedestrian,1.0,8.71,A,0.6429,0.0714,36,4,56,True
nuscenes_mini,26f99f91a8e14038bd52aee4d00df394,pedestrian,1.0,10.85,A,0.4643,0.125,26,7,56,True
nuscenes_mini,26f99f91a8e14038bd52aee4d00df394,pedestrian,1.0,11.92,A,0.4167,0.125,20,6,48,True
nuscenes_mini,26f99f91a8e14038bd52aee4d00df394,pedestrian,1.0,8.94,A,0.5469,0.1875,35,12,64,True
nuscenes_mini,26f99f91a8e14038bd52aee4d00df394,car,0.9139785170555115,5.5,A,0.2027,0.0514,371,94,1830,True
nuscenes_mini,26f99f91a8e14038bd52aee4d00df394,pedestrian,1.0,17.68,B,0.3333,0.0208,16,1,48,True
nuscenes_mini,8e5512a630dc44c08d3e3f692b34f808,pedestrian,1.0,19.83,B,0.25,0.0083,30,1,120,True
nuscenes_mini,8e5512a630dc44c08d3e3f692b34f808,bus,0.8241757750511169,52.71,C,0.0,0.0,0,0,2756,False
nuscenes_mini,8e5512a630dc44c08d3e3f692b34f808,pedestrian,1.0,23.26,B,0.1667,0.0,8,0,48,True
nuscenes_mini,8e5512a630dc44c08d3e3f692b34f808,car,0.8632478713989258,21.7,B,0.186,0.0074,400,16,2151,True
nuscenes_mini,8e5512a630dc44c08d3e3f692b34f808,car,0.8987342119216919,21.05,B,0.1139,0.004,225,8,1976,True
nuscenes_mini,8e5512a630dc44c08d3e3f692b34f808,car,0.6332378387451172,60.65,C,0.0291,0.001,29,1,996,False
nuscenes_mini,8e5512a630dc44c08d3e3f692b34f808,bus,0.9139785170555115,23.45,B,0.0554,0.0063,616,70,11128,False
nuscenes_mini,8e5512a630dc44c08d3e3f692b34f808,pedestrian,1.0,9.37,A,0.5397,0.1429,34,9,63,True
nuscenes_mini,8e5512a630dc44c08d3e3f692b34f808,pedestrian,1.0,10.99,A,0.463,0.1481,25,8,54,True
nuscenes_mini,8e5512a630dc44c08d3e3f692b34f808,pedestrian,1.0,26.21,B,0.1964,0.0536,11,3,56,True
nuscenes_mini,8e5512a630dc44c08d3e3f692b34f808,pedestrian,1.0,8.78,A,0.6914,0.1111,56,9,81,True
nuscenes_mini,8e5512a630dc44c08d3e3f692b34f808,pedestrian,1.0,11.96,A,0.3889,0.1111,28,8,72,True
nuscenes_mini,8e5512a630dc44c08d3e3f692b34f808,pedestrian,1.0,8.98,A,0.4444,0.1852,12,5,27,True
nuscenes_mini,8e5512a630dc44c08d3e3f692b34f808,car,0.9298245906829834,5.6,A,0.1891,0.0525,389,108,2057,True
nuscenes_mini,8e5512a630dc44c08d3e3f692b34f808,pedestrian,1.0,17.66,B,0.4167,0.0625,20,3,48,True
nuscenes_mini,b4c279e61abf49bd871ff2ec4b13e115,pedestrian,1.0,19.77,B,0.1625,0.0375,13,3,80,True
nuscenes_mini,b4c279e61abf49bd871ff2ec4b13e115,motorcycle,0.7142857313156128,23.66,B,0.2883,0.0051,113,2,392,True
nuscenes_mini,b4c279e61abf49bd871ff2ec4b13e115,bus,0.8241757750511169,53.15,C,0.0,0.0,0,0,2090,False
nuscenes_mini,b4c279e61abf49bd871ff2ec4b13e115,pedestrian,1.0,24.35,B,0.1042,0.0,5,0,48,True
nuscenes_mini,b4c279e61abf49bd871ff2ec4b13e115,car,0.8750000596046448,21.96,B,0.1685,0.009,373,20,2214,True
nuscenes_mini,b4c279e61abf49bd871ff2ec4b13e115,car,0.9139785170555115,24.39,B,0.0474,0.0006,77,1,1624,False
nuscenes_mini,b4c279e61abf49bd871ff2ec4b13e115,bus,0.9179486632347107,23.29,B,0.0585,0.0076,555,72,9480,False
nuscenes_mini,b4c279e61abf49bd871ff2ec4b13e115,pedestrian,1.0,11.57,A,0.6458,0.0417,31,2,48,True
nuscenes_mini,b4c279e61abf49bd871ff2ec4b13e115,pedestrian,1.0,9.37,A,0.625,0.1667,30,8,48,True
nuscenes_mini,b4c279e61abf49bd871ff2ec4b13e115,pedestrian,1.0,10.96,A,0.5,0.1875,24,9,48,True
nuscenes_mini,b4c279e61abf49bd871ff2ec4b13e115,pedestrian,1.0,8.79,A,0.5556,0.1333,25,6,45,True
nuscenes_mini,b4c279e61abf49bd871ff2ec4b13e115,pedestrian,1.0,8.98,A,0.6607,0.1607,37,9,56,True
nuscenes_mini,b4c279e61abf49bd871ff2ec4b13e115,pedestrian,1.0,22.88,B,0.125,0.0625,6,3,48,True
nuscenes_mini,b4c279e61abf49bd871ff2ec4b13e115,car,0.8865247964859009,5.58,A,0.2501,0.0448,553,99,2211,True
nuscenes_mini,b4c279e61abf49bd871ff2ec4b13e115,car,0.507692277431488,49.17,C,0.0,0.0,0,0,875,False
nuscenes_mini,b4c279e61abf49bd871ff2ec4b13e115,pedestrian,1.0,17.64,B,0.3542,0.0625,17,3,48,True
nuscenes_mini,9c93690fc9e24ebc90906ed922159d75,pedestrian,1.0,19.72,B,0.2222,0.0317,14,2,63,True
nuscenes_mini,9c93690fc9e24ebc90906ed922159d75,pedestrian,1.0,36.23,C,0.0625,0.0,3,0,48,False
nuscenes_mini,9c93690fc9e24ebc90906ed922159d75,motorcycle,0.6908212304115295,18.97,B,0.2197,0.0152,58,4,264,True
nuscenes_mini,9c93690fc9e24ebc90906ed922159d75,car,0.7968254089355469,52.19,C,0.0691,0.0,59,0,854,False
nuscenes_mini,9c93690fc9e24ebc90906ed922159d75,bus,0.8400000333786011,51.71,C,0.0029,0.0,7,0,2444,False
nuscenes_mini,9c93690fc9e24ebc90906ed922159d75,pedestrian,1.0,41.23,C,0.0,0.0,0,0,120,False
nuscenes_mini,9c93690fc9e24ebc90906ed922159d75,pedestrian,1.0,24.38,B,0.1,0.0,4,0,40,False
nuscenes_mini,9c93690fc9e24ebc90906ed922159d75,car,0.8476190567016602,21.71,B,0.1756,0.0091,365,19,2079,True
nuscenes_mini,9c93690fc9e24ebc90906ed922159d75,car,0.9101123809814453,28.21,B,0.0248,0.0011,45,2,1816,False
nuscenes_mini,9c93690fc9e24ebc90906ed922159d75,bus,0.9101123809814453,23.43,B,0.061,0.0067,638,70,10464,False
nuscenes_mini,9c93690fc9e24ebc90906ed922159d75,pedestrian,1.0,9.37,A,0.5111,0.1556,23,7,45,True
nuscenes_mini,9c93690fc9e24ebc90906ed922159d75,pedestrian,1.0,10.93,A,0.463,0.2037,25,11,54,True
nuscenes_mini,9c93690fc9e24ebc90906ed922159d75,pedestrian,1.0,8.77,A,0.5926,0.1111,32,6,54,True
nuscenes_mini,9c93690fc9e24ebc90906ed922159d75,pedestrian,1.0,22.72,B,0.1875,0.0417,9,2,48,True
nuscenes_mini,9c93690fc9e24ebc90906ed922159d75,pedestrian,1.0,11.5,A,0.5778,0.0,26,0,45,True
nuscenes_mini,9c93690fc9e24ebc90906ed922159d75,pedestrian,1.0,8.98,A,0.5208,0.1667,25,8,48,True
nuscenes_mini,9c93690fc9e24ebc90906ed922159d75,pedestrian,1.0,32.79,C,0.0,0.0625,0,2,32,False
nuscenes_mini,9c93690fc9e24ebc90906ed922159d75,car,0.8709677457809448,5.08,A,0.23,0.0457,468,93,2035,True
nuscenes_mini,9c93690fc9e24ebc90906ed922159d75,pedestrian,1.0,23.52,B,0.1667,0.0185,9,1,54,True
nuscenes_mini,f2a6d0e38153467ba0d02706024e258d,pedestrian,1.0,19.63,B,0.175,0.05,7,2,40,True
nuscenes_mini,f2a6d0e38153467ba0d02706024e258d,pedestrian,1.0,20.12,B,0.0,0.0,0,0,54,False
nuscenes_mini,f2a6d0e38153467ba0d02706024e258d,motorcycle,0.8400000333786011,14.01,A,0.4931,0.0399,284,23,576,True
nuscenes_mini,f2a6d0e38153467ba0d02706024e258d,pedestrian,1.0,12.75,A,0.4375,0.1562,14,5,32,True
nuscenes_mini,f2a6d0e38153467ba0d02706024e258d,bus,0.7730495929718018,58.32,C,0.0,0.0,0,0,2156,False
nuscenes_mini,f2a6d0e38153467ba0d02706024e258d,pedestrian,1.0,44.51,C,0.0,0.0,0,0,49,False
nuscenes_mini,f2a6d0e38153467ba0d02706024e258d,pedestrian,1.0,24.37,B,0.125,0.0,6,0,48,True
nuscenes_mini,f2a6d0e38153467ba0d02706024e258d,car,0.8632478713989258,21.75,B,0.1203,0.0106,205,18,1704,True
nuscenes_mini,f2a6d0e38153467ba0d02706024e258d,car,0.9101123809814453,31.7,C,0.0019,0.0025,3,4,1584,False
nuscenes_mini,f2a6d0e38153467ba0d02706024e258d,bus,0.8987342119216919,23.14,B,0.0707,0.0061,682,59,9650,False
nuscenes_mini,f2a6d0e38153467ba0d02706024e258d,pedestrian,1.0,9.34,A,0.537,0.1667,29,9,54,True
nuscenes_mini,f2a6d0e38153467ba0d02706024e258d,pedestrian,1.0,10.95,A,0.3778,0.1778,17,8,45,True
nuscenes_mini,f2a6d0e38153467ba0d02706024e258d,pedestrian,1.0,8.72,A,0.6889,0.1333,31,6,45,True
nuscenes_mini,f2a6d0e38153467ba0d02706024e258d,pedestrian,1.0,11.93,A,0.325,0.1,13,4,40,True
nuscenes_mini,f2a6d0e38153467ba0d02706024e258d,pedestrian,1.0,9.0,A,0.5312,0.1875,17,6,32,True
nuscenes_mini,f2a6d0e38153467ba0d02706024e258d,pedestrian,1.0,32.77,C,0.0417,0.0417,1,1,24,False
nuscenes_mini,f2a6d0e38153467ba0d02706024e258d,car,0.8552036285400391,5.16,A,0.2135,0.0431,451,91,2112,True
nuscenes_mini,f2a6d0e38153467ba0d02706024e258d,pedestrian,1.0,17.68,B,0.3,0.075,12,3,40,True
nuscenes_mini,93f4f8ac1145418cadcf14dfd2a9cf78,car,0.7064220309257507,46.0,C,0.0312,0.0031,30,3,962,False
nuscenes_mini,93f4f8ac1145418cadcf14dfd2a9cf78,car,0.5460992455482483,47.84,C,0.0068,0.0011,24,4,3530,False
nuscenes_mini,93f4f8ac1145418cadcf14dfd2a9cf78,bus,0.7142857313156128,58.4,C,0.0092,0.0,36,0,3892,False
nuscenes_mini,93f4f8ac1145418cadcf14dfd2a9cf78,pedestrian,1.0,40.27,C,0.075,0.0,3,0,40,False
nuscenes_mini,93f4f8ac1145418cadcf14dfd2a9cf78,pedestrian,1.0,24.39,B,0.15,0.025,6,1,40,True
nuscenes_mini,93f4f8ac1145418cadcf14dfd2a9cf78,car,0.8476190567016602,21.7,B,0.1475,0.0097,320,21,2170,True
nuscenes_mini,93f4f8ac1145418cadcf14dfd2a9cf78,car,0.8865247964859009,36.02,C,0.0239,0.0015,32,2,1337,False
nuscenes_mini,93f4f8ac1145418cadcf14dfd2a9cf78,bus,0.9139785170555115,23.36,B,0.0641,0.0055,692,59,10800,False
nuscenes_mini,93f4f8ac1145418cadcf14dfd2a9cf78,pedestrian,1.0,9.36,A,0.5926,0.1667,32,9,54,True
nuscenes_mini,93f4f8ac1145418cadcf14dfd2a9cf78,pedestrian,1.0,10.95,A,0.3333,0.1667,12,6,36,True
nuscenes_mini,93f4f8ac1145418cadcf14dfd2a9cf78,pedestrian,1.0,8.76,A,0.625,0.1458,30,7,48,True
nuscenes_mini,93f4f8ac1145418cadcf14dfd2a9cf78,pedestrian,1.0,12.01,A,0.3111,0.0667,14,3,45,True
nuscenes_mini,93f4f8ac1145418cadcf14dfd2a9cf78,pedestrian,1.0,8.98,A,0.4688,0.125,15,4,32,True
nuscenes_mini,93f4f8ac1145418cadcf14dfd2a9cf78,pedestrian,1.0,32.73,C,0.025,0.05,1,2,40,False
nuscenes_mini,93f4f8ac1145418cadcf14dfd2a9cf78,pedestrian,1.0,22.59,B,0.1406,0.0469,9,3,64,True
nuscenes_mini,93f4f8ac1145418cadcf14dfd2a9cf78,car,0.8904109597206116,5.57,A,0.2134,0.0342,543,87,2544,True
nuscenes_mini,93f4f8ac1145418cadcf14dfd2a9cf78,pedestrian,1.0,24.62,B,0.1111,0.0185,6,1,54,True
nuscenes_mini,d61ef2ae3bd54793b8beec55061940f0,car,0.7655677795410156,42.39,C,0.0241,0.0032,52,7,2160,False
nuscenes_mini,d61ef2ae3bd54793b8beec55061940f0,bus,0.6246334314346313,46.77,C,0.0,0.0,0,0,3880,False
nuscenes_mini,d61ef2ae3bd54793b8beec55061940f0,pedestrian,1.0,49.5,C,0.075,0.0,3,0,40,False
nuscenes_mini,d61ef2ae3bd54793b8beec55061940f0,pedestrian,1.0,24.38,B,0.1458,0.0208,7,1,48,True
nuscenes_mini,d61ef2ae3bd54793b8beec55061940f0,car,0.8358974456787109,21.69,B,0.0922,0.0097,152,16,1648,False
nuscenes_mini,d61ef2ae3bd54793b8beec55061940f0,car,0.8827838897705078,38.35,C,0.0158,0.0007,22,1,1392,False
nuscenes_mini,d61ef2ae3bd54793b8beec55061940f0,motorcycle,0.5747508406639099,4.8,A,0.8028,0.1389,289,50,360,True
nuscenes_mini,d61ef2ae3bd54793b8beec55061940f0,bus,0.9139785170555115,25.68,B,0.0386,0.0031,959,77,24813,False
nuscenes_mini,d61ef2ae3bd54793b8beec55061940f0,pedestrian,1.0,9.37,A,0.575,0.225,23,9,40,True
nuscenes_mini,d61ef2ae3bd54793b8beec55061940f0,pedestrian,1.0,22.65,B,0.2906,0.0085,34,1,117,True
nuscenes_mini,d61ef2ae3bd54793b8beec55061940f0,pedestrian,1.0,10.95,A,0.4444,0.1111,20,5,45,True
nuscenes_mini,d61ef2ae3bd54793b8beec55061940f0,pedestrian,1.0,8.77,A,0.5833,0.125,28,6,48,True
nuscenes_mini,d61ef2ae3bd54793b8beec55061940f0,pedestrian,1.0,12.01,A,0.2889,0.0444,13,2,45,True
nuscenes_mini,d61ef2ae3bd54793b8beec55061940f0,pedestrian,1.0,9.0,A,0.5,0.2,20,8,40,True
nuscenes_mini,d61ef2ae3bd54793b8beec55061940f0,car,0.8202247023582458,5.56,A,0.1785,0.0348,426,83,2387,True
nuscenes_mini,d61ef2ae3bd54793b8beec55061940f0,pedestrian,1.0,10.43,A,0.2286,0.2571,16,18,70,True
nuscenes_mini,d61ef2ae3bd54793b8beec55061940f0,pedestrian,1.0,24.58,B,0.0571,0.0286,2,1,35,False
nuscenes_mini,fc8ed14d78fa4879898315f5dee21d38,pedestrian,1.0,28.14,B,0.0,0.0,0,0,56,False
nuscenes_mini,fc8ed14d78fa4879898315f5dee21d38,car,0.7730495929718018,31.8,C,0.052,0.0,49,0,942,False
nuscenes_mini,fc8ed14d78fa4879898315f5dee21d38,car,0.7770034670829773,32.57,C,0.0232,0.0,21,0,906,False
nuscenes_mini,fc8ed14d78fa4879898315f5dee21d38,pedestrian,1.0,24.36,B,0.1,0.025,4,1,40,False
nuscenes_mini,fc8ed14d78fa4879898315f5dee21d38,pedestrian,1.0,41.68,C,0.1786,0.0179,10,1,56,True
nuscenes_mini,fc8ed14d78fa4879898315f5dee21d38,pedestrian,1.0,51.76,C,0.0938,0.0,3,0,32,False
nuscenes_mini,fc8ed14d78fa4879898315f5dee21d38,car,0.8439024686813354,21.59,B,0.1881,0.0096,313,16,1664,True
nuscenes_mini,fc8ed14d78fa4879898315f5dee21d38,car,0.8750000596046448,45.74,C,0.0,0.0,0,0,1204,False
nuscenes_mini,fc8ed14d78fa4879898315f5dee21d38,bus,0.9179486632347107,25.69,B,0.056,0.0024,1613,68,28800,False
nuscenes_mini,fc8ed14d78fa4879898315f5dee21d38,pedestrian,1.0,9.37,A,0.5111,0.1556,23,7,45,True
nuscenes_mini,fc8ed14d78fa4879898315f5dee21d38,pedestrian,1.0,22.51,B,0.075,0.025,6,2,80,False
nuscenes_mini,fc8ed14d78fa4879898315f5dee21d38,pedestrian,1.0,12.11,A,0.2222,0.1111,8,4,36,True
nuscenes_mini,fc8ed14d78fa4879898315f5dee21d38,pedestrian,1.0,10.94,A,0.3556,0.1556,16,7,45,True
nuscenes_mini,fc8ed14d78fa4879898315f5dee21d38,pedestrian,1.0,8.78,A,0.625,0.175,25,7,40,True
nuscenes_mini,fc8ed14d78fa4879898315f5dee21d38,pedestrian,1.0,8.99,A,0.5417,0.1458,26,7,48,True
nuscenes_mini,fc8ed14d78fa4879898315f5dee21d38,car,0.8128654956817627,5.24,A,0.2291,0.0464,449,91,1960,True
nuscenes_mini,fc8ed14d78fa4879898315f5dee21d38,pedestrian,1.0,17.63,B,0.375,0.0833,18,4,48,True
nuscenes_mini,fc8ed14d78fa4879898315f5dee21d38,motorcycle,0.5897435545921326,5.85,A,0.5341,0.0985,141,26,264,True
nuscenes_mini,dc53cf076d114df7bb59c2a0b3bc3154,car,0.7697842121124268,32.23,C,0.0524,0.0034,77,5,1470,False
nuscenes_mini,dc53cf076d114df7bb59c2a0b3bc3154,car,0.719298243522644,33.49,C,0.0264,0.0023,57,5,2160,False
nuscenes_mini,dc53cf076d114df7bb59c2a0b3bc3154,pedestrian,1.0,46.01,C,0.0,0.0,0,0,28,False
nuscenes_mini,dc53cf076d114df7bb59c2a0b3bc3154,pedestrian,1.0,17.62,B,0.3889,0.0278,14,1,36,True
nuscenes_mini,dc53cf076d114df7bb59c2a0b3bc3154,car,0.8439024686813354,21.62,B,0.1829,0.0098,354,19,1935,True
nuscenes_mini,dc53cf076d114df7bb59c2a0b3bc3154,car,0.8518518805503845,51.27,C,0.0,0.0,0,0,924,False
nuscenes_mini,dc53cf076d114df7bb59c2a0b3bc3154,bus,0.9139785170555115,25.54,B,0.0449,0.003,1139,76,25353,False
nuscenes_mini,dc53cf076d114df7bb59c2a0b3bc3154,pedestrian,1.0,14.4,A,0.0,0.0,0,0,16,False
nuscenes_mini,dc53cf076d114df7bb59c2a0b3bc3154,pedestrian,1.0,9.49,A,0.6444,0.0889,29,4,45,True
nuscenes_mini,dc53cf076d114df7bb59c2a0b3bc3154,pedestrian,1.0,9.38,A,0.4889,0.1556,22,7,45,True
nuscenes_mini,dc53cf076d114df7bb59c2a0b3bc3154,pedestrian,1.0,21.21,B,0.1458,0.0833,7,4,48,True
nuscenes_mini,dc53cf076d114df7bb59c2a0b3bc3154,pedestrian,1.0,10.98,A,0.4,0.1333,18,6,45,True
nuscenes_mini,dc53cf076d114df7bb59c2a0b3bc3154,pedestrian,1.0,8.77,A,0.5926,0.1296,32,7,54,True
nuscenes_mini,dc53cf076d114df7bb59c2a0b3bc3154,pedestrian,1.0,9.02,A,0.5741,0.1296,31,7,54,True
nuscenes_mini,dc53cf076d114df7bb59c2a0b3bc3154,car,0.8358974456787109,5.64,A,0.2359,0.0301,651,83,2760,True
nuscenes_mini,dc53cf076d114df7bb59c2a0b3bc3154,pedestrian,1.0,9.79,A,0.4464,0.2143,25,12,56,True
nuscenes_mini,dc53cf076d114df7bb59c2a0b3bc3154,pedestrian,1.0,17.66,B,0.3333,0.0625,16,3,48,True
nuscenes_mini,dc53cf076d114df7bb59c2a0b3bc3154,pedestrian,1.0,20.52,B,0.0833,0.0833,2,2,24,False
nuscenes_mini,dc53cf076d114df7bb59c2a0b3bc3154,motorcycle,0.7387754917144775,10.21,A,0.399,0.0232,395,23,990,True
nuscenes_mini,9bd27a83e6ee47f9aa372bbe8a8573c8,pedestrian,1.0,28.11,B,0.0,0.0,0,0,54,False
nuscenes_mini,9bd27a83e6ee47f9aa372bbe8a8573c8,car,0.8358974456787109,28.16,B,0.0525,0.0072,87,12,1656,False
nuscenes_mini,9bd27a83e6ee47f9aa372bbe8a8573c8,car,0.5345454812049866,51.27,C,0.0259,0.0062,21,5,810,False
nuscenes_mini,9bd27a83e6ee47f9aa372bbe8a8573c8,car,0.8439024686813354,28.6,B,0.05,0.0099,96,19,1920,False
nuscenes_mini,9bd27a83e6ee47f9aa372bbe8a8573c8,pedestrian,1.0,24.37,B,0.1042,0.0208,5,1,48,True
nuscenes_mini,9bd27a83e6ee47f9aa372bbe8a8573c8,car,0.8202247023582458,21.59,B,0.1662,0.0087,384,20,2310,True
nuscenes_mini,9bd27a83e6ee47f9aa372bbe8a8573c8,bus,0.9179486632347107,25.78,B,0.0411,0.0024,1156,68,28101,False
nuscenes_mini,9bd27a83e6ee47f9aa372bbe8a8573c8,pedestrian,1.0,9.36,A,0.5185,0.1481,28,8,54,True
nuscenes_mini,9bd27a83e6ee47f9aa372bbe8a8573c8,pedestrian,1.0,10.92,A,0.4222,0.1333,19,6,45,True
nuscenes_mini,9bd27a83e6ee47f9aa372bbe8a8573c8,pedestrian,1.0,8.76,A,0.5741,0.1296,31,7,54,True
nuscenes_mini,9bd27a83e6ee47f9aa372bbe8a8573c8,pedestrian,1.0,12.11,A,0.2,0.05,8,2,40,True
nuscenes_mini,9bd27a83e6ee47f9aa372bbe8a8573c8,pedestrian,1.0,9.03,A,0.4921,0.1746,31,11,63,True
nuscenes_mini,9bd27a83e6ee47f9aa372bbe8a8573c8,pedestrian,1.0,13.33,A,0.4464,0.0,25,0,56,True
nuscenes_mini,9bd27a83e6ee47f9aa372bbe8a8573c8,car,0.8518518805503845,5.6,A,0.1886,0.0332,398,70,2110,True
nuscenes_mini,9bd27a83e6ee47f9aa372bbe8a8573c8,pedestrian,1.0,12.14,A,0.1429,0.0,13,0,91,True
nuscenes_mini,9bd27a83e6ee47f9aa372bbe8a8573c8,pedestrian,1.0,24.59,B,0.0208,0.0208,1,1,48,False
nuscenes_mini,9bd27a83e6ee47f9aa372bbe8a8573c8,pedestrian,1.0,20.52,B,0.0667,0.0667,2,2,30,False
nuscenes_mini,9bd27a83e6ee47f9aa372bbe8a8573c8,motorcycle,0.675126850605011,44.09,C,0.0239,0.0007,260,8,10894,False
nuscenes_mini,236f1ecb6ee7459d918cd011831674d6,pedestrian,1.0,28.03,B,0.0,0.0,0,0,48,False
nuscenes_mini,236f1ecb6ee7459d918cd011831674d6,car,0.8865247964859009,24.01,B,0.1306,0.0117,301,27,2304,True
nuscenes_mini,236f1ecb6ee7459d918cd011831674d6,car,0.7064220309257507,45.46,C,0.0053,0.0005,11,1,2060,False
nuscenes_mini,236f1ecb6ee7459d918cd011831674d6,car,0.8202247023582458,24.49,B,0.0732,0.0055,94,7,1284,False
nuscenes_mini,236f1ecb6ee7459d918cd011831674d6,pedestrian,1.0,23.29,B,0.1042,0.0208,5,1,48,True
nuscenes_mini,236f1ecb6ee7459d918cd011831674d6,pedestrian,1.0,41.53,C,0.0833,0.0,4,0,48,False
nuscenes_mini,236f1ecb6ee7459d918cd011831674d6,car,0.8476190567016602,21.54,B,0.1802,0.0106,339,20,1881,True
nuscenes_mini,236f1ecb6ee7459d918cd011831674d6,bus,0.9259259104728699,25.69,B,0.0394,0.0031,924,72,23478,False
nuscenes_mini,236f1ecb6ee7459d918cd011831674d6,pedestrian,1.0,19.85,B,0.2812,0.0625,9,2,32,True
nuscenes_mini,236f1ecb6ee7459d918cd011831674d6,pedestrian,1.0,12.11,A,0.1875,0.125,3,2,16,True
nuscenes_mini,236f1ecb6ee7459d918cd011831674d6,pedestrian,1.0,10.98,A,0.3778,0.1778,17,8,45,True
nuscenes_mini,236f1ecb6ee7459d918cd011831674d6,pedestrian,1.0,8.7,A,0.6444,0.1778,29,8,45,True
nuscenes_mini,236f1ecb6ee7459d918cd011831674d6,pedestrian,1.0,9.01,A,0.6071,0.1964,34,11,56,True
nuscenes_mini,236f1ecb6ee7459d918cd011831674d6,pedestrian,1.0,9.35,A,0.4889,0.2222,22,10,45,True
nuscenes_mini,236f1ecb6ee7459d918cd011831674d6,pedestrian,1.0,10.93,A,0.5469,0.125,35,8,64,True
nuscenes_mini,236f1ecb6ee7459d918cd011831674d6,pedestrian,1.0,10.73,A,0.4286,0.1905,18,8,42,True
nuscenes_mini,236f1ecb6ee7459d918cd011831674d6,car,0.8865247964859009,5.52,A,0.2249,0.0381,591,100,2628,True
nuscenes_mini,236f1ecb6ee7459d918cd011831674d6,pedestrian,1.0,24.6,B,0.0156,0.0156,1,1,64,False
nuscenes_mini,8336b62c3f6f4bb988c3865cc5df4446,car,0.9064327478408813,19.23,B,0.1507,0.0121,373,30,2475,True
nuscenes_mini,8336b62c3f6f4bb988c3865cc5df4446,car,0.7770034670829773,40.55,C,0.0212,0.0021,41,4,1935,False
nuscenes_mini,8336b62c3f6f4bb988c3865cc5df4446,car,0.7620818018913269,39.97,C,0.0429,0.0027,63,4,1470,False
nuscenes_mini,8336b62c3f6f4bb988c3865cc5df4446,pedestrian,1.0,23.32,B,0.1607,0.0,9,0,56,True
nuscenes_mini,8336b62c3f6f4bb988c3865cc5df4446,car,0.8241757750511169,21.77,B,0.1798,0.0111,356,22,1980,True
nuscenes_mini,8336b62c3f6f4bb988c3865cc5df4446,bus,0.9139785170555115,25.59,B,0.0513,0.0027,1445,75,28168,False
nuscenes_mini,8336b62c3f6f4bb988c3865cc5df4446,pedestrian,1.0,12.01,A,0.3,0.05,12,2,40,True
nuscenes_mini,8336b62c3f6f4bb988c3865cc5df4446,pedestrian,1.0,19.24,B,0.3214,0.1071,9,3,28,True
nuscenes_mini,8336b62c3f6f4bb988c3865cc5df4446,pedestrian,1.0,10.97,A,0.3556,0.1111,16,5,45,True
nuscenes_mini,8336b62c3f6f4bb988c3865cc5df4446,pedestrian,1.0,8.75,A,0.5556,0.1556,25,7,45,True
nuscenes_mini,8336b62c3f6f4bb988c3865cc5df4446,pedestrian,1.0,26.86,B,0.0,0.0,0,0,28,False
nuscenes_mini,8336b62c3f6f4bb988c3865cc5df4446,pedestrian,1.0,8.94,A,0.65,0.1125,52,9,80,True
nuscenes_mini,8336b62c3f6f4bb988c3865cc5df4446,pedestrian,1.0,9.45,A,0.3889,0.0833,14,3,36,True
nuscenes_mini,8336b62c3f6f4bb988c3865cc5df4446,pedestrian,1.0,11.01,A,0.5375,0.075,43,6,80,True
nuscenes_mini,8336b62c3f6f4bb988c3865cc5df4446,car,0.859649121761322,5.34,A,0.1898,0.0495,353,92,1860,True
nuscenes_mini,8336b62c3f6f4bb988c3865cc5df4446,pedestrian,1.0,17.65,B,0.3125,0.0625,15,3,48,True
nuscenes_mini,8cc06390249d4895b5b9b860f0952f24,car,0.9101123809814453,14.14,A,0.2552,0.0247,588,57,2304,True
nuscenes_mini,8cc06390249d4895b5b9b860f0952f24,car,0.8083832263946533,27.71,B,0.0591,0.0,44,0,744,False
nuscenes_mini,8cc06390249d4895b5b9b860f0952f24,pedestrian,1.0,24.3,B,0.1458,0.0208,7,1,48,True
nuscenes_mini,8cc06390249d4895b5b9b860f0952f24,car,0.7928802371025085,21.65,B,0.1923,0.0097,398,20,2070,True
nuscenes_mini,8cc06390249d4895b5b9b860f0952f24,bus,0.9259259104728699,23.26,B,0.0647,0.0072,595,66,9192,False
nuscenes_mini,8cc06390249d4895b5b9b860f0952f24,pedestrian,1.0,11.91,A,0.3175,0.0794,20,5,63,True
nuscenes_mini,8cc06390249d4895b5b9b860f0952f24,pedestrian,1.0,8.9,A,0.6625,0.1125,53,9,80,True
nuscenes_mini,8cc06390249d4895b5b9b860f0952f24,pedestrian,1.0,10.96,A,0.3778,0.1556,17,7,45,True
nuscenes_mini,8cc06390249d4895b5b9b860f0952f24,pedestrian,1.0,8.75,A,0.6444,0.1333,29,6,45,True
nuscenes_mini,8cc06390249d4895b5b9b860f0952f24,pedestrian,1.0,26.49,B,0.0357,0.0357,1,1,28,False
nuscenes_mini,8cc06390249d4895b5b9b860f0952f24,pedestrian,1.0,9.3,A,0.6,0.1111,27,5,45,True
nuscenes_mini,8cc06390249d4895b5b9b860f0952f24,pedestrian,1.0,10.93,A,0.5185,0.1235,42,10,81,True
nuscenes_mini,8cc06390249d4895b5b9b860f0952f24,car,0.8987342119216919,5.31,A,0.1962,0.0468,365,87,1860,True
nuscenes_mini,8cc06390249d4895b5b9b860f0952f24,pedestrian,1.0,23.44,B,0.15,0.0,6,0,40,True
nuscenes_mini,d7cb9aa06de1442d8e2a22d562045cb4,car,0.9101123809814453,31.0,C,0.0066,0.0031,13,6,1962,False
nuscenes_mini,d7cb9aa06de1442d8e2a22d562045cb4,car,0.921951174736023,9.33,A,0.3211,0.059,637,117,1984,True
nuscenes_mini,d7cb9aa06de1442d8e2a22d562045cb4,car,0.8518518805503845,31.2,C,0.0052,0.0024,11,5,2097,False
nuscenes_mini,d7cb9aa06de1442d8e2a22d562045cb4,pedestrian,1.0,17.62,B,0.4583,0.0208,22,1,48,True
nuscenes_mini,d7cb9aa06de1442d8e2a22d562045cb4,car,0.7887788414955139,21.56,B,0.1779,0.0109,325,20,1827,True
nuscenes_mini,d7cb9aa06de1442d8e2a22d562045cb4,bus,0.9179486632347107,25.42,B,0.0484,0.0029,1290,77,26651,False
nuscenes_mini,d7cb9aa06de1442d8e2a22d562045cb4,pedestrian,1.0,10.98,A,0.375,0.15,15,6,40,True
nuscenes_mini,d7cb9aa06de1442d8e2a22d562045cb4,pedestrian,1.0,18.03,B,0.1875,0.1042,9,5,48,True
nuscenes_mini,d7cb9aa06de1442d8e2a22d562045cb4,pedestrian,1.0,11.59,A,0.6032,0.0317,38,2,63,True
nuscenes_mini,d7cb9aa06de1442d8e2a22d562045cb4,pedestrian,1.0,8.78,A,0.4792,0.1458,23,7,48,True
nuscenes_mini,d7cb9aa06de1442d8e2a22d562045cb4,pedestrian,1.0,26.69,B,0.025,0.025,1,1,40,False
nuscenes_mini,d7cb9aa06de1442d8e2a22d562045cb4,pedestrian,1.0,8.96,A,0.625,0.1528,45,11,72,True
nuscenes_mini,d7cb9aa06de1442d8e2a22d562045cb4,pedestrian,1.0,9.38,A,0.4889,0.1111,22,5,45,True
nuscenes_mini,d7cb9aa06de1442d8e2a22d562045cb4,pedestrian,1.0,10.81,A,0.4921,0.1429,31,9,63,True
nuscenes_mini,d7cb9aa06de1442d8e2a22d562045cb4,car,0.8787879347801208,5.35,A,0.1827,0.0379,400,83,2189,True
nuscenes_mini,d7cb9aa06de1442d8e2a22d562045cb4,pedestrian,1.0,26.62,B,0.025,0.025,2,2,80,False
nuscenes_mini,d7cb9aa06de1442d8e2a22d562045cb4,pedestrian,1.0,17.64,B,0.3542,0.0625,17,3,48,True
nuscenes_mini,4d4e4c0fd8ec49bdb12788e0a9ecbce3,car,0.9298245906829834,25.6,B,0.0976,0.0078,188,15,1926,False
nuscenes_mini,4d4e4c0fd8ec49bdb12788e0a9ecbce3,car,0.7852349281311035,24.56,B,0.125,0.006,104,5,832,True
nuscenes_mini,4d4e4c0fd8ec49bdb12788e0a9ecbce3,pedestrian,1.0,17.67,B,0.2778,0.037,15,2,54,True
nuscenes_mini,4d4e4c0fd8ec49bdb12788e0a9ecbce3,car,0.8048780560493469,21.56,B,0.1967,0.0113,400,23,2034,True
nuscenes_mini,4d4e4c0fd8ec49bdb12788e0a9ecbce3,bus,0.9064327478408813,25.74,B,0.0381,0.0032,975,83,25569,False
nuscenes_mini,4d4e4c0fd8ec49bdb12788e0a9ecbce3,pedestrian,1.0,17.37,B,0.2143,0.0536,12,3,56,True
nuscenes_mini,4d4e4c0fd8ec49bdb12788e0a9ecbce3,pedestrian,1.0,10.94,A,0.3778,0.2,17,9,45,True
nuscenes_mini,4d4e4c0fd8ec49bdb12788e0a9ecbce3,pedestrian,1.0,8.76,A,0.6667,0.1556,30,7,45,True
nuscenes_mini,4d4e4c0fd8ec49bdb12788e0a9ecbce3,pedestrian,1.0,12.03,A,0.2083,0.0417,5,1,24,True
nuscenes_mini,4d4e4c0fd8ec49bdb12788e0a9ecbce3,pedestrian,1.0,9.02,A,0.5938,0.2031,38,13,64,True
nuscenes_mini,4d4e4c0fd8ec49bdb12788e0a9ecbce3,pedestrian,1.0,9.36,A,0.5208,0.2292,25,11,48,True
nuscenes_mini,4d4e4c0fd8ec49bdb12788e0a9ecbce3,pedestrian,1.0,10.74,A,0.5,0.0469,32,3,64,True
nuscenes_mini,4d4e4c0fd8ec49bdb12788e0a9ecbce3,car,0.8787879347801208,5.26,A,0.2073,0.0487,396,93,1910,True
nuscenes_mini,4d4e4c0fd8ec49bdb12788e0a9ecbce3,pedestrian,1.0,24.62,B,0.0926,0.0,5,0,54,False
nuscenes_mini,0d6668bcb0644bbaaee81c17cc308845,pedestrian,1.0,20.29,B,0.0625,0.125,1,2,16,False
nuscenes_mini,0d6668bcb0644bbaaee81c17cc308845,car,0.9336099624633789,20.44,B,0.1439,0.0159,281,31,1953,True
nuscenes_mini,0d6668bcb0644bbaaee81c17cc308845,car,0.6717948913574219,37.35,C,0.0,0.0,0,0,730,False
nuscenes_mini,0d6668bcb0644bbaaee81c17cc308845,pedestrian,1.0,17.62,B,0.4375,0.0312,14,1,32,True
nuscenes_mini,0d6668bcb0644bbaaee81c17cc308845,car,0.8012422323226929,21.57,B,0.1836,0.0098,337,18,1836,True
nuscenes_mini,0d6668bcb0644bbaaee81c17cc308845,bus,0.9259259104728699,25.48,B,0.0542,0.0026,1511,73,27869,False
nuscenes_mini,0d6668bcb0644bbaaee81c17cc308845,pedestrian,1.0,9.37,A,0.575,0.2,23,8,40,True
nuscenes_mini,0d6668bcb0644bbaaee81c17cc308845,pedestrian,1.0,16.74,B,0.2188,0.0469,14,3,64,True
nuscenes_mini,0d6668bcb0644bbaaee81c17cc308845,pedestrian,1.0,10.96,A,0.3333,0.125,16,6,48,True
nuscenes_mini,0d6668bcb0644bbaaee81c17cc308845,pedestrian,1.0,8.78,A,0.5156,0.125,33,8,64,True
nuscenes_mini,0d6668bcb0644bbaaee81c17cc308845,pedestrian,1.0,12.1,A,0.1875,0.0625,3,1,16,True
nuscenes_mini,0d6668bcb0644bbaaee81c17cc308845,pedestrian,1.0,9.04,A,0.5536,0.125,31,7,56,True
nuscenes_mini,0d6668bcb0644bbaaee81c17cc308845,pedestrian,1.0,10.59,A,0.4583,0.0556,33,4,72,True
nuscenes_mini,0d6668bcb0644bbaaee81c17cc308845,car,0.9064327478408813,5.29,A,0.2123,0.0467,414,91,1950,True
nuscenes_mini,0d6668bcb0644bbaaee81c17cc308845,pedestrian,1.0,3.69,A,0.5,0.325,20,13,40,True
nuscenes_mini,0d6668bcb0644bbaaee81c17cc308845,car,0.9179486632347107,4.99,A,0.341,0.0854,635,159,1862,True
nuscenes_mini,abf3d91d3c28407e80e3334fe89c03cb,car,0.9179486632347107,15.89,B,0.1411,0.0164,301,35,2133,True
nuscenes_mini,abf3d91d3c28407e80e3334fe89c03cb,car,0.8476190567016602,34.39,C,0.0,0.0,0,0,876,False
nuscenes_mini,abf3d91d3c28407e80e3334fe89c03cb,car,0.8128654956817627,33.09,C,0.0,0.0,0,0,1304,False
nuscenes_mini,abf3d91d3c28407e80e3334fe89c03cb,pedestrian,1.0,24.27,B,0.15,0.025,6,1,40,True
nuscenes_mini,abf3d91d3c28407e80e3334fe89c03cb,car,0.8128654956817627,21.48,B,0.162,0.0093,296,17,1827,True
nuscenes_mini,abf3d91d3c28407e80e3334fe89c03cb,bus,0.941605806350708,25.49,B,0.0499,0.0029,1204,69,24136,False
nuscenes_mini,abf3d91d3c28407e80e3334fe89c03cb,pedestrian,1.0,9.47,A,0.6222,0.1111,28,5,45,True
nuscenes_mini,abf3d91d3c28407e80e3334fe89c03cb,pedestrian,1.0,9.44,A,0.3519,0.1667,19,9,54,True
nuscenes_mini,abf3d91d3c28407e80e3334fe89c03cb,pedestrian,1.0,8.77,A,0.625,0.0893,35,5,56,True
nuscenes_mini,abf3d91d3c28407e80e3334fe89c03cb,pedestrian,1.0,10.87,A,0.4889,0.2444,22,11,45,True
nuscenes_mini,abf3d91d3c28407e80e3334fe89c03cb,pedestrian,1.0,8.97,A,0.5625,0.1875,27,9,48,True
nuscenes_mini,abf3d91d3c28407e80e3334fe89c03cb,car,0.8632478713989258,5.56,A,0.2235,0.0319,574,82,2568,True
nuscenes_mini,abf3d91d3c28407e80e3334fe89c03cb,pedestrian,1.0,17.72,B,0.3333,0.0625,16,3,48,True
nuscenes_mini,abf3d91d3c28407e80e3334fe89c03cb,car,0.9375000596046448,8.95,A,0.3318,0.0503,653,99,1968,True
