dataset,sample_token,category,score,range_m,regime,frac_free,gt_median_free,excess_free,excess_flagged
ecp,e30ec07f3273d002b3f93bc39aaa75e4,pedestrian,1.0,45.4,C,0.0417,0.0,0.0417,False
ecp,e30ec07f3273d002b3f93bc39aaa75e4,pedestrian,1.0,30.24,C,0.1818,0.075,0.10679999999999999,True
ecp,e30ec07f3273d002b3f93bc39aaa75e4,pedestrian,1.0,17.7,B,0.4583,0.3519,0.1064,True
ecp,e30ec07f3273d002b3f93bc39aaa75e4,pedestrian,1.0,15.96,B,0.3036,0.3519,-0.04830000000000001,False
ecp,e30ec07f3273d002b3f93bc39aaa75e4,pedestrian,1.0,26.37,B,0.2188,0.19875,0.020049999999999985,False
ecp,e30ec07f3273d002b3f93bc39aaa75e4,pedestrian,1.0,18.09,B,0.3,0.3519,-0.0519,False
ecp,e30ec07f3273d002b3f93bc39aaa75e4,car,0.921951174736023,14.53,A,0.1826,0.52735,-0.34475,False
ecp,e30ec07f3273d002b3f93bc39aaa75e4,car,0.8012422323226929,24.39,B,0.0019,0.2563,-0.25439999999999996,False
ecp,e30ec07f3273d002b3f93bc39aaa75e4,car,0.8518518805503845,18.16,B,0.0018,0.3519,-0.35009999999999997,False
ecp,e30ec07f3273d002b3f93bc39aaa75e4,bicycle,0.8865247964859009,10.87,A,0.8321,0.52735,0.30474999999999997,True
ecp,e30ec07f3273d002b3f93bc39aaa75e4,bicycle,0.5276752710342407,38.66,C,0.0731,0.0312,0.0419,False
ecp,e30ec07f3273d002b3f93bc39aaa75e4,bicycle,0.5540069937705994,18.13,B,0.6312,0.3519,0.2793,True
ecp,e30ec07f3273d002b3f93bc39aaa75e4,pedestrian,1.0,10.78,A,0.6042,0.52735,0.07684999999999997,True
ecp,9a2b2317e196f7464aa89424b95bf245,pedestrian,1.0,12.41,A,0.4815,0.52735,-0.04585,False
ecp,9a2b2317e196f7464aa89424b95bf245,pedestrian,1.0,32.03,C,0.0312,0.075,-0.0438,False
ecp,9a2b2317e196f7464aa89424b95bf245,pedestrian,1.0,43.18,C,0.0,0.0,0.0,False
ecp,9a2b2317e196f7464aa89424b95bf245,pedestrian,1.0,32.23,C,0.2143,0.075,0.13929999999999998,True
ecp,9a2b2317e196f7464aa89424b95bf245,pedestrian,1.0,24.76,B,0.4321,0.2563,0.1758,True
ecp,9a2b2317e196f7464aa89424b95bf245,pedestrian,1.0,21.47,B,0.5204,0.2563,0.2641,True
ecp,9a2b2317e196f7464aa89424b95bf245,pedestrian,1.0,20.21,B,0.5,0.2563,0.24370000000000003,True
ecp,9a2b2317e196f7464aa89424b95bf245,car,0.8672199249267578,21.51,B,0.2075,0.2563,-0.04879999999999998,False
ecp,9a2b2317e196f7464aa89424b95bf245,car,0.8439024686813354,33.07,C,0.0674,0.075,-0.007599999999999996,False
ecp,9a2b2317e196f7464aa89424b95bf245,car,0.9139785170555116,16.0,B,0.2486,0.3519,-0.1033,False
ecp,9a2b2317e196f7464aa89424b95bf245,bicycle,0.6995305418968201,12.48,A,0.2747,0.52735,-0.25265,False
ecp,9a2b2317e196f7464aa89424b95bf245,bicycle,0.7852349281311035,9.55,A,0.7885,0.625,0.16349999999999998,True
ecp,9a2b2317e196f7464aa89424b95bf245,pedestrian,1.0,6.72,A,0.7222,0.625,0.09719999999999995,True
ecp,9a2b2317e196f7464aa89424b95bf245,car,0.9532163739204408,6.28,A,0.3085,0.625,-0.3165,False
ecp,9a2b2317e196f7464aa89424b95bf245,bicycle,0.7852349281311035,4.29,A,0.6873,0.6381,0.04920000000000002,False
ecp,fa61074dc2801efc68c2b47d6bb30a3f,bicycle,0.8439024686813354,4.19,A,0.3954,0.6381,-0.24270000000000003,False
ecp,fa61074dc2801efc68c2b47d6bb30a3f,bicycle,0.8439024686813354,4.95,A,0.3188,0.6381,-0.31930000000000003,False
ecp,fa61074dc2801efc68c2b47d6bb30a3f,pedestrian,1.0,17.98,B,0.1964,0.3519,-0.1555,False
ecp,fa61074dc2801efc68c2b47d6bb30a3f,pedestrian,1.0,25.59,B,0.1667,0.19875,-0.03205000000000002,False
ecp,fa61074dc2801efc68c2b47d6bb30a3f,pedestrian,1.0,24.44,B,0.1556,0.2563,-0.10069999999999998,False
ecp,fa61074dc2801efc68c2b47d6bb30a3f,pedestrian,1.0,13.46,A,0.5556,0.52735,0.028249999999999997,False
ecp,fa61074dc2801efc68c2b47d6bb30a3f,pedestrian,1.0,26.01,B,0.2083,0.19875,0.009550000000000003,False
ecp,fa61074dc2801efc68c2b47d6bb30a3f,pedestrian,1.0,14.47,A,0.425,0.52735,-0.10235,False
ecp,fa61074dc2801efc68c2b47d6bb30a3f,pedestrian,1.0,13.21,A,0.4444,0.52735,-0.08294999999999997,False
ecp,fa61074dc2801efc68c2b47d6bb30a3f,car,0.9024390578269958,25.33,B,0.1632,0.19875,-0.03555,False
ecp,fa61074dc2801efc68c2b47d6bb30a3f,car,0.9452055096626282,8.06,A,0.2492,0.625,-0.3758,False
ecp,fa61074dc2801efc68c2b47d6bb30a3f,car,0.921951174736023,13.58,A,0.2313,0.52735,-0.29605,False
ecp,fa61074dc2801efc68c2b47d6bb30a3f,pedestrian,1.0,5.87,A,0.6944,0.625,0.06940000000000002,True
ecp,fa61074dc2801efc68c2b47d6bb30a3f,car,0.949367105960846,6.27,A,0.1934,0.625,-0.4316,False
ecp,0a3d83e1bc3f4d1a3bc7ec7a1373b9b7,pedestrian,1.0,6.02,A,0.375,0.625,-0.25,False
ecp,0a3d83e1bc3f4d1a3bc7ec7a1373b9b7,pedestrian,1.0,3.54,A,0.625,0.6381,-0.0131,False
ecp,0a3d83e1bc3f4d1a3bc7ec7a1373b9b7,pedestrian,1.0,5.88,A,0.8704,0.625,0.24539999999999995,True
ecp,0a3d83e1bc3f4d1a3bc7ec7a1373b9b7,pedestrian,1.0,14.94,A,0.5312,0.52735,0.00385000000000002,False
ecp,0a3d83e1bc3f4d1a3bc7ec7a1373b9b7,pedestrian,1.0,20.73,B,0.0625,0.2563,-0.19379999999999997,False
ecp,0a3d83e1bc3f4d1a3bc7ec7a1373b9b7,pedestrian,1.0,9.48,A,0.5625,0.625,-0.0625,False
ecp,0a3d83e1bc3f4d1a3bc7ec7a1373b9b7,pedestrian,1.0,21.6,B,0.3889,0.2563,0.13260000000000005,True
ecp,0a3d83e1bc3f4d1a3bc7ec7a1373b9b7,pedestrian,1.0,20.68,B,0.3333,0.2563,0.07700000000000001,True
ecp,0a3d83e1bc3f4d1a3bc7ec7a1373b9b7,pedestrian,1.0,20.42,B,0.125,0.2563,-0.13129999999999997,False
ecp,0a3d83e1bc3f4d1a3bc7ec7a1373b9b7,car,0.7037037014961243,23.36,B,0.0882,0.2563,-0.16809999999999997,False
ecp,0a3d83e1bc3f4d1a3bc7ec7a1373b9b7,car,0.9064327478408812,17.63,B,0.3125,0.3519,-0.03939999999999999,False
ecp,0a3d83e1bc3f4d1a3bc7ec7a1373b9b7,bicycle,0.5114504098892212,43.69,C,0.0769,0.0,0.0769,True
ecp,0a3d83e1bc3f4d1a3bc7ec7a1373b9b7,car,0.941605806350708,6.28,A,0.0236,0.625,-0.6014,False
ecp,0a3d83e1bc3f4d1a3bc7ec7a1373b9b7,car,0.949367105960846,5.92,A,0.4039,0.625,-0.22110000000000002,False
ecp,3fd5fd50dd271baf041aac7e8ae632c3,car,0.9532163739204408,8.18,A,0.2242,0.625,-0.4008,False
ecp,3fd5fd50dd271baf041aac7e8ae632c3,pedestrian,1.0,22.37,B,0.3611,0.2563,0.1048,True
ecp,3fd5fd50dd271baf041aac7e8ae632c3,pedestrian,1.0,44.84,C,0.0,0.0,0.0,False
ecp,3fd5fd50dd271baf041aac7e8ae632c3,pedestrian,1.0,49.67,C,0.0,0.0,0.0,False
ecp,3fd5fd50dd271baf041aac7e8ae632c3,pedestrian,1.0,28.89,B,0.2083,0.19875,0.009550000000000003,False
ecp,3fd5fd50dd271baf041aac7e8ae632c3,pedestrian,1.0,13.49,A,0.2083,0.52735,-0.31904999999999994,False
ecp,3fd5fd50dd271baf041aac7e8ae632c3,pedestrian,1.0,22.48,B,0.0417,0.2563,-0.21459999999999996,False
ecp,3fd5fd50dd271baf041aac7e8ae632c3,pedestrian,1.0,23.57,B,0.375,0.2563,0.11870000000000003,True
ecp,3fd5fd50dd271baf041aac7e8ae632c3,pedestrian,1.0,34.82,C,0.05,0.075,-0.024999999999999994,False
ecp,3fd5fd50dd271baf041aac7e8ae632c3,pedestrian,1.0,21.4,B,0.25,0.2563,-0.006299999999999972,False
ecp,3fd5fd50dd271baf041aac7e8ae632c3,pedestrian,1.0,14.58,A,0.2292,0.52735,-0.29815,False
ecp,3fd5fd50dd271baf041aac7e8ae632c3,pedestrian,1.0,23.58,B,0.2083,0.2563,-0.04799999999999996,False
ecp,3fd5fd50dd271baf041aac7e8ae632c3,pedestrian,1.0,28.38,B,0.1667,0.19875,-0.03205000000000002,False
ecp,3fd5fd50dd271baf041aac7e8ae632c3,car,0.949367105960846,10.89,A,0.3055,0.52735,-0.22185,False
ecp,3fd5fd50dd271baf041aac7e8ae632c3,car,0.8128654956817627,36.85,C,0.0348,0.0312,0.003599999999999999,False
ecp,3fd5fd50dd271baf041aac7e8ae632c3,bicycle,0.7538461089134216,16.96,B,0.8527,0.3519,0.5008,True
ecp,3fd5fd50dd271baf041aac7e8ae632c3,motorcycle,0.5816993117332458,29.64,B,0.1601,0.19875,-0.03865000000000002,False
ecp,3fd5fd50dd271baf041aac7e8ae632c3,motorcycle,0.6012461185455322,14.63,A,0.6167,0.52735,0.08935000000000004,True
ecp,c2df9a1b7fd0679b9d1c434e410fe6c5,pedestrian,1.0,12.99,A,0.5,0.52735,-0.027349999999999985,False
ecp,c2df9a1b7fd0679b9d1c434e410fe6c5,car,0.92592591047287,8.47,A,0.1417,0.625,-0.4833,False
ecp,c2df9a1b7fd0679b9d1c434e410fe6c5,pedestrian,1.0,12.83,A,0.6094,0.52735,0.08205000000000007,True
ecp,c2df9a1b7fd0679b9d1c434e410fe6c5,pedestrian,1.0,13.13,A,0.4444,0.52735,-0.08294999999999997,False
ecp,c2df9a1b7fd0679b9d1c434e410fe6c5,pedestrian,1.0,16.6,B,0.4583,0.3519,0.1064,True
ecp,c2df9a1b7fd0679b9d1c434e410fe6c5,pedestrian,1.0,23.85,B,0.0556,0.2563,-0.2007,False
ecp,c2df9a1b7fd0679b9d1c434e410fe6c5,pedestrian,1.0,19.86,B,0.1667,0.3519,-0.1852,False
ecp,c2df9a1b7fd0679b9d1c434e410fe6c5,pedestrian,1.0,37.56,C,0.0694,0.0312,0.038200000000000005,False
ecp,c2df9a1b7fd0679b9d1c434e410fe6c5,pedestrian,1.0,14.64,A,0.375,0.52735,-0.15234999999999999,False
ecp,c2df9a1b7fd0679b9d1c434e410fe6c5,pedestrian,1.0,12.37,A,0.3438,0.52735,-0.18355,False
ecp,c2df9a1b7fd0679b9d1c434e410fe6c5,pedestrian,1.0,29.39,B,0.2344,0.19875,0.03564999999999999,False
ecp,c2df9a1b7fd0679b9d1c434e410fe6c5,pedestrian,1.0,14.08,A,0.1458,0.52735,-0.38154999999999994,False
ecp,c2df9a1b7fd0679b9d1c434e410fe6c5,pedestrian,1.0,23.7,B,0.1111,0.2563,-0.14519999999999997,False
ecp,c2df9a1b7fd0679b9d1c434e410fe6c5,pedestrian,1.0,44.96,C,0.0,0.0,0.0,False
ecp,c2df9a1b7fd0679b9d1c434e410fe6c5,pedestrian,1.0,37.6,C,0.0694,0.0312,0.038200000000000005,False
ecp,c2df9a1b7fd0679b9d1c434e410fe6c5,car,0.6559139490127563,29.42,B,0.131,0.19875,-0.06775,False
ecp,c2df9a1b7fd0679b9d1c434e410fe6c5,bicycle,0.6683937907218933,9.97,A,0.8343,0.625,0.20930000000000004,True
ecp,c2df9a1b7fd0679b9d1c434e410fe6c5,bicycle,0.5586206912994385,21.59,B,0.8167,0.2563,0.5604,True
ecp,c2df9a1b7fd0679b9d1c434e410fe6c5,bicycle,0.5508772134780884,7.59,A,0.8622,0.625,0.23719999999999997,True
ecp,c2df9a1b7fd0679b9d1c434e410fe6c5,bicycle,0.5395683646202087,8.94,A,0.7188,0.625,0.0938,True
ecp,03085f1d3f50ce3eda14caab85e41eee,pedestrian,1.0,4.81,A,0.5556,0.6381,-0.08250000000000002,False
ecp,03085f1d3f50ce3eda14caab85e41eee,pedestrian,1.0,5.06,A,0.625,0.625,0.0,False
ecp,03085f1d3f50ce3eda14caab85e41eee,pedestrian,1.0,4.1,A,0.7222,0.6381,0.08409999999999995,True
ecp,03085f1d3f50ce3eda14caab85e41eee,pedestrian,1.0,6.23,A,0.7292,0.625,0.10419999999999996,True
ecp,03085f1d3f50ce3eda14caab85e41eee,pedestrian,1.0,4.88,A,0.4167,0.6381,-0.22139999999999999,False
ecp,03085f1d3f50ce3eda14caab85e41eee,pedestrian,1.0,5.59,A,0.6875,0.625,0.0625,True
ecp,03085f1d3f50ce3eda14caab85e41eee,pedestrian,1.0,5.05,A,0.625,0.625,0.0,False
ecp,03085f1d3f50ce3eda14caab85e41eee,bicycle,0.6167664527893066,5.92,A,0.4972,0.625,-0.12780000000000002,False
ecp,03085f1d3f50ce3eda14caab85e41eee,pedestrian,1.0,48.9,C,0.0,0.0,0.0,False
ecp,03085f1d3f50ce3eda14caab85e41eee,pedestrian,1.0,20.19,B,0.375,0.2563,0.11870000000000003,True
ecp,03085f1d3f50ce3eda14caab85e41eee,pedestrian,1.0,11.8,A,0.5556,0.52735,0.028249999999999997,False
ecp,03085f1d3f50ce3eda14caab85e41eee,pedestrian,1.0,40.47,C,0.0,0.0,0.0,False
ecp,03085f1d3f50ce3eda14caab85e41eee,pedestrian,1.0,4.93,A,0.7937,0.6381,0.15559999999999996,True
ecp,03085f1d3f50ce3eda14caab85e41eee,pedestrian,1.0,21.27,B,0.3194,0.2563,0.06310000000000004,True
ecp,03085f1d3f50ce3eda14caab85e41eee,pedestrian,1.0,6.23,A,0.7037,0.625,0.07869999999999999,True
ecp,03085f1d3f50ce3eda14caab85e41eee,pedestrian,1.0,28.09,B,0.2143,0.19875,0.01554999999999998,False
ecp,03085f1d3f50ce3eda14caab85e41eee,pedestrian,1.0,16.68,B,0.3333,0.3519,-0.018600000000000005,False
ecp,03085f1d3f50ce3eda14caab85e41eee,pedestrian,1.0,18.86,B,0.1562,0.3519,-0.19569999999999999,False
ecp,03085f1d3f50ce3eda14caab85e41eee,pedestrian,1.0,6.59,A,0.7031,0.625,0.07809999999999995,True
ecp,03085f1d3f50ce3eda14caab85e41eee,pedestrian,1.0,18.93,B,0.2857,0.3519,-0.06619999999999998,False
ecp,03085f1d3f50ce3eda14caab85e41eee,pedestrian,1.0,27.97,B,0.3056,0.19875,0.10684999999999997,True
ecp,03085f1d3f50ce3eda14caab85e41eee,pedestrian,1.0,49.6,C,0.0,0.0,0.0,False
ecp,03085f1d3f50ce3eda14caab85e41eee,pedestrian,1.0,16.65,B,0.5795,0.3519,0.22760000000000002,True
ecp,03085f1d3f50ce3eda14caab85e41eee,car,0.7815700173377991,22.59,B,0.1644,0.2563,-0.09189999999999998,False
ecp,03085f1d3f50ce3eda14caab85e41eee,bicycle,0.6521739363670349,15.27,B,0.7596,0.3519,0.40770000000000006,True
ecp,03085f1d3f50ce3eda14caab85e41eee,bicycle,0.6289855241775513,11.31,A,0.7016,0.52735,0.17425000000000002,True
ecp,03085f1d3f50ce3eda14caab85e41eee,pedestrian,1.0,3.95,A,0.6869,0.6381,0.048799999999999955,False
ecp,03085f1d3f50ce3eda14caab85e41eee,bicycle,0.7142857313156128,4.33,A,0.2992,0.6381,-0.3389,False
ecp,03e001ab374631dd46fb04d23958d74b,pedestrian,1.0,8.34,A,0.713,0.625,0.08799999999999997,True
ecp,03e001ab374631dd46fb04d23958d74b,pedestrian,1.0,4.5,A,0.8646,0.6381,0.22650000000000003,True
ecp,03e001ab374631dd46fb04d23958d74b,pedestrian,1.0,8.17,A,0.7,0.625,0.07499999999999996,True
ecp,03e001ab374631dd46fb04d23958d74b,bicycle,0.7697842121124268,6.12,A,0.6998,0.625,0.07479999999999998,True
ecp,03e001ab374631dd46fb04d23958d74b,bicycle,0.5038759708404541,6.97,A,0.1093,0.625,-0.5157,False
ecp,03e001ab374631dd46fb04d23958d74b,pedestrian,1.0,42.14,C,0.0,0.0,0.0,False
ecp,03e001ab374631dd46fb04d23958d74b,pedestrian,1.0,36.46,C,0.0952,0.0312,0.064,True
ecp,03e001ab374631dd46fb04d23958d74b,pedestrian,1.0,8.32,A,0.746,0.625,0.121,True
ecp,03e001ab374631dd46fb04d23958d74b,pedestrian,1.0,9.49,A,0.2381,0.625,-0.3869,False
ecp,03e001ab374631dd46fb04d23958d74b,pedestrian,1.0,7.26,A,0.8148,0.625,0.18979999999999997,True
ecp,03e001ab374631dd46fb04d23958d74b,pedestrian,1.0,11.33,A,0.3889,0.52735,-0.13844999999999996,False
ecp,03e001ab374631dd46fb04d23958d74b,pedestrian,1.0,8.45,A,0.7222,0.625,0.09719999999999995,True
ecp,03e001ab374631dd46fb04d23958d74b,pedestrian,1.0,14.39,A,0.3438,0.52735,-0.18355,False
ecp,03e001ab374631dd46fb04d23958d74b,pedestrian,1.0,12.76,A,0.3958,0.52735,-0.13155,False
ecp,03e001ab374631dd46fb04d23958d74b,pedestrian,1.0,42.73,C,0.0222,0.0,0.0222,False
ecp,03e001ab374631dd46fb04d23958d74b,pedestrian,1.0,14.28,A,0.2857,0.52735,-0.24164999999999998,False
ecp,03e001ab374631dd46fb04d23958d74b,car,0.8439024686813354,16.05,B,0.1004,0.3519,-0.2515,False
ecp,03e001ab374631dd46fb04d23958d74b,car,0.8128654956817627,24.56,B,0.0174,0.2563,-0.23889999999999997,False
ecp,03e001ab374631dd46fb04d23958d74b,bicycle,0.7852349281311035,8.52,A,0.8632,0.625,0.23819999999999997,True
ecp,03e001ab374631dd46fb04d23958d74b,bicycle,0.5345454812049866,18.74,B,0.7,0.3519,0.34809999999999997,True
ecp,03e001ab374631dd46fb04d23958d74b,bicycle,0.597484290599823,9.65,A,0.7054,0.625,0.08040000000000003,True
ecp,03e001ab374631dd46fb04d23958d74b,pedestrian,1.0,7.43,A,0.679,0.625,0.05400000000000005,True
ecp,c0de9f17c7a0e13aead147f599211274,pedestrian,1.0,5.93,A,0.5972,0.625,-0.027800000000000047,False
ecp,c0de9f17c7a0e13aead147f599211274,pedestrian,1.0,3.65,A,0.4643,0.6381,-0.1738,False
ecp,c0de9f17c7a0e13aead147f599211274,pedestrian,1.0,7.52,A,0.5714,0.625,-0.05359999999999998,False
ecp,c0de9f17c7a0e13aead147f599211274,pedestrian,1.0,35.41,C,0.0,0.0312,-0.0312,False
ecp,c0de9f17c7a0e13aead147f599211274,pedestrian,1.0,32.06,C,0.1481,0.075,0.07310000000000001,True
ecp,c0de9f17c7a0e13aead147f599211274,pedestrian,1.0,47.4,C,0.0312,0.0,0.0312,False
ecp,c0de9f17c7a0e13aead147f599211274,pedestrian,1.0,6.03,A,0.5397,0.625,-0.08530000000000004,False
ecp,c0de9f17c7a0e13aead147f599211274,pedestrian,1.0,9.06,A,0.6667,0.625,0.04169999999999996,False
ecp,c0de9f17c7a0e13aead147f599211274,pedestrian,1.0,9.53,A,0.5625,0.625,-0.0625,False
ecp,c0de9f17c7a0e13aead147f599211274,pedestrian,1.0,47.87,C,0.0,0.0,0.0,False
ecp,c0de9f17c7a0e13aead147f599211274,pedestrian,1.0,34.68,C,0.075,0.075,0.0,False
ecp,c0de9f17c7a0e13aead147f599211274,car,0.7142857313156128,26.83,B,0.0411,0.19875,-0.15765,False
ecp,c0de9f17c7a0e13aead147f599211274,car,0.949367105960846,8.31,A,0.3701,0.625,-0.2549,False
ecp,c0de9f17c7a0e13aead147f599211274,car,0.8827838897705078,17.83,B,0.2413,0.3519,-0.1106,False
ecp,c0de9f17c7a0e13aead147f599211274,car,0.9375000596046448,13.59,A,0.2172,0.52735,-0.31015,False
ecp,c0de9f17c7a0e13aead147f599211274,bicycle,0.6404494643211365,13.67,A,0.32,0.52735,-0.20734999999999998,False
ecp,c0de9f17c7a0e13aead147f599211274,bicycle,0.6995305418968201,12.61,A,0.4857,0.52735,-0.041649999999999965,False
ecp,c0de9f17c7a0e13aead147f599211274,bicycle,0.7815700173377991,19.87,B,0.6322,0.3519,0.2803,True
ecp,c0de9f17c7a0e13aead147f599211274,bicycle,0.6332378387451172,4.46,A,0.3977,0.6381,-0.2404,False
ecp,c0de9f17c7a0e13aead147f599211274,bicycle,0.6012461185455322,4.48,A,0.685,0.6381,0.04690000000000005,False
ecp,c0de9f17c7a0e13aead147f599211274,bicycle,0.5897435545921326,6.18,A,0.2637,0.625,-0.3613,False
ecp,93142fff67950636d7295865ee95eb80,bicycle,0.9375000596046448,5.93,A,0.5397,0.625,-0.08530000000000004,False
ecp,93142fff67950636d7295865ee95eb80,pedestrian,1.0,27.23,B,0.2875,0.19875,0.08874999999999997,True
ecp,93142fff67950636d7295865ee95eb80,pedestrian,1.0,42.37,C,0.0159,0.0,0.0159,False
ecp,93142fff67950636d7295865ee95eb80,pedestrian,1.0,27.0,B,0.2143,0.19875,0.01554999999999998,False
ecp,93142fff67950636d7295865ee95eb80,pedestrian,1.0,26.71,B,0.1667,0.19875,-0.03205000000000002,False
ecp,93142fff67950636d7295865ee95eb80,pedestrian,1.0,42.37,C,0.0,0.0,0.0,False
ecp,93142fff67950636d7295865ee95eb80,pedestrian,1.0,27.12,B,0.2083,0.19875,0.009550000000000003,False
ecp,93142fff67950636d7295865ee95eb80,pedestrian,1.0,27.51,B,0.0889,0.19875,-0.10985,False
ecp,93142fff67950636d7295865ee95eb80,car,0.7655677795410156,40.24,C,0.0138,0.0,0.0138,False
ecp,93142fff67950636d7295865ee95eb80,car,0.8827838897705078,14.93,A,0.0558,0.52735,-0.47154999999999997,False
ecp,93142fff67950636d7295865ee95eb80,car,0.7655677795410156,18.65,B,0.0715,0.3519,-0.2804,False
ecp,93142fff67950636d7295865ee95eb80,bicycle,0.8947368264198303,12.63,A,0.446,0.52735,-0.08134999999999998,False
ecp,93142fff67950636d7295865ee95eb80,pedestrian,1.0,5.69,A,0.5357,0.625,-0.08930000000000005,False
ecp,93142fff67950636d7295865ee95eb80,pedestrian,1.0,5.3,A,0.7556,0.625,0.13060000000000005,True
ecp,93142fff67950636d7295865ee95eb80,car,0.949367105960846,6.72,A,0.0875,0.625,-0.5375,False
ecp,93142fff67950636d7295865ee95eb80,car,0.949367105960846,10.44,A,0.191,0.52735,-0.33635,False
ecp,451a8d1bdc7556807ec82d807f516acf,bicycle,0.9452055096626282,4.9,A,0.4309,0.6381,-0.2072,False
ecp,451a8d1bdc7556807ec82d807f516acf,pedestrian,1.0,19.42,B,0.0444,0.3519,-0.3075,False
ecp,451a8d1bdc7556807ec82d807f516acf,pedestrian,1.0,21.7,B,0.3333,0.2563,0.07700000000000001,True
ecp,451a8d1bdc7556807ec82d807f516acf,pedestrian,1.0,18.69,B,0.1875,0.3519,-0.1644,False
ecp,451a8d1bdc7556807ec82d807f516acf,pedestrian,1.0,19.07,B,0.3393,0.3519,-0.0126,False
ecp,451a8d1bdc7556807ec82d807f516acf,pedestrian,1.0,36.69,C,0.0625,0.0312,0.0313,False
ecp,451a8d1bdc7556807ec82d807f516acf,pedestrian,1.0,19.17,B,0.4643,0.3519,0.1124,True
ecp,451a8d1bdc7556807ec82d807f516acf,pedestrian,1.0,36.96,C,0.0208,0.0312,-0.0104,False
ecp,451a8d1bdc7556807ec82d807f516acf,car,0.92592591047287,11.28,A,0.1809,0.52735,-0.34645,False
ecp,451a8d1bdc7556807ec82d807f516acf,car,0.8947368264198303,16.51,B,0.1201,0.3519,-0.2318,False
ecp,451a8d1bdc7556807ec82d807f516acf,car,0.8552036285400391,32.91,C,0.0482,0.075,-0.026799999999999997,False
ecp,451a8d1bdc7556807ec82d807f516acf,car,0.921951174736023,6.62,A,0.2938,0.625,-0.3312,False
ecp,451a8d1bdc7556807ec82d807f516acf,car,0.9532163739204408,7.58,A,0.0786,0.625,-0.5464,False
ecp,fd7c9c67dfc490de7bbbf55d19a4c17e,pedestrian,1.0,11.29,A,0.3214,0.52735,-0.20594999999999997,False
ecp,fd7c9c67dfc490de7bbbf55d19a4c17e,pedestrian,1.0,16.7,B,0.2917,0.3519,-0.060199999999999976,False
ecp,fd7c9c67dfc490de7bbbf55d19a4c17e,pedestrian,1.0,29.03,B,0.3175,0.19875,0.11875,True
ecp,fd7c9c67dfc490de7bbbf55d19a4c17e,pedestrian,1.0,10.57,A,0.463,0.52735,-0.06434999999999996,False
ecp,fd7c9c67dfc490de7bbbf55d19a4c17e,pedestrian,1.0,16.86,B,0.1944,0.3519,-0.1575,False
ecp,fd7c9c67dfc490de7bbbf55d19a4c17e,pedestrian,1.0,11.61,A,0.3333,0.52735,-0.19405,False
ecp,fd7c9c67dfc490de7bbbf55d19a4c17e,pedestrian,1.0,11.0,A,0.4167,0.52735,-0.11064999999999997,False
ecp,fd7c9c67dfc490de7bbbf55d19a4c17e,pedestrian,1.0,29.7,B,0.0208,0.19875,-0.17795,False
ecp,fd7c9c67dfc490de7bbbf55d19a4c17e,pedestrian,1.0,10.93,A,0.5429,0.52735,0.015550000000000064,False
ecp,fd7c9c67dfc490de7bbbf55d19a4c17e,car,0.9064327478408812,25.16,B,0.1703,0.19875,-0.028450000000000003,False
ecp,fd7c9c67dfc490de7bbbf55d19a4c17e,car,0.6289855241775513,35.86,C,0.019,0.0312,-0.012199999999999999,False
ecp,fd7c9c67dfc490de7bbbf55d19a4c17e,pedestrian,1.0,12.5,A,0.0417,0.52735,-0.48564999999999997,False
ecp,fd7c9c67dfc490de7bbbf55d19a4c17e,car,0.8160918951034546,7.83,A,0.3043,0.625,-0.3207,False
ecp,fd7c9c67dfc490de7bbbf55d19a4c17e,car,0.941605806350708,7.86,A,0.0954,0.625,-0.5296,False
ecp,67c800bf8a99f303719733be99b7799e,pedestrian,1.0,6.52,A,0.6771,0.625,0.052100000000000035,True
ecp,67c800bf8a99f303719733be99b7799e,pedestrian,1.0,8.84,A,0.7031,0.625,0.07809999999999995,True
ecp,67c800bf8a99f303719733be99b7799e,pedestrian,1.0,19.79,B,0.4375,0.3519,0.08560000000000001,True
ecp,67c800bf8a99f303719733be99b7799e,pedestrian,1.0,22.04,B,0.2708,0.2563,0.014500000000000013,False
ecp,67c800bf8a99f303719733be99b7799e,pedestrian,1.0,8.92,A,0.6806,0.625,0.05559999999999998,True
ecp,67c800bf8a99f303719733be99b7799e,pedestrian,1.0,19.82,B,0.5156,0.3519,0.16369999999999996,True
ecp,67c800bf8a99f303719733be99b7799e,pedestrian,1.0,22.28,B,0.1875,0.2563,-0.06879999999999997,False
ecp,67c800bf8a99f303719733be99b7799e,pedestrian,1.0,48.63,C,0.025,0.0,0.025,False
ecp,67c800bf8a99f303719733be99b7799e,pedestrian,1.0,48.58,C,0.0,0.0,0.0,False
ecp,67c800bf8a99f303719733be99b7799e,pedestrian,1.0,30.69,C,0.0208,0.075,-0.0542,False
ecp,67c800bf8a99f303719733be99b7799e,bicycle,0.5151515007019043,23.84,B,0.4778,0.2563,0.22150000000000003,True
ecp,5b71e8ddee3c167f0e3634807875dcd8,pedestrian,1.0,19.41,B,0.537,0.3519,0.18510000000000004,True
ecp,5b71e8ddee3c167f0e3634807875dcd8,pedestrian,1.0,26.16,B,0.2444,0.19875,0.045649999999999996,False
ecp,5b71e8ddee3c167f0e3634807875dcd8,pedestrian,1.0,38.16,C,0.0,0.0312,-0.0312,False
ecp,5b71e8ddee3c167f0e3634807875dcd8,pedestrian,1.0,14.52,A,0.5893,0.52735,0.06195000000000006,True
ecp,5b71e8ddee3c167f0e3634807875dcd8,pedestrian,1.0,14.42,A,0.45,0.52735,-0.07734999999999997,False
ecp,5b71e8ddee3c167f0e3634807875dcd8,pedestrian,1.0,26.04,B,0.1944,0.19875,-0.0043500000000000205,False
ecp,5b71e8ddee3c167f0e3634807875dcd8,pedestrian,1.0,42.4,C,0.0,0.0,0.0,False
ecp,5b71e8ddee3c167f0e3634807875dcd8,pedestrian,1.0,17.32,B,0.2969,0.3519,-0.05499999999999999,False
ecp,5b71e8ddee3c167f0e3634807875dcd8,pedestrian,1.0,17.56,B,0.3571,0.3519,0.005199999999999982,False
ecp,5b71e8ddee3c167f0e3634807875dcd8,pedestrian,1.0,39.16,C,0.0123,0.0312,-0.0189,False
ecp,5b71e8ddee3c167f0e3634807875dcd8,pedestrian,1.0,38.91,C,0.0926,0.0312,0.0614,True
ecp,5b71e8ddee3c167f0e3634807875dcd8,bicycle,0.6332378387451172,22.26,B,0.2444,0.2563,-0.011899999999999966,False
ecp,5b71e8ddee3c167f0e3634807875dcd8,bicycle,0.5936508178710938,42.6,C,0.0,0.0,0.0,False
ecp,d9954041eb03adaae8c25205f3713ad6,pedestrian,1.0,29.62,B,0.0833,0.19875,-0.11545000000000001,False
ecp,d9954041eb03adaae8c25205f3713ad6,pedestrian,1.0,16.05,B,0.25,0.3519,-0.10189999999999999,False
ecp,d9954041eb03adaae8c25205f3713ad6,pedestrian,1.0,10.32,A,0.625,0.52735,0.09765000000000001,True
ecp,d9954041eb03adaae8c25205f3713ad6,pedestrian,1.0,10.15,A,0.5714,0.52735,0.044050000000000034,False
ecp,d9954041eb03adaae8c25205f3713ad6,pedestrian,1.0,30.29,C,0.1375,0.075,0.06250000000000001,True
ecp,d9954041eb03adaae8c25205f3713ad6,pedestrian,1.0,22.14,B,0.4615,0.2563,0.20520000000000005,True
ecp,d9954041eb03adaae8c25205f3713ad6,pedestrian,1.0,13.56,A,0.5139,0.52735,-0.013449999999999962,False
ecp,d9954041eb03adaae8c25205f3713ad6,pedestrian,1.0,13.8,A,0.5,0.52735,-0.027349999999999985,False
ecp,d9954041eb03adaae8c25205f3713ad6,pedestrian,1.0,30.48,C,0.25,0.075,0.175,True
ecp,d9954041eb03adaae8c25205f3713ad6,pedestrian,1.0,22.27,B,0.1719,0.2563,-0.08439999999999998,False
ecp,d9954041eb03adaae8c25205f3713ad6,bicycle,0.7229437232017517,31.86,C,0.2,0.075,0.125,True
ecp,e04ae9ceabce9d08af2df36c9432a811,pedestrian,1.0,7.57,A,0.7,0.625,0.07499999999999996,True
ecp,e04ae9ceabce9d08af2df36c9432a811,pedestrian,1.0,43.56,C,0.0,0.0,0.0,False
ecp,e04ae9ceabce9d08af2df36c9432a811,pedestrian,1.0,36.24,C,0.0648,0.0312,0.0336,False
ecp,e04ae9ceabce9d08af2df36c9432a811,pedestrian,1.0,21.7,B,0.0,0.2563,-0.2563,False
ecp,e04ae9ceabce9d08af2df36c9432a811,pedestrian,1.0,14.02,A,0.275,0.52735,-0.25234999999999996,False
ecp,e04ae9ceabce9d08af2df36c9432a811,pedestrian,1.0,7.66,A,0.6458,0.625,0.02080000000000004,False
ecp,e04ae9ceabce9d08af2df36c9432a811,pedestrian,1.0,33.32,C,0.1094,0.075,0.0344,False
ecp,e04ae9ceabce9d08af2df36c9432a811,pedestrian,1.0,11.13,A,0.4167,0.52735,-0.11064999999999997,False
ecp,e04ae9ceabce9d08af2df36c9432a811,pedestrian,1.0,22.38,B,0.0938,0.2563,-0.16249999999999998,False
ecp,e04ae9ceabce9d08af2df36c9432a811,pedestrian,1.0,7.27,A,0.6111,0.625,-0.013900000000000023,False
ecp,e04ae9ceabce9d08af2df36c9432a811,pedestrian,1.0,43.22,C,0.025,0.0,0.025,False
ecp,e04ae9ceabce9d08af2df36c9432a811,pedestrian,1.0,23.09,B,0.1806,0.2563,-0.07569999999999996,False
ecp,e04ae9ceabce9d08af2df36c9432a811,pedestrian,1.0,38.48,C,0.0139,0.0312,-0.0173,False
ecp,e04ae9ceabce9d08af2df36c9432a811,pedestrian,1.0,11.32,A,0.4643,0.52735,-0.06305,False
ecp,e04ae9ceabce9d08af2df36c9432a811,pedestrian,1.0,23.31,B,0.3542,0.2563,0.09790000000000004,True
ecp,e04ae9ceabce9d08af2df36c9432a811,pedestrian,1.0,19.82,B,0.3519,0.3519,0.0,False
ecp,e04ae9ceabce9d08af2df36c9432a811,bicycle,0.7538461089134216,11.6,A,0.6458,0.52735,0.11845000000000006,True
ecp,e04ae9ceabce9d08af2df36c9432a811,bicycle,0.7770034670829773,26.26,B,0.3625,0.19875,0.16374999999999998,True
ecp,4f5872f933570badd754f23005b51455,bicycle,0.7387754917144775,5.44,A,0.7321,0.625,0.10709999999999997,True
ecp,4f5872f933570badd754f23005b51455,pedestrian,1.0,36.8,C,0.0864,0.0312,0.055200000000000006,True
ecp,4f5872f933570badd754f23005b51455,pedestrian,1.0,37.0,C,0.0556,0.0312,0.024399999999999998,False
ecp,4f5872f933570badd754f23005b51455,pedestrian,1.0,13.06,A,0.5222,0.52735,-0.005149999999999988,False
ecp,4f5872f933570badd754f23005b51455,pedestrian,1.0,41.47,C,0.0156,0.0,0.0156,False
ecp,4f5872f933570badd754f23005b51455,pedestrian,1.0,15.87,B,0.3125,0.3519,-0.03939999999999999,False
ecp,4f5872f933570badd754f23005b51455,pedestrian,1.0,9.64,A,0.4167,0.625,-0.20829999999999999,False
ecp,4f5872f933570badd754f23005b51455,pedestrian,1.0,9.75,A,0.4643,0.625,-0.1607,False
ecp,4f5872f933570badd754f23005b51455,pedestrian,1.0,16.73,B,0.3889,0.3519,0.03700000000000003,False
ecp,4f5872f933570badd754f23005b51455,pedestrian,1.0,18.57,B,0.2593,0.3519,-0.09260000000000002,False
ecp,4f5872f933570badd754f23005b51455,pedestrian,1.0,16.98,B,0.2917,0.3519,-0.060199999999999976,False
ecp,4f5872f933570badd754f23005b51455,pedestrian,1.0,41.49,C,0.0,0.0,0.0,False
ecp,4f5872f933570badd754f23005b51455,pedestrian,1.0,38.2,C,0.0,0.0312,-0.0312,False
ecp,4f5872f933570badd754f23005b51455,pedestrian,1.0,25.94,B,0.1786,0.19875,-0.02015,False
ecp,4f5872f933570badd754f23005b51455,bicycle,0.597484290599823,21.81,B,0.5875,0.2563,0.33120000000000005,True
ecp,a7544bef0606514fb76bde8552ac2d9b,bicycle,0.5508772134780884,4.77,A,0.3,0.6381,-0.3381,False
ecp,a7544bef0606514fb76bde8552ac2d9b,bicycle,0.6717948913574219,4.56,A,0.5603,0.6381,-0.07779999999999998,False
ecp,a7544bef0606514fb76bde8552ac2d9b,pedestrian,1.0,9.86,A,0.5,0.625,-0.125,False
ecp,a7544bef0606514fb76bde8552ac2d9b,pedestrian,1.0,11.28,A,0.5938,0.52735,0.06645000000000001,True
ecp,a7544bef0606514fb76bde8552ac2d9b,pedestrian,1.0,30.63,C,0.0833,0.075,0.008300000000000002,False
ecp,a7544bef0606514fb76bde8552ac2d9b,pedestrian,1.0,11.04,A,0.6296,0.52735,0.10225000000000006,True
ecp,a7544bef0606514fb76bde8552ac2d9b,pedestrian,1.0,8.69,A,0.25,0.625,-0.375,False
ecp,a7544bef0606514fb76bde8552ac2d9b,pedestrian,1.0,23.24,B,0.4722,0.2563,0.21590000000000004,True
ecp,a7544bef0606514fb76bde8552ac2d9b,pedestrian,1.0,40.09,C,0.0,0.0,0.0,False
ecp,a7544bef0606514fb76bde8552ac2d9b,pedestrian,1.0,30.68,C,0.1667,0.075,0.09169999999999999,True
ecp,a7544bef0606514fb76bde8552ac2d9b,pedestrian,1.0,8.67,A,0.2698,0.625,-0.3552,False
ecp,a7544bef0606514fb76bde8552ac2d9b,pedestrian,1.0,40.24,C,0.0625,0.0,0.0625,True
ecp,a7544bef0606514fb76bde8552ac2d9b,pedestrian,1.0,40.31,C,0.0139,0.0,0.0139,False
ecp,a7544bef0606514fb76bde8552ac2d9b,pedestrian,1.0,17.43,B,0.3651,0.3519,0.01319999999999999,False
ecp,a7544bef0606514fb76bde8552ac2d9b,pedestrian,1.0,23.44,B,0.3889,0.2563,0.13260000000000005,True
ecp,a7544bef0606514fb76bde8552ac2d9b,pedestrian,1.0,12.32,A,0.3611,0.52735,-0.16625,False
ecp,a7544bef0606514fb76bde8552ac2d9b,pedestrian,1.0,38.39,C,0.0,0.0312,-0.0312,False
ecp,a7544bef0606514fb76bde8552ac2d9b,pedestrian,1.0,38.35,C,0.1458,0.0312,0.11460000000000001,True
ecp,a7544bef0606514fb76bde8552ac2d9b,pedestrian,1.0,23.2,B,0.3125,0.2563,0.05620000000000003,True
ecp,a7544bef0606514fb76bde8552ac2d9b,bus,0.5747508406639099,20.02,B,0.3031,0.2563,0.04680000000000001,False
ecp,295edbafd5a0690504f1827fc9fa53cd,pedestrian,1.0,17.02,B,0.3214,0.3519,-0.03049999999999997,False
ecp,295edbafd5a0690504f1827fc9fa53cd,pedestrian,1.0,17.26,B,0.3333,0.3519,-0.018600000000000005,False
ecp,295edbafd5a0690504f1827fc9fa53cd,pedestrian,1.0,39.41,C,0.075,0.0312,0.0438,False
ecp,295edbafd5a0690504f1827fc9fa53cd,pedestrian,1.0,11.92,A,0.4286,0.52735,-0.09875,False
ecp,295edbafd5a0690504f1827fc9fa53cd,pedestrian,1.0,39.17,C,0.0667,0.0312,0.0355,False
ecp,295edbafd5a0690504f1827fc9fa53cd,pedestrian,1.0,5.93,A,0.463,0.625,-0.16199999999999998,False
ecp,295edbafd5a0690504f1827fc9fa53cd,pedestrian,1.0,8.21,A,0.2969,0.625,-0.3281,False
ecp,295edbafd5a0690504f1827fc9fa53cd,pedestrian,1.0,7.9,A,0.375,0.625,-0.25,False
ecp,295edbafd5a0690504f1827fc9fa53cd,pedestrian,1.0,18.23,B,0.3889,0.3519,0.03700000000000003,False
ecp,295edbafd5a0690504f1827fc9fa53cd,pedestrian,1.0,39.36,C,0.0,0.0312,-0.0312,False
ecp,295edbafd5a0690504f1827fc9fa53cd,pedestrian,1.0,25.01,B,0.2188,0.19875,0.020049999999999985,False
ecp,295edbafd5a0690504f1827fc9fa53cd,pedestrian,1.0,39.59,C,0.0278,0.0312,-0.0034000000000000002,False
ecp,295edbafd5a0690504f1827fc9fa53cd,pedestrian,1.0,13.5,A,0.375,0.52735,-0.15234999999999999,False
ecp,295edbafd5a0690504f1827fc9fa53cd,pedestrian,1.0,17.55,B,0.4,0.3519,0.04810000000000003,False
ecp,295edbafd5a0690504f1827fc9fa53cd,pedestrian,1.0,46.34,C,0.0417,0.0,0.0417,False
ecp,295edbafd5a0690504f1827fc9fa53cd,pedestrian,1.0,39.05,C,0.0123,0.0312,-0.0189,False
ecp,295edbafd5a0690504f1827fc9fa53cd,pedestrian,1.0,17.46,B,0.4107,0.3519,0.05880000000000002,True
ecp,295edbafd5a0690504f1827fc9fa53cd,pedestrian,1.0,17.75,B,0.5,0.3519,0.1481,True
ecp,295edbafd5a0690504f1827fc9fa53cd,bicycle,0.8827838897705078,15.62,B,0.5859,0.3519,0.23399999999999999,True
ecp,295edbafd5a0690504f1827fc9fa53cd,pedestrian,1.0,4.77,A,0.6825,0.6381,0.044399999999999995,False
ecp,295edbafd5a0690504f1827fc9fa53cd,pedestrian,1.0,6.15,A,0.6162,0.625,-0.00880000000000003,False
ecp,295edbafd5a0690504f1827fc9fa53cd,pedestrian,1.0,6.04,A,0.5238,0.625,-0.10119999999999996,False
ecp,22f7ff72ace6fadd5aa2ad7c9f6088bc,pedestrian,1.0,8.67,A,0.6625,0.625,0.03749999999999998,False
ecp,22f7ff72ace6fadd5aa2ad7c9f6088bc,pedestrian,1.0,40.66,C,0.0,0.0,0.0,False
ecp,22f7ff72ace6fadd5aa2ad7c9f6088bc,pedestrian,1.0,42.2,C,0.0312,0.0,0.0312,False
ecp,22f7ff72ace6fadd5aa2ad7c9f6088bc,pedestrian,1.0,8.03,A,0.3958,0.625,-0.22920000000000001,False
ecp,22f7ff72ace6fadd5aa2ad7c9f6088bc,pedestrian,1.0,18.79,B,0.4444,0.3519,0.09250000000000003,True
ecp,22f7ff72ace6fadd5aa2ad7c9f6088bc,pedestrian,1.0,40.57,C,0.0312,0.0,0.0312,False
ecp,22f7ff72ace6fadd5aa2ad7c9f6088bc,pedestrian,1.0,8.71,A,0.6667,0.625,0.04169999999999996,False
ecp,22f7ff72ace6fadd5aa2ad7c9f6088bc,pedestrian,1.0,8.25,A,0.1875,0.625,-0.4375,False
ecp,22f7ff72ace6fadd5aa2ad7c9f6088bc,pedestrian,1.0,17.91,B,0.5778,0.3519,0.2259,True
ecp,22f7ff72ace6fadd5aa2ad7c9f6088bc,pedestrian,1.0,8.45,A,0.6667,0.625,0.04169999999999996,False
ecp,22f7ff72ace6fadd5aa2ad7c9f6088bc,pedestrian,1.0,12.07,A,0.5,0.52735,-0.027349999999999985,False
ecp,22f7ff72ace6fadd5aa2ad7c9f6088bc,pedestrian,1.0,12.61,A,0.6406,0.52735,0.11324999999999996,True
ecp,22f7ff72ace6fadd5aa2ad7c9f6088bc,pedestrian,1.0,12.51,A,0.5,0.52735,-0.027349999999999985,False
ecp,22f7ff72ace6fadd5aa2ad7c9f6088bc,pedestrian,1.0,17.74,B,0.3492,0.3519,-0.00269999999999998,False
ecp,22f7ff72ace6fadd5aa2ad7c9f6088bc,bicycle,0.9064327478408812,13.1,A,0.7161,0.52735,0.18874999999999997,True
ecp,22f7ff72ace6fadd5aa2ad7c9f6088bc,car,0.8672199249267578,21.4,B,0.1745,0.2563,-0.08179999999999998,False
ecp,22f7ff72ace6fadd5aa2ad7c9f6088bc,car,0.949367105960846,13.0,A,0.3238,0.52735,-0.20355,False
ecp,9b606a045521d97affccc4a33baf2446,pedestrian,1.0,42.21,C,0.0938,0.0,0.0938,True
ecp,9b606a045521d97affccc4a33baf2446,pedestrian,1.0,25.71,B,0.375,0.19875,0.17625,True
ecp,9b606a045521d97affccc4a33baf2446,pedestrian,1.0,17.95,B,0.4815,0.3519,0.1296,True
ecp,9b606a045521d97affccc4a33baf2446,pedestrian,1.0,15.4,B,0.5,0.3519,0.1481,True
ecp,9b606a045521d97affccc4a33baf2446,pedestrian,1.0,17.93,B,0.4167,0.3519,0.06480000000000002,True
ecp,9b606a045521d97affccc4a33baf2446,pedestrian,1.0,12.85,A,0.3194,0.52735,-0.20794999999999997,False
ecp,9b606a045521d97affccc4a33baf2446,pedestrian,1.0,8.21,A,0.3148,0.625,-0.3102,False
ecp,9b606a045521d97affccc4a33baf2446,pedestrian,1.0,9.94,A,0.7308,0.625,0.1058,True
ecp,9b606a045521d97affccc4a33baf2446,pedestrian,1.0,41.59,C,0.0417,0.0,0.0417,False
ecp,9b606a045521d97affccc4a33baf2446,pedestrian,1.0,18.06,B,0.5,0.3519,0.1481,True
ecp,9b606a045521d97affccc4a33baf2446,pedestrian,1.0,8.06,A,0.3333,0.625,-0.2917,False
ecp,9b606a045521d97affccc4a33baf2446,pedestrian,1.0,18.33,B,0.8611,0.3519,0.5092,True
ecp,9b606a045521d97affccc4a33baf2446,pedestrian,1.0,18.42,B,0.5741,0.3519,0.22220000000000006,True
ecp,9b606a045521d97affccc4a33baf2446,pedestrian,1.0,18.08,B,0.4,0.3519,0.04810000000000003,False
ecp,9b606a045521d97affccc4a33baf2446,pedestrian,1.0,39.42,C,0.0,0.0312,-0.0312,False
ecp,9b606a045521d97affccc4a33baf2446,pedestrian,1.0,13.0,A,0.5556,0.52735,0.028249999999999997,False
ecp,9b606a045521d97affccc4a33baf2446,pedestrian,1.0,13.08,A,0.6667,0.52735,0.13934999999999997,True
ecp,9b606a045521d97affccc4a33baf2446,pedestrian,1.0,41.89,C,0.0,0.0,0.0,False
ecp,9b606a045521d97affccc4a33baf2446,pedestrian,1.0,9.78,A,0.1481,0.625,-0.4769,False
ecp,9b606a045521d97affccc4a33baf2446,pedestrian,1.0,8.18,A,0.4062,0.625,-0.2188,False
ecp,9b606a045521d97affccc4a33baf2446,bicycle,0.8128654956817627,11.02,A,0.4145,0.52735,-0.11285,False
ecp,9b606a045521d97affccc4a33baf2446,pedestrian,1.0,39.26,C,0.0952,0.0312,0.064,True
ecp,9b606a045521d97affccc4a33baf2446,car,0.9179486632347108,11.7,A,0.3709,0.52735,-0.15644999999999998,False
ecp,e7123641f3e281821a20c2a7bf5978f3,pedestrian,1.0,18.23,B,0.9531,0.3519,0.6012,True
ecp,e7123641f3e281821a20c2a7bf5978f3,pedestrian,1.0,5.48,A,0.825,0.625,0.19999999999999996,True
ecp,e7123641f3e281821a20c2a7bf5978f3,pedestrian,1.0,21.04,B,0.625,0.2563,0.3687,True
ecp,e7123641f3e281821a20c2a7bf5978f3,pedestrian,1.0,36.49,C,0.0139,0.0312,-0.0173,False
ecp,e7123641f3e281821a20c2a7bf5978f3,car,0.9298245906829834,16.32,B,0.1551,0.3519,-0.1968,False
ecp,e7123641f3e281821a20c2a7bf5978f3,car,0.9024390578269958,20.71,B,0.0357,0.2563,-0.22059999999999996,False
ecp,e7123641f3e281821a20c2a7bf5978f3,car,0.9609756469726562,10.65,A,0.2138,0.52735,-0.31355,False
ecp,ac25e3e2c8dbadc34a922ebdd84451df,pedestrian,1.0,28.58,B,0.3021,0.19875,0.10334999999999997,True
ecp,ac25e3e2c8dbadc34a922ebdd84451df,pedestrian,1.0,47.66,C,0.0,0.0,0.0,False
ecp,ac25e3e2c8dbadc34a922ebdd84451df,bicycle,0.9298245906829834,15.13,B,0.7174,0.3519,0.36550000000000005,True
ecp,ac25e3e2c8dbadc34a922ebdd84451df,car,0.96875,9.21,A,0.308,0.625,-0.317,False
ecp,363306f556720194c5980d5bd166f265,pedestrian,1.0,49.31,C,0.0,0.0,0.0,False
ecp,363306f556720194c5980d5bd166f265,pedestrian,1.0,51.61,C,0.0,,0.0,False
ecp,363306f556720194c5980d5bd166f265,pedestrian,1.0,15.88,B,0.6875,0.3519,0.3356,True
ecp,363306f556720194c5980d5bd166f265,pedestrian,1.0,49.65,C,0.0,0.0,0.0,False
ecp,363306f556720194c5980d5bd166f265,pedestrian,1.0,23.9,B,0.0,0.2563,-0.2563,False
ecp,363306f556720194c5980d5bd166f265,pedestrian,1.0,22.95,B,0.6111,0.2563,0.3548,True
ecp,363306f556720194c5980d5bd166f265,pedestrian,1.0,24.99,B,0.2143,0.2563,-0.04199999999999998,False
ecp,363306f556720194c5980d5bd166f265,pedestrian,1.0,24.0,B,0.0,0.2563,-0.2563,False
ecp,363306f556720194c5980d5bd166f265,pedestrian,1.0,18.72,B,0.4921,0.3519,0.1402,True
ecp,363306f556720194c5980d5bd166f265,pedestrian,1.0,18.63,B,0.75,0.3519,0.3981,True
ecp,363306f556720194c5980d5bd166f265,pedestrian,1.0,14.27,A,0.7396,0.52735,0.21225000000000005,True
ecp,363306f556720194c5980d5bd166f265,pedestrian,1.0,17.77,B,0.7381,0.3519,0.3862,True
ecp,363306f556720194c5980d5bd166f265,pedestrian,1.0,26.34,B,0.0,0.19875,-0.19875,False
ecp,363306f556720194c5980d5bd166f265,pedestrian,1.0,23.19,B,0.375,0.2563,0.11870000000000003,True
ecp,363306f556720194c5980d5bd166f265,pedestrian,1.0,19.54,B,0.625,0.3519,0.2731,True
ecp,363306f556720194c5980d5bd166f265,pedestrian,1.0,21.07,B,0.6909,0.2563,0.4346,True
ecp,363306f556720194c5980d5bd166f265,pedestrian,1.0,17.95,B,0.5729,0.3519,0.22099999999999997,True
ecp,363306f556720194c5980d5bd166f265,pedestrian,1.0,5.64,A,0.8438,0.625,0.2188,True
ecp,363306f556720194c5980d5bd166f265,pedestrian,1.0,19.2,B,0.5455,0.3519,0.1936,True
ecp,363306f556720194c5980d5bd166f265,pedestrian,1.0,40.92,C,0.125,0.0,0.125,True
ecp,363306f556720194c5980d5bd166f265,pedestrian,1.0,33.88,C,0.125,0.075,0.05,False
ecp,363306f556720194c5980d5bd166f265,pedestrian,1.0,39.43,C,0.0312,0.0312,0.0,False
ecp,363306f556720194c5980d5bd166f265,pedestrian,1.0,29.43,B,0.125,0.19875,-0.07375000000000001,False
ecp,363306f556720194c5980d5bd166f265,pedestrian,1.0,35.58,C,0.0741,0.0312,0.0429,False
ecp,363306f556720194c5980d5bd166f265,pedestrian,1.0,38.53,C,0.125,0.0312,0.0938,True
ecp,363306f556720194c5980d5bd166f265,pedestrian,1.0,13.42,A,0.5741,0.52735,0.04675000000000007,False
ecp,363306f556720194c5980d5bd166f265,pedestrian,1.0,15.71,B,0.4583,0.3519,0.1064,True
ecp,363306f556720194c5980d5bd166f265,pedestrian,1.0,25.6,B,0.4167,0.19875,0.21795,True
ecp,363306f556720194c5980d5bd166f265,pedestrian,1.0,28.66,B,0.1667,0.19875,-0.03205000000000002,False
ecp,363306f556720194c5980d5bd166f265,pedestrian,1.0,16.05,B,0.5208,0.3519,0.16890000000000005,True
ecp,363306f556720194c5980d5bd166f265,pedestrian,1.0,26.54,B,0.3542,0.19875,0.15545,True
ecp,363306f556720194c5980d5bd166f265,pedestrian,1.0,34.53,C,0.0694,0.075,-0.005599999999999994,False
ecp,363306f556720194c5980d5bd166f265,pedestrian,1.0,27.22,B,0.1042,0.19875,-0.09455000000000001,False
ecp,363306f556720194c5980d5bd166f265,pedestrian,1.0,28.36,B,0.3125,0.19875,0.11374999999999999,True
ecp,363306f556720194c5980d5bd166f265,pedestrian,1.0,31.02,C,0.2667,0.075,0.19169999999999998,True
ecp,363306f556720194c5980d5bd166f265,pedestrian,1.0,28.33,B,0.1667,0.19875,-0.03205000000000002,False
ecp,363306f556720194c5980d5bd166f265,pedestrian,1.0,40.96,C,0.075,0.0,0.075,True
ecp,363306f556720194c5980d5bd166f265,pedestrian,1.0,26.52,B,0.2188,0.19875,0.020049999999999985,False
ecp,363306f556720194c5980d5bd166f265,car,0.7037037014961243,24.67,B,0.1181,0.2563,-0.1382,False
ecp,363306f556720194c5980d5bd166f265,car,0.96875,12.76,A,0.3706,0.52735,-0.15675,False
ecp,363306f556720194c5980d5bd166f265,bicycle,0.8827838897705078,11.32,A,0.7875,0.52735,0.26015,True
ecp,363306f556720194c5980d5bd166f265,bicycle,0.6404494643211365,30.01,C,0.2708,0.075,0.19579999999999997,True
ecp,363306f556720194c5980d5bd166f265,bicycle,0.8160918951034546,12.93,A,0.6579,0.52735,0.13055000000000005,True
ecp,363306f556720194c5980d5bd166f265,pedestrian,1.0,16.03,B,0.5208,0.3519,0.16890000000000005,True
ecp,363306f556720194c5980d5bd166f265,pedestrian,1.0,15.7,B,0.45,0.3519,0.09810000000000002,True
ecp,363306f556720194c5980d5bd166f265,pedestrian,1.0,6.91,A,0.625,0.625,0.0,False
ecp,363306f556720194c5980d5bd166f265,pedestrian,1.0,13.38,A,0.5893,0.52735,0.06195000000000006,True
ecp,363306f556720194c5980d5bd166f265,pedestrian,1.0,7.4,A,0.7986,0.625,0.17359999999999998,True
ecp,363306f556720194c5980d5bd166f265,pedestrian,1.0,7.4,A,0.8333,0.625,0.20830000000000004,True
ecp,363306f556720194c5980d5bd166f265,pedestrian,1.0,9.05,A,0.5268,0.625,-0.09819999999999995,False
ecp,ba638306bd269a0ba0a87703c2681523,pedestrian,1.0,13.97,A,0.8,0.52735,0.27265000000000006,True
ecp,ba638306bd269a0ba0a87703c2681523,pedestrian,1.0,24.35,B,0.1389,0.2563,-0.11739999999999998,False
ecp,ba638306bd269a0ba0a87703c2681523,pedestrian,1.0,17.97,B,0.6508,0.3519,0.29890000000000005,True
ecp,ba638306bd269a0ba0a87703c2681523,pedestrian,1.0,17.83,B,0.881,0.3519,0.5291,True
ecp,ba638306bd269a0ba0a87703c2681523,pedestrian,1.0,10.34,A,0.7917,0.52735,0.26435,True
ecp,ba638306bd269a0ba0a87703c2681523,pedestrian,1.0,24.4,B,0.0833,0.2563,-0.173,False
ecp,ba638306bd269a0ba0a87703c2681523,pedestrian,1.0,10.28,A,0.7778,0.52735,0.25045000000000006,True
ecp,ba638306bd269a0ba0a87703c2681523,pedestrian,1.0,10.91,A,0.8642,0.52735,0.33685,True
ecp,ba638306bd269a0ba0a87703c2681523,pedestrian,1.0,14.03,A,0.7778,0.52735,0.25045000000000006,True
ecp,ba638306bd269a0ba0a87703c2681523,pedestrian,1.0,13.19,A,0.4844,0.52735,-0.04294999999999999,False
ecp,ba638306bd269a0ba0a87703c2681523,bicycle,0.9375000596046448,7.21,A,0.7096,0.625,0.08460000000000001,True
ecp,ba638306bd269a0ba0a87703c2681523,pedestrian,1.0,21.3,B,0.375,0.2563,0.11870000000000003,True
ecp,ba638306bd269a0ba0a87703c2681523,pedestrian,1.0,26.71,B,0.3036,0.19875,0.10484999999999997,True
ecp,ba638306bd269a0ba0a87703c2681523,pedestrian,1.0,20.42,B,0.5833,0.2563,0.32700000000000007,True
ecp,ba638306bd269a0ba0a87703c2681523,pedestrian,1.0,31.05,C,0.1875,0.075,0.1125,True
ecp,ba638306bd269a0ba0a87703c2681523,pedestrian,1.0,31.84,C,0.1562,0.075,0.08120000000000001,True
ecp,ba638306bd269a0ba0a87703c2681523,pedestrian,1.0,21.73,B,0.3125,0.2563,0.05620000000000003,True
ecp,ba638306bd269a0ba0a87703c2681523,pedestrian,1.0,12.02,A,0.6429,0.52735,0.11555000000000004,True
ecp,ba638306bd269a0ba0a87703c2681523,pedestrian,1.0,31.84,C,0.2188,0.075,0.14379999999999998,True
ecp,ba638306bd269a0ba0a87703c2681523,pedestrian,1.0,28.91,B,0.1667,0.19875,-0.03205000000000002,False
ecp,ba638306bd269a0ba0a87703c2681523,pedestrian,1.0,20.51,B,0.3056,0.2563,0.04930000000000001,False
ecp,ba638306bd269a0ba0a87703c2681523,pedestrian,1.0,33.68,C,0.0444,0.075,-0.030599999999999995,False
ecp,ba638306bd269a0ba0a87703c2681523,pedestrian,1.0,29.77,B,0.2292,0.19875,0.030449999999999977,False
ecp,ba638306bd269a0ba0a87703c2681523,pedestrian,1.0,41.1,C,0.0833,0.0,0.0833,True
ecp,ba638306bd269a0ba0a87703c2681523,pedestrian,1.0,22.0,B,0.2,0.2563,-0.05629999999999996,False
ecp,ba638306bd269a0ba0a87703c2681523,pedestrian,1.0,21.08,B,0.1667,0.2563,-0.08959999999999999,False
ecp,ba638306bd269a0ba0a87703c2681523,pedestrian,1.0,20.72,B,0.4167,0.2563,0.16040000000000004,True
ecp,ba638306bd269a0ba0a87703c2681523,pedestrian,1.0,19.31,B,0.375,0.3519,0.02310000000000001,False
ecp,ba638306bd269a0ba0a87703c2681523,pedestrian,1.0,37.14,C,0.0312,0.0312,0.0,False
ecp,ba638306bd269a0ba0a87703c2681523,bicycle,0.8202247023582458,19.64,B,0.4683,0.3519,0.1164,True
ecp,ba638306bd269a0ba0a87703c2681523,bicycle,0.6559139490127563,24.88,B,0.4378,0.2563,0.18150000000000005,True
ecp,ba638306bd269a0ba0a87703c2681523,pedestrian,1.0,8.06,A,0.7031,0.625,0.07809999999999995,True
ecp,ba638306bd269a0ba0a87703c2681523,pedestrian,1.0,10.55,A,0.6042,0.52735,0.07684999999999997,True
ecp,ba638306bd269a0ba0a87703c2681523,pedestrian,1.0,8.39,A,0.75,0.625,0.125,True
ecp,ba638306bd269a0ba0a87703c2681523,pedestrian,1.0,8.55,A,0.7812,0.625,0.1562,True
ecp,ba638306bd269a0ba0a87703c2681523,car,0.9336099624633788,6.62,A,0.2142,0.625,-0.4108,False
ecp,eab4f6731fc8298ef78f7c3a57c67392,pedestrian,1.0,8.31,A,0.6389,0.625,0.013900000000000023,False
ecp,eab4f6731fc8298ef78f7c3a57c67392,pedestrian,1.0,20.99,B,0.7361,0.2563,0.4798,True
ecp,eab4f6731fc8298ef78f7c3a57c67392,pedestrian,1.0,21.74,B,0.6296,0.2563,0.3733000000000001,True
ecp,eab4f6731fc8298ef78f7c3a57c67392,pedestrian,1.0,10.41,A,0.75,0.52735,0.22265000000000001,True
ecp,eab4f6731fc8298ef78f7c3a57c67392,pedestrian,1.0,32.06,C,0.2778,0.075,0.20279999999999998,True
ecp,eab4f6731fc8298ef78f7c3a57c67392,bicycle,0.9609756469726562,3.42,A,0.7361,0.6381,0.09799999999999998,True
ecp,eab4f6731fc8298ef78f7c3a57c67392,pedestrian,1.0,17.97,B,0.4222,0.3519,0.07030000000000003,True
ecp,eab4f6731fc8298ef78f7c3a57c67392,pedestrian,1.0,17.76,B,0.3968,0.3519,0.044899999999999995,False
ecp,eab4f6731fc8298ef78f7c3a57c67392,pedestrian,1.0,17.28,B,0.4375,0.3519,0.08560000000000001,True
ecp,eab4f6731fc8298ef78f7c3a57c67392,pedestrian,1.0,45.94,C,0.0,0.0,0.0,False
ecp,eab4f6731fc8298ef78f7c3a57c67392,pedestrian,1.0,26.39,B,0.3393,0.19875,0.14054999999999998,True
ecp,eab4f6731fc8298ef78f7c3a57c67392,pedestrian,1.0,15.33,B,0.5179,0.3519,0.16600000000000004,True
ecp,eab4f6731fc8298ef78f7c3a57c67392,pedestrian,1.0,14.93,A,0.4643,0.52735,-0.06305,False
ecp,eab4f6731fc8298ef78f7c3a57c67392,pedestrian,1.0,21.24,B,0.4659,0.2563,0.2096,True
ecp,eab4f6731fc8298ef78f7c3a57c67392,pedestrian,1.0,36.55,C,0.1875,0.0312,0.1563,True
ecp,eab4f6731fc8298ef78f7c3a57c67392,pedestrian,1.0,21.21,B,0.5,0.2563,0.24370000000000003,True
ecp,eab4f6731fc8298ef78f7c3a57c67392,pedestrian,1.0,14.7,A,0.4844,0.52735,-0.04294999999999999,False
ecp,eab4f6731fc8298ef78f7c3a57c67392,pedestrian,1.0,16.93,B,0.25,0.3519,-0.10189999999999999,False
ecp,eab4f6731fc8298ef78f7c3a57c67392,pedestrian,1.0,21.89,B,0.6,0.2563,0.3437,True
ecp,eab4f6731fc8298ef78f7c3a57c67392,pedestrian,1.0,18.08,B,0.075,0.3519,-0.2769,False
ecp,eab4f6731fc8298ef78f7c3a57c67392,pedestrian,1.0,26.5,B,0.1975,0.19875,-0.0012500000000000011,False
ecp,eab4f6731fc8298ef78f7c3a57c67392,pedestrian,1.0,17.18,B,0.6,0.3519,0.2481,True
ecp,eab4f6731fc8298ef78f7c3a57c67392,pedestrian,1.0,17.58,B,0.5,0.3519,0.1481,True
ecp,eab4f6731fc8298ef78f7c3a57c67392,pedestrian,1.0,14.77,A,0.6389,0.52735,0.11155000000000004,True
ecp,eab4f6731fc8298ef78f7c3a57c67392,bicycle,0.8709677457809448,14.29,A,0.7344,0.52735,0.20705000000000007,True
ecp,eab4f6731fc8298ef78f7c3a57c67392,bicycle,0.5508772134780884,27.99,B,0.2944,0.19875,0.09564999999999999,True
ecp,eab4f6731fc8298ef78f7c3a57c67392,bicycle,0.6683937907218933,17.41,B,0.6094,0.3519,0.25750000000000006,True
ecp,eab4f6731fc8298ef78f7c3a57c67392,bicycle,0.6683937907218933,19.66,B,0.5889,0.3519,0.237,True
ecp,eab4f6731fc8298ef78f7c3a57c67392,bicycle,0.5151515007019043,15.58,B,0.5648,0.3519,0.21289999999999998,True
ecp,eab4f6731fc8298ef78f7c3a57c67392,pedestrian,1.0,8.65,A,0.4222,0.625,-0.20279999999999998,False
ecp,eab4f6731fc8298ef78f7c3a57c67392,pedestrian,1.0,8.87,A,0.2857,0.625,-0.3393,False
ecp,eab4f6731fc8298ef78f7c3a57c67392,pedestrian,1.0,8.4,A,0.4375,0.625,-0.1875,False
ecp,eab4f6731fc8298ef78f7c3a57c67392,pedestrian,1.0,15.68,B,0.4444,0.3519,0.09250000000000003,True
ecp,eab4f6731fc8298ef78f7c3a57c67392,pedestrian,1.0,8.45,A,0.0156,0.625,-0.6094,False
ecp,eab4f6731fc8298ef78f7c3a57c67392,car,0.9609756469726562,10.31,A,0.125,0.52735,-0.40235,False
ecp,eab4f6731fc8298ef78f7c3a57c67392,car,0.7142857313156128,14.23,A,0.511,0.52735,-0.016349999999999976,False
ecp,065e5ca3a6e58d7e3822e5d7f5a51e04,pedestrian,1.0,9.4,A,0.798,0.625,0.17300000000000004,True
ecp,065e5ca3a6e58d7e3822e5d7f5a51e04,pedestrian,1.0,15.83,B,0.5714,0.3519,0.21950000000000003,True
ecp,065e5ca3a6e58d7e3822e5d7f5a51e04,pedestrian,1.0,6.34,A,0.4375,0.625,-0.1875,False
ecp,065e5ca3a6e58d7e3822e5d7f5a51e04,pedestrian,1.0,16.74,B,0.7091,0.3519,0.35719999999999996,True
ecp,065e5ca3a6e58d7e3822e5d7f5a51e04,pedestrian,1.0,22.14,B,0.1905,0.2563,-0.06579999999999997,False
ecp,065e5ca3a6e58d7e3822e5d7f5a51e04,pedestrian,1.0,20.7,B,0.125,0.2563,-0.13129999999999997,False
ecp,065e5ca3a6e58d7e3822e5d7f5a51e04,pedestrian,1.0,6.12,A,0.6406,0.625,0.015599999999999947,False
ecp,065e5ca3a6e58d7e3822e5d7f5a51e04,pedestrian,1.0,17.79,B,0.3438,0.3519,-0.008099999999999996,False
ecp,065e5ca3a6e58d7e3822e5d7f5a51e04,pedestrian,1.0,20.33,B,0.2969,0.2563,0.040600000000000025,False
ecp,065e5ca3a6e58d7e3822e5d7f5a51e04,pedestrian,1.0,23.81,B,0.4444,0.2563,0.18810000000000004,True
ecp,065e5ca3a6e58d7e3822e5d7f5a51e04,pedestrian,1.0,18.22,B,0.0,0.3519,-0.3519,False
ecp,065e5ca3a6e58d7e3822e5d7f5a51e04,pedestrian,1.0,30.78,C,0.275,0.075,0.2,True
ecp,065e5ca3a6e58d7e3822e5d7f5a51e04,pedestrian,1.0,20.68,B,0.0816,0.2563,-0.17469999999999997,False
ecp,065e5ca3a6e58d7e3822e5d7f5a51e04,pedestrian,1.0,6.9,A,0.6375,0.625,0.012499999999999956,False
ecp,065e5ca3a6e58d7e3822e5d7f5a51e04,pedestrian,1.0,9.6,A,0.75,0.625,0.125,True
ecp,065e5ca3a6e58d7e3822e5d7f5a51e04,pedestrian,1.0,25.35,B,0.5,0.19875,0.30125,True
ecp,065e5ca3a6e58d7e3822e5d7f5a51e04,pedestrian,1.0,25.42,B,0.1667,0.19875,-0.03205000000000002,False
ecp,065e5ca3a6e58d7e3822e5d7f5a51e04,pedestrian,1.0,33.4,C,0.0,0.075,-0.075,False
ecp,065e5ca3a6e58d7e3822e5d7f5a51e04,pedestrian,1.0,11.68,A,0.4643,0.52735,-0.06305,False
ecp,065e5ca3a6e58d7e3822e5d7f5a51e04,pedestrian,1.0,21.47,B,0.2917,0.2563,0.03540000000000004,False
ecp,065e5ca3a6e58d7e3822e5d7f5a51e04,pedestrian,1.0,15.88,B,0.4198,0.3519,0.06790000000000002,True
ecp,065e5ca3a6e58d7e3822e5d7f5a51e04,pedestrian,1.0,21.7,B,0.0,0.2563,-0.2563,False
ecp,065e5ca3a6e58d7e3822e5d7f5a51e04,pedestrian,1.0,30.9,C,0.025,0.075,-0.049999999999999996,False
ecp,065e5ca3a6e58d7e3822e5d7f5a51e04,pedestrian,1.0,8.98,A,0.5,0.625,-0.125,False
ecp,065e5ca3a6e58d7e3822e5d7f5a51e04,pedestrian,1.0,15.57,B,0.3214,0.3519,-0.03049999999999997,False
ecp,065e5ca3a6e58d7e3822e5d7f5a51e04,pedestrian,1.0,9.52,A,0.7386,0.625,0.11360000000000003,True
ecp,065e5ca3a6e58d7e3822e5d7f5a51e04,pedestrian,1.0,24.11,B,0.2344,0.2563,-0.021899999999999975,False
ecp,065e5ca3a6e58d7e3822e5d7f5a51e04,pedestrian,1.0,14.14,A,0.25,0.52735,-0.27735,False
ecp,065e5ca3a6e58d7e3822e5d7f5a51e04,pedestrian,1.0,34.35,C,0.0,0.075,-0.075,False
ecp,065e5ca3a6e58d7e3822e5d7f5a51e04,pedestrian,1.0,13.6,A,0.35,0.52735,-0.17735,False
ecp,065e5ca3a6e58d7e3822e5d7f5a51e04,pedestrian,1.0,14.41,A,0.15,0.52735,-0.37734999999999996,False
ecp,065e5ca3a6e58d7e3822e5d7f5a51e04,pedestrian,1.0,13.59,A,0.5397,0.52735,0.012349999999999972,False
ecp,065e5ca3a6e58d7e3822e5d7f5a51e04,pedestrian,1.0,14.44,A,0.2679,0.52735,-0.25944999999999996,False
ecp,065e5ca3a6e58d7e3822e5d7f5a51e04,pedestrian,1.0,15.48,B,0.3704,0.3519,0.018500000000000016,False
ecp,065e5ca3a6e58d7e3822e5d7f5a51e04,pedestrian,1.0,20.59,B,0.1852,0.2563,-0.07109999999999997,False
ecp,065e5ca3a6e58d7e3822e5d7f5a51e04,bicycle,0.5747508406639099,20.31,B,0.5341,0.2563,0.27780000000000005,True
ecp,065e5ca3a6e58d7e3822e5d7f5a51e04,bicycle,0.6012461185455322,17.63,B,0.4903,0.3519,0.13840000000000002,True
ecp,065e5ca3a6e58d7e3822e5d7f5a51e04,bicycle,0.5540069937705994,21.2,B,0.3333,0.2563,0.07700000000000001,True
ecp,065e5ca3a6e58d7e3822e5d7f5a51e04,bicycle,0.8358974456787109,10.48,A,0.6505,0.52735,0.12314999999999998,True
ecp,065e5ca3a6e58d7e3822e5d7f5a51e04,pedestrian,1.0,6.15,A,0.5556,0.625,-0.06940000000000002,False
ecp,065e5ca3a6e58d7e3822e5d7f5a51e04,pedestrian,1.0,15.98,B,0.125,0.3519,-0.2269,False
ecp,065e5ca3a6e58d7e3822e5d7f5a51e04,pedestrian,1.0,8.56,A,0.2407,0.625,-0.3843,False
ecp,065e5ca3a6e58d7e3822e5d7f5a51e04,pedestrian,1.0,10.86,A,0.0417,0.52735,-0.48564999999999997,False
ecp,065e5ca3a6e58d7e3822e5d7f5a51e04,pedestrian,1.0,10.29,A,0.7333,0.52735,0.20594999999999997,True
ecp,065e5ca3a6e58d7e3822e5d7f5a51e04,pedestrian,1.0,10.95,A,0.4143,0.52735,-0.11304999999999998,False
ecp,065e5ca3a6e58d7e3822e5d7f5a51e04,pedestrian,1.0,6.33,A,0.55,0.625,-0.07499999999999996,False
ecp,065e5ca3a6e58d7e3822e5d7f5a51e04,car,0.941605806350708,12.49,A,0.4772,0.52735,-0.05014999999999997,False
ecp,065e5ca3a6e58d7e3822e5d7f5a51e04,bicycle,0.7697842121124268,13.34,A,0.6534,0.52735,0.12605,True
ecp,658e904597ff0b7be546243e6dcaf824,pedestrian,1.0,28.73,B,0.0,0.19875,-0.19875,False
ecp,658e904597ff0b7be546243e6dcaf824,pedestrian,1.0,10.34,A,0.7188,0.52735,0.19145,True
ecp,658e904597ff0b7be546243e6dcaf824,pedestrian,1.0,25.57,B,0.4286,0.19875,0.22984999999999997,True
ecp,658e904597ff0b7be546243e6dcaf824,pedestrian,1.0,24.5,B,0.8333,0.2563,0.5770000000000001,True
ecp,658e904597ff0b7be546243e6dcaf824,bicycle,0.8358974456787109,3.12,A,0.5326,0.6381,-0.10550000000000004,False
ecp,658e904597ff0b7be546243e6dcaf824,bicycle,0.8632478713989258,5.07,A,0.6283,0.625,0.0032999999999999696,False
ecp,658e904597ff0b7be546243e6dcaf824,pedestrian,1.0,10.44,A,0.2698,0.52735,-0.25755,False
ecp,658e904597ff0b7be546243e6dcaf824,pedestrian,1.0,27.47,B,0.0625,0.19875,-0.13625,False
ecp,658e904597ff0b7be546243e6dcaf824,pedestrian,1.0,14.47,A,0.4127,0.52735,-0.11464999999999997,False
ecp,658e904597ff0b7be546243e6dcaf824,pedestrian,1.0,9.75,A,0.6042,0.625,-0.02080000000000004,False
ecp,658e904597ff0b7be546243e6dcaf824,pedestrian,1.0,14.88,A,0.3778,0.52735,-0.14954999999999996,False
ecp,658e904597ff0b7be546243e6dcaf824,pedestrian,1.0,25.72,B,0.2063,0.19875,0.007550000000000001,False
ecp,658e904597ff0b7be546243e6dcaf824,pedestrian,1.0,15.7,B,0.2,0.3519,-0.15189999999999998,False
ecp,658e904597ff0b7be546243e6dcaf824,pedestrian,1.0,12.98,A,0.4074,0.52735,-0.11995,False
ecp,658e904597ff0b7be546243e6dcaf824,pedestrian,1.0,7.91,A,0.5312,0.625,-0.0938,False
ecp,658e904597ff0b7be546243e6dcaf824,pedestrian,1.0,9.83,A,0.537,0.625,-0.08799999999999997,False
ecp,658e904597ff0b7be546243e6dcaf824,pedestrian,1.0,13.01,A,0.2917,0.52735,-0.23564999999999997,False
ecp,658e904597ff0b7be546243e6dcaf824,pedestrian,1.0,10.36,A,0.6667,0.52735,0.13934999999999997,True
ecp,658e904597ff0b7be546243e6dcaf824,pedestrian,1.0,16.24,B,0.6607,0.3519,0.30879999999999996,True
ecp,658e904597ff0b7be546243e6dcaf824,pedestrian,1.0,15.73,B,0.5357,0.3519,0.18379999999999996,True
ecp,658e904597ff0b7be546243e6dcaf824,pedestrian,1.0,8.27,A,0.7625,0.625,0.13749999999999996,True
ecp,658e904597ff0b7be546243e6dcaf824,pedestrian,1.0,13.3,A,0.5556,0.52735,0.028249999999999997,False
ecp,658e904597ff0b7be546243e6dcaf824,pedestrian,1.0,15.26,B,0.2593,0.3519,-0.09260000000000002,False
ecp,658e904597ff0b7be546243e6dcaf824,pedestrian,1.0,12.9,A,0.4286,0.52735,-0.09875,False
ecp,658e904597ff0b7be546243e6dcaf824,pedestrian,1.0,15.14,B,0.1778,0.3519,-0.17409999999999998,False
ecp,658e904597ff0b7be546243e6dcaf824,pedestrian,1.0,9.82,A,0.5,0.625,-0.125,False
ecp,658e904597ff0b7be546243e6dcaf824,pedestrian,1.0,11.05,A,0.7481,0.52735,0.22075,True
ecp,658e904597ff0b7be546243e6dcaf824,bicycle,0.8128654956817627,13.28,A,0.7437,0.52735,0.21635000000000004,True
ecp,658e904597ff0b7be546243e6dcaf824,pedestrian,1.0,4.19,A,0.775,0.6381,0.13690000000000002,True
ecp,658e904597ff0b7be546243e6dcaf824,pedestrian,1.0,13.19,A,0.7625,0.52735,0.23514999999999997,True
ecp,658e904597ff0b7be546243e6dcaf824,pedestrian,1.0,6.54,A,0.8154,0.625,0.1904,True
ecp,658e904597ff0b7be546243e6dcaf824,pedestrian,1.0,7.1,A,0.5694,0.625,-0.05559999999999998,False
ecp,658e904597ff0b7be546243e6dcaf824,pedestrian,1.0,10.67,A,0.675,0.52735,0.14765000000000006,True
ecp,658e904597ff0b7be546243e6dcaf824,pedestrian,1.0,12.69,A,0.4583,0.52735,-0.06905,False
ecp,658e904597ff0b7be546243e6dcaf824,car,0.8552036285400391,18.0,B,0.1033,0.3519,-0.2486,False
ecp,658e904597ff0b7be546243e6dcaf824,car,0.9064327478408812,10.15,A,0.4353,0.52735,-0.09204999999999997,False
ecp,658e904597ff0b7be546243e6dcaf824,bicycle,0.5704697966575623,12.85,A,0.875,0.52735,0.34765,True
ecp,0553dd6bf29a4e335e51a98dceec44e7,pedestrian,1.0,4.41,A,0.5111,0.6381,-0.127,False
ecp,0553dd6bf29a4e335e51a98dceec44e7,pedestrian,1.0,4.79,A,0.625,0.6381,-0.0131,False
ecp,0553dd6bf29a4e335e51a98dceec44e7,bicycle,0.941605806350708,7.06,A,0.6597,0.625,0.03469999999999995,False
ecp,0553dd6bf29a4e335e51a98dceec44e7,pedestrian,1.0,12.37,A,0.375,0.52735,-0.15234999999999999,False
ecp,0553dd6bf29a4e335e51a98dceec44e7,pedestrian,1.0,11.8,A,0.2708,0.52735,-0.25655,False
ecp,0553dd6bf29a4e335e51a98dceec44e7,pedestrian,1.0,26.55,B,0.2375,0.19875,0.03874999999999998,False
ecp,0553dd6bf29a4e335e51a98dceec44e7,pedestrian,1.0,8.62,A,0.2778,0.625,-0.3472,False
ecp,0553dd6bf29a4e335e51a98dceec44e7,pedestrian,1.0,19.47,B,0.2653,0.3519,-0.08660000000000001,False
ecp,0553dd6bf29a4e335e51a98dceec44e7,pedestrian,1.0,8.52,A,0.25,0.625,-0.375,False
ecp,0553dd6bf29a4e335e51a98dceec44e7,pedestrian,1.0,17.36,B,0.4167,0.3519,0.06480000000000002,True
ecp,0553dd6bf29a4e335e51a98dceec44e7,pedestrian,1.0,23.44,B,0.2292,0.2563,-0.027099999999999985,False
ecp,0553dd6bf29a4e335e51a98dceec44e7,pedestrian,1.0,20.42,B,0.1429,0.2563,-0.11339999999999997,False
ecp,0553dd6bf29a4e335e51a98dceec44e7,pedestrian,1.0,20.06,B,0.4821,0.2563,0.2258,True
ecp,0553dd6bf29a4e335e51a98dceec44e7,pedestrian,1.0,20.23,B,0.3036,0.2563,0.04730000000000001,False
ecp,0553dd6bf29a4e335e51a98dceec44e7,pedestrian,1.0,11.1,A,0.1111,0.52735,-0.41625,False
ecp,0553dd6bf29a4e335e51a98dceec44e7,pedestrian,1.0,11.68,A,0.2083,0.52735,-0.31904999999999994,False
ecp,0553dd6bf29a4e335e51a98dceec44e7,pedestrian,1.0,6.6,A,0.3906,0.625,-0.2344,False
ecp,0553dd6bf29a4e335e51a98dceec44e7,pedestrian,1.0,10.67,A,0.0,0.52735,-0.52735,False
ecp,0553dd6bf29a4e335e51a98dceec44e7,pedestrian,1.0,7.49,A,0.4732,0.625,-0.1518,False
ecp,0553dd6bf29a4e335e51a98dceec44e7,bicycle,0.8787879347801208,12.68,A,0.6376,0.52735,0.11024999999999996,True
ecp,0553dd6bf29a4e335e51a98dceec44e7,bicycle,0.604938268661499,29.09,B,0.0667,0.19875,-0.13205,False
ecp,0553dd6bf29a4e335e51a98dceec44e7,pedestrian,1.0,5.95,A,0.2593,0.625,-0.3657,False
ecp,0553dd6bf29a4e335e51a98dceec44e7,pedestrian,1.0,8.48,A,0.2656,0.625,-0.3594,False
ecp,0553dd6bf29a4e335e51a98dceec44e7,pedestrian,1.0,6.38,A,0.4167,0.625,-0.20829999999999999,False
ecp,0553dd6bf29a4e335e51a98dceec44e7,pedestrian,1.0,9.39,A,0.5625,0.625,-0.0625,False
ecp,0553dd6bf29a4e335e51a98dceec44e7,pedestrian,1.0,7.6,A,0.2708,0.625,-0.3542,False
ecp,0553dd6bf29a4e335e51a98dceec44e7,pedestrian,1.0,9.83,A,0.5417,0.625,-0.08330000000000004,False
ecp,0553dd6bf29a4e335e51a98dceec44e7,pedestrian,1.0,9.79,A,0.6389,0.625,0.013900000000000023,False
ecp,0553dd6bf29a4e335e51a98dceec44e7,pedestrian,1.0,3.64,A,0.5,0.6381,-0.1381,False
ecp,0553dd6bf29a4e335e51a98dceec44e7,car,0.9179486632347108,9.69,A,0.4797,0.625,-0.14529999999999998,False
ecp,0553dd6bf29a4e335e51a98dceec44e7,bicycle,0.921951174736023,4.71,A,0.2821,0.6381,-0.356,False
ecp,0553dd6bf29a4e335e51a98dceec44e7,bicycle,0.6559139490127563,5.19,A,0.623,0.625,-0.0020000000000000018,False
ecp,cd8353a657649a13b1eff2c17ce70a0a,pedestrian,1.0,21.76,B,0.5,0.2563,0.24370000000000003,True
ecp,cd8353a657649a13b1eff2c17ce70a0a,motorcycle,0.5816993117332458,28.5,B,0.3438,0.19875,0.14504999999999998,True
ecp,cd8353a657649a13b1eff2c17ce70a0a,motorcycle,0.5311355590820312,23.86,B,0.2677,0.2563,0.011400000000000021,False
ecp,cd8353a657649a13b1eff2c17ce70a0a,motorcycle,0.5586206912994385,26.81,B,0.5425,0.19875,0.34375,True
ecp,cd8353a657649a13b1eff2c17ce70a0a,motorcycle,0.6717948913574219,25.83,B,0.2429,0.19875,0.044149999999999995,False
ecp,cd8353a657649a13b1eff2c17ce70a0a,pedestrian,1.0,26.66,B,0.125,0.19875,-0.07375000000000001,False
ecp,cd8353a657649a13b1eff2c17ce70a0a,pedestrian,1.0,7.9,A,0.4219,0.625,-0.2031,False
ecp,cd8353a657649a13b1eff2c17ce70a0a,pedestrian,1.0,31.46,C,0.0667,0.075,-0.008300000000000002,False
ecp,cd8353a657649a13b1eff2c17ce70a0a,pedestrian,1.0,28.56,B,0.0571,0.19875,-0.14165,False
ecp,cd8353a657649a13b1eff2c17ce70a0a,pedestrian,1.0,38.28,C,0.1778,0.0312,0.1466,True
ecp,cd8353a657649a13b1eff2c17ce70a0a,pedestrian,1.0,10.24,A,0.2037,0.52735,-0.32365,False
ecp,cd8353a657649a13b1eff2c17ce70a0a,pedestrian,1.0,12.76,A,0.4464,0.52735,-0.08094999999999997,False
ecp,cd8353a657649a13b1eff2c17ce70a0a,pedestrian,1.0,15.32,B,0.1667,0.3519,-0.1852,False
ecp,cd8353a657649a13b1eff2c17ce70a0a,pedestrian,1.0,9.09,A,0.3056,0.625,-0.3194,False
ecp,cd8353a657649a13b1eff2c17ce70a0a,pedestrian,1.0,15.84,B,0.25,0.3519,-0.10189999999999999,False
ecp,cd8353a657649a13b1eff2c17ce70a0a,pedestrian,1.0,21.52,B,0.0857,0.2563,-0.17059999999999997,False
ecp,cd8353a657649a13b1eff2c17ce70a0a,pedestrian,1.0,18.36,B,0.15,0.3519,-0.2019,False
ecp,cd8353a657649a13b1eff2c17ce70a0a,pedestrian,1.0,13.34,A,0.7083,0.52735,0.18095000000000006,True
ecp,cd8353a657649a13b1eff2c17ce70a0a,pedestrian,1.0,12.58,A,0.2188,0.52735,-0.30855,False
ecp,cd8353a657649a13b1eff2c17ce70a0a,pedestrian,1.0,10.85,A,0.3214,0.52735,-0.20594999999999997,False
ecp,cd8353a657649a13b1eff2c17ce70a0a,pedestrian,1.0,12.0,A,0.5125,0.52735,-0.01485000000000003,False
ecp,cd8353a657649a13b1eff2c17ce70a0a,bicycle,0.8750000596046448,5.91,A,0.8287,0.625,0.2037,True
ecp,cd8353a657649a13b1eff2c17ce70a0a,bicycle,0.9298245906829834,9.34,A,0.8125,0.625,0.1875,True
ecp,cd8353a657649a13b1eff2c17ce70a0a,bicycle,0.7852349281311035,8.44,A,0.4009,0.625,-0.22410000000000002,False
ecp,cd8353a657649a13b1eff2c17ce70a0a,pedestrian,1.0,5.7,A,0.6349,0.625,0.00990000000000002,False
ecp,cd8353a657649a13b1eff2c17ce70a0a,pedestrian,1.0,8.45,A,0.7273,0.625,0.10229999999999995,True
ecp,cd8353a657649a13b1eff2c17ce70a0a,pedestrian,1.0,4.58,A,0.725,0.6381,0.08689999999999998,True
ecp,cd8353a657649a13b1eff2c17ce70a0a,pedestrian,1.0,5.8,A,0.3438,0.625,-0.2812,False
ecp,cd8353a657649a13b1eff2c17ce70a0a,pedestrian,1.0,7.56,A,0.4444,0.625,-0.18059999999999998,False
ecp,cd8353a657649a13b1eff2c17ce70a0a,pedestrian,1.0,5.98,A,0.8272,0.625,0.20220000000000005,True
ecp,cd8353a657649a13b1eff2c17ce70a0a,pedestrian,1.0,4.39,A,0.8154,0.6381,0.1773,True
ecp,cd8353a657649a13b1eff2c17ce70a0a,pedestrian,1.0,7.16,A,0.525,0.625,-0.09999999999999998,False
ecp,cd8353a657649a13b1eff2c17ce70a0a,pedestrian,1.0,7.99,A,0.5102,0.625,-0.11480000000000001,False
ecp,cd8353a657649a13b1eff2c17ce70a0a,pedestrian,1.0,7.42,A,0.7407,0.625,0.11570000000000003,True
ecp,cd8353a657649a13b1eff2c17ce70a0a,pedestrian,1.0,7.85,A,0.75,0.625,0.125,True
ecp,cd8353a657649a13b1eff2c17ce70a0a,pedestrian,1.0,7.33,A,0.6786,0.625,0.05359999999999998,True
ecp,cd8353a657649a13b1eff2c17ce70a0a,pedestrian,1.0,12.2,A,0.275,0.52735,-0.25234999999999996,False
ecp,cd8353a657649a13b1eff2c17ce70a0a,car,0.7037037014961243,9.18,A,0.5277,0.625,-0.09730000000000005,False
ecp,d83e711e978231810569d531e27ee679,pedestrian,1.0,32.7,C,0.0938,0.075,0.018799999999999997,False
ecp,d83e711e978231810569d531e27ee679,pedestrian,1.0,3.33,A,0.5682,0.6381,-0.06989999999999996,False
ecp,d83e711e978231810569d531e27ee679,pedestrian,1.0,19.2,B,0.4062,0.3519,0.054300000000000015,True
ecp,d83e711e978231810569d531e27ee679,pedestrian,1.0,15.02,B,0.525,0.3519,0.17310000000000003,True
ecp,d83e711e978231810569d531e27ee679,pedestrian,1.0,22.37,B,0.7083,0.2563,0.45200000000000007,True
ecp,d83e711e978231810569d531e27ee679,pedestrian,1.0,29.86,B,0.2708,0.19875,0.07204999999999998,True
ecp,d83e711e978231810569d531e27ee679,bicycle,0.9179486632347108,4.72,A,0.305,0.6381,-0.3331,False
ecp,d83e711e978231810569d531e27ee679,motorcycle,0.5276752710342407,25.92,B,0.619,0.19875,0.42025,True
ecp,d83e711e978231810569d531e27ee679,pedestrian,1.0,13.19,A,0.7778,0.52735,0.25045000000000006,True
ecp,d83e711e978231810569d531e27ee679,pedestrian,1.0,13.47,A,0.45,0.52735,-0.07734999999999997,False
ecp,d83e711e978231810569d531e27ee679,pedestrian,1.0,36.92,C,0.0,0.0312,-0.0312,False
ecp,d83e711e978231810569d531e27ee679,pedestrian,1.0,32.64,C,0.1562,0.075,0.08120000000000001,True
ecp,d83e711e978231810569d531e27ee679,pedestrian,1.0,29.88,B,0.2396,0.19875,0.04085,False
ecp,d83e711e978231810569d531e27ee679,pedestrian,1.0,19.14,B,0.4375,0.3519,0.08560000000000001,True
ecp,d83e711e978231810569d531e27ee679,pedestrian,1.0,19.98,B,0.575,0.3519,0.22309999999999997,True
ecp,d83e711e978231810569d531e27ee679,pedestrian,1.0,15.25,B,0.5,0.3519,0.1481,True
ecp,d83e711e978231810569d531e27ee679,pedestrian,1.0,19.28,B,0.5,0.3519,0.1481,True
ecp,d83e711e978231810569d531e27ee679,pedestrian,1.0,31.89,C,0.2,0.075,0.125,True
ecp,d83e711e978231810569d531e27ee679,pedestrian,1.0,19.69,B,0.2969,0.3519,-0.05499999999999999,False
ecp,d83e711e978231810569d531e27ee679,pedestrian,1.0,31.49,C,0.0625,0.075,-0.012499999999999997,False
ecp,d83e711e978231810569d531e27ee679,pedestrian,1.0,32.42,C,0.1562,0.075,0.08120000000000001,True
ecp,d83e711e978231810569d531e27ee679,pedestrian,1.0,13.17,A,0.5938,0.52735,0.06645000000000001,True
ecp,d83e711e978231810569d531e27ee679,bicycle,0.6640419960021973,26.54,B,0.4625,0.19875,0.26375000000000004,True
ecp,d83e711e978231810569d531e27ee679,bicycle,0.8241757750511169,8.32,A,0.4861,0.625,-0.13890000000000002,False
ecp,d83e711e978231810569d531e27ee679,bicycle,0.7697842121124268,13.7,A,0.2962,0.52735,-0.23114999999999997,False
ecp,d83e711e978231810569d531e27ee679,motorcycle,0.7928802371025085,26.35,B,0.4852,0.19875,0.28645,True
ecp,d83e711e978231810569d531e27ee679,motorcycle,0.6717948913574219,25.13,B,0.6863,0.19875,0.48755000000000004,True
ecp,d83e711e978231810569d531e27ee679,pedestrian,1.0,6.4,A,0.5,0.625,-0.125,False
ecp,d83e711e978231810569d531e27ee679,pedestrian,1.0,6.79,A,0.2917,0.625,-0.3333,False
ecp,d83e711e978231810569d531e27ee679,pedestrian,1.0,5.94,A,0.875,0.625,0.25,True
ecp,d83e711e978231810569d531e27ee679,pedestrian,1.0,7.57,A,0.5417,0.625,-0.08330000000000004,False
ecp,d83e711e978231810569d531e27ee679,pedestrian,1.0,13.18,A,0.425,0.52735,-0.10235,False
ecp,d83e711e978231810569d531e27ee679,pedestrian,1.0,5.98,A,0.7778,0.625,0.15280000000000005,True
ecp,d83e711e978231810569d531e27ee679,pedestrian,1.0,9.98,A,0.75,0.625,0.125,True
ecp,d83e711e978231810569d531e27ee679,pedestrian,1.0,6.44,A,0.7656,0.625,0.14059999999999995,True
ecp,d83e711e978231810569d531e27ee679,pedestrian,1.0,7.04,A,0.4583,0.625,-0.16670000000000001,False
ecp,d83e711e978231810569d531e27ee679,pedestrian,1.0,6.69,A,0.125,0.625,-0.5,False
ecp,d83e711e978231810569d531e27ee679,pedestrian,1.0,3.19,A,0.5729,0.6381,-0.06520000000000004,False
ecp,d83e711e978231810569d531e27ee679,pedestrian,1.0,6.59,A,0.8272,0.625,0.20220000000000005,True
ecp,d83e711e978231810569d531e27ee679,bicycle,0.8241757750511169,4.82,A,0.3457,0.6381,-0.2924,False
ecp,5b45223aae0b9a5765425d5b8b6057fd,pedestrian,1.0,18.34,B,0.0,0.3519,-0.3519,False
ecp,5b45223aae0b9a5765425d5b8b6057fd,motorcycle,0.6908212304115295,23.57,B,0.6054,0.2563,0.3491000000000001,True
ecp,5b45223aae0b9a5765425d5b8b6057fd,motorcycle,0.6444444060325623,26.7,B,0.0965,0.19875,-0.10225000000000001,False
ecp,5b45223aae0b9a5765425d5b8b6057fd,pedestrian,1.0,22.34,B,0.0,0.2563,-0.2563,False
ecp,5b45223aae0b9a5765425d5b8b6057fd,pedestrian,1.0,15.09,B,0.3281,0.3519,-0.023799999999999988,False
ecp,5b45223aae0b9a5765425d5b8b6057fd,pedestrian,1.0,37.08,C,0.0635,0.0312,0.0323,False
ecp,5b45223aae0b9a5765425d5b8b6057fd,pedestrian,1.0,15.51,B,0.4583,0.3519,0.1064,True
ecp,5b45223aae0b9a5765425d5b8b6057fd,pedestrian,1.0,16.03,B,0.2708,0.3519,-0.0811,False
ecp,5b45223aae0b9a5765425d5b8b6057fd,pedestrian,1.0,14.77,A,0.0667,0.52735,-0.46065,False
ecp,5b45223aae0b9a5765425d5b8b6057fd,pedestrian,1.0,31.45,C,0.1389,0.075,0.0639,True
ecp,5b45223aae0b9a5765425d5b8b6057fd,pedestrian,1.0,30.32,C,0.0,0.075,-0.075,False
ecp,5b45223aae0b9a5765425d5b8b6057fd,pedestrian,1.0,16.15,B,0.4375,0.3519,0.08560000000000001,True
ecp,5b45223aae0b9a5765425d5b8b6057fd,bicycle,0.6213017702102661,24.0,B,0.125,0.2563,-0.13129999999999997,False
ecp,5b45223aae0b9a5765425d5b8b6057fd,bicycle,0.5114504098892212,30.6,C,0.3605,0.075,0.2855,True
ecp,5b45223aae0b9a5765425d5b8b6057fd,motorcycle,0.7815700173377991,23.49,B,0.6335,0.2563,0.3772,True
ecp,5b45223aae0b9a5765425d5b8b6057fd,motorcycle,0.8324607610702515,22.49,B,0.6404,0.2563,0.3841,True
ecp,5b45223aae0b9a5765425d5b8b6057fd,pedestrian,1.0,15.49,B,0.4688,0.3519,0.1169,True
ecp,5b45223aae0b9a5765425d5b8b6057fd,pedestrian,1.0,24.02,B,0.025,0.2563,-0.23129999999999998,False
ecp,5b45223aae0b9a5765425d5b8b6057fd,pedestrian,1.0,18.28,B,0.0,0.3519,-0.3519,False
ecp,5b45223aae0b9a5765425d5b8b6057fd,pedestrian,1.0,16.05,B,0.3958,0.3519,0.043899999999999995,False
ecp,5b45223aae0b9a5765425d5b8b6057fd,pedestrian,1.0,5.32,A,0.6562,0.625,0.031200000000000006,False
ecp,5b45223aae0b9a5765425d5b8b6057fd,pedestrian,1.0,6.18,A,0.3036,0.625,-0.3214,False
ecp,5b45223aae0b9a5765425d5b8b6057fd,pedestrian,1.0,4.9,A,0.5357,0.6381,-0.10240000000000005,False
ecp,5b45223aae0b9a5765425d5b8b6057fd,pedestrian,1.0,10.32,A,0.4643,0.52735,-0.06305,False
ecp,5b45223aae0b9a5765425d5b8b6057fd,pedestrian,1.0,5.92,A,0.5397,0.625,-0.08530000000000004,False
ecp,5b45223aae0b9a5765425d5b8b6057fd,pedestrian,1.0,10.64,A,0.25,0.52735,-0.27735,False
ecp,5b45223aae0b9a5765425d5b8b6057fd,pedestrian,1.0,4.45,A,0.5536,0.6381,-0.08450000000000002,False
ecp,5b45223aae0b9a5765425d5b8b6057fd,pedestrian,1.0,6.52,A,0.5312,0.625,-0.0938,False
ecp,5b45223aae0b9a5765425d5b8b6057fd,pedestrian,1.0,6.55,A,0.2679,0.625,-0.3571,False
ecp,5b45223aae0b9a5765425d5b8b6057fd,bicycle,0.8632478713989258,8.22,A,0.5886,0.625,-0.03639999999999999,False
ecp,5b45223aae0b9a5765425d5b8b6057fd,bicycle,0.6404494643211365,12.51,A,0.4219,0.52735,-0.10544999999999999,False
ecp,5b45223aae0b9a5765425d5b8b6057fd,bicycle,0.6640419960021973,9.68,A,0.425,0.625,-0.2,False
ecp,57fd5261eb4cacd5b8744ed2dbe4d862,car,0.8865247964859009,21.54,B,0.4948,0.2563,0.23850000000000005,True
ecp,57fd5261eb4cacd5b8744ed2dbe4d862,pedestrian,1.0,24.5,B,0.3571,0.2563,0.1008,True
ecp,57fd5261eb4cacd5b8744ed2dbe4d862,pedestrian,1.0,16.54,B,0.7031,0.3519,0.35119999999999996,True
ecp,57fd5261eb4cacd5b8744ed2dbe4d862,pedestrian,1.0,33.08,C,0.0833,0.075,0.008300000000000002,False
ecp,57fd5261eb4cacd5b8744ed2dbe4d862,pedestrian,1.0,6.54,A,0.3929,0.625,-0.23209999999999997,False
ecp,57fd5261eb4cacd5b8744ed2dbe4d862,pedestrian,1.0,34.33,C,0.0,0.075,-0.075,False
ecp,57fd5261eb4cacd5b8744ed2dbe4d862,pedestrian,1.0,9.35,A,0.8214,0.625,0.19640000000000002,True
ecp,57fd5261eb4cacd5b8744ed2dbe4d862,pedestrian,1.0,30.48,C,0.0625,0.075,-0.012499999999999997,False
ecp,57fd5261eb4cacd5b8744ed2dbe4d862,pedestrian,1.0,26.68,B,0.1875,0.19875,-0.01125000000000001,False
ecp,57fd5261eb4cacd5b8744ed2dbe4d862,bicycle,0.7770034670829773,24.16,B,0.7417,0.2563,0.48540000000000005,True
ecp,57fd5261eb4cacd5b8744ed2dbe4d862,motorcycle,0.6640419960021973,20.92,B,0.6167,0.2563,0.36040000000000005,True
ecp,57fd5261eb4cacd5b8744ed2dbe4d862,motorcycle,0.6683937907218933,17.43,B,0.5949,0.3519,0.243,True
ecp,57fd5261eb4cacd5b8744ed2dbe4d862,motorcycle,0.5428571701049805,19.53,B,0.5357,0.3519,0.18379999999999996,True
ecp,57fd5261eb4cacd5b8744ed2dbe4d862,motorcycle,0.6908212304115295,22.66,B,0.8317,0.2563,0.5754,True
ecp,57fd5261eb4cacd5b8744ed2dbe4d862,motorcycle,0.827957034111023,16.88,B,0.807,0.3519,0.45510000000000006,True
ecp,57fd5261eb4cacd5b8744ed2dbe4d862,pedestrian,1.0,6.45,A,0.7475,0.625,0.12250000000000005,True
ecp,57fd5261eb4cacd5b8744ed2dbe4d862,pedestrian,1.0,14.72,A,0.7619,0.52735,0.23455000000000004,True
ecp,57fd5261eb4cacd5b8744ed2dbe4d862,pedestrian,1.0,9.44,A,0.6964,0.625,0.07140000000000002,True
ecp,57fd5261eb4cacd5b8744ed2dbe4d862,pedestrian,1.0,29.18,B,0.5,0.19875,0.30125,True
ecp,57fd5261eb4cacd5b8744ed2dbe4d862,pedestrian,1.0,9.43,A,0.7639,0.625,0.13890000000000002,True
ecp,57fd5261eb4cacd5b8744ed2dbe4d862,pedestrian,1.0,6.46,A,0.6667,0.625,0.04169999999999996,False
ecp,57fd5261eb4cacd5b8744ed2dbe4d862,pedestrian,1.0,14.84,A,0.625,0.52735,0.09765000000000001,True
ecp,57fd5261eb4cacd5b8744ed2dbe4d862,pedestrian,1.0,8.44,A,0.8333,0.625,0.20830000000000004,True
ecp,57fd5261eb4cacd5b8744ed2dbe4d862,pedestrian,1.0,15.49,B,0.4167,0.3519,0.06480000000000002,True
ecp,57fd5261eb4cacd5b8744ed2dbe4d862,pedestrian,1.0,10.62,A,0.6944,0.52735,0.16705000000000003,True
ecp,57fd5261eb4cacd5b8744ed2dbe4d862,pedestrian,1.0,15.2,B,0.3889,0.3519,0.03700000000000003,False
ecp,57fd5261eb4cacd5b8744ed2dbe4d862,pedestrian,1.0,8.92,A,0.6806,0.625,0.05559999999999998,True
ecp,57fd5261eb4cacd5b8744ed2dbe4d862,pedestrian,1.0,8.86,A,1.0,0.625,0.375,True
ecp,57fd5261eb4cacd5b8744ed2dbe4d862,pedestrian,1.0,18.73,B,0.0,0.3519,-0.3519,False
ecp,57fd5261eb4cacd5b8744ed2dbe4d862,pedestrian,1.0,17.96,B,0.0,0.3519,-0.3519,False
ecp,57fd5261eb4cacd5b8744ed2dbe4d862,bicycle,0.7852349281311035,14.7,A,0.3559,0.52735,-0.17145,False
ecp,57fd5261eb4cacd5b8744ed2dbe4d862,bicycle,0.7887788414955139,11.04,A,0.53,0.52735,0.002650000000000041,False
nuscenes_mini,ca9a282c9e77460f8360f564131a8af5,pedestrian,1.0,47.15,C,0.0,0.0,0.0,False
nuscenes_mini,ca9a282c9e77460f8360f564131a8af5,pedestrian,1.0,41.56,C,0.0,0.0,0.0,False
nuscenes_mini,ca9a282c9e77460f8360f564131a8af5,pedestrian,1.0,17.86,B,0.0278,0.039599999999999996,-0.011799999999999998,False
nuscenes_mini,ca9a282c9e77460f8360f564131a8af5,pedestrian,1.0,13.42,A,0.1458,0.0864,0.05940000000000001,True
nuscenes_mini,ca9a282c9e77460f8360f564131a8af5,car,0.8632478713989258,38.32,C,0.0,0.0,0.0,False
nuscenes_mini,ca9a282c9e77460f8360f564131a8af5,car,0.8787879347801208,36.44,C,0.0,0.0,0.0,False
nuscenes_mini,ca9a282c9e77460f8360f564131a8af5,car,0.8709677457809448,41.41,C,0.0,0.0,0.0,False
nuscenes_mini,ca9a282c9e77460f8360f564131a8af5,truck,0.5936508178710938,43.42,C,0.0,0.0,0.0,False
nuscenes_mini,ca9a282c9e77460f8360f564131a8af5,trailer,0.8324607610702515,15.88,B,0.055,0.039599999999999996,0.015400000000000004,False
nuscenes_mini,ca9a282c9e77460f8360f564131a8af5,pedestrian,1.0,18.11,B,0.0833,0.039599999999999996,0.0437,False
nuscenes_mini,ca9a282c9e77460f8360f564131a8af5,construction_vehicle,0.5747508406639099,13.83,A,0.0882,0.0864,0.001799999999999996,False
nuscenes_mini,ca9a282c9e77460f8360f564131a8af5,car,0.5704697966575623,53.93,C,0.0,0.0,0.0,False
nuscenes_mini,ca9a282c9e77460f8360f564131a8af5,pedestrian,1.0,14.81,A,0.0123,0.0864,-0.0741,False
nuscenes_mini,ca9a282c9e77460f8360f564131a8af5,pedestrian,1.0,13.17,A,0.025,0.0864,-0.0614,False
nuscenes_mini,ca9a282c9e77460f8360f564131a8af5,pedestrian,1.0,12.66,A,0.0972,0.0864,0.01079999999999999,False
nuscenes_mini,ca9a282c9e77460f8360f564131a8af5,pedestrian,1.0,13.94,A,0.0317,0.0864,-0.054700000000000006,False
nuscenes_mini,ca9a282c9e77460f8360f564131a8af5,car,0.921951174736023,21.23,B,0.019,0.0156,0.0034000000000000002,False
nuscenes_mini,ca9a282c9e77460f8360f564131a8af5,car,0.6213017702102661,42.61,C,0.0,0.0,0.0,False
nuscenes_mini,ca9a282c9e77460f8360f564131a8af5,truck,0.5428571701049805,43.94,C,0.0,0.0,0.0,False
nuscenes_mini,ca9a282c9e77460f8360f564131a8af5,pedestrian,1.0,28.71,B,0.0,0.0027,-0.0027,False
nuscenes_mini,ca9a282c9e77460f8360f564131a8af5,pedestrian,1.0,21.59,B,0.0,0.0156,-0.0156,False
nuscenes_mini,ca9a282c9e77460f8360f564131a8af5,pedestrian,1.0,34.02,C,0.0,0.0,0.0,False
nuscenes_mini,ca9a282c9e77460f8360f564131a8af5,pedestrian,1.0,48.34,C,0.0,0.0,0.0,False
nuscenes_mini,ca9a282c9e77460f8360f564131a8af5,pedestrian,1.0,32.61,C,0.0,0.0,0.0,False
nuscenes_mini,ca9a282c9e77460f8360f564131a8af5,pedestrian,1.0,40.67,C,0.0,0.0,0.0,False
nuscenes_mini,39586f9d59004284a7114a68825e8eec,pedestrian,1.0,35.3,C,0.0,0.0,0.0,False
nuscenes_mini,39586f9d59004284a7114a68825e8eec,pedestrian,1.0,13.43,A,0.0357,0.0864,-0.0507,False
nuscenes_mini,39586f9d59004284a7114a68825e8eec,pedestrian,1.0,42.0,C,0.0,0.0,0.0,False
nuscenes_mini,39586f9d59004284a7114a68825e8eec,car,0.7852349281311035,46.47,C,0.0,0.0,0.0,False
nuscenes_mini,39586f9d59004284a7114a68825e8eec,car,0.7620818018913269,43.56,C,0.0,0.0,0.0,False
nuscenes_mini,39586f9d59004284a7114a68825e8eec,car,0.8787879347801208,35.77,C,0.0,0.0,0.0,False
nuscenes_mini,39586f9d59004284a7114a68825e8eec,car,0.8672199249267578,43.79,C,0.0,0.0,0.0,False
nuscenes_mini,39586f9d59004284a7114a68825e8eec,car,0.8827838897705078,32.22,C,0.0005,0.0,0.0005,False
nuscenes_mini,39586f9d59004284a7114a68825e8eec,trailer,0.7460317611694336,11.57,A,0.0774,0.0864,-0.009000000000000008,False
nuscenes_mini,39586f9d59004284a7114a68825e8eec,pedestrian,1.0,16.83,B,0.0341,0.039599999999999996,-0.005499999999999998,False
nuscenes_mini,39586f9d59004284a7114a68825e8eec,construction_vehicle,0.7575758099555969,9.53,A,0.118,0.1481,-0.030100000000000016,False
nuscenes_mini,39586f9d59004284a7114a68825e8eec,pedestrian,1.0,44.66,C,0.0,0.0,0.0,False
nuscenes_mini,39586f9d59004284a7114a68825e8eec,pedestrian,1.0,37.65,C,0.037,0.0,0.037,False
nuscenes_mini,39586f9d59004284a7114a68825e8eec,car,0.5540069937705994,52.91,C,0.0,0.0,0.0,False
nuscenes_mini,39586f9d59004284a7114a68825e8eec,car,0.6952381134033203,53.47,C,0.0,0.0,0.0,False
nuscenes_mini,39586f9d59004284a7114a68825e8eec,pedestrian,1.0,51.51,C,0.0,0.0,0.0,False
nuscenes_mini,39586f9d59004284a7114a68825e8eec,pedestrian,1.0,17.41,B,0.0593,0.039599999999999996,0.019700000000000002,False
nuscenes_mini,39586f9d59004284a7114a68825e8eec,pedestrian,1.0,18.34,B,0.0312,0.039599999999999996,-0.008399999999999998,False
nuscenes_mini,39586f9d59004284a7114a68825e8eec,pedestrian,1.0,39.57,C,0.0089,0.0,0.0089,False
nuscenes_mini,39586f9d59004284a7114a68825e8eec,pedestrian,1.0,16.98,B,0.0385,0.039599999999999996,-0.0010999999999999968,False
nuscenes_mini,39586f9d59004284a7114a68825e8eec,pedestrian,1.0,28.43,B,0.0,0.0027,-0.0027,False
nuscenes_mini,39586f9d59004284a7114a68825e8eec,pedestrian,1.0,16.83,B,0.0417,0.039599999999999996,0.0021000000000000046,False
nuscenes_mini,39586f9d59004284a7114a68825e8eec,pedestrian,1.0,24.14,B,0.0,0.0156,-0.0156,False
nuscenes_mini,39586f9d59004284a7114a68825e8eec,bicycle,0.7104072570800781,19.61,B,0.1053,0.039599999999999996,0.06570000000000001,True
nuscenes_mini,39586f9d59004284a7114a68825e8eec,pedestrian,1.0,40.24,C,0.0,0.0,0.0,False
nuscenes_mini,39586f9d59004284a7114a68825e8eec,pedestrian,1.0,25.97,B,0.0,0.0027,-0.0027,False
nuscenes_mini,39586f9d59004284a7114a68825e8eec,pedestrian,1.0,42.07,C,0.0,0.0,0.0,False
nuscenes_mini,39586f9d59004284a7114a68825e8eec,pedestrian,1.0,49.45,C,0.0,0.0,0.0,False
nuscenes_mini,39586f9d59004284a7114a68825e8eec,pedestrian,1.0,34.91,C,0.0,0.0,0.0,False
nuscenes_mini,356d81f38dd9473ba590f39e266f54e5,pedestrian,1.0,38.55,C,0.0,0.0,0.0,False
nuscenes_mini,356d81f38dd9473ba590f39e266f54e5,pedestrian,1.0,46.64,C,0.0,0.0,0.0,False
nuscenes_mini,356d81f38dd9473ba590f39e266f54e5,pedestrian,1.0,8.72,A,0.1429,0.1481,-0.00520000000000001,False
nuscenes_mini,356d81f38dd9473ba590f39e266f54e5,pedestrian,1.0,48.92,C,0.0,0.0,0.0,False
nuscenes_mini,356d81f38dd9473ba590f39e266f54e5,car,0.8904109597206116,28.01,B,0.0373,0.0027,0.0346,False
nuscenes_mini,356d81f38dd9473ba590f39e266f54e5,car,0.8827838897705078,34.07,C,0.0024,0.0,0.0024,False
nuscenes_mini,356d81f38dd9473ba590f39e266f54e5,car,0.7575758099555969,46.41,C,0.0,0.0,0.0,False
nuscenes_mini,356d81f38dd9473ba590f39e266f54e5,car,0.8750000596046448,44.53,C,0.0,0.0,0.0,False
nuscenes_mini,356d81f38dd9473ba590f39e266f54e5,car,0.6640419960021973,50.36,C,0.0,0.0,0.0,False
nuscenes_mini,356d81f38dd9473ba590f39e266f54e5,truck,0.7460317611694336,41.02,C,0.0005,0.0,0.0005,False
nuscenes_mini,356d81f38dd9473ba590f39e266f54e5,truck,0.7730495929718018,5.67,A,0.2243,0.1481,0.07619999999999999,True
nuscenes_mini,356d81f38dd9473ba590f39e266f54e5,pedestrian,1.0,6.44,A,0.0833,0.1481,-0.06480000000000001,False
nuscenes_mini,356d81f38dd9473ba590f39e266f54e5,trailer,0.8904109597206116,6.86,A,0.127,0.1481,-0.021100000000000008,False
nuscenes_mini,356d81f38dd9473ba590f39e266f54e5,pedestrian,1.0,46.48,C,0.0,0.0,0.0,False
nuscenes_mini,356d81f38dd9473ba590f39e266f54e5,pedestrian,1.0,40.61,C,0.0,0.0,0.0,False
nuscenes_mini,356d81f38dd9473ba590f39e266f54e5,pedestrian,1.0,33.71,C,0.0469,0.0,0.0469,False
nuscenes_mini,356d81f38dd9473ba590f39e266f54e5,car,0.6521739363670349,49.02,C,0.0,0.0,0.0,False
nuscenes_mini,356d81f38dd9473ba590f39e266f54e5,pedestrian,1.0,19.08,B,0.125,0.039599999999999996,0.0854,True
nuscenes_mini,356d81f38dd9473ba590f39e266f54e5,pedestrian,1.0,34.63,C,0.0,0.0,0.0,False
nuscenes_mini,356d81f38dd9473ba590f39e266f54e5,pedestrian,1.0,21.18,B,0.0417,0.0156,0.0261,False
nuscenes_mini,356d81f38dd9473ba590f39e266f54e5,pedestrian,1.0,21.61,B,0.0079,0.0156,-0.0076999999999999985,False
nuscenes_mini,356d81f38dd9473ba590f39e266f54e5,pedestrian,1.0,21.65,B,0.0444,0.0156,0.028800000000000003,False
nuscenes_mini,356d81f38dd9473ba590f39e266f54e5,pedestrian,1.0,55.42,C,0.0,0.0,0.0,False
nuscenes_mini,356d81f38dd9473ba590f39e266f54e5,pedestrian,1.0,38.11,C,0.0,0.0,0.0,False
nuscenes_mini,356d81f38dd9473ba590f39e266f54e5,pedestrian,1.0,44.15,C,0.0,0.0,0.0,False
nuscenes_mini,e0845f5322254dafadbbed75aaa07969,pedestrian,1.0,32.11,C,0.0,0.0,0.0,False
nuscenes_mini,e0845f5322254dafadbbed75aaa07969,car,0.8750000596046448,25.33,B,0.0388,0.0027,0.0361,False
nuscenes_mini,e0845f5322254dafadbbed75aaa07969,car,0.5936508178710938,45.41,C,0.0,0.0,0.0,False
nuscenes_mini,e0845f5322254dafadbbed75aaa07969,car,0.8672199249267578,32.2,C,0.0102,0.0,0.0102,False
nuscenes_mini,e0845f5322254dafadbbed75aaa07969,car,0.8160918951034546,42.4,C,0.0,0.0,0.0,False
nuscenes_mini,e0845f5322254dafadbbed75aaa07969,truck,0.8083832263946533,39.05,C,0.0044,0.0,0.0044,False
nuscenes_mini,e0845f5322254dafadbbed75aaa07969,truck,0.8324607610702515,7.88,A,0.054,0.1481,-0.09410000000000002,False
nuscenes_mini,e0845f5322254dafadbbed75aaa07969,pedestrian,1.0,4.78,A,0.4688,0.1769,0.2919,True
nuscenes_mini,e0845f5322254dafadbbed75aaa07969,trailer,0.7770034670829773,5.31,A,0.2261,0.1481,0.07799999999999999,True
nuscenes_mini,e0845f5322254dafadbbed75aaa07969,pedestrian,1.0,37.9,C,0.0,0.0,0.0,False
nuscenes_mini,e0845f5322254dafadbbed75aaa07969,pedestrian,1.0,44.27,C,0.0,0.0,0.0,False
nuscenes_mini,e0845f5322254dafadbbed75aaa07969,pedestrian,1.0,37.75,C,0.0,0.0,0.0,False
nuscenes_mini,e0845f5322254dafadbbed75aaa07969,pedestrian,1.0,34.07,C,0.0,0.0,0.0,False
nuscenes_mini,e0845f5322254dafadbbed75aaa07969,pedestrian,1.0,30.86,C,0.0625,0.0,0.0625,True
nuscenes_mini,e0845f5322254dafadbbed75aaa07969,car,0.518796980381012,40.87,C,0.0,0.0,0.0,False
nuscenes_mini,e0845f5322254dafadbbed75aaa07969,pedestrian,1.0,27.2,B,0.0,0.0027,-0.0027,False
nuscenes_mini,e0845f5322254dafadbbed75aaa07969,pedestrian,1.0,50.7,C,0.0,0.0,0.0,False
nuscenes_mini,e0845f5322254dafadbbed75aaa07969,pedestrian,1.0,24.66,B,0.0139,0.0156,-0.0017000000000000001,False
nuscenes_mini,e0845f5322254dafadbbed75aaa07969,pedestrian,1.0,25.71,B,0.0104,0.0027,0.007699999999999999,False
nuscenes_mini,e0845f5322254dafadbbed75aaa07969,pedestrian,1.0,25.88,B,0.0089,0.0027,0.0062,False
nuscenes_mini,e0845f5322254dafadbbed75aaa07969,pedestrian,1.0,4.34,A,0.0,0.1769,-0.1769,False
nuscenes_mini,e0845f5322254dafadbbed75aaa07969,trailer,0.8324607610702515,3.98,A,0.333,0.1769,0.15610000000000002,True
nuscenes_mini,e0845f5322254dafadbbed75aaa07969,pedestrian,1.0,17.51,B,0.5714,0.039599999999999996,0.5318,True
nuscenes_mini,e0845f5322254dafadbbed75aaa07969,pedestrian,1.0,45.72,C,0.0,0.0,0.0,False
nuscenes_mini,e0845f5322254dafadbbed75aaa07969,pedestrian,1.0,24.87,B,0.1429,0.0156,0.1273,True
nuscenes_mini,e0845f5322254dafadbbed75aaa07969,pedestrian,1.0,41.23,C,0.0,0.0,0.0,False
nuscenes_mini,c923fe08b2ff4e27975d2bf30934383b,pedestrian,1.0,49.06,C,0.0,0.0,0.0,False
nuscenes_mini,c923fe08b2ff4e27975d2bf30934383b,pedestrian,1.0,49.03,C,0.0,0.0,0.0,False
nuscenes_mini,c923fe08b2ff4e27975d2bf30934383b,pedestrian,1.0,47.91,C,0.0,0.0,0.0,False
nuscenes_mini,c923fe08b2ff4e27975d2bf30934383b,pedestrian,1.0,50.15,C,0.0,0.0,0.0,False
nuscenes_mini,c923fe08b2ff4e27975d2bf30934383b,pedestrian,1.0,43.41,C,0.0,0.0,0.0,False
nuscenes_mini,c923fe08b2ff4e27975d2bf30934383b,car,0.9024390578269958,22.9,B,0.0883,0.0156,0.0727,True
nuscenes_mini,c923fe08b2ff4e27975d2bf30934383b,car,0.8904109597206116,30.69,C,0.0061,0.0,0.0061,False
nuscenes_mini,c923fe08b2ff4e27975d2bf30934383b,car,0.6640419960021973,52.08,C,0.0,0.0,0.0,False
nuscenes_mini,c923fe08b2ff4e27975d2bf30934383b,truck,0.8518518805503845,37.03,C,0.0054,0.0,0.0054,False
nuscenes_mini,c923fe08b2ff4e27975d2bf30934383b,construction_vehicle,0.7697842121124268,5.02,A,0.1129,0.1481,-0.03520000000000001,False
nuscenes_mini,c923fe08b2ff4e27975d2bf30934383b,pedestrian,1.0,28.53,B,0.0469,0.0027,0.044199999999999996,False
nuscenes_mini,c923fe08b2ff4e27975d2bf30934383b,pedestrian,1.0,46.76,C,0.0,0.0,0.0,False
nuscenes_mini,c923fe08b2ff4e27975d2bf30934383b,pedestrian,1.0,43.34,C,0.0,0.0,0.0,False
nuscenes_mini,c923fe08b2ff4e27975d2bf30934383b,pedestrian,1.0,30.54,C,0.125,0.0,0.125,True
nuscenes_mini,c923fe08b2ff4e27975d2bf30934383b,pedestrian,1.0,35.44,C,0.0,0.0,0.0,False
nuscenes_mini,c923fe08b2ff4e27975d2bf30934383b,pedestrian,1.0,40.83,C,0.0,0.0,0.0,False
nuscenes_mini,c923fe08b2ff4e27975d2bf30934383b,pedestrian,1.0,32.58,C,0.0,0.0,0.0,False
nuscenes_mini,c923fe08b2ff4e27975d2bf30934383b,pedestrian,1.0,50.23,C,0.0,0.0,0.0,False
nuscenes_mini,c923fe08b2ff4e27975d2bf30934383b,car,0.8439024686813354,40.97,C,0.0,0.0,0.0,False
nuscenes_mini,c923fe08b2ff4e27975d2bf30934383b,pedestrian,1.0,28.43,B,0.0,0.0027,-0.0027,False
nuscenes_mini,c923fe08b2ff4e27975d2bf30934383b,pedestrian,1.0,29.53,B,0.0179,0.0027,0.015199999999999998,False
nuscenes_mini,c923fe08b2ff4e27975d2bf30934383b,pedestrian,1.0,29.91,B,0.0,0.0027,-0.0027,False
nuscenes_mini,c923fe08b2ff4e27975d2bf30934383b,pedestrian,1.0,5.24,A,0.0,0.1481,-0.1481,False
nuscenes_mini,c923fe08b2ff4e27975d2bf30934383b,pedestrian,1.0,2.37,A,0.4286,0.1769,0.2517,True
nuscenes_mini,c923fe08b2ff4e27975d2bf30934383b,trailer,0.6683937907218933,4.05,A,0.2734,0.1769,0.09649999999999997,True
nuscenes_mini,c923fe08b2ff4e27975d2bf30934383b,pedestrian,1.0,47.82,C,0.0,0.0,0.0,False
nuscenes_mini,c923fe08b2ff4e27975d2bf30934383b,pedestrian,1.0,44.72,C,0.0,0.0,0.0,False
nuscenes_mini,f1e3d9d08f044c439ce86a2d6fcca57b,pedestrian,1.0,47.02,C,0.0,0.0,0.0,False
nuscenes_mini,f1e3d9d08f044c439ce86a2d6fcca57b,pedestrian,1.0,46.18,C,0.0,0.0,0.0,False
nuscenes_mini,f1e3d9d08f044c439ce86a2d6fcca57b,pedestrian,1.0,44.91,C,0.0,0.0,0.0,False
nuscenes_mini,f1e3d9d08f044c439ce86a2d6fcca57b,pedestrian,1.0,46.04,C,0.0,0.0,0.0,False
nuscenes_mini,f1e3d9d08f044c439ce86a2d6fcca57b,car,0.8750000596046448,29.5,B,0.0028,0.0027,9.999999999999983e-05,False
nuscenes_mini,f1e3d9d08f044c439ce86a2d6fcca57b,car,0.9101123809814452,21.1,B,0.1206,0.0156,0.105,True
nuscenes_mini,f1e3d9d08f044c439ce86a2d6fcca57b,car,0.6908212304115295,49.32,C,0.0,0.0,0.0,False
nuscenes_mini,f1e3d9d08f044c439ce86a2d6fcca57b,car,0.859649121761322,46.82,C,0.0,0.0,0.0,False
nuscenes_mini,f1e3d9d08f044c439ce86a2d6fcca57b,truck,0.8324607610702515,36.0,C,0.0088,0.0,0.0088,False
nuscenes_mini,f1e3d9d08f044c439ce86a2d6fcca57b,pedestrian,1.0,28.18,B,0.1,0.0027,0.09730000000000001,True
nuscenes_mini,f1e3d9d08f044c439ce86a2d6fcca57b,pedestrian,1.0,47.11,C,0.0,0.0,0.0,False
nuscenes_mini,f1e3d9d08f044c439ce86a2d6fcca57b,pedestrian,1.0,26.96,B,0.3214,0.0027,0.31870000000000004,True
nuscenes_mini,f1e3d9d08f044c439ce86a2d6fcca57b,pedestrian,1.0,43.47,C,0.0,0.0,0.0,False
nuscenes_mini,f1e3d9d08f044c439ce86a2d6fcca57b,pedestrian,1.0,33.17,C,0.0833,0.0,0.0833,True
nuscenes_mini,f1e3d9d08f044c439ce86a2d6fcca57b,pedestrian,1.0,29.61,B,0.0833,0.0027,0.0806,True
nuscenes_mini,f1e3d9d08f044c439ce86a2d6fcca57b,pedestrian,1.0,33.06,C,0.0625,0.0,0.0625,True
nuscenes_mini,f1e3d9d08f044c439ce86a2d6fcca57b,pedestrian,1.0,3.9,A,0.2593,0.1769,0.08239999999999997,True
nuscenes_mini,f1e3d9d08f044c439ce86a2d6fcca57b,pedestrian,1.0,47.34,C,0.0,0.0,0.0,False
nuscenes_mini,f1e3d9d08f044c439ce86a2d6fcca57b,pedestrian,1.0,31.72,C,0.0,0.0,0.0,False
nuscenes_mini,f1e3d9d08f044c439ce86a2d6fcca57b,pedestrian,1.0,33.38,C,0.0,0.0,0.0,False
nuscenes_mini,f1e3d9d08f044c439ce86a2d6fcca57b,pedestrian,1.0,19.17,B,0.0476,0.039599999999999996,0.008000000000000007,False
nuscenes_mini,f1e3d9d08f044c439ce86a2d6fcca57b,pedestrian,1.0,32.94,C,0.0,0.0,0.0,False
nuscenes_mini,f1e3d9d08f044c439ce86a2d6fcca57b,truck,0.8439024686813354,4.78,A,0.1391,0.1769,-0.0378,False
nuscenes_mini,f1e3d9d08f044c439ce86a2d6fcca57b,pedestrian,1.0,49.45,C,0.0,0.0,0.0,False
nuscenes_mini,f1e3d9d08f044c439ce86a2d6fcca57b,pedestrian,1.0,47.61,C,0.0,0.0,0.0,False
nuscenes_mini,4f545737bf3347fbbc9af60b0be9a963,pedestrian,1.0,36.75,C,0.0,0.0,0.0,False
nuscenes_mini,4f545737bf3347fbbc9af60b0be9a963,pedestrian,1.0,43.11,C,0.0,0.0,0.0,False
nuscenes_mini,4f545737bf3347fbbc9af60b0be9a963,pedestrian,1.0,41.95,C,0.0,0.0,0.0,False
nuscenes_mini,4f545737bf3347fbbc9af60b0be9a963,pedestrian,1.0,42.89,C,0.0,0.0,0.0,False
nuscenes_mini,4f545737bf3347fbbc9af60b0be9a963,car,0.8552036285400391,27.72,B,0.0,0.0027,-0.0027,False
nuscenes_mini,4f545737bf3347fbbc9af60b0be9a963,car,0.8904109597206116,19.86,B,0.2025,0.039599999999999996,0.16290000000000002,True
nuscenes_mini,4f545737bf3347fbbc9af60b0be9a963,car,0.8160918951034546,46.84,C,0.0,0.0,0.0,False
nuscenes_mini,4f545737bf3347fbbc9af60b0be9a963,truck,0.8012422323226929,35.06,C,0.0014,0.0,0.0014,False
nuscenes_mini,4f545737bf3347fbbc9af60b0be9a963,pedestrian,1.0,43.89,C,0.0,0.0,0.0,False
nuscenes_mini,4f545737bf3347fbbc9af60b0be9a963,pedestrian,1.0,31.07,C,0.0,0.0,0.0,False
nuscenes_mini,4f545737bf3347fbbc9af60b0be9a963,pedestrian,1.0,33.78,C,0.0,0.0,0.0,False
nuscenes_mini,4f545737bf3347fbbc9af60b0be9a963,pedestrian,1.0,26.67,B,0.1042,0.0027,0.1015,True
nuscenes_mini,4f545737bf3347fbbc9af60b0be9a963,pedestrian,1.0,27.65,B,0.1406,0.0027,0.1379,True
nuscenes_mini,4f545737bf3347fbbc9af60b0be9a963,pedestrian,1.0,27.27,B,0.0714,0.0027,0.06870000000000001,True
nuscenes_mini,4f545737bf3347fbbc9af60b0be9a963,pedestrian,1.0,26.25,B,0.0893,0.0027,0.08660000000000001,True
nuscenes_mini,4f545737bf3347fbbc9af60b0be9a963,car,0.9024390578269958,18.58,B,0.2042,0.039599999999999996,0.1646,True
nuscenes_mini,4f545737bf3347fbbc9af60b0be9a963,car,0.8827838897705078,46.05,C,0.0,0.0,0.0,False
nuscenes_mini,4f545737bf3347fbbc9af60b0be9a963,pedestrian,1.0,11.2,A,0.0,0.0864,-0.0864,False
nuscenes_mini,4f545737bf3347fbbc9af60b0be9a963,pedestrian,1.0,7.17,A,0.1528,0.1481,0.004699999999999982,False
nuscenes_mini,4f545737bf3347fbbc9af60b0be9a963,pedestrian,1.0,35.18,C,0.0,0.0,0.0,False
nuscenes_mini,4f545737bf3347fbbc9af60b0be9a963,pedestrian,1.0,39.0,C,0.0,0.0,0.0,False
nuscenes_mini,4f545737bf3347fbbc9af60b0be9a963,pedestrian,1.0,54.09,C,0.0,0.0,0.0,False
nuscenes_mini,4f545737bf3347fbbc9af60b0be9a963,pedestrian,1.0,36.98,C,0.0,0.0,0.0,False
nuscenes_mini,4f545737bf3347fbbc9af60b0be9a963,pedestrian,1.0,36.44,C,0.0,0.0,0.0,False
nuscenes_mini,4f545737bf3347fbbc9af60b0be9a963,truck,0.9298245906829834,8.66,A,0.0737,0.1481,-0.07440000000000001,False
nuscenes_mini,4f545737bf3347fbbc9af60b0be9a963,pedestrian,1.0,20.09,B,0.0,0.0156,-0.0156,False
nuscenes_mini,4f545737bf3347fbbc9af60b0be9a963,construction_vehicle,0.5276752710342407,7.35,A,0.077,0.1481,-0.07110000000000001,False
nuscenes_mini,4f545737bf3347fbbc9af60b0be9a963,pedestrian,1.0,50.97,C,0.0,0.0,0.0,False
nuscenes_mini,4f545737bf3347fbbc9af60b0be9a963,pedestrian,1.0,51.62,C,0.0,0.0,0.0,False
nuscenes_mini,4f545737bf3347fbbc9af60b0be9a963,pedestrian,1.0,26.03,B,0.0833,0.0027,0.0806,True
nuscenes_mini,7626dde27d604ac28a0240bdd54eba7a,pedestrian,1.0,48.06,C,0.0,0.0,0.0,False
nuscenes_mini,7626dde27d604ac28a0240bdd54eba7a,pedestrian,1.0,32.59,C,0.0,0.0,0.0,False
nuscenes_mini,7626dde27d604ac28a0240bdd54eba7a,pedestrian,1.0,39.54,C,0.0,0.0,0.0,False
nuscenes_mini,7626dde27d604ac28a0240bdd54eba7a,pedestrian,1.0,38.43,C,0.0,0.0,0.0,False
nuscenes_mini,7626dde27d604ac28a0240bdd54eba7a,pedestrian,1.0,39.57,C,0.0,0.0,0.0,False
nuscenes_mini,7626dde27d604ac28a0240bdd54eba7a,pedestrian,1.0,42.72,C,0.0,0.0,0.0,False
nuscenes_mini,7626dde27d604ac28a0240bdd54eba7a,car,0.8827838897705078,25.88,B,0.0057,0.0027,0.003,False
nuscenes_mini,7626dde27d604ac28a0240bdd54eba7a,car,0.9139785170555116,19.06,B,0.126,0.039599999999999996,0.0864,True
nuscenes_mini,7626dde27d604ac28a0240bdd54eba7a,car,0.8324607610702515,49.68,C,0.0,0.0,0.0,False
nuscenes_mini,7626dde27d604ac28a0240bdd54eba7a,truck,0.8241757750511169,34.23,C,0.0073,0.0,0.0073,False
nuscenes_mini,7626dde27d604ac28a0240bdd54eba7a,motorcycle,0.8358974456787109,44.01,C,0.0,0.0,0.0,False
nuscenes_mini,7626dde27d604ac28a0240bdd54eba7a,pedestrian,1.0,29.14,B,0.0333,0.0027,0.030600000000000002,False
nuscenes_mini,7626dde27d604ac28a0240bdd54eba7a,pedestrian,1.0,24.59,B,0.0833,0.0156,0.0677,True
nuscenes_mini,7626dde27d604ac28a0240bdd54eba7a,pedestrian,1.0,37.8,C,0.0,0.0,0.0,False
nuscenes_mini,7626dde27d604ac28a0240bdd54eba7a,pedestrian,1.0,28.7,B,0.0,0.0027,-0.0027,False
nuscenes_mini,7626dde27d604ac28a0240bdd54eba7a,pedestrian,1.0,25.7,B,0.0,0.0027,-0.0027,False
nuscenes_mini,7626dde27d604ac28a0240bdd54eba7a,pedestrian,1.0,40.26,C,0.0,0.0,0.0,False
nuscenes_mini,7626dde27d604ac28a0240bdd54eba7a,pedestrian,1.0,33.9,C,0.0,0.0,0.0,False
nuscenes_mini,7626dde27d604ac28a0240bdd54eba7a,pedestrian,1.0,31.02,C,0.0,0.0,0.0,False
nuscenes_mini,7626dde27d604ac28a0240bdd54eba7a,pedestrian,1.0,25.72,B,0.05,0.0027,0.0473,False
nuscenes_mini,7626dde27d604ac28a0240bdd54eba7a,pedestrian,1.0,25.08,B,0.2143,0.0027,0.21159999999999998,True
nuscenes_mini,7626dde27d604ac28a0240bdd54eba7a,car,0.9139785170555116,18.42,B,0.1341,0.039599999999999996,0.0945,True
nuscenes_mini,7626dde27d604ac28a0240bdd54eba7a,car,0.859649121761322,43.84,C,0.0,0.0,0.0,False
nuscenes_mini,7626dde27d604ac28a0240bdd54eba7a,car,0.7968254089355469,47.46,C,0.0,0.0,0.0,False
nuscenes_mini,7626dde27d604ac28a0240bdd54eba7a,pedestrian,1.0,10.94,A,0.1111,0.0864,0.0247,False
nuscenes_mini,7626dde27d604ac28a0240bdd54eba7a,pedestrian,1.0,40.44,C,0.0,0.0,0.0,False
nuscenes_mini,7626dde27d604ac28a0240bdd54eba7a,pedestrian,1.0,38.21,C,0.0,0.0,0.0,False
nuscenes_mini,7626dde27d604ac28a0240bdd54eba7a,pedestrian,1.0,40.85,C,0.0,0.0,0.0,False
nuscenes_mini,7626dde27d604ac28a0240bdd54eba7a,truck,0.9375000596046448,11.67,A,0.0551,0.0864,-0.0313,False
nuscenes_mini,7626dde27d604ac28a0240bdd54eba7a,pedestrian,1.0,22.05,B,0.0,0.0156,-0.0156,False
nuscenes_mini,7626dde27d604ac28a0240bdd54eba7a,pedestrian,1.0,30.79,C,0.0,0.0,0.0,False
nuscenes_mini,be99ffc878b24aca8956bbb4e0f97d0c,pedestrian,1.0,36.6,C,0.0,0.0,0.0,False
nuscenes_mini,be99ffc878b24aca8956bbb4e0f97d0c,pedestrian,1.0,29.11,B,0.0,0.0027,-0.0027,False
nuscenes_mini,be99ffc878b24aca8956bbb4e0f97d0c,pedestrian,1.0,36.61,C,0.0,0.0,0.0,False
nuscenes_mini,be99ffc878b24aca8956bbb4e0f97d0c,pedestrian,1.0,35.6,C,0.0,0.0,0.0,False
nuscenes_mini,be99ffc878b24aca8956bbb4e0f97d0c,pedestrian,1.0,43.95,C,0.0,0.0,0.0,False
nuscenes_mini,be99ffc878b24aca8956bbb4e0f97d0c,car,0.9101123809814452,24.35,B,0.0136,0.0156,-0.002,False
nuscenes_mini,be99ffc878b24aca8956bbb4e0f97d0c,car,0.9179486632347108,18.54,B,0.1904,0.039599999999999996,0.15080000000000002,True
nuscenes_mini,be99ffc878b24aca8956bbb4e0f97d0c,motorcycle,0.6878048777580261,33.32,C,0.0376,0.0,0.0376,False
nuscenes_mini,be99ffc878b24aca8956bbb4e0f97d0c,truck,0.7928802371025085,33.8,C,0.0128,0.0,0.0128,False
nuscenes_mini,be99ffc878b24aca8956bbb4e0f97d0c,motorcycle,0.7064220309257507,36.38,C,0.0211,0.0,0.0211,False
nuscenes_mini,be99ffc878b24aca8956bbb4e0f97d0c,truck,0.6363636255264282,35.61,C,0.0023,0.0,0.0023,False
nuscenes_mini,be99ffc878b24aca8956bbb4e0f97d0c,pedestrian,1.0,23.43,B,0.2857,0.0156,0.2701,True
nuscenes_mini,be99ffc878b24aca8956bbb4e0f97d0c,pedestrian,1.0,35.05,C,0.0926,0.0,0.0926,True
nuscenes_mini,be99ffc878b24aca8956bbb4e0f97d0c,pedestrian,1.0,51.74,C,0.0,0.0,0.0,False
nuscenes_mini,be99ffc878b24aca8956bbb4e0f97d0c,pedestrian,1.0,27.56,B,0.0694,0.0027,0.06670000000000001,True
nuscenes_mini,be99ffc878b24aca8956bbb4e0f97d0c,pedestrian,1.0,24.32,B,0.0,0.0156,-0.0156,False
nuscenes_mini,be99ffc878b24aca8956bbb4e0f97d0c,pedestrian,1.0,37.75,C,0.0357,0.0,0.0357,False
nuscenes_mini,be99ffc878b24aca8956bbb4e0f97d0c,pedestrian,1.0,40.8,C,0.0,0.0,0.0,False
nuscenes_mini,be99ffc878b24aca8956bbb4e0f97d0c,pedestrian,1.0,27.17,B,0.0972,0.0027,0.0945,True
nuscenes_mini,be99ffc878b24aca8956bbb4e0f97d0c,pedestrian,1.0,24.58,B,0.0,0.0156,-0.0156,False
nuscenes_mini,be99ffc878b24aca8956bbb4e0f97d0c,pedestrian,1.0,23.74,B,0.4,0.0156,0.3844,True
nuscenes_mini,be99ffc878b24aca8956bbb4e0f97d0c,car,0.8518518805503845,36.68,C,0.0323,0.0,0.0323,False
nuscenes_mini,be99ffc878b24aca8956bbb4e0f97d0c,car,0.8947368264198303,18.49,B,0.2055,0.039599999999999996,0.1659,True
nuscenes_mini,be99ffc878b24aca8956bbb4e0f97d0c,car,0.7538461089134216,46.85,C,0.0,0.0,0.0,False
nuscenes_mini,be99ffc878b24aca8956bbb4e0f97d0c,car,0.8400000333786011,48.66,C,0.0,0.0,0.0,False
nuscenes_mini,be99ffc878b24aca8956bbb4e0f97d0c,car,0.604938268661499,42.62,C,0.0159,0.0,0.0159,False
nuscenes_mini,be99ffc878b24aca8956bbb4e0f97d0c,pedestrian,1.0,44.31,C,0.0,0.0,0.0,False
nuscenes_mini,be99ffc878b24aca8956bbb4e0f97d0c,pedestrian,1.0,42.34,C,0.0,0.0,0.0,False
nuscenes_mini,be99ffc878b24aca8956bbb4e0f97d0c,pedestrian,1.0,14.3,A,0.0278,0.0864,-0.058600000000000006,False
nuscenes_mini,be99ffc878b24aca8956bbb4e0f97d0c,bicycle,0.5114504098892212,43.38,C,0.0,0.0,0.0,False
nuscenes_mini,be99ffc878b24aca8956bbb4e0f97d0c,truck,0.9375000596046448,15.38,B,0.0166,0.039599999999999996,-0.022999999999999996,False
nuscenes_mini,be99ffc878b24aca8956bbb4e0f97d0c,pedestrian,1.0,26.06,B,0.0417,0.0027,0.039,False
nuscenes_mini,9813c23a5f1448b09bb7910fea9baf20,pedestrian,1.0,25.81,B,0.05,0.0027,0.0473,False
nuscenes_mini,9813c23a5f1448b09bb7910fea9baf20,pedestrian,1.0,40.09,C,0.0,0.0,0.0,False
nuscenes_mini,9813c23a5f1448b09bb7910fea9baf20,pedestrian,1.0,33.85,C,0.0,0.0,0.0,False
nuscenes_mini,9813c23a5f1448b09bb7910fea9baf20,pedestrian,1.0,29.58,B,0.0,0.0027,-0.0027,False
nuscenes_mini,9813c23a5f1448b09bb7910fea9baf20,pedestrian,1.0,32.73,C,0.0208,0.0,0.0208,False
nuscenes_mini,9813c23a5f1448b09bb7910fea9baf20,pedestrian,1.0,26.25,B,0.0,0.0027,-0.0027,False
nuscenes_mini,9813c23a5f1448b09bb7910fea9baf20,car,0.9101123809814452,22.7,B,0.0131,0.0156,-0.0024999999999999988,False
nuscenes_mini,9813c23a5f1448b09bb7910fea9baf20,car,0.8987342119216919,18.48,B,0.2823,0.039599999999999996,0.2427,True
nuscenes_mini,9813c23a5f1448b09bb7910fea9baf20,car,0.6246334314346313,48.22,C,0.0,0.0,0.0,False
nuscenes_mini,9813c23a5f1448b09bb7910fea9baf20,bus,0.7815700173377991,51.87,C,0.0,0.0,0.0,False
nuscenes_mini,9813c23a5f1448b09bb7910fea9baf20,bus,0.5586206912994385,32.91,C,0.0383,0.0,0.0383,False
nuscenes_mini,9813c23a5f1448b09bb7910fea9baf20,construction_vehicle,0.7500000596046448,37.37,C,0.0017,0.0,0.0017,False
nuscenes_mini,9813c23a5f1448b09bb7910fea9baf20,pedestrian,1.0,24.58,B,0.0208,0.0156,0.0052,False
nuscenes_mini,9813c23a5f1448b09bb7910fea9baf20,motorcycle,0.7500000596046448,30.53,C,0.0654,0.0,0.0654,True
nuscenes_mini,9813c23a5f1448b09bb7910fea9baf20,pedestrian,1.0,22.57,B,0.2407,0.0156,0.2251,True
nuscenes_mini,9813c23a5f1448b09bb7910fea9baf20,pedestrian,1.0,23.16,B,0.3667,0.0156,0.3511,True
nuscenes_mini,9813c23a5f1448b09bb7910fea9baf20,pedestrian,1.0,32.32,C,0.1,0.0,0.1,True
nuscenes_mini,9813c23a5f1448b09bb7910fea9baf20,pedestrian,1.0,26.47,B,0.0,0.0027,-0.0027,False
nuscenes_mini,9813c23a5f1448b09bb7910fea9baf20,pedestrian,1.0,23.45,B,0.3929,0.0156,0.3773,True
nuscenes_mini,9813c23a5f1448b09bb7910fea9baf20,pedestrian,1.0,30.4,C,0.125,0.0,0.125,True
nuscenes_mini,9813c23a5f1448b09bb7910fea9baf20,pedestrian,1.0,25.96,B,0.0,0.0027,-0.0027,False
nuscenes_mini,9813c23a5f1448b09bb7910fea9baf20,pedestrian,1.0,49.12,C,0.0,0.0,0.0,False
nuscenes_mini,9813c23a5f1448b09bb7910fea9baf20,car,0.7887788414955139,34.07,C,0.0726,0.0,0.0726,True
nuscenes_mini,9813c23a5f1448b09bb7910fea9baf20,car,0.9101123809814452,18.42,B,0.3057,0.039599999999999996,0.2661,True
nuscenes_mini,9813c23a5f1448b09bb7910fea9baf20,car,0.7500000596046448,35.99,C,0.0959,0.0,0.0959,True
nuscenes_mini,9813c23a5f1448b09bb7910fea9baf20,car,0.7387754917144775,40.28,C,0.0,0.0,0.0,False
nuscenes_mini,9813c23a5f1448b09bb7910fea9baf20,pedestrian,1.0,17.63,B,0.0139,0.039599999999999996,-0.025699999999999997,False
nuscenes_mini,9813c23a5f1448b09bb7910fea9baf20,pedestrian,1.0,45.45,C,0.0,0.0,0.0,False
nuscenes_mini,9813c23a5f1448b09bb7910fea9baf20,pedestrian,1.0,47.4,C,0.0,0.0,0.0,False
nuscenes_mini,9813c23a5f1448b09bb7910fea9baf20,construction_vehicle,0.675126850605011,18.32,B,0.0095,0.039599999999999996,-0.030099999999999995,False
nuscenes_mini,9813c23a5f1448b09bb7910fea9baf20,pedestrian,1.0,23.1,B,0.3232,0.0156,0.3076,True
nuscenes_mini,9813c23a5f1448b09bb7910fea9baf20,pedestrian,1.0,27.15,B,0.0317,0.0027,0.028999999999999998,False
nuscenes_mini,023c4df2d451409881d8e6ea82f14704,pedestrian,1.0,36.58,C,0.0,0.0,0.0,False
nuscenes_mini,023c4df2d451409881d8e6ea82f14704,pedestrian,1.0,22.73,B,0.0,0.0156,-0.0156,False
nuscenes_mini,023c4df2d451409881d8e6ea82f14704,pedestrian,1.0,26.62,B,0.0,0.0027,-0.0027,False
nuscenes_mini,023c4df2d451409881d8e6ea82f14704,pedestrian,1.0,23.62,B,0.0,0.0156,-0.0156,False
nuscenes_mini,023c4df2d451409881d8e6ea82f14704,pedestrian,1.0,31.44,C,0.0,0.0,0.0,False
nuscenes_mini,023c4df2d451409881d8e6ea82f14704,pedestrian,1.0,22.88,B,0.0,0.0156,-0.0156,False
nuscenes_mini,023c4df2d451409881d8e6ea82f14704,pedestrian,1.0,30.48,C,0.0,0.0,0.0,False
nuscenes_mini,023c4df2d451409881d8e6ea82f14704,car,0.9024390578269958,21.36,B,0.0268,0.0156,0.011200000000000002,False
nuscenes_mini,023c4df2d451409881d8e6ea82f14704,car,0.9064327478408812,19.09,B,0.2718,0.039599999999999996,0.2322,True
nuscenes_mini,023c4df2d451409881d8e6ea82f14704,car,0.7387754917144775,52.71,C,0.0,0.0,0.0,False
nuscenes_mini,023c4df2d451409881d8e6ea82f14704,bus,0.8202247023582458,55.6,C,0.0,0.0,0.0,False
nuscenes_mini,023c4df2d451409881d8e6ea82f14704,truck,0.5428571701049805,49.55,C,0.0,0.0,0.0,False
nuscenes_mini,023c4df2d451409881d8e6ea82f14704,construction_vehicle,0.8904109597206116,33.01,C,0.0103,0.0,0.0103,False
nuscenes_mini,023c4df2d451409881d8e6ea82f14704,pedestrian,1.0,10.69,A,0.1111,0.0864,0.0247,False
nuscenes_mini,023c4df2d451409881d8e6ea82f14704,pedestrian,1.0,22.49,B,0.1,0.0156,0.0844,True
nuscenes_mini,023c4df2d451409881d8e6ea82f14704,truck,0.7815700173377991,27.32,B,0.0127,0.0027,0.009999999999999998,False
nuscenes_mini,023c4df2d451409881d8e6ea82f14704,pedestrian,1.0,30.19,C,0.0,0.0,0.0,False
nuscenes_mini,023c4df2d451409881d8e6ea82f14704,pedestrian,1.0,22.84,B,0.1875,0.0156,0.1719,True
nuscenes_mini,023c4df2d451409881d8e6ea82f14704,pedestrian,1.0,38.39,C,0.0,0.0,0.0,False
nuscenes_mini,023c4df2d451409881d8e6ea82f14704,pedestrian,1.0,47.13,C,0.0,0.0,0.0,False
nuscenes_mini,023c4df2d451409881d8e6ea82f14704,pedestrian,1.0,37.17,C,0.0714,0.0,0.0714,True
nuscenes_mini,023c4df2d451409881d8e6ea82f14704,pedestrian,1.0,25.2,B,0.62,0.0027,0.6173,True
nuscenes_mini,023c4df2d451409881d8e6ea82f14704,pedestrian,1.0,25.62,B,0.0143,0.0027,0.0116,False
nuscenes_mini,023c4df2d451409881d8e6ea82f14704,car,0.9298245906829834,18.9,B,0.2647,0.039599999999999996,0.2251,True
nuscenes_mini,023c4df2d451409881d8e6ea82f14704,car,0.8518518805503845,32.18,C,0.0859,0.0,0.0859,True
nuscenes_mini,023c4df2d451409881d8e6ea82f14704,car,0.6878048777580261,40.44,C,0.0841,0.0,0.0841,True
nuscenes_mini,023c4df2d451409881d8e6ea82f14704,pedestrian,1.0,20.42,B,0.0,0.0156,-0.0156,False
nuscenes_mini,023c4df2d451409881d8e6ea82f14704,pedestrian,1.0,48.54,C,0.0,0.0,0.0,False
nuscenes_mini,023c4df2d451409881d8e6ea82f14704,construction_vehicle,0.5395683646202087,21.3,B,0.0164,0.0156,0.0008000000000000021,False
nuscenes_mini,023c4df2d451409881d8e6ea82f14704,pedestrian,1.0,22.92,B,0.0222,0.0156,0.006600000000000002,False
nuscenes_mini,023c4df2d451409881d8e6ea82f14704,pedestrian,1.0,22.84,B,0.1562,0.0156,0.1406,True
nuscenes_mini,023c4df2d451409881d8e6ea82f14704,pedestrian,1.0,32.49,C,0.0,0.0,0.0,False
nuscenes_mini,c235638ed66145988d17f9d0601923f2,pedestrian,1.0,19.78,B,0.3542,0.039599999999999996,0.3146,True
nuscenes_mini,c235638ed66145988d17f9d0601923f2,pedestrian,1.0,28.95,B,0.0417,0.0027,0.039,False
nuscenes_mini,c235638ed66145988d17f9d0601923f2,pedestrian,1.0,20.69,B,0.0,0.0156,-0.0156,False
nuscenes_mini,c235638ed66145988d17f9d0601923f2,pedestrian,1.0,23.57,B,0.0,0.0156,-0.0156,False
nuscenes_mini,c235638ed66145988d17f9d0601923f2,pedestrian,1.0,32.66,C,0.0,0.0,0.0,False
nuscenes_mini,c235638ed66145988d17f9d0601923f2,pedestrian,1.0,33.04,C,0.0,0.0,0.0,False
nuscenes_mini,c235638ed66145988d17f9d0601923f2,pedestrian,1.0,19.77,B,0.1746,0.039599999999999996,0.135,True
nuscenes_mini,c235638ed66145988d17f9d0601923f2,pedestrian,1.0,27.95,B,0.0494,0.0027,0.0467,False
nuscenes_mini,c235638ed66145988d17f9d0601923f2,car,0.9179486632347108,19.94,B,0.0134,0.039599999999999996,-0.026199999999999994,False
nuscenes_mini,c235638ed66145988d17f9d0601923f2,bus,0.8439024686813354,52.95,C,0.0,0.0,0.0,False
nuscenes_mini,c235638ed66145988d17f9d0601923f2,truck,0.827957034111023,49.08,C,0.0,0.0,0.0,False
nuscenes_mini,c235638ed66145988d17f9d0601923f2,truck,0.8048780560493469,45.03,C,0.0,0.0,0.0,False
nuscenes_mini,c235638ed66145988d17f9d0601923f2,construction_vehicle,0.8787879347801208,31.35,C,0.005,0.0,0.005,False
nuscenes_mini,c235638ed66145988d17f9d0601923f2,pedestrian,1.0,20.64,B,0.0,0.0156,-0.0156,False
nuscenes_mini,c235638ed66145988d17f9d0601923f2,pedestrian,1.0,20.19,B,0.025,0.0156,0.009400000000000002,False
nuscenes_mini,c235638ed66145988d17f9d0601923f2,motorcycle,0.7887788414955139,26.64,B,0.0206,0.0027,0.0179,False
nuscenes_mini,c235638ed66145988d17f9d0601923f2,pedestrian,1.0,24.61,B,0.4394,0.0156,0.4238,True
nuscenes_mini,c235638ed66145988d17f9d0601923f2,pedestrian,1.0,25.17,B,0.4082,0.0027,0.4055,True
nuscenes_mini,c235638ed66145988d17f9d0601923f2,pedestrian,1.0,30.71,C,0.0238,0.0,0.0238,False
nuscenes_mini,c235638ed66145988d17f9d0601923f2,pedestrian,1.0,12.83,A,0.7857,0.0864,0.6992999999999999,True
nuscenes_mini,c235638ed66145988d17f9d0601923f2,pedestrian,1.0,22.6,B,0.0625,0.0156,0.0469,False
nuscenes_mini,c235638ed66145988d17f9d0601923f2,pedestrian,1.0,28.14,B,0.0893,0.0027,0.08660000000000001,True
nuscenes_mini,c235638ed66145988d17f9d0601923f2,pedestrian,1.0,35.69,C,0.5357,0.0,0.5357,True
nuscenes_mini,c235638ed66145988d17f9d0601923f2,car,0.9375000596046448,19.14,B,0.1519,0.039599999999999996,0.11230000000000001,True
nuscenes_mini,c235638ed66145988d17f9d0601923f2,pedestrian,1.0,23.62,B,0.0,0.0156,-0.0156,False
nuscenes_mini,c235638ed66145988d17f9d0601923f2,construction_vehicle,0.5311355590820312,24.11,B,0.0127,0.0156,-0.0029,False
nuscenes_mini,c235638ed66145988d17f9d0601923f2,pedestrian,1.0,38.72,C,0.0,0.0,0.0,False
nuscenes_mini,c235638ed66145988d17f9d0601923f2,pedestrian,1.0,30.39,C,0.0278,0.0,0.0278,False
nuscenes_mini,c235638ed66145988d17f9d0601923f2,pedestrian,1.0,24.63,B,0.4821,0.0156,0.46649999999999997,True
nuscenes_mini,c235638ed66145988d17f9d0601923f2,pedestrian,1.0,23.07,B,0.0179,0.0156,0.0023,False
nuscenes_mini,c235638ed66145988d17f9d0601923f2,pedestrian,1.0,25.15,B,0.375,0.0027,0.3723,True
nuscenes_mini,c235638ed66145988d17f9d0601923f2,pedestrian,1.0,22.59,B,0.1852,0.0156,0.1696,True
nuscenes_mini,c235638ed66145988d17f9d0601923f2,pedestrian,1.0,22.06,B,0.0,0.0156,-0.0156,False
nuscenes_mini,c235638ed66145988d17f9d0601923f2,pedestrian,1.0,22.8,B,0.0,0.0156,-0.0156,False
nuscenes_mini,c235638ed66145988d17f9d0601923f2,pedestrian,1.0,22.64,B,0.05,0.0156,0.0344,False
nuscenes_mini,bc3c8a953f6b4dcdb77b521d89f3d9d5,pedestrian,1.0,26.49,B,0.0741,0.0027,0.0714,True
nuscenes_mini,bc3c8a953f6b4dcdb77b521d89f3d9d5,pedestrian,1.0,16.78,B,0.1875,0.039599999999999996,0.1479,True
nuscenes_mini,bc3c8a953f6b4dcdb77b521d89f3d9d5,pedestrian,1.0,18.03,B,0.0417,0.039599999999999996,0.0021000000000000046,False
nuscenes_mini,bc3c8a953f6b4dcdb77b521d89f3d9d5,pedestrian,1.0,20.54,B,0.0,0.0156,-0.0156,False
nuscenes_mini,bc3c8a953f6b4dcdb77b521d89f3d9d5,pedestrian,1.0,29.46,B,0.037,0.0027,0.0343,False
nuscenes_mini,bc3c8a953f6b4dcdb77b521d89f3d9d5,pedestrian,1.0,32.0,C,0.0,0.0,0.0,False
nuscenes_mini,bc3c8a953f6b4dcdb77b521d89f3d9d5,pedestrian,1.0,26.7,B,0.0227,0.0027,0.02,False
nuscenes_mini,bc3c8a953f6b4dcdb77b521d89f3d9d5,pedestrian,1.0,29.13,B,0.037,0.0027,0.0343,False
nuscenes_mini,bc3c8a953f6b4dcdb77b521d89f3d9d5,pedestrian,1.0,16.98,B,0.1667,0.039599999999999996,0.1271,True
nuscenes_mini,bc3c8a953f6b4dcdb77b521d89f3d9d5,pedestrian,1.0,25.64,B,0.0741,0.0027,0.0714,True
nuscenes_mini,bc3c8a953f6b4dcdb77b521d89f3d9d5,car,0.92592591047287,18.71,B,0.01,0.039599999999999996,-0.029599999999999994,False
nuscenes_mini,bc3c8a953f6b4dcdb77b521d89f3d9d5,bus,0.8518518805503845,57.13,C,0.0,0.0,0.0,False
nuscenes_mini,bc3c8a953f6b4dcdb77b521d89f3d9d5,truck,0.8128654956817627,42.47,C,0.0,0.0,0.0,False
nuscenes_mini,bc3c8a953f6b4dcdb77b521d89f3d9d5,truck,0.6878048777580261,52.01,C,0.0,0.0,0.0,False
nuscenes_mini,bc3c8a953f6b4dcdb77b521d89f3d9d5,truck,0.9179486632347108,47.88,C,0.0,0.0,0.0,False
nuscenes_mini,bc3c8a953f6b4dcdb77b521d89f3d9d5,construction_vehicle,0.8476190567016602,28.45,B,0.0112,0.0027,0.0085,False
nuscenes_mini,bc3c8a953f6b4dcdb77b521d89f3d9d5,pedestrian,1.0,17.97,B,0.0357,0.039599999999999996,-0.0038999999999999937,False
nuscenes_mini,bc3c8a953f6b4dcdb77b521d89f3d9d5,pedestrian,1.0,5.53,A,0.4524,0.1481,0.3043,True
nuscenes_mini,bc3c8a953f6b4dcdb77b521d89f3d9d5,pedestrian,1.0,36.89,C,0.0,0.0,0.0,False
nuscenes_mini,bc3c8a953f6b4dcdb77b521d89f3d9d5,motorcycle,0.8358974456787109,24.37,B,0.0,0.0156,-0.0156,False
nuscenes_mini,bc3c8a953f6b4dcdb77b521d89f3d9d5,trailer,0.507692277431488,47.79,C,0.0,0.0,0.0,False
nuscenes_mini,bc3c8a953f6b4dcdb77b521d89f3d9d5,pedestrian,1.0,26.16,B,0.0417,0.0027,0.039,False
nuscenes_mini,bc3c8a953f6b4dcdb77b521d89f3d9d5,pedestrian,1.0,34.41,C,0.0625,0.0,0.0625,True
nuscenes_mini,bc3c8a953f6b4dcdb77b521d89f3d9d5,pedestrian,1.0,27.63,B,0.0364,0.0027,0.0337,False
nuscenes_mini,bc3c8a953f6b4dcdb77b521d89f3d9d5,car,0.7419355511665344,34.14,C,0.0638,0.0,0.0638,True
nuscenes_mini,bc3c8a953f6b4dcdb77b521d89f3d9d5,car,0.5311355590820312,36.5,C,0.0405,0.0,0.0405,False
nuscenes_mini,bc3c8a953f6b4dcdb77b521d89f3d9d5,car,0.9179486632347108,19.8,B,0.1195,0.039599999999999996,0.0799,True
nuscenes_mini,bc3c8a953f6b4dcdb77b521d89f3d9d5,car,0.7730495929718018,35.2,C,0.0,0.0,0.0,False
nuscenes_mini,bc3c8a953f6b4dcdb77b521d89f3d9d5,car,0.8324607610702515,41.24,C,0.0655,0.0,0.0655,True
nuscenes_mini,bc3c8a953f6b4dcdb77b521d89f3d9d5,car,0.6332378387451172,39.77,C,0.1054,0.0,0.1054,True
nuscenes_mini,bc3c8a953f6b4dcdb77b521d89f3d9d5,truck,0.5395683646202087,42.33,C,0.0009,0.0,0.0009,False
nuscenes_mini,bc3c8a953f6b4dcdb77b521d89f3d9d5,construction_vehicle,0.6404494643211365,27.35,B,0.008,0.0027,0.0053,False
nuscenes_mini,bc3c8a953f6b4dcdb77b521d89f3d9d5,pedestrian,1.0,24.82,B,0.2292,0.0156,0.21359999999999998,True
nuscenes_mini,bc3c8a953f6b4dcdb77b521d89f3d9d5,pedestrian,1.0,11.47,A,0.1429,0.0864,0.056499999999999995,True
nuscenes_mini,bc3c8a953f6b4dcdb77b521d89f3d9d5,pedestrian,1.0,24.37,B,0.0469,0.0156,0.031299999999999994,False
nuscenes_mini,bc3c8a953f6b4dcdb77b521d89f3d9d5,pedestrian,1.0,22.71,B,0.0,0.0156,-0.0156,False
nuscenes_mini,bc3c8a953f6b4dcdb77b521d89f3d9d5,pedestrian,1.0,32.63,C,0.037,0.0,0.037,False
nuscenes_mini,bc3c8a953f6b4dcdb77b521d89f3d9d5,pedestrian,1.0,29.43,B,0.4286,0.0027,0.4259,True
nuscenes_mini,bc3c8a953f6b4dcdb77b521d89f3d9d5,pedestrian,1.0,23.09,B,0.0,0.0156,-0.0156,False
nuscenes_mini,bc3c8a953f6b4dcdb77b521d89f3d9d5,pedestrian,1.0,23.27,B,0.0,0.0156,-0.0156,False
nuscenes_mini,bc3c8a953f6b4dcdb77b521d89f3d9d5,pedestrian,1.0,22.98,B,0.0952,0.0156,0.0796,True
nuscenes_mini,1e3d79dae62742a0ad64c91679863358,pedestrian,1.0,27.4,B,0.0556,0.0027,0.052899999999999996,True
nuscenes_mini,1e3d79dae62742a0ad64c91679863358,pedestrian,1.0,29.16,B,0.0556,0.0027,0.052899999999999996,True
nuscenes_mini,1e3d79dae62742a0ad64c91679863358,pedestrian,1.0,17.63,B,0.05,0.039599999999999996,0.010400000000000006,False
nuscenes_mini,1e3d79dae62742a0ad64c91679863358,pedestrian,1.0,14.27,A,0.2,0.0864,0.1136,True
nuscenes_mini,1e3d79dae62742a0ad64c91679863358,pedestrian,1.0,27.85,B,0.0833,0.0027,0.0806,True
nuscenes_mini,1e3d79dae62742a0ad64c91679863358,pedestrian,1.0,14.05,A,0.2143,0.0864,0.12789999999999999,True
nuscenes_mini,1e3d79dae62742a0ad64c91679863358,pedestrian,1.0,25.63,B,0.0833,0.0027,0.0806,True
nuscenes_mini,1e3d79dae62742a0ad64c91679863358,pedestrian,1.0,15.48,B,0.0,0.039599999999999996,-0.039599999999999996,False
nuscenes_mini,1e3d79dae62742a0ad64c91679863358,pedestrian,1.0,25.86,B,0.0741,0.0027,0.0714,True
nuscenes_mini,1e3d79dae62742a0ad64c91679863358,pedestrian,1.0,24.22,B,0.0357,0.0156,0.020100000000000003,False
nuscenes_mini,1e3d79dae62742a0ad64c91679863358,pedestrian,1.0,24.37,B,0.0505,0.0156,0.0349,False
nuscenes_mini,1e3d79dae62742a0ad64c91679863358,car,0.9298245906829834,17.45,B,0.0076,0.039599999999999996,-0.031999999999999994,False
nuscenes_mini,1e3d79dae62742a0ad64c91679863358,truck,0.7037037014961243,52.71,C,0.0,0.0,0.0,False
nuscenes_mini,1e3d79dae62742a0ad64c91679863358,truck,0.9179486632347108,45.26,C,0.0,0.0,0.0,False
nuscenes_mini,1e3d79dae62742a0ad64c91679863358,truck,0.7538461089134216,39.87,C,0.0,0.0,0.0,False
nuscenes_mini,1e3d79dae62742a0ad64c91679863358,construction_vehicle,0.8904109597206116,25.69,B,0.0142,0.0027,0.0115,False
nuscenes_mini,1e3d79dae62742a0ad64c91679863358,pedestrian,1.0,15.72,B,0.0938,0.039599999999999996,0.0542,True
nuscenes_mini,1e3d79dae62742a0ad64c91679863358,pedestrian,1.0,15.45,B,0.0208,0.039599999999999996,-0.018799999999999997,False
nuscenes_mini,1e3d79dae62742a0ad64c91679863358,motorcycle,0.8358974456787109,22.17,B,0.0412,0.0156,0.0256,False
nuscenes_mini,1e3d79dae62742a0ad64c91679863358,truck,0.9336099624633788,44.28,C,0.0,0.0,0.0,False
nuscenes_mini,1e3d79dae62742a0ad64c91679863358,pedestrian,1.0,42.17,C,0.0,0.0,0.0,False
nuscenes_mini,1e3d79dae62742a0ad64c91679863358,pedestrian,1.0,14.12,A,0.2083,0.0864,0.12190000000000001,True
nuscenes_mini,1e3d79dae62742a0ad64c91679863358,car,0.5395683646202087,37.21,C,0.0278,0.0,0.0278,False
nuscenes_mini,1e3d79dae62742a0ad64c91679863358,car,0.8947368264198303,20.73,B,0.2445,0.0156,0.2289,True
nuscenes_mini,1e3d79dae62742a0ad64c91679863358,car,0.827957034111023,43.77,C,0.0,0.0,0.0,False
nuscenes_mini,1e3d79dae62742a0ad64c91679863358,bicycle,0.6952381134033203,24.51,B,0.5225,0.0156,0.5069,True
nuscenes_mini,1e3d79dae62742a0ad64c91679863358,bus,0.6559139490127563,48.96,C,0.0,0.0,0.0,False
nuscenes_mini,1e3d79dae62742a0ad64c91679863358,truck,0.507692277431488,52.8,C,0.0,0.0,0.0,False
nuscenes_mini,1e3d79dae62742a0ad64c91679863358,pedestrian,1.0,35.15,C,0.0,0.0,0.0,False
nuscenes_mini,1e3d79dae62742a0ad64c91679863358,pedestrian,1.0,29.37,B,0.0,0.0027,-0.0027,False
nuscenes_mini,1e3d79dae62742a0ad64c91679863358,truck,0.8709677457809448,29.49,B,0.0107,0.0027,0.008,False
nuscenes_mini,1e3d79dae62742a0ad64c91679863358,pedestrian,1.0,23.19,B,0.0139,0.0156,-0.0017000000000000001,False
nuscenes_mini,1e3d79dae62742a0ad64c91679863358,pedestrian,1.0,26.49,B,0.0,0.0027,-0.0027,False
nuscenes_mini,1e3d79dae62742a0ad64c91679863358,pedestrian,1.0,25.24,B,0.2812,0.0027,0.2785,True
nuscenes_mini,1e3d79dae62742a0ad64c91679863358,pedestrian,1.0,35.24,C,0.0111,0.0,0.0111,False
nuscenes_mini,1e3d79dae62742a0ad64c91679863358,pedestrian,1.0,23.88,B,0.0,0.0156,-0.0156,False
nuscenes_mini,1e3d79dae62742a0ad64c91679863358,pedestrian,1.0,24.68,B,0.2037,0.0156,0.1881,True
nuscenes_mini,1e3d79dae62742a0ad64c91679863358,pedestrian,1.0,33.7,C,0.0,0.0,0.0,False
nuscenes_mini,1e3d79dae62742a0ad64c91679863358,pedestrian,1.0,44.3,C,0.0,0.0,0.0,False
nuscenes_mini,2afb9d32310e4546a71cbe432911eca2,pedestrian,1.0,22.08,B,0.0667,0.0156,0.05109999999999999,True
nuscenes_mini,2afb9d32310e4546a71cbe432911eca2,pedestrian,1.0,11.46,A,0.6528,0.0864,0.5664,True
nuscenes_mini,2afb9d32310e4546a71cbe432911eca2,pedestrian,1.0,22.09,B,0.0417,0.0156,0.0261,False
nuscenes_mini,2afb9d32310e4546a71cbe432911eca2,pedestrian,1.0,14.64,A,0.2708,0.0864,0.18439999999999998,True
nuscenes_mini,2afb9d32310e4546a71cbe432911eca2,pedestrian,1.0,21.29,B,0.0988,0.0156,0.0832,True
nuscenes_mini,2afb9d32310e4546a71cbe432911eca2,pedestrian,1.0,25.69,B,0.025,0.0027,0.0223,False
nuscenes_mini,2afb9d32310e4546a71cbe432911eca2,pedestrian,1.0,21.95,B,0.2292,0.0156,0.21359999999999998,True
nuscenes_mini,2afb9d32310e4546a71cbe432911eca2,pedestrian,1.0,22.27,B,0.0417,0.0156,0.0261,False
nuscenes_mini,2afb9d32310e4546a71cbe432911eca2,pedestrian,1.0,24.93,B,0.0417,0.0156,0.0261,False
nuscenes_mini,2afb9d32310e4546a71cbe432911eca2,car,0.9532163739204408,16.3,B,0.0307,0.039599999999999996,-0.008899999999999995,False
nuscenes_mini,2afb9d32310e4546a71cbe432911eca2,truck,0.6444444060325623,37.12,C,0.0,0.0,0.0,False
nuscenes_mini,2afb9d32310e4546a71cbe432911eca2,construction_vehicle,0.8987342119216919,22.04,B,0.0418,0.0156,0.026199999999999998,False
nuscenes_mini,2afb9d32310e4546a71cbe432911eca2,construction_vehicle,0.5311355590820312,42.99,C,0.0,0.0,0.0,False
nuscenes_mini,2afb9d32310e4546a71cbe432911eca2,pedestrian,1.0,12.83,A,0.1728,0.0864,0.0864,True
nuscenes_mini,2afb9d32310e4546a71cbe432911eca2,pedestrian,1.0,11.3,A,0.1746,0.0864,0.0882,True
nuscenes_mini,2afb9d32310e4546a71cbe432911eca2,motorcycle,0.827957034111023,20.07,B,0.0136,0.0156,-0.002,False
nuscenes_mini,2afb9d32310e4546a71cbe432911eca2,trailer,0.5508772134780884,43.44,C,0.0,0.0,0.0,False
nuscenes_mini,2afb9d32310e4546a71cbe432911eca2,pedestrian,1.0,11.53,A,0.6406,0.0864,0.5541999999999999,True
nuscenes_mini,2afb9d32310e4546a71cbe432911eca2,pedestrian,1.0,11.48,A,0.375,0.0864,0.28859999999999997,True
nuscenes_mini,2afb9d32310e4546a71cbe432911eca2,pedestrian,1.0,26.69,B,0.3333,0.0027,0.3306,True
nuscenes_mini,2afb9d32310e4546a71cbe432911eca2,pedestrian,1.0,41.02,C,0.0,0.0,0.0,False
nuscenes_mini,2afb9d32310e4546a71cbe432911eca2,car,0.7815700173377991,54.83,C,0.0,0.0,0.0,False
nuscenes_mini,2afb9d32310e4546a71cbe432911eca2,car,0.8552036285400391,37.2,C,0.0722,0.0,0.0722,True
nuscenes_mini,2afb9d32310e4546a71cbe432911eca2,car,0.9336099624633788,22.72,B,0.0677,0.0156,0.052099999999999994,True
nuscenes_mini,2afb9d32310e4546a71cbe432911eca2,car,0.7928802371025085,45.23,C,0.013,0.0,0.013,False
nuscenes_mini,2afb9d32310e4546a71cbe432911eca2,car,0.8324607610702515,46.71,C,0.0,0.0,0.0,False
nuscenes_mini,2afb9d32310e4546a71cbe432911eca2,bicycle,0.5114504098892212,23.67,B,0.5625,0.0156,0.5469,True
nuscenes_mini,2afb9d32310e4546a71cbe432911eca2,bus,0.8987342119216919,50.74,C,0.0,0.0,0.0,False
nuscenes_mini,2afb9d32310e4546a71cbe432911eca2,truck,0.8128654956817627,46.97,C,0.0,0.0,0.0,False
nuscenes_mini,2afb9d32310e4546a71cbe432911eca2,pedestrian,1.0,42.01,C,0.0,0.0,0.0,False
nuscenes_mini,2afb9d32310e4546a71cbe432911eca2,pedestrian,1.0,20.37,B,0.119,0.0156,0.10339999999999999,True
nuscenes_mini,2afb9d32310e4546a71cbe432911eca2,pedestrian,1.0,38.12,C,0.0,0.0,0.0,False
nuscenes_mini,2afb9d32310e4546a71cbe432911eca2,pedestrian,1.0,32.33,C,0.0185,0.0,0.0185,False
nuscenes_mini,2afb9d32310e4546a71cbe432911eca2,truck,0.8947368264198303,31.97,C,0.0125,0.0,0.0125,False
nuscenes_mini,2afb9d32310e4546a71cbe432911eca2,pedestrian,1.0,25.87,B,0.0,0.0027,-0.0027,False
nuscenes_mini,2afb9d32310e4546a71cbe432911eca2,pedestrian,1.0,45.24,C,0.0,0.0,0.0,False
nuscenes_mini,2afb9d32310e4546a71cbe432911eca2,pedestrian,1.0,23.76,B,0.525,0.0156,0.5094000000000001,True
nuscenes_mini,2afb9d32310e4546a71cbe432911eca2,pedestrian,1.0,23.39,B,0.7083,0.0156,0.6927000000000001,True
nuscenes_mini,2afb9d32310e4546a71cbe432911eca2,pedestrian,1.0,25.41,B,0.0,0.0027,-0.0027,False
nuscenes_mini,2afb9d32310e4546a71cbe432911eca2,pedestrian,1.0,45.95,C,0.0,0.0,0.0,False
nuscenes_mini,2afb9d32310e4546a71cbe432911eca2,pedestrian,1.0,25.59,B,0.025,0.0027,0.0223,False
nuscenes_mini,2afb9d32310e4546a71cbe432911eca2,car,0.7968254089355469,28.35,B,0.3391,0.0027,0.33640000000000003,True
nuscenes_mini,2afb9d32310e4546a71cbe432911eca2,car,0.8324607610702515,48.11,C,0.0,0.0,0.0,False
nuscenes_mini,cd21dbfc3bd749c7b10a5c42562e0c42,pedestrian,1.0,42.2,C,0.0,0.0,0.0,False
nuscenes_mini,cd21dbfc3bd749c7b10a5c42562e0c42,pedestrian,1.0,18.96,B,0.1607,0.039599999999999996,0.12110000000000001,True
nuscenes_mini,cd21dbfc3bd749c7b10a5c42562e0c42,pedestrian,1.0,23.55,B,0.1111,0.0156,0.0955,True
nuscenes_mini,cd21dbfc3bd749c7b10a5c42562e0c42,pedestrian,1.0,20.19,B,0.0714,0.0156,0.0558,True
nuscenes_mini,cd21dbfc3bd749c7b10a5c42562e0c42,pedestrian,1.0,20.26,B,0.1429,0.0156,0.1273,True
nuscenes_mini,cd21dbfc3bd749c7b10a5c42562e0c42,pedestrian,1.0,22.93,B,0.0794,0.0156,0.0638,True
nuscenes_mini,cd21dbfc3bd749c7b10a5c42562e0c42,pedestrian,1.0,25.01,B,0.025,0.0027,0.0223,False
nuscenes_mini,cd21dbfc3bd749c7b10a5c42562e0c42,pedestrian,1.0,19.27,B,0.1964,0.039599999999999996,0.1568,True
nuscenes_mini,cd21dbfc3bd749c7b10a5c42562e0c42,pedestrian,1.0,12.03,A,0.125,0.0864,0.038599999999999995,False
nuscenes_mini,cd21dbfc3bd749c7b10a5c42562e0c42,pedestrian,1.0,17.24,B,0.0833,0.039599999999999996,0.0437,False
nuscenes_mini,cd21dbfc3bd749c7b10a5c42562e0c42,pedestrian,1.0,20.47,B,0.1,0.0156,0.0844,True
nuscenes_mini,cd21dbfc3bd749c7b10a5c42562e0c42,car,0.9532163739204408,15.62,B,0.0331,0.039599999999999996,-0.006499999999999999,False
nuscenes_mini,cd21dbfc3bd749c7b10a5c42562e0c42,truck,0.7142857313156128,33.83,C,0.0013,0.0,0.0013,False
nuscenes_mini,cd21dbfc3bd749c7b10a5c42562e0c42,truck,0.8632478713989258,41.08,C,0.0,0.0,0.0,False
nuscenes_mini,cd21dbfc3bd749c7b10a5c42562e0c42,construction_vehicle,0.92592591047287,20.18,B,0.2241,0.0156,0.2085,True
nuscenes_mini,cd21dbfc3bd749c7b10a5c42562e0c42,pedestrian,1.0,10.64,A,0.1556,0.0864,0.06919999999999998,True
nuscenes_mini,cd21dbfc3bd749c7b10a5c42562e0c42,pedestrian,1.0,11.73,A,0.2344,0.0864,0.148,True
nuscenes_mini,cd21dbfc3bd749c7b10a5c42562e0c42,trailer,0.5897435545921326,42.49,C,0.0,0.0,0.0,False
nuscenes_mini,cd21dbfc3bd749c7b10a5c42562e0c42,pedestrian,1.0,25.11,B,0.0,0.0027,-0.0027,False
nuscenes_mini,cd21dbfc3bd749c7b10a5c42562e0c42,pedestrian,1.0,22.88,B,0.0556,0.0156,0.039999999999999994,False
nuscenes_mini,cd21dbfc3bd749c7b10a5c42562e0c42,pedestrian,1.0,33.17,C,0.4167,0.0,0.4167,True
nuscenes_mini,cd21dbfc3bd749c7b10a5c42562e0c42,pedestrian,1.0,19.57,B,0.1587,0.039599999999999996,0.11910000000000001,True
nuscenes_mini,cd21dbfc3bd749c7b10a5c42562e0c42,pedestrian,1.0,20.32,B,0.1429,0.0156,0.1273,True
nuscenes_mini,cd21dbfc3bd749c7b10a5c42562e0c42,pedestrian,1.0,19.33,B,0.125,0.039599999999999996,0.0854,True
nuscenes_mini,cd21dbfc3bd749c7b10a5c42562e0c42,pedestrian,1.0,9.5,A,0.7708,0.1481,0.6227,True
nuscenes_mini,cd21dbfc3bd749c7b10a5c42562e0c42,pedestrian,1.0,9.57,A,0.5341,0.1481,0.386,True
nuscenes_mini,cd21dbfc3bd749c7b10a5c42562e0c42,pedestrian,1.0,20.22,B,0.0625,0.0156,0.0469,False
nuscenes_mini,cd21dbfc3bd749c7b10a5c42562e0c42,car,0.8709677457809448,36.62,C,0.1779,0.0,0.1779,True
nuscenes_mini,cd21dbfc3bd749c7b10a5c42562e0c42,car,0.8672199249267578,44.6,C,0.0,0.0,0.0,False
nuscenes_mini,cd21dbfc3bd749c7b10a5c42562e0c42,car,0.7500000596046448,60.27,C,0.0,0.0,0.0,False
nuscenes_mini,cd21dbfc3bd749c7b10a5c42562e0c42,car,0.8904109597206116,24.53,B,0.0894,0.0156,0.07379999999999999,True
nuscenes_mini,cd21dbfc3bd749c7b10a5c42562e0c42,bus,0.9101123809814452,48.85,C,0.0,0.0,0.0,False
nuscenes_mini,cd21dbfc3bd749c7b10a5c42562e0c42,truck,0.5114504098892212,40.42,C,0.1,0.0,0.1,True
nuscenes_mini,cd21dbfc3bd749c7b10a5c42562e0c42,truck,0.6012461185455322,48.66,C,0.0,0.0,0.0,False
nuscenes_mini,cd21dbfc3bd749c7b10a5c42562e0c42,construction_vehicle,0.7344398498535156,34.53,C,0.0042,0.0,0.0042,False
nuscenes_mini,cd21dbfc3bd749c7b10a5c42562e0c42,pedestrian,1.0,25.89,B,0.0375,0.0027,0.0348,False
nuscenes_mini,cd21dbfc3bd749c7b10a5c42562e0c42,pedestrian,1.0,13.03,A,0.0,0.0864,-0.0864,False
nuscenes_mini,cd21dbfc3bd749c7b10a5c42562e0c42,pedestrian,1.0,46.77,C,0.0,0.0,0.0,False
nuscenes_mini,cd21dbfc3bd749c7b10a5c42562e0c42,pedestrian,1.0,26.23,B,0.1071,0.0027,0.1044,True
nuscenes_mini,cd21dbfc3bd749c7b10a5c42562e0c42,pedestrian,1.0,33.22,C,0.0,0.0,0.0,False
nuscenes_mini,cd21dbfc3bd749c7b10a5c42562e0c42,pedestrian,1.0,25.46,B,0.08,0.0027,0.07730000000000001,True
nuscenes_mini,cd21dbfc3bd749c7b10a5c42562e0c42,pedestrian,1.0,26.9,B,0.0,0.0027,-0.0027,False
nuscenes_mini,cd21dbfc3bd749c7b10a5c42562e0c42,pedestrian,1.0,26.38,B,0.0,0.0027,-0.0027,False
nuscenes_mini,cd21dbfc3bd749c7b10a5c42562e0c42,car,0.8324607610702515,45.0,C,0.0,0.0,0.0,False
nuscenes_mini,cd21dbfc3bd749c7b10a5c42562e0c42,car,0.8324607610702515,44.18,C,0.0665,0.0,0.0665,True
nuscenes_mini,cd21dbfc3bd749c7b10a5c42562e0c42,car,0.6404494643211365,25.4,B,0.0414,0.0027,0.0387,False
nuscenes_mini,cd21dbfc3bd749c7b10a5c42562e0c42,car,0.8202247023582458,44.4,C,0.0,0.0,0.0,False
nuscenes_mini,cd21dbfc3bd749c7b10a5c42562e0c42,car,0.7697842121124268,34.85,C,0.0,0.0,0.0,False
nuscenes_mini,cd21dbfc3bd749c7b10a5c42562e0c42,bicycle,0.597484290599823,23.5,B,0.0,0.0156,-0.0156,False
nuscenes_mini,88449a5cb1644a199c1c11f6ac034867,pedestrian,1.0,20.99,B,0.1667,0.0156,0.15109999999999998,True
nuscenes_mini,88449a5cb1644a199c1c11f6ac034867,pedestrian,1.0,20.56,B,0.125,0.0156,0.1094,True
nuscenes_mini,88449a5cb1644a199c1c11f6ac034867,pedestrian,1.0,9.65,A,0.4792,0.1481,0.3311,True
nuscenes_mini,88449a5cb1644a199c1c11f6ac034867,pedestrian,1.0,14.77,A,0.0938,0.0864,0.00739999999999999,False
nuscenes_mini,88449a5cb1644a199c1c11f6ac034867,pedestrian,1.0,40.56,C,0.0,0.0,0.0,False
nuscenes_mini,88449a5cb1644a199c1c11f6ac034867,car,0.9336099624633788,15.0,A,0.0305,0.039599999999999996,-0.009099999999999997,False
nuscenes_mini,88449a5cb1644a199c1c11f6ac034867,truck,0.719298243522644,31.9,C,0.0227,0.0,0.0227,False
nuscenes_mini,88449a5cb1644a199c1c11f6ac034867,truck,0.7104072570800781,39.84,C,0.0,0.0,0.0,False
nuscenes_mini,88449a5cb1644a199c1c11f6ac034867,construction_vehicle,0.9101123809814452,17.86,B,0.25,0.039599999999999996,0.2104,True
nuscenes_mini,88449a5cb1644a199c1c11f6ac034867,pedestrian,1.0,8.66,A,0.2361,0.1481,0.088,True
nuscenes_mini,88449a5cb1644a199c1c11f6ac034867,pedestrian,1.0,10.11,A,0.125,0.0864,0.038599999999999995,False
nuscenes_mini,88449a5cb1644a199c1c11f6ac034867,pedestrian,1.0,31.31,C,0.0,0.0,0.0,False
nuscenes_mini,88449a5cb1644a199c1c11f6ac034867,car,0.9139785170555116,16.49,B,0.0149,0.039599999999999996,-0.024699999999999996,False
nuscenes_mini,88449a5cb1644a199c1c11f6ac034867,motorcycle,0.8518518805503845,16.6,B,0.1042,0.039599999999999996,0.0646,True
nuscenes_mini,88449a5cb1644a199c1c11f6ac034867,pedestrian,1.0,18.54,B,0.1429,0.039599999999999996,0.1033,True
nuscenes_mini,88449a5cb1644a199c1c11f6ac034867,pedestrian,1.0,16.14,B,0.2639,0.039599999999999996,0.22430000000000003,True
nuscenes_mini,88449a5cb1644a199c1c11f6ac034867,pedestrian,1.0,18.74,B,0.1746,0.039599999999999996,0.135,True
nuscenes_mini,88449a5cb1644a199c1c11f6ac034867,pedestrian,1.0,8.18,A,0.7708,0.1481,0.6227,True
nuscenes_mini,88449a5cb1644a199c1c11f6ac034867,pedestrian,1.0,18.18,B,0.2381,0.039599999999999996,0.1985,True
nuscenes_mini,88449a5cb1644a199c1c11f6ac034867,pedestrian,1.0,16.18,B,0.1964,0.039599999999999996,0.1568,True
nuscenes_mini,88449a5cb1644a199c1c11f6ac034867,pedestrian,1.0,23.59,B,0.1481,0.0156,0.1325,True
nuscenes_mini,88449a5cb1644a199c1c11f6ac034867,pedestrian,1.0,16.59,B,0.275,0.039599999999999996,0.23540000000000003,True
nuscenes_mini,88449a5cb1644a199c1c11f6ac034867,pedestrian,1.0,8.05,A,0.8333,0.1481,0.6852,True
nuscenes_mini,88449a5cb1644a199c1c11f6ac034867,car,0.7655677795410156,29.47,B,0.2761,0.0027,0.27340000000000003,True
nuscenes_mini,88449a5cb1644a199c1c11f6ac034867,car,0.6952381134033203,46.89,C,0.0,0.0,0.0,False
nuscenes_mini,88449a5cb1644a199c1c11f6ac034867,bus,0.9139785170555116,49.09,C,0.0,0.0,0.0,False
nuscenes_mini,88449a5cb1644a199c1c11f6ac034867,truck,0.8518518805503845,46.55,C,0.0165,0.0,0.0165,False
nuscenes_mini,88449a5cb1644a199c1c11f6ac034867,pedestrian,1.0,37.2,C,0.0,0.0,0.0,False
nuscenes_mini,88449a5cb1644a199c1c11f6ac034867,pedestrian,1.0,34.23,C,0.0,0.0,0.0,False
nuscenes_mini,88449a5cb1644a199c1c11f6ac034867,truck,0.9101123809814452,36.32,C,0.0001,0.0,0.0001,False
nuscenes_mini,88449a5cb1644a199c1c11f6ac034867,pedestrian,1.0,29.41,B,0.0,0.0027,-0.0027,False
nuscenes_mini,88449a5cb1644a199c1c11f6ac034867,pedestrian,1.0,23.52,B,0.0,0.0156,-0.0156,False
nuscenes_mini,88449a5cb1644a199c1c11f6ac034867,pedestrian,1.0,26.91,B,0.0,0.0027,-0.0027,False
nuscenes_mini,88449a5cb1644a199c1c11f6ac034867,pedestrian,1.0,27.09,B,0.0,0.0027,-0.0027,False
nuscenes_mini,88449a5cb1644a199c1c11f6ac034867,pedestrian,1.0,23.56,B,0.0,0.0156,-0.0156,False
nuscenes_mini,88449a5cb1644a199c1c11f6ac034867,pedestrian,1.0,33.55,C,0.0,0.0,0.0,False
nuscenes_mini,88449a5cb1644a199c1c11f6ac034867,pedestrian,1.0,26.25,B,0.0227,0.0027,0.02,False
nuscenes_mini,88449a5cb1644a199c1c11f6ac034867,pedestrian,1.0,24.59,B,0.0,0.0156,-0.0156,False
nuscenes_mini,88449a5cb1644a199c1c11f6ac034867,pedestrian,1.0,47.8,C,0.0,0.0,0.0,False
nuscenes_mini,88449a5cb1644a199c1c11f6ac034867,pedestrian,1.0,26.28,B,0.0521,0.0027,0.0494,False
nuscenes_mini,88449a5cb1644a199c1c11f6ac034867,pedestrian,1.0,27.94,B,0.0,0.0027,-0.0027,False
nuscenes_mini,88449a5cb1644a199c1c11f6ac034867,pedestrian,1.0,28.09,B,0.0,0.0027,-0.0027,False
nuscenes_mini,88449a5cb1644a199c1c11f6ac034867,car,0.6363636255264282,38.64,C,0.0007,0.0,0.0007,False
nuscenes_mini,88449a5cb1644a199c1c11f6ac034867,car,0.8865247964859009,42.3,C,0.0,0.0,0.0,False
nuscenes_mini,88449a5cb1644a199c1c11f6ac034867,car,0.7419355511665344,43.19,C,0.0,0.0,0.0,False
nuscenes_mini,88449a5cb1644a199c1c11f6ac034867,car,0.8439024686813354,45.62,C,0.0,0.0,0.0,False
nuscenes_mini,2ff86dc19c4644a1a88ce5ba848f56e5,pedestrian,1.0,39.44,C,0.0,0.0,0.0,False
nuscenes_mini,2ff86dc19c4644a1a88ce5ba848f56e5,pedestrian,1.0,18.79,B,0.0714,0.039599999999999996,0.03180000000000001,False
nuscenes_mini,2ff86dc19c4644a1a88ce5ba848f56e5,car,0.7968254089355469,34.84,C,0.0162,0.0,0.0162,False
nuscenes_mini,2ff86dc19c4644a1a88ce5ba848f56e5,car,0.9532163739204408,14.46,A,0.037,0.0864,-0.049400000000000006,False
nuscenes_mini,2ff86dc19c4644a1a88ce5ba848f56e5,truck,0.9298245906829834,35.94,C,0.0006,0.0,0.0006,False
nuscenes_mini,2ff86dc19c4644a1a88ce5ba848f56e5,truck,0.9024390578269958,30.21,C,0.0638,0.0,0.0638,True
nuscenes_mini,2ff86dc19c4644a1a88ce5ba848f56e5,construction_vehicle,0.9179486632347108,15.4,B,0.1621,0.039599999999999996,0.1225,True
nuscenes_mini,2ff86dc19c4644a1a88ce5ba848f56e5,pedestrian,1.0,8.81,A,0.1125,0.1481,-0.03560000000000001,False
nuscenes_mini,2ff86dc19c4644a1a88ce5ba848f56e5,pedestrian,1.0,6.88,A,0.2222,0.1481,0.0741,True
nuscenes_mini,2ff86dc19c4644a1a88ce5ba848f56e5,car,0.921951174736023,15.63,B,0.0019,0.039599999999999996,-0.0377,False
nuscenes_mini,2ff86dc19c4644a1a88ce5ba848f56e5,pedestrian,1.0,13.87,A,0.2917,0.0864,0.2053,True
nuscenes_mini,2ff86dc19c4644a1a88ce5ba848f56e5,pedestrian,1.0,13.58,A,0.4375,0.0864,0.35109999999999997,True
nuscenes_mini,2ff86dc19c4644a1a88ce5ba848f56e5,pedestrian,1.0,14.05,A,0.425,0.0864,0.3386,True
nuscenes_mini,2ff86dc19c4644a1a88ce5ba848f56e5,pedestrian,1.0,7.52,A,0.8438,0.1481,0.6957,True
nuscenes_mini,2ff86dc19c4644a1a88ce5ba848f56e5,pedestrian,1.0,15.38,B,0.2917,0.039599999999999996,0.2521,True
nuscenes_mini,2ff86dc19c4644a1a88ce5ba848f56e5,pedestrian,1.0,14.69,A,0.125,0.0864,0.038599999999999995,False
nuscenes_mini,2ff86dc19c4644a1a88ce5ba848f56e5,pedestrian,1.0,12.7,A,0.4167,0.0864,0.33030000000000004,True
nuscenes_mini,2ff86dc19c4644a1a88ce5ba848f56e5,pedestrian,1.0,17.55,B,0.4688,0.039599999999999996,0.4292,True
nuscenes_mini,2ff86dc19c4644a1a88ce5ba848f56e5,pedestrian,1.0,17.11,B,0.6786,0.039599999999999996,0.639,True
nuscenes_mini,2ff86dc19c4644a1a88ce5ba848f56e5,car,0.8947368264198303,29.44,B,0.0812,0.0027,0.0785,True
nuscenes_mini,2ff86dc19c4644a1a88ce5ba848f56e5,bus,0.8439024686813354,52.97,C,0.005,0.0,0.005,False
nuscenes_mini,2ff86dc19c4644a1a88ce5ba848f56e5,construction_vehicle,0.5038759708404541,45.14,C,0.0163,0.0,0.0163,False
nuscenes_mini,2ff86dc19c4644a1a88ce5ba848f56e5,pedestrian,1.0,26.18,B,0.0,0.0027,-0.0027,False
nuscenes_mini,2ff86dc19c4644a1a88ce5ba848f56e5,pedestrian,1.0,23.19,B,0.0,0.0156,-0.0156,False
nuscenes_mini,2ff86dc19c4644a1a88ce5ba848f56e5,pedestrian,1.0,50.1,C,0.0,0.0,0.0,False
nuscenes_mini,2ff86dc19c4644a1a88ce5ba848f56e5,pedestrian,1.0,36.59,C,0.0,0.0,0.0,False
nuscenes_mini,2ff86dc19c4644a1a88ce5ba848f56e5,pedestrian,1.0,8.78,A,0.125,0.1481,-0.02310000000000001,False
nuscenes_mini,2ff86dc19c4644a1a88ce5ba848f56e5,pedestrian,1.0,28.34,B,0.0,0.0027,-0.0027,False
nuscenes_mini,2ff86dc19c4644a1a88ce5ba848f56e5,pedestrian,1.0,26.72,B,0.0222,0.0027,0.0195,False
nuscenes_mini,2ff86dc19c4644a1a88ce5ba848f56e5,pedestrian,1.0,7.42,A,0.5,0.1481,0.3519,True
nuscenes_mini,2ff86dc19c4644a1a88ce5ba848f56e5,pedestrian,1.0,40.18,C,0.0,0.0,0.0,False
nuscenes_mini,2ff86dc19c4644a1a88ce5ba848f56e5,pedestrian,1.0,28.51,B,0.0,0.0027,-0.0027,False
nuscenes_mini,2ff86dc19c4644a1a88ce5ba848f56e5,pedestrian,1.0,7.67,A,0.2,0.1481,0.0519,True
nuscenes_mini,2ff86dc19c4644a1a88ce5ba848f56e5,pedestrian,1.0,29.05,B,0.0,0.0027,-0.0027,False
nuscenes_mini,2ff86dc19c4644a1a88ce5ba848f56e5,pedestrian,1.0,29.32,B,0.0,0.0027,-0.0027,False
nuscenes_mini,2ff86dc19c4644a1a88ce5ba848f56e5,pedestrian,1.0,28.83,B,0.0,0.0027,-0.0027,False
nuscenes_mini,2ff86dc19c4644a1a88ce5ba848f56e5,pedestrian,1.0,34.14,C,0.0,0.0,0.0,False
nuscenes_mini,2ff86dc19c4644a1a88ce5ba848f56e5,pedestrian,1.0,25.08,B,0.0179,0.0027,0.015199999999999998,False
nuscenes_mini,2ff86dc19c4644a1a88ce5ba848f56e5,car,0.8400000333786011,28.66,B,0.0458,0.0027,0.0431,False
nuscenes_mini,2ff86dc19c4644a1a88ce5ba848f56e5,car,0.827957034111023,37.49,C,0.0,0.0,0.0,False
nuscenes_mini,2ff86dc19c4644a1a88ce5ba848f56e5,car,0.6332378387451172,44.77,C,0.0,0.0,0.0,False
nuscenes_mini,2ff86dc19c4644a1a88ce5ba848f56e5,bicycle,0.6444444060325623,23.42,B,0.0036,0.0156,-0.012,False
nuscenes_mini,2ff86dc19c4644a1a88ce5ba848f56e5,bus,0.5276752710342407,47.61,C,0.0,0.0,0.0,False
nuscenes_mini,bf2938e43c6f487497cda76b51bfc406,pedestrian,1.0,16.7,B,0.2714,0.039599999999999996,0.23179999999999998,True
nuscenes_mini,bf2938e43c6f487497cda76b51bfc406,car,0.9569892287254332,14.06,A,0.0238,0.0864,-0.0626,False
nuscenes_mini,bf2938e43c6f487497cda76b51bfc406,truck,0.9375000596046448,33.98,C,0.0018,0.0,0.0018,False
nuscenes_mini,bf2938e43c6f487497cda76b51bfc406,truck,0.8947368264198303,28.27,B,0.0252,0.0027,0.0225,False
nuscenes_mini,bf2938e43c6f487497cda76b51bfc406,construction_vehicle,0.9298245906829834,12.84,A,0.1586,0.0864,0.07219999999999999,True
nuscenes_mini,bf2938e43c6f487497cda76b51bfc406,pedestrian,1.0,5.39,A,0.4286,0.1481,0.28049999999999997,True
nuscenes_mini,bf2938e43c6f487497cda76b51bfc406,car,0.9139785170555116,14.68,A,0.0,0.0864,-0.0864,False
nuscenes_mini,bf2938e43c6f487497cda76b51bfc406,motorcycle,0.7344398498535156,12.94,A,0.0832,0.0864,-0.0032000000000000084,False
nuscenes_mini,bf2938e43c6f487497cda76b51bfc406,pedestrian,1.0,36.46,C,0.0462,0.0,0.0462,False
nuscenes_mini,bf2938e43c6f487497cda76b51bfc406,pedestrian,1.0,20.11,B,0.3571,0.0156,0.34149999999999997,True
nuscenes_mini,bf2938e43c6f487497cda76b51bfc406,pedestrian,1.0,21.35,B,0.6071,0.0156,0.5915,True
nuscenes_mini,bf2938e43c6f487497cda76b51bfc406,pedestrian,1.0,10.81,A,0.3214,0.0864,0.23500000000000001,True
nuscenes_mini,bf2938e43c6f487497cda76b51bfc406,pedestrian,1.0,12.6,A,0.3571,0.0864,0.27069999999999994,True
nuscenes_mini,bf2938e43c6f487497cda76b51bfc406,pedestrian,1.0,5.82,A,0.9219,0.1481,0.7738,True
nuscenes_mini,bf2938e43c6f487497cda76b51bfc406,pedestrian,1.0,5.97,A,0.9222,0.1481,0.7741,True
nuscenes_mini,bf2938e43c6f487497cda76b51bfc406,pedestrian,1.0,16.36,B,0.4,0.039599999999999996,0.36040000000000005,True
nuscenes_mini,bf2938e43c6f487497cda76b51bfc406,pedestrian,1.0,10.92,A,0.125,0.0864,0.038599999999999995,False
nuscenes_mini,bf2938e43c6f487497cda76b51bfc406,pedestrian,1.0,49.41,C,0.0,0.0,0.0,False
nuscenes_mini,bf2938e43c6f487497cda76b51bfc406,pedestrian,1.0,30.23,C,0.125,0.0,0.125,True
nuscenes_mini,bf2938e43c6f487497cda76b51bfc406,pedestrian,1.0,32.05,C,0.0,0.0,0.0,False
nuscenes_mini,bf2938e43c6f487497cda76b51bfc406,pedestrian,1.0,22.4,B,0.0,0.0156,-0.0156,False
nuscenes_mini,bf2938e43c6f487497cda76b51bfc406,truck,0.5704697966575623,38.23,C,0.0,0.0,0.0,False
nuscenes_mini,bf2938e43c6f487497cda76b51bfc406,pedestrian,1.0,7.81,A,0.2593,0.1481,0.11119999999999997,True
nuscenes_mini,bf2938e43c6f487497cda76b51bfc406,pedestrian,1.0,24.82,B,0.0,0.0156,-0.0156,False
nuscenes_mini,bf2938e43c6f487497cda76b51bfc406,pedestrian,1.0,8.15,A,0.8571,0.1481,0.709,True
nuscenes_mini,bf2938e43c6f487497cda76b51bfc406,pedestrian,1.0,34.83,C,0.0156,0.0,0.0156,False
nuscenes_mini,bf2938e43c6f487497cda76b51bfc406,pedestrian,1.0,30.45,C,0.0972,0.0,0.0972,True
nuscenes_mini,bf2938e43c6f487497cda76b51bfc406,pedestrian,1.0,26.03,B,0.0,0.0027,-0.0027,False
nuscenes_mini,bf2938e43c6f487497cda76b51bfc406,pedestrian,1.0,7.46,A,0.2857,0.1481,0.1376,True
nuscenes_mini,bf2938e43c6f487497cda76b51bfc406,pedestrian,1.0,28.0,B,0.0139,0.0027,0.011199999999999998,False
nuscenes_mini,bf2938e43c6f487497cda76b51bfc406,pedestrian,1.0,8.08,A,0.5417,0.1481,0.39359999999999995,True
nuscenes_mini,bf2938e43c6f487497cda76b51bfc406,pedestrian,1.0,21.71,B,0.0,0.0156,-0.0156,False
nuscenes_mini,bf2938e43c6f487497cda76b51bfc406,car,0.8787879347801208,42.18,C,0.0,0.0,0.0,False
nuscenes_mini,bf2938e43c6f487497cda76b51bfc406,car,0.8827838897705078,32.81,C,0.0,0.0,0.0,False
nuscenes_mini,bf2938e43c6f487497cda76b51bfc406,car,0.7968254089355469,38.42,C,0.0,0.0,0.0,False
nuscenes_mini,bf2938e43c6f487497cda76b51bfc406,bicycle,0.5936508178710938,27.94,B,0.0235,0.0027,0.0208,False
nuscenes_mini,b26e791522294bec90f86fd72226e35c,car,0.9298245906829834,21.14,B,0.1851,0.0156,0.16949999999999998,True
nuscenes_mini,b26e791522294bec90f86fd72226e35c,car,0.949367105960846,13.74,A,0.0311,0.0864,-0.0553,False
nuscenes_mini,b26e791522294bec90f86fd72226e35c,truck,0.9452055096626282,31.73,C,0.0333,0.0,0.0333,False
nuscenes_mini,b26e791522294bec90f86fd72226e35c,truck,0.92592591047287,25.44,B,0.0278,0.0027,0.025099999999999997,False
nuscenes_mini,b26e791522294bec90f86fd72226e35c,construction_vehicle,0.9139785170555116,10.77,A,0.3465,0.0864,0.2601,True
nuscenes_mini,b26e791522294bec90f86fd72226e35c,pedestrian,1.0,4.38,A,0.3214,0.1769,0.14450000000000002,True
nuscenes_mini,b26e791522294bec90f86fd72226e35c,pedestrian,1.0,6.12,A,0.4375,0.1481,0.2894,True
nuscenes_mini,b26e791522294bec90f86fd72226e35c,car,0.8750000596046448,14.28,A,0.0152,0.0864,-0.0712,False
nuscenes_mini,b26e791522294bec90f86fd72226e35c,pedestrian,1.0,16.29,B,0.2778,0.039599999999999996,0.2382,True
nuscenes_mini,b26e791522294bec90f86fd72226e35c,pedestrian,1.0,11.44,A,0.716,0.0864,0.6295999999999999,True
nuscenes_mini,b26e791522294bec90f86fd72226e35c,pedestrian,1.0,9.3,A,0.7083,0.1481,0.5602,True
nuscenes_mini,b26e791522294bec90f86fd72226e35c,pedestrian,1.0,18.79,B,0.3611,0.039599999999999996,0.3215,True
nuscenes_mini,b26e791522294bec90f86fd72226e35c,pedestrian,1.0,10.49,A,0.6574,0.0864,0.571,True
nuscenes_mini,b26e791522294bec90f86fd72226e35c,pedestrian,1.0,15.89,B,0.4286,0.039599999999999996,0.389,True
nuscenes_mini,b26e791522294bec90f86fd72226e35c,pedestrian,1.0,14.75,A,0.125,0.0864,0.038599999999999995,False
nuscenes_mini,b26e791522294bec90f86fd72226e35c,pedestrian,1.0,19.32,B,0.125,0.039599999999999996,0.0854,True
nuscenes_mini,b26e791522294bec90f86fd72226e35c,pedestrian,1.0,10.11,A,0.7778,0.0864,0.6914,True
nuscenes_mini,b26e791522294bec90f86fd72226e35c,pedestrian,1.0,20.52,B,0.125,0.0156,0.1094,True
nuscenes_mini,b26e791522294bec90f86fd72226e35c,pedestrian,1.0,16.24,B,0.625,0.039599999999999996,0.5854,True
nuscenes_mini,b26e791522294bec90f86fd72226e35c,pedestrian,1.0,35.62,C,0.0,0.0,0.0,False
nuscenes_mini,b26e791522294bec90f86fd72226e35c,pedestrian,1.0,32.53,C,0.0,0.0,0.0,False
nuscenes_mini,b26e791522294bec90f86fd72226e35c,pedestrian,1.0,27.31,B,0.1458,0.0027,0.1431,True
nuscenes_mini,b26e791522294bec90f86fd72226e35c,pedestrian,1.0,31.87,C,0.0312,0.0,0.0312,False
nuscenes_mini,b26e791522294bec90f86fd72226e35c,pedestrian,1.0,32.23,C,0.0,0.0,0.0,False
nuscenes_mini,b26e791522294bec90f86fd72226e35c,pedestrian,1.0,32.16,C,0.0,0.0,0.0,False
nuscenes_mini,b26e791522294bec90f86fd72226e35c,pedestrian,1.0,49.5,C,0.0,0.0,0.0,False
nuscenes_mini,b26e791522294bec90f86fd72226e35c,pedestrian,1.0,4.39,A,0.3929,0.1769,0.21600000000000003,True
nuscenes_mini,b26e791522294bec90f86fd72226e35c,pedestrian,1.0,26.73,B,0.0,0.0027,-0.0027,False
nuscenes_mini,b26e791522294bec90f86fd72226e35c,pedestrian,1.0,7.24,A,0.1731,0.1481,0.024999999999999994,False
nuscenes_mini,b26e791522294bec90f86fd72226e35c,pedestrian,1.0,4.88,A,0.5625,0.1769,0.3856,True
nuscenes_mini,b26e791522294bec90f86fd72226e35c,pedestrian,1.0,9.22,A,0.1071,0.1481,-0.04100000000000001,False
nuscenes_mini,b26e791522294bec90f86fd72226e35c,pedestrian,1.0,10.11,A,0.7222,0.0864,0.6357999999999999,True
nuscenes_mini,b26e791522294bec90f86fd72226e35c,pedestrian,1.0,29.23,B,0.0455,0.0027,0.0428,False
nuscenes_mini,b26e791522294bec90f86fd72226e35c,pedestrian,1.0,28.79,B,0.25,0.0027,0.2473,True
nuscenes_mini,b26e791522294bec90f86fd72226e35c,pedestrian,1.0,10.49,A,0.641,0.0864,0.5546,True
nuscenes_mini,b26e791522294bec90f86fd72226e35c,pedestrian,1.0,8.31,A,0.4545,0.1481,0.3064,True
nuscenes_mini,b26e791522294bec90f86fd72226e35c,car,0.8987342119216919,36.96,C,0.0016,0.0,0.0016,False
nuscenes_mini,b26e791522294bec90f86fd72226e35c,car,0.8947368264198303,38.76,C,0.0,0.0,0.0,False
nuscenes_mini,b26e791522294bec90f86fd72226e35c,car,0.8160918951034546,43.89,C,0.0,0.0,0.0,False
nuscenes_mini,b26e791522294bec90f86fd72226e35c,car,0.8904109597206116,37.26,C,0.0,0.0,0.0,False
nuscenes_mini,c844bf5a9f2243ff8f4bf2c85fe218ff,car,0.941605806350708,19.07,B,0.1425,0.039599999999999996,0.10289999999999999,True
nuscenes_mini,c844bf5a9f2243ff8f4bf2c85fe218ff,car,0.9375000596046448,13.02,A,0.0188,0.0864,-0.06760000000000001,False
nuscenes_mini,c844bf5a9f2243ff8f4bf2c85fe218ff,truck,0.9101123809814452,22.87,B,0.0531,0.0156,0.037500000000000006,False
nuscenes_mini,c844bf5a9f2243ff8f4bf2c85fe218ff,truck,0.949367105960846,29.61,B,0.0294,0.0027,0.026699999999999998,False
nuscenes_mini,c844bf5a9f2243ff8f4bf2c85fe218ff,motorcycle,0.5540069937705994,10.24,A,0.1591,0.0864,0.07269999999999999,True
nuscenes_mini,c844bf5a9f2243ff8f4bf2c85fe218ff,pedestrian,1.0,8.21,A,0.7143,0.1481,0.5662,True
nuscenes_mini,c844bf5a9f2243ff8f4bf2c85fe218ff,pedestrian,1.0,19.03,B,0.3333,0.039599999999999996,0.29369999999999996,True
nuscenes_mini,c844bf5a9f2243ff8f4bf2c85fe218ff,pedestrian,1.0,15.72,B,0.2292,0.039599999999999996,0.1896,True
nuscenes_mini,c844bf5a9f2243ff8f4bf2c85fe218ff,pedestrian,1.0,20.31,B,0.2708,0.0156,0.2552,True
nuscenes_mini,c844bf5a9f2243ff8f4bf2c85fe218ff,pedestrian,1.0,16.2,B,0.0,0.039599999999999996,-0.039599999999999996,False
nuscenes_mini,c844bf5a9f2243ff8f4bf2c85fe218ff,pedestrian,1.0,9.97,A,0.7292,0.1481,0.5811,True
nuscenes_mini,c844bf5a9f2243ff8f4bf2c85fe218ff,car,0.6683937907218933,19.27,B,0.3246,0.039599999999999996,0.28500000000000003,True
nuscenes_mini,c844bf5a9f2243ff8f4bf2c85fe218ff,construction_vehicle,0.859649121761322,9.66,A,0.4068,0.1481,0.2587,True
nuscenes_mini,c844bf5a9f2243ff8f4bf2c85fe218ff,pedestrian,1.0,28.68,B,0.0208,0.0027,0.018099999999999998,False
nuscenes_mini,c844bf5a9f2243ff8f4bf2c85fe218ff,pedestrian,1.0,9.58,A,0.125,0.1481,-0.02310000000000001,False
nuscenes_mini,c844bf5a9f2243ff8f4bf2c85fe218ff,pedestrian,1.0,37.44,C,0.0,0.0,0.0,False
nuscenes_mini,c844bf5a9f2243ff8f4bf2c85fe218ff,pedestrian,1.0,10.75,A,0.0185,0.0864,-0.0679,False
nuscenes_mini,c844bf5a9f2243ff8f4bf2c85fe218ff,pedestrian,1.0,27.55,B,0.0156,0.0027,0.012899999999999998,False
nuscenes_mini,c844bf5a9f2243ff8f4bf2c85fe218ff,pedestrian,1.0,30.09,C,0.102,0.0,0.102,True
nuscenes_mini,c844bf5a9f2243ff8f4bf2c85fe218ff,pedestrian,1.0,15.4,B,0.125,0.039599999999999996,0.0854,True
nuscenes_mini,c844bf5a9f2243ff8f4bf2c85fe218ff,pedestrian,1.0,33.83,C,0.0444,0.0,0.0444,False
nuscenes_mini,c844bf5a9f2243ff8f4bf2c85fe218ff,pedestrian,1.0,34.39,C,0.0278,0.0,0.0278,False
nuscenes_mini,c844bf5a9f2243ff8f4bf2c85fe218ff,pedestrian,1.0,36.76,C,0.0,0.0,0.0,False
nuscenes_mini,c844bf5a9f2243ff8f4bf2c85fe218ff,pedestrian,1.0,7.2,A,0.2054,0.1481,0.05729999999999999,True
nuscenes_mini,c844bf5a9f2243ff8f4bf2c85fe218ff,pedestrian,1.0,4.1,A,0.4762,0.1769,0.2993,True
nuscenes_mini,c844bf5a9f2243ff8f4bf2c85fe218ff,pedestrian,1.0,27.67,B,0.0,0.0027,-0.0027,False
nuscenes_mini,c844bf5a9f2243ff8f4bf2c85fe218ff,pedestrian,1.0,8.21,A,0.6667,0.1481,0.5186,True
nuscenes_mini,c844bf5a9f2243ff8f4bf2c85fe218ff,pedestrian,1.0,18.78,B,0.7551,0.039599999999999996,0.7155,True
nuscenes_mini,c844bf5a9f2243ff8f4bf2c85fe218ff,pedestrian,1.0,9.74,A,0.3737,0.1481,0.22559999999999997,True
nuscenes_mini,c844bf5a9f2243ff8f4bf2c85fe218ff,pedestrian,1.0,16.13,B,0.0,0.039599999999999996,-0.039599999999999996,False
nuscenes_mini,c844bf5a9f2243ff8f4bf2c85fe218ff,pedestrian,1.0,10.42,A,0.1528,0.0864,0.06639999999999999,True
nuscenes_mini,c844bf5a9f2243ff8f4bf2c85fe218ff,pedestrian,1.0,30.15,C,0.1477,0.0,0.1477,True
nuscenes_mini,c844bf5a9f2243ff8f4bf2c85fe218ff,pedestrian,1.0,16.19,B,0.1346,0.039599999999999996,0.095,True
nuscenes_mini,c844bf5a9f2243ff8f4bf2c85fe218ff,pedestrian,1.0,15.76,B,0.1296,0.039599999999999996,0.09,True
nuscenes_mini,c844bf5a9f2243ff8f4bf2c85fe218ff,pedestrian,1.0,4.89,A,1.0,0.1769,0.8230999999999999,True
nuscenes_mini,c844bf5a9f2243ff8f4bf2c85fe218ff,pedestrian,1.0,9.21,A,0.213,0.1481,0.06489999999999999,True
nuscenes_mini,c844bf5a9f2243ff8f4bf2c85fe218ff,pedestrian,1.0,32.0,C,0.0,0.0,0.0,False
nuscenes_mini,c844bf5a9f2243ff8f4bf2c85fe218ff,car,0.8947368264198303,43.08,C,0.0,0.0,0.0,False
nuscenes_mini,c844bf5a9f2243ff8f4bf2c85fe218ff,car,0.8987342119216919,38.2,C,0.0126,0.0,0.0126,False
nuscenes_mini,c844bf5a9f2243ff8f4bf2c85fe218ff,car,0.8672199249267578,40.17,C,0.0,0.0,0.0,False
nuscenes_mini,c844bf5a9f2243ff8f4bf2c85fe218ff,bicycle,0.6952381134033203,28.1,B,0.0026,0.0027,-0.00010000000000000026,False
nuscenes_mini,fedfb3a6cb804635a0f47143f9ca8d6f,car,0.9532163739204408,17.34,B,0.189,0.039599999999999996,0.1494,True
nuscenes_mini,fedfb3a6cb804635a0f47143f9ca8d6f,car,0.949367105960846,12.37,A,0.0269,0.0864,-0.059500000000000004,False
nuscenes_mini,fedfb3a6cb804635a0f47143f9ca8d6f,truck,0.9569892287254332,21.68,B,0.0665,0.0156,0.0509,True
nuscenes_mini,fedfb3a6cb804635a0f47143f9ca8d6f,truck,0.9649122953414916,27.57,B,0.0179,0.0027,0.015199999999999998,False
nuscenes_mini,fedfb3a6cb804635a0f47143f9ca8d6f,motorcycle,0.6444444060325623,12.38,A,0.0986,0.0864,0.012199999999999989,False
nuscenes_mini,fedfb3a6cb804635a0f47143f9ca8d6f,car,0.9532163739204408,16.79,B,0.2099,0.039599999999999996,0.1703,True
nuscenes_mini,fedfb3a6cb804635a0f47143f9ca8d6f,truck,0.8128654956817627,20.2,B,0.1089,0.0156,0.0933,True
nuscenes_mini,fedfb3a6cb804635a0f47143f9ca8d6f,construction_vehicle,0.827957034111023,7.84,A,0.8584,0.1481,0.7103,True
nuscenes_mini,fedfb3a6cb804635a0f47143f9ca8d6f,pedestrian,1.0,30.47,C,0.0,0.0,0.0,False
nuscenes_mini,fedfb3a6cb804635a0f47143f9ca8d6f,pedestrian,1.0,35.96,C,0.0,0.0,0.0,False
nuscenes_mini,fedfb3a6cb804635a0f47143f9ca8d6f,pedestrian,1.0,31.76,C,0.0,0.0,0.0,False
nuscenes_mini,fedfb3a6cb804635a0f47143f9ca8d6f,pedestrian,1.0,36.48,C,0.0,0.0,0.0,False
nuscenes_mini,fedfb3a6cb804635a0f47143f9ca8d6f,pedestrian,1.0,6.04,A,0.225,0.1481,0.0769,True
nuscenes_mini,fedfb3a6cb804635a0f47143f9ca8d6f,pedestrian,1.0,39.11,C,0.0,0.0,0.0,False
nuscenes_mini,fedfb3a6cb804635a0f47143f9ca8d6f,pedestrian,1.0,30.47,C,0.0,0.0,0.0,False
nuscenes_mini,fedfb3a6cb804635a0f47143f9ca8d6f,pedestrian,1.0,35.58,C,0.0,0.0,0.0,False
nuscenes_mini,fedfb3a6cb804635a0f47143f9ca8d6f,pedestrian,1.0,29.69,B,0.0,0.0027,-0.0027,False
nuscenes_mini,fedfb3a6cb804635a0f47143f9ca8d6f,pedestrian,1.0,29.43,B,0.0156,0.0027,0.012899999999999998,False
nuscenes_mini,fedfb3a6cb804635a0f47143f9ca8d6f,pedestrian,1.0,36.16,C,0.0,0.0,0.0,False
nuscenes_mini,fedfb3a6cb804635a0f47143f9ca8d6f,pedestrian,1.0,32.31,C,0.0,0.0,0.0,False
nuscenes_mini,fedfb3a6cb804635a0f47143f9ca8d6f,pedestrian,1.0,11.51,A,0.1562,0.0864,0.0698,True
nuscenes_mini,fedfb3a6cb804635a0f47143f9ca8d6f,pedestrian,1.0,7.66,A,0.2698,0.1481,0.12169999999999997,True
nuscenes_mini,fedfb3a6cb804635a0f47143f9ca8d6f,pedestrian,1.0,4.57,A,0.2407,0.1769,0.0638,True
nuscenes_mini,fedfb3a6cb804635a0f47143f9ca8d6f,pedestrian,1.0,46.6,C,0.0,0.0,0.0,False
nuscenes_mini,fedfb3a6cb804635a0f47143f9ca8d6f,pedestrian,1.0,9.42,A,0.3929,0.1481,0.24480000000000002,True
nuscenes_mini,fedfb3a6cb804635a0f47143f9ca8d6f,pedestrian,1.0,7.89,A,0.2,0.1481,0.0519,True
nuscenes_mini,fedfb3a6cb804635a0f47143f9ca8d6f,pedestrian,1.0,6.12,A,0.2321,0.1481,0.08399999999999999,True
nuscenes_mini,fedfb3a6cb804635a0f47143f9ca8d6f,pedestrian,1.0,9.64,A,0.0694,0.1481,-0.0787,False
nuscenes_mini,fedfb3a6cb804635a0f47143f9ca8d6f,pedestrian,1.0,19.12,B,0.0,0.039599999999999996,-0.039599999999999996,False
nuscenes_mini,fedfb3a6cb804635a0f47143f9ca8d6f,pedestrian,1.0,16.03,B,0.0,0.039599999999999996,-0.039599999999999996,False
nuscenes_mini,fedfb3a6cb804635a0f47143f9ca8d6f,pedestrian,1.0,20.33,B,0.1875,0.0156,0.1719,True
nuscenes_mini,fedfb3a6cb804635a0f47143f9ca8d6f,pedestrian,1.0,10.25,A,0.127,0.0864,0.0406,False
nuscenes_mini,fedfb3a6cb804635a0f47143f9ca8d6f,pedestrian,1.0,10.08,A,0.3304,0.0864,0.24400000000000002,True
nuscenes_mini,fedfb3a6cb804635a0f47143f9ca8d6f,car,0.5586206912994385,53.28,C,0.0,0.0,0.0,False
nuscenes_mini,fedfb3a6cb804635a0f47143f9ca8d6f,car,0.8827838897705078,40.08,C,0.0,0.0,0.0,False
nuscenes_mini,fedfb3a6cb804635a0f47143f9ca8d6f,car,0.8865247964859009,47.19,C,0.0,0.0,0.0,False
nuscenes_mini,fedfb3a6cb804635a0f47143f9ca8d6f,bus,0.8904109597206116,49.81,C,0.009,0.0,0.009,False
nuscenes_mini,965f6af5a92449348409029a5f048a38,car,0.9336099624633788,11.59,A,0.0304,0.0864,-0.05600000000000001,False
nuscenes_mini,965f6af5a92449348409029a5f048a38,bicycle,0.5775577425956726,40.94,C,0.0,0.0,0.0,False
nuscenes_mini,965f6af5a92449348409029a5f048a38,truck,0.9649122953414916,25.57,B,0.0438,0.0027,0.0411,False
nuscenes_mini,965f6af5a92449348409029a5f048a38,truck,0.949367105960846,20.55,B,0.0773,0.0156,0.06169999999999999,True
nuscenes_mini,965f6af5a92449348409029a5f048a38,motorcycle,0.7730495929718018,8.1,A,0.1591,0.1481,0.010999999999999982,False
nuscenes_mini,965f6af5a92449348409029a5f048a38,car,0.96875,15.39,B,0.3466,0.039599999999999996,0.30700000000000005,True
nuscenes_mini,965f6af5a92449348409029a5f048a38,construction_vehicle,0.5428571701049805,17.92,B,0.2112,0.039599999999999996,0.1716,True
nuscenes_mini,965f6af5a92449348409029a5f048a38,construction_vehicle,0.7575758099555969,5.83,A,0.8311,0.1481,0.6829999999999999,True
nuscenes_mini,965f6af5a92449348409029a5f048a38,pedestrian,1.0,37.24,C,0.0,0.0,0.0,False
nuscenes_mini,965f6af5a92449348409029a5f048a38,pedestrian,1.0,30.84,C,0.0,0.0,0.0,False
nuscenes_mini,965f6af5a92449348409029a5f048a38,pedestrian,1.0,39.29,C,0.025,0.0,0.025,False
nuscenes_mini,965f6af5a92449348409029a5f048a38,pedestrian,1.0,12.39,A,0.0952,0.0864,0.008800000000000002,False
nuscenes_mini,965f6af5a92449348409029a5f048a38,pedestrian,1.0,7.64,A,0.0417,0.1481,-0.10640000000000001,False
nuscenes_mini,965f6af5a92449348409029a5f048a38,pedestrian,1.0,13.36,A,0.0125,0.0864,-0.07390000000000001,False
nuscenes_mini,965f6af5a92449348409029a5f048a38,pedestrian,1.0,33.92,C,0.0,0.0,0.0,False
nuscenes_mini,965f6af5a92449348409029a5f048a38,car,0.8672199249267578,47.91,C,0.0,0.0,0.0,False
nuscenes_mini,965f6af5a92449348409029a5f048a38,pedestrian,1.0,5.58,A,0.1111,0.1481,-0.037000000000000005,False
nuscenes_mini,965f6af5a92449348409029a5f048a38,pedestrian,1.0,5.7,A,0.1111,0.1481,-0.037000000000000005,False
nuscenes_mini,965f6af5a92449348409029a5f048a38,construction_vehicle,0.5241636037826538,45.47,C,0.0004,0.0,0.0004,False
nuscenes_mini,965f6af5a92449348409029a5f048a38,pedestrian,1.0,10.77,A,0.4722,0.0864,0.38580000000000003,True
nuscenes_mini,965f6af5a92449348409029a5f048a38,pedestrian,1.0,16.69,B,0.0408,0.039599999999999996,0.0012000000000000066,False
nuscenes_mini,965f6af5a92449348409029a5f048a38,pedestrian,1.0,10.25,A,0.2222,0.0864,0.1358,True
nuscenes_mini,965f6af5a92449348409029a5f048a38,pedestrian,1.0,9.62,A,0.2333,0.1481,0.0852,True
nuscenes_mini,965f6af5a92449348409029a5f048a38,pedestrian,1.0,12.49,A,0.1103,0.0864,0.02389999999999999,False
nuscenes_mini,965f6af5a92449348409029a5f048a38,pedestrian,1.0,19.69,B,0.025,0.039599999999999996,-0.014599999999999995,False
nuscenes_mini,965f6af5a92449348409029a5f048a38,pedestrian,1.0,19.49,B,0.0,0.039599999999999996,-0.039599999999999996,False
nuscenes_mini,965f6af5a92449348409029a5f048a38,pedestrian,1.0,20.84,B,0.0,0.0156,-0.0156,False
nuscenes_mini,965f6af5a92449348409029a5f048a38,pedestrian,1.0,10.0,A,0.1944,0.0864,0.10799999999999998,True
nuscenes_mini,965f6af5a92449348409029a5f048a38,pedestrian,1.0,17.18,B,0.0179,0.039599999999999996,-0.021699999999999997,False
nuscenes_mini,965f6af5a92449348409029a5f048a38,pedestrian,1.0,8.31,A,0.7708,0.1481,0.6227,True
nuscenes_mini,965f6af5a92449348409029a5f048a38,bus,0.8400000333786011,52.14,C,0.0,0.0,0.0,False
nuscenes_mini,4711bcd34644420da8bc77163431888e,car,0.949367105960846,10.83,A,0.0434,0.0864,-0.043000000000000003,False
nuscenes_mini,4711bcd34644420da8bc77163431888e,truck,0.9569892287254332,23.82,B,0.0559,0.0156,0.0403,False
nuscenes_mini,4711bcd34644420da8bc77163431888e,motorcycle,0.7928802371025085,6.97,A,0.1279,0.1481,-0.020199999999999996,False
nuscenes_mini,4711bcd34644420da8bc77163431888e,car,0.9298245906829834,16.69,B,0.4801,0.039599999999999996,0.4405,True
nuscenes_mini,4711bcd34644420da8bc77163431888e,car,0.9649122953414916,13.81,A,0.2562,0.0864,0.16979999999999998,True
nuscenes_mini,4711bcd34644420da8bc77163431888e,truck,0.949367105960846,22.96,B,0.0577,0.0156,0.0421,False
nuscenes_mini,4711bcd34644420da8bc77163431888e,trailer,0.5151515007019043,16.71,B,0.2881,0.039599999999999996,0.24850000000000003,True
nuscenes_mini,4711bcd34644420da8bc77163431888e,pedestrian,1.0,40.31,C,0.0,0.0,0.0,False
nuscenes_mini,4711bcd34644420da8bc77163431888e,pedestrian,1.0,40.8,C,0.0,0.0,0.0,False
nuscenes_mini,4711bcd34644420da8bc77163431888e,pedestrian,1.0,9.57,A,0.125,0.1481,-0.02310000000000001,False
nuscenes_mini,4711bcd34644420da8bc77163431888e,pedestrian,1.0,9.89,A,0.0667,0.1481,-0.08140000000000001,False
nuscenes_mini,4711bcd34644420da8bc77163431888e,pedestrian,1.0,11.99,A,0.1222,0.0864,0.0358,False
nuscenes_mini,4711bcd34644420da8bc77163431888e,pedestrian,1.0,11.55,A,0.1389,0.0864,0.05249999999999999,True
nuscenes_mini,4711bcd34644420da8bc77163431888e,pedestrian,1.0,39.97,C,0.0,0.0,0.0,False
nuscenes_mini,4711bcd34644420da8bc77163431888e,pedestrian,1.0,15.34,B,0.0179,0.039599999999999996,-0.021699999999999997,False
nuscenes_mini,4711bcd34644420da8bc77163431888e,car,0.8083832263946533,42.12,C,0.0012,0.0,0.0012,False
nuscenes_mini,4711bcd34644420da8bc77163431888e,car,0.8672199249267578,40.96,C,0.0034,0.0,0.0034,False
nuscenes_mini,4711bcd34644420da8bc77163431888e,pedestrian,1.0,6.99,A,0.2,0.1481,0.0519,True
nuscenes_mini,4711bcd34644420da8bc77163431888e,motorcycle,0.8048780560493469,7.37,A,0.0227,0.1481,-0.1254,False
nuscenes_mini,4711bcd34644420da8bc77163431888e,truck,0.604938268661499,47.31,C,0.0,0.0,0.0,False
nuscenes_mini,4711bcd34644420da8bc77163431888e,pedestrian,1.0,10.09,A,0.4048,0.0864,0.3184,True
nuscenes_mini,4711bcd34644420da8bc77163431888e,pedestrian,1.0,9.32,A,0.0357,0.1481,-0.1124,False
nuscenes_mini,4711bcd34644420da8bc77163431888e,pedestrian,1.0,19.07,B,0.0625,0.039599999999999996,0.022900000000000004,False
nuscenes_mini,4711bcd34644420da8bc77163431888e,pedestrian,1.0,18.35,B,0.0,0.039599999999999996,-0.039599999999999996,False
nuscenes_mini,4711bcd34644420da8bc77163431888e,car,0.7730495929718018,58.12,C,0.0,0.0,0.0,False
nuscenes_mini,4711bcd34644420da8bc77163431888e,car,0.9452055096626282,28.48,B,0.2461,0.0027,0.2434,True
nuscenes_mini,4711bcd34644420da8bc77163431888e,construction_vehicle,0.859649121761322,6.32,A,0.4801,0.1481,0.332,True
nuscenes_mini,a34fabc7aa674713b71f98ec541eb2d4,car,0.949367105960846,10.14,A,0.0443,0.0864,-0.042100000000000005,False
nuscenes_mini,a34fabc7aa674713b71f98ec541eb2d4,truck,0.9139785170555116,22.48,B,0.0736,0.0156,0.057999999999999996,True
nuscenes_mini,a34fabc7aa674713b71f98ec541eb2d4,pedestrian,1.0,20.82,B,0.0312,0.0156,0.0156,False
nuscenes_mini,a34fabc7aa674713b71f98ec541eb2d4,pedestrian,1.0,22.05,B,0.0,0.0156,-0.0156,False
nuscenes_mini,a34fabc7aa674713b71f98ec541eb2d4,car,0.9609756469726562,12.54,A,0.7367,0.0864,0.6503,True
nuscenes_mini,a34fabc7aa674713b71f98ec541eb2d4,truck,0.9569892287254332,21.78,B,0.1083,0.0156,0.09269999999999999,True
nuscenes_mini,a34fabc7aa674713b71f98ec541eb2d4,truck,0.949367105960846,15.25,B,0.4687,0.039599999999999996,0.42910000000000004,True
nuscenes_mini,a34fabc7aa674713b71f98ec541eb2d4,pedestrian,1.0,11.71,A,0.0312,0.0864,-0.055200000000000006,False
nuscenes_mini,a34fabc7aa674713b71f98ec541eb2d4,pedestrian,1.0,42.09,C,0.0,0.0,0.0,False
nuscenes_mini,a34fabc7aa674713b71f98ec541eb2d4,pedestrian,1.0,40.95,C,0.0,0.0,0.0,False
nuscenes_mini,a34fabc7aa674713b71f98ec541eb2d4,pedestrian,1.0,42.04,C,0.0,0.0,0.0,False
nuscenes_mini,a34fabc7aa674713b71f98ec541eb2d4,pedestrian,1.0,37.6,C,0.0,0.0,0.0,False
nuscenes_mini,a34fabc7aa674713b71f98ec541eb2d4,pedestrian,1.0,34.97,C,0.0,0.0,0.0,False
nuscenes_mini,a34fabc7aa674713b71f98ec541eb2d4,pedestrian,1.0,12.43,A,0.0625,0.0864,-0.023900000000000005,False
nuscenes_mini,a34fabc7aa674713b71f98ec541eb2d4,pedestrian,1.0,8.49,A,0.1458,0.1481,-0.0022999999999999965,False
nuscenes_mini,a34fabc7aa674713b71f98ec541eb2d4,pedestrian,1.0,13.42,A,0.0179,0.0864,-0.0685,False
nuscenes_mini,a34fabc7aa674713b71f98ec541eb2d4,pedestrian,1.0,20.65,B,0.0,0.0156,-0.0156,False
nuscenes_mini,a34fabc7aa674713b71f98ec541eb2d4,pedestrian,1.0,36.18,C,0.0,0.0,0.0,False
nuscenes_mini,a34fabc7aa674713b71f98ec541eb2d4,pedestrian,1.0,10.93,A,0.0,0.0864,-0.0864,False
nuscenes_mini,a34fabc7aa674713b71f98ec541eb2d4,pedestrian,1.0,16.5,B,0.0123,0.039599999999999996,-0.027299999999999998,False
nuscenes_mini,a34fabc7aa674713b71f98ec541eb2d4,pedestrian,1.0,17.5,B,0.0139,0.039599999999999996,-0.025699999999999997,False
nuscenes_mini,a34fabc7aa674713b71f98ec541eb2d4,car,0.8358974456787109,43.72,C,0.0,0.0,0.0,False
nuscenes_mini,a34fabc7aa674713b71f98ec541eb2d4,pedestrian,1.0,12.34,A,0.0357,0.0864,-0.0507,False
nuscenes_mini,a34fabc7aa674713b71f98ec541eb2d4,pedestrian,1.0,9.0,A,0.35,0.1481,0.20189999999999997,True
nuscenes_mini,a34fabc7aa674713b71f98ec541eb2d4,car,0.9569892287254332,16.68,B,0.0782,0.039599999999999996,0.03860000000000001,False
nuscenes_mini,a34fabc7aa674713b71f98ec541eb2d4,truck,0.7460317611694336,15.78,B,0.6017,0.039599999999999996,0.5621,True
nuscenes_mini,a34fabc7aa674713b71f98ec541eb2d4,construction_vehicle,0.92592591047287,6.86,A,0.3712,0.1481,0.22309999999999997,True
nuscenes_mini,c78067571d104caba7c568a847d56971,car,0.9452055096626282,9.74,A,0.0687,0.1481,-0.07940000000000001,False
nuscenes_mini,c78067571d104caba7c568a847d56971,pedestrian,1.0,19.39,B,0.0,0.039599999999999996,-0.039599999999999996,False
nuscenes_mini,c78067571d104caba7c568a847d56971,pedestrian,1.0,17.63,B,0.0,0.039599999999999996,-0.039599999999999996,False
nuscenes_mini,c78067571d104caba7c568a847d56971,pedestrian,1.0,20.9,B,0.0341,0.0156,0.0185,False
nuscenes_mini,c78067571d104caba7c568a847d56971,car,0.9452055096626282,11.94,A,0.6122,0.0864,0.5257999999999999,True
nuscenes_mini,c78067571d104caba7c568a847d56971,truck,0.9569892287254332,20.27,B,0.1529,0.0156,0.1373,True
nuscenes_mini,c78067571d104caba7c568a847d56971,trailer,0.5311355590820312,15.03,B,0.4706,0.039599999999999996,0.43100000000000005,True
nuscenes_mini,c78067571d104caba7c568a847d56971,pedestrian,1.0,13.45,A,0.0,0.0864,-0.0864,False
nuscenes_mini,c78067571d104caba7c568a847d56971,pedestrian,1.0,13.75,A,0.0,0.0864,-0.0864,False
nuscenes_mini,c78067571d104caba7c568a847d56971,pedestrian,1.0,43.71,C,0.0,0.0,0.0,False
nuscenes_mini,c78067571d104caba7c568a847d56971,pedestrian,1.0,10.04,A,0.0469,0.0864,-0.03950000000000001,False
nuscenes_mini,c78067571d104caba7c568a847d56971,pedestrian,1.0,14.99,A,0.0556,0.0864,-0.030800000000000008,False
nuscenes_mini,c78067571d104caba7c568a847d56971,pedestrian,1.0,15.23,B,0.0505,0.039599999999999996,0.010900000000000007,False
nuscenes_mini,c78067571d104caba7c568a847d56971,pedestrian,1.0,39.24,C,0.0,0.0,0.0,False
nuscenes_mini,c78067571d104caba7c568a847d56971,pedestrian,1.0,12.51,A,0.0357,0.0864,-0.0507,False
nuscenes_mini,c78067571d104caba7c568a847d56971,pedestrian,1.0,42.36,C,0.0,0.0,0.0,False
nuscenes_mini,c78067571d104caba7c568a847d56971,pedestrian,1.0,13.01,A,0.0808,0.0864,-0.005600000000000008,False
nuscenes_mini,c78067571d104caba7c568a847d56971,pedestrian,1.0,19.24,B,0.0208,0.039599999999999996,-0.018799999999999997,False
nuscenes_mini,c78067571d104caba7c568a847d56971,pedestrian,1.0,43.88,C,0.0,0.0,0.0,False
nuscenes_mini,c78067571d104caba7c568a847d56971,car,0.827957034111023,49.35,C,0.0,0.0,0.0,False
nuscenes_mini,c78067571d104caba7c568a847d56971,car,0.8518518805503845,45.18,C,0.0,0.0,0.0,False
nuscenes_mini,c78067571d104caba7c568a847d56971,pedestrian,1.0,9.61,A,0.2083,0.1481,0.060200000000000004,True
nuscenes_mini,c78067571d104caba7c568a847d56971,pedestrian,1.0,10.47,A,0.0208,0.0864,-0.0656,False
nuscenes_mini,c78067571d104caba7c568a847d56971,car,0.9569892287254332,12.01,A,0.452,0.0864,0.36560000000000004,True
nuscenes_mini,c78067571d104caba7c568a847d56971,car,0.949367105960846,16.93,B,0.1256,0.039599999999999996,0.086,True
nuscenes_mini,c78067571d104caba7c568a847d56971,truck,0.8947368264198303,14.94,A,0.3367,0.0864,0.25029999999999997,True
nuscenes_mini,c78067571d104caba7c568a847d56971,construction_vehicle,0.9179486632347108,7.55,A,0.0969,0.1481,-0.05120000000000001,False
nuscenes_mini,c78067571d104caba7c568a847d56971,construction_vehicle,0.5151515007019043,16.84,B,0.1,0.039599999999999996,0.06040000000000001,True
nuscenes_mini,4246e57f018745c9b2bc68feb3d71b58,car,0.941605806350708,9.39,A,0.0879,0.1481,-0.060200000000000004,False
nuscenes_mini,4246e57f018745c9b2bc68feb3d71b58,bicycle,0.7142857313156128,28.86,B,0.0774,0.0027,0.0747,True
nuscenes_mini,4246e57f018745c9b2bc68feb3d71b58,pedestrian,1.0,19.48,B,0.0568,0.039599999999999996,0.017200000000000007,False
nuscenes_mini,4246e57f018745c9b2bc68feb3d71b58,pedestrian,1.0,18.01,B,0.0278,0.039599999999999996,-0.011799999999999998,False
nuscenes_mini,4246e57f018745c9b2bc68feb3d71b58,trailer,0.6012461185455322,14.75,A,0.4659,0.0864,0.37949999999999995,True
nuscenes_mini,4246e57f018745c9b2bc68feb3d71b58,trailer,0.5540069937705994,18.75,B,0.2444,0.039599999999999996,0.2048,True
nuscenes_mini,4246e57f018745c9b2bc68feb3d71b58,pedestrian,1.0,38.05,C,0.0,0.0,0.0,False
nuscenes_mini,4246e57f018745c9b2bc68feb3d71b58,pedestrian,1.0,16.69,B,0.0139,0.039599999999999996,-0.025699999999999997,False
nuscenes_mini,4246e57f018745c9b2bc68feb3d71b58,pedestrian,1.0,11.48,A,0.0417,0.0864,-0.044700000000000004,False
nuscenes_mini,4246e57f018745c9b2bc68feb3d71b58,pedestrian,1.0,17.09,B,0.0417,0.039599999999999996,0.0021000000000000046,False
nuscenes_mini,4246e57f018745c9b2bc68feb3d71b58,pedestrian,1.0,14.28,A,0.0238,0.0864,-0.0626,False
nuscenes_mini,4246e57f018745c9b2bc68feb3d71b58,pedestrian,1.0,43.98,C,0.0,0.0,0.0,False
nuscenes_mini,4246e57f018745c9b2bc68feb3d71b58,pedestrian,1.0,21.26,B,0.0139,0.0156,-0.0017000000000000001,False
nuscenes_mini,4246e57f018745c9b2bc68feb3d71b58,pedestrian,1.0,15.27,B,0.0,0.039599999999999996,-0.039599999999999996,False
nuscenes_mini,4246e57f018745c9b2bc68feb3d71b58,pedestrian,1.0,45.82,C,0.0,0.0,0.0,False
nuscenes_mini,4246e57f018745c9b2bc68feb3d71b58,pedestrian,1.0,41.12,C,0.0,0.0,0.0,False
nuscenes_mini,4246e57f018745c9b2bc68feb3d71b58,car,0.719298243522644,47.71,C,0.0,0.0,0.0,False
nuscenes_mini,4246e57f018745c9b2bc68feb3d71b58,construction_vehicle,0.8672199249267578,8.81,A,0.0594,0.1481,-0.0887,False
nuscenes_mini,4246e57f018745c9b2bc68feb3d71b58,motorcycle,0.7344398498535156,6.86,A,0.027,0.1481,-0.12110000000000001,False
nuscenes_mini,4246e57f018745c9b2bc68feb3d71b58,pedestrian,1.0,10.63,A,0.1562,0.0864,0.0698,True
nuscenes_mini,4246e57f018745c9b2bc68feb3d71b58,car,0.9609756469726562,11.81,A,0.3107,0.0864,0.22429999999999997,True
nuscenes_mini,4246e57f018745c9b2bc68feb3d71b58,car,0.9452055096626282,17.47,B,0.1373,0.039599999999999996,0.09770000000000001,True
nuscenes_mini,4246e57f018745c9b2bc68feb3d71b58,truck,0.92592591047287,14.85,A,0.2433,0.0864,0.15689999999999998,True
nuscenes_mini,4246e57f018745c9b2bc68feb3d71b58,construction_vehicle,0.5540069937705994,17.03,B,0.037,0.039599999999999996,-0.002599999999999998,False
nuscenes_mini,a7acb150914b40bdad9a2dc4e657cbf9,car,0.9179486632347108,9.45,A,0.0892,0.1481,-0.05890000000000001,False
nuscenes_mini,a7acb150914b40bdad9a2dc4e657cbf9,bicycle,0.6878048777580261,27.42,B,0.0,0.0027,-0.0027,False
nuscenes_mini,a7acb150914b40bdad9a2dc4e657cbf9,pedestrian,1.0,17.1,B,0.0123,0.039599999999999996,-0.027299999999999998,False
nuscenes_mini,a7acb150914b40bdad9a2dc4e657cbf9,pedestrian,1.0,26.43,B,0.0156,0.0027,0.012899999999999998,False
nuscenes_mini,a7acb150914b40bdad9a2dc4e657cbf9,pedestrian,1.0,18.41,B,0.0769,0.039599999999999996,0.0373,False
nuscenes_mini,a7acb150914b40bdad9a2dc4e657cbf9,pedestrian,1.0,28.2,B,0.0317,0.0027,0.028999999999999998,False
nuscenes_mini,a7acb150914b40bdad9a2dc4e657cbf9,trailer,0.5816993117332458,17.54,B,0.3306,0.039599999999999996,0.29100000000000004,True
nuscenes_mini,a7acb150914b40bdad9a2dc4e657cbf9,trailer,0.5897435545921326,14.33,A,0.4143,0.0864,0.32789999999999997,True
nuscenes_mini,a7acb150914b40bdad9a2dc4e657cbf9,pedestrian,1.0,37.53,C,0.0,0.0,0.0,False
nuscenes_mini,a7acb150914b40bdad9a2dc4e657cbf9,pedestrian,1.0,18.56,B,0.0179,0.039599999999999996,-0.021699999999999997,False
nuscenes_mini,a7acb150914b40bdad9a2dc4e657cbf9,pedestrian,1.0,12.72,A,0.0159,0.0864,-0.07050000000000001,False
nuscenes_mini,a7acb150914b40bdad9a2dc4e657cbf9,pedestrian,1.0,16.87,B,0.0,0.039599999999999996,-0.039599999999999996,False
nuscenes_mini,a7acb150914b40bdad9a2dc4e657cbf9,pedestrian,1.0,11.61,A,0.0972,0.0864,0.01079999999999999,False
nuscenes_mini,a7acb150914b40bdad9a2dc4e657cbf9,pedestrian,1.0,16.93,B,0.0,0.039599999999999996,-0.039599999999999996,False
nuscenes_mini,a7acb150914b40bdad9a2dc4e657cbf9,pedestrian,1.0,15.73,B,0.0,0.039599999999999996,-0.039599999999999996,False
nuscenes_mini,a7acb150914b40bdad9a2dc4e657cbf9,pedestrian,1.0,45.51,C,0.0,0.0,0.0,False
nuscenes_mini,a7acb150914b40bdad9a2dc4e657cbf9,pedestrian,1.0,23.65,B,0.0,0.0156,-0.0156,False
nuscenes_mini,a7acb150914b40bdad9a2dc4e657cbf9,pedestrian,1.0,39.6,C,0.0,0.0,0.0,False
nuscenes_mini,a7acb150914b40bdad9a2dc4e657cbf9,pedestrian,1.0,22.69,B,0.0,0.0156,-0.0156,False
nuscenes_mini,a7acb150914b40bdad9a2dc4e657cbf9,pedestrian,1.0,47.86,C,0.0,0.0,0.0,False
nuscenes_mini,a7acb150914b40bdad9a2dc4e657cbf9,car,0.8552036285400391,46.02,C,0.0,0.0,0.0,False
nuscenes_mini,a7acb150914b40bdad9a2dc4e657cbf9,car,0.6995305418968201,51.49,C,0.0,0.0,0.0,False
nuscenes_mini,a7acb150914b40bdad9a2dc4e657cbf9,construction_vehicle,0.941605806350708,9.95,A,0.0504,0.1481,-0.09770000000000001,False
nuscenes_mini,a7acb150914b40bdad9a2dc4e657cbf9,motorcycle,0.5631399154663086,5.77,A,0.0938,0.1481,-0.054300000000000015,False
nuscenes_mini,a7acb150914b40bdad9a2dc4e657cbf9,pedestrian,1.0,11.68,A,0.0635,0.0864,-0.022900000000000004,False
nuscenes_mini,a7acb150914b40bdad9a2dc4e657cbf9,car,0.9452055096626282,18.15,B,0.0592,0.039599999999999996,0.019600000000000006,False
nuscenes_mini,a7acb150914b40bdad9a2dc4e657cbf9,car,0.9609756469726562,11.78,A,0.3581,0.0864,0.27169999999999994,True
nuscenes_mini,a7acb150914b40bdad9a2dc4e657cbf9,truck,0.7419355511665344,17.88,B,0.029,0.039599999999999996,-0.010599999999999995,False
nuscenes_mini,a7acb150914b40bdad9a2dc4e657cbf9,trailer,0.5747508406639099,13.84,A,0.2831,0.0864,0.1967,True
nuscenes_mini,0cd661df01aa40c3bb3a773ba86f753a,car,0.92592591047287,9.43,A,0.1037,0.1481,-0.04440000000000001,False
nuscenes_mini,0cd661df01aa40c3bb3a773ba86f753a,bicycle,0.7655677795410156,27.61,B,0.0,0.0027,-0.0027,False
nuscenes_mini,0cd661df01aa40c3bb3a773ba86f753a,pedestrian,1.0,24.92,B,0.0,0.0156,-0.0156,False
nuscenes_mini,0cd661df01aa40c3bb3a773ba86f753a,pedestrian,1.0,16.4,B,0.025,0.039599999999999996,-0.014599999999999995,False
nuscenes_mini,0cd661df01aa40c3bb3a773ba86f753a,pedestrian,1.0,35.91,C,0.0,0.0,0.0,False
nuscenes_mini,0cd661df01aa40c3bb3a773ba86f753a,pedestrian,1.0,41.16,C,0.0,0.0,0.0,False
nuscenes_mini,0cd661df01aa40c3bb3a773ba86f753a,pedestrian,1.0,17.48,B,0.0,0.039599999999999996,-0.039599999999999996,False
nuscenes_mini,0cd661df01aa40c3bb3a773ba86f753a,pedestrian,1.0,28.1,B,0.0,0.0027,-0.0027,False
nuscenes_mini,0cd661df01aa40c3bb3a773ba86f753a,car,0.6717948913574219,40.43,C,0.0,0.0,0.0,False
nuscenes_mini,0cd661df01aa40c3bb3a773ba86f753a,car,0.8128654956817627,24.98,B,0.2965,0.0156,0.2809,True
nuscenes_mini,0cd661df01aa40c3bb3a773ba86f753a,truck,0.9298245906829834,14.33,A,0.1963,0.0864,0.1099,True
nuscenes_mini,0cd661df01aa40c3bb3a773ba86f753a,truck,0.9609756469726562,16.77,B,0.3594,0.039599999999999996,0.3198,True
nuscenes_mini,0cd661df01aa40c3bb3a773ba86f753a,pedestrian,1.0,43.32,C,0.0,0.0,0.0,False
nuscenes_mini,0cd661df01aa40c3bb3a773ba86f753a,pedestrian,1.0,37.41,C,0.0,0.0,0.0,False
nuscenes_mini,0cd661df01aa40c3bb3a773ba86f753a,pedestrian,1.0,13.87,A,0.037,0.0864,-0.049400000000000006,False
nuscenes_mini,0cd661df01aa40c3bb3a773ba86f753a,pedestrian,1.0,12.82,A,0.0156,0.0864,-0.0708,False
nuscenes_mini,0cd661df01aa40c3bb3a773ba86f753a,pedestrian,1.0,16.94,B,0.0,0.039599999999999996,-0.039599999999999996,False
nuscenes_mini,0cd661df01aa40c3bb3a773ba86f753a,pedestrian,1.0,42.81,C,0.0,0.0,0.0,False
nuscenes_mini,0cd661df01aa40c3bb3a773ba86f753a,pedestrian,1.0,42.55,C,0.0,0.0,0.0,False
nuscenes_mini,0cd661df01aa40c3bb3a773ba86f753a,pedestrian,1.0,24.1,B,0.0,0.0156,-0.0156,False
nuscenes_mini,0cd661df01aa40c3bb3a773ba86f753a,pedestrian,1.0,48.62,C,0.0,0.0,0.0,False
nuscenes_mini,0cd661df01aa40c3bb3a773ba86f753a,car,0.8632478713989258,46.37,C,0.0,0.0,0.0,False
nuscenes_mini,0cd661df01aa40c3bb3a773ba86f753a,construction_vehicle,0.9375000596046448,10.99,A,0.0481,0.0864,-0.03830000000000001,False
nuscenes_mini,0cd661df01aa40c3bb3a773ba86f753a,motorcycle,0.8632478713989258,7.88,A,0.0648,0.1481,-0.08330000000000001,False
nuscenes_mini,0cd661df01aa40c3bb3a773ba86f753a,pedestrian,1.0,48.79,C,0.0,0.0,0.0,False
nuscenes_mini,0cd661df01aa40c3bb3a773ba86f753a,car,0.9375000596046448,18.94,B,0.0096,0.039599999999999996,-0.03,False
nuscenes_mini,0cd661df01aa40c3bb3a773ba86f753a,car,0.9569892287254332,12.01,A,0.3434,0.0864,0.257,True
nuscenes_mini,0cd661df01aa40c3bb3a773ba86f753a,truck,0.7852349281311035,17.38,B,0.0517,0.039599999999999996,0.012100000000000007,False
nuscenes_mini,0cd661df01aa40c3bb3a773ba86f753a,trailer,0.5586206912994385,14.82,A,0.1968,0.0864,0.1104,True
nuscenes_mini,378a3a3e9af346308ab9dff8ced46d9c,car,0.9298245906829834,9.63,A,0.0866,0.1481,-0.06150000000000001,False
nuscenes_mini,378a3a3e9af346308ab9dff8ced46d9c,bicycle,0.7815700173377991,24.9,B,0.0,0.0156,-0.0156,False
nuscenes_mini,378a3a3e9af346308ab9dff8ced46d9c,pedestrian,1.0,15.81,B,0.0278,0.039599999999999996,-0.011799999999999998,False
nuscenes_mini,378a3a3e9af346308ab9dff8ced46d9c,pedestrian,1.0,21.22,B,0.0417,0.0156,0.0261,False
nuscenes_mini,378a3a3e9af346308ab9dff8ced46d9c,pedestrian,1.0,16.78,B,0.037,0.039599999999999996,-0.002599999999999998,False
nuscenes_mini,378a3a3e9af346308ab9dff8ced46d9c,pedestrian,1.0,23.75,B,0.0247,0.0156,0.0091,False
nuscenes_mini,378a3a3e9af346308ab9dff8ced46d9c,car,0.7730495929718018,36.65,C,0.0388,0.0,0.0388,False
nuscenes_mini,378a3a3e9af346308ab9dff8ced46d9c,car,0.7419355511665344,39.16,C,0.0,0.0,0.0,False
nuscenes_mini,378a3a3e9af346308ab9dff8ced46d9c,truck,0.9569892287254332,16.3,B,0.4138,0.039599999999999996,0.3742,True
nuscenes_mini,378a3a3e9af346308ab9dff8ced46d9c,pedestrian,1.0,20.97,B,0.0,0.0156,-0.0156,False
nuscenes_mini,378a3a3e9af346308ab9dff8ced46d9c,pedestrian,1.0,36.7,C,0.0,0.0,0.0,False
nuscenes_mini,378a3a3e9af346308ab9dff8ced46d9c,pedestrian,1.0,19.2,B,0.0185,0.039599999999999996,-0.021099999999999997,False
nuscenes_mini,378a3a3e9af346308ab9dff8ced46d9c,pedestrian,1.0,41.73,C,0.0,0.0,0.0,False
nuscenes_mini,378a3a3e9af346308ab9dff8ced46d9c,pedestrian,1.0,13.51,A,0.0139,0.0864,-0.07250000000000001,False
nuscenes_mini,378a3a3e9af346308ab9dff8ced46d9c,pedestrian,1.0,48.02,C,0.0,0.0,0.0,False
nuscenes_mini,378a3a3e9af346308ab9dff8ced46d9c,pedestrian,1.0,18.04,B,0.0536,0.039599999999999996,0.014000000000000005,False
nuscenes_mini,378a3a3e9af346308ab9dff8ced46d9c,pedestrian,1.0,20.15,B,0.0156,0.0156,0.0,False
nuscenes_mini,378a3a3e9af346308ab9dff8ced46d9c,pedestrian,1.0,25.21,B,0.0,0.0027,-0.0027,False
nuscenes_mini,378a3a3e9af346308ab9dff8ced46d9c,construction_vehicle,0.9336099624633788,12.0,A,0.0432,0.0864,-0.0432,False
nuscenes_mini,378a3a3e9af346308ab9dff8ced46d9c,construction_vehicle,0.5897435545921326,20.63,B,0.0215,0.0156,0.005899999999999999,False
nuscenes_mini,378a3a3e9af346308ab9dff8ced46d9c,motorcycle,0.8632478713989258,8.62,A,0.0997,0.1481,-0.04840000000000001,False
nuscenes_mini,378a3a3e9af346308ab9dff8ced46d9c,car,0.9298245906829834,19.62,B,0.0239,0.039599999999999996,-0.015699999999999995,False
nuscenes_mini,378a3a3e9af346308ab9dff8ced46d9c,car,0.9609756469726562,12.28,A,0.2977,0.0864,0.21130000000000002,True
nuscenes_mini,378a3a3e9af346308ab9dff8ced46d9c,truck,0.9452055096626282,14.78,A,0.1642,0.0864,0.07780000000000001,True
nuscenes_mini,378a3a3e9af346308ab9dff8ced46d9c,truck,0.8476190567016602,18.39,B,0.0005,0.039599999999999996,-0.039099999999999996,False
nuscenes_mini,eef55c3b48f34d949959b45130ee293a,car,0.9179486632347108,9.59,A,0.0601,0.1481,-0.08800000000000001,False
nuscenes_mini,eef55c3b48f34d949959b45130ee293a,bicycle,0.8400000333786011,23.79,B,0.0,0.0156,-0.0156,False
nuscenes_mini,eef55c3b48f34d949959b45130ee293a,pedestrian,1.0,20.6,B,0.0357,0.0156,0.020100000000000003,False
nuscenes_mini,eef55c3b48f34d949959b45130ee293a,pedestrian,1.0,15.11,B,0.0417,0.039599999999999996,0.0021000000000000046,False
nuscenes_mini,eef55c3b48f34d949959b45130ee293a,pedestrian,1.0,16.06,B,0.0,0.039599999999999996,-0.039599999999999996,False
nuscenes_mini,eef55c3b48f34d949959b45130ee293a,car,0.6289855241775513,38.29,C,0.0088,0.0,0.0088,False
nuscenes_mini,eef55c3b48f34d949959b45130ee293a,truck,0.9649122953414916,15.83,B,0.4753,0.039599999999999996,0.4357,True
nuscenes_mini,eef55c3b48f34d949959b45130ee293a,pedestrian,1.0,37.28,C,0.0,0.0,0.0,False
nuscenes_mini,eef55c3b48f34d949959b45130ee293a,pedestrian,1.0,13.56,A,0.0794,0.0864,-0.007000000000000006,False
nuscenes_mini,eef55c3b48f34d949959b45130ee293a,pedestrian,1.0,45.13,C,0.0,0.0,0.0,False
nuscenes_mini,eef55c3b48f34d949959b45130ee293a,pedestrian,1.0,14.67,A,0.0317,0.0864,-0.054700000000000006,False
nuscenes_mini,eef55c3b48f34d949959b45130ee293a,pedestrian,1.0,30.73,C,0.0,0.0,0.0,False
nuscenes_mini,eef55c3b48f34d949959b45130ee293a,pedestrian,1.0,21.29,B,0.0222,0.0156,0.006600000000000002,False
nuscenes_mini,eef55c3b48f34d949959b45130ee293a,pedestrian,1.0,26.25,B,0.0417,0.0027,0.039,False
nuscenes_mini,eef55c3b48f34d949959b45130ee293a,pedestrian,1.0,19.23,B,0.0,0.039599999999999996,-0.039599999999999996,False
nuscenes_mini,eef55c3b48f34d949959b45130ee293a,car,0.8476190567016602,49.18,C,0.0,0.0,0.0,False
nuscenes_mini,eef55c3b48f34d949959b45130ee293a,construction_vehicle,0.949367105960846,13.4,A,0.0337,0.0864,-0.052700000000000004,False
nuscenes_mini,eef55c3b48f34d949959b45130ee293a,construction_vehicle,0.5276752710342407,20.87,B,0.0003,0.0156,-0.0153,False
nuscenes_mini,eef55c3b48f34d949959b45130ee293a,motorcycle,0.8709677457809448,9.28,A,0.0907,0.1481,-0.05740000000000001,False
nuscenes_mini,eef55c3b48f34d949959b45130ee293a,pedestrian,1.0,30.79,C,0.0,0.0,0.0,False
nuscenes_mini,eef55c3b48f34d949959b45130ee293a,car,0.9336099624633788,20.44,B,0.0278,0.0156,0.012199999999999999,False
nuscenes_mini,eef55c3b48f34d949959b45130ee293a,car,0.9532163739204408,12.93,A,0.1513,0.0864,0.06489999999999999,True
nuscenes_mini,eef55c3b48f34d949959b45130ee293a,trailer,0.518796980381012,14.8,A,0.173,0.0864,0.08659999999999998,True
nuscenes_mini,5fda58ee3ae44ab9b4bbac7a2de66c27,car,0.9101123809814452,9.9,A,0.0535,0.1481,-0.09460000000000002,False
nuscenes_mini,5fda58ee3ae44ab9b4bbac7a2de66c27,bicycle,0.7387754917144775,22.72,B,0.0,0.0156,-0.0156,False
nuscenes_mini,5fda58ee3ae44ab9b4bbac7a2de66c27,pedestrian,1.0,3.93,A,0.4062,0.1769,0.2293,True
nuscenes_mini,5fda58ee3ae44ab9b4bbac7a2de66c27,pedestrian,1.0,5.76,A,0.525,0.1481,0.3769,True
nuscenes_mini,5fda58ee3ae44ab9b4bbac7a2de66c27,pedestrian,1.0,14.37,A,0.0357,0.0864,-0.0507,False
nuscenes_mini,5fda58ee3ae44ab9b4bbac7a2de66c27,pedestrian,1.0,29.61,B,0.0,0.0027,-0.0027,False
nuscenes_mini,5fda58ee3ae44ab9b4bbac7a2de66c27,pedestrian,1.0,19.69,B,0.0,0.039599999999999996,-0.039599999999999996,False
nuscenes_mini,5fda58ee3ae44ab9b4bbac7a2de66c27,pedestrian,1.0,5.61,A,0.4375,0.1481,0.2894,True
nuscenes_mini,5fda58ee3ae44ab9b4bbac7a2de66c27,pedestrian,1.0,21.05,B,0.0123,0.0156,-0.003299999999999999,False
nuscenes_mini,5fda58ee3ae44ab9b4bbac7a2de66c27,pedestrian,1.0,15.3,B,0.0556,0.039599999999999996,0.016,False
nuscenes_mini,5fda58ee3ae44ab9b4bbac7a2de66c27,truck,0.9609756469726562,15.33,B,0.4957,0.039599999999999996,0.45609999999999995,True
nuscenes_mini,5fda58ee3ae44ab9b4bbac7a2de66c27,pedestrian,1.0,22.08,B,0.1042,0.0156,0.0886,True
nuscenes_mini,5fda58ee3ae44ab9b4bbac7a2de66c27,pedestrian,1.0,15.66,B,0.0179,0.039599999999999996,-0.021699999999999997,False
nuscenes_mini,5fda58ee3ae44ab9b4bbac7a2de66c27,pedestrian,1.0,46.26,C,0.0,0.0,0.0,False
nuscenes_mini,5fda58ee3ae44ab9b4bbac7a2de66c27,pedestrian,1.0,26.99,B,0.0,0.0027,-0.0027,False
nuscenes_mini,5fda58ee3ae44ab9b4bbac7a2de66c27,pedestrian,1.0,22.35,B,0.0536,0.0156,0.038000000000000006,False
nuscenes_mini,5fda58ee3ae44ab9b4bbac7a2de66c27,pedestrian,1.0,21.86,B,0.0,0.0156,-0.0156,False
nuscenes_mini,5fda58ee3ae44ab9b4bbac7a2de66c27,motorcycle,0.6363636255264282,10.61,A,0.0753,0.0864,-0.011099999999999999,False
nuscenes_mini,5fda58ee3ae44ab9b4bbac7a2de66c27,construction_vehicle,0.9532163739204408,14.31,A,0.0277,0.0864,-0.0587,False
nuscenes_mini,5fda58ee3ae44ab9b4bbac7a2de66c27,construction_vehicle,0.7037037014961243,22.16,B,0.0,0.0156,-0.0156,False
nuscenes_mini,5fda58ee3ae44ab9b4bbac7a2de66c27,pedestrian,1.0,23.92,B,0.0,0.0156,-0.0156,False
nuscenes_mini,5fda58ee3ae44ab9b4bbac7a2de66c27,car,0.9609756469726562,13.57,A,0.0646,0.0864,-0.0218,False
nuscenes_mini,5fda58ee3ae44ab9b4bbac7a2de66c27,car,0.9452055096626282,21.35,B,0.0802,0.0156,0.06459999999999999,True
nuscenes_mini,5fda58ee3ae44ab9b4bbac7a2de66c27,trailer,0.6483516097068787,15.24,B,0.1626,0.039599999999999996,0.123,True
nuscenes_mini,919e3c4cec934168a3152077a9adcbea,car,0.9101123809814452,10.13,A,0.0457,0.0864,-0.04070000000000001,False
nuscenes_mini,919e3c4cec934168a3152077a9adcbea,bicycle,0.6521739363670349,21.74,B,0.0,0.0156,-0.0156,False
nuscenes_mini,919e3c4cec934168a3152077a9adcbea,pedestrian,1.0,35.74,C,0.0,0.0,0.0,False
nuscenes_mini,919e3c4cec934168a3152077a9adcbea,pedestrian,1.0,34.97,C,0.0,0.0,0.0,False
nuscenes_mini,919e3c4cec934168a3152077a9adcbea,pedestrian,1.0,23.71,B,0.0,0.0156,-0.0156,False
nuscenes_mini,919e3c4cec934168a3152077a9adcbea,pedestrian,1.0,13.8,A,0.0536,0.0864,-0.0328,False
nuscenes_mini,919e3c4cec934168a3152077a9adcbea,pedestrian,1.0,35.18,C,0.0,0.0,0.0,False
nuscenes_mini,919e3c4cec934168a3152077a9adcbea,pedestrian,1.0,19.57,B,0.0185,0.039599999999999996,-0.021099999999999997,False
nuscenes_mini,919e3c4cec934168a3152077a9adcbea,pedestrian,1.0,19.21,B,0.0333,0.039599999999999996,-0.006299999999999993,False
nuscenes_mini,919e3c4cec934168a3152077a9adcbea,pedestrian,1.0,30.69,C,0.0,0.0,0.0,False
nuscenes_mini,919e3c4cec934168a3152077a9adcbea,pedestrian,1.0,31.31,C,0.0,0.0,0.0,False
nuscenes_mini,919e3c4cec934168a3152077a9adcbea,pedestrian,1.0,45.7,C,0.0,0.0,0.0,False
nuscenes_mini,919e3c4cec934168a3152077a9adcbea,car,0.5540069937705994,36.88,C,0.0175,0.0,0.0175,False
nuscenes_mini,919e3c4cec934168a3152077a9adcbea,trailer,0.5345454812049866,15.04,B,0.4801,0.039599999999999996,0.4405,True
nuscenes_mini,919e3c4cec934168a3152077a9adcbea,pedestrian,1.0,16.77,B,0.0,0.039599999999999996,-0.039599999999999996,False
nuscenes_mini,919e3c4cec934168a3152077a9adcbea,pedestrian,1.0,23.84,B,0.0,0.0156,-0.0156,False
nuscenes_mini,919e3c4cec934168a3152077a9adcbea,pedestrian,1.0,22.96,B,0.0139,0.0156,-0.0017000000000000001,False
nuscenes_mini,919e3c4cec934168a3152077a9adcbea,pedestrian,1.0,16.72,B,0.0156,0.039599999999999996,-0.023999999999999997,False
nuscenes_mini,919e3c4cec934168a3152077a9adcbea,pedestrian,1.0,49.96,C,0.0,0.0,0.0,False
nuscenes_mini,919e3c4cec934168a3152077a9adcbea,pedestrian,1.0,23.76,B,0.0,0.0156,-0.0156,False
nuscenes_mini,919e3c4cec934168a3152077a9adcbea,pedestrian,1.0,24.18,B,0.0397,0.0156,0.0241,False
nuscenes_mini,919e3c4cec934168a3152077a9adcbea,motorcycle,0.7852349281311035,10.52,A,0.1078,0.0864,0.021400000000000002,False
nuscenes_mini,919e3c4cec934168a3152077a9adcbea,construction_vehicle,0.9452055096626282,15.49,B,0.0257,0.039599999999999996,-0.013899999999999996,False
nuscenes_mini,919e3c4cec934168a3152077a9adcbea,construction_vehicle,0.6132930517196655,20.87,B,0.0262,0.0156,0.010600000000000002,False
nuscenes_mini,919e3c4cec934168a3152077a9adcbea,pedestrian,1.0,23.87,B,0.0,0.0156,-0.0156,False
nuscenes_mini,919e3c4cec934168a3152077a9adcbea,car,0.9452055096626282,14.12,A,0.0874,0.0864,0.0010000000000000009,False
nuscenes_mini,919e3c4cec934168a3152077a9adcbea,car,0.9139785170555116,22.15,B,0.0483,0.0156,0.03270000000000001,False
nuscenes_mini,919e3c4cec934168a3152077a9adcbea,trailer,0.604938268661499,16.09,B,0.1263,0.039599999999999996,0.0867,True
nuscenes_mini,b73152cab88f49d9ba195da81fde1809,car,0.92592591047287,10.34,A,0.036,0.0864,-0.05040000000000001,False
nuscenes_mini,b73152cab88f49d9ba195da81fde1809,pedestrian,1.0,13.45,A,0.0,0.0864,-0.0864,False
nuscenes_mini,b73152cab88f49d9ba195da81fde1809,pedestrian,1.0,33.74,C,0.0,0.0,0.0,False
nuscenes_mini,b73152cab88f49d9ba195da81fde1809,pedestrian,1.0,29.44,B,0.0,0.0027,-0.0027,False
nuscenes_mini,b73152cab88f49d9ba195da81fde1809,pedestrian,1.0,34.55,C,0.0,0.0,0.0,False
nuscenes_mini,b73152cab88f49d9ba195da81fde1809,pedestrian,1.0,29.76,B,0.0,0.0027,-0.0027,False
nuscenes_mini,b73152cab88f49d9ba195da81fde1809,pedestrian,1.0,34.13,C,0.0,0.0,0.0,False
nuscenes_mini,b73152cab88f49d9ba195da81fde1809,pedestrian,1.0,30.18,C,0.0,0.0,0.0,False
nuscenes_mini,b73152cab88f49d9ba195da81fde1809,car,0.8083832263946533,30.85,C,0.1065,0.0,0.1065,True
nuscenes_mini,b73152cab88f49d9ba195da81fde1809,trailer,0.7500000596046448,14.69,A,0.4476,0.0864,0.36119999999999997,True
nuscenes_mini,b73152cab88f49d9ba195da81fde1809,pedestrian,1.0,29.9,B,0.0278,0.0027,0.025099999999999997,False
nuscenes_mini,b73152cab88f49d9ba195da81fde1809,pedestrian,1.0,24.59,B,0.037,0.0156,0.0214,False
nuscenes_mini,b73152cab88f49d9ba195da81fde1809,pedestrian,1.0,17.77,B,0.0417,0.039599999999999996,0.0021000000000000046,False
nuscenes_mini,b73152cab88f49d9ba195da81fde1809,pedestrian,1.0,33.88,C,0.0,0.0,0.0,False
nuscenes_mini,b73152cab88f49d9ba195da81fde1809,pedestrian,1.0,23.83,B,0.0159,0.0156,0.00030000000000000165,False
nuscenes_mini,b73152cab88f49d9ba195da81fde1809,pedestrian,1.0,22.88,B,0.0,0.0156,-0.0156,False
nuscenes_mini,b73152cab88f49d9ba195da81fde1809,pedestrian,1.0,25.78,B,0.0222,0.0027,0.0195,False
nuscenes_mini,b73152cab88f49d9ba195da81fde1809,car,0.9298245906829834,22.95,B,0.024,0.0156,0.008400000000000001,False
nuscenes_mini,b73152cab88f49d9ba195da81fde1809,motorcycle,0.7815700173377991,11.28,A,0.1057,0.0864,0.019299999999999998,False
nuscenes_mini,b73152cab88f49d9ba195da81fde1809,construction_vehicle,0.9452055096626282,16.62,B,0.0258,0.039599999999999996,-0.013799999999999996,False
nuscenes_mini,b73152cab88f49d9ba195da81fde1809,construction_vehicle,0.7104072570800781,21.66,B,0.0255,0.0156,0.009899999999999999,False
nuscenes_mini,b73152cab88f49d9ba195da81fde1809,car,0.949367105960846,14.89,A,0.0571,0.0864,-0.029300000000000007,False
nuscenes_mini,b73152cab88f49d9ba195da81fde1809,trailer,0.7264957427978516,16.42,B,0.1166,0.039599999999999996,0.077,True
nuscenes_mini,6aa6fa91e0d1492e812eb7e57c47df6e,car,0.9375000596046448,10.32,A,0.028,0.0864,-0.05840000000000001,False
nuscenes_mini,6aa6fa91e0d1492e812eb7e57c47df6e,pedestrian,1.0,32.22,C,0.0,0.0,0.0,False
nuscenes_mini,6aa6fa91e0d1492e812eb7e57c47df6e,pedestrian,1.0,13.54,A,0.0938,0.0864,0.00739999999999999,False
nuscenes_mini,6aa6fa91e0d1492e812eb7e57c47df6e,pedestrian,1.0,12.84,A,0.0,0.0864,-0.0864,False
nuscenes_mini,6aa6fa91e0d1492e812eb7e57c47df6e,pedestrian,1.0,29.49,B,0.0,0.0027,-0.0027,False
nuscenes_mini,6aa6fa91e0d1492e812eb7e57c47df6e,pedestrian,1.0,28.04,B,0.0,0.0027,-0.0027,False
nuscenes_mini,6aa6fa91e0d1492e812eb7e57c47df6e,pedestrian,1.0,17.57,B,0.0185,0.039599999999999996,-0.021099999999999997,False
nuscenes_mini,6aa6fa91e0d1492e812eb7e57c47df6e,pedestrian,1.0,32.65,C,0.0,0.0,0.0,False
nuscenes_mini,6aa6fa91e0d1492e812eb7e57c47df6e,pedestrian,1.0,49.71,C,0.0,0.0,0.0,False
nuscenes_mini,6aa6fa91e0d1492e812eb7e57c47df6e,pedestrian,1.0,18.8,B,0.037,0.039599999999999996,-0.002599999999999998,False
nuscenes_mini,6aa6fa91e0d1492e812eb7e57c47df6e,pedestrian,1.0,33.47,C,0.0,0.0,0.0,False
nuscenes_mini,6aa6fa91e0d1492e812eb7e57c47df6e,pedestrian,1.0,25.55,B,0.0,0.0027,-0.0027,False
nuscenes_mini,6aa6fa91e0d1492e812eb7e57c47df6e,pedestrian,1.0,25.41,B,0.0208,0.0027,0.018099999999999998,False
nuscenes_mini,6aa6fa91e0d1492e812eb7e57c47df6e,car,0.7344398498535156,49.03,C,0.0,0.0,0.0,False
nuscenes_mini,6aa6fa91e0d1492e812eb7e57c47df6e,car,0.92592591047287,23.92,B,0.0226,0.0156,0.006999999999999999,False
nuscenes_mini,6aa6fa91e0d1492e812eb7e57c47df6e,construction_vehicle,0.9336099624633788,17.7,B,0.0234,0.039599999999999996,-0.016199999999999996,False
nuscenes_mini,6aa6fa91e0d1492e812eb7e57c47df6e,construction_vehicle,0.5460992455482483,22.35,B,0.0221,0.0156,0.006500000000000002,False
nuscenes_mini,6aa6fa91e0d1492e812eb7e57c47df6e,car,0.9452055096626282,15.66,B,0.0464,0.039599999999999996,0.0068000000000000005,False
nuscenes_mini,6aa6fa91e0d1492e812eb7e57c47df6e,trailer,0.7299578189849854,17.17,B,0.0843,0.039599999999999996,0.044700000000000004,False
nuscenes_mini,6aa6fa91e0d1492e812eb7e57c47df6e,trailer,0.7142857313156128,14.24,A,0.2943,0.0864,0.2079,True
nuscenes_mini,aa581aac963a4fad848ac11fe66e8637,car,0.9298245906829834,9.99,A,0.0426,0.1481,-0.10550000000000001,False
nuscenes_mini,aa581aac963a4fad848ac11fe66e8637,pedestrian,1.0,31.6,C,0.0,0.0,0.0,False
nuscenes_mini,aa581aac963a4fad848ac11fe66e8637,pedestrian,1.0,31.73,C,0.0,0.0,0.0,False
nuscenes_mini,aa581aac963a4fad848ac11fe66e8637,pedestrian,1.0,13.14,A,0.0185,0.0864,-0.0679,False
nuscenes_mini,aa581aac963a4fad848ac11fe66e8637,pedestrian,1.0,12.46,A,0.0833,0.0864,-0.0031000000000000055,False
nuscenes_mini,aa581aac963a4fad848ac11fe66e8637,pedestrian,1.0,16.67,B,0.0,0.039599999999999996,-0.039599999999999996,False
nuscenes_mini,aa581aac963a4fad848ac11fe66e8637,pedestrian,1.0,27.62,B,0.0,0.0027,-0.0027,False
nuscenes_mini,aa581aac963a4fad848ac11fe66e8637,pedestrian,1.0,26.65,B,0.0,0.0027,-0.0027,False
nuscenes_mini,aa581aac963a4fad848ac11fe66e8637,pedestrian,1.0,25.46,B,0.0,0.0027,-0.0027,False
nuscenes_mini,aa581aac963a4fad848ac11fe66e8637,pedestrian,1.0,30.23,C,0.0,0.0,0.0,False
nuscenes_mini,aa581aac963a4fad848ac11fe66e8637,car,0.9452055096626282,10.59,A,0.0061,0.0864,-0.08030000000000001,False
nuscenes_mini,aa581aac963a4fad848ac11fe66e8637,car,0.827957034111023,29.21,B,0.1425,0.0027,0.13979999999999998,True
nuscenes_mini,aa581aac963a4fad848ac11fe66e8637,car,0.8048780560493469,34.85,C,0.0874,0.0,0.0874,True
nuscenes_mini,aa581aac963a4fad848ac11fe66e8637,car,0.5241636037826538,35.07,C,0.0793,0.0,0.0793,True
nuscenes_mini,aa581aac963a4fad848ac11fe66e8637,pedestrian,1.0,31.96,C,0.0,0.0,0.0,False
nuscenes_mini,aa581aac963a4fad848ac11fe66e8637,pedestrian,1.0,26.51,B,0.05,0.0027,0.0473,False
nuscenes_mini,aa581aac963a4fad848ac11fe66e8637,pedestrian,1.0,19.84,B,0.0397,0.039599999999999996,0.00010000000000000286,False
nuscenes_mini,aa581aac963a4fad848ac11fe66e8637,pedestrian,1.0,26.12,B,0.0139,0.0027,0.011199999999999998,False
nuscenes_mini,aa581aac963a4fad848ac11fe66e8637,pedestrian,1.0,25.72,B,0.0317,0.0027,0.028999999999999998,False
nuscenes_mini,aa581aac963a4fad848ac11fe66e8637,pedestrian,1.0,28.85,B,0.0,0.0027,-0.0027,False
nuscenes_mini,aa581aac963a4fad848ac11fe66e8637,pedestrian,1.0,32.0,C,0.0,0.0,0.0,False
nuscenes_mini,aa581aac963a4fad848ac11fe66e8637,car,0.6952381134033203,43.05,C,0.0024,0.0,0.0024,False
nuscenes_mini,aa581aac963a4fad848ac11fe66e8637,car,0.9101123809814452,24.53,B,0.0281,0.0156,0.0125,False
nuscenes_mini,aa581aac963a4fad848ac11fe66e8637,motorcycle,0.8202247023582458,13.23,A,0.125,0.0864,0.038599999999999995,False
nuscenes_mini,aa581aac963a4fad848ac11fe66e8637,construction_vehicle,0.5114504098892212,23.34,B,0.0138,0.0156,-0.0017999999999999995,False
nuscenes_mini,aa581aac963a4fad848ac11fe66e8637,construction_vehicle,0.941605806350708,18.84,B,0.0227,0.039599999999999996,-0.016899999999999995,False
nuscenes_mini,aa581aac963a4fad848ac11fe66e8637,pedestrian,1.0,12.51,A,0.0714,0.0864,-0.015,False
nuscenes_mini,aa581aac963a4fad848ac11fe66e8637,car,0.941605806350708,16.77,B,0.0312,0.039599999999999996,-0.008399999999999998,False
nuscenes_mini,aa581aac963a4fad848ac11fe66e8637,trailer,0.6995305418968201,17.52,B,0.0259,0.039599999999999996,-0.013699999999999997,False
nuscenes_mini,aa581aac963a4fad848ac11fe66e8637,trailer,0.6800000071525574,14.41,A,0.2107,0.0864,0.1243,True
nuscenes_mini,67e5f88901214f3aa03d68e028185e22,car,0.9179486632347108,9.48,A,0.0462,0.1481,-0.10190000000000002,False
nuscenes_mini,67e5f88901214f3aa03d68e028185e22,bicycle,0.7142857313156128,17.77,B,0.0,0.039599999999999996,-0.039599999999999996,False
nuscenes_mini,67e5f88901214f3aa03d68e028185e22,pedestrian,1.0,30.29,C,0.0,0.0,0.0,False
nuscenes_mini,67e5f88901214f3aa03d68e028185e22,pedestrian,1.0,25.51,B,0.0,0.0027,-0.0027,False
nuscenes_mini,67e5f88901214f3aa03d68e028185e22,pedestrian,1.0,15.71,B,0.0,0.039599999999999996,-0.039599999999999996,False
nuscenes_mini,67e5f88901214f3aa03d68e028185e22,pedestrian,1.0,26.94,B,0.0,0.0027,-0.0027,False
nuscenes_mini,67e5f88901214f3aa03d68e028185e22,pedestrian,1.0,18.16,B,0.0617,0.039599999999999996,0.0221,False
nuscenes_mini,67e5f88901214f3aa03d68e028185e22,pedestrian,1.0,12.15,A,0.0375,0.0864,-0.048900000000000006,False
nuscenes_mini,67e5f88901214f3aa03d68e028185e22,pedestrian,1.0,26.47,B,0.0,0.0027,-0.0027,False
nuscenes_mini,67e5f88901214f3aa03d68e028185e22,pedestrian,1.0,29.99,B,0.0,0.0027,-0.0027,False
nuscenes_mini,67e5f88901214f3aa03d68e028185e22,car,0.949367105960846,9.81,A,0.0345,0.1481,-0.1136,False
nuscenes_mini,67e5f88901214f3aa03d68e028185e22,car,0.6483516097068787,34.19,C,0.1421,0.0,0.1421,True
nuscenes_mini,67e5f88901214f3aa03d68e028185e22,pedestrian,1.0,35.82,C,0.0,0.0,0.0,False
nuscenes_mini,67e5f88901214f3aa03d68e028185e22,pedestrian,1.0,26.95,B,0.0,0.0027,-0.0027,False
nuscenes_mini,67e5f88901214f3aa03d68e028185e22,pedestrian,1.0,31.96,C,0.0,0.0,0.0,False
nuscenes_mini,67e5f88901214f3aa03d68e028185e22,pedestrian,1.0,33.23,C,0.0156,0.0,0.0156,False
nuscenes_mini,67e5f88901214f3aa03d68e028185e22,car,0.9024390578269958,25.47,B,0.0374,0.0027,0.0347,False
nuscenes_mini,67e5f88901214f3aa03d68e028185e22,car,0.949367105960846,17.44,B,0.063,0.039599999999999996,0.023400000000000004,False
nuscenes_mini,67e5f88901214f3aa03d68e028185e22,motorcycle,0.827957034111023,14.03,A,0.1477,0.0864,0.06129999999999999,True
nuscenes_mini,67e5f88901214f3aa03d68e028185e22,construction_vehicle,0.5151515007019043,24.64,B,0.0178,0.0156,0.0022000000000000006,False
nuscenes_mini,67e5f88901214f3aa03d68e028185e22,construction_vehicle,0.9375000596046448,19.96,B,0.021,0.039599999999999996,-0.018599999999999995,False
nuscenes_mini,67e5f88901214f3aa03d68e028185e22,pedestrian,1.0,12.14,A,0.0417,0.0864,-0.044700000000000004,False
nuscenes_mini,67e5f88901214f3aa03d68e028185e22,pedestrian,1.0,18.3,B,0.0125,0.039599999999999996,-0.027099999999999996,False
nuscenes_mini,67e5f88901214f3aa03d68e028185e22,trailer,0.7575758099555969,18.31,B,0.0483,0.039599999999999996,0.008700000000000006,False
nuscenes_mini,67e5f88901214f3aa03d68e028185e22,trailer,0.7104072570800781,14.28,A,0.1601,0.0864,0.07369999999999999,True
nuscenes_mini,29e056fc277543c9bc42310b122c640e,car,0.7500000596046448,8.48,A,0.0627,0.1481,-0.0854,False
nuscenes_mini,29e056fc277543c9bc42310b122c640e,bicycle,0.6167664527893066,16.67,B,0.0,0.039599999999999996,-0.039599999999999996,False
nuscenes_mini,29e056fc277543c9bc42310b122c640e,bicycle,0.8358974456787109,15.83,B,0.0437,0.039599999999999996,0.004100000000000006,False
nuscenes_mini,29e056fc277543c9bc42310b122c640e,pedestrian,1.0,25.13,B,0.0156,0.0027,0.012899999999999998,False
nuscenes_mini,29e056fc277543c9bc42310b122c640e,pedestrian,1.0,26.25,B,0.0,0.0027,-0.0027,False
nuscenes_mini,29e056fc277543c9bc42310b122c640e,pedestrian,1.0,24.23,B,0.0556,0.0156,0.039999999999999994,False
nuscenes_mini,29e056fc277543c9bc42310b122c640e,pedestrian,1.0,26.49,B,0.0,0.0027,-0.0027,False
nuscenes_mini,29e056fc277543c9bc42310b122c640e,pedestrian,1.0,14.27,A,0.0125,0.0864,-0.07390000000000001,False
nuscenes_mini,29e056fc277543c9bc42310b122c640e,pedestrian,1.0,28.29,B,0.0,0.0027,-0.0027,False
nuscenes_mini,29e056fc277543c9bc42310b122c640e,pedestrian,1.0,29.28,B,0.0,0.0027,-0.0027,False
nuscenes_mini,29e056fc277543c9bc42310b122c640e,pedestrian,1.0,26.34,B,0.0,0.0027,-0.0027,False
nuscenes_mini,29e056fc277543c9bc42310b122c640e,pedestrian,1.0,28.55,B,0.0,0.0027,-0.0027,False
nuscenes_mini,29e056fc277543c9bc42310b122c640e,car,0.9375000596046448,9.15,A,0.0392,0.1481,-0.10890000000000001,False
nuscenes_mini,29e056fc277543c9bc42310b122c640e,pedestrian,1.0,32.22,C,0.0179,0.0,0.0179,False
nuscenes_mini,29e056fc277543c9bc42310b122c640e,pedestrian,1.0,27.85,B,0.0469,0.0027,0.044199999999999996,False
nuscenes_mini,29e056fc277543c9bc42310b122c640e,pedestrian,1.0,34.51,C,0.0,0.0,0.0,False
nuscenes_mini,29e056fc277543c9bc42310b122c640e,pedestrian,1.0,12.62,A,0.0833,0.0864,-0.0031000000000000055,False
nuscenes_mini,29e056fc277543c9bc42310b122c640e,pedestrian,1.0,22.1,B,0.125,0.0156,0.1094,True
nuscenes_mini,29e056fc277543c9bc42310b122c640e,car,0.8632478713989258,27.78,B,0.0164,0.0027,0.0137,False
nuscenes_mini,29e056fc277543c9bc42310b122c640e,car,0.9375000596046448,18.65,B,0.0291,0.039599999999999996,-0.010499999999999995,False
nuscenes_mini,29e056fc277543c9bc42310b122c640e,motorcycle,0.7419355511665344,15.14,B,0.0805,0.039599999999999996,0.040900000000000006,False
nuscenes_mini,29e056fc277543c9bc42310b122c640e,construction_vehicle,0.507692277431488,25.38,B,0.0297,0.0027,0.027,False
nuscenes_mini,29e056fc277543c9bc42310b122c640e,construction_vehicle,0.9298245906829834,21.39,B,0.0169,0.0156,0.001299999999999999,False
nuscenes_mini,29e056fc277543c9bc42310b122c640e,pedestrian,1.0,11.91,A,0.0741,0.0864,-0.012300000000000005,False
nuscenes_mini,29e056fc277543c9bc42310b122c640e,pedestrian,1.0,11.85,A,0.0,0.0864,-0.0864,False
nuscenes_mini,29e056fc277543c9bc42310b122c640e,pedestrian,1.0,26.5,B,0.0,0.0027,-0.0027,False
nuscenes_mini,29e056fc277543c9bc42310b122c640e,trailer,0.7264957427978516,18.47,B,0.0636,0.039599999999999996,0.024000000000000007,False
nuscenes_mini,29e056fc277543c9bc42310b122c640e,trailer,0.7037037014961243,14.56,A,0.2376,0.0864,0.1512,True
nuscenes_mini,ed5fc18c31904f96a8f0dbb99ff069c0,car,0.8241757750511169,7.89,A,0.0882,0.1481,-0.05990000000000001,False
nuscenes_mini,ed5fc18c31904f96a8f0dbb99ff069c0,bicycle,0.7928802371025085,14.85,A,0.1625,0.0864,0.0761,True
nuscenes_mini,ed5fc18c31904f96a8f0dbb99ff069c0,bicycle,0.5936508178710938,15.44,B,0.0833,0.039599999999999996,0.0437,False
nuscenes_mini,ed5fc18c31904f96a8f0dbb99ff069c0,pedestrian,1.0,16.97,B,0.0556,0.039599999999999996,0.016,False
nuscenes_mini,ed5fc18c31904f96a8f0dbb99ff069c0,pedestrian,1.0,26.21,B,0.0,0.0027,-0.0027,False
nuscenes_mini,ed5fc18c31904f96a8f0dbb99ff069c0,pedestrian,1.0,11.67,A,0.05,0.0864,-0.0364,False
nuscenes_mini,ed5fc18c31904f96a8f0dbb99ff069c0,pedestrian,1.0,11.64,A,0.0556,0.0864,-0.030800000000000008,False
nuscenes_mini,ed5fc18c31904f96a8f0dbb99ff069c0,pedestrian,1.0,26.52,B,0.0,0.0027,-0.0027,False
nuscenes_mini,ed5fc18c31904f96a8f0dbb99ff069c0,pedestrian,1.0,14.17,A,0.0635,0.0864,-0.022900000000000004,False
nuscenes_mini,ed5fc18c31904f96a8f0dbb99ff069c0,pedestrian,1.0,13.02,A,0.0375,0.0864,-0.048900000000000006,False
nuscenes_mini,ed5fc18c31904f96a8f0dbb99ff069c0,pedestrian,1.0,24.22,B,0.0,0.0156,-0.0156,False
nuscenes_mini,ed5fc18c31904f96a8f0dbb99ff069c0,car,0.9375000596046448,8.9,A,0.0393,0.1481,-0.10880000000000001,False
nuscenes_mini,ed5fc18c31904f96a8f0dbb99ff069c0,pedestrian,1.0,33.48,C,0.0278,0.0,0.0278,False
nuscenes_mini,ed5fc18c31904f96a8f0dbb99ff069c0,pedestrian,1.0,28.5,B,0.0247,0.0027,0.022,False
nuscenes_mini,ed5fc18c31904f96a8f0dbb99ff069c0,pedestrian,1.0,23.13,B,0.0222,0.0156,0.006600000000000002,False
nuscenes_mini,ed5fc18c31904f96a8f0dbb99ff069c0,pedestrian,1.0,35.49,C,0.0,0.0,0.0,False
nuscenes_mini,ed5fc18c31904f96a8f0dbb99ff069c0,car,0.9452055096626282,19.26,B,0.0364,0.039599999999999996,-0.0031999999999999945,False
nuscenes_mini,ed5fc18c31904f96a8f0dbb99ff069c0,motorcycle,0.8048780560493469,40.13,C,0.0,0.0,0.0,False
nuscenes_mini,ed5fc18c31904f96a8f0dbb99ff069c0,truck,0.5897435545921326,30.02,C,0.0004,0.0,0.0004,False
nuscenes_mini,ed5fc18c31904f96a8f0dbb99ff069c0,construction_vehicle,0.92592591047287,22.22,B,0.0151,0.0156,-0.0004999999999999987,False
nuscenes_mini,ed5fc18c31904f96a8f0dbb99ff069c0,trailer,0.5857605338096619,20.29,B,0.0452,0.0156,0.029599999999999998,False
nuscenes_mini,ed5fc18c31904f96a8f0dbb99ff069c0,pedestrian,1.0,15.22,B,0.0,0.039599999999999996,-0.039599999999999996,False
nuscenes_mini,ed5fc18c31904f96a8f0dbb99ff069c0,pedestrian,1.0,14.28,A,0.075,0.0864,-0.011400000000000007,False
nuscenes_mini,ed5fc18c31904f96a8f0dbb99ff069c0,pedestrian,1.0,11.68,A,0.0417,0.0864,-0.044700000000000004,False
nuscenes_mini,ed5fc18c31904f96a8f0dbb99ff069c0,trailer,0.7575758099555969,14.85,A,0.1168,0.0864,0.030399999999999996,False
nuscenes_mini,8687ba92abd3406aa797115b874ebeba,pedestrian,1.0,16.12,B,0.1939,0.039599999999999996,0.1543,True
nuscenes_mini,8687ba92abd3406aa797115b874ebeba,bicycle,0.8987342119216919,22.32,B,0.1063,0.0156,0.0907,True
nuscenes_mini,8687ba92abd3406aa797115b874ebeba,pedestrian,1.0,17.78,B,0.0694,0.039599999999999996,0.029800000000000007,False
nuscenes_mini,8687ba92abd3406aa797115b874ebeba,pedestrian,1.0,23.83,B,0.0,0.0156,-0.0156,False
nuscenes_mini,8687ba92abd3406aa797115b874ebeba,pedestrian,1.0,17.9,B,0.1,0.039599999999999996,0.06040000000000001,True
nuscenes_mini,8687ba92abd3406aa797115b874ebeba,pedestrian,1.0,25.45,B,0.0,0.0027,-0.0027,False
nuscenes_mini,8687ba92abd3406aa797115b874ebeba,pedestrian,1.0,24.16,B,0.0,0.0156,-0.0156,False
nuscenes_mini,8687ba92abd3406aa797115b874ebeba,pedestrian,1.0,21.49,B,0.0808,0.0156,0.0652,True
nuscenes_mini,8687ba92abd3406aa797115b874ebeba,car,0.949367105960846,4.03,A,0.2333,0.1769,0.056400000000000006,True
nuscenes_mini,8687ba92abd3406aa797115b874ebeba,bus,0.7655677795410156,49.1,C,0.0,0.0,0.0,False
nuscenes_mini,8687ba92abd3406aa797115b874ebeba,truck,0.976608157157898,11.32,A,0.0291,0.0864,-0.057300000000000004,False
nuscenes_mini,8687ba92abd3406aa797115b874ebeba,truck,0.8709677457809448,6.61,A,0.0847,0.1481,-0.06340000000000001,False
nuscenes_mini,8687ba92abd3406aa797115b874ebeba,car,0.9649122953414916,3.55,A,0.2651,0.1769,0.0882,True
nuscenes_mini,5bbeb4e68d51413f81a370cb33ef27fb,bicycle,0.8358974456787109,26.8,B,0.0163,0.0027,0.013599999999999998,False
nuscenes_mini,5bbeb4e68d51413f81a370cb33ef27fb,pedestrian,1.0,17.26,B,0.0617,0.039599999999999996,0.0221,False
nuscenes_mini,5bbeb4e68d51413f81a370cb33ef27fb,pedestrian,1.0,24.6,B,0.0222,0.0156,0.006600000000000002,False
nuscenes_mini,5bbeb4e68d51413f81a370cb33ef27fb,pedestrian,1.0,49.74,C,0.0,0.0,0.0,False
nuscenes_mini,5bbeb4e68d51413f81a370cb33ef27fb,pedestrian,1.0,17.26,B,0.0972,0.039599999999999996,0.0576,True
nuscenes_mini,5bbeb4e68d51413f81a370cb33ef27fb,pedestrian,1.0,23.75,B,0.0,0.0156,-0.0156,False
nuscenes_mini,5bbeb4e68d51413f81a370cb33ef27fb,pedestrian,1.0,7.79,A,0.125,0.1481,-0.02310000000000001,False
nuscenes_mini,5bbeb4e68d51413f81a370cb33ef27fb,pedestrian,1.0,24.07,B,0.0,0.0156,-0.0156,False
nuscenes_mini,5bbeb4e68d51413f81a370cb33ef27fb,pedestrian,1.0,20.93,B,0.0926,0.0156,0.077,True
nuscenes_mini,5bbeb4e68d51413f81a370cb33ef27fb,car,0.8012422323226929,31.79,C,0.0,0.0,0.0,False
nuscenes_mini,5bbeb4e68d51413f81a370cb33ef27fb,bus,0.7968254089355469,51.9,C,0.0,0.0,0.0,False
nuscenes_mini,5bbeb4e68d51413f81a370cb33ef27fb,pedestrian,1.0,16.58,B,0.1429,0.039599999999999996,0.1033,True
nuscenes_mini,5bbeb4e68d51413f81a370cb33ef27fb,bicycle,0.9024390578269958,22.01,B,0.0621,0.0156,0.0465,False
nuscenes_mini,5bbeb4e68d51413f81a370cb33ef27fb,truck,0.976608157157898,11.36,A,0.0275,0.0864,-0.05890000000000001,False
nuscenes_mini,5bbeb4e68d51413f81a370cb33ef27fb,truck,0.8632478713989258,6.65,A,0.0841,0.1481,-0.06400000000000002,False
nuscenes_mini,5bbeb4e68d51413f81a370cb33ef27fb,car,0.96875,3.54,A,0.2459,0.1769,0.069,True
nuscenes_mini,e9a1c915c0d641d0b0a3019112a1ee90,pedestrian,1.0,21.36,B,0.0,0.0156,-0.0156,False
nuscenes_mini,e9a1c915c0d641d0b0a3019112a1ee90,pedestrian,1.0,20.65,B,0.0694,0.0156,0.0538,True
nuscenes_mini,e9a1c915c0d641d0b0a3019112a1ee90,pedestrian,1.0,7.72,A,0.25,0.1481,0.10189999999999999,True
nuscenes_mini,e9a1c915c0d641d0b0a3019112a1ee90,pedestrian,1.0,24.02,B,0.0,0.0156,-0.0156,False
nuscenes_mini,e9a1c915c0d641d0b0a3019112a1ee90,pedestrian,1.0,20.36,B,0.0952,0.0156,0.0796,True
nuscenes_mini,e9a1c915c0d641d0b0a3019112a1ee90,pedestrian,1.0,16.52,B,0.0741,0.039599999999999996,0.0345,False
nuscenes_mini,e9a1c915c0d641d0b0a3019112a1ee90,pedestrian,1.0,50.45,C,0.0,0.0,0.0,False
nuscenes_mini,e9a1c915c0d641d0b0a3019112a1ee90,car,0.8160918951034546,29.47,B,0.0,0.0027,-0.0027,False
nuscenes_mini,e9a1c915c0d641d0b0a3019112a1ee90,bus,0.7500000596046448,44.69,C,0.0002,0.0,0.0002,False
nuscenes_mini,e9a1c915c0d641d0b0a3019112a1ee90,bicycle,0.9179486632347108,21.92,B,0.0775,0.0156,0.0619,True
nuscenes_mini,e9a1c915c0d641d0b0a3019112a1ee90,truck,0.976608157157898,11.25,A,0.0287,0.0864,-0.0577,False
nuscenes_mini,e9a1c915c0d641d0b0a3019112a1ee90,truck,0.8750000596046448,6.62,A,0.0874,0.1481,-0.060700000000000004,False
nuscenes_mini,e9a1c915c0d641d0b0a3019112a1ee90,car,0.9649122953414916,3.52,A,0.2444,0.1769,0.0675,True
nuscenes_mini,f5b8088835f247b8a5434a9f0daadc20,pedestrian,1.0,23.8,B,0.0,0.0156,-0.0156,False
nuscenes_mini,f5b8088835f247b8a5434a9f0daadc20,pedestrian,1.0,23.92,B,0.0,0.0156,-0.0156,False
nuscenes_mini,f5b8088835f247b8a5434a9f0daadc20,pedestrian,1.0,47.73,C,0.0,0.0,0.0,False
nuscenes_mini,f5b8088835f247b8a5434a9f0daadc20,pedestrian,1.0,20.15,B,0.037,0.0156,0.0214,False
nuscenes_mini,f5b8088835f247b8a5434a9f0daadc20,pedestrian,1.0,37.33,C,0.0,0.0,0.0,False
nuscenes_mini,f5b8088835f247b8a5434a9f0daadc20,pedestrian,1.0,19.78,B,0.1111,0.039599999999999996,0.07150000000000001,True
nuscenes_mini,f5b8088835f247b8a5434a9f0daadc20,pedestrian,1.0,15.89,B,0.0833,0.039599999999999996,0.0437,False
nuscenes_mini,f5b8088835f247b8a5434a9f0daadc20,pedestrian,1.0,22.96,B,0.0,0.0156,-0.0156,False
nuscenes_mini,f5b8088835f247b8a5434a9f0daadc20,pedestrian,1.0,51.26,C,0.0,0.0,0.0,False
nuscenes_mini,f5b8088835f247b8a5434a9f0daadc20,car,0.9139785170555116,35.17,C,0.0,0.0,0.0,False
nuscenes_mini,f5b8088835f247b8a5434a9f0daadc20,car,0.7697842121124268,28.61,B,0.0,0.0027,-0.0027,False
nuscenes_mini,f5b8088835f247b8a5434a9f0daadc20,bus,0.5508772134780884,43.76,C,0.0,0.0,0.0,False
nuscenes_mini,f5b8088835f247b8a5434a9f0daadc20,bicycle,0.8947368264198303,18.13,B,0.1538,0.039599999999999996,0.1142,True
nuscenes_mini,f5b8088835f247b8a5434a9f0daadc20,truck,0.9726027250289916,11.13,A,0.0305,0.0864,-0.055900000000000005,False
nuscenes_mini,f5b8088835f247b8a5434a9f0daadc20,truck,0.8750000596046448,6.57,A,0.0823,0.1481,-0.06580000000000001,False
nuscenes_mini,f5b8088835f247b8a5434a9f0daadc20,car,0.96875,3.55,A,0.2445,0.1769,0.0676,True
nuscenes_mini,2021b6b367984ad7b18464a550d0ae8d,pedestrian,1.0,15.25,B,0.0286,0.039599999999999996,-0.010999999999999996,False
nuscenes_mini,2021b6b367984ad7b18464a550d0ae8d,pedestrian,1.0,21.66,B,0.0,0.0156,-0.0156,False
nuscenes_mini,2021b6b367984ad7b18464a550d0ae8d,pedestrian,1.0,23.89,B,0.0,0.0156,-0.0156,False
nuscenes_mini,2021b6b367984ad7b18464a550d0ae8d,pedestrian,1.0,20.98,B,0.0556,0.0156,0.039999999999999994,False
nuscenes_mini,2021b6b367984ad7b18464a550d0ae8d,pedestrian,1.0,15.36,B,0.0893,0.039599999999999996,0.04970000000000001,False
nuscenes_mini,2021b6b367984ad7b18464a550d0ae8d,pedestrian,1.0,19.5,B,0.037,0.039599999999999996,-0.002599999999999998,False
nuscenes_mini,2021b6b367984ad7b18464a550d0ae8d,pedestrian,1.0,19.19,B,0.0159,0.039599999999999996,-0.023699999999999995,False
nuscenes_mini,2021b6b367984ad7b18464a550d0ae8d,car,0.92592591047287,32.64,C,0.0021,0.0,0.0021,False
nuscenes_mini,2021b6b367984ad7b18464a550d0ae8d,car,0.7575758099555969,35.33,C,0.0,0.0,0.0,False
nuscenes_mini,2021b6b367984ad7b18464a550d0ae8d,car,0.9024390578269958,25.03,B,0.0,0.0027,-0.0027,False
nuscenes_mini,2021b6b367984ad7b18464a550d0ae8d,bus,0.7387754917144775,35.65,C,0.0063,0.0,0.0063,False
nuscenes_mini,2021b6b367984ad7b18464a550d0ae8d,bus,0.6831682920455933,42.5,C,0.0007,0.0,0.0007,False
nuscenes_mini,2021b6b367984ad7b18464a550d0ae8d,pedestrian,1.0,19.28,B,0.127,0.039599999999999996,0.0874,True
nuscenes_mini,2021b6b367984ad7b18464a550d0ae8d,bicycle,0.8827838897705078,29.14,B,0.0485,0.0027,0.0458,False
nuscenes_mini,2021b6b367984ad7b18464a550d0ae8d,truck,0.96875,11.12,A,0.029,0.0864,-0.05740000000000001,False
nuscenes_mini,2021b6b367984ad7b18464a550d0ae8d,truck,0.8324607610702515,6.68,A,0.083,0.1481,-0.0651,False
nuscenes_mini,2021b6b367984ad7b18464a550d0ae8d,car,0.96875,3.51,A,0.2729,0.1769,0.09599999999999997,True
nuscenes_mini,7315022fc89147a6afc7f978601f8f38,pedestrian,1.0,32.27,C,0.0,0.0,0.0,False
nuscenes_mini,7315022fc89147a6afc7f978601f8f38,pedestrian,1.0,20.28,B,0.0556,0.0156,0.039999999999999994,False
nuscenes_mini,7315022fc89147a6afc7f978601f8f38,pedestrian,1.0,14.66,A,0.0286,0.0864,-0.057800000000000004,False
nuscenes_mini,7315022fc89147a6afc7f978601f8f38,pedestrian,1.0,21.38,B,0.0,0.0156,-0.0156,False
nuscenes_mini,7315022fc89147a6afc7f978601f8f38,pedestrian,1.0,24.51,B,0.0,0.0156,-0.0156,False
nuscenes_mini,7315022fc89147a6afc7f978601f8f38,pedestrian,1.0,14.7,A,0.0952,0.0864,0.008800000000000002,False
nuscenes_mini,7315022fc89147a6afc7f978601f8f38,pedestrian,1.0,18.57,B,0.0417,0.039599999999999996,0.0021000000000000046,False
nuscenes_mini,7315022fc89147a6afc7f978601f8f38,car,0.9452055096626282,23.43,B,0.0,0.0156,-0.0156,False
nuscenes_mini,7315022fc89147a6afc7f978601f8f38,car,0.921951174736023,31.72,C,0.0179,0.0,0.0179,False
nuscenes_mini,7315022fc89147a6afc7f978601f8f38,bus,0.8632478713989258,34.17,C,0.0027,0.0,0.0027,False
nuscenes_mini,7315022fc89147a6afc7f978601f8f38,bus,0.7815700173377991,42.27,C,0.002,0.0,0.002,False
nuscenes_mini,7315022fc89147a6afc7f978601f8f38,bicycle,0.8552036285400391,20.09,B,0.3021,0.0156,0.2865,True
nuscenes_mini,7315022fc89147a6afc7f978601f8f38,truck,0.976608157157898,10.97,A,0.0303,0.0864,-0.056100000000000004,False
nuscenes_mini,7315022fc89147a6afc7f978601f8f38,truck,0.8947368264198303,6.68,A,0.0793,0.1481,-0.06880000000000001,False
nuscenes_mini,7315022fc89147a6afc7f978601f8f38,car,0.9649122953414916,3.49,A,0.1961,0.1769,0.019199999999999995,False
nuscenes_mini,dc03fe4e0a374592af7701c66d5276c4,car,0.9179486632347108,20.51,B,0.0,0.0156,-0.0156,False
nuscenes_mini,dc03fe4e0a374592af7701c66d5276c4,pedestrian,1.0,19.7,B,0.0938,0.039599999999999996,0.0542,True
nuscenes_mini,dc03fe4e0a374592af7701c66d5276c4,pedestrian,1.0,14.15,A,0.0972,0.0864,0.01079999999999999,False
nuscenes_mini,dc03fe4e0a374592af7701c66d5276c4,pedestrian,1.0,20.89,B,0.05,0.0156,0.0344,False
nuscenes_mini,dc03fe4e0a374592af7701c66d5276c4,pedestrian,1.0,14.09,A,0.0556,0.0864,-0.030800000000000008,False
nuscenes_mini,dc03fe4e0a374592af7701c66d5276c4,pedestrian,1.0,31.24,C,0.0,0.0,0.0,False
nuscenes_mini,dc03fe4e0a374592af7701c66d5276c4,pedestrian,1.0,18.0,B,0.0156,0.039599999999999996,-0.023999999999999997,False
nuscenes_mini,dc03fe4e0a374592af7701c66d5276c4,car,0.9336099624633788,20.93,B,0.034,0.0156,0.018400000000000003,False
nuscenes_mini,dc03fe4e0a374592af7701c66d5276c4,bus,0.8518518805503845,31.67,C,0.006,0.0,0.006,False
nuscenes_mini,dc03fe4e0a374592af7701c66d5276c4,truck,0.7620818018913269,29.19,B,0.0102,0.0027,0.007500000000000001,False
nuscenes_mini,dc03fe4e0a374592af7701c66d5276c4,bicycle,0.8439024686813354,21.3,B,0.3,0.0156,0.2844,True
nuscenes_mini,dc03fe4e0a374592af7701c66d5276c4,truck,0.976608157157898,11.21,A,0.0281,0.0864,-0.058300000000000005,False
nuscenes_mini,dc03fe4e0a374592af7701c66d5276c4,truck,0.8827838897705078,6.63,A,0.0829,0.1481,-0.06520000000000001,False
nuscenes_mini,dc03fe4e0a374592af7701c66d5276c4,car,0.96875,3.55,A,0.2679,0.1769,0.09100000000000003,True
nuscenes_mini,b7f64f73e8a548488e6d85d9b0e13242,car,0.9452055096626282,19.15,B,0.0064,0.039599999999999996,-0.03319999999999999,False
nuscenes_mini,b7f64f73e8a548488e6d85d9b0e13242,car,0.8324607610702515,25.12,B,0.0238,0.0027,0.0211,False
nuscenes_mini,b7f64f73e8a548488e6d85d9b0e13242,pedestrian,1.0,13.64,A,0.0875,0.0864,0.0010999999999999899,False
nuscenes_mini,b7f64f73e8a548488e6d85d9b0e13242,pedestrian,1.0,19.09,B,0.0741,0.039599999999999996,0.0345,False
nuscenes_mini,b7f64f73e8a548488e6d85d9b0e13242,pedestrian,1.0,21.57,B,0.0,0.0156,-0.0156,False
nuscenes_mini,b7f64f73e8a548488e6d85d9b0e13242,pedestrian,1.0,23.97,B,0.0,0.0156,-0.0156,False
nuscenes_mini,b7f64f73e8a548488e6d85d9b0e13242,pedestrian,1.0,23.59,B,0.0,0.0156,-0.0156,False
nuscenes_mini,b7f64f73e8a548488e6d85d9b0e13242,pedestrian,1.0,13.43,A,0.0833,0.0864,-0.0031000000000000055,False
nuscenes_mini,b7f64f73e8a548488e6d85d9b0e13242,pedestrian,1.0,17.4,B,0.0889,0.039599999999999996,0.04930000000000001,False
nuscenes_mini,b7f64f73e8a548488e6d85d9b0e13242,car,0.9064327478408812,19.68,B,0.0,0.039599999999999996,-0.039599999999999996,False
nuscenes_mini,b7f64f73e8a548488e6d85d9b0e13242,truck,0.9024390578269958,25.79,B,0.0112,0.0027,0.0085,False
nuscenes_mini,b7f64f73e8a548488e6d85d9b0e13242,truck,0.6604774594306946,27.72,B,0.0103,0.0027,0.0076,False
nuscenes_mini,b7f64f73e8a548488e6d85d9b0e13242,bicycle,0.8476190567016602,22.53,B,0.0952,0.0156,0.0796,True
nuscenes_mini,b7f64f73e8a548488e6d85d9b0e13242,truck,0.9726027250289916,11.34,A,0.0267,0.0864,-0.0597,False
nuscenes_mini,b7f64f73e8a548488e6d85d9b0e13242,truck,0.8709677457809448,6.59,A,0.0844,0.1481,-0.0637,False
nuscenes_mini,b7f64f73e8a548488e6d85d9b0e13242,car,0.9609756469726562,3.57,A,0.2473,0.1769,0.07039999999999999,True
nuscenes_mini,6dabc0fb1df045558f802246dd186b3f,car,0.9298245906829834,33.37,C,0.0,0.0,0.0,False
nuscenes_mini,6dabc0fb1df045558f802246dd186b3f,car,0.9532163739204408,18.13,B,0.0436,0.039599999999999996,0.0040000000000000036,False
nuscenes_mini,6dabc0fb1df045558f802246dd186b3f,truck,0.8672199249267578,24.02,B,0.0018,0.0156,-0.0138,False
nuscenes_mini,6dabc0fb1df045558f802246dd186b3f,pedestrian,1.0,23.49,B,0.0,0.0156,-0.0156,False
nuscenes_mini,6dabc0fb1df045558f802246dd186b3f,pedestrian,1.0,13.21,A,0.0893,0.0864,0.0029,False
nuscenes_mini,6dabc0fb1df045558f802246dd186b3f,pedestrian,1.0,18.45,B,0.0833,0.039599999999999996,0.0437,False
nuscenes_mini,6dabc0fb1df045558f802246dd186b3f,pedestrian,1.0,14.01,A,0.0536,0.0864,-0.0328,False
nuscenes_mini,6dabc0fb1df045558f802246dd186b3f,pedestrian,1.0,21.07,B,0.0,0.0156,-0.0156,False
nuscenes_mini,6dabc0fb1df045558f802246dd186b3f,pedestrian,1.0,23.89,B,0.0,0.0156,-0.0156,False
nuscenes_mini,6dabc0fb1df045558f802246dd186b3f,pedestrian,1.0,16.83,B,0.037,0.039599999999999996,-0.002599999999999998,False
nuscenes_mini,6dabc0fb1df045558f802246dd186b3f,bus,0.8439024686813354,24.59,B,0.0047,0.0156,-0.0109,False
nuscenes_mini,6dabc0fb1df045558f802246dd186b3f,truck,0.8518518805503845,24.27,B,0.0013,0.0156,-0.0143,False
nuscenes_mini,6dabc0fb1df045558f802246dd186b3f,bicycle,0.8904109597206116,23.6,B,0.0608,0.0156,0.045200000000000004,False
nuscenes_mini,6dabc0fb1df045558f802246dd186b3f,truck,0.9726027250289916,11.05,A,0.0295,0.0864,-0.056900000000000006,False
nuscenes_mini,6dabc0fb1df045558f802246dd186b3f,truck,0.8439024686813354,6.59,A,0.0838,0.1481,-0.06430000000000001,False
nuscenes_mini,6dabc0fb1df045558f802246dd186b3f,car,0.9609756469726562,3.5,A,0.2458,0.1769,0.06889999999999999,True
nuscenes_mini,82597244941b4e79aa3e1e9cc6386f8b,car,0.9609756469726562,18.21,B,0.1342,0.039599999999999996,0.09460000000000002,True
nuscenes_mini,82597244941b4e79aa3e1e9cc6386f8b,bus,0.597484290599823,20.89,B,0.0082,0.0156,-0.007399999999999999,False
nuscenes_mini,82597244941b4e79aa3e1e9cc6386f8b,truck,0.859649121761322,22.92,B,0.0019,0.0156,-0.013699999999999999,False
nuscenes_mini,82597244941b4e79aa3e1e9cc6386f8b,pedestrian,1.0,12.82,A,0.125,0.0864,0.038599999999999995,False
nuscenes_mini,82597244941b4e79aa3e1e9cc6386f8b,pedestrian,1.0,17.8,B,0.0159,0.039599999999999996,-0.023699999999999995,False
nuscenes_mini,82597244941b4e79aa3e1e9cc6386f8b,pedestrian,1.0,20.45,B,0.0625,0.0156,0.0469,False
nuscenes_mini,82597244941b4e79aa3e1e9cc6386f8b,pedestrian,1.0,23.68,B,0.0,0.0156,-0.0156,False
nuscenes_mini,82597244941b4e79aa3e1e9cc6386f8b,pedestrian,1.0,16.37,B,0.0667,0.039599999999999996,0.0271,False
nuscenes_mini,82597244941b4e79aa3e1e9cc6386f8b,pedestrian,1.0,9.4,A,0.1875,0.1481,0.03939999999999999,False
nuscenes_mini,82597244941b4e79aa3e1e9cc6386f8b,bus,0.7655677795410156,22.16,B,0.0051,0.0156,-0.010499999999999999,False
nuscenes_mini,82597244941b4e79aa3e1e9cc6386f8b,car,0.8048780560493469,48.24,C,0.0,0.0,0.0,False
nuscenes_mini,82597244941b4e79aa3e1e9cc6386f8b,bicycle,0.8400000333786011,25.43,B,0.0938,0.0027,0.0911,True
nuscenes_mini,82597244941b4e79aa3e1e9cc6386f8b,truck,0.976608157157898,11.08,A,0.0292,0.0864,-0.0572,False
nuscenes_mini,82597244941b4e79aa3e1e9cc6386f8b,truck,0.8947368264198303,6.63,A,0.0826,0.1481,-0.0655,False
nuscenes_mini,82597244941b4e79aa3e1e9cc6386f8b,car,0.9609756469726562,3.56,A,0.2381,0.1769,0.061200000000000004,True
nuscenes_mini,8bf071b1b92c4ff1bd5016bfb30de3f7,car,0.9024390578269958,19.84,B,0.1032,0.039599999999999996,0.0636,True
nuscenes_mini,8bf071b1b92c4ff1bd5016bfb30de3f7,bus,0.8787879347801208,19.44,B,0.0069,0.039599999999999996,-0.03269999999999999,False
nuscenes_mini,8bf071b1b92c4ff1bd5016bfb30de3f7,truck,0.8987342119216919,21.17,B,0.035,0.0156,0.019400000000000004,False
nuscenes_mini,8bf071b1b92c4ff1bd5016bfb30de3f7,pedestrian,1.0,11.48,A,0.0208,0.0864,-0.0656,False
nuscenes_mini,8bf071b1b92c4ff1bd5016bfb30de3f7,pedestrian,1.0,17.14,B,0.037,0.039599999999999996,-0.002599999999999998,False
nuscenes_mini,8bf071b1b92c4ff1bd5016bfb30de3f7,pedestrian,1.0,12.36,A,0.0893,0.0864,0.0029,False
nuscenes_mini,8bf071b1b92c4ff1bd5016bfb30de3f7,pedestrian,1.0,19.72,B,0.1071,0.039599999999999996,0.0675,True
nuscenes_mini,8bf071b1b92c4ff1bd5016bfb30de3f7,pedestrian,1.0,15.67,B,0.1094,0.039599999999999996,0.0698,True
nuscenes_mini,8bf071b1b92c4ff1bd5016bfb30de3f7,pedestrian,1.0,9.35,A,0.1714,0.1481,0.023299999999999987,False
nuscenes_mini,8bf071b1b92c4ff1bd5016bfb30de3f7,car,0.7620818018913269,41.68,C,0.0139,0.0,0.0139,False
nuscenes_mini,8bf071b1b92c4ff1bd5016bfb30de3f7,car,0.8709677457809448,33.26,C,0.0,0.0,0.0,False
nuscenes_mini,8bf071b1b92c4ff1bd5016bfb30de3f7,bus,0.8632478713989258,19.79,B,0.0092,0.039599999999999996,-0.030399999999999996,False
nuscenes_mini,8bf071b1b92c4ff1bd5016bfb30de3f7,bus,0.8750000596046448,34.05,C,0.0014,0.0,0.0014,False
nuscenes_mini,8bf071b1b92c4ff1bd5016bfb30de3f7,pedestrian,1.0,28.29,B,0.0104,0.0027,0.007699999999999999,False
nuscenes_mini,8bf071b1b92c4ff1bd5016bfb30de3f7,car,0.949367105960846,20.05,B,0.1204,0.0156,0.10479999999999999,True
nuscenes_mini,8bf071b1b92c4ff1bd5016bfb30de3f7,bicycle,0.8202247023582458,21.32,B,0.1875,0.0156,0.1719,True
nuscenes_mini,8bf071b1b92c4ff1bd5016bfb30de3f7,truck,0.9726027250289916,11.21,A,0.026,0.0864,-0.06040000000000001,False
nuscenes_mini,8bf071b1b92c4ff1bd5016bfb30de3f7,truck,0.8709677457809448,6.59,A,0.0847,0.1481,-0.06340000000000001,False
nuscenes_mini,8bf071b1b92c4ff1bd5016bfb30de3f7,car,0.96875,3.53,A,0.2423,0.1769,0.06539999999999999,True
nuscenes_mini,b8766f4291d5449d95bab459ca724ad8,bus,0.7730495929718018,18.03,B,0.0271,0.039599999999999996,-0.012499999999999997,False
nuscenes_mini,b8766f4291d5449d95bab459ca724ad8,truck,0.8827838897705078,21.41,B,0.0722,0.0156,0.0566,True
nuscenes_mini,b8766f4291d5449d95bab459ca724ad8,truck,0.8750000596046448,31.73,C,0.0066,0.0,0.0066,False
nuscenes_mini,b8766f4291d5449d95bab459ca724ad8,pedestrian,1.0,10.99,A,0.0833,0.0864,-0.0031000000000000055,False
nuscenes_mini,b8766f4291d5449d95bab459ca724ad8,pedestrian,1.0,15.16,B,0.0,0.039599999999999996,-0.039599999999999996,False
nuscenes_mini,b8766f4291d5449d95bab459ca724ad8,pedestrian,1.0,12.04,A,0.0794,0.0864,-0.007000000000000006,False
nuscenes_mini,b8766f4291d5449d95bab459ca724ad8,pedestrian,1.0,16.39,B,0.0179,0.039599999999999996,-0.021699999999999997,False
nuscenes_mini,b8766f4291d5449d95bab459ca724ad8,pedestrian,1.0,18.93,B,0.0,0.039599999999999996,-0.039599999999999996,False
nuscenes_mini,b8766f4291d5449d95bab459ca724ad8,pedestrian,1.0,15.1,B,0.0875,0.039599999999999996,0.0479,False
nuscenes_mini,b8766f4291d5449d95bab459ca724ad8,pedestrian,1.0,12.25,A,0.0556,0.0864,-0.030800000000000008,False
nuscenes_mini,b8766f4291d5449d95bab459ca724ad8,car,0.7815700173377991,39.98,C,0.0,0.0,0.0,False
nuscenes_mini,b8766f4291d5449d95bab459ca724ad8,bus,0.8160918951034546,32.45,C,0.0045,0.0,0.0045,False
nuscenes_mini,b8766f4291d5449d95bab459ca724ad8,pedestrian,1.0,29.5,B,0.0,0.0027,-0.0027,False
nuscenes_mini,b8766f4291d5449d95bab459ca724ad8,car,0.9452055096626282,22.7,B,0.1203,0.0156,0.1047,True
nuscenes_mini,b8766f4291d5449d95bab459ca724ad8,bicycle,0.8358974456787109,22.64,B,0.0769,0.0156,0.06129999999999999,True
nuscenes_mini,b8766f4291d5449d95bab459ca724ad8,truck,0.9726027250289916,11.06,A,0.0313,0.0864,-0.0551,False
nuscenes_mini,b8766f4291d5449d95bab459ca724ad8,truck,0.8518518805503845,6.63,A,0.0768,0.1481,-0.07130000000000002,False
nuscenes_mini,b8766f4291d5449d95bab459ca724ad8,car,0.9609756469726562,3.55,A,0.243,0.1769,0.06609999999999999,True
nuscenes_mini,dde297c8e12f44c4bc2f2c80e49d2b5a,car,0.8865247964859009,24.49,B,0.0,0.0156,-0.0156,False
nuscenes_mini,dde297c8e12f44c4bc2f2c80e49d2b5a,bus,0.8160918951034546,31.51,C,0.0012,0.0,0.0012,False
nuscenes_mini,dde297c8e12f44c4bc2f2c80e49d2b5a,bus,0.8787879347801208,17.2,B,0.097,0.039599999999999996,0.05740000000000001,True
nuscenes_mini,dde297c8e12f44c4bc2f2c80e49d2b5a,truck,0.6683937907218933,21.49,B,0.0705,0.0156,0.05489999999999999,True
nuscenes_mini,dde297c8e12f44c4bc2f2c80e49d2b5a,pedestrian,1.0,10.3,A,0.0536,0.0864,-0.0328,False
nuscenes_mini,dde297c8e12f44c4bc2f2c80e49d2b5a,pedestrian,1.0,11.68,A,0.102,0.0864,0.015599999999999989,False
nuscenes_mini,dde297c8e12f44c4bc2f2c80e49d2b5a,pedestrian,1.0,15.87,B,0.0417,0.039599999999999996,0.0021000000000000046,False
nuscenes_mini,dde297c8e12f44c4bc2f2c80e49d2b5a,pedestrian,1.0,18.3,B,0.0833,0.039599999999999996,0.0437,False
nuscenes_mini,dde297c8e12f44c4bc2f2c80e49d2b5a,pedestrian,1.0,14.51,A,0.0625,0.0864,-0.023900000000000005,False
nuscenes_mini,dde297c8e12f44c4bc2f2c80e49d2b5a,pedestrian,1.0,14.3,A,0.0864,0.0864,0.0,False
nuscenes_mini,dde297c8e12f44c4bc2f2c80e49d2b5a,pedestrian,1.0,11.59,A,0.0375,0.0864,-0.048900000000000006,False
nuscenes_mini,dde297c8e12f44c4bc2f2c80e49d2b5a,car,0.9179486632347108,24.66,B,0.0,0.0156,-0.0156,False
nuscenes_mini,dde297c8e12f44c4bc2f2c80e49d2b5a,bus,0.8672199249267578,33.08,C,0.0006,0.0,0.0006,False
nuscenes_mini,dde297c8e12f44c4bc2f2c80e49d2b5a,pedestrian,1.0,5.04,A,0.9091,0.1481,0.761,True
nuscenes_mini,dde297c8e12f44c4bc2f2c80e49d2b5a,car,0.9532163739204408,26.37,B,0.166,0.0027,0.1633,True
nuscenes_mini,dde297c8e12f44c4bc2f2c80e49d2b5a,car,0.8083832263946533,26.21,B,0.0281,0.0027,0.0254,False
nuscenes_mini,dde297c8e12f44c4bc2f2c80e49d2b5a,bicycle,0.6444444060325623,23.17,B,0.2237,0.0156,0.2081,True
nuscenes_mini,dde297c8e12f44c4bc2f2c80e49d2b5a,truck,0.9726027250289916,11.14,A,0.0286,0.0864,-0.057800000000000004,False
nuscenes_mini,dde297c8e12f44c4bc2f2c80e49d2b5a,truck,0.8787879347801208,6.62,A,0.0747,0.1481,-0.0734,False
nuscenes_mini,dde297c8e12f44c4bc2f2c80e49d2b5a,car,0.9649122953414916,3.52,A,0.2725,0.1769,0.09560000000000002,True
nuscenes_mini,a0462df7186d4ca99ef58f455d53a42c,pedestrian,1.0,31.33,C,0.0,0.0,0.0,False
nuscenes_mini,a0462df7186d4ca99ef58f455d53a42c,car,0.9375000596046448,22.76,B,0.0223,0.0156,0.006700000000000001,False
nuscenes_mini,a0462df7186d4ca99ef58f455d53a42c,bus,0.8400000333786011,18.09,B,0.1008,0.039599999999999996,0.061200000000000004,True
nuscenes_mini,a0462df7186d4ca99ef58f455d53a42c,bus,0.9179486632347108,31.81,C,0.0021,0.0,0.0021,False
nuscenes_mini,a0462df7186d4ca99ef58f455d53a42c,pedestrian,1.0,9.84,A,0.1591,0.1481,0.010999999999999982,False
nuscenes_mini,a0462df7186d4ca99ef58f455d53a42c,pedestrian,1.0,11.42,A,0.0833,0.0864,-0.0031000000000000055,False
nuscenes_mini,a0462df7186d4ca99ef58f455d53a42c,pedestrian,1.0,15.36,B,0.1042,0.039599999999999996,0.0646,True
nuscenes_mini,a0462df7186d4ca99ef58f455d53a42c,pedestrian,1.0,17.52,B,0.0,0.039599999999999996,-0.039599999999999996,False
nuscenes_mini,a0462df7186d4ca99ef58f455d53a42c,pedestrian,1.0,13.95,A,0.0417,0.0864,-0.044700000000000004,False
nuscenes_mini,a0462df7186d4ca99ef58f455d53a42c,pedestrian,1.0,13.71,A,0.125,0.0864,0.038599999999999995,False
nuscenes_mini,a0462df7186d4ca99ef58f455d53a42c,pedestrian,1.0,13.5,A,0.0,0.0864,-0.0864,False
nuscenes_mini,a0462df7186d4ca99ef58f455d53a42c,bus,0.9298245906829834,31.66,C,0.0024,0.0,0.0024,False
nuscenes_mini,a0462df7186d4ca99ef58f455d53a42c,car,0.9336099624633788,30.18,C,0.0324,0.0,0.0324,False
nuscenes_mini,a0462df7186d4ca99ef58f455d53a42c,truck,0.8048780560493469,19.02,B,0.0793,0.039599999999999996,0.0397,False
nuscenes_mini,a0462df7186d4ca99ef58f455d53a42c,truck,0.9726027250289916,11.35,A,0.0282,0.0864,-0.0582,False
nuscenes_mini,a0462df7186d4ca99ef58f455d53a42c,truck,0.8324607610702515,6.62,A,0.0768,0.1481,-0.07130000000000002,False
nuscenes_mini,a0462df7186d4ca99ef58f455d53a42c,car,0.9649122953414916,3.77,A,0.2333,0.1769,0.056400000000000006,True
nuscenes_mini,d7bea9a3552b40e29d42324108dff575,pedestrian,1.0,11.02,A,0.0714,0.0864,-0.015,False
nuscenes_mini,d7bea9a3552b40e29d42324108dff575,pedestrian,1.0,29.75,B,0.0,0.0027,-0.0027,False
nuscenes_mini,d7bea9a3552b40e29d42324108dff575,car,0.5151515007019043,33.21,C,0.0057,0.0,0.0057,False
nuscenes_mini,d7bea9a3552b40e29d42324108dff575,car,0.9336099624633788,21.58,B,0.0227,0.0156,0.007100000000000002,False
nuscenes_mini,d7bea9a3552b40e29d42324108dff575,bus,0.7620818018913269,19.25,B,0.117,0.039599999999999996,0.07740000000000001,True
nuscenes_mini,d7bea9a3552b40e29d42324108dff575,bus,0.8358974456787109,32.39,C,0.0036,0.0,0.0036,False
nuscenes_mini,d7bea9a3552b40e29d42324108dff575,pedestrian,1.0,9.54,A,0.1071,0.1481,-0.04100000000000001,False
nuscenes_mini,d7bea9a3552b40e29d42324108dff575,pedestrian,1.0,11.13,A,0.0556,0.0864,-0.030800000000000008,False
nuscenes_mini,d7bea9a3552b40e29d42324108dff575,pedestrian,1.0,16.79,B,0.0476,0.039599999999999996,0.008000000000000007,False
nuscenes_mini,d7bea9a3552b40e29d42324108dff575,pedestrian,1.0,10.53,A,0.0816,0.0864,-0.004799999999999999,False
nuscenes_mini,d7bea9a3552b40e29d42324108dff575,pedestrian,1.0,13.36,A,0.0648,0.0864,-0.021600000000000008,False
nuscenes_mini,d7bea9a3552b40e29d42324108dff575,pedestrian,1.0,13.11,A,0.0714,0.0864,-0.015,False
nuscenes_mini,d7bea9a3552b40e29d42324108dff575,car,0.7968254089355469,23.86,B,0.0,0.0156,-0.0156,False
nuscenes_mini,d7bea9a3552b40e29d42324108dff575,car,0.8241757750511169,45.94,C,0.0,0.0,0.0,False
nuscenes_mini,d7bea9a3552b40e29d42324108dff575,car,0.8439024686813354,33.64,C,0.0,0.0,0.0,False
nuscenes_mini,d7bea9a3552b40e29d42324108dff575,bus,0.8632478713989258,32.21,C,0.0024,0.0,0.0024,False
nuscenes_mini,d7bea9a3552b40e29d42324108dff575,bus,0.8160918951034546,20.26,B,0.1027,0.0156,0.0871,True
nuscenes_mini,d7bea9a3552b40e29d42324108dff575,truck,0.9726027250289916,10.84,A,0.0282,0.0864,-0.0582,False
nuscenes_mini,d7bea9a3552b40e29d42324108dff575,truck,0.859649121761322,6.65,A,0.0798,0.1481,-0.06830000000000001,False
nuscenes_mini,d7bea9a3552b40e29d42324108dff575,car,0.9609756469726562,3.52,A,0.2444,0.1769,0.0675,True
nuscenes_mini,3ffc4360d1084e6eae5067e87d79503f,pedestrian,1.0,9.2,A,0.125,0.1481,-0.02310000000000001,False
nuscenes_mini,3ffc4360d1084e6eae5067e87d79503f,pedestrian,1.0,11.05,A,0.0595,0.0864,-0.026900000000000007,False
nuscenes_mini,3ffc4360d1084e6eae5067e87d79503f,car,0.9298245906829834,21.2,B,0.0913,0.0156,0.0757,True
nuscenes_mini,3ffc4360d1084e6eae5067e87d79503f,bus,0.8552036285400391,33.17,C,0.0048,0.0,0.0048,False
nuscenes_mini,3ffc4360d1084e6eae5067e87d79503f,pedestrian,1.0,9.19,A,0.1562,0.1481,0.008099999999999996,False
nuscenes_mini,3ffc4360d1084e6eae5067e87d79503f,pedestrian,1.0,9.17,A,0.2222,0.1481,0.0741,True
nuscenes_mini,3ffc4360d1084e6eae5067e87d79503f,pedestrian,1.0,9.4,A,0.2321,0.1481,0.08399999999999999,True
nuscenes_mini,3ffc4360d1084e6eae5067e87d79503f,pedestrian,1.0,16.22,B,0.0635,0.039599999999999996,0.023900000000000005,False
nuscenes_mini,3ffc4360d1084e6eae5067e87d79503f,pedestrian,1.0,12.93,A,0.0139,0.0864,-0.07250000000000001,False
nuscenes_mini,3ffc4360d1084e6eae5067e87d79503f,pedestrian,1.0,10.17,A,0.119,0.0864,0.03259999999999999,False
nuscenes_mini,3ffc4360d1084e6eae5067e87d79503f,pedestrian,1.0,12.65,A,0.0521,0.0864,-0.034300000000000004,False
nuscenes_mini,3ffc4360d1084e6eae5067e87d79503f,car,0.9179486632347108,27.22,B,0.0,0.0027,-0.0027,False
nuscenes_mini,3ffc4360d1084e6eae5067e87d79503f,trailer,0.5747508406639099,32.56,C,0.0062,0.0,0.0062,False
nuscenes_mini,3ffc4360d1084e6eae5067e87d79503f,bicycle,0.6908212304115295,21.48,B,0.1167,0.0156,0.1011,True
nuscenes_mini,3ffc4360d1084e6eae5067e87d79503f,bus,0.7620818018913269,22.14,B,0.1405,0.0156,0.12490000000000001,True
nuscenes_mini,3ffc4360d1084e6eae5067e87d79503f,truck,0.9726027250289916,11.03,A,0.0321,0.0864,-0.05430000000000001,False
nuscenes_mini,3ffc4360d1084e6eae5067e87d79503f,truck,0.8904109597206116,6.66,A,0.0844,0.1481,-0.0637,False
nuscenes_mini,3ffc4360d1084e6eae5067e87d79503f,car,0.9649122953414916,3.57,A,0.2408,0.1769,0.06389999999999998,True
nuscenes_mini,05bc09f952ab4cf8b754405f20d503c5,pedestrian,1.0,8.98,A,0.2857,0.1481,0.1376,True
nuscenes_mini,05bc09f952ab4cf8b754405f20d503c5,pedestrian,1.0,8.85,A,0.2292,0.1481,0.08109999999999998,True
nuscenes_mini,05bc09f952ab4cf8b754405f20d503c5,car,0.9375000596046448,21.51,B,0.108,0.0156,0.0924,True
nuscenes_mini,05bc09f952ab4cf8b754405f20d503c5,car,0.5428571701049805,37.65,C,0.0008,0.0,0.0008,False
nuscenes_mini,05bc09f952ab4cf8b754405f20d503c5,car,0.8241757750511169,23.21,B,0.0009,0.0156,-0.0147,False
nuscenes_mini,05bc09f952ab4cf8b754405f20d503c5,bus,0.9064327478408812,34.64,C,0.0038,0.0,0.0038,False
nuscenes_mini,05bc09f952ab4cf8b754405f20d503c5,pedestrian,1.0,12.4,A,0.0778,0.0864,-0.00860000000000001,False
nuscenes_mini,05bc09f952ab4cf8b754405f20d503c5,pedestrian,1.0,15.61,B,0.0833,0.039599999999999996,0.0437,False
nuscenes_mini,05bc09f952ab4cf8b754405f20d503c5,pedestrian,1.0,8.88,A,0.1964,0.1481,0.04829999999999998,False
nuscenes_mini,05bc09f952ab4cf8b754405f20d503c5,pedestrian,1.0,42.27,C,0.0,0.0,0.0,False
nuscenes_mini,05bc09f952ab4cf8b754405f20d503c5,pedestrian,1.0,9.8,A,0.1429,0.1481,-0.00520000000000001,False
nuscenes_mini,05bc09f952ab4cf8b754405f20d503c5,pedestrian,1.0,13.83,A,0.0446,0.0864,-0.041800000000000004,False
nuscenes_mini,05bc09f952ab4cf8b754405f20d503c5,car,0.8083832263946533,23.42,B,0.0,0.0156,-0.0156,False
nuscenes_mini,05bc09f952ab4cf8b754405f20d503c5,car,0.8202247023582458,38.77,C,0.0,0.0,0.0,False
nuscenes_mini,05bc09f952ab4cf8b754405f20d503c5,pedestrian,1.0,35.4,C,0.0128,0.0,0.0128,False
nuscenes_mini,05bc09f952ab4cf8b754405f20d503c5,bicycle,0.7697842121124268,27.49,B,0.0556,0.0027,0.052899999999999996,True
nuscenes_mini,05bc09f952ab4cf8b754405f20d503c5,bus,0.6683937907218933,25.49,B,0.1023,0.0027,0.09960000000000001,True
nuscenes_mini,05bc09f952ab4cf8b754405f20d503c5,truck,0.9804878830909728,10.87,A,0.0307,0.0864,-0.0557,False
nuscenes_mini,05bc09f952ab4cf8b754405f20d503c5,truck,0.9064327478408812,6.65,A,0.0777,0.1481,-0.0704,False
nuscenes_mini,05bc09f952ab4cf8b754405f20d503c5,car,0.9609756469726562,3.51,A,0.2486,0.1769,0.07169999999999999,True
nuscenes_mini,a860c02c06e54d9dbe83ce7b694f6c17,pedestrian,1.0,9.43,A,0.1477,0.1481,-0.00040000000000001146,False
nuscenes_mini,a860c02c06e54d9dbe83ce7b694f6c17,pedestrian,1.0,8.55,A,0.2321,0.1481,0.08399999999999999,True
nuscenes_mini,a860c02c06e54d9dbe83ce7b694f6c17,pedestrian,1.0,8.55,A,0.1667,0.1481,0.018599999999999978,False
nuscenes_mini,a860c02c06e54d9dbe83ce7b694f6c17,car,0.921951174736023,22.74,B,0.0747,0.0156,0.0591,True
nuscenes_mini,a860c02c06e54d9dbe83ce7b694f6c17,car,0.949367105960846,22.14,B,0.1044,0.0156,0.0888,True
nuscenes_mini,a860c02c06e54d9dbe83ce7b694f6c17,bus,0.9179486632347108,36.16,C,0.0016,0.0,0.0016,False
nuscenes_mini,a860c02c06e54d9dbe83ce7b694f6c17,pedestrian,1.0,14.93,A,0.0208,0.0864,-0.0656,False
nuscenes_mini,a860c02c06e54d9dbe83ce7b694f6c17,pedestrian,1.0,12.0,A,0.0476,0.0864,-0.0388,False
nuscenes_mini,a860c02c06e54d9dbe83ce7b694f6c17,pedestrian,1.0,11.23,A,0.0556,0.0864,-0.030800000000000008,False
nuscenes_mini,a860c02c06e54d9dbe83ce7b694f6c17,pedestrian,1.0,9.37,A,0.2,0.1481,0.0519,True
nuscenes_mini,a860c02c06e54d9dbe83ce7b694f6c17,pedestrian,1.0,13.23,A,0.0682,0.0864,-0.018200000000000008,False
nuscenes_mini,a860c02c06e54d9dbe83ce7b694f6c17,car,0.8518518805503845,35.35,C,0.0,0.0,0.0,False
nuscenes_mini,a860c02c06e54d9dbe83ce7b694f6c17,car,0.9336099624633788,23.24,B,0.0556,0.0156,0.039999999999999994,False
nuscenes_mini,a860c02c06e54d9dbe83ce7b694f6c17,car,0.5816993117332458,33.83,C,0.0107,0.0,0.0107,False
nuscenes_mini,a860c02c06e54d9dbe83ce7b694f6c17,car,0.7887788414955139,49.53,C,0.0,0.0,0.0,False
nuscenes_mini,a860c02c06e54d9dbe83ce7b694f6c17,bicycle,0.6363636255264282,33.19,C,0.1458,0.0,0.1458,True
nuscenes_mini,a860c02c06e54d9dbe83ce7b694f6c17,bus,0.5897435545921326,29.44,B,0.0471,0.0027,0.0444,False
nuscenes_mini,a860c02c06e54d9dbe83ce7b694f6c17,truck,0.976608157157898,11.27,A,0.0283,0.0864,-0.058100000000000006,False
nuscenes_mini,a860c02c06e54d9dbe83ce7b694f6c17,truck,0.8048780560493469,6.62,A,0.085,0.1481,-0.0631,False
nuscenes_mini,a860c02c06e54d9dbe83ce7b694f6c17,car,0.96875,3.52,A,0.2451,0.1769,0.06820000000000001,True
nuscenes_mini,6873840fc1df4796a7b959e13e9fb78a,pedestrian,1.0,8.29,A,0.1042,0.1481,-0.04390000000000001,False
nuscenes_mini,6873840fc1df4796a7b959e13e9fb78a,pedestrian,1.0,9.15,A,0.1146,0.1481,-0.033500000000000016,False
nuscenes_mini,6873840fc1df4796a7b959e13e9fb78a,car,0.9375000596046448,21.28,B,0.0671,0.0156,0.051500000000000004,True
nuscenes_mini,6873840fc1df4796a7b959e13e9fb78a,bus,0.8987342119216919,38.81,C,0.0012,0.0,0.0012,False
nuscenes_mini,6873840fc1df4796a7b959e13e9fb78a,pedestrian,1.0,14.37,A,0.025,0.0864,-0.0614,False
nuscenes_mini,6873840fc1df4796a7b959e13e9fb78a,pedestrian,1.0,11.66,A,0.0833,0.0864,-0.0031000000000000055,False
nuscenes_mini,6873840fc1df4796a7b959e13e9fb78a,pedestrian,1.0,11.06,A,0.0333,0.0864,-0.0531,False
nuscenes_mini,6873840fc1df4796a7b959e13e9fb78a,pedestrian,1.0,12.61,A,0.1111,0.0864,0.0247,False
nuscenes_mini,6873840fc1df4796a7b959e13e9fb78a,car,0.7299578189849854,33.92,C,0.0,0.0,0.0,False
nuscenes_mini,6873840fc1df4796a7b959e13e9fb78a,pedestrian,1.0,38.73,C,0.0,0.0,0.0,False
nuscenes_mini,6873840fc1df4796a7b959e13e9fb78a,car,0.7344398498535156,49.15,C,0.0,0.0,0.0,False
nuscenes_mini,6873840fc1df4796a7b959e13e9fb78a,car,0.9375000596046448,25.46,B,0.0485,0.0027,0.0458,False
nuscenes_mini,6873840fc1df4796a7b959e13e9fb78a,bus,0.8241757750511169,33.17,C,0.0204,0.0,0.0204,False
nuscenes_mini,6873840fc1df4796a7b959e13e9fb78a,truck,0.5276752710342407,36.22,C,0.0,0.0,0.0,False
nuscenes_mini,6873840fc1df4796a7b959e13e9fb78a,truck,0.9726027250289916,11.02,A,0.0305,0.0864,-0.055900000000000005,False
nuscenes_mini,6873840fc1df4796a7b959e13e9fb78a,truck,0.8787879347801208,6.64,A,0.0782,0.1481,-0.0699,False
nuscenes_mini,6873840fc1df4796a7b959e13e9fb78a,car,0.9649122953414916,3.56,A,0.2423,0.1769,0.06539999999999999,True
nuscenes_mini,4ae9c033164e4e01a0392672686d095c,pedestrian,1.0,11.45,A,0.0577,0.0864,-0.028700000000000003,False
nuscenes_mini,4ae9c033164e4e01a0392672686d095c,pedestrian,1.0,8.93,A,0.1528,0.1481,0.004699999999999982,False
nuscenes_mini,4ae9c033164e4e01a0392672686d095c,pedestrian,1.0,8.87,A,0.2188,0.1481,0.07069999999999999,True
nuscenes_mini,4ae9c033164e4e01a0392672686d095c,pedestrian,1.0,8.1,A,0.2031,0.1481,0.05499999999999999,True
nuscenes_mini,4ae9c033164e4e01a0392672686d095c,car,0.9452055096626282,21.48,B,0.1203,0.0156,0.1047,True
nuscenes_mini,4ae9c033164e4e01a0392672686d095c,bus,0.6640419960021973,40.12,C,0.0004,0.0,0.0004,False
nuscenes_mini,4ae9c033164e4e01a0392672686d095c,pedestrian,1.0,18.67,B,0.0,0.039599999999999996,-0.039599999999999996,False
nuscenes_mini,4ae9c033164e4e01a0392672686d095c,pedestrian,1.0,13.68,A,0.0625,0.0864,-0.023900000000000005,False
nuscenes_mini,4ae9c033164e4e01a0392672686d095c,pedestrian,1.0,11.44,A,0.0764,0.0864,-0.010000000000000009,False
nuscenes_mini,4ae9c033164e4e01a0392672686d095c,pedestrian,1.0,10.5,A,0.0729,0.0864,-0.013499999999999998,False
nuscenes_mini,4ae9c033164e4e01a0392672686d095c,pedestrian,1.0,12.21,A,0.0833,0.0864,-0.0031000000000000055,False
nuscenes_mini,4ae9c033164e4e01a0392672686d095c,car,0.9375000596046448,28.49,B,0.0671,0.0027,0.06440000000000001,True
nuscenes_mini,4ae9c033164e4e01a0392672686d095c,truck,0.7730495929718018,39.99,C,0.0,0.0,0.0,False
nuscenes_mini,4ae9c033164e4e01a0392672686d095c,truck,0.6908212304115295,28.64,B,0.0496,0.0027,0.0469,False
nuscenes_mini,4ae9c033164e4e01a0392672686d095c,truck,0.9726027250289916,11.0,A,0.0284,0.0864,-0.058,False
nuscenes_mini,4ae9c033164e4e01a0392672686d095c,truck,0.8552036285400391,6.59,A,0.0853,0.1481,-0.06280000000000001,False
nuscenes_mini,4ae9c033164e4e01a0392672686d095c,car,0.9609756469726562,3.55,A,0.2431,0.1769,0.06620000000000001,True
nuscenes_mini,ecd49e3c38624c77b8aac8df445d49ba,pedestrian,1.0,8.06,A,0.1818,0.1481,0.03369999999999998,False
nuscenes_mini,ecd49e3c38624c77b8aac8df445d49ba,pedestrian,1.0,11.17,A,0.0625,0.0864,-0.023900000000000005,False
nuscenes_mini,ecd49e3c38624c77b8aac8df445d49ba,pedestrian,1.0,9.74,A,0.1111,0.1481,-0.037000000000000005,False
nuscenes_mini,ecd49e3c38624c77b8aac8df445d49ba,pedestrian,1.0,8.02,A,0.1389,0.1481,-0.009200000000000014,False
nuscenes_mini,ecd49e3c38624c77b8aac8df445d49ba,car,0.9452055096626282,22.43,B,0.0717,0.0156,0.0561,True
nuscenes_mini,ecd49e3c38624c77b8aac8df445d49ba,car,0.8827838897705078,25.48,B,0.0,0.0027,-0.0027,False
nuscenes_mini,ecd49e3c38624c77b8aac8df445d49ba,pedestrian,1.0,11.14,A,0.0673,0.0864,-0.019100000000000006,False
nuscenes_mini,ecd49e3c38624c77b8aac8df445d49ba,pedestrian,1.0,11.67,A,0.0673,0.0864,-0.019100000000000006,False
nuscenes_mini,ecd49e3c38624c77b8aac8df445d49ba,pedestrian,1.0,10.13,A,0.0833,0.0864,-0.0031000000000000055,False
nuscenes_mini,ecd49e3c38624c77b8aac8df445d49ba,car,0.9139785170555116,25.95,B,0.0,0.0027,-0.0027,False
nuscenes_mini,ecd49e3c38624c77b8aac8df445d49ba,car,0.8827838897705078,44.77,C,0.0,0.0,0.0,False
nuscenes_mini,ecd49e3c38624c77b8aac8df445d49ba,car,0.8518518805503845,33.41,C,0.0,0.0,0.0,False
nuscenes_mini,ecd49e3c38624c77b8aac8df445d49ba,pedestrian,1.0,41.75,C,0.0,0.0,0.0,False
nuscenes_mini,ecd49e3c38624c77b8aac8df445d49ba,car,0.9064327478408812,28.15,B,0.0302,0.0027,0.0275,False
nuscenes_mini,ecd49e3c38624c77b8aac8df445d49ba,car,0.92592591047287,25.54,B,0.1671,0.0027,0.1644,True
nuscenes_mini,ecd49e3c38624c77b8aac8df445d49ba,bus,0.6604774594306946,41.59,C,0.0399,0.0,0.0399,False
nuscenes_mini,ecd49e3c38624c77b8aac8df445d49ba,truck,0.7299578189849854,34.78,C,0.0,0.0,0.0,False
nuscenes_mini,ecd49e3c38624c77b8aac8df445d49ba,truck,0.976608157157898,11.1,A,0.0304,0.0864,-0.05600000000000001,False
nuscenes_mini,ecd49e3c38624c77b8aac8df445d49ba,truck,0.859649121761322,6.64,A,0.0779,0.1481,-0.07020000000000001,False
nuscenes_mini,ecd49e3c38624c77b8aac8df445d49ba,car,0.96875,3.49,A,0.25,0.1769,0.0731,True
nuscenes_mini,ac452a60e8b34a7080c938c904b23057,pedestrian,1.0,9.64,A,0.1111,0.1481,-0.037000000000000005,False
nuscenes_mini,ac452a60e8b34a7080c938c904b23057,pedestrian,1.0,8.0,A,0.2386,0.1481,0.0905,True
nuscenes_mini,ac452a60e8b34a7080c938c904b23057,pedestrian,1.0,10.74,A,0.0893,0.0864,0.0029,False
nuscenes_mini,ac452a60e8b34a7080c938c904b23057,pedestrian,1.0,7.96,A,0.4375,0.1481,0.2894,True
nuscenes_mini,ac452a60e8b34a7080c938c904b23057,pedestrian,1.0,28.94,B,0.0,0.0027,-0.0027,False
nuscenes_mini,ac452a60e8b34a7080c938c904b23057,car,0.921951174736023,24.63,B,0.047,0.0156,0.0314,False
nuscenes_mini,ac452a60e8b34a7080c938c904b23057,car,0.9452055096626282,23.43,B,0.0,0.0156,-0.0156,False
nuscenes_mini,ac452a60e8b34a7080c938c904b23057,car,0.9064327478408812,46.53,C,0.0,0.0,0.0,False
nuscenes_mini,ac452a60e8b34a7080c938c904b23057,truck,0.8358974456787109,47.95,C,0.0,0.0,0.0,False
nuscenes_mini,ac452a60e8b34a7080c938c904b23057,pedestrian,1.0,10.75,A,0.0938,0.0864,0.00739999999999999,False
nuscenes_mini,ac452a60e8b34a7080c938c904b23057,pedestrian,1.0,23.13,B,0.0,0.0156,-0.0156,False
nuscenes_mini,ac452a60e8b34a7080c938c904b23057,pedestrian,1.0,11.28,A,0.0714,0.0864,-0.015,False
nuscenes_mini,ac452a60e8b34a7080c938c904b23057,pedestrian,1.0,9.79,A,0.125,0.1481,-0.02310000000000001,False
nuscenes_mini,ac452a60e8b34a7080c938c904b23057,pedestrian,1.0,12.4,A,0.0781,0.0864,-0.008300000000000002,False
nuscenes_mini,ac452a60e8b34a7080c938c904b23057,car,0.921951174736023,24.62,B,0.0,0.0156,-0.0156,False
nuscenes_mini,ac452a60e8b34a7080c938c904b23057,car,0.8987342119216919,46.26,C,0.0,0.0,0.0,False
nuscenes_mini,ac452a60e8b34a7080c938c904b23057,car,0.9298245906829834,28.38,B,0.0438,0.0027,0.0411,False
nuscenes_mini,ac452a60e8b34a7080c938c904b23057,car,0.7815700173377991,46.45,C,0.0615,0.0,0.0615,True
nuscenes_mini,ac452a60e8b34a7080c938c904b23057,car,0.941605806350708,24.1,B,0.0609,0.0156,0.04530000000000001,False
nuscenes_mini,ac452a60e8b34a7080c938c904b23057,bus,0.7730495929718018,47.16,C,0.0225,0.0,0.0225,False
nuscenes_mini,ac452a60e8b34a7080c938c904b23057,truck,0.6717948913574219,37.11,C,0.0,0.0,0.0,False
nuscenes_mini,ac452a60e8b34a7080c938c904b23057,truck,0.976608157157898,11.29,A,0.0311,0.0864,-0.0553,False
nuscenes_mini,ac452a60e8b34a7080c938c904b23057,truck,0.8632478713989258,6.67,A,0.0731,0.1481,-0.07500000000000001,False
nuscenes_mini,ac452a60e8b34a7080c938c904b23057,car,0.9609756469726562,3.54,A,0.1894,0.1769,0.012500000000000011,False
nuscenes_mini,27900b9c3cfb48ed8b49087098d4a15a,pedestrian,1.0,7.94,A,0.6562,0.1481,0.5081,True
nuscenes_mini,27900b9c3cfb48ed8b49087098d4a15a,pedestrian,1.0,10.91,A,0.0833,0.0864,-0.0031000000000000055,False
nuscenes_mini,27900b9c3cfb48ed8b49087098d4a15a,pedestrian,1.0,10.52,A,0.0625,0.0864,-0.023900000000000005,False
nuscenes_mini,27900b9c3cfb48ed8b49087098d4a15a,pedestrian,1.0,7.97,A,0.7031,0.1481,0.5549999999999999,True
nuscenes_mini,27900b9c3cfb48ed8b49087098d4a15a,pedestrian,1.0,9.52,A,0.0833,0.1481,-0.06480000000000001,False
nuscenes_mini,27900b9c3cfb48ed8b49087098d4a15a,car,0.949367105960846,22.14,B,0.0108,0.0156,-0.004799999999999999,False
nuscenes_mini,27900b9c3cfb48ed8b49087098d4a15a,car,0.8827838897705078,42.09,C,0.0,0.0,0.0,False
nuscenes_mini,27900b9c3cfb48ed8b49087098d4a15a,truck,0.5345454812049866,42.52,C,0.0,0.0,0.0,False
nuscenes_mini,27900b9c3cfb48ed8b49087098d4a15a,pedestrian,1.0,9.51,A,0.1481,0.1481,0.0,False
nuscenes_mini,27900b9c3cfb48ed8b49087098d4a15a,pedestrian,1.0,10.89,A,0.0833,0.0864,-0.0031000000000000055,False
nuscenes_mini,27900b9c3cfb48ed8b49087098d4a15a,pedestrian,1.0,23.1,B,0.0,0.0156,-0.0156,False
nuscenes_mini,27900b9c3cfb48ed8b49087098d4a15a,pedestrian,1.0,11.86,A,0.0625,0.0864,-0.023900000000000005,False
nuscenes_mini,27900b9c3cfb48ed8b49087098d4a15a,car,0.8202247023582458,42.32,C,0.0125,0.0,0.0125,False
nuscenes_mini,27900b9c3cfb48ed8b49087098d4a15a,car,0.9024390578269958,43.49,C,0.0,0.0,0.0,False
nuscenes_mini,27900b9c3cfb48ed8b49087098d4a15a,car,0.9375000596046448,25.47,B,0.0804,0.0027,0.0777,True
nuscenes_mini,27900b9c3cfb48ed8b49087098d4a15a,bus,0.719298243522644,51.53,C,0.0007,0.0,0.0007,False
nuscenes_mini,27900b9c3cfb48ed8b49087098d4a15a,truck,0.5038759708404541,42.04,C,0.0,0.0,0.0,False
nuscenes_mini,27900b9c3cfb48ed8b49087098d4a15a,truck,0.976608157157898,11.06,A,0.03,0.0864,-0.056400000000000006,False
nuscenes_mini,27900b9c3cfb48ed8b49087098d4a15a,truck,0.8787879347801208,6.65,A,0.085,0.1481,-0.0631,False
nuscenes_mini,27900b9c3cfb48ed8b49087098d4a15a,car,0.9609756469726562,3.53,A,0.2479,0.1769,0.07100000000000001,True
nuscenes_mini,c4f9b75136384ec4a76c4adfc28b4259,pedestrian,1.0,7.93,A,0.6375,0.1481,0.48939999999999995,True
nuscenes_mini,c4f9b75136384ec4a76c4adfc28b4259,pedestrian,1.0,10.11,A,0.1071,0.0864,0.020699999999999996,False
nuscenes_mini,c4f9b75136384ec4a76c4adfc28b4259,pedestrian,1.0,9.13,A,0.2679,0.1481,0.11980000000000002,True
nuscenes_mini,c4f9b75136384ec4a76c4adfc28b4259,pedestrian,1.0,10.5,A,0.0926,0.0864,0.006199999999999997,False
nuscenes_mini,c4f9b75136384ec4a76c4adfc28b4259,pedestrian,1.0,10.52,A,0.475,0.0864,0.38859999999999995,True
nuscenes_mini,c4f9b75136384ec4a76c4adfc28b4259,pedestrian,1.0,9.44,A,0.175,0.1481,0.02689999999999998,False
nuscenes_mini,c4f9b75136384ec4a76c4adfc28b4259,car,0.9298245906829834,21.21,B,0.1092,0.0156,0.0936,True
nuscenes_mini,c4f9b75136384ec4a76c4adfc28b4259,car,0.8865247964859009,39.69,C,0.0,0.0,0.0,False
nuscenes_mini,c4f9b75136384ec4a76c4adfc28b4259,pedestrian,1.0,9.08,A,0.2632,0.1481,0.11509999999999998,True
nuscenes_mini,c4f9b75136384ec4a76c4adfc28b4259,pedestrian,1.0,9.16,A,0.25,0.1481,0.10189999999999999,True
nuscenes_mini,c4f9b75136384ec4a76c4adfc28b4259,pedestrian,1.0,11.35,A,0.0625,0.0864,-0.023900000000000005,False
nuscenes_mini,c4f9b75136384ec4a76c4adfc28b4259,car,0.8048780560493469,40.62,C,0.0,0.0,0.0,False
nuscenes_mini,c4f9b75136384ec4a76c4adfc28b4259,car,0.8241757750511169,48.56,C,0.0,0.0,0.0,False
nuscenes_mini,c4f9b75136384ec4a76c4adfc28b4259,car,0.9452055096626282,30.12,C,0.0364,0.0,0.0364,False
nuscenes_mini,c4f9b75136384ec4a76c4adfc28b4259,car,0.9139785170555116,42.05,C,0.0,0.0,0.0,False
nuscenes_mini,c4f9b75136384ec4a76c4adfc28b4259,truck,0.6640419960021973,51.5,C,0.0099,0.0,0.0099,False
nuscenes_mini,c4f9b75136384ec4a76c4adfc28b4259,truck,0.6097560524940491,38.32,C,0.0,0.0,0.0,False
nuscenes_mini,c4f9b75136384ec4a76c4adfc28b4259,truck,0.976608157157898,11.0,A,0.0292,0.0864,-0.0572,False
nuscenes_mini,c4f9b75136384ec4a76c4adfc28b4259,truck,0.8987342119216919,6.56,A,0.0894,0.1481,-0.058700000000000016,False
nuscenes_mini,c4f9b75136384ec4a76c4adfc28b4259,car,0.96875,3.54,A,0.1891,0.1769,0.012199999999999989,False
nuscenes_mini,a572dd2e95e94e4db66bb5dbfaf870b5,pedestrian,1.0,7.87,A,0.8229,0.1481,0.6748,True
nuscenes_mini,a572dd2e95e94e4db66bb5dbfaf870b5,pedestrian,1.0,9.95,A,0.0833,0.1481,-0.06480000000000001,False
nuscenes_mini,a572dd2e95e94e4db66bb5dbfaf870b5,pedestrian,1.0,8.86,A,0.2692,0.1481,0.12109999999999999,True
nuscenes_mini,a572dd2e95e94e4db66bb5dbfaf870b5,pedestrian,1.0,10.1,A,0.125,0.0864,0.038599999999999995,False
nuscenes_mini,a572dd2e95e94e4db66bb5dbfaf870b5,pedestrian,1.0,11.65,A,0.375,0.0864,0.28859999999999997,True
nuscenes_mini,a572dd2e95e94e4db66bb5dbfaf870b5,pedestrian,1.0,9.32,A,0.5,0.1481,0.3519,True
nuscenes_mini,a572dd2e95e94e4db66bb5dbfaf870b5,car,0.92592591047287,21.93,B,0.0898,0.0156,0.0742,True
nuscenes_mini,a572dd2e95e94e4db66bb5dbfaf870b5,car,0.8750000596046448,39.12,C,0.0,0.0,0.0,False
nuscenes_mini,a572dd2e95e94e4db66bb5dbfaf870b5,truck,0.8083832263946533,47.66,C,0.0,0.0,0.0,False
nuscenes_mini,a572dd2e95e94e4db66bb5dbfaf870b5,pedestrian,1.0,8.88,A,0.2411,0.1481,0.093,True
nuscenes_mini,a572dd2e95e94e4db66bb5dbfaf870b5,pedestrian,1.0,10.09,A,0.1094,0.0864,0.022999999999999993,False
nuscenes_mini,a572dd2e95e94e4db66bb5dbfaf870b5,pedestrian,1.0,22.99,B,0.0,0.0156,-0.0156,False
nuscenes_mini,a572dd2e95e94e4db66bb5dbfaf870b5,pedestrian,1.0,10.88,A,0.1042,0.0864,0.017799999999999996,False
nuscenes_mini,a572dd2e95e94e4db66bb5dbfaf870b5,car,0.92592591047287,27.8,B,0.0,0.0027,-0.0027,False
nuscenes_mini,a572dd2e95e94e4db66bb5dbfaf870b5,car,0.9024390578269958,47.33,C,0.0,0.0,0.0,False
nuscenes_mini,a572dd2e95e94e4db66bb5dbfaf870b5,car,0.9375000596046448,26.98,B,0.1096,0.0027,0.10690000000000001,True
nuscenes_mini,a572dd2e95e94e4db66bb5dbfaf870b5,truck,0.5395683646202087,38.62,C,0.0,0.0,0.0,False
nuscenes_mini,a572dd2e95e94e4db66bb5dbfaf870b5,truck,0.976608157157898,11.33,A,0.027,0.0864,-0.05940000000000001,False
nuscenes_mini,a572dd2e95e94e4db66bb5dbfaf870b5,truck,0.9064327478408812,6.68,A,0.0806,0.1481,-0.0675,False
nuscenes_mini,a572dd2e95e94e4db66bb5dbfaf870b5,car,0.96875,3.52,A,0.1929,0.1769,0.015999999999999986,False
nuscenes_mini,313a60afcab5481a94a4815e0d1a6496,pedestrian,1.0,9.83,A,0.125,0.1481,-0.02310000000000001,False
nuscenes_mini,313a60afcab5481a94a4815e0d1a6496,pedestrian,1.0,7.96,A,0.7656,0.1481,0.6174999999999999,True
nuscenes_mini,313a60afcab5481a94a4815e0d1a6496,pedestrian,1.0,8.57,A,0.2396,0.1481,0.0915,True
nuscenes_mini,313a60afcab5481a94a4815e0d1a6496,pedestrian,1.0,9.61,A,0.1875,0.1481,0.03939999999999999,False
nuscenes_mini,313a60afcab5481a94a4815e0d1a6496,pedestrian,1.0,9.33,A,0.4583,0.1481,0.3102,True
nuscenes_mini,313a60afcab5481a94a4815e0d1a6496,pedestrian,1.0,7.94,A,0.7656,0.1481,0.6174999999999999,True
nuscenes_mini,313a60afcab5481a94a4815e0d1a6496,car,0.8518518805503845,41.55,C,0.0,0.0,0.0,False
nuscenes_mini,313a60afcab5481a94a4815e0d1a6496,car,0.8904109597206116,23.13,B,0.0686,0.0156,0.05299999999999999,True
nuscenes_mini,313a60afcab5481a94a4815e0d1a6496,car,0.8632478713989258,45.73,C,0.0,0.0,0.0,False
nuscenes_mini,313a60afcab5481a94a4815e0d1a6496,pedestrian,1.0,10.51,A,0.1042,0.0864,0.017799999999999996,False
nuscenes_mini,313a60afcab5481a94a4815e0d1a6496,pedestrian,1.0,8.62,A,0.1964,0.1481,0.04829999999999998,False
nuscenes_mini,313a60afcab5481a94a4815e0d1a6496,pedestrian,1.0,29.97,B,0.0,0.0027,-0.0027,False
nuscenes_mini,313a60afcab5481a94a4815e0d1a6496,car,0.9452055096626282,41.44,C,0.0,0.0,0.0,False
nuscenes_mini,313a60afcab5481a94a4815e0d1a6496,car,0.9452055096626282,23.61,B,0.0538,0.0156,0.0382,False
nuscenes_mini,313a60afcab5481a94a4815e0d1a6496,truck,0.5428571701049805,47.34,C,0.0,0.0,0.0,False
nuscenes_mini,313a60afcab5481a94a4815e0d1a6496,truck,0.6831682920455933,39.43,C,0.0,0.0,0.0,False
nuscenes_mini,313a60afcab5481a94a4815e0d1a6496,truck,0.9726027250289916,11.36,A,0.0306,0.0864,-0.0558,False
nuscenes_mini,313a60afcab5481a94a4815e0d1a6496,truck,0.8750000596046448,6.76,A,0.0813,0.1481,-0.06680000000000001,False
nuscenes_mini,313a60afcab5481a94a4815e0d1a6496,car,0.9649122953414916,3.51,A,0.2486,0.1769,0.07169999999999999,True
nuscenes_mini,d2ae3c5bbb5343a393882b44d56f8da3,pedestrian,1.0,7.94,A,0.7361,0.1481,0.588,True
nuscenes_mini,d2ae3c5bbb5343a393882b44d56f8da3,pedestrian,1.0,25.16,B,0.0,0.0027,-0.0027,False
nuscenes_mini,d2ae3c5bbb5343a393882b44d56f8da3,pedestrian,1.0,7.9,A,0.75,0.1481,0.6019,True
nuscenes_mini,d2ae3c5bbb5343a393882b44d56f8da3,pedestrian,1.0,8.37,A,0.2083,0.1481,0.060200000000000004,True
nuscenes_mini,d2ae3c5bbb5343a393882b44d56f8da3,pedestrian,1.0,9.35,A,0.1406,0.1481,-0.007500000000000007,False
nuscenes_mini,d2ae3c5bbb5343a393882b44d56f8da3,pedestrian,1.0,9.28,A,0.5,0.1481,0.3519,True
nuscenes_mini,d2ae3c5bbb5343a393882b44d56f8da3,pedestrian,1.0,9.8,A,0.1029,0.1481,-0.045200000000000004,False
nuscenes_mini,d2ae3c5bbb5343a393882b44d56f8da3,car,0.8865247964859009,43.91,C,0.0,0.0,0.0,False
nuscenes_mini,d2ae3c5bbb5343a393882b44d56f8da3,car,0.8987342119216919,41.08,C,0.0,0.0,0.0,False
nuscenes_mini,d2ae3c5bbb5343a393882b44d56f8da3,car,0.9179486632347108,23.05,B,0.0343,0.0156,0.018699999999999998,False
nuscenes_mini,d2ae3c5bbb5343a393882b44d56f8da3,pedestrian,1.0,10.17,A,0.1,0.0864,0.013600000000000001,False
nuscenes_mini,d2ae3c5bbb5343a393882b44d56f8da3,pedestrian,1.0,22.98,B,0.0,0.0156,-0.0156,False
nuscenes_mini,d2ae3c5bbb5343a393882b44d56f8da3,car,0.8048780560493469,52.64,C,0.0,0.0,0.0,False
nuscenes_mini,d2ae3c5bbb5343a393882b44d56f8da3,car,0.9139785170555116,22.9,B,0.0377,0.0156,0.022099999999999998,False
nuscenes_mini,d2ae3c5bbb5343a393882b44d56f8da3,car,0.8947368264198303,46.53,C,0.0,0.0,0.0,False
nuscenes_mini,d2ae3c5bbb5343a393882b44d56f8da3,pedestrian,1.0,51.24,C,0.0,0.0,0.0,False
nuscenes_mini,d2ae3c5bbb5343a393882b44d56f8da3,pedestrian,1.0,8.09,A,0.7071,0.1481,0.5589999999999999,True
nuscenes_mini,d2ae3c5bbb5343a393882b44d56f8da3,car,0.941605806350708,25.61,B,0.0495,0.0027,0.0468,False
nuscenes_mini,d2ae3c5bbb5343a393882b44d56f8da3,truck,0.9726027250289916,11.26,A,0.0258,0.0864,-0.0606,False
nuscenes_mini,d2ae3c5bbb5343a393882b44d56f8da3,truck,0.9064327478408812,6.66,A,0.0821,0.1481,-0.066,False
nuscenes_mini,d2ae3c5bbb5343a393882b44d56f8da3,car,0.9569892287254332,3.52,A,0.1874,0.1769,0.01050000000000001,False
nuscenes_mini,59bd7a9fae8a45bcb76f1847cf09e000,pedestrian,1.0,9.34,A,0.6641,0.1481,0.516,True
nuscenes_mini,59bd7a9fae8a45bcb76f1847cf09e000,pedestrian,1.0,8.17,A,0.7475,0.1481,0.5994,True
nuscenes_mini,59bd7a9fae8a45bcb76f1847cf09e000,pedestrian,1.0,9.94,A,0.1406,0.1481,-0.007500000000000007,False
nuscenes_mini,59bd7a9fae8a45bcb76f1847cf09e000,pedestrian,1.0,9.06,A,0.1932,0.1481,0.0451,False
nuscenes_mini,59bd7a9fae8a45bcb76f1847cf09e000,pedestrian,1.0,8.24,A,0.2083,0.1481,0.060200000000000004,True
nuscenes_mini,59bd7a9fae8a45bcb76f1847cf09e000,pedestrian,1.0,8.13,A,0.7188,0.1481,0.5707,True
nuscenes_mini,59bd7a9fae8a45bcb76f1847cf09e000,pedestrian,1.0,9.61,A,0.1406,0.1481,-0.007500000000000007,False
nuscenes_mini,59bd7a9fae8a45bcb76f1847cf09e000,car,0.8083832263946533,20.55,B,0.0242,0.0156,0.0086,False
nuscenes_mini,59bd7a9fae8a45bcb76f1847cf09e000,truck,0.5508772134780884,44.45,C,0.0,0.0,0.0,False
nuscenes_mini,59bd7a9fae8a45bcb76f1847cf09e000,pedestrian,1.0,9.89,A,0.1562,0.1481,0.008099999999999996,False
nuscenes_mini,59bd7a9fae8a45bcb76f1847cf09e000,pedestrian,1.0,17.63,B,0.2143,0.039599999999999996,0.1747,True
nuscenes_mini,59bd7a9fae8a45bcb76f1847cf09e000,car,0.8987342119216919,47.46,C,0.0,0.0,0.0,False
nuscenes_mini,59bd7a9fae8a45bcb76f1847cf09e000,pedestrian,1.0,8.22,A,0.7908,0.1481,0.6426999999999999,True
nuscenes_mini,59bd7a9fae8a45bcb76f1847cf09e000,pedestrian,1.0,22.39,B,0.0256,0.0156,0.010000000000000002,False
nuscenes_mini,59bd7a9fae8a45bcb76f1847cf09e000,car,0.9064327478408812,37.67,C,0.0,0.0,0.0,False
nuscenes_mini,59bd7a9fae8a45bcb76f1847cf09e000,car,0.949367105960846,27.91,B,0.0827,0.0027,0.08,True
nuscenes_mini,59bd7a9fae8a45bcb76f1847cf09e000,truck,0.9726027250289916,10.97,A,0.0307,0.0864,-0.0557,False
nuscenes_mini,59bd7a9fae8a45bcb76f1847cf09e000,truck,0.8672199249267578,6.66,A,0.0844,0.1481,-0.0637,False
nuscenes_mini,59bd7a9fae8a45bcb76f1847cf09e000,car,0.9609756469726562,3.52,A,0.2555,0.1769,0.0786,True
nuscenes_mini,37535cd306954669a2b21578573b93e3,pedestrian,1.0,8.04,A,0.1667,0.1481,0.018599999999999978,False
nuscenes_mini,37535cd306954669a2b21578573b93e3,pedestrian,1.0,9.39,A,0.5417,0.1481,0.39359999999999995,True
nuscenes_mini,37535cd306954669a2b21578573b93e3,pedestrian,1.0,9.74,A,0.1406,0.1481,-0.007500000000000007,False
nuscenes_mini,37535cd306954669a2b21578573b93e3,pedestrian,1.0,9.53,A,0.4722,0.1481,0.3241,True
nuscenes_mini,37535cd306954669a2b21578573b93e3,pedestrian,1.0,8.98,A,0.1875,0.1481,0.03939999999999999,False
nuscenes_mini,37535cd306954669a2b21578573b93e3,car,0.9024390578269958,40.68,C,0.0,0.0,0.0,False
nuscenes_mini,37535cd306954669a2b21578573b93e3,car,0.8904109597206116,37.1,C,0.0,0.0,0.0,False
nuscenes_mini,37535cd306954669a2b21578573b93e3,car,0.9452055096626282,19.71,B,0.0961,0.039599999999999996,0.05650000000000001,True
nuscenes_mini,37535cd306954669a2b21578573b93e3,car,0.7500000596046448,55.5,C,0.0,0.0,0.0,False
nuscenes_mini,37535cd306954669a2b21578573b93e3,car,0.9024390578269958,48.47,C,0.0,0.0,0.0,False
nuscenes_mini,37535cd306954669a2b21578573b93e3,car,0.7460317611694336,51.83,C,0.0,0.0,0.0,False
nuscenes_mini,37535cd306954669a2b21578573b93e3,pedestrian,1.0,8.57,A,0.7273,0.1481,0.5791999999999999,True
nuscenes_mini,37535cd306954669a2b21578573b93e3,pedestrian,1.0,8.46,A,0.7679,0.1481,0.6198,True
nuscenes_mini,37535cd306954669a2b21578573b93e3,car,0.9064327478408812,37.24,C,0.0,0.0,0.0,False
nuscenes_mini,37535cd306954669a2b21578573b93e3,car,0.949367105960846,30.26,C,0.0334,0.0,0.0334,False
nuscenes_mini,37535cd306954669a2b21578573b93e3,car,0.9375000596046448,42.96,C,0.0,0.0,0.0,False
nuscenes_mini,37535cd306954669a2b21578573b93e3,truck,0.9726027250289916,10.99,A,0.0328,0.0864,-0.0536,False
nuscenes_mini,37535cd306954669a2b21578573b93e3,truck,0.8709677457809448,6.61,A,0.0782,0.1481,-0.0699,False
nuscenes_mini,37535cd306954669a2b21578573b93e3,car,0.9609756469726562,3.55,A,0.2409,0.1769,0.064,True
nuscenes_mini,3a064c48e47b489a8b442b8081f877b6,pedestrian,1.0,8.05,A,0.1625,0.1481,0.014399999999999996,False
nuscenes_mini,3a064c48e47b489a8b442b8081f877b6,pedestrian,1.0,9.5,A,0.625,0.1481,0.4769,True
nuscenes_mini,3a064c48e47b489a8b442b8081f877b6,pedestrian,1.0,8.86,A,0.2063,0.1481,0.0582,True
nuscenes_mini,3a064c48e47b489a8b442b8081f877b6,pedestrian,1.0,9.62,A,0.0938,0.1481,-0.054300000000000015,False
nuscenes_mini,3a064c48e47b489a8b442b8081f877b6,pedestrian,1.0,9.58,A,0.4286,0.1481,0.28049999999999997,True
nuscenes_mini,3a064c48e47b489a8b442b8081f877b6,car,0.7538461089134216,38.58,C,0.0,0.0,0.0,False
nuscenes_mini,3a064c48e47b489a8b442b8081f877b6,car,0.9452055096626282,20.27,B,0.1013,0.0156,0.0857,True
nuscenes_mini,3a064c48e47b489a8b442b8081f877b6,car,0.8787879347801208,37.84,C,0.0,0.0,0.0,False
nuscenes_mini,3a064c48e47b489a8b442b8081f877b6,car,0.8827838897705078,48.84,C,0.0,0.0,0.0,False
nuscenes_mini,3a064c48e47b489a8b442b8081f877b6,pedestrian,1.0,9.97,A,0.4904,0.1481,0.3423,True
nuscenes_mini,3a064c48e47b489a8b442b8081f877b6,pedestrian,1.0,8.9,A,0.5312,0.1481,0.3831,True
nuscenes_mini,3a064c48e47b489a8b442b8081f877b6,car,0.9336099624633788,32.56,C,0.0289,0.0,0.0289,False
nuscenes_mini,3a064c48e47b489a8b442b8081f877b6,truck,0.9804878830909728,11.05,A,0.0301,0.0864,-0.0563,False
nuscenes_mini,3a064c48e47b489a8b442b8081f877b6,truck,0.9024390578269958,6.68,A,0.0888,0.1481,-0.059300000000000005,False
nuscenes_mini,3a064c48e47b489a8b442b8081f877b6,car,0.9649122953414916,3.55,A,0.2431,0.1769,0.06620000000000001,True
nuscenes_mini,d3c0bbf933594f7184e20d761b6416f4,pedestrian,1.0,9.67,A,0.4205,0.1481,0.2724,True
nuscenes_mini,d3c0bbf933594f7184e20d761b6416f4,pedestrian,1.0,9.09,A,0.4083,0.1481,0.2602,True
nuscenes_mini,d3c0bbf933594f7184e20d761b6416f4,pedestrian,1.0,9.5,A,0.1562,0.1481,0.008099999999999996,False
nuscenes_mini,d3c0bbf933594f7184e20d761b6416f4,pedestrian,1.0,9.57,A,0.5309,0.1481,0.38280000000000003,True
nuscenes_mini,d3c0bbf933594f7184e20d761b6416f4,pedestrian,1.0,8.03,A,0.1944,0.1481,0.04629999999999998,False
nuscenes_mini,d3c0bbf933594f7184e20d761b6416f4,car,0.9064327478408812,22.14,B,0.077,0.0156,0.061399999999999996,True
nuscenes_mini,d3c0bbf933594f7184e20d761b6416f4,car,0.9139785170555116,43.47,C,0.0,0.0,0.0,False
nuscenes_mini,d3c0bbf933594f7184e20d761b6416f4,car,0.9101123809814452,45.97,C,0.0,0.0,0.0,False
nuscenes_mini,d3c0bbf933594f7184e20d761b6416f4,pedestrian,1.0,23.02,B,0.0,0.0156,-0.0156,False
nuscenes_mini,d3c0bbf933594f7184e20d761b6416f4,car,0.8987342119216919,46.96,C,0.0,0.0,0.0,False
nuscenes_mini,d3c0bbf933594f7184e20d761b6416f4,pedestrian,1.0,29.71,B,0.0227,0.0027,0.02,False
nuscenes_mini,d3c0bbf933594f7184e20d761b6416f4,pedestrian,1.0,9.43,A,0.3625,0.1481,0.21439999999999998,True
nuscenes_mini,d3c0bbf933594f7184e20d761b6416f4,car,0.941605806350708,34.96,C,0.0056,0.0,0.0056,False
nuscenes_mini,d3c0bbf933594f7184e20d761b6416f4,car,0.9452055096626282,22.17,B,0.0896,0.0156,0.074,True
nuscenes_mini,d3c0bbf933594f7184e20d761b6416f4,truck,0.9726027250289916,11.12,A,0.0291,0.0864,-0.057300000000000004,False
nuscenes_mini,d3c0bbf933594f7184e20d761b6416f4,truck,0.859649121761322,6.61,A,0.0788,0.1481,-0.06930000000000001,False
nuscenes_mini,d3c0bbf933594f7184e20d761b6416f4,car,0.9649122953414916,3.49,A,0.2493,0.1769,0.07239999999999999,True
nuscenes_mini,31812a5e8d514b5f8d2fbc50fc007475,pedestrian,1.0,9.55,A,0.4904,0.1481,0.3423,True
nuscenes_mini,31812a5e8d514b5f8d2fbc50fc007475,pedestrian,1.0,9.75,A,0.5625,0.1481,0.4144,True
nuscenes_mini,31812a5e8d514b5f8d2fbc50fc007475,pedestrian,1.0,9.61,A,0.1125,0.1481,-0.03560000000000001,False
nuscenes_mini,31812a5e8d514b5f8d2fbc50fc007475,pedestrian,1.0,8.29,A,0.5179,0.1481,0.3698,True
nuscenes_mini,31812a5e8d514b5f8d2fbc50fc007475,pedestrian,1.0,8.14,A,0.5,0.1481,0.3519,True
nuscenes_mini,31812a5e8d514b5f8d2fbc50fc007475,car,0.9101123809814452,38.98,C,0.0,0.0,0.0,False
nuscenes_mini,31812a5e8d514b5f8d2fbc50fc007475,car,0.9024390578269958,41.24,C,0.0,0.0,0.0,False
nuscenes_mini,31812a5e8d514b5f8d2fbc50fc007475,pedestrian,1.0,48.36,C,0.0,0.0,0.0,False
nuscenes_mini,31812a5e8d514b5f8d2fbc50fc007475,car,0.8947368264198303,47.53,C,0.0,0.0,0.0,False
nuscenes_mini,31812a5e8d514b5f8d2fbc50fc007475,pedestrian,1.0,9.64,A,0.4688,0.1481,0.3207,True
nuscenes_mini,31812a5e8d514b5f8d2fbc50fc007475,pedestrian,1.0,9.73,A,0.4375,0.1481,0.2894,True
nuscenes_mini,31812a5e8d514b5f8d2fbc50fc007475,car,0.7852349281311035,40.67,C,0.0,0.0,0.0,False
nuscenes_mini,31812a5e8d514b5f8d2fbc50fc007475,car,0.9336099624633788,36.55,C,0.0086,0.0,0.0086,False
nuscenes_mini,31812a5e8d514b5f8d2fbc50fc007475,car,0.921951174736023,24.59,B,0.1397,0.0156,0.12409999999999999,True
nuscenes_mini,31812a5e8d514b5f8d2fbc50fc007475,truck,0.976608157157898,11.17,A,0.0275,0.0864,-0.05890000000000001,False
nuscenes_mini,31812a5e8d514b5f8d2fbc50fc007475,truck,0.859649121761322,6.66,A,0.0838,0.1481,-0.06430000000000001,False
nuscenes_mini,31812a5e8d514b5f8d2fbc50fc007475,car,0.9609756469726562,3.56,A,0.2459,0.1769,0.069,True
nuscenes_mini,32e2619879854a83953c08ec8557f3bb,pedestrian,1.0,9.43,A,0.5641,0.1481,0.41600000000000004,True
nuscenes_mini,32e2619879854a83953c08ec8557f3bb,pedestrian,1.0,16.09,B,0.125,0.039599999999999996,0.0854,True
nuscenes_mini,32e2619879854a83953c08ec8557f3bb,pedestrian,1.0,10.04,A,0.5,0.0864,0.41359999999999997,True
nuscenes_mini,32e2619879854a83953c08ec8557f3bb,pedestrian,1.0,9.19,A,0.6042,0.1481,0.45609999999999995,True
nuscenes_mini,32e2619879854a83953c08ec8557f3bb,pedestrian,1.0,8.22,A,0.6562,0.1481,0.5081,True
nuscenes_mini,32e2619879854a83953c08ec8557f3bb,car,0.8865247964859009,41.28,C,0.0,0.0,0.0,False
nuscenes_mini,32e2619879854a83953c08ec8557f3bb,car,0.8865247964859009,43.31,C,0.0,0.0,0.0,False
nuscenes_mini,32e2619879854a83953c08ec8557f3bb,pedestrian,1.0,22.81,B,0.0,0.0156,-0.0156,False
nuscenes_mini,32e2619879854a83953c08ec8557f3bb,pedestrian,1.0,22.94,B,0.0,0.0156,-0.0156,False
nuscenes_mini,32e2619879854a83953c08ec8557f3bb,car,0.8750000596046448,47.25,C,0.0,0.0,0.0,False
nuscenes_mini,32e2619879854a83953c08ec8557f3bb,pedestrian,1.0,9.98,A,0.5571,0.1481,0.40900000000000003,True
nuscenes_mini,32e2619879854a83953c08ec8557f3bb,pedestrian,1.0,12.49,A,0.4286,0.0864,0.34219999999999995,True
nuscenes_mini,32e2619879854a83953c08ec8557f3bb,pedestrian,1.0,9.95,A,0.7037,0.1481,0.5556,True
nuscenes_mini,32e2619879854a83953c08ec8557f3bb,car,0.921951174736023,28.48,B,0.0681,0.0027,0.0654,True
nuscenes_mini,32e2619879854a83953c08ec8557f3bb,car,0.7538461089134216,39.53,C,0.0,0.0,0.0,False
nuscenes_mini,32e2619879854a83953c08ec8557f3bb,truck,0.9726027250289916,11.09,A,0.0273,0.0864,-0.0591,False
nuscenes_mini,32e2619879854a83953c08ec8557f3bb,truck,0.8987342119216919,6.64,A,0.0747,0.1481,-0.0734,False
nuscenes_mini,32e2619879854a83953c08ec8557f3bb,car,0.9649122953414916,3.56,A,0.2386,0.1769,0.061700000000000005,True
nuscenes_mini,4d7cf1ad5f9c4842bb6f135e058deed4,pedestrian,1.0,8.22,A,0.675,0.1481,0.5269,True
nuscenes_mini,4d7cf1ad5f9c4842bb6f135e058deed4,pedestrian,1.0,9.46,A,0.596,0.1481,0.44789999999999996,True
nuscenes_mini,4d7cf1ad5f9c4842bb6f135e058deed4,pedestrian,1.0,15.85,B,0.125,0.039599999999999996,0.0854,True
nuscenes_mini,4d7cf1ad5f9c4842bb6f135e058deed4,pedestrian,1.0,9.31,A,0.525,0.1481,0.3769,True
nuscenes_mini,4d7cf1ad5f9c4842bb6f135e058deed4,car,0.8987342119216919,42.42,C,0.0,0.0,0.0,False
nuscenes_mini,4d7cf1ad5f9c4842bb6f135e058deed4,car,0.9024390578269958,40.36,C,0.0,0.0,0.0,False
nuscenes_mini,4d7cf1ad5f9c4842bb6f135e058deed4,car,0.7299578189849854,51.87,C,0.0,0.0,0.0,False
nuscenes_mini,4d7cf1ad5f9c4842bb6f135e058deed4,car,0.8827838897705078,47.33,C,0.0,0.0,0.0,False
nuscenes_mini,4d7cf1ad5f9c4842bb6f135e058deed4,pedestrian,1.0,10.28,A,0.4444,0.0864,0.358,True
nuscenes_mini,4d7cf1ad5f9c4842bb6f135e058deed4,pedestrian,1.0,9.99,A,0.6705,0.1481,0.5224,True
nuscenes_mini,4d7cf1ad5f9c4842bb6f135e058deed4,pedestrian,1.0,10.22,A,0.4792,0.0864,0.39280000000000004,True
nuscenes_mini,4d7cf1ad5f9c4842bb6f135e058deed4,car,0.8827838897705078,39.97,C,0.0064,0.0,0.0064,False
nuscenes_mini,4d7cf1ad5f9c4842bb6f135e058deed4,car,0.7852349281311035,39.38,C,0.0,0.0,0.0,False
nuscenes_mini,4d7cf1ad5f9c4842bb6f135e058deed4,car,0.9336099624633788,33.02,C,0.0,0.0,0.0,False
nuscenes_mini,4d7cf1ad5f9c4842bb6f135e058deed4,truck,0.976608157157898,11.24,A,0.0256,0.0864,-0.06080000000000001,False
nuscenes_mini,4d7cf1ad5f9c4842bb6f135e058deed4,truck,0.8827838897705078,6.62,A,0.0841,0.1481,-0.06400000000000002,False
nuscenes_mini,4d7cf1ad5f9c4842bb6f135e058deed4,car,0.9649122953414916,3.55,A,0.182,0.1769,0.005099999999999993,False
nuscenes_mini,c143943fd6e246448eab88ce1a0aeda9,pedestrian,1.0,8.21,A,0.7679,0.1481,0.6198,True
nuscenes_mini,c143943fd6e246448eab88ce1a0aeda9,pedestrian,1.0,9.6,A,0.5741,0.1481,0.42600000000000005,True
nuscenes_mini,c143943fd6e246448eab88ce1a0aeda9,pedestrian,1.0,10.17,A,0.5625,0.0864,0.47609999999999997,True
nuscenes_mini,c143943fd6e246448eab88ce1a0aeda9,pedestrian,1.0,22.75,B,0.0,0.0156,-0.0156,False
nuscenes_mini,c143943fd6e246448eab88ce1a0aeda9,car,0.8904109597206116,38.35,C,0.0,0.0,0.0,False
nuscenes_mini,c143943fd6e246448eab88ce1a0aeda9,car,0.8904109597206116,40.98,C,0.0,0.0,0.0,False
nuscenes_mini,c143943fd6e246448eab88ce1a0aeda9,car,0.8987342119216919,47.34,C,0.0,0.0,0.0,False
nuscenes_mini,c143943fd6e246448eab88ce1a0aeda9,pedestrian,1.0,11.38,A,0.2857,0.0864,0.1993,True
nuscenes_mini,c143943fd6e246448eab88ce1a0aeda9,pedestrian,1.0,10.08,A,0.6875,0.0864,0.6011,True
nuscenes_mini,c143943fd6e246448eab88ce1a0aeda9,pedestrian,1.0,10.34,A,0.679,0.0864,0.5926,True
nuscenes_mini,c143943fd6e246448eab88ce1a0aeda9,car,0.7460317611694336,41.06,C,0.0,0.0,0.0,False
nuscenes_mini,c143943fd6e246448eab88ce1a0aeda9,truck,0.976608157157898,10.97,A,0.0296,0.0864,-0.0568,False
nuscenes_mini,c143943fd6e246448eab88ce1a0aeda9,truck,0.8947368264198303,6.68,A,0.0674,0.1481,-0.08070000000000001,False
nuscenes_mini,c143943fd6e246448eab88ce1a0aeda9,car,0.96875,3.56,A,0.1949,0.1769,0.017999999999999988,False
nuscenes_mini,47188ae2bc8c4faf83c909b135701176,pedestrian,1.0,8.25,A,0.6944,0.1481,0.5463,True
nuscenes_mini,47188ae2bc8c4faf83c909b135701176,pedestrian,1.0,9.75,A,0.6566,0.1481,0.5085,True
nuscenes_mini,47188ae2bc8c4faf83c909b135701176,pedestrian,1.0,10.49,A,0.6375,0.0864,0.5510999999999999,True
nuscenes_mini,47188ae2bc8c4faf83c909b135701176,pedestrian,1.0,9.98,A,0.5625,0.1481,0.4144,True
nuscenes_mini,47188ae2bc8c4faf83c909b135701176,car,0.8827838897705078,39.55,C,0.0,0.0,0.0,False
nuscenes_mini,47188ae2bc8c4faf83c909b135701176,car,0.8827838897705078,41.37,C,0.0,0.0,0.0,False
nuscenes_mini,47188ae2bc8c4faf83c909b135701176,pedestrian,1.0,22.76,B,0.0,0.0156,-0.0156,False
nuscenes_mini,47188ae2bc8c4faf83c909b135701176,car,0.8865247964859009,46.94,C,0.0,0.0,0.0,False
nuscenes_mini,47188ae2bc8c4faf83c909b135701176,pedestrian,1.0,11.48,A,0.5,0.0864,0.41359999999999997,True
nuscenes_mini,47188ae2bc8c4faf83c909b135701176,pedestrian,1.0,10.16,A,0.4479,0.0864,0.36150000000000004,True
nuscenes_mini,47188ae2bc8c4faf83c909b135701176,pedestrian,1.0,10.57,A,0.6806,0.0864,0.5942,True
nuscenes_mini,47188ae2bc8c4faf83c909b135701176,car,0.8750000596046448,43.02,C,0.0012,0.0,0.0012,False
nuscenes_mini,47188ae2bc8c4faf83c909b135701176,car,0.8709677457809448,40.98,C,0.0,0.0,0.0,False
nuscenes_mini,47188ae2bc8c4faf83c909b135701176,car,0.7264957427978516,40.27,C,0.0054,0.0,0.0054,False
nuscenes_mini,47188ae2bc8c4faf83c909b135701176,truck,0.9726027250289916,11.19,A,0.0261,0.0864,-0.060300000000000006,False
nuscenes_mini,47188ae2bc8c4faf83c909b135701176,truck,0.8827838897705078,6.63,A,0.0868,0.1481,-0.06130000000000001,False
nuscenes_mini,47188ae2bc8c4faf83c909b135701176,car,0.9609756469726562,3.53,A,0.1921,0.1769,0.015199999999999991,False
nuscenes_mini,a5f101af325144bd8b8f67694766e255,pedestrian,1.0,8.44,A,0.6538,0.1481,0.5057,True
nuscenes_mini,a5f101af325144bd8b8f67694766e255,pedestrian,1.0,9.92,A,0.5159,0.1481,0.3678,True
nuscenes_mini,a5f101af325144bd8b8f67694766e255,pedestrian,1.0,10.73,A,0.5312,0.0864,0.4448,True
nuscenes_mini,a5f101af325144bd8b8f67694766e255,pedestrian,1.0,10.11,A,0.5417,0.0864,0.4552999999999999,True
nuscenes_mini,a5f101af325144bd8b8f67694766e255,car,0.8904109597206116,44.19,C,0.0,0.0,0.0,False
nuscenes_mini,a5f101af325144bd8b8f67694766e255,car,0.8865247964859009,42.23,C,0.0,0.0,0.0,False
nuscenes_mini,a5f101af325144bd8b8f67694766e255,pedestrian,1.0,58.37,C,0.0,0.0,0.0,False
nuscenes_mini,a5f101af325144bd8b8f67694766e255,pedestrian,1.0,22.79,B,0.0,0.0156,-0.0156,False
nuscenes_mini,a5f101af325144bd8b8f67694766e255,car,0.8750000596046448,47.84,C,0.0,0.0,0.0,False
nuscenes_mini,a5f101af325144bd8b8f67694766e255,pedestrian,1.0,10.88,A,0.3056,0.0864,0.21919999999999998,True
nuscenes_mini,a5f101af325144bd8b8f67694766e255,pedestrian,1.0,10.26,A,0.2727,0.0864,0.1863,True
nuscenes_mini,a5f101af325144bd8b8f67694766e255,pedestrian,1.0,9.94,A,0.5299,0.1481,0.38180000000000003,True
nuscenes_mini,a5f101af325144bd8b8f67694766e255,pedestrian,1.0,11.99,A,0.3016,0.0864,0.21519999999999997,True
nuscenes_mini,a5f101af325144bd8b8f67694766e255,car,0.8358974456787109,39.19,C,0.001,0.0,0.001,False
nuscenes_mini,a5f101af325144bd8b8f67694766e255,car,0.9179486632347108,37.21,C,0.0,0.0,0.0,False
nuscenes_mini,a5f101af325144bd8b8f67694766e255,truck,0.9726027250289916,11.14,A,0.0277,0.0864,-0.0587,False
nuscenes_mini,a5f101af325144bd8b8f67694766e255,truck,0.859649121761322,6.61,A,0.0877,0.1481,-0.06040000000000001,False
nuscenes_mini,a5f101af325144bd8b8f67694766e255,car,0.96875,3.55,A,0.2409,0.1769,0.064,True
nuscenes_mini,6f114ec641f8426399b69e844c0dfd62,pedestrian,1.0,8.61,A,0.6496,0.1481,0.5015,True
nuscenes_mini,6f114ec641f8426399b69e844c0dfd62,pedestrian,1.0,8.83,A,0.6074,0.1481,0.45930000000000004,True
nuscenes_mini,6f114ec641f8426399b69e844c0dfd62,pedestrian,1.0,10.95,A,0.4643,0.0864,0.3779,True
nuscenes_mini,6f114ec641f8426399b69e844c0dfd62,car,0.8904109597206116,44.33,C,0.0,0.0,0.0,False
nuscenes_mini,6f114ec641f8426399b69e844c0dfd62,car,0.8865247964859009,41.84,C,0.0,0.0,0.0,False
nuscenes_mini,6f114ec641f8426399b69e844c0dfd62,pedestrian,1.0,19.0,B,0.0417,0.039599999999999996,0.0021000000000000046,False
nuscenes_mini,6f114ec641f8426399b69e844c0dfd62,car,0.8827838897705078,48.28,C,0.0,0.0,0.0,False
nuscenes_mini,6f114ec641f8426399b69e844c0dfd62,pedestrian,1.0,11.09,A,0.463,0.0864,0.37660000000000005,True
nuscenes_mini,6f114ec641f8426399b69e844c0dfd62,pedestrian,1.0,9.54,A,0.5417,0.1481,0.39359999999999995,True
nuscenes_mini,6f114ec641f8426399b69e844c0dfd62,pedestrian,1.0,8.74,A,0.619,0.1481,0.4709,True
nuscenes_mini,6f114ec641f8426399b69e844c0dfd62,pedestrian,1.0,10.17,A,0.5625,0.0864,0.47609999999999997,True
nuscenes_mini,6f114ec641f8426399b69e844c0dfd62,pedestrian,1.0,5.11,A,0.9,0.1481,0.7519,True
nuscenes_mini,6f114ec641f8426399b69e844c0dfd62,pedestrian,1.0,10.29,A,0.4205,0.0864,0.33409999999999995,True
nuscenes_mini,6f114ec641f8426399b69e844c0dfd62,pedestrian,1.0,47.25,C,0.0556,0.0,0.0556,True
nuscenes_mini,6f114ec641f8426399b69e844c0dfd62,truck,0.9726027250289916,11.2,A,0.0284,0.0864,-0.058,False
nuscenes_mini,6f114ec641f8426399b69e844c0dfd62,truck,0.8241757750511169,6.6,A,0.0835,0.1481,-0.0646,False
nuscenes_mini,6f114ec641f8426399b69e844c0dfd62,car,0.9609756469726562,3.55,A,0.2451,0.1769,0.06820000000000001,True
nuscenes_mini,ed5b84e7ea6f434e99d7816b37d15f2f,pedestrian,1.0,11.19,A,0.4062,0.0864,0.3198,True
nuscenes_mini,ed5b84e7ea6f434e99d7816b37d15f2f,pedestrian,1.0,8.77,A,0.6111,0.1481,0.46299999999999997,True
nuscenes_mini,ed5b84e7ea6f434e99d7816b37d15f2f,car,0.8904109597206116,42.63,C,0.0,0.0,0.0,False
nuscenes_mini,ed5b84e7ea6f434e99d7816b37d15f2f,car,0.8865247964859009,40.18,C,0.0,0.0,0.0,False
nuscenes_mini,ed5b84e7ea6f434e99d7816b37d15f2f,pedestrian,1.0,18.73,B,0.125,0.039599999999999996,0.0854,True
nuscenes_mini,ed5b84e7ea6f434e99d7816b37d15f2f,pedestrian,1.0,22.57,B,0.0,0.0156,-0.0156,False
nuscenes_mini,ed5b84e7ea6f434e99d7816b37d15f2f,pedestrian,1.0,22.85,B,0.0,0.0156,-0.0156,False
nuscenes_mini,ed5b84e7ea6f434e99d7816b37d15f2f,car,0.8750000596046448,48.42,C,0.0,0.0,0.0,False
nuscenes_mini,ed5b84e7ea6f434e99d7816b37d15f2f,pedestrian,1.0,11.57,A,0.4815,0.0864,0.3951,True
nuscenes_mini,ed5b84e7ea6f434e99d7816b37d15f2f,pedestrian,1.0,8.97,A,0.6508,0.1481,0.5027,True
nuscenes_mini,ed5b84e7ea6f434e99d7816b37d15f2f,pedestrian,1.0,10.47,A,0.5714,0.0864,0.485,True
nuscenes_mini,ed5b84e7ea6f434e99d7816b37d15f2f,pedestrian,1.0,8.94,A,0.6325,0.1481,0.48439999999999994,True
nuscenes_mini,ed5b84e7ea6f434e99d7816b37d15f2f,pedestrian,1.0,12.72,A,0.4688,0.0864,0.38239999999999996,True
nuscenes_mini,ed5b84e7ea6f434e99d7816b37d15f2f,pedestrian,1.0,10.39,A,0.6875,0.0864,0.6011,True
nuscenes_mini,ed5b84e7ea6f434e99d7816b37d15f2f,truck,0.976608157157898,11.4,A,0.0268,0.0864,-0.0596,False
nuscenes_mini,ed5b84e7ea6f434e99d7816b37d15f2f,truck,0.8947368264198303,6.62,A,0.085,0.1481,-0.0631,False
nuscenes_mini,ed5b84e7ea6f434e99d7816b37d15f2f,car,0.9609756469726562,3.53,A,0.2429,0.1769,0.066,True
nuscenes_mini,739b12938d0e410d9b8fc832dfad5510,pedestrian,1.0,11.49,A,0.3906,0.0864,0.3042,True
nuscenes_mini,739b12938d0e410d9b8fc832dfad5510,car,0.8904109597206116,46.05,C,0.0,0.0,0.0,False
nuscenes_mini,739b12938d0e410d9b8fc832dfad5510,car,0.8987342119216919,48.57,C,0.0,0.0,0.0,False
nuscenes_mini,739b12938d0e410d9b8fc832dfad5510,pedestrian,1.0,22.61,B,0.0,0.0156,-0.0156,False
nuscenes_mini,739b12938d0e410d9b8fc832dfad5510,pedestrian,1.0,51.14,C,0.0,0.0,0.0,False
nuscenes_mini,739b12938d0e410d9b8fc832dfad5510,pedestrian,1.0,22.9,B,0.0,0.0156,-0.0156,False
nuscenes_mini,739b12938d0e410d9b8fc832dfad5510,pedestrian,1.0,22.79,B,0.0,0.0156,-0.0156,False
nuscenes_mini,739b12938d0e410d9b8fc832dfad5510,pedestrian,1.0,22.67,B,0.0,0.0156,-0.0156,False
nuscenes_mini,739b12938d0e410d9b8fc832dfad5510,car,0.8787879347801208,49.03,C,0.0,0.0,0.0,False
nuscenes_mini,739b12938d0e410d9b8fc832dfad5510,pedestrian,1.0,11.98,A,0.5179,0.0864,0.4315,True
nuscenes_mini,739b12938d0e410d9b8fc832dfad5510,pedestrian,1.0,10.8,A,0.3519,0.0864,0.26549999999999996,True
nuscenes_mini,739b12938d0e410d9b8fc832dfad5510,pedestrian,1.0,11.58,A,0.375,0.0864,0.28859999999999997,True
nuscenes_mini,739b12938d0e410d9b8fc832dfad5510,pedestrian,1.0,9.21,A,0.7019,0.1481,0.5538,True
nuscenes_mini,739b12938d0e410d9b8fc832dfad5510,pedestrian,1.0,9.98,A,0.6042,0.1481,0.45609999999999995,True
nuscenes_mini,739b12938d0e410d9b8fc832dfad5510,pedestrian,1.0,10.6,A,0.4327,0.0864,0.34629999999999994,True
nuscenes_mini,739b12938d0e410d9b8fc832dfad5510,pedestrian,1.0,13.33,A,0.4625,0.0864,0.3761,True
nuscenes_mini,739b12938d0e410d9b8fc832dfad5510,truck,0.9726027250289916,11.3,A,0.0274,0.0864,-0.059000000000000004,False
nuscenes_mini,739b12938d0e410d9b8fc832dfad5510,truck,0.8518518805503845,6.68,A,0.0824,0.1481,-0.06570000000000001,False
nuscenes_mini,739b12938d0e410d9b8fc832dfad5510,car,0.9649122953414916,3.52,A,0.2479,0.1769,0.07100000000000001,True
nuscenes_mini,dcbe451d383e450786aaad04ab9d3790,pedestrian,1.0,11.68,A,0.3854,0.0864,0.29900000000000004,True
nuscenes_mini,dcbe451d383e450786aaad04ab9d3790,car,0.8947368264198303,47.21,C,0.0,0.0,0.0,False
nuscenes_mini,dcbe451d383e450786aaad04ab9d3790,car,0.8947368264198303,44.69,C,0.0,0.0,0.0,False
nuscenes_mini,dcbe451d383e450786aaad04ab9d3790,pedestrian,1.0,22.76,B,0.0,0.0156,-0.0156,False
nuscenes_mini,dcbe451d383e450786aaad04ab9d3790,pedestrian,1.0,13.06,A,0.0952,0.0864,0.008800000000000002,False
nuscenes_mini,dcbe451d383e450786aaad04ab9d3790,pedestrian,1.0,22.6,B,0.0,0.0156,-0.0156,False
nuscenes_mini,dcbe451d383e450786aaad04ab9d3790,pedestrian,1.0,22.86,B,0.0,0.0156,-0.0156,False
nuscenes_mini,dcbe451d383e450786aaad04ab9d3790,pedestrian,1.0,22.74,B,0.0,0.0156,-0.0156,False
nuscenes_mini,dcbe451d383e450786aaad04ab9d3790,car,0.8750000596046448,48.08,C,0.0,0.0,0.0,False
nuscenes_mini,dcbe451d383e450786aaad04ab9d3790,pedestrian,1.0,12.42,A,0.5139,0.0864,0.4275,True
nuscenes_mini,dcbe451d383e450786aaad04ab9d3790,pedestrian,1.0,11.78,A,0.4219,0.0864,0.3355,True
nuscenes_mini,dcbe451d383e450786aaad04ab9d3790,pedestrian,1.0,10.92,A,0.3667,0.0864,0.2803,True
nuscenes_mini,dcbe451d383e450786aaad04ab9d3790,pedestrian,1.0,9.38,A,0.6354,0.1481,0.48729999999999996,True
nuscenes_mini,dcbe451d383e450786aaad04ab9d3790,pedestrian,1.0,9.34,A,0.7321,0.1481,0.584,True
nuscenes_mini,dcbe451d383e450786aaad04ab9d3790,pedestrian,1.0,46.08,C,0.0,0.0,0.0,False
nuscenes_mini,dcbe451d383e450786aaad04ab9d3790,pedestrian,1.0,10.59,A,0.55,0.0864,0.4636,True
nuscenes_mini,dcbe451d383e450786aaad04ab9d3790,pedestrian,1.0,13.9,A,0.5096,0.0864,0.4232,True
nuscenes_mini,dcbe451d383e450786aaad04ab9d3790,truck,0.9726027250289916,11.07,A,0.0294,0.0864,-0.05700000000000001,False
nuscenes_mini,dcbe451d383e450786aaad04ab9d3790,truck,0.8632478713989258,6.66,A,0.08,0.1481,-0.06810000000000001,False
nuscenes_mini,dcbe451d383e450786aaad04ab9d3790,car,0.9569892287254332,3.53,A,0.1946,0.1769,0.017699999999999994,False
nuscenes_mini,5991fad3280c4f84b331536c32001a04,car,0.8518518805503845,49.98,C,0.0,0.0,0.0,False
nuscenes_mini,5991fad3280c4f84b331536c32001a04,car,0.8632478713989258,45.29,C,0.0,0.0,0.0,False
nuscenes_mini,5991fad3280c4f84b331536c32001a04,car,0.859649121761322,17.77,B,0.0903,0.039599999999999996,0.05070000000000001,True
nuscenes_mini,5991fad3280c4f84b331536c32001a04,car,0.8709677457809448,15.57,B,0.2525,0.039599999999999996,0.2129,True
nuscenes_mini,5991fad3280c4f84b331536c32001a04,car,0.9336099624633788,15.49,B,0.0813,0.039599999999999996,0.0417,False
nuscenes_mini,5991fad3280c4f84b331536c32001a04,car,0.8552036285400391,39.09,C,0.0,0.0,0.0,False
nuscenes_mini,5991fad3280c4f84b331536c32001a04,car,0.8160918951034546,25.45,B,0.0312,0.0027,0.028499999999999998,False
nuscenes_mini,5991fad3280c4f84b331536c32001a04,car,0.8987342119216919,34.21,C,0.0,0.0,0.0,False
nuscenes_mini,5991fad3280c4f84b331536c32001a04,car,0.8202247023582458,31.85,C,0.0,0.0,0.0,False
nuscenes_mini,5991fad3280c4f84b331536c32001a04,car,0.8709677457809448,22.85,B,0.0781,0.0156,0.0625,True
nuscenes_mini,5991fad3280c4f84b331536c32001a04,truck,0.8865247964859009,24.88,B,0.0111,0.0156,-0.004499999999999999,False
nuscenes_mini,5991fad3280c4f84b331536c32001a04,car,0.9452055096626282,14.6,A,0.1119,0.0864,0.025499999999999995,False
nuscenes_mini,5991fad3280c4f84b331536c32001a04,car,0.9452055096626282,10.84,A,0.5592,0.0864,0.4728,True
nuscenes_mini,5991fad3280c4f84b331536c32001a04,car,0.9452055096626282,8.68,A,0.2928,0.1481,0.1447,True
nuscenes_mini,5991fad3280c4f84b331536c32001a04,car,0.8947368264198303,15.14,B,0.2986,0.039599999999999996,0.259,True
nuscenes_mini,5991fad3280c4f84b331536c32001a04,car,0.9375000596046448,13.02,A,0.4926,0.0864,0.4062,True
nuscenes_mini,5991fad3280c4f84b331536c32001a04,car,0.9452055096626282,9.84,A,0.444,0.1481,0.2959,True
nuscenes_mini,5991fad3280c4f84b331536c32001a04,pedestrian,1.0,48.98,C,0.0,0.0,0.0,False
nuscenes_mini,5991fad3280c4f84b331536c32001a04,car,0.8787879347801208,35.86,C,0.0,0.0,0.0,False
nuscenes_mini,5991fad3280c4f84b331536c32001a04,car,0.719298243522644,25.16,B,0.0078,0.0027,0.0050999999999999995,False
nuscenes_mini,5991fad3280c4f84b331536c32001a04,car,0.5586206912994385,19.96,B,0.0116,0.039599999999999996,-0.027999999999999997,False
nuscenes_mini,5991fad3280c4f84b331536c32001a04,car,0.9101123809814452,30.66,C,0.0,0.0,0.0,False
nuscenes_mini,5991fad3280c4f84b331536c32001a04,car,0.8083832263946533,17.77,B,0.0056,0.039599999999999996,-0.033999999999999996,False
nuscenes_mini,5991fad3280c4f84b331536c32001a04,truck,0.7344398498535156,47.61,C,0.0,0.0,0.0,False
nuscenes_mini,5991fad3280c4f84b331536c32001a04,car,0.597484290599823,25.3,B,0.0061,0.0027,0.0034000000000000002,False
nuscenes_mini,5991fad3280c4f84b331536c32001a04,truck,0.8672199249267578,9.18,A,0.1956,0.1481,0.04749999999999999,False
nuscenes_mini,5991fad3280c4f84b331536c32001a04,truck,0.5241636037826538,8.04,A,0.501,0.1481,0.3529,True
nuscenes_mini,5991fad3280c4f84b331536c32001a04,truck,0.8672199249267578,6.94,A,0.1488,0.1481,0.0006999999999999784,False
nuscenes_mini,2578329fc3ae484bb23ef766808f4be5,car,0.8552036285400391,42.0,C,0.0005,0.0,0.0005,False
nuscenes_mini,2578329fc3ae484bb23ef766808f4be5,car,0.9024390578269958,18.45,B,0.0838,0.039599999999999996,0.0442,False
nuscenes_mini,2578329fc3ae484bb23ef766808f4be5,car,0.8241757750511169,13.91,A,0.3542,0.0864,0.26780000000000004,True
nuscenes_mini,2578329fc3ae484bb23ef766808f4be5,car,0.8865247964859009,16.44,B,0.1046,0.039599999999999996,0.065,True
nuscenes_mini,2578329fc3ae484bb23ef766808f4be5,car,0.8750000596046448,35.76,C,0.0007,0.0,0.0007,False
nuscenes_mini,2578329fc3ae484bb23ef766808f4be5,car,0.8632478713989258,45.27,C,0.0,0.0,0.0,False
nuscenes_mini,2578329fc3ae484bb23ef766808f4be5,car,0.8827838897705078,39.71,C,0.0,0.0,0.0,False
nuscenes_mini,2578329fc3ae484bb23ef766808f4be5,car,0.8518518805503845,21.55,B,0.0786,0.0156,0.063,True
nuscenes_mini,2578329fc3ae484bb23ef766808f4be5,car,0.8787879347801208,30.45,C,0.0116,0.0,0.0116,False
nuscenes_mini,2578329fc3ae484bb23ef766808f4be5,car,0.6444444060325623,40.49,C,0.0,0.0,0.0,False
nuscenes_mini,2578329fc3ae484bb23ef766808f4be5,car,0.7852349281311035,49.92,C,0.0,0.0,0.0,False
nuscenes_mini,2578329fc3ae484bb23ef766808f4be5,truck,0.9101123809814452,20.82,B,0.0183,0.0156,0.002700000000000001,False
nuscenes_mini,2578329fc3ae484bb23ef766808f4be5,car,0.9024390578269958,20.08,B,0.0449,0.0156,0.029300000000000003,False
nuscenes_mini,2578329fc3ae484bb23ef766808f4be5,car,0.949367105960846,11.29,A,0.0467,0.0864,-0.039700000000000006,False
nuscenes_mini,2578329fc3ae484bb23ef766808f4be5,car,0.9532163739204408,8.23,A,0.5547,0.1481,0.40659999999999996,True
nuscenes_mini,2578329fc3ae484bb23ef766808f4be5,car,0.9375000596046448,11.92,A,0.5528,0.0864,0.4663999999999999,True
nuscenes_mini,2578329fc3ae484bb23ef766808f4be5,car,0.8128654956817627,17.09,B,0.0993,0.039599999999999996,0.0597,True
nuscenes_mini,2578329fc3ae484bb23ef766808f4be5,car,0.9336099624633788,13.66,A,0.4325,0.0864,0.34609999999999996,True
nuscenes_mini,2578329fc3ae484bb23ef766808f4be5,car,0.9452055096626282,9.82,A,0.5126,0.1481,0.36449999999999994,True
nuscenes_mini,2578329fc3ae484bb23ef766808f4be5,car,0.8324607610702515,43.55,C,0.0,0.0,0.0,False
nuscenes_mini,2578329fc3ae484bb23ef766808f4be5,car,0.8048780560493469,21.91,B,0.0013,0.0156,-0.0143,False
nuscenes_mini,2578329fc3ae484bb23ef766808f4be5,car,0.9064327478408812,31.29,C,0.0,0.0,0.0,False
nuscenes_mini,2578329fc3ae484bb23ef766808f4be5,car,0.8518518805503845,9.53,A,0.0215,0.1481,-0.12660000000000002,False
nuscenes_mini,2578329fc3ae484bb23ef766808f4be5,car,0.6332378387451172,29.09,B,0.0077,0.0027,0.005,False
nuscenes_mini,2578329fc3ae484bb23ef766808f4be5,car,0.9101123809814452,16.4,B,0.0081,0.039599999999999996,-0.0315,False
nuscenes_mini,2578329fc3ae484bb23ef766808f4be5,car,0.921951174736023,7.8,A,0.1269,0.1481,-0.021199999999999997,False
nuscenes_mini,2578329fc3ae484bb23ef766808f4be5,car,0.921951174736023,8.2,A,0.2047,0.1481,0.056599999999999984,True
nuscenes_mini,2578329fc3ae484bb23ef766808f4be5,truck,0.8827838897705078,8.52,A,0.3532,0.1481,0.2051,True
nuscenes_mini,8057958576034e51bac9bdc5740128d5,pedestrian,1.0,48.1,C,0.0,0.0,0.0,False
nuscenes_mini,8057958576034e51bac9bdc5740128d5,car,0.8672199249267578,18.05,B,0.1141,0.039599999999999996,0.0745,True
nuscenes_mini,8057958576034e51bac9bdc5740128d5,car,0.921951174736023,36.18,C,0.0071,0.0,0.0071,False
nuscenes_mini,8057958576034e51bac9bdc5740128d5,car,0.8827838897705078,36.52,C,0.0,0.0,0.0,False
nuscenes_mini,8057958576034e51bac9bdc5740128d5,car,0.9064327478408812,31.8,C,0.0089,0.0,0.0089,False
nuscenes_mini,8057958576034e51bac9bdc5740128d5,car,0.8947368264198303,42.32,C,0.0,0.0,0.0,False
nuscenes_mini,8057958576034e51bac9bdc5740128d5,car,0.7730495929718018,33.73,C,0.0022,0.0,0.0022,False
nuscenes_mini,8057958576034e51bac9bdc5740128d5,car,0.8202247023582458,49.57,C,0.0,0.0,0.0,False
nuscenes_mini,8057958576034e51bac9bdc5740128d5,car,0.8987342119216919,27.26,B,0.0104,0.0027,0.007699999999999999,False
nuscenes_mini,8057958576034e51bac9bdc5740128d5,truck,0.9298245906829834,17.55,B,0.0302,0.039599999999999996,-0.009399999999999995,False
nuscenes_mini,8057958576034e51bac9bdc5740128d5,car,0.92592591047287,8.91,A,0.0777,0.1481,-0.0704,False
nuscenes_mini,8057958576034e51bac9bdc5740128d5,truck,0.921951174736023,16.88,B,0.0399,0.039599999999999996,0.00030000000000000165,False
nuscenes_mini,8057958576034e51bac9bdc5740128d5,car,0.9336099624633788,10.77,A,0.5971,0.0864,0.5106999999999999,True
nuscenes_mini,8057958576034e51bac9bdc5740128d5,car,0.9452055096626282,7.84,A,0.2564,0.1481,0.10830000000000001,True
nuscenes_mini,8057958576034e51bac9bdc5740128d5,car,0.9375000596046448,15.13,B,0.3179,0.039599999999999996,0.2783,True
nuscenes_mini,8057958576034e51bac9bdc5740128d5,car,0.9452055096626282,13.3,A,0.445,0.0864,0.35860000000000003,True
nuscenes_mini,8057958576034e51bac9bdc5740128d5,car,0.9649122953414916,9.31,A,0.4884,0.1481,0.3403,True
nuscenes_mini,8057958576034e51bac9bdc5740128d5,car,0.7344398498535156,47.54,C,0.0,0.0,0.0,False
nuscenes_mini,8057958576034e51bac9bdc5740128d5,car,0.6908212304115295,33.33,C,0.0014,0.0,0.0014,False
nuscenes_mini,8057958576034e51bac9bdc5740128d5,car,0.7229437232017517,20.17,B,0.001,0.0156,-0.014599999999999998,False
nuscenes_mini,8057958576034e51bac9bdc5740128d5,car,0.8947368264198303,31.22,C,0.0,0.0,0.0,False
nuscenes_mini,8057958576034e51bac9bdc5740128d5,car,0.7730495929718018,25.5,B,0.0015,0.0027,-0.0012000000000000001,False
nuscenes_mini,8057958576034e51bac9bdc5740128d5,truck,0.8787879347801208,15.26,B,0.0055,0.039599999999999996,-0.0341,False
nuscenes_mini,8057958576034e51bac9bdc5740128d5,truck,0.8552036285400391,10.45,A,0.0658,0.0864,-0.020600000000000007,False
nuscenes_mini,8057958576034e51bac9bdc5740128d5,car,0.92592591047287,8.82,A,0.0294,0.1481,-0.11870000000000001,False
nuscenes_mini,8057958576034e51bac9bdc5740128d5,car,0.9532163739204408,7.11,A,0.1376,0.1481,-0.01050000000000001,False
nuscenes_mini,8057958576034e51bac9bdc5740128d5,car,0.941605806350708,9.58,A,0.1391,0.1481,-0.009000000000000008,False
nuscenes_mini,8057958576034e51bac9bdc5740128d5,car,0.8987342119216919,19.16,B,0.0105,0.039599999999999996,-0.029099999999999994,False
nuscenes_mini,8057958576034e51bac9bdc5740128d5,car,0.9452055096626282,8.67,A,0.3882,0.1481,0.24009999999999998,True
nuscenes_mini,23799328f65843fc9e0c71f2bfbe90ef,pedestrian,1.0,44.41,C,0.0,0.0,0.0,False
nuscenes_mini,23799328f65843fc9e0c71f2bfbe90ef,car,0.8160918951034546,32.09,C,0.0,0.0,0.0,False
nuscenes_mini,23799328f65843fc9e0c71f2bfbe90ef,car,0.8632478713989258,24.75,B,0.0142,0.0156,-0.0013999999999999985,False
nuscenes_mini,23799328f65843fc9e0c71f2bfbe90ef,car,0.92592591047287,21.48,B,0.0998,0.0156,0.0842,True
nuscenes_mini,23799328f65843fc9e0c71f2bfbe90ef,car,0.8787879347801208,14.82,A,0.276,0.0864,0.18960000000000002,True
nuscenes_mini,23799328f65843fc9e0c71f2bfbe90ef,car,0.8904109597206116,37.81,C,0.0015,0.0,0.0015,False
nuscenes_mini,23799328f65843fc9e0c71f2bfbe90ef,car,0.9101123809814452,28.35,B,0.01,0.0027,0.0073,False
nuscenes_mini,23799328f65843fc9e0c71f2bfbe90ef,car,0.8987342119216919,34.15,C,0.0,0.0,0.0,False
nuscenes_mini,23799328f65843fc9e0c71f2bfbe90ef,car,0.8241757750511169,46.21,C,0.0,0.0,0.0,False
nuscenes_mini,23799328f65843fc9e0c71f2bfbe90ef,car,0.7104072570800781,37.71,C,0.0,0.0,0.0,False
nuscenes_mini,23799328f65843fc9e0c71f2bfbe90ef,trailer,0.5586206912994385,15.23,B,0.05,0.039599999999999996,0.010400000000000006,False
nuscenes_mini,23799328f65843fc9e0c71f2bfbe90ef,car,0.92592591047287,7.99,A,0.0562,0.1481,-0.09190000000000001,False
nuscenes_mini,23799328f65843fc9e0c71f2bfbe90ef,truck,0.9064327478408812,13.99,A,0.0581,0.0864,-0.028300000000000006,False
nuscenes_mini,23799328f65843fc9e0c71f2bfbe90ef,car,0.9569892287254332,8.95,A,0.5427,0.1481,0.39459999999999995,True
nuscenes_mini,23799328f65843fc9e0c71f2bfbe90ef,car,0.9532163739204408,12.13,A,0.5371,0.0864,0.4507,True
nuscenes_mini,23799328f65843fc9e0c71f2bfbe90ef,car,0.9298245906829834,14.58,A,0.3687,0.0864,0.2823,True
nuscenes_mini,23799328f65843fc9e0c71f2bfbe90ef,car,0.9569892287254332,10.15,A,0.5174,0.0864,0.43099999999999994,True
nuscenes_mini,23799328f65843fc9e0c71f2bfbe90ef,car,0.8518518805503845,24.23,B,0.0,0.0156,-0.0156,False
nuscenes_mini,23799328f65843fc9e0c71f2bfbe90ef,car,0.9064327478408812,32.05,C,0.0,0.0,0.0,False
nuscenes_mini,23799328f65843fc9e0c71f2bfbe90ef,car,0.7344398498535156,28.93,B,0.0,0.0027,-0.0027,False
nuscenes_mini,23799328f65843fc9e0c71f2bfbe90ef,truck,0.7928802371025085,18.47,B,0.0126,0.039599999999999996,-0.026999999999999996,False
nuscenes_mini,23799328f65843fc9e0c71f2bfbe90ef,truck,0.8083832263946533,13.85,A,0.0314,0.0864,-0.05500000000000001,False
nuscenes_mini,23799328f65843fc9e0c71f2bfbe90ef,pedestrian,1.0,7.6,A,0.0,0.1481,-0.1481,False
nuscenes_mini,23799328f65843fc9e0c71f2bfbe90ef,car,0.9569892287254332,8.07,A,0.0692,0.1481,-0.07890000000000001,False
nuscenes_mini,23799328f65843fc9e0c71f2bfbe90ef,car,0.9569892287254332,8.18,A,0.3234,0.1481,0.1753,True
nuscenes_mini,23799328f65843fc9e0c71f2bfbe90ef,car,0.941605806350708,10.26,A,0.0291,0.0864,-0.057300000000000004,False
nuscenes_mini,23799328f65843fc9e0c71f2bfbe90ef,car,0.9452055096626282,7.01,A,0.159,0.1481,0.010899999999999993,False
nuscenes_mini,23799328f65843fc9e0c71f2bfbe90ef,car,0.719298243522644,39.57,C,0.0,0.0,0.0,False
nuscenes_mini,23799328f65843fc9e0c71f2bfbe90ef,car,0.9569892287254332,7.71,A,0.2954,0.1481,0.1473,True
nuscenes_mini,23799328f65843fc9e0c71f2bfbe90ef,car,0.8827838897705078,19.19,B,0.004,0.039599999999999996,-0.03559999999999999,False
nuscenes_mini,6af01b48aec7475eac1f8e9add0276ff,pedestrian,1.0,27.22,B,0.0,0.0027,-0.0027,False
nuscenes_mini,6af01b48aec7475eac1f8e9add0276ff,pedestrian,1.0,40.19,C,0.0,0.0,0.0,False
nuscenes_mini,6af01b48aec7475eac1f8e9add0276ff,car,0.8128654956817627,28.26,B,0.0076,0.0027,0.0049,False
nuscenes_mini,6af01b48aec7475eac1f8e9add0276ff,car,0.9336099624633788,24.48,B,0.0331,0.0156,0.017499999999999998,False
nuscenes_mini,6af01b48aec7475eac1f8e9add0276ff,car,0.8672199249267578,42.05,C,0.0003,0.0,0.0003,False
nuscenes_mini,6af01b48aec7475eac1f8e9add0276ff,car,0.9452055096626282,17.85,B,0.1173,0.039599999999999996,0.0777,True
nuscenes_mini,6af01b48aec7475eac1f8e9add0276ff,car,0.9179486632347108,29.19,B,0.0072,0.0027,0.0045,False
nuscenes_mini,6af01b48aec7475eac1f8e9add0276ff,car,0.7887788414955139,43.71,C,0.0021,0.0,0.0021,False
nuscenes_mini,6af01b48aec7475eac1f8e9add0276ff,car,0.9064327478408812,50.66,C,0.0,0.0,0.0,False
nuscenes_mini,6af01b48aec7475eac1f8e9add0276ff,car,0.6800000071525574,35.07,C,0.0082,0.0,0.0082,False
nuscenes_mini,6af01b48aec7475eac1f8e9add0276ff,car,0.9179486632347108,17.62,B,0.0305,0.039599999999999996,-0.009099999999999997,False
nuscenes_mini,6af01b48aec7475eac1f8e9add0276ff,truck,0.9298245906829834,10.75,A,0.0676,0.0864,-0.01880000000000001,False
nuscenes_mini,6af01b48aec7475eac1f8e9add0276ff,car,0.9532163739204408,7.98,A,0.5505,0.1481,0.4024,True
nuscenes_mini,6af01b48aec7475eac1f8e9add0276ff,car,0.92592591047287,11.15,A,0.6142,0.0864,0.5277999999999999,True
nuscenes_mini,6af01b48aec7475eac1f8e9add0276ff,car,0.9179486632347108,22.03,B,0.1146,0.0156,0.09899999999999999,True
nuscenes_mini,6af01b48aec7475eac1f8e9add0276ff,car,0.8241757750511169,48.81,C,0.0,0.0,0.0,False
nuscenes_mini,6af01b48aec7475eac1f8e9add0276ff,car,0.949367105960846,9.07,A,0.6435,0.1481,0.49539999999999995,True
nuscenes_mini,6af01b48aec7475eac1f8e9add0276ff,car,0.5857605338096619,53.09,C,0.0,0.0,0.0,False
nuscenes_mini,6af01b48aec7475eac1f8e9add0276ff,car,0.8552036285400391,13.29,A,0.0236,0.0864,-0.06280000000000001,False
nuscenes_mini,6af01b48aec7475eac1f8e9add0276ff,car,0.8476190567016602,15.16,B,0.0171,0.039599999999999996,-0.022499999999999996,False
nuscenes_mini,6af01b48aec7475eac1f8e9add0276ff,car,0.9024390578269958,31.93,C,0.0,0.0,0.0,False
nuscenes_mini,6af01b48aec7475eac1f8e9add0276ff,car,0.6289855241775513,32.76,C,0.0,0.0,0.0,False
nuscenes_mini,6af01b48aec7475eac1f8e9add0276ff,car,0.8987342119216919,10.27,A,0.0719,0.0864,-0.014499999999999999,False
nuscenes_mini,6af01b48aec7475eac1f8e9add0276ff,truck,0.7142857313156128,17.37,B,0.0243,0.039599999999999996,-0.015299999999999998,False
nuscenes_mini,6af01b48aec7475eac1f8e9add0276ff,car,0.9452055096626282,8.69,A,0.065,0.1481,-0.08310000000000001,False
nuscenes_mini,6af01b48aec7475eac1f8e9add0276ff,car,0.7968254089355469,25.18,B,0.0063,0.0027,0.0036,False
nuscenes_mini,6af01b48aec7475eac1f8e9add0276ff,car,0.9569892287254332,7.27,A,0.1127,0.1481,-0.035400000000000015,False
nuscenes_mini,6af01b48aec7475eac1f8e9add0276ff,car,0.9375000596046448,19.57,B,0.0366,0.039599999999999996,-0.0029999999999999957,False
nuscenes_mini,6af01b48aec7475eac1f8e9add0276ff,car,0.92592591047287,9.04,A,0.0533,0.1481,-0.09480000000000001,False
nuscenes_mini,6af01b48aec7475eac1f8e9add0276ff,car,0.949367105960846,8.32,A,0.5204,0.1481,0.37229999999999996,True
nuscenes_mini,df7066fa5f0d4b708982747cc3feed14,car,0.9179486632347108,26.25,B,0.0032,0.0027,0.0005,False
nuscenes_mini,df7066fa5f0d4b708982747cc3feed14,car,0.8439024686813354,24.28,B,0.0548,0.0156,0.0392,False
nuscenes_mini,df7066fa5f0d4b708982747cc3feed14,car,0.8709677457809448,38.74,C,0.0004,0.0,0.0004,False
nuscenes_mini,df7066fa5f0d4b708982747cc3feed14,car,0.941605806350708,15.66,B,0.0099,0.039599999999999996,-0.029699999999999997,False
nuscenes_mini,df7066fa5f0d4b708982747cc3feed14,car,0.8241757750511169,38.12,C,0.0408,0.0,0.0408,False
nuscenes_mini,df7066fa5f0d4b708982747cc3feed14,car,0.9336099624633788,21.45,B,0.0798,0.0156,0.0642,True
nuscenes_mini,df7066fa5f0d4b708982747cc3feed14,car,0.8202247023582458,51.5,C,0.0,0.0,0.0,False
nuscenes_mini,df7066fa5f0d4b708982747cc3feed14,car,0.9101123809814452,46.93,C,0.0,0.0,0.0,False
nuscenes_mini,df7066fa5f0d4b708982747cc3feed14,car,0.7229437232017517,38.08,C,0.0,0.0,0.0,False
nuscenes_mini,df7066fa5f0d4b708982747cc3feed14,car,0.8048780560493469,47.07,C,0.0012,0.0,0.0012,False
nuscenes_mini,df7066fa5f0d4b708982747cc3feed14,car,0.675126850605011,34.82,C,0.0,0.0,0.0,False
nuscenes_mini,df7066fa5f0d4b708982747cc3feed14,car,0.941605806350708,14.85,A,0.036,0.0864,-0.05040000000000001,False
nuscenes_mini,df7066fa5f0d4b708982747cc3feed14,car,0.8750000596046448,20.69,B,0.0,0.0156,-0.0156,False
nuscenes_mini,df7066fa5f0d4b708982747cc3feed14,truck,0.9179486632347108,8.36,A,0.1905,0.1481,0.04239999999999999,False
nuscenes_mini,df7066fa5f0d4b708982747cc3feed14,car,0.9024390578269958,28.16,B,0.1545,0.0027,0.1518,True
nuscenes_mini,df7066fa5f0d4b708982747cc3feed14,car,0.9336099624633788,20.48,B,0.332,0.0156,0.3164,True
nuscenes_mini,df7066fa5f0d4b708982747cc3feed14,car,0.9336099624633788,7.14,A,0.196,0.1481,0.0479,False
nuscenes_mini,df7066fa5f0d4b708982747cc3feed14,car,0.8439024686813354,48.79,C,0.0,0.0,0.0,False
nuscenes_mini,df7066fa5f0d4b708982747cc3feed14,car,0.7229437232017517,23.86,B,0.0,0.0156,-0.0156,False
nuscenes_mini,df7066fa5f0d4b708982747cc3feed14,car,0.859649121761322,43.59,C,0.0,0.0,0.0,False
nuscenes_mini,df7066fa5f0d4b708982747cc3feed14,car,0.8202247023582458,32.87,C,0.0386,0.0,0.0386,False
nuscenes_mini,df7066fa5f0d4b708982747cc3feed14,car,0.827957034111023,34.78,C,0.008,0.0,0.008,False
nuscenes_mini,df7066fa5f0d4b708982747cc3feed14,car,0.8439024686813354,37.83,C,0.0,0.0,0.0,False
nuscenes_mini,df7066fa5f0d4b708982747cc3feed14,car,0.9298245906829834,9.07,A,0.6233,0.1481,0.47519999999999996,True
nuscenes_mini,df7066fa5f0d4b708982747cc3feed14,car,0.8439024686813354,11.04,A,0.0537,0.0864,-0.03270000000000001,False
nuscenes_mini,df7066fa5f0d4b708982747cc3feed14,car,0.8400000333786011,13.02,A,0.0509,0.0864,-0.035500000000000004,False
nuscenes_mini,df7066fa5f0d4b708982747cc3feed14,car,0.8947368264198303,31.74,C,0.0,0.0,0.0,False
nuscenes_mini,df7066fa5f0d4b708982747cc3feed14,car,0.6717948913574219,16.12,B,0.0154,0.039599999999999996,-0.024199999999999996,False
nuscenes_mini,df7066fa5f0d4b708982747cc3feed14,truck,0.7852349281311035,20.64,B,0.0152,0.0156,-0.0003999999999999993,False
nuscenes_mini,df7066fa5f0d4b708982747cc3feed14,car,0.8439024686813354,8.94,A,0.0313,0.1481,-0.11680000000000001,False
nuscenes_mini,df7066fa5f0d4b708982747cc3feed14,car,0.9179486632347108,10.52,A,0.0511,0.0864,-0.035300000000000005,False
nuscenes_mini,df7066fa5f0d4b708982747cc3feed14,car,0.5936508178710938,26.75,B,0.088,0.0027,0.0853,True
nuscenes_mini,df7066fa5f0d4b708982747cc3feed14,car,0.9298245906829834,24.94,B,0.0022,0.0156,-0.013399999999999999,False
nuscenes_mini,df7066fa5f0d4b708982747cc3feed14,car,0.9649122953414916,7.33,A,0.1465,0.1481,-0.001600000000000018,False
nuscenes_mini,df7066fa5f0d4b708982747cc3feed14,car,0.9569892287254332,9.78,A,0.0177,0.1481,-0.13040000000000002,False
nuscenes_mini,df7066fa5f0d4b708982747cc3feed14,car,0.9064327478408812,24.54,B,0.0,0.0156,-0.0156,False
nuscenes_mini,df7066fa5f0d4b708982747cc3feed14,car,0.9609756469726562,8.36,A,0.489,0.1481,0.3409,True
nuscenes_mini,5f6cc6483988439a824cec99e28bb5b9,car,0.921951174736023,23.14,B,0.0154,0.0156,-0.0001999999999999988,False
nuscenes_mini,5f6cc6483988439a824cec99e28bb5b9,car,0.7142857313156128,32.32,C,0.0,0.0,0.0,False
nuscenes_mini,5f6cc6483988439a824cec99e28bb5b9,car,0.7770034670829773,21.39,B,0.0423,0.0156,0.026699999999999998,False
nuscenes_mini,5f6cc6483988439a824cec99e28bb5b9,car,0.9375000596046448,18.16,B,0.1503,0.039599999999999996,0.11069999999999999,True
nuscenes_mini,5f6cc6483988439a824cec99e28bb5b9,car,0.8358974456787109,45.07,C,0.0,0.0,0.0,False
nuscenes_mini,5f6cc6483988439a824cec99e28bb5b9,car,0.8750000596046448,35.66,C,0.0028,0.0,0.0028,False
nuscenes_mini,5f6cc6483988439a824cec99e28bb5b9,car,0.9064327478408812,28.02,B,0.0029,0.0027,0.00019999999999999966,False
nuscenes_mini,5f6cc6483988439a824cec99e28bb5b9,car,0.7770034670829773,33.05,C,0.0,0.0,0.0,False
nuscenes_mini,5f6cc6483988439a824cec99e28bb5b9,car,0.941605806350708,18.06,B,0.1568,0.039599999999999996,0.1172,True
nuscenes_mini,5f6cc6483988439a824cec99e28bb5b9,car,0.9569892287254332,12.17,A,0.0236,0.0864,-0.06280000000000001,False
nuscenes_mini,5f6cc6483988439a824cec99e28bb5b9,trailer,0.6995305418968201,8.02,A,0.0957,0.1481,-0.052400000000000016,False
nuscenes_mini,5f6cc6483988439a824cec99e28bb5b9,car,0.9139785170555116,20.39,B,0.0975,0.0156,0.0819,True
nuscenes_mini,5f6cc6483988439a824cec99e28bb5b9,car,0.8518518805503845,32.52,C,0.0482,0.0,0.0482,False
nuscenes_mini,5f6cc6483988439a824cec99e28bb5b9,car,0.9024390578269958,30.6,C,0.1123,0.0,0.1123,True
nuscenes_mini,5f6cc6483988439a824cec99e28bb5b9,car,0.7419355511665344,27.17,B,0.1359,0.0027,0.13319999999999999,True
nuscenes_mini,5f6cc6483988439a824cec99e28bb5b9,car,0.8012422323226929,46.23,C,0.0019,0.0,0.0019,False
nuscenes_mini,5f6cc6483988439a824cec99e28bb5b9,car,0.8827838897705078,20.09,B,0.0011,0.0156,-0.014499999999999999,False
nuscenes_mini,5f6cc6483988439a824cec99e28bb5b9,car,0.8709677457809448,34.24,C,0.0104,0.0,0.0104,False
nuscenes_mini,5f6cc6483988439a824cec99e28bb5b9,car,0.8904109597206116,42.08,C,0.0,0.0,0.0,False
nuscenes_mini,5f6cc6483988439a824cec99e28bb5b9,car,0.9298245906829834,22.12,B,0.0067,0.0156,-0.008899999999999998,False
nuscenes_mini,5f6cc6483988439a824cec99e28bb5b9,car,0.92592591047287,19.17,B,0.1548,0.039599999999999996,0.1152,True
nuscenes_mini,5f6cc6483988439a824cec99e28bb5b9,car,0.5704697966575623,30.21,C,0.0,0.0,0.0,False
nuscenes_mini,5f6cc6483988439a824cec99e28bb5b9,car,0.7419355511665344,20.97,B,0.0457,0.0156,0.0301,False
nuscenes_mini,5f6cc6483988439a824cec99e28bb5b9,car,0.9532163739204408,13.25,A,0.0554,0.0864,-0.031000000000000007,False
nuscenes_mini,5f6cc6483988439a824cec99e28bb5b9,car,0.7697842121124268,18.66,B,0.014,0.039599999999999996,-0.025599999999999998,False
nuscenes_mini,5f6cc6483988439a824cec99e28bb5b9,car,0.8672199249267578,13.72,A,0.0097,0.0864,-0.0767,False
nuscenes_mini,5f6cc6483988439a824cec99e28bb5b9,car,0.7697842121124268,15.89,B,0.0312,0.039599999999999996,-0.008399999999999998,False
nuscenes_mini,5f6cc6483988439a824cec99e28bb5b9,car,0.8947368264198303,31.34,C,0.0,0.0,0.0,False
nuscenes_mini,5f6cc6483988439a824cec99e28bb5b9,truck,0.7344398498535156,23.71,B,0.007,0.0156,-0.0086,False
nuscenes_mini,5f6cc6483988439a824cec99e28bb5b9,truck,0.9298245906829834,7.66,A,0.1031,0.1481,-0.04500000000000001,False
nuscenes_mini,5f6cc6483988439a824cec99e28bb5b9,car,0.96875,8.34,A,0.3149,0.1481,0.1668,True
nuscenes_mini,5f6cc6483988439a824cec99e28bb5b9,car,0.9064327478408812,20.1,B,0.0238,0.0156,0.008200000000000002,False
nuscenes_mini,5f6cc6483988439a824cec99e28bb5b9,car,0.9532163739204408,9.92,A,0.0244,0.1481,-0.1237,False
nuscenes_mini,5f6cc6483988439a824cec99e28bb5b9,car,0.9569892287254332,7.33,A,0.1277,0.1481,-0.0204,False
nuscenes_mini,5f6cc6483988439a824cec99e28bb5b9,car,0.96875,7.42,A,0.3245,0.1481,0.1764,True
nuscenes_mini,c9304cf98aad4ff0bb5b0cff0aab65d2,pedestrian,1.0,37.1,C,0.0,0.0,0.0,False
nuscenes_mini,c9304cf98aad4ff0bb5b0cff0aab65d2,car,0.8518518805503845,31.08,C,0.0072,0.0,0.0072,False
nuscenes_mini,c9304cf98aad4ff0bb5b0cff0aab65d2,car,0.8709677457809448,31.28,C,0.0021,0.0,0.0021,False
nuscenes_mini,c9304cf98aad4ff0bb5b0cff0aab65d2,car,0.859649121761322,40.62,C,0.0,0.0,0.0,False
nuscenes_mini,c9304cf98aad4ff0bb5b0cff0aab65d2,car,0.9298245906829834,15.44,B,0.0156,0.039599999999999996,-0.023999999999999997,False
nuscenes_mini,c9304cf98aad4ff0bb5b0cff0aab65d2,car,0.8827838897705078,17.95,B,0.1376,0.039599999999999996,0.098,True
nuscenes_mini,c9304cf98aad4ff0bb5b0cff0aab65d2,car,0.9375000596046448,19.41,B,0.0701,0.039599999999999996,0.0305,False
nuscenes_mini,c9304cf98aad4ff0bb5b0cff0aab65d2,car,0.9179486632347108,24.57,B,0.0023,0.0156,-0.0133,False
nuscenes_mini,c9304cf98aad4ff0bb5b0cff0aab65d2,car,0.8865247964859009,43.07,C,0.0,0.0,0.0,False
nuscenes_mini,c9304cf98aad4ff0bb5b0cff0aab65d2,car,0.9569892287254332,14.43,A,0.0256,0.0864,-0.06080000000000001,False
nuscenes_mini,c9304cf98aad4ff0bb5b0cff0aab65d2,car,0.9649122953414916,9.45,A,0.079,0.1481,-0.06910000000000001,False
nuscenes_mini,c9304cf98aad4ff0bb5b0cff0aab65d2,car,0.9375000596046448,18.88,B,0.023,0.039599999999999996,-0.016599999999999997,False
nuscenes_mini,c9304cf98aad4ff0bb5b0cff0aab65d2,car,0.9024390578269958,20.61,B,0.0491,0.0156,0.0335,False
nuscenes_mini,c9304cf98aad4ff0bb5b0cff0aab65d2,car,0.9064327478408812,24.21,B,0.0174,0.0156,0.0017999999999999995,False
nuscenes_mini,c9304cf98aad4ff0bb5b0cff0aab65d2,car,0.8947368264198303,29.16,B,0.134,0.0027,0.1313,True
nuscenes_mini,c9304cf98aad4ff0bb5b0cff0aab65d2,car,0.8827838897705078,17.29,B,0.1144,0.039599999999999996,0.0748,True
nuscenes_mini,c9304cf98aad4ff0bb5b0cff0aab65d2,car,0.859649121761322,38.96,C,0.0,0.0,0.0,False
nuscenes_mini,c9304cf98aad4ff0bb5b0cff0aab65d2,car,0.8987342119216919,38.9,C,0.0173,0.0,0.0173,False
nuscenes_mini,c9304cf98aad4ff0bb5b0cff0aab65d2,car,0.9336099624633788,18.39,B,0.0253,0.039599999999999996,-0.014299999999999997,False
nuscenes_mini,c9304cf98aad4ff0bb5b0cff0aab65d2,car,0.9139785170555116,27.37,B,0.1368,0.0027,0.1341,True
nuscenes_mini,c9304cf98aad4ff0bb5b0cff0aab65d2,car,0.8750000596046448,22.33,B,0.0,0.0156,-0.0156,False
nuscenes_mini,c9304cf98aad4ff0bb5b0cff0aab65d2,car,0.7968254089355469,17.7,B,0.0067,0.039599999999999996,-0.0329,False
nuscenes_mini,c9304cf98aad4ff0bb5b0cff0aab65d2,car,0.7697842121124268,19.8,B,0.0162,0.039599999999999996,-0.023399999999999997,False
nuscenes_mini,c9304cf98aad4ff0bb5b0cff0aab65d2,car,0.9532163739204408,16.86,B,0.0133,0.039599999999999996,-0.026299999999999997,False
nuscenes_mini,c9304cf98aad4ff0bb5b0cff0aab65d2,car,0.92592591047287,13.03,A,0.0228,0.0864,-0.0636,False
nuscenes_mini,c9304cf98aad4ff0bb5b0cff0aab65d2,car,0.8987342119216919,34.23,C,0.0,0.0,0.0,False
nuscenes_mini,c9304cf98aad4ff0bb5b0cff0aab65d2,car,0.8400000333786011,15.49,B,0.0131,0.039599999999999996,-0.026499999999999996,False
nuscenes_mini,c9304cf98aad4ff0bb5b0cff0aab65d2,truck,0.5857605338096619,27.75,B,0.0075,0.0027,0.0048,False
nuscenes_mini,c9304cf98aad4ff0bb5b0cff0aab65d2,trailer,0.5747508406639099,7.82,A,0.1713,0.1481,0.0232,False
nuscenes_mini,c9304cf98aad4ff0bb5b0cff0aab65d2,car,0.92592591047287,26.01,B,0.0233,0.0027,0.0206,False
nuscenes_mini,c9304cf98aad4ff0bb5b0cff0aab65d2,car,0.6717948913574219,25.47,B,0.0,0.0027,-0.0027,False
nuscenes_mini,c9304cf98aad4ff0bb5b0cff0aab65d2,car,0.9452055096626282,8.87,A,0.0835,0.1481,-0.0646,False
nuscenes_mini,c9304cf98aad4ff0bb5b0cff0aab65d2,car,0.921951174736023,19.56,B,0.0105,0.039599999999999996,-0.029099999999999994,False
nuscenes_mini,c9304cf98aad4ff0bb5b0cff0aab65d2,car,0.9024390578269958,19.19,B,0.0186,0.039599999999999996,-0.020999999999999998,False
nuscenes_mini,c9304cf98aad4ff0bb5b0cff0aab65d2,car,0.6444444060325623,24.78,B,0.0031,0.0156,-0.012499999999999999,False
nuscenes_mini,c9304cf98aad4ff0bb5b0cff0aab65d2,car,0.9569892287254332,8.5,A,0.4674,0.1481,0.3193,True
nuscenes_mini,c9304cf98aad4ff0bb5b0cff0aab65d2,car,0.92592591047287,20.19,B,0.012,0.0156,-0.003599999999999999,False
nuscenes_mini,79937d5eae1d450499677a0dcffa210c,pedestrian,1.0,33.07,C,0.0,0.0,0.0,False
nuscenes_mini,79937d5eae1d450499677a0dcffa210c,pedestrian,1.0,26.37,B,0.0476,0.0027,0.0449,False
nuscenes_mini,79937d5eae1d450499677a0dcffa210c,car,0.8987342119216919,36.32,C,0.0,0.0,0.0,False
nuscenes_mini,79937d5eae1d450499677a0dcffa210c,car,0.8947368264198303,24.54,B,0.0448,0.0156,0.0292,False
nuscenes_mini,79937d5eae1d450499677a0dcffa210c,car,0.9649122953414916,15.97,B,0.1278,0.039599999999999996,0.0882,True
nuscenes_mini,79937d5eae1d450499677a0dcffa210c,car,0.9139785170555116,13.91,A,0.2889,0.0864,0.20249999999999999,True
nuscenes_mini,79937d5eae1d450499677a0dcffa210c,car,0.9179486632347108,39.8,C,0.0,0.0,0.0,False
nuscenes_mini,79937d5eae1d450499677a0dcffa210c,car,0.949367105960846,20.61,B,0.0201,0.0156,0.0045000000000000005,False
nuscenes_mini,79937d5eae1d450499677a0dcffa210c,car,0.8400000333786011,27.59,B,0.0161,0.0027,0.013399999999999999,False
nuscenes_mini,79937d5eae1d450499677a0dcffa210c,car,0.8709677457809448,37.13,C,0.0049,0.0,0.0049,False
nuscenes_mini,79937d5eae1d450499677a0dcffa210c,car,0.9101123809814452,27.21,B,0.0052,0.0027,0.0024999999999999996,False
nuscenes_mini,79937d5eae1d450499677a0dcffa210c,pedestrian,1.0,26.23,B,0.0625,0.0027,0.0598,True
nuscenes_mini,79937d5eae1d450499677a0dcffa210c,pedestrian,1.0,26.26,B,0.0,0.0027,-0.0027,False
nuscenes_mini,79937d5eae1d450499677a0dcffa210c,car,0.9649122953414916,15.73,B,0.0496,0.039599999999999996,0.010000000000000002,False
nuscenes_mini,79937d5eae1d450499677a0dcffa210c,car,0.9609756469726562,8.41,A,0.0608,0.1481,-0.08730000000000002,False
nuscenes_mini,79937d5eae1d450499677a0dcffa210c,car,0.9726027250289916,11.23,A,0.0574,0.0864,-0.029000000000000005,False
nuscenes_mini,79937d5eae1d450499677a0dcffa210c,car,0.9298245906829834,21.23,B,0.0182,0.0156,0.0026000000000000016,False
nuscenes_mini,79937d5eae1d450499677a0dcffa210c,car,0.921951174736023,18.3,B,0.0212,0.039599999999999996,-0.018399999999999996,False
nuscenes_mini,79937d5eae1d450499677a0dcffa210c,car,0.921951174736023,26.46,B,0.117,0.0027,0.11430000000000001,True
nuscenes_mini,79937d5eae1d450499677a0dcffa210c,car,0.9179486632347108,13.87,A,0.3879,0.0864,0.3015,True
nuscenes_mini,79937d5eae1d450499677a0dcffa210c,car,0.9298245906829834,22.42,B,0.0049,0.0156,-0.0107,False
nuscenes_mini,79937d5eae1d450499677a0dcffa210c,car,0.941605806350708,24.75,B,0.028,0.0156,0.012400000000000001,False
nuscenes_mini,79937d5eae1d450499677a0dcffa210c,car,0.8083832263946533,16.75,B,0.0192,0.039599999999999996,-0.020399999999999998,False
nuscenes_mini,79937d5eae1d450499677a0dcffa210c,car,0.9569892287254332,20.57,B,0.014,0.0156,-0.001599999999999999,False
nuscenes_mini,79937d5eae1d450499677a0dcffa210c,car,0.7928802371025085,21.52,B,0.0097,0.0156,-0.005899999999999999,False
nuscenes_mini,79937d5eae1d450499677a0dcffa210c,car,0.827957034111023,14.12,A,0.0463,0.0864,-0.040100000000000004,False
nuscenes_mini,79937d5eae1d450499677a0dcffa210c,car,0.7037037014961243,19.34,B,0.0138,0.039599999999999996,-0.025799999999999997,False
nuscenes_mini,79937d5eae1d450499677a0dcffa210c,car,0.6952381134033203,23.85,B,0.0233,0.0156,0.007700000000000002,False
nuscenes_mini,79937d5eae1d450499677a0dcffa210c,car,0.8947368264198303,23.65,B,0.0,0.0156,-0.0156,False
nuscenes_mini,79937d5eae1d450499677a0dcffa210c,car,0.5311355590820312,40.69,C,0.0,0.0,0.0,False
nuscenes_mini,79937d5eae1d450499677a0dcffa210c,car,0.9179486632347108,11.59,A,0.0268,0.0864,-0.0596,False
nuscenes_mini,79937d5eae1d450499677a0dcffa210c,truck,0.7299578189849854,32.05,C,0.0026,0.0,0.0026,False
nuscenes_mini,79937d5eae1d450499677a0dcffa210c,car,0.9649122953414916,8.16,A,0.0995,0.1481,-0.048600000000000004,False
nuscenes_mini,79937d5eae1d450499677a0dcffa210c,trailer,0.8048780560493469,9.72,A,0.1423,0.1481,-0.0058,False
nuscenes_mini,79937d5eae1d450499677a0dcffa210c,car,0.921951174736023,19.78,B,0.0179,0.039599999999999996,-0.021699999999999997,False
nuscenes_mini,79937d5eae1d450499677a0dcffa210c,car,0.941605806350708,10.85,A,0.0171,0.0864,-0.0693,False
nuscenes_mini,79937d5eae1d450499677a0dcffa210c,car,0.9336099624633788,21.05,B,0.2134,0.0156,0.1978,True
nuscenes_mini,79937d5eae1d450499677a0dcffa210c,car,0.9101123809814452,19.5,B,0.0136,0.039599999999999996,-0.025999999999999995,False
nuscenes_mini,79937d5eae1d450499677a0dcffa210c,car,0.9298245906829834,21.88,B,0.1003,0.0156,0.0847,True
nuscenes_mini,79937d5eae1d450499677a0dcffa210c,car,0.9139785170555116,20.42,B,0.0,0.0156,-0.0156,False
nuscenes_mini,79937d5eae1d450499677a0dcffa210c,car,0.9179486632347108,23.47,B,0.0109,0.0156,-0.004699999999999999,False
nuscenes_mini,5c85640c10d9485c86bf6eb44778c002,car,0.9139785170555116,28.81,B,0.0,0.0027,-0.0027,False
nuscenes_mini,5c85640c10d9485c86bf6eb44778c002,car,0.9101123809814452,21.19,B,0.0516,0.0156,0.036000000000000004,False
nuscenes_mini,5c85640c10d9485c86bf6eb44778c002,car,0.8518518805503845,23.75,B,0.0524,0.0156,0.0368,False
nuscenes_mini,5c85640c10d9485c86bf6eb44778c002,car,0.8787879347801208,36.24,C,0.0,0.0,0.0,False
nuscenes_mini,5c85640c10d9485c86bf6eb44778c002,car,0.8632478713989258,23.82,B,0.0102,0.0156,-0.0053999999999999986,False
nuscenes_mini,5c85640c10d9485c86bf6eb44778c002,car,0.941605806350708,17.13,B,0.0697,0.039599999999999996,0.030100000000000002,False
nuscenes_mini,5c85640c10d9485c86bf6eb44778c002,car,0.8750000596046448,29.85,B,0.0,0.0027,-0.0027,False
nuscenes_mini,5c85640c10d9485c86bf6eb44778c002,car,0.859649121761322,33.09,C,0.0095,0.0,0.0095,False
nuscenes_mini,5c85640c10d9485c86bf6eb44778c002,car,0.9649122953414916,12.52,A,0.0207,0.0864,-0.06570000000000001,False
nuscenes_mini,5c85640c10d9485c86bf6eb44778c002,car,0.9101123809814452,17.16,B,0.0511,0.039599999999999996,0.011500000000000003,False
nuscenes_mini,5c85640c10d9485c86bf6eb44778c002,car,0.9649122953414916,9.06,A,0.1122,0.1481,-0.035900000000000015,False
nuscenes_mini,5c85640c10d9485c86bf6eb44778c002,car,0.6717948913574219,41.6,C,0.0,0.0,0.0,False
nuscenes_mini,5c85640c10d9485c86bf6eb44778c002,car,0.92592591047287,21.31,B,0.0513,0.0156,0.035699999999999996,False
nuscenes_mini,5c85640c10d9485c86bf6eb44778c002,car,0.92592591047287,20.19,B,0.0226,0.0156,0.006999999999999999,False
nuscenes_mini,5c85640c10d9485c86bf6eb44778c002,car,0.8947368264198303,20.7,B,0.0442,0.0156,0.028600000000000004,False
nuscenes_mini,5c85640c10d9485c86bf6eb44778c002,car,0.7500000596046448,55.59,C,0.0,0.0,0.0,False
nuscenes_mini,5c85640c10d9485c86bf6eb44778c002,car,0.8709677457809448,39.66,C,0.0,0.0,0.0,False
nuscenes_mini,5c85640c10d9485c86bf6eb44778c002,car,0.9139785170555116,13.23,A,0.3651,0.0864,0.27869999999999995,True
nuscenes_mini,5c85640c10d9485c86bf6eb44778c002,car,0.7620818018913269,22.94,B,0.0504,0.0156,0.0348,False
nuscenes_mini,5c85640c10d9485c86bf6eb44778c002,car,0.9375000596046448,11.04,A,0.5599,0.0864,0.4734999999999999,True
nuscenes_mini,5c85640c10d9485c86bf6eb44778c002,car,0.8358974456787109,20.26,B,0.0057,0.0156,-0.009899999999999999,False
nuscenes_mini,5c85640c10d9485c86bf6eb44778c002,car,0.949367105960846,24.19,B,0.0097,0.0156,-0.005899999999999999,False
nuscenes_mini,5c85640c10d9485c86bf6eb44778c002,car,0.9569892287254332,13.48,A,0.0387,0.0864,-0.047700000000000006,False
nuscenes_mini,5c85640c10d9485c86bf6eb44778c002,car,0.7387754917144775,26.17,B,0.003,0.0027,0.0002999999999999999,False
nuscenes_mini,5c85640c10d9485c86bf6eb44778c002,car,0.8241757750511169,14.9,A,0.0495,0.0864,-0.0369,False
nuscenes_mini,5c85640c10d9485c86bf6eb44778c002,car,0.6289855241775513,23.29,B,0.006,0.0156,-0.0096,False
nuscenes_mini,5c85640c10d9485c86bf6eb44778c002,car,0.9101123809814452,32.51,C,0.0,0.0,0.0,False
nuscenes_mini,5c85640c10d9485c86bf6eb44778c002,truck,0.507692277431488,35.72,C,0.0,0.0,0.0,False
nuscenes_mini,5c85640c10d9485c86bf6eb44778c002,trailer,0.6132930517196655,13.12,A,0.0662,0.0864,-0.02020000000000001,False
nuscenes_mini,5c85640c10d9485c86bf6eb44778c002,car,0.9726027250289916,8.62,A,0.1336,0.1481,-0.014500000000000013,False
nuscenes_mini,5c85640c10d9485c86bf6eb44778c002,car,0.9024390578269958,20.42,B,0.0592,0.0156,0.0436,False
nuscenes_mini,5c85640c10d9485c86bf6eb44778c002,car,0.9179486632347108,24.13,B,0.0019,0.0156,-0.013699999999999999,False
nuscenes_mini,5c85640c10d9485c86bf6eb44778c002,car,0.8358974456787109,30.02,C,0.0,0.0,0.0,False
nuscenes_mini,5c85640c10d9485c86bf6eb44778c002,car,0.9139785170555116,20.49,B,0.0026,0.0156,-0.013,False
nuscenes_mini,5c85640c10d9485c86bf6eb44778c002,car,0.92592591047287,18.55,B,0.0212,0.039599999999999996,-0.018399999999999996,False
nuscenes_mini,5c85640c10d9485c86bf6eb44778c002,car,0.9298245906829834,22.81,B,0.0017,0.0156,-0.0139,False
nuscenes_mini,5c85640c10d9485c86bf6eb44778c002,car,0.9179486632347108,21.89,B,0.1954,0.0156,0.1798,True
nuscenes_mini,5c85640c10d9485c86bf6eb44778c002,car,0.9101123809814452,25.74,B,0.0,0.0027,-0.0027,False
nuscenes_mini,91d9058720eb4c25a172236e14e11085,car,0.92592591047287,19.36,B,0.0,0.039599999999999996,-0.039599999999999996,False
nuscenes_mini,91d9058720eb4c25a172236e14e11085,car,0.8518518805503845,29.58,B,0.0141,0.0027,0.0114,False
nuscenes_mini,91d9058720eb4c25a172236e14e11085,car,0.8750000596046448,16.84,B,0.1068,0.039599999999999996,0.06720000000000001,True
nuscenes_mini,91d9058720eb4c25a172236e14e11085,car,0.859649121761322,19.32,B,0.0664,0.039599999999999996,0.026800000000000004,False
nuscenes_mini,91d9058720eb4c25a172236e14e11085,car,0.9336099624633788,14.48,A,0.0435,0.0864,-0.04290000000000001,False
nuscenes_mini,91d9058720eb4c25a172236e14e11085,car,0.8476190567016602,29.92,B,0.0,0.0027,-0.0027,False
nuscenes_mini,91d9058720eb4c25a172236e14e11085,car,0.7968254089355469,19.88,B,0.0152,0.039599999999999996,-0.024399999999999998,False
nuscenes_mini,91d9058720eb4c25a172236e14e11085,car,0.8827838897705078,26.83,B,0.0,0.0027,-0.0027,False
nuscenes_mini,91d9058720eb4c25a172236e14e11085,car,0.96875,13.69,A,0.0679,0.0864,-0.018500000000000003,False
nuscenes_mini,91d9058720eb4c25a172236e14e11085,car,0.8987342119216919,19.0,B,0.0413,0.039599999999999996,0.001700000000000007,False
nuscenes_mini,91d9058720eb4c25a172236e14e11085,car,0.9532163739204408,8.2,A,0.0477,0.1481,-0.10040000000000002,False
nuscenes_mini,91d9058720eb4c25a172236e14e11085,car,0.976608157157898,9.82,A,0.0639,0.1481,-0.08420000000000001,False
nuscenes_mini,91d9058720eb4c25a172236e14e11085,car,0.9532163739204408,8.9,A,0.2503,0.1481,0.10220000000000001,True
nuscenes_mini,91d9058720eb4c25a172236e14e11085,car,0.827957034111023,38.4,C,0.0052,0.0,0.0052,False
nuscenes_mini,91d9058720eb4c25a172236e14e11085,car,0.9452055096626282,17.29,B,0.1368,0.039599999999999996,0.09720000000000001,True
nuscenes_mini,91d9058720eb4c25a172236e14e11085,car,0.8709677457809448,23.57,B,0.0507,0.0156,0.035100000000000006,False
nuscenes_mini,91d9058720eb4c25a172236e14e11085,car,0.7037037014961243,29.98,B,0.1036,0.0027,0.1009,True
nuscenes_mini,91d9058720eb4c25a172236e14e11085,car,0.949367105960846,10.24,A,0.5235,0.0864,0.43709999999999993,True
nuscenes_mini,91d9058720eb4c25a172236e14e11085,car,0.8476190567016602,24.02,B,0.0031,0.0156,-0.012499999999999999,False
nuscenes_mini,91d9058720eb4c25a172236e14e11085,car,0.9336099624633788,28.19,B,0.0058,0.0027,0.0030999999999999995,False
nuscenes_mini,91d9058720eb4c25a172236e14e11085,car,0.8083832263946533,18.67,B,0.0357,0.039599999999999996,-0.0038999999999999937,False
nuscenes_mini,91d9058720eb4c25a172236e14e11085,car,0.941605806350708,17.16,B,0.0119,0.039599999999999996,-0.027699999999999995,False
nuscenes_mini,91d9058720eb4c25a172236e14e11085,car,0.7575758099555969,29.68,B,0.0023,0.0027,-0.0004000000000000002,False
nuscenes_mini,91d9058720eb4c25a172236e14e11085,car,0.7104072570800781,27.48,B,0.0046,0.0027,0.0018999999999999998,False
nuscenes_mini,91d9058720eb4c25a172236e14e11085,car,0.8987342119216919,34.28,C,0.0,0.0,0.0,False
nuscenes_mini,91d9058720eb4c25a172236e14e11085,trailer,0.5540069937705994,16.35,B,0.0291,0.039599999999999996,-0.010499999999999995,False
nuscenes_mini,91d9058720eb4c25a172236e14e11085,car,0.9726027250289916,8.11,A,0.0935,0.1481,-0.05460000000000001,False
nuscenes_mini,91d9058720eb4c25a172236e14e11085,car,0.96875,10.63,A,0.1014,0.0864,0.015,False
nuscenes_mini,91d9058720eb4c25a172236e14e11085,car,0.9179486632347108,19.64,B,0.0111,0.039599999999999996,-0.028499999999999998,False
nuscenes_mini,91d9058720eb4c25a172236e14e11085,car,0.8904109597206116,25.92,B,0.0274,0.0027,0.0247,False
nuscenes_mini,91d9058720eb4c25a172236e14e11085,car,0.8947368264198303,28.34,B,0.0033,0.0027,0.0005999999999999998,False
nuscenes_mini,91d9058720eb4c25a172236e14e11085,car,0.9064327478408812,20.98,B,0.1999,0.0156,0.1843,True
nuscenes_mini,91d9058720eb4c25a172236e14e11085,car,0.9139785170555116,20.11,B,0.0179,0.0156,0.0023,False
nuscenes_mini,91d9058720eb4c25a172236e14e11085,car,0.92592591047287,19.92,B,0.0224,0.039599999999999996,-0.017199999999999997,False
nuscenes_mini,91d9058720eb4c25a172236e14e11085,car,0.8987342119216919,23.65,B,0.001,0.0156,-0.014599999999999998,False
nuscenes_mini,91d9058720eb4c25a172236e14e11085,car,0.7575758099555969,35.97,C,0.0,0.0,0.0,False
nuscenes_mini,91d9058720eb4c25a172236e14e11085,car,0.9101123809814452,25.03,B,0.0064,0.0027,0.0037,False
nuscenes_mini,91d9058720eb4c25a172236e14e11085,car,0.9024390578269958,21.91,B,0.0795,0.0156,0.0639,True
nuscenes_mini,9768a199e4884a0db50d015703efe969,pedestrian,1.0,47.33,C,0.0,0.0,0.0,False
nuscenes_mini,9768a199e4884a0db50d015703efe969,car,0.6640419960021973,16.19,B,0.03,0.039599999999999996,-0.009599999999999997,False
nuscenes_mini,9768a199e4884a0db50d015703efe969,car,0.8518518805503845,25.43,B,0.0162,0.0027,0.013499999999999998,False
nuscenes_mini,9768a199e4884a0db50d015703efe969,car,0.8518518805503845,51.82,C,0.0,0.0,0.0,False
nuscenes_mini,9768a199e4884a0db50d015703efe969,car,0.9179486632347108,9.81,A,0.0598,0.1481,-0.08830000000000002,False
nuscenes_mini,9768a199e4884a0db50d015703efe969,car,0.8787879347801208,37.53,C,0.0,0.0,0.0,False
nuscenes_mini,9768a199e4884a0db50d015703efe969,car,0.8947368264198303,40.55,C,0.0,0.0,0.0,False
nuscenes_mini,9768a199e4884a0db50d015703efe969,car,0.7852349281311035,43.43,C,0.0,0.0,0.0,False
nuscenes_mini,9768a199e4884a0db50d015703efe969,car,0.5897435545921326,36.73,C,0.0,0.0,0.0,False
nuscenes_mini,9768a199e4884a0db50d015703efe969,pedestrian,1.0,21.84,B,0.0,0.0156,-0.0156,False
nuscenes_mini,9768a199e4884a0db50d015703efe969,car,0.7887788414955139,15.74,B,0.038,0.039599999999999996,-0.0015999999999999973,False
nuscenes_mini,9768a199e4884a0db50d015703efe969,car,0.9101123809814452,8.95,A,0.0995,0.1481,-0.048600000000000004,False
nuscenes_mini,9768a199e4884a0db50d015703efe969,car,0.9649122953414916,8.24,A,0.0357,0.1481,-0.1124,False
nuscenes_mini,9768a199e4884a0db50d015703efe969,car,0.9649122953414916,10.44,A,0.1,0.0864,0.013600000000000001,False
nuscenes_mini,9768a199e4884a0db50d015703efe969,car,0.921951174736023,7.99,A,0.1789,0.1481,0.030799999999999994,False
nuscenes_mini,9768a199e4884a0db50d015703efe969,car,0.949367105960846,13.55,A,0.3672,0.0864,0.28080000000000005,True
nuscenes_mini,9768a199e4884a0db50d015703efe969,car,0.9179486632347108,15.21,B,0.3135,0.039599999999999996,0.27390000000000003,True
nuscenes_mini,9768a199e4884a0db50d015703efe969,car,0.9452055096626282,24.35,B,0.0104,0.0156,-0.0052,False
nuscenes_mini,9768a199e4884a0db50d015703efe969,car,0.9375000596046448,27.7,B,0.1426,0.0027,0.1399,True
nuscenes_mini,9768a199e4884a0db50d015703efe969,car,0.92592591047287,22.02,B,0.0252,0.0156,0.009600000000000001,False
nuscenes_mini,9768a199e4884a0db50d015703efe969,car,0.6213017702102661,43.75,C,0.0,0.0,0.0,False
nuscenes_mini,9768a199e4884a0db50d015703efe969,car,0.9298245906829834,20.91,B,0.0016,0.0156,-0.013999999999999999,False
nuscenes_mini,9768a199e4884a0db50d015703efe969,car,0.8160918951034546,28.0,B,0.0059,0.0027,0.0031999999999999997,False
nuscenes_mini,9768a199e4884a0db50d015703efe969,car,0.7104072570800781,22.53,B,0.0236,0.0156,0.008,False
nuscenes_mini,9768a199e4884a0db50d015703efe969,car,0.7344398498535156,38.6,C,0.0,0.0,0.0,False
nuscenes_mini,9768a199e4884a0db50d015703efe969,car,0.8865247964859009,35.79,C,0.0,0.0,0.0,False
nuscenes_mini,9768a199e4884a0db50d015703efe969,car,0.9064327478408812,32.19,C,0.0,0.0,0.0,False
nuscenes_mini,9768a199e4884a0db50d015703efe969,trailer,0.5857605338096619,20.16,B,0.0149,0.0156,-0.0006999999999999992,False
nuscenes_mini,9768a199e4884a0db50d015703efe969,car,0.9649122953414916,8.1,A,0.0557,0.1481,-0.09240000000000001,False
nuscenes_mini,9768a199e4884a0db50d015703efe969,car,0.96875,8.94,A,0.1119,0.1481,-0.03620000000000001,False
nuscenes_mini,9768a199e4884a0db50d015703efe969,car,0.8632478713989258,24.22,B,0.0,0.0156,-0.0156,False
nuscenes_mini,9768a199e4884a0db50d015703efe969,car,0.9452055096626282,7.83,A,0.0808,0.1481,-0.06730000000000001,False
nuscenes_mini,9768a199e4884a0db50d015703efe969,car,0.8750000596046448,26.89,B,0.1155,0.0027,0.11280000000000001,True
nuscenes_mini,9768a199e4884a0db50d015703efe969,car,0.8987342119216919,27.95,B,0.0276,0.0027,0.0249,False
nuscenes_mini,9768a199e4884a0db50d015703efe969,car,0.8672199249267578,29.44,B,0.024,0.0027,0.0213,False
nuscenes_mini,9768a199e4884a0db50d015703efe969,car,0.921951174736023,19.85,B,0.0265,0.039599999999999996,-0.013099999999999997,False
nuscenes_mini,9768a199e4884a0db50d015703efe969,car,0.8083832263946533,22.66,B,0.0024,0.0156,-0.0132,False
nuscenes_mini,9768a199e4884a0db50d015703efe969,car,0.8083832263946533,26.86,B,0.0515,0.0027,0.048799999999999996,False
nuscenes_mini,9768a199e4884a0db50d015703efe969,car,0.9024390578269958,25.79,B,0.0017,0.0027,-0.0010000000000000002,False
nuscenes_mini,39bc0a6b3692446d8ba3bde3d6a0774e,pedestrian,1.0,43.04,C,0.0,0.0,0.0,False
nuscenes_mini,39bc0a6b3692446d8ba3bde3d6a0774e,car,0.8787879347801208,29.78,B,0.0,0.0027,-0.0027,False
nuscenes_mini,39bc0a6b3692446d8ba3bde3d6a0774e,car,0.8827838897705078,33.9,C,0.0,0.0,0.0,False
nuscenes_mini,39bc0a6b3692446d8ba3bde3d6a0774e,car,0.8128654956817627,21.47,B,0.0581,0.0156,0.042499999999999996,False
nuscenes_mini,39bc0a6b3692446d8ba3bde3d6a0774e,car,0.8241757750511169,14.04,A,0.0219,0.0864,-0.0645,False
nuscenes_mini,39bc0a6b3692446d8ba3bde3d6a0774e,car,0.7500000596046448,29.52,B,0.0232,0.0027,0.020499999999999997,False
nuscenes_mini,39bc0a6b3692446d8ba3bde3d6a0774e,car,0.9064327478408812,24.56,B,0.0083,0.0156,-0.007299999999999999,False
nuscenes_mini,39bc0a6b3692446d8ba3bde3d6a0774e,car,0.6604774594306946,24.21,B,0.033,0.0156,0.017400000000000002,False
nuscenes_mini,39bc0a6b3692446d8ba3bde3d6a0774e,car,0.9101123809814452,19.28,B,0.059,0.039599999999999996,0.0194,False
nuscenes_mini,39bc0a6b3692446d8ba3bde3d6a0774e,pedestrian,1.0,27.47,B,0.0,0.0027,-0.0027,False
nuscenes_mini,39bc0a6b3692446d8ba3bde3d6a0774e,pedestrian,1.0,25.47,B,0.0278,0.0027,0.025099999999999997,False
nuscenes_mini,39bc0a6b3692446d8ba3bde3d6a0774e,pedestrian,1.0,14.41,A,0.1071,0.0864,0.020699999999999996,False
nuscenes_mini,39bc0a6b3692446d8ba3bde3d6a0774e,car,0.7538461089134216,12.59,A,0.0495,0.0864,-0.0369,False
nuscenes_mini,39bc0a6b3692446d8ba3bde3d6a0774e,car,0.8439024686813354,18.7,B,0.0676,0.039599999999999996,0.027999999999999997,False
nuscenes_mini,39bc0a6b3692446d8ba3bde3d6a0774e,car,0.9179486632347108,8.12,A,0.0505,0.1481,-0.0976,False
nuscenes_mini,39bc0a6b3692446d8ba3bde3d6a0774e,car,0.921951174736023,12.29,A,0.5511,0.0864,0.4647,True
nuscenes_mini,39bc0a6b3692446d8ba3bde3d6a0774e,car,0.9569892287254332,10.27,A,0.5159,0.0864,0.4295,True
nuscenes_mini,39bc0a6b3692446d8ba3bde3d6a0774e,car,0.9179486632347108,22.13,B,0.039,0.0156,0.0234,False
nuscenes_mini,39bc0a6b3692446d8ba3bde3d6a0774e,car,0.859649121761322,34.95,C,0.0031,0.0,0.0031,False
nuscenes_mini,39bc0a6b3692446d8ba3bde3d6a0774e,car,0.9298245906829834,22.35,B,0.0175,0.0156,0.0019000000000000024,False
nuscenes_mini,39bc0a6b3692446d8ba3bde3d6a0774e,car,0.5816993117332458,45.91,C,0.0,0.0,0.0,False
nuscenes_mini,39bc0a6b3692446d8ba3bde3d6a0774e,car,0.8865247964859009,24.71,B,0.0094,0.0156,-0.006199999999999999,False
nuscenes_mini,39bc0a6b3692446d8ba3bde3d6a0774e,car,0.6289855241775513,47.77,C,0.0,0.0,0.0,False
nuscenes_mini,39bc0a6b3692446d8ba3bde3d6a0774e,car,0.5508772134780884,36.86,C,0.0104,0.0,0.0104,False
nuscenes_mini,39bc0a6b3692446d8ba3bde3d6a0774e,car,0.7104072570800781,41.72,C,0.0005,0.0,0.0005,False
nuscenes_mini,39bc0a6b3692446d8ba3bde3d6a0774e,car,0.7928802371025085,32.14,C,0.0009,0.0,0.0009,False
nuscenes_mini,39bc0a6b3692446d8ba3bde3d6a0774e,car,0.7142857313156128,34.12,C,0.0,0.0,0.0,False
nuscenes_mini,39bc0a6b3692446d8ba3bde3d6a0774e,car,0.7770034670829773,32.39,C,0.003,0.0,0.003,False
nuscenes_mini,39bc0a6b3692446d8ba3bde3d6a0774e,car,0.8947368264198303,34.04,C,0.0,0.0,0.0,False
nuscenes_mini,39bc0a6b3692446d8ba3bde3d6a0774e,car,0.6878048777580261,26.3,B,0.0048,0.0027,0.0020999999999999994,False
nuscenes_mini,39bc0a6b3692446d8ba3bde3d6a0774e,car,0.8987342119216919,35.79,C,0.0024,0.0,0.0024,False
nuscenes_mini,39bc0a6b3692446d8ba3bde3d6a0774e,trailer,0.5114504098892212,24.14,B,0.0153,0.0156,-0.0002999999999999999,False
nuscenes_mini,39bc0a6b3692446d8ba3bde3d6a0774e,car,0.9452055096626282,8.17,A,0.0367,0.1481,-0.1114,False
nuscenes_mini,39bc0a6b3692446d8ba3bde3d6a0774e,car,0.9064327478408812,11.23,A,0.1357,0.0864,0.04929999999999998,False
nuscenes_mini,39bc0a6b3692446d8ba3bde3d6a0774e,car,0.9375000596046448,7.87,A,0.0753,0.1481,-0.0728,False
nuscenes_mini,39bc0a6b3692446d8ba3bde3d6a0774e,car,0.9649122953414916,3.65,A,0.1678,0.1769,-0.009099999999999997,False
nuscenes_mini,39bc0a6b3692446d8ba3bde3d6a0774e,car,0.92592591047287,9.0,A,0.1724,0.1481,0.02429999999999999,False
nuscenes_mini,39bc0a6b3692446d8ba3bde3d6a0774e,car,0.6521739363670349,28.89,B,0.0093,0.0027,0.006599999999999999,False
nuscenes_mini,39bc0a6b3692446d8ba3bde3d6a0774e,car,0.9375000596046448,20.44,B,0.0107,0.0156,-0.0049,False
nuscenes_mini,39bc0a6b3692446d8ba3bde3d6a0774e,car,0.9298245906829834,20.06,B,0.0268,0.0156,0.011200000000000002,False
nuscenes_mini,39bc0a6b3692446d8ba3bde3d6a0774e,car,0.9139785170555116,26.2,B,0.0,0.0027,-0.0027,False
nuscenes_mini,39bc0a6b3692446d8ba3bde3d6a0774e,car,0.9569892287254332,8.5,A,0.4476,0.1481,0.2995,True
nuscenes_mini,f6ef25ab02c0483b9df411ed84873f41,pedestrian,1.0,38.71,C,0.0,0.0,0.0,False
nuscenes_mini,f6ef25ab02c0483b9df411ed84873f41,car,0.8947368264198303,25.43,B,0.0024,0.0027,-0.00030000000000000035,False
nuscenes_mini,f6ef25ab02c0483b9df411ed84873f41,car,0.8518518805503845,17.16,B,0.0747,0.039599999999999996,0.035100000000000006,False
nuscenes_mini,f6ef25ab02c0483b9df411ed84873f41,car,0.9336099624633788,16.71,B,0.0429,0.039599999999999996,0.0033000000000000043,False
nuscenes_mini,f6ef25ab02c0483b9df411ed84873f41,car,0.8947368264198303,31.89,C,0.0,0.0,0.0,False
nuscenes_mini,f6ef25ab02c0483b9df411ed84873f41,car,0.8083832263946533,20.01,B,0.0657,0.0156,0.05009999999999999,True
nuscenes_mini,f6ef25ab02c0483b9df411ed84873f41,car,0.92592591047287,20.64,B,0.0132,0.0156,-0.0023999999999999994,False
nuscenes_mini,f6ef25ab02c0483b9df411ed84873f41,car,0.8709677457809448,44.47,C,0.0,0.0,0.0,False
nuscenes_mini,f6ef25ab02c0483b9df411ed84873f41,car,0.8709677457809448,15.98,B,0.0979,0.039599999999999996,0.058300000000000005,True
nuscenes_mini,f6ef25ab02c0483b9df411ed84873f41,car,0.675126850605011,19.76,B,0.0489,0.039599999999999996,0.009300000000000003,False
nuscenes_mini,f6ef25ab02c0483b9df411ed84873f41,car,0.7500000596046448,9.37,A,0.0912,0.1481,-0.056900000000000006,False
nuscenes_mini,f6ef25ab02c0483b9df411ed84873f41,car,0.9336099624633788,8.18,A,0.1615,0.1481,0.013399999999999995,False
nuscenes_mini,f6ef25ab02c0483b9df411ed84873f41,car,0.8632478713989258,17.72,B,0.0609,0.039599999999999996,0.021300000000000006,False
nuscenes_mini,f6ef25ab02c0483b9df411ed84873f41,car,0.8750000596046448,9.47,A,0.4281,0.1481,0.27999999999999997,True
nuscenes_mini,f6ef25ab02c0483b9df411ed84873f41,car,0.9179486632347108,26.71,B,0.1502,0.0027,0.1475,True
nuscenes_mini,f6ef25ab02c0483b9df411ed84873f41,truck,0.6097560524940491,42.51,C,0.0066,0.0,0.0066,False
nuscenes_mini,f6ef25ab02c0483b9df411ed84873f41,truck,0.5151515007019043,38.77,C,0.0048,0.0,0.0048,False
nuscenes_mini,f6ef25ab02c0483b9df411ed84873f41,car,0.8865247964859009,28.93,B,0.0073,0.0027,0.0046,False
nuscenes_mini,f6ef25ab02c0483b9df411ed84873f41,car,0.9452055096626282,15.11,B,0.1225,0.039599999999999996,0.0829,True
nuscenes_mini,f6ef25ab02c0483b9df411ed84873f41,car,0.6246334314346313,41.69,C,0.0,0.0,0.0,False
nuscenes_mini,f6ef25ab02c0483b9df411ed84873f41,car,0.9452055096626282,12.04,A,0.0201,0.0864,-0.0663,False
nuscenes_mini,f6ef25ab02c0483b9df411ed84873f41,car,0.6246334314346313,49.31,C,0.0,0.0,0.0,False
nuscenes_mini,f6ef25ab02c0483b9df411ed84873f41,car,0.8987342119216919,36.52,C,0.0,0.0,0.0,False
nuscenes_mini,f6ef25ab02c0483b9df411ed84873f41,car,0.8750000596046448,11.32,A,0.0461,0.0864,-0.0403,False
nuscenes_mini,f6ef25ab02c0483b9df411ed84873f41,car,0.7697842121124268,36.12,C,0.0,0.0,0.0,False
nuscenes_mini,f6ef25ab02c0483b9df411ed84873f41,car,0.8750000596046448,39.56,C,0.0,0.0,0.0,False
nuscenes_mini,f6ef25ab02c0483b9df411ed84873f41,car,0.675126850605011,46.0,C,0.0,0.0,0.0,False
nuscenes_mini,f6ef25ab02c0483b9df411ed84873f41,car,0.8787879347801208,20.63,B,0.0026,0.0156,-0.013,False
nuscenes_mini,f6ef25ab02c0483b9df411ed84873f41,truck,0.518796980381012,26.57,B,0.0265,0.0027,0.023799999999999998,False
nuscenes_mini,f6ef25ab02c0483b9df411ed84873f41,car,0.9649122953414916,10.23,A,0.0726,0.0864,-0.013800000000000007,False
nuscenes_mini,f6ef25ab02c0483b9df411ed84873f41,car,0.96875,7.51,A,0.1034,0.1481,-0.044700000000000004,False
nuscenes_mini,f6ef25ab02c0483b9df411ed84873f41,car,0.9569892287254332,10.29,A,0.0499,0.0864,-0.036500000000000005,False
nuscenes_mini,f6ef25ab02c0483b9df411ed84873f41,car,0.9336099624633788,20.88,B,0.0009,0.0156,-0.0147,False
nuscenes_mini,f6ef25ab02c0483b9df411ed84873f41,car,0.9375000596046448,19.57,B,0.0357,0.039599999999999996,-0.0038999999999999937,False
nuscenes_mini,f6ef25ab02c0483b9df411ed84873f41,car,0.941605806350708,21.07,B,0.0792,0.0156,0.0636,True
nuscenes_mini,f6ef25ab02c0483b9df411ed84873f41,car,0.9064327478408812,24.2,B,0.0564,0.0156,0.0408,False
nuscenes_mini,576f17c305324ed7bf460f0110617355,pedestrian,1.0,34.63,C,0.0,0.0,0.0,False
nuscenes_mini,576f17c305324ed7bf460f0110617355,car,0.8439024686813354,40.33,C,0.0,0.0,0.0,False
nuscenes_mini,576f17c305324ed7bf460f0110617355,car,0.859649121761322,16.31,B,0.1576,0.039599999999999996,0.118,True
nuscenes_mini,576f17c305324ed7bf460f0110617355,car,0.9179486632347108,17.23,B,0.0766,0.039599999999999996,0.037000000000000005,False
nuscenes_mini,576f17c305324ed7bf460f0110617355,car,0.8987342119216919,28.3,B,0.0328,0.0027,0.030100000000000002,False
nuscenes_mini,576f17c305324ed7bf460f0110617355,car,0.5816993117332458,45.33,C,0.0,0.0,0.0,False
nuscenes_mini,576f17c305324ed7bf460f0110617355,truck,0.7655677795410156,22.48,B,0.0213,0.0156,0.0057,False
nuscenes_mini,576f17c305324ed7bf460f0110617355,car,0.9179486632347108,17.24,B,0.07,0.039599999999999996,0.03040000000000001,False
nuscenes_mini,576f17c305324ed7bf460f0110617355,car,0.7142857313156128,7.62,A,0.1008,0.1481,-0.04730000000000001,False
nuscenes_mini,576f17c305324ed7bf460f0110617355,car,0.9298245906829834,12.41,A,0.0209,0.0864,-0.0655,False
nuscenes_mini,576f17c305324ed7bf460f0110617355,car,0.921951174736023,21.08,B,0.0537,0.0156,0.038099999999999995,False
nuscenes_mini,576f17c305324ed7bf460f0110617355,car,0.921951174736023,13.85,A,0.4181,0.0864,0.3317,True
nuscenes_mini,576f17c305324ed7bf460f0110617355,car,0.8865247964859009,33.05,C,0.0073,0.0,0.0073,False
nuscenes_mini,576f17c305324ed7bf460f0110617355,car,0.941605806350708,24.08,B,0.0099,0.0156,-0.0056999999999999985,False
nuscenes_mini,576f17c305324ed7bf460f0110617355,car,0.6717948913574219,47.48,C,0.0,0.0,0.0,False
nuscenes_mini,576f17c305324ed7bf460f0110617355,truck,0.5114504098892212,40.14,C,0.0302,0.0,0.0302,False
nuscenes_mini,576f17c305324ed7bf460f0110617355,car,0.9064327478408812,32.52,C,0.0041,0.0,0.0041,False
nuscenes_mini,576f17c305324ed7bf460f0110617355,car,0.7575758099555969,40.9,C,0.0,0.0,0.0,False
nuscenes_mini,576f17c305324ed7bf460f0110617355,car,0.9101123809814452,35.95,C,0.0,0.0,0.0,False
nuscenes_mini,576f17c305324ed7bf460f0110617355,car,0.949367105960846,12.86,A,0.0405,0.0864,-0.0459,False
nuscenes_mini,576f17c305324ed7bf460f0110617355,car,0.9139785170555116,14.71,A,0.0033,0.0864,-0.08310000000000001,False
nuscenes_mini,576f17c305324ed7bf460f0110617355,car,0.92592591047287,25.42,B,0.0162,0.0027,0.013499999999999998,False
nuscenes_mini,576f17c305324ed7bf460f0110617355,car,0.719298243522644,43.0,C,0.0,0.0,0.0,False
nuscenes_mini,576f17c305324ed7bf460f0110617355,car,0.9336099624633788,21.48,B,0.0152,0.0156,-0.0003999999999999993,False
nuscenes_mini,576f17c305324ed7bf460f0110617355,car,0.9452055096626282,18.61,B,0.0522,0.039599999999999996,0.012600000000000007,False
nuscenes_mini,576f17c305324ed7bf460f0110617355,truck,0.8632478713989258,31.97,C,0.0027,0.0,0.0027,False
nuscenes_mini,576f17c305324ed7bf460f0110617355,car,0.7852349281311035,7.65,A,0.0855,0.1481,-0.0626,False
nuscenes_mini,576f17c305324ed7bf460f0110617355,car,0.921951174736023,8.99,A,0.0527,0.1481,-0.09540000000000001,False
nuscenes_mini,576f17c305324ed7bf460f0110617355,car,0.9375000596046448,25.4,B,0.0126,0.0027,0.009899999999999999,False
nuscenes_mini,576f17c305324ed7bf460f0110617355,car,0.8241757750511169,21.75,B,0.0779,0.0156,0.062299999999999994,True
nuscenes_mini,576f17c305324ed7bf460f0110617355,car,0.9569892287254332,8.1,A,0.131,0.1481,-0.017100000000000004,False
nuscenes_mini,576f17c305324ed7bf460f0110617355,car,0.9569892287254332,7.77,A,0.3092,0.1481,0.16109999999999997,True
nuscenes_mini,576f17c305324ed7bf460f0110617355,car,0.8709677457809448,26.96,B,0.0252,0.0027,0.0225,False
nuscenes_mini,0fa505e5dd804d3b9f9f076d23b28d6d,pedestrian,1.0,30.6,C,0.0,0.0,0.0,False
nuscenes_mini,0fa505e5dd804d3b9f9f076d23b28d6d,car,0.719298243522644,41.83,C,0.0,0.0,0.0,False
nuscenes_mini,0fa505e5dd804d3b9f9f076d23b28d6d,car,0.8476190567016602,44.33,C,0.0,0.0,0.0,False
nuscenes_mini,0fa505e5dd804d3b9f9f076d23b28d6d,car,0.9101123809814452,15.08,B,0.024,0.039599999999999996,-0.015599999999999996,False
nuscenes_mini,0fa505e5dd804d3b9f9f076d23b28d6d,car,0.9179486632347108,24.61,B,0.0669,0.0156,0.0513,True
nuscenes_mini,0fa505e5dd804d3b9f9f076d23b28d6d,truck,0.8709677457809448,19.12,B,0.0567,0.039599999999999996,0.017100000000000004,False
nuscenes_mini,0fa505e5dd804d3b9f9f076d23b28d6d,car,0.9609756469726562,13.81,A,0.122,0.0864,0.03559999999999999,False
nuscenes_mini,0fa505e5dd804d3b9f9f076d23b28d6d,car,0.9649122953414916,9.82,A,0.0743,0.1481,-0.0738,False
nuscenes_mini,0fa505e5dd804d3b9f9f076d23b28d6d,car,0.9139785170555116,18.33,B,0.061,0.039599999999999996,0.021400000000000002,False
nuscenes_mini,0fa505e5dd804d3b9f9f076d23b28d6d,car,0.9375000596046448,22.18,B,0.0598,0.0156,0.0442,False
nuscenes_mini,0fa505e5dd804d3b9f9f076d23b28d6d,car,0.92592591047287,19.64,B,0.0249,0.039599999999999996,-0.014699999999999998,False
nuscenes_mini,0fa505e5dd804d3b9f9f076d23b28d6d,car,0.6289855241775513,48.9,C,0.0,0.0,0.0,False
nuscenes_mini,0fa505e5dd804d3b9f9f076d23b28d6d,car,0.941605806350708,13.17,A,0.4119,0.0864,0.3255,True
nuscenes_mini,0fa505e5dd804d3b9f9f076d23b28d6d,car,0.9452055096626282,10.86,A,0.5632,0.0864,0.4768,True
nuscenes_mini,0fa505e5dd804d3b9f9f076d23b28d6d,car,0.8012422323226929,46.97,C,0.0,0.0,0.0,False
nuscenes_mini,0fa505e5dd804d3b9f9f076d23b28d6d,car,0.8709677457809448,36.25,C,0.0038,0.0,0.0038,False
nuscenes_mini,0fa505e5dd804d3b9f9f076d23b28d6d,car,0.949367105960846,17.12,B,0.0141,0.039599999999999996,-0.025499999999999995,False
nuscenes_mini,0fa505e5dd804d3b9f9f076d23b28d6d,car,0.9609756469726562,12.07,A,0.0364,0.0864,-0.05,False
nuscenes_mini,0fa505e5dd804d3b9f9f076d23b28d6d,car,0.9064327478408812,27.49,B,0.0189,0.0027,0.0162,False
nuscenes_mini,0fa505e5dd804d3b9f9f076d23b28d6d,car,0.9336099624633788,18.17,B,0.004,0.039599999999999996,-0.03559999999999999,False
nuscenes_mini,0fa505e5dd804d3b9f9f076d23b28d6d,car,0.9024390578269958,29.09,B,0.0062,0.0027,0.0034999999999999996,False
nuscenes_mini,0fa505e5dd804d3b9f9f076d23b28d6d,car,0.9064327478408812,36.34,C,0.0,0.0,0.0,False
nuscenes_mini,0fa505e5dd804d3b9f9f076d23b28d6d,car,0.9336099624633788,22.37,B,0.0122,0.0156,-0.0033999999999999985,False
nuscenes_mini,0fa505e5dd804d3b9f9f076d23b28d6d,truck,0.7815700173377991,35.73,C,0.0015,0.0,0.0015,False
nuscenes_mini,0fa505e5dd804d3b9f9f076d23b28d6d,car,0.6167664527893066,7.14,A,0.1725,0.1481,0.024399999999999977,False
nuscenes_mini,0fa505e5dd804d3b9f9f076d23b28d6d,car,0.9452055096626282,20.72,B,0.0063,0.0156,-0.0093,False
nuscenes_mini,0fa505e5dd804d3b9f9f076d23b28d6d,car,0.941605806350708,9.51,A,0.1354,0.1481,-0.012700000000000017,False
nuscenes_mini,0fa505e5dd804d3b9f9f076d23b28d6d,car,0.7460317611694336,35.72,C,0.0,0.0,0.0,False
nuscenes_mini,0fa505e5dd804d3b9f9f076d23b28d6d,car,0.8048780560493469,29.02,B,0.0,0.0027,-0.0027,False
nuscenes_mini,0fa505e5dd804d3b9f9f076d23b28d6d,car,0.9569892287254332,9.17,A,0.4045,0.1481,0.2564,True
nuscenes_mini,447c96d132e9494e8b03050e8dcae124,pedestrian,1.0,26.61,B,0.0,0.0027,-0.0027,False
nuscenes_mini,447c96d132e9494e8b03050e8dcae124,car,0.7730495929718018,38.81,C,0.0,0.0,0.0,False
nuscenes_mini,447c96d132e9494e8b03050e8dcae124,car,0.8048780560493469,37.62,C,0.0089,0.0,0.0089,False
nuscenes_mini,447c96d132e9494e8b03050e8dcae124,car,0.8987342119216919,21.14,B,0.0,0.0156,-0.0156,False
nuscenes_mini,447c96d132e9494e8b03050e8dcae124,car,0.5747508406639099,37.85,C,0.0,0.0,0.0,False
nuscenes_mini,447c96d132e9494e8b03050e8dcae124,bus,0.8518518805503845,53.65,C,0.0,0.0,0.0,False
nuscenes_mini,447c96d132e9494e8b03050e8dcae124,truck,0.8865247964859009,16.26,B,0.085,0.039599999999999996,0.04540000000000001,False
nuscenes_mini,447c96d132e9494e8b03050e8dcae124,car,0.7697842121124268,19.94,B,0.0581,0.039599999999999996,0.018500000000000003,False
nuscenes_mini,447c96d132e9494e8b03050e8dcae124,car,0.9532163739204408,8.57,A,0.0199,0.1481,-0.1282,False
nuscenes_mini,447c96d132e9494e8b03050e8dcae124,car,0.9569892287254332,10.9,A,0.1053,0.0864,0.0189,False
nuscenes_mini,447c96d132e9494e8b03050e8dcae124,truck,0.7460317611694336,15.52,B,0.0627,0.039599999999999996,0.02310000000000001,False
nuscenes_mini,447c96d132e9494e8b03050e8dcae124,car,0.9298245906829834,8.59,A,0.4004,0.1481,0.25229999999999997,True
nuscenes_mini,447c96d132e9494e8b03050e8dcae124,car,0.8987342119216919,20.79,B,0.221,0.0156,0.2054,True
nuscenes_mini,447c96d132e9494e8b03050e8dcae124,car,0.7460317611694336,46.6,C,0.0,0.0,0.0,False
nuscenes_mini,447c96d132e9494e8b03050e8dcae124,car,0.7229437232017517,33.92,C,0.1194,0.0,0.1194,True
nuscenes_mini,447c96d132e9494e8b03050e8dcae124,car,0.7655677795410156,45.95,C,0.0,0.0,0.0,False
nuscenes_mini,447c96d132e9494e8b03050e8dcae124,car,0.9139785170555116,10.16,A,0.4252,0.0864,0.3388,True
nuscenes_mini,447c96d132e9494e8b03050e8dcae124,car,0.8324607610702515,50.75,C,0.0,0.0,0.0,False
nuscenes_mini,447c96d132e9494e8b03050e8dcae124,car,0.8827838897705078,21.78,B,0.0034,0.0156,-0.012199999999999999,False
nuscenes_mini,447c96d132e9494e8b03050e8dcae124,car,0.7928802371025085,40.04,C,0.0,0.0,0.0,False
nuscenes_mini,447c96d132e9494e8b03050e8dcae124,car,0.9569892287254332,15.12,B,0.0086,0.039599999999999996,-0.030999999999999996,False
nuscenes_mini,447c96d132e9494e8b03050e8dcae124,car,0.8904109597206116,41.18,C,0.0,0.0,0.0,False
nuscenes_mini,447c96d132e9494e8b03050e8dcae124,car,0.921951174736023,11.74,A,0.04,0.0864,-0.046400000000000004,False
nuscenes_mini,447c96d132e9494e8b03050e8dcae124,car,0.8709677457809448,19.54,B,0.0057,0.039599999999999996,-0.0339,False
nuscenes_mini,447c96d132e9494e8b03050e8dcae124,car,0.941605806350708,20.65,B,0.0076,0.0156,-0.008,False
nuscenes_mini,447c96d132e9494e8b03050e8dcae124,car,0.9179486632347108,26.17,B,0.0011,0.0027,-0.0016,False
nuscenes_mini,447c96d132e9494e8b03050e8dcae124,car,0.8987342119216919,36.87,C,0.0,0.0,0.0,False
nuscenes_mini,447c96d132e9494e8b03050e8dcae124,car,0.8904109597206116,32.64,C,0.0,0.0,0.0,False
nuscenes_mini,447c96d132e9494e8b03050e8dcae124,truck,0.6952381134033203,39.62,C,0.0,0.0,0.0,False
nuscenes_mini,447c96d132e9494e8b03050e8dcae124,pedestrian,1.0,10.84,A,0.0417,0.0864,-0.044700000000000004,False
nuscenes_mini,447c96d132e9494e8b03050e8dcae124,pedestrian,1.0,11.65,A,0.0312,0.0864,-0.055200000000000006,False
nuscenes_mini,447c96d132e9494e8b03050e8dcae124,car,0.9064327478408812,8.3,A,0.0745,0.1481,-0.07360000000000001,False
nuscenes_mini,447c96d132e9494e8b03050e8dcae124,car,0.7264957427978516,9.35,A,0.089,0.1481,-0.059100000000000014,False
nuscenes_mini,447c96d132e9494e8b03050e8dcae124,car,0.949367105960846,10.92,A,0.0646,0.0864,-0.0218,False
nuscenes_mini,447c96d132e9494e8b03050e8dcae124,car,0.941605806350708,19.12,B,0.0,0.039599999999999996,-0.039599999999999996,False
nuscenes_mini,447c96d132e9494e8b03050e8dcae124,car,0.8672199249267578,39.65,C,0.0,0.0,0.0,False
nuscenes_mini,447c96d132e9494e8b03050e8dcae124,car,0.949367105960846,21.51,B,0.0377,0.0156,0.022099999999999998,False
nuscenes_mini,447c96d132e9494e8b03050e8dcae124,car,0.9139785170555116,28.55,B,0.0,0.0027,-0.0027,False
nuscenes_mini,baaa60749cd04db7952fd8f4ef8ac837,pedestrian,1.0,22.6,B,0.0714,0.0156,0.0558,True
nuscenes_mini,baaa60749cd04db7952fd8f4ef8ac837,car,0.8865247964859009,34.24,C,0.0016,0.0,0.0016,False
nuscenes_mini,baaa60749cd04db7952fd8f4ef8ac837,car,0.7968254089355469,34.65,C,0.0043,0.0,0.0043,False
nuscenes_mini,baaa60749cd04db7952fd8f4ef8ac837,car,0.9336099624633788,17.47,B,0.1053,0.039599999999999996,0.06570000000000001,True
nuscenes_mini,baaa60749cd04db7952fd8f4ef8ac837,bus,0.7064220309257507,50.86,C,0.0,0.0,0.0,False
nuscenes_mini,baaa60749cd04db7952fd8f4ef8ac837,truck,0.5038759708404541,48.18,C,0.0,0.0,0.0,False
nuscenes_mini,baaa60749cd04db7952fd8f4ef8ac837,car,0.921951174736023,17.44,B,0.0163,0.039599999999999996,-0.023299999999999998,False
nuscenes_mini,baaa60749cd04db7952fd8f4ef8ac837,car,0.941605806350708,8.64,A,0.0592,0.1481,-0.0889,False
nuscenes_mini,baaa60749cd04db7952fd8f4ef8ac837,truck,0.8672199249267578,12.14,A,0.0877,0.0864,0.0012999999999999956,False
nuscenes_mini,baaa60749cd04db7952fd8f4ef8ac837,car,0.9179486632347108,7.84,A,0.3584,0.1481,0.2103,True
nuscenes_mini,baaa60749cd04db7952fd8f4ef8ac837,car,0.6908212304115295,42.38,C,0.0087,0.0,0.0087,False
nuscenes_mini,baaa60749cd04db7952fd8f4ef8ac837,car,0.6097560524940491,44.47,C,0.026,0.0,0.026,False
nuscenes_mini,baaa60749cd04db7952fd8f4ef8ac837,car,0.8947368264198303,16.46,B,0.0229,0.039599999999999996,-0.016699999999999996,False
nuscenes_mini,baaa60749cd04db7952fd8f4ef8ac837,car,0.6097560524940491,40.34,C,0.0163,0.0,0.0163,False
nuscenes_mini,baaa60749cd04db7952fd8f4ef8ac837,car,0.9298245906829834,24.63,B,0.0053,0.0156,-0.0103,False
nuscenes_mini,baaa60749cd04db7952fd8f4ef8ac837,car,0.8241757750511169,25.07,B,0.006,0.0027,0.0033,False
nuscenes_mini,baaa60749cd04db7952fd8f4ef8ac837,car,0.6831682920455933,39.04,C,0.0,0.0,0.0,False
nuscenes_mini,baaa60749cd04db7952fd8f4ef8ac837,car,0.8865247964859009,12.8,A,0.039,0.0864,-0.047400000000000005,False
nuscenes_mini,baaa60749cd04db7952fd8f4ef8ac837,car,0.8518518805503845,46.73,C,0.0,0.0,0.0,False
nuscenes_mini,baaa60749cd04db7952fd8f4ef8ac837,car,0.9569892287254332,13.8,A,0.0232,0.0864,-0.0632,False
nuscenes_mini,baaa60749cd04db7952fd8f4ef8ac837,car,0.7730495929718018,44.33,C,0.0,0.0,0.0,False
nuscenes_mini,baaa60749cd04db7952fd8f4ef8ac837,car,0.859649121761322,23.39,B,0.0039,0.0156,-0.011699999999999999,False
nuscenes_mini,baaa60749cd04db7952fd8f4ef8ac837,car,0.8709677457809448,36.57,C,0.0006,0.0,0.0006,False
nuscenes_mini,baaa60749cd04db7952fd8f4ef8ac837,car,0.9452055096626282,19.16,B,0.0054,0.039599999999999996,-0.034199999999999994,False
nuscenes_mini,baaa60749cd04db7952fd8f4ef8ac837,car,0.8947368264198303,37.06,C,0.0,0.0,0.0,False
nuscenes_mini,baaa60749cd04db7952fd8f4ef8ac837,car,0.8947368264198303,30.2,C,0.0014,0.0,0.0014,False
nuscenes_mini,baaa60749cd04db7952fd8f4ef8ac837,car,0.9179486632347108,14.92,A,0.0092,0.0864,-0.0772,False
nuscenes_mini,baaa60749cd04db7952fd8f4ef8ac837,truck,0.6363636255264282,43.36,C,0.0,0.0,0.0,False
nuscenes_mini,baaa60749cd04db7952fd8f4ef8ac837,pedestrian,1.0,12.9,A,0.0714,0.0864,-0.015,False
nuscenes_mini,baaa60749cd04db7952fd8f4ef8ac837,pedestrian,1.0,12.28,A,0.1042,0.0864,0.017799999999999996,False
nuscenes_mini,baaa60749cd04db7952fd8f4ef8ac837,car,0.92592591047287,8.47,A,0.0377,0.1481,-0.11040000000000001,False
nuscenes_mini,baaa60749cd04db7952fd8f4ef8ac837,car,0.9569892287254332,8.39,A,0.0839,0.1481,-0.06420000000000001,False
nuscenes_mini,baaa60749cd04db7952fd8f4ef8ac837,car,0.9336099624633788,26.29,B,0.0156,0.0027,0.012899999999999998,False
nuscenes_mini,baaa60749cd04db7952fd8f4ef8ac837,car,0.9569892287254332,7.57,A,0.0992,0.1481,-0.04890000000000001,False
nuscenes_mini,baaa60749cd04db7952fd8f4ef8ac837,car,0.92592591047287,20.17,B,0.0034,0.0156,-0.012199999999999999,False
nuscenes_mini,baaa60749cd04db7952fd8f4ef8ac837,car,0.949367105960846,23.12,B,0.1501,0.0156,0.1345,True
nuscenes_mini,baaa60749cd04db7952fd8f4ef8ac837,car,0.921951174736023,20.35,B,0.0377,0.0156,0.022099999999999998,False
nuscenes_mini,d7387fb5a21d40a990a5842cca61af1c,pedestrian,1.0,18.68,B,0.0,0.039599999999999996,-0.039599999999999996,False
nuscenes_mini,d7387fb5a21d40a990a5842cca61af1c,car,0.8358974456787109,31.31,C,0.0072,0.0,0.0072,False
nuscenes_mini,d7387fb5a21d40a990a5842cca61af1c,car,0.8827838897705078,30.33,C,0.0137,0.0,0.0137,False
nuscenes_mini,d7387fb5a21d40a990a5842cca61af1c,car,0.6952381134033203,35.24,C,0.0,0.0,0.0,False
nuscenes_mini,d7387fb5a21d40a990a5842cca61af1c,bus,0.8632478713989258,51.09,C,0.0,0.0,0.0,False
nuscenes_mini,d7387fb5a21d40a990a5842cca61af1c,car,0.941605806350708,13.71,A,0.0106,0.0864,-0.0758,False
nuscenes_mini,d7387fb5a21d40a990a5842cca61af1c,truck,0.921951174736023,9.66,A,0.0756,0.1481,-0.07250000000000001,False
nuscenes_mini,d7387fb5a21d40a990a5842cca61af1c,car,0.6213017702102661,47.8,C,0.017,0.0,0.017,False
nuscenes_mini,d7387fb5a21d40a990a5842cca61af1c,car,0.827957034111023,40.93,C,0.0088,0.0,0.0088,False
nuscenes_mini,d7387fb5a21d40a990a5842cca61af1c,car,0.9101123809814452,14.79,A,0.1468,0.0864,0.06040000000000001,True
nuscenes_mini,d7387fb5a21d40a990a5842cca61af1c,car,0.8672199249267578,31.16,C,0.0067,0.0,0.0067,False
nuscenes_mini,d7387fb5a21d40a990a5842cca61af1c,car,0.8552036285400391,25.56,B,0.0,0.0027,-0.0027,False
nuscenes_mini,d7387fb5a21d40a990a5842cca61af1c,bicycle,0.5395683646202087,17.18,B,0.2323,0.039599999999999996,0.1927,True
nuscenes_mini,d7387fb5a21d40a990a5842cca61af1c,car,0.9179486632347108,23.26,B,0.0024,0.0156,-0.0132,False
nuscenes_mini,d7387fb5a21d40a990a5842cca61af1c,car,0.6213017702102661,27.73,B,0.0294,0.0027,0.026699999999999998,False
nuscenes_mini,d7387fb5a21d40a990a5842cca61af1c,car,0.7264957427978516,48.56,C,0.0,0.0,0.0,False
nuscenes_mini,d7387fb5a21d40a990a5842cca61af1c,car,0.859649121761322,18.94,B,0.0,0.039599999999999996,-0.039599999999999996,False
nuscenes_mini,d7387fb5a21d40a990a5842cca61af1c,car,0.8865247964859009,33.43,C,0.0,0.0,0.0,False
nuscenes_mini,d7387fb5a21d40a990a5842cca61af1c,car,0.8202247023582458,39.25,C,0.0,0.0,0.0,False
nuscenes_mini,d7387fb5a21d40a990a5842cca61af1c,car,0.6717948913574219,51.53,C,0.0,0.0,0.0,False
nuscenes_mini,d7387fb5a21d40a990a5842cca61af1c,car,0.8128654956817627,33.97,C,0.001,0.0,0.001,False
nuscenes_mini,d7387fb5a21d40a990a5842cca61af1c,car,0.8750000596046448,28.44,B,0.0007,0.0027,-0.002,False
nuscenes_mini,d7387fb5a21d40a990a5842cca61af1c,car,0.827957034111023,27.17,B,0.0,0.0027,-0.0027,False
nuscenes_mini,d7387fb5a21d40a990a5842cca61af1c,truck,0.6097560524940491,46.9,C,0.0,0.0,0.0,False
nuscenes_mini,d7387fb5a21d40a990a5842cca61af1c,pedestrian,1.0,26.98,B,0.0,0.0027,-0.0027,False
nuscenes_mini,d7387fb5a21d40a990a5842cca61af1c,pedestrian,1.0,14.75,A,0.0,0.0864,-0.0864,False
nuscenes_mini,d7387fb5a21d40a990a5842cca61af1c,car,0.9649122953414916,10.45,A,0.0672,0.0864,-0.01920000000000001,False
nuscenes_mini,d7387fb5a21d40a990a5842cca61af1c,car,0.96875,8.17,A,0.0615,0.1481,-0.08660000000000001,False
nuscenes_mini,d7387fb5a21d40a990a5842cca61af1c,car,0.9609756469726562,8.66,A,0.3628,0.1481,0.2147,True
nuscenes_mini,d7387fb5a21d40a990a5842cca61af1c,car,0.92592591047287,30.55,C,0.0058,0.0,0.0058,False
nuscenes_mini,d7387fb5a21d40a990a5842cca61af1c,car,0.9649122953414916,7.63,A,0.2607,0.1481,0.11259999999999998,True
nuscenes_mini,d7387fb5a21d40a990a5842cca61af1c,car,0.8672199249267578,24.88,B,0.0,0.0156,-0.0156,False
nuscenes_mini,d7387fb5a21d40a990a5842cca61af1c,car,0.92592591047287,28.49,B,0.0255,0.0027,0.022799999999999997,False
nuscenes_mini,252b65dd79ce4712af1b898b64ea3b98,pedestrian,1.0,14.96,A,0.0879,0.0864,0.0015000000000000013,False
nuscenes_mini,252b65dd79ce4712af1b898b64ea3b98,car,0.7387754917144775,31.22,C,0.0145,0.0,0.0145,False
nuscenes_mini,252b65dd79ce4712af1b898b64ea3b98,car,0.7655677795410156,27.47,B,0.0813,0.0027,0.0786,True
nuscenes_mini,252b65dd79ce4712af1b898b64ea3b98,car,0.6404494643211365,51.31,C,0.0,0.0,0.0,False
nuscenes_mini,252b65dd79ce4712af1b898b64ea3b98,car,0.8865247964859009,26.16,B,0.0408,0.0027,0.0381,False
nuscenes_mini,252b65dd79ce4712af1b898b64ea3b98,bus,0.8947368264198303,47.29,C,0.0,0.0,0.0,False
nuscenes_mini,252b65dd79ce4712af1b898b64ea3b98,pedestrian,1.0,14.88,A,0.1,0.0864,0.013600000000000001,False
nuscenes_mini,252b65dd79ce4712af1b898b64ea3b98,car,0.941605806350708,10.47,A,0.0598,0.0864,-0.026600000000000006,False
nuscenes_mini,252b65dd79ce4712af1b898b64ea3b98,car,0.6213017702102661,17.64,B,0.0,0.039599999999999996,-0.039599999999999996,False
nuscenes_mini,252b65dd79ce4712af1b898b64ea3b98,truck,0.8987342119216919,8.86,A,0.0589,0.1481,-0.0892,False
nuscenes_mini,252b65dd79ce4712af1b898b64ea3b98,car,0.7229437232017517,30.8,C,0.0231,0.0,0.0231,False
nuscenes_mini,252b65dd79ce4712af1b898b64ea3b98,car,0.7387754917144775,27.43,B,0.0765,0.0027,0.0738,True
nuscenes_mini,252b65dd79ce4712af1b898b64ea3b98,car,0.6167664527893066,28.85,B,0.0405,0.0027,0.0378,False
nuscenes_mini,252b65dd79ce4712af1b898b64ea3b98,car,0.8128654956817627,22.32,B,0.0787,0.0156,0.0631,True
nuscenes_mini,252b65dd79ce4712af1b898b64ea3b98,truck,0.5775577425956726,25.53,B,0.1004,0.0027,0.09770000000000001,True
nuscenes_mini,252b65dd79ce4712af1b898b64ea3b98,pedestrian,1.0,17.22,B,0.0,0.039599999999999996,-0.039599999999999996,False
nuscenes_mini,252b65dd79ce4712af1b898b64ea3b98,pedestrian,1.0,18.12,B,0.0,0.039599999999999996,-0.039599999999999996,False
nuscenes_mini,252b65dd79ce4712af1b898b64ea3b98,car,0.7620818018913269,36.78,C,0.0,0.0,0.0,False
nuscenes_mini,252b65dd79ce4712af1b898b64ea3b98,car,0.8012422323226929,33.05,C,0.0,0.0,0.0,False
nuscenes_mini,252b65dd79ce4712af1b898b64ea3b98,car,0.8400000333786011,30.4,C,0.0013,0.0,0.0013,False
nuscenes_mini,252b65dd79ce4712af1b898b64ea3b98,car,0.9064327478408812,20.03,B,0.0119,0.0156,-0.0036999999999999984,False
nuscenes_mini,252b65dd79ce4712af1b898b64ea3b98,car,0.9452055096626282,14.26,A,0.0423,0.0864,-0.04410000000000001,False
nuscenes_mini,252b65dd79ce4712af1b898b64ea3b98,car,0.9179486632347108,21.11,B,0.0054,0.0156,-0.010199999999999999,False
nuscenes_mini,252b65dd79ce4712af1b898b64ea3b98,car,0.8750000596046448,28.34,B,0.0,0.0027,-0.0027,False
nuscenes_mini,252b65dd79ce4712af1b898b64ea3b98,car,0.7852349281311035,45.72,C,0.0,0.0,0.0,False
nuscenes_mini,252b65dd79ce4712af1b898b64ea3b98,car,0.7815700173377991,43.96,C,0.0,0.0,0.0,False
nuscenes_mini,252b65dd79ce4712af1b898b64ea3b98,car,0.8904109597206116,27.55,B,0.0015,0.0027,-0.0012000000000000001,False
nuscenes_mini,252b65dd79ce4712af1b898b64ea3b98,truck,0.6604774594306946,51.59,C,0.0,0.0,0.0,False
nuscenes_mini,252b65dd79ce4712af1b898b64ea3b98,car,0.8987342119216919,9.64,A,0.0536,0.1481,-0.0945,False
nuscenes_mini,252b65dd79ce4712af1b898b64ea3b98,truck,0.859649121761322,8.16,A,0.0617,0.1481,-0.0864,False
nuscenes_mini,252b65dd79ce4712af1b898b64ea3b98,car,0.9532163739204408,9.37,A,0.1965,0.1481,0.0484,False
nuscenes_mini,252b65dd79ce4712af1b898b64ea3b98,car,0.9375000596046448,13.86,A,0.0677,0.0864,-0.01870000000000001,False
nuscenes_mini,252b65dd79ce4712af1b898b64ea3b98,car,0.9452055096626282,26.38,B,0.0178,0.0027,0.015099999999999999,False
nuscenes_mini,252b65dd79ce4712af1b898b64ea3b98,car,0.5747508406639099,29.87,B,0.0229,0.0027,0.0202,False
nuscenes_mini,0d7263a5b8264cad996582d6219ef1f2,car,0.7104072570800781,31.87,C,0.0024,0.0,0.0024,False
nuscenes_mini,0d7263a5b8264cad996582d6219ef1f2,car,0.7419355511665344,29.19,B,0.0107,0.0027,0.008,False
nuscenes_mini,0d7263a5b8264cad996582d6219ef1f2,car,0.6332378387451172,39.45,C,0.0,0.0,0.0,False
nuscenes_mini,0d7263a5b8264cad996582d6219ef1f2,car,0.9024390578269958,21.65,B,0.0164,0.0156,0.0008000000000000021,False
nuscenes_mini,0d7263a5b8264cad996582d6219ef1f2,car,0.6332378387451172,38.48,C,0.0,0.0,0.0,False
nuscenes_mini,0d7263a5b8264cad996582d6219ef1f2,car,0.6289855241775513,35.7,C,0.0018,0.0,0.0018,False
nuscenes_mini,0d7263a5b8264cad996582d6219ef1f2,bus,0.8048780560493469,42.81,C,0.0,0.0,0.0,False
nuscenes_mini,0d7263a5b8264cad996582d6219ef1f2,truck,0.6213017702102661,49.53,C,0.0,0.0,0.0,False
nuscenes_mini,0d7263a5b8264cad996582d6219ef1f2,truck,0.5897435545921326,49.86,C,0.0,0.0,0.0,False
nuscenes_mini,0d7263a5b8264cad996582d6219ef1f2,pedestrian,1.0,11.4,A,0.0833,0.0864,-0.0031000000000000055,False
nuscenes_mini,0d7263a5b8264cad996582d6219ef1f2,pedestrian,1.0,7.58,A,0.0,0.1481,-0.1481,False
nuscenes_mini,0d7263a5b8264cad996582d6219ef1f2,car,0.9569892287254332,8.39,A,0.0655,0.1481,-0.0826,False
nuscenes_mini,0d7263a5b8264cad996582d6219ef1f2,car,0.6097560524940491,24.94,B,0.0584,0.0156,0.042800000000000005,False
nuscenes_mini,0d7263a5b8264cad996582d6219ef1f2,car,0.7419355511665344,23.75,B,0.1117,0.0156,0.09609999999999999,True
nuscenes_mini,0d7263a5b8264cad996582d6219ef1f2,car,0.5747508406639099,28.91,B,0.0196,0.0027,0.0169,False
nuscenes_mini,0d7263a5b8264cad996582d6219ef1f2,car,0.5631399154663086,34.41,C,0.0472,0.0,0.0472,False
nuscenes_mini,0d7263a5b8264cad996582d6219ef1f2,car,0.6332378387451172,36.97,C,0.0262,0.0,0.0262,False
nuscenes_mini,0d7263a5b8264cad996582d6219ef1f2,pedestrian,1.0,20.45,B,0.0,0.0156,-0.0156,False
nuscenes_mini,0d7263a5b8264cad996582d6219ef1f2,pedestrian,1.0,21.0,B,0.0,0.0156,-0.0156,False
nuscenes_mini,0d7263a5b8264cad996582d6219ef1f2,car,0.92592591047287,24.2,B,0.0069,0.0156,-0.0087,False
nuscenes_mini,0d7263a5b8264cad996582d6219ef1f2,car,0.8324607610702515,35.5,C,0.0,0.0,0.0,False
nuscenes_mini,0d7263a5b8264cad996582d6219ef1f2,car,0.92592591047287,25.11,B,0.0015,0.0027,-0.0012000000000000001,False
nuscenes_mini,0d7263a5b8264cad996582d6219ef1f2,car,0.9336099624633788,14.53,A,0.0259,0.0864,-0.060500000000000005,False
nuscenes_mini,0d7263a5b8264cad996582d6219ef1f2,car,0.5816993117332458,42.29,C,0.0,0.0,0.0,False
nuscenes_mini,0d7263a5b8264cad996582d6219ef1f2,car,0.8987342119216919,38.58,C,0.0,0.0,0.0,False
nuscenes_mini,0d7263a5b8264cad996582d6219ef1f2,car,0.9569892287254332,12.89,A,0.0564,0.0864,-0.030000000000000006,False
nuscenes_mini,0d7263a5b8264cad996582d6219ef1f2,car,0.8324607610702515,31.56,C,0.0017,0.0,0.0017,False
nuscenes_mini,0d7263a5b8264cad996582d6219ef1f2,car,0.7500000596046448,37.23,C,0.0017,0.0,0.0017,False
nuscenes_mini,0d7263a5b8264cad996582d6219ef1f2,car,0.92592591047287,8.26,A,0.072,0.1481,-0.07610000000000001,False
nuscenes_mini,0d7263a5b8264cad996582d6219ef1f2,car,0.9139785170555116,11.98,A,0.0832,0.0864,-0.0032000000000000084,False
nuscenes_mini,0d7263a5b8264cad996582d6219ef1f2,truck,0.8709677457809448,8.86,A,0.0828,0.1481,-0.06530000000000001,False
nuscenes_mini,0d7263a5b8264cad996582d6219ef1f2,car,0.8904109597206116,27.26,B,0.0364,0.0027,0.0337,False
nuscenes_mini,0d7263a5b8264cad996582d6219ef1f2,car,0.92592591047287,23.58,B,0.1139,0.0156,0.0983,True
nuscenes_mini,0d7263a5b8264cad996582d6219ef1f2,car,0.9139785170555116,14.21,A,0.1126,0.0864,0.0262,False
nuscenes_mini,0d7263a5b8264cad996582d6219ef1f2,bicycle,0.5816993117332458,15.83,B,0.1805,0.039599999999999996,0.1409,True
nuscenes_mini,0d7263a5b8264cad996582d6219ef1f2,truck,0.6012461185455322,24.43,B,0.0095,0.0156,-0.0060999999999999995,False
nuscenes_mini,8017a35b9b5e476289a89bd098a4a1d1,car,0.5747508406639099,52.07,C,0.0,0.0,0.0,False
nuscenes_mini,8017a35b9b5e476289a89bd098a4a1d1,car,0.7620818018913269,35.98,C,0.0,0.0,0.0,False
nuscenes_mini,8017a35b9b5e476289a89bd098a4a1d1,car,0.7142857313156128,26.85,B,0.009,0.0027,0.006299999999999999,False
nuscenes_mini,8017a35b9b5e476289a89bd098a4a1d1,car,0.92592591047287,18.33,B,0.1399,0.039599999999999996,0.1003,True
nuscenes_mini,8017a35b9b5e476289a89bd098a4a1d1,car,0.7229437232017517,34.99,C,0.0,0.0,0.0,False
nuscenes_mini,8017a35b9b5e476289a89bd098a4a1d1,car,0.6908212304115295,37.69,C,0.0004,0.0,0.0004,False
nuscenes_mini,8017a35b9b5e476289a89bd098a4a1d1,bus,0.9139785170555116,39.81,C,0.0008,0.0,0.0008,False
nuscenes_mini,8017a35b9b5e476289a89bd098a4a1d1,truck,0.7264957427978516,47.71,C,0.0,0.0,0.0,False
nuscenes_mini,8017a35b9b5e476289a89bd098a4a1d1,truck,0.6952381134033203,46.4,C,0.0,0.0,0.0,False
nuscenes_mini,8017a35b9b5e476289a89bd098a4a1d1,pedestrian,1.0,9.45,A,0.1875,0.1481,0.03939999999999999,False
nuscenes_mini,8017a35b9b5e476289a89bd098a4a1d1,car,0.7655677795410156,25.71,B,0.0446,0.0027,0.0419,False
nuscenes_mini,8017a35b9b5e476289a89bd098a4a1d1,car,0.5311355590820312,34.14,C,0.0114,0.0,0.0114,False
nuscenes_mini,8017a35b9b5e476289a89bd098a4a1d1,car,0.6444444060325623,20.11,B,0.135,0.0156,0.1194,True
nuscenes_mini,8017a35b9b5e476289a89bd098a4a1d1,car,0.8358974456787109,21.13,B,0.1145,0.0156,0.0989,True
nuscenes_mini,8017a35b9b5e476289a89bd098a4a1d1,car,0.8012422323226929,32.8,C,0.0421,0.0,0.0421,False
nuscenes_mini,8017a35b9b5e476289a89bd098a4a1d1,car,0.6952381134033203,27.66,B,0.0133,0.0027,0.010599999999999998,False
nuscenes_mini,8017a35b9b5e476289a89bd098a4a1d1,car,0.8048780560493469,30.82,C,0.0362,0.0,0.0362,False
nuscenes_mini,8017a35b9b5e476289a89bd098a4a1d1,car,0.7655677795410156,30.49,C,0.0408,0.0,0.0408,False
nuscenes_mini,8017a35b9b5e476289a89bd098a4a1d1,pedestrian,1.0,23.66,B,0.1111,0.0156,0.0955,True
nuscenes_mini,8017a35b9b5e476289a89bd098a4a1d1,pedestrian,1.0,22.84,B,0.0,0.0156,-0.0156,False
nuscenes_mini,8017a35b9b5e476289a89bd098a4a1d1,car,0.9101123809814452,27.62,B,0.0034,0.0027,0.0006999999999999997,False
nuscenes_mini,8017a35b9b5e476289a89bd098a4a1d1,car,0.7620818018913269,37.28,C,0.0,0.0,0.0,False
nuscenes_mini,8017a35b9b5e476289a89bd098a4a1d1,car,0.7344398498535156,43.06,C,0.0,0.0,0.0,False
nuscenes_mini,8017a35b9b5e476289a89bd098a4a1d1,car,0.8709677457809448,28.42,B,0.0086,0.0027,0.0059,False
nuscenes_mini,8017a35b9b5e476289a89bd098a4a1d1,car,0.949367105960846,15.49,B,0.0263,0.039599999999999996,-0.013299999999999996,False
nuscenes_mini,8017a35b9b5e476289a89bd098a4a1d1,car,0.8947368264198303,35.45,C,0.0,0.0,0.0,False
nuscenes_mini,8017a35b9b5e476289a89bd098a4a1d1,car,0.949367105960846,15.94,B,0.0253,0.039599999999999996,-0.014299999999999997,False
nuscenes_mini,8017a35b9b5e476289a89bd098a4a1d1,car,0.9139785170555116,18.39,B,0.0195,0.039599999999999996,-0.020099999999999996,False
nuscenes_mini,8017a35b9b5e476289a89bd098a4a1d1,car,0.8632478713989258,34.75,C,0.0,0.0,0.0,False
nuscenes_mini,8017a35b9b5e476289a89bd098a4a1d1,car,0.9336099624633788,21.25,B,0.0041,0.0156,-0.0115,False
nuscenes_mini,8017a35b9b5e476289a89bd098a4a1d1,car,0.9452055096626282,7.78,A,0.0878,0.1481,-0.060300000000000006,False
nuscenes_mini,8017a35b9b5e476289a89bd098a4a1d1,truck,0.8400000333786011,10.57,A,0.0843,0.0864,-0.0021000000000000046,False
nuscenes_mini,8017a35b9b5e476289a89bd098a4a1d1,car,0.8904109597206116,29.67,B,0.0011,0.0027,-0.0016,False
nuscenes_mini,8017a35b9b5e476289a89bd098a4a1d1,car,0.941605806350708,16.27,B,0.1111,0.039599999999999996,0.07150000000000001,True
nuscenes_mini,8017a35b9b5e476289a89bd098a4a1d1,car,0.9179486632347108,26.83,B,0.0,0.0027,-0.0027,False
nuscenes_mini,8017a35b9b5e476289a89bd098a4a1d1,bicycle,0.5897435545921326,24.54,B,0.1029,0.0156,0.0873,True
nuscenes_mini,8017a35b9b5e476289a89bd098a4a1d1,bicycle,0.5775577425956726,25.33,B,0.0725,0.0027,0.0698,True
nuscenes_mini,8017a35b9b5e476289a89bd098a4a1d1,bicycle,0.5747508406639099,16.38,B,0.176,0.039599999999999996,0.1364,True
nuscenes_mini,8580e9a249b64b59bead9d80c0e13e8b,car,0.6444444060325623,35.98,C,0.0,0.0,0.0,False
nuscenes_mini,8580e9a249b64b59bead9d80c0e13e8b,car,0.7264957427978516,32.47,C,0.0167,0.0,0.0167,False
nuscenes_mini,8580e9a249b64b59bead9d80c0e13e8b,car,0.9336099624633788,15.26,B,0.1225,0.039599999999999996,0.0829,True
nuscenes_mini,8580e9a249b64b59bead9d80c0e13e8b,car,0.6878048777580261,33.96,C,0.0018,0.0,0.0018,False
nuscenes_mini,8580e9a249b64b59bead9d80c0e13e8b,bus,0.9064327478408812,36.39,C,0.0004,0.0,0.0004,False
nuscenes_mini,8580e9a249b64b59bead9d80c0e13e8b,truck,0.7770034670829773,44.69,C,0.0,0.0,0.0,False
nuscenes_mini,8580e9a249b64b59bead9d80c0e13e8b,truck,0.6952381134033203,43.17,C,0.0,0.0,0.0,False
nuscenes_mini,8580e9a249b64b59bead9d80c0e13e8b,pedestrian,1.0,8.7,A,0.1667,0.1481,0.018599999999999978,False
nuscenes_mini,8580e9a249b64b59bead9d80c0e13e8b,car,0.9101123809814452,14.7,A,0.0089,0.0864,-0.0775,False
nuscenes_mini,8580e9a249b64b59bead9d80c0e13e8b,car,0.5395683646202087,19.48,B,0.0302,0.039599999999999996,-0.009399999999999995,False
nuscenes_mini,8580e9a249b64b59bead9d80c0e13e8b,car,0.6908212304115295,45.12,C,0.0011,0.0,0.0011,False
nuscenes_mini,8580e9a249b64b59bead9d80c0e13e8b,car,0.6683937907218933,32.16,C,0.0125,0.0,0.0125,False
nuscenes_mini,8580e9a249b64b59bead9d80c0e13e8b,car,0.7104072570800781,33.57,C,0.0639,0.0,0.0639,True
nuscenes_mini,8580e9a249b64b59bead9d80c0e13e8b,car,0.7387754917144775,29.85,B,0.0441,0.0027,0.0414,False
nuscenes_mini,8580e9a249b64b59bead9d80c0e13e8b,car,0.8160918951034546,19.86,B,0.1224,0.039599999999999996,0.0828,True
nuscenes_mini,8580e9a249b64b59bead9d80c0e13e8b,car,0.7299578189849854,25.01,B,0.098,0.0027,0.09530000000000001,True
nuscenes_mini,8580e9a249b64b59bead9d80c0e13e8b,car,0.827957034111023,33.53,C,0.0,0.0,0.0,False
nuscenes_mini,8580e9a249b64b59bead9d80c0e13e8b,car,0.7387754917144775,46.12,C,0.0,0.0,0.0,False
nuscenes_mini,8580e9a249b64b59bead9d80c0e13e8b,car,0.8324607610702515,21.63,B,0.1188,0.0156,0.1032,True
nuscenes_mini,8580e9a249b64b59bead9d80c0e13e8b,car,0.5151515007019043,50.01,C,0.0,0.0,0.0,False
nuscenes_mini,8580e9a249b64b59bead9d80c0e13e8b,car,0.7344398498535156,31.85,C,0.0174,0.0,0.0174,False
nuscenes_mini,8580e9a249b64b59bead9d80c0e13e8b,car,0.6097560524940491,22.1,B,0.135,0.0156,0.1194,True
nuscenes_mini,8580e9a249b64b59bead9d80c0e13e8b,car,0.7968254089355469,23.48,B,0.1033,0.0156,0.0877,True
nuscenes_mini,8580e9a249b64b59bead9d80c0e13e8b,car,0.8358974456787109,29.9,B,0.0636,0.0027,0.0609,True
nuscenes_mini,8580e9a249b64b59bead9d80c0e13e8b,car,0.8128654956817627,29.65,B,0.1339,0.0027,0.13119999999999998,True
nuscenes_mini,8580e9a249b64b59bead9d80c0e13e8b,car,0.8672199249267578,18.93,B,0.2539,0.039599999999999996,0.21430000000000002,True
nuscenes_mini,8580e9a249b64b59bead9d80c0e13e8b,car,0.6800000071525574,28.77,B,0.1598,0.0027,0.1571,True
nuscenes_mini,8580e9a249b64b59bead9d80c0e13e8b,car,0.8358974456787109,21.35,B,0.0,0.0156,-0.0156,False
nuscenes_mini,8580e9a249b64b59bead9d80c0e13e8b,car,0.8324607610702515,31.48,C,0.0,0.0,0.0,False
nuscenes_mini,8580e9a249b64b59bead9d80c0e13e8b,car,0.8827838897705078,35.56,C,0.0,0.0,0.0,False
nuscenes_mini,8580e9a249b64b59bead9d80c0e13e8b,car,0.9336099624633788,18.7,B,0.01,0.039599999999999996,-0.029599999999999994,False
nuscenes_mini,8580e9a249b64b59bead9d80c0e13e8b,car,0.8865247964859009,30.59,C,0.0017,0.0,0.0017,False
nuscenes_mini,8580e9a249b64b59bead9d80c0e13e8b,car,0.8358974456787109,36.56,C,0.0,0.0,0.0,False
nuscenes_mini,8580e9a249b64b59bead9d80c0e13e8b,car,0.8552036285400391,31.61,C,0.0,0.0,0.0,False
nuscenes_mini,8580e9a249b64b59bead9d80c0e13e8b,car,0.7387754917144775,38.36,C,0.0,0.0,0.0,False
nuscenes_mini,8580e9a249b64b59bead9d80c0e13e8b,car,0.921951174736023,24.46,B,0.0019,0.0156,-0.013699999999999999,False
nuscenes_mini,8580e9a249b64b59bead9d80c0e13e8b,truck,0.8358974456787109,13.79,A,0.0623,0.0864,-0.024100000000000003,False
nuscenes_mini,8580e9a249b64b59bead9d80c0e13e8b,pedestrian,1.0,8.68,A,0.1625,0.1481,0.014399999999999996,False
nuscenes_mini,8580e9a249b64b59bead9d80c0e13e8b,car,0.949367105960846,8.95,A,0.0551,0.1481,-0.093,False
nuscenes_mini,8580e9a249b64b59bead9d80c0e13e8b,car,0.9064327478408812,17.88,B,0.0612,0.039599999999999996,0.0216,False
nuscenes_mini,8580e9a249b64b59bead9d80c0e13e8b,car,0.7815700173377991,32.74,C,0.0,0.0,0.0,False
nuscenes_mini,8580e9a249b64b59bead9d80c0e13e8b,car,0.7928802371025085,35.02,C,0.0077,0.0,0.0077,False
nuscenes_mini,8580e9a249b64b59bead9d80c0e13e8b,bicycle,0.6604774594306946,27.36,B,0.0216,0.0027,0.0189,False
nuscenes_mini,8580e9a249b64b59bead9d80c0e13e8b,bicycle,0.518796980381012,19.04,B,0.1267,0.039599999999999996,0.08710000000000001,True
nuscenes_mini,5f3fc3c1d08b47cabc1bbca600abbfa8,car,0.7815700173377991,31.66,C,0.029,0.0,0.029,False
nuscenes_mini,5f3fc3c1d08b47cabc1bbca600abbfa8,car,0.941605806350708,12.56,A,0.0126,0.0864,-0.0738,False
nuscenes_mini,5f3fc3c1d08b47cabc1bbca600abbfa8,car,0.5540069937705994,38.49,C,0.0,0.0,0.0,False
nuscenes_mini,5f3fc3c1d08b47cabc1bbca600abbfa8,car,0.5704697966575623,46.45,C,0.0,0.0,0.0,False
nuscenes_mini,5f3fc3c1d08b47cabc1bbca600abbfa8,car,0.7968254089355469,29.89,B,0.0461,0.0027,0.0434,False
nuscenes_mini,5f3fc3c1d08b47cabc1bbca600abbfa8,car,0.7299578189849854,36.33,C,0.0,0.0,0.0,False
nuscenes_mini,5f3fc3c1d08b47cabc1bbca600abbfa8,bus,0.9101123809814452,33.62,C,0.0019,0.0,0.0019,False
nuscenes_mini,5f3fc3c1d08b47cabc1bbca600abbfa8,truck,0.7968254089355469,47.29,C,0.0,0.0,0.0,False
nuscenes_mini,5f3fc3c1d08b47cabc1bbca600abbfa8,truck,0.6995305418968201,40.26,C,0.0011,0.0,0.0011,False
nuscenes_mini,5f3fc3c1d08b47cabc1bbca600abbfa8,car,0.9375000596046448,12.25,A,0.0079,0.0864,-0.0785,False
nuscenes_mini,5f3fc3c1d08b47cabc1bbca600abbfa8,car,0.8128654956817627,29.33,B,0.0137,0.0027,0.011,False
nuscenes_mini,5f3fc3c1d08b47cabc1bbca600abbfa8,car,0.7037037014961243,36.16,C,0.0,0.0,0.0,False
nuscenes_mini,5f3fc3c1d08b47cabc1bbca600abbfa8,car,0.7575758099555969,46.85,C,0.0,0.0,0.0,False
nuscenes_mini,5f3fc3c1d08b47cabc1bbca600abbfa8,car,0.8202247023582458,16.75,B,0.108,0.039599999999999996,0.0684,True
nuscenes_mini,5f3fc3c1d08b47cabc1bbca600abbfa8,car,0.8241757750511169,21.25,B,0.1905,0.0156,0.1749,True
nuscenes_mini,5f3fc3c1d08b47cabc1bbca600abbfa8,car,0.7730495929718018,21.79,B,0.1376,0.0156,0.122,True
nuscenes_mini,5f3fc3c1d08b47cabc1bbca600abbfa8,car,0.7142857313156128,26.55,B,0.069,0.0027,0.06630000000000001,True
nuscenes_mini,5f3fc3c1d08b47cabc1bbca600abbfa8,car,0.719298243522644,31.41,C,0.0238,0.0,0.0238,False
nuscenes_mini,5f3fc3c1d08b47cabc1bbca600abbfa8,car,0.6363636255264282,47.2,C,0.0,0.0,0.0,False
nuscenes_mini,5f3fc3c1d08b47cabc1bbca600abbfa8,car,0.8241757750511169,19.7,B,0.1224,0.039599999999999996,0.0828,True
nuscenes_mini,5f3fc3c1d08b47cabc1bbca600abbfa8,car,0.827957034111023,18.25,B,0.1916,0.039599999999999996,0.152,True
nuscenes_mini,5f3fc3c1d08b47cabc1bbca600abbfa8,car,0.7387754917144775,29.2,B,0.0396,0.0027,0.0369,False
nuscenes_mini,5f3fc3c1d08b47cabc1bbca600abbfa8,car,0.6952381134033203,27.18,B,0.0293,0.0027,0.0266,False
nuscenes_mini,5f3fc3c1d08b47cabc1bbca600abbfa8,car,0.8476190567016602,24.16,B,0.0115,0.0156,-0.0040999999999999995,False
nuscenes_mini,5f3fc3c1d08b47cabc1bbca600abbfa8,car,0.9139785170555116,21.16,B,0.0077,0.0156,-0.007899999999999999,False
nuscenes_mini,5f3fc3c1d08b47cabc1bbca600abbfa8,car,0.6604774594306946,49.0,C,0.0,0.0,0.0,False
nuscenes_mini,5f3fc3c1d08b47cabc1bbca600abbfa8,car,0.8865247964859009,30.01,C,0.0,0.0,0.0,False
nuscenes_mini,5f3fc3c1d08b47cabc1bbca600abbfa8,car,0.921951174736023,21.66,B,0.0461,0.0156,0.030500000000000003,False
nuscenes_mini,5f3fc3c1d08b47cabc1bbca600abbfa8,car,0.8083832263946533,34.54,C,0.0074,0.0,0.0074,False
nuscenes_mini,5f3fc3c1d08b47cabc1bbca600abbfa8,car,0.6831682920455933,44.51,C,0.0,0.0,0.0,False
nuscenes_mini,5f3fc3c1d08b47cabc1bbca600abbfa8,car,0.8904109597206116,33.67,C,0.0008,0.0,0.0008,False
nuscenes_mini,5f3fc3c1d08b47cabc1bbca600abbfa8,car,0.8048780560493469,34.56,C,0.0028,0.0,0.0028,False
nuscenes_mini,5f3fc3c1d08b47cabc1bbca600abbfa8,car,0.9064327478408812,27.44,B,0.0,0.0027,-0.0027,False
nuscenes_mini,5f3fc3c1d08b47cabc1bbca600abbfa8,pedestrian,1.0,9.32,A,0.1125,0.1481,-0.03560000000000001,False
nuscenes_mini,5f3fc3c1d08b47cabc1bbca600abbfa8,car,0.9375000596046448,10.63,A,0.0873,0.0864,0.000899999999999998,False
nuscenes_mini,5f3fc3c1d08b47cabc1bbca600abbfa8,car,0.92592591047287,20.25,B,0.0287,0.0156,0.0131,False
nuscenes_mini,5f3fc3c1d08b47cabc1bbca600abbfa8,car,0.8518518805503845,32.46,C,0.0,0.0,0.0,False
nuscenes_mini,5f3fc3c1d08b47cabc1bbca600abbfa8,car,0.6483516097068787,41.9,C,0.0,0.0,0.0,False
nuscenes_mini,5f3fc3c1d08b47cabc1bbca600abbfa8,bicycle,0.6097560524940491,19.37,B,0.0652,0.039599999999999996,0.025599999999999998,False
nuscenes_mini,5f3fc3c1d08b47cabc1bbca600abbfa8,bicycle,0.5395683646202087,29.99,B,0.0301,0.0027,0.027399999999999997,False
nuscenes_mini,7ff999a1242e4573a81dd3a6f0c158a2,car,0.7655677795410156,31.97,C,0.0245,0.0,0.0245,False
nuscenes_mini,7ff999a1242e4573a81dd3a6f0c158a2,car,0.921951174736023,10.47,A,0.018,0.0864,-0.0684,False
nuscenes_mini,7ff999a1242e4573a81dd3a6f0c158a2,car,0.597484290599823,34.09,C,0.0,0.0,0.0,False
nuscenes_mini,7ff999a1242e4573a81dd3a6f0c158a2,car,0.6213017702102661,43.33,C,0.0,0.0,0.0,False
nuscenes_mini,7ff999a1242e4573a81dd3a6f0c158a2,car,0.7104072570800781,29.02,B,0.0,0.0027,-0.0027,False
nuscenes_mini,7ff999a1242e4573a81dd3a6f0c158a2,bus,0.8865247964859009,30.51,C,0.004,0.0,0.004,False
nuscenes_mini,7ff999a1242e4573a81dd3a6f0c158a2,truck,0.8128654956817627,42.16,C,0.0,0.0,0.0,False
nuscenes_mini,7ff999a1242e4573a81dd3a6f0c158a2,construction_vehicle,0.5631399154663086,37.32,C,0.0029,0.0,0.0029,False
nuscenes_mini,7ff999a1242e4573a81dd3a6f0c158a2,pedestrian,1.0,9.29,A,0.0417,0.1481,-0.10640000000000001,False
nuscenes_mini,7ff999a1242e4573a81dd3a6f0c158a2,car,0.9649122953414916,9.54,A,0.0614,0.1481,-0.0867,False
nuscenes_mini,7ff999a1242e4573a81dd3a6f0c158a2,car,0.7730495929718018,27.14,B,0.0,0.0027,-0.0027,False
nuscenes_mini,7ff999a1242e4573a81dd3a6f0c158a2,car,0.7299578189849854,32.12,C,0.0296,0.0,0.0296,False
nuscenes_mini,7ff999a1242e4573a81dd3a6f0c158a2,car,0.7887788414955139,28.67,B,0.0046,0.0027,0.0018999999999999998,False
nuscenes_mini,7ff999a1242e4573a81dd3a6f0c158a2,car,0.7770034670829773,32.07,C,0.0,0.0,0.0,False
nuscenes_mini,7ff999a1242e4573a81dd3a6f0c158a2,car,0.7770034670829773,20.49,B,0.1257,0.0156,0.1101,True
nuscenes_mini,7ff999a1242e4573a81dd3a6f0c158a2,car,0.8518518805503845,15.8,B,0.0439,0.039599999999999996,0.004300000000000005,False
nuscenes_mini,7ff999a1242e4573a81dd3a6f0c158a2,car,0.7299578189849854,24.83,B,0.0163,0.0156,0.0006999999999999992,False
nuscenes_mini,7ff999a1242e4573a81dd3a6f0c158a2,car,0.7730495929718018,28.51,B,0.0367,0.0027,0.034,False
nuscenes_mini,7ff999a1242e4573a81dd3a6f0c158a2,car,0.8324607610702515,16.54,B,0.0484,0.039599999999999996,0.008800000000000002,False
nuscenes_mini,7ff999a1242e4573a81dd3a6f0c158a2,car,0.8358974456787109,17.6,B,0.085,0.039599999999999996,0.04540000000000001,False
nuscenes_mini,7ff999a1242e4573a81dd3a6f0c158a2,car,0.8202247023582458,18.84,B,0.0608,0.039599999999999996,0.021200000000000004,False
nuscenes_mini,7ff999a1242e4573a81dd3a6f0c158a2,car,0.7229437232017517,25.77,B,0.0,0.0027,-0.0027,False
nuscenes_mini,7ff999a1242e4573a81dd3a6f0c158a2,car,0.675126850605011,40.45,C,0.0,0.0,0.0,False
nuscenes_mini,7ff999a1242e4573a81dd3a6f0c158a2,car,0.9375000596046448,13.45,A,0.0344,0.0864,-0.052000000000000005,False
nuscenes_mini,7ff999a1242e4573a81dd3a6f0c158a2,car,0.8750000596046448,24.67,B,0.0,0.0156,-0.0156,False
nuscenes_mini,7ff999a1242e4573a81dd3a6f0c158a2,car,0.92592591047287,22.33,B,0.0234,0.0156,0.007800000000000001,False
nuscenes_mini,7ff999a1242e4573a81dd3a6f0c158a2,car,0.9064327478408812,24.52,B,0.0218,0.0156,0.006200000000000001,False
nuscenes_mini,7ff999a1242e4573a81dd3a6f0c158a2,car,0.8048780560493469,36.96,C,0.0047,0.0,0.0047,False
nuscenes_mini,7ff999a1242e4573a81dd3a6f0c158a2,car,0.8632478713989258,29.79,B,0.0051,0.0027,0.0024000000000000002,False
nuscenes_mini,7ff999a1242e4573a81dd3a6f0c158a2,car,0.8709677457809448,36.87,C,0.0,0.0,0.0,False
nuscenes_mini,7ff999a1242e4573a81dd3a6f0c158a2,car,0.8202247023582458,27.03,B,0.0,0.0027,-0.0027,False
nuscenes_mini,7ff999a1242e4573a81dd3a6f0c158a2,car,0.9064327478408812,24.17,B,0.0014,0.0156,-0.014199999999999999,False
nuscenes_mini,7ff999a1242e4573a81dd3a6f0c158a2,truck,0.9064327478408812,18.78,B,0.0016,0.039599999999999996,-0.038,False
nuscenes_mini,7ff999a1242e4573a81dd3a6f0c158a2,pedestrian,1.0,10.71,A,0.0536,0.0864,-0.0328,False
nuscenes_mini,7ff999a1242e4573a81dd3a6f0c158a2,car,0.6363636255264282,33.22,C,0.0,0.0,0.0,False
nuscenes_mini,7ff999a1242e4573a81dd3a6f0c158a2,car,0.7229437232017517,41.69,C,0.0,0.0,0.0,False
nuscenes_mini,7ff999a1242e4573a81dd3a6f0c158a2,car,0.6012461185455322,44.63,C,0.0,0.0,0.0,False
nuscenes_mini,7ff999a1242e4573a81dd3a6f0c158a2,car,0.6640419960021973,28.04,B,0.0195,0.0027,0.0168,False
nuscenes_mini,7ff999a1242e4573a81dd3a6f0c158a2,car,0.8241757750511169,27.55,B,0.0124,0.0027,0.0097,False
nuscenes_mini,7ff999a1242e4573a81dd3a6f0c158a2,car,0.5661016702651978,48.75,C,0.0,0.0,0.0,False
nuscenes_mini,7ff999a1242e4573a81dd3a6f0c158a2,car,0.7852349281311035,46.11,C,0.0,0.0,0.0,False
nuscenes_mini,7ff999a1242e4573a81dd3a6f0c158a2,car,0.6717948913574219,29.01,B,0.006,0.0027,0.0033,False
nuscenes_mini,7ff999a1242e4573a81dd3a6f0c158a2,car,0.597484290599823,47.95,C,0.0,0.0,0.0,False
nuscenes_mini,7ff999a1242e4573a81dd3a6f0c158a2,bicycle,0.7229437232017517,30.6,C,0.0,0.0,0.0,False
nuscenes_mini,7ff999a1242e4573a81dd3a6f0c158a2,bicycle,0.5897435545921326,22.2,B,0.0,0.0156,-0.0156,False
nuscenes_mini,0402e40724984f3b833496067d46c771,car,0.6132930517196655,43.5,C,0.0,0.0,0.0,False
nuscenes_mini,0402e40724984f3b833496067d46c771,car,0.6404494643211365,31.56,C,0.0266,0.0,0.0266,False
nuscenes_mini,0402e40724984f3b833496067d46c771,car,0.6800000071525574,29.83,B,0.0288,0.0027,0.026099999999999998,False
nuscenes_mini,0402e40724984f3b833496067d46c771,car,0.6132930517196655,33.31,C,0.0134,0.0,0.0134,False
nuscenes_mini,0402e40724984f3b833496067d46c771,car,0.5428571701049805,41.68,C,0.0,0.0,0.0,False
nuscenes_mini,0402e40724984f3b833496067d46c771,bus,0.8904109597206116,26.89,B,0.0079,0.0027,0.005200000000000001,False
nuscenes_mini,0402e40724984f3b833496067d46c771,truck,0.7538461089134216,38.87,C,0.0,0.0,0.0,False
nuscenes_mini,0402e40724984f3b833496067d46c771,construction_vehicle,0.5661016702651978,33.11,C,0.0058,0.0,0.0058,False
nuscenes_mini,0402e40724984f3b833496067d46c771,pedestrian,1.0,6.78,A,0.0,0.1481,-0.1481,False
nuscenes_mini,0402e40724984f3b833496067d46c771,car,0.9649122953414916,7.11,A,0.0964,0.1481,-0.05170000000000001,False
nuscenes_mini,0402e40724984f3b833496067d46c771,car,0.6717948913574219,23.87,B,0.0,0.0156,-0.0156,False
nuscenes_mini,0402e40724984f3b833496067d46c771,car,0.6604774594306946,34.22,C,0.0022,0.0,0.0022,False
nuscenes_mini,0402e40724984f3b833496067d46c771,car,0.6878048777580261,28.76,B,0.0299,0.0027,0.0272,False
nuscenes_mini,0402e40724984f3b833496067d46c771,car,0.7620818018913269,18.12,B,0.1209,0.039599999999999996,0.0813,True
nuscenes_mini,0402e40724984f3b833496067d46c771,car,0.8048780560493469,15.34,B,0.029,0.039599999999999996,-0.010599999999999995,False
nuscenes_mini,0402e40724984f3b833496067d46c771,car,0.8083832263946533,16.72,B,0.0895,0.039599999999999996,0.0499,False
nuscenes_mini,0402e40724984f3b833496067d46c771,car,0.8324607610702515,16.06,B,0.1003,0.039599999999999996,0.060700000000000004,True
nuscenes_mini,0402e40724984f3b833496067d46c771,car,0.7500000596046448,24.74,B,0.0933,0.0156,0.07769999999999999,True
nuscenes_mini,0402e40724984f3b833496067d46c771,car,0.7387754917144775,25.03,B,0.0811,0.0027,0.07840000000000001,True
nuscenes_mini,0402e40724984f3b833496067d46c771,car,0.7730495929718018,21.54,B,0.1207,0.0156,0.1051,True
nuscenes_mini,0402e40724984f3b833496067d46c771,car,0.5704697966575623,31.84,C,0.0217,0.0,0.0217,False
nuscenes_mini,0402e40724984f3b833496067d46c771,car,0.7575758099555969,20.04,B,0.1961,0.0156,0.1805,True
nuscenes_mini,0402e40724984f3b833496067d46c771,car,0.6404494643211365,24.43,B,0.0,0.0156,-0.0156,False
nuscenes_mini,0402e40724984f3b833496067d46c771,car,0.5857605338096619,49.94,C,0.0425,0.0,0.0425,False
nuscenes_mini,0402e40724984f3b833496067d46c771,car,0.7928802371025085,40.35,C,0.0024,0.0,0.0024,False
nuscenes_mini,0402e40724984f3b833496067d46c771,car,0.9101123809814452,27.54,B,0.0,0.0027,-0.0027,False
nuscenes_mini,0402e40724984f3b833496067d46c771,car,0.7730495929718018,40.89,C,0.0,0.0,0.0,False
nuscenes_mini,0402e40724984f3b833496067d46c771,car,0.9452055096626282,16.1,B,0.0428,0.039599999999999996,0.0032000000000000015,False
nuscenes_mini,0402e40724984f3b833496067d46c771,car,0.8865247964859009,32.4,C,0.001,0.0,0.001,False
nuscenes_mini,0402e40724984f3b833496067d46c771,car,0.9139785170555116,25.06,B,0.0422,0.0027,0.0395,False
nuscenes_mini,0402e40724984f3b833496067d46c771,car,0.7229437232017517,45.25,C,0.0,0.0,0.0,False
nuscenes_mini,0402e40724984f3b833496067d46c771,car,0.6521739363670349,44.11,C,0.0,0.0,0.0,False
nuscenes_mini,0402e40724984f3b833496067d46c771,car,0.8241757750511169,32.49,C,0.0,0.0,0.0,False
nuscenes_mini,0402e40724984f3b833496067d46c771,car,0.8672199249267578,39.51,C,0.0,0.0,0.0,False
nuscenes_mini,0402e40724984f3b833496067d46c771,car,0.8128654956817627,30.5,C,0.004,0.0,0.004,False
nuscenes_mini,0402e40724984f3b833496067d46c771,car,0.8987342119216919,27.83,B,0.0212,0.0027,0.0185,False
nuscenes_mini,0402e40724984f3b833496067d46c771,truck,0.8476190567016602,21.86,B,0.0028,0.0156,-0.012799999999999999,False
nuscenes_mini,0402e40724984f3b833496067d46c771,pedestrian,1.0,13.17,A,0.0357,0.0864,-0.0507,False
nuscenes_mini,0402e40724984f3b833496067d46c771,car,0.7264957427978516,44.58,C,0.0,0.0,0.0,False
nuscenes_mini,0402e40724984f3b833496067d46c771,car,0.5747508406639099,48.77,C,0.0,0.0,0.0,False
nuscenes_mini,0402e40724984f3b833496067d46c771,car,0.8160918951034546,31.49,C,0.0,0.0,0.0,False
nuscenes_mini,0402e40724984f3b833496067d46c771,car,0.675126850605011,43.21,C,0.0,0.0,0.0,False
nuscenes_mini,0402e40724984f3b833496067d46c771,car,0.7852349281311035,32.24,C,0.0,0.0,0.0,False
nuscenes_mini,0402e40724984f3b833496067d46c771,car,0.675126850605011,25.98,B,0.0007,0.0027,-0.002,False
nuscenes_mini,0402e40724984f3b833496067d46c771,car,0.7064220309257507,37.31,C,0.0,0.0,0.0,False
nuscenes_mini,0402e40724984f3b833496067d46c771,car,0.5460992455482483,47.96,C,0.0,0.0,0.0,False
nuscenes_mini,0402e40724984f3b833496067d46c771,car,0.8865247964859009,14.52,A,0.0181,0.0864,-0.0683,False
nuscenes_mini,6e004695af1549c398a52b5c95e22060,car,0.5395683646202087,57.51,C,0.0,0.0,0.0,False
nuscenes_mini,6e004695af1549c398a52b5c95e22060,car,0.6640419960021973,31.48,C,0.0314,0.0,0.0314,False
nuscenes_mini,6e004695af1549c398a52b5c95e22060,car,0.6097560524940491,41.24,C,0.0,0.0,0.0,False
nuscenes_mini,6e004695af1549c398a52b5c95e22060,bus,0.9298245906829834,23.46,B,0.025,0.0156,0.009400000000000002,False
nuscenes_mini,6e004695af1549c398a52b5c95e22060,construction_vehicle,0.6640419960021973,30.66,C,0.0074,0.0,0.0074,False
nuscenes_mini,6e004695af1549c398a52b5c95e22060,construction_vehicle,0.5114504098892212,34.14,C,0.009,0.0,0.009,False
nuscenes_mini,6e004695af1549c398a52b5c95e22060,car,0.6800000071525574,32.3,C,0.0014,0.0,0.0014,False
nuscenes_mini,6e004695af1549c398a52b5c95e22060,car,0.9569892287254332,5.63,A,0.0516,0.1481,-0.0965,False
nuscenes_mini,6e004695af1549c398a52b5c95e22060,car,0.6404494643211365,31.46,C,0.0433,0.0,0.0433,False
nuscenes_mini,6e004695af1549c398a52b5c95e22060,car,0.7460317611694336,25.97,B,0.076,0.0027,0.0733,True
nuscenes_mini,6e004695af1549c398a52b5c95e22060,car,0.827957034111023,20.1,B,0.0623,0.0156,0.046700000000000005,False
nuscenes_mini,6e004695af1549c398a52b5c95e22060,car,0.8787879347801208,14.72,A,0.0362,0.0864,-0.0502,False
nuscenes_mini,6e004695af1549c398a52b5c95e22060,car,0.6800000071525574,31.04,C,0.0468,0.0,0.0468,False
nuscenes_mini,6e004695af1549c398a52b5c95e22060,car,0.6012461185455322,35.65,C,0.0,0.0,0.0,False
nuscenes_mini,6e004695af1549c398a52b5c95e22060,car,0.8324607610702515,26.98,B,0.0,0.0027,-0.0027,False
nuscenes_mini,6e004695af1549c398a52b5c95e22060,car,0.7655677795410156,22.1,B,0.0786,0.0156,0.063,True
nuscenes_mini,6e004695af1549c398a52b5c95e22060,car,0.7500000596046448,48.3,C,0.0,0.0,0.0,False
nuscenes_mini,6e004695af1549c398a52b5c95e22060,car,0.7387754917144775,38.63,C,0.0,0.0,0.0,False
nuscenes_mini,6e004695af1549c398a52b5c95e22060,car,0.859649121761322,16.27,B,0.0597,0.039599999999999996,0.020100000000000007,False
nuscenes_mini,6e004695af1549c398a52b5c95e22060,car,0.8709677457809448,15.05,B,0.1602,0.039599999999999996,0.12060000000000001,True
nuscenes_mini,6e004695af1549c398a52b5c95e22060,car,0.827957034111023,18.0,B,0.0361,0.039599999999999996,-0.003499999999999996,False
nuscenes_mini,6e004695af1549c398a52b5c95e22060,car,0.7419355511665344,22.4,B,0.0993,0.0156,0.0837,True
nuscenes_mini,6e004695af1549c398a52b5c95e22060,pedestrian,1.0,16.3,B,0.0625,0.039599999999999996,0.022900000000000004,False
nuscenes_mini,6e004695af1549c398a52b5c95e22060,car,0.6483516097068787,51.77,C,0.0,0.0,0.0,False
nuscenes_mini,6e004695af1549c398a52b5c95e22060,car,0.941605806350708,19.42,B,0.0096,0.039599999999999996,-0.03,False
nuscenes_mini,6e004695af1549c398a52b5c95e22060,car,0.8947368264198303,33.57,C,0.0,0.0,0.0,False
nuscenes_mini,6e004695af1549c398a52b5c95e22060,car,0.8987342119216919,28.47,B,0.0142,0.0027,0.0115,False
nuscenes_mini,6e004695af1549c398a52b5c95e22060,car,0.8904109597206116,31.54,C,0.0107,0.0,0.0107,False
nuscenes_mini,6e004695af1549c398a52b5c95e22060,car,0.8324607610702515,43.44,C,0.0,0.0,0.0,False
nuscenes_mini,6e004695af1549c398a52b5c95e22060,car,0.8476190567016602,43.44,C,0.0006,0.0,0.0006,False
nuscenes_mini,6e004695af1549c398a52b5c95e22060,car,0.7815700173377991,36.51,C,0.0,0.0,0.0,False
nuscenes_mini,6e004695af1549c398a52b5c95e22060,car,0.7815700173377991,34.39,C,0.0,0.0,0.0,False
nuscenes_mini,6e004695af1549c398a52b5c95e22060,car,0.8672199249267578,31.04,C,0.0,0.0,0.0,False
nuscenes_mini,6e004695af1549c398a52b5c95e22060,truck,0.6404494643211365,25.67,B,0.0035,0.0027,0.0007999999999999999,False
nuscenes_mini,6e004695af1549c398a52b5c95e22060,pedestrian,1.0,5.15,A,0.0,0.1481,-0.1481,False
nuscenes_mini,6e004695af1549c398a52b5c95e22060,car,0.96875,5.53,A,0.1085,0.1481,-0.03960000000000001,False
nuscenes_mini,6e004695af1549c398a52b5c95e22060,car,0.6717948913574219,48.17,C,0.0,0.0,0.0,False
nuscenes_mini,6e004695af1549c398a52b5c95e22060,car,0.7419355511665344,29.33,B,0.0117,0.0027,0.009000000000000001,False
nuscenes_mini,6e004695af1549c398a52b5c95e22060,car,0.7229437232017517,36.03,C,0.0,0.0,0.0,False
nuscenes_mini,6e004695af1549c398a52b5c95e22060,car,0.6995305418968201,45.85,C,0.0,0.0,0.0,False
nuscenes_mini,6e004695af1549c398a52b5c95e22060,car,0.7299578189849854,24.58,B,0.0057,0.0156,-0.009899999999999999,False
nuscenes_mini,6e004695af1549c398a52b5c95e22060,car,0.8865247964859009,14.8,A,0.0264,0.0864,-0.060000000000000005,False
nuscenes_mini,6e004695af1549c398a52b5c95e22060,car,0.6952381134033203,46.31,C,0.0,0.0,0.0,False
nuscenes_mini,6e004695af1549c398a52b5c95e22060,car,0.8709677457809448,14.44,A,0.0388,0.0864,-0.0476,False
nuscenes_mini,6e004695af1549c398a52b5c95e22060,car,0.8012422323226929,26.79,B,0.0022,0.0027,-0.0005,False
nuscenes_mini,6e004695af1549c398a52b5c95e22060,car,0.7697842121124268,33.53,C,0.0,0.0,0.0,False
nuscenes_mini,6e004695af1549c398a52b5c95e22060,car,0.7730495929718018,28.92,B,0.0,0.0027,-0.0027,False
nuscenes_mini,6e004695af1549c398a52b5c95e22060,car,0.7460317611694336,32.2,C,0.0,0.0,0.0,False
nuscenes_mini,6e004695af1549c398a52b5c95e22060,car,0.6952381134033203,37.01,C,0.0,0.0,0.0,False
nuscenes_mini,ba2491f55619445e9d2e472f39f3b01b,car,0.6404494643211365,47.59,C,0.0,0.0,0.0,False
nuscenes_mini,ba2491f55619445e9d2e472f39f3b01b,bus,0.92592591047287,19.7,B,0.0767,0.039599999999999996,0.03710000000000001,False
nuscenes_mini,ba2491f55619445e9d2e472f39f3b01b,construction_vehicle,0.7387754917144775,26.26,B,0.0426,0.0027,0.0399,False
nuscenes_mini,ba2491f55619445e9d2e472f39f3b01b,construction_vehicle,0.5276752710342407,30.29,C,0.0179,0.0,0.0179,False
nuscenes_mini,ba2491f55619445e9d2e472f39f3b01b,construction_vehicle,0.5276752710342407,26.85,B,0.0197,0.0027,0.016999999999999998,False
nuscenes_mini,ba2491f55619445e9d2e472f39f3b01b,car,0.6404494643211365,37.43,C,0.0,0.0,0.0,False
nuscenes_mini,ba2491f55619445e9d2e472f39f3b01b,car,0.6831682920455933,40.36,C,0.0,0.0,0.0,False
nuscenes_mini,ba2491f55619445e9d2e472f39f3b01b,car,0.8518518805503845,14.81,A,0.066,0.0864,-0.0204,False
nuscenes_mini,ba2491f55619445e9d2e472f39f3b01b,car,0.8083832263946533,20.18,B,0.0835,0.0156,0.0679,True
nuscenes_mini,ba2491f55619445e9d2e472f39f3b01b,car,0.6213017702102661,36.13,C,0.0,0.0,0.0,False
nuscenes_mini,ba2491f55619445e9d2e472f39f3b01b,car,0.8083832263946533,21.63,B,0.0642,0.0156,0.04859999999999999,False
nuscenes_mini,ba2491f55619445e9d2e472f39f3b01b,car,0.8672199249267578,15.93,B,0.1044,0.039599999999999996,0.06480000000000001,True
nuscenes_mini,ba2491f55619445e9d2e472f39f3b01b,car,0.6483516097068787,32.75,C,0.0256,0.0,0.0256,False
nuscenes_mini,ba2491f55619445e9d2e472f39f3b01b,car,0.6213017702102661,47.21,C,0.0,0.0,0.0,False
nuscenes_mini,ba2491f55619445e9d2e472f39f3b01b,car,0.8012422323226929,23.14,B,0.1197,0.0156,0.1041,True
nuscenes_mini,ba2491f55619445e9d2e472f39f3b01b,car,0.719298243522644,28.34,B,0.0614,0.0027,0.0587,True
nuscenes_mini,ba2491f55619445e9d2e472f39f3b01b,car,0.7229437232017517,27.24,B,0.0496,0.0027,0.0469,False
nuscenes_mini,ba2491f55619445e9d2e472f39f3b01b,car,0.7575758099555969,26.03,B,0.0,0.0027,-0.0027,False
nuscenes_mini,ba2491f55619445e9d2e472f39f3b01b,car,0.7229437232017517,35.33,C,0.0,0.0,0.0,False
nuscenes_mini,ba2491f55619445e9d2e472f39f3b01b,car,0.8400000333786011,19.37,B,0.1089,0.039599999999999996,0.0693,True
nuscenes_mini,ba2491f55619445e9d2e472f39f3b01b,car,0.8632478713989258,17.68,B,0.097,0.039599999999999996,0.05740000000000001,True
nuscenes_mini,ba2491f55619445e9d2e472f39f3b01b,car,0.597484290599823,23.73,B,0.0,0.0156,-0.0156,False
nuscenes_mini,ba2491f55619445e9d2e472f39f3b01b,pedestrian,1.0,19.94,B,0.0536,0.039599999999999996,0.014000000000000005,False
nuscenes_mini,ba2491f55619445e9d2e472f39f3b01b,car,0.8358974456787109,46.57,C,0.0,0.0,0.0,False
nuscenes_mini,ba2491f55619445e9d2e472f39f3b01b,car,0.7142857313156128,47.06,C,0.0,0.0,0.0,False
nuscenes_mini,ba2491f55619445e9d2e472f39f3b01b,car,0.6831682920455933,38.14,C,0.0,0.0,0.0,False
nuscenes_mini,ba2491f55619445e9d2e472f39f3b01b,car,0.9375000596046448,22.96,B,0.0107,0.0156,-0.0049,False
nuscenes_mini,ba2491f55619445e9d2e472f39f3b01b,car,0.8750000596046448,31.66,C,0.0128,0.0,0.0128,False
nuscenes_mini,ba2491f55619445e9d2e472f39f3b01b,car,0.8672199249267578,35.29,C,0.0056,0.0,0.0056,False
nuscenes_mini,ba2491f55619445e9d2e472f39f3b01b,car,0.7575758099555969,39.31,C,0.0,0.0,0.0,False
nuscenes_mini,ba2491f55619445e9d2e472f39f3b01b,car,0.5586206912994385,51.69,C,0.0,0.0,0.0,False
nuscenes_mini,ba2491f55619445e9d2e472f39f3b01b,car,0.8552036285400391,35.2,C,0.0,0.0,0.0,False
nuscenes_mini,ba2491f55619445e9d2e472f39f3b01b,car,0.8904109597206116,33.88,C,0.0,0.0,0.0,False
nuscenes_mini,ba2491f55619445e9d2e472f39f3b01b,car,0.8904109597206116,29.23,B,0.0012,0.0027,-0.0015000000000000002,False
nuscenes_mini,ba2491f55619445e9d2e472f39f3b01b,car,0.9649122953414916,6.52,A,0.1468,0.1481,-0.0012999999999999956,False
nuscenes_mini,ba2491f55619445e9d2e472f39f3b01b,car,0.8987342119216919,14.81,A,0.0468,0.0864,-0.0396,False
nuscenes_mini,ba2491f55619445e9d2e472f39f3b01b,car,0.7419355511665344,35.65,C,0.0,0.0,0.0,False
nuscenes_mini,ba2491f55619445e9d2e472f39f3b01b,car,0.7852349281311035,32.41,C,0.0,0.0,0.0,False
nuscenes_mini,ba2491f55619445e9d2e472f39f3b01b,car,0.719298243522644,43.92,C,0.0,0.0,0.0,False
nuscenes_mini,ba2491f55619445e9d2e472f39f3b01b,car,0.7770034670829773,28.32,B,0.0,0.0027,-0.0027,False
nuscenes_mini,ba2491f55619445e9d2e472f39f3b01b,car,0.7500000596046448,43.7,C,0.0,0.0,0.0,False
nuscenes_mini,ba2491f55619445e9d2e472f39f3b01b,car,0.7387754917144775,27.32,B,0.0,0.0027,-0.0027,False
nuscenes_mini,ba2491f55619445e9d2e472f39f3b01b,car,0.8904109597206116,15.15,B,0.083,0.039599999999999996,0.04340000000000001,False
nuscenes_mini,ba2491f55619445e9d2e472f39f3b01b,car,0.8865247964859009,14.0,A,0.0357,0.0864,-0.0507,False
nuscenes_mini,ba2491f55619445e9d2e472f39f3b01b,car,0.5936508178710938,29.96,B,0.0,0.0027,-0.0027,False
nuscenes_mini,ba2491f55619445e9d2e472f39f3b01b,car,0.7620818018913269,28.26,B,0.0,0.0027,-0.0027,False
nuscenes_mini,ba2491f55619445e9d2e472f39f3b01b,car,0.5586206912994385,36.8,C,0.0,0.0,0.0,False
nuscenes_mini,ba2491f55619445e9d2e472f39f3b01b,car,0.7655677795410156,43.04,C,0.0,0.0,0.0,False
nuscenes_mini,ba2491f55619445e9d2e472f39f3b01b,car,0.8048780560493469,27.73,B,0.0008,0.0027,-0.0019000000000000002,False
nuscenes_mini,ba2491f55619445e9d2e472f39f3b01b,car,0.8827838897705078,15.92,B,0.2533,0.039599999999999996,0.21370000000000003,True
nuscenes_mini,ba2491f55619445e9d2e472f39f3b01b,car,0.7887788414955139,50.21,C,0.0,0.0,0.0,False
nuscenes_mini,ba2491f55619445e9d2e472f39f3b01b,car,0.7697842121124268,32.66,C,0.0052,0.0,0.0052,False
nuscenes_mini,2e024439286d469f8f743fe9266c0e56,bus,0.921951174736023,16.44,B,0.1119,0.039599999999999996,0.0723,True
nuscenes_mini,2e024439286d469f8f743fe9266c0e56,construction_vehicle,0.7387754917144775,22.53,B,0.0689,0.0156,0.0533,True
nuscenes_mini,2e024439286d469f8f743fe9266c0e56,construction_vehicle,0.6483516097068787,27.87,B,0.0178,0.0027,0.015099999999999999,False
nuscenes_mini,2e024439286d469f8f743fe9266c0e56,car,0.8241757750511169,41.98,C,0.001,0.0,0.001,False
nuscenes_mini,2e024439286d469f8f743fe9266c0e56,car,0.7770034670829773,42.46,C,0.0,0.0,0.0,False
nuscenes_mini,2e024439286d469f8f743fe9266c0e56,construction_vehicle,0.8358974456787109,23.28,B,0.0136,0.0156,-0.002,False
nuscenes_mini,2e024439286d469f8f743fe9266c0e56,car,0.7064220309257507,47.43,C,0.0,0.0,0.0,False
nuscenes_mini,2e024439286d469f8f743fe9266c0e56,car,0.8476190567016602,14.42,A,0.0645,0.0864,-0.021900000000000003,False
nuscenes_mini,2e024439286d469f8f743fe9266c0e56,car,0.7419355511665344,39.54,C,0.0,0.0,0.0,False
nuscenes_mini,2e024439286d469f8f743fe9266c0e56,car,0.7928802371025085,18.3,B,0.1857,0.039599999999999996,0.1461,True
nuscenes_mini,2e024439286d469f8f743fe9266c0e56,car,0.7037037014961243,33.18,C,0.0366,0.0,0.0366,False
nuscenes_mini,2e024439286d469f8f743fe9266c0e56,car,0.8324607610702515,20.28,B,0.1913,0.0156,0.1757,True
nuscenes_mini,2e024439286d469f8f743fe9266c0e56,car,0.7852349281311035,22.43,B,0.1055,0.0156,0.0899,True
nuscenes_mini,2e024439286d469f8f743fe9266c0e56,car,0.6995305418968201,26.95,B,0.0,0.0027,-0.0027,False
nuscenes_mini,2e024439286d469f8f743fe9266c0e56,car,0.7770034670829773,23.68,B,0.0947,0.0156,0.0791,True
nuscenes_mini,2e024439286d469f8f743fe9266c0e56,car,0.8324607610702515,17.19,B,0.1194,0.039599999999999996,0.07980000000000001,True
nuscenes_mini,2e024439286d469f8f743fe9266c0e56,car,0.8632478713989258,15.87,B,0.0487,0.039599999999999996,0.009100000000000004,False
nuscenes_mini,2e024439286d469f8f743fe9266c0e56,car,0.5631399154663086,28.05,B,0.0,0.0027,-0.0027,False
nuscenes_mini,2e024439286d469f8f743fe9266c0e56,car,0.8518518805503845,17.07,B,0.0354,0.039599999999999996,-0.004199999999999995,False
nuscenes_mini,2e024439286d469f8f743fe9266c0e56,bus,0.9101123809814452,13.03,A,0.1442,0.0864,0.05779999999999999,True
nuscenes_mini,2e024439286d469f8f743fe9266c0e56,pedestrian,1.0,23.87,B,0.0476,0.0156,0.032,False
nuscenes_mini,2e024439286d469f8f743fe9266c0e56,car,0.8358974456787109,39.58,C,0.0005,0.0,0.0005,False
nuscenes_mini,2e024439286d469f8f743fe9266c0e56,car,0.8750000596046448,33.5,C,0.0008,0.0,0.0008,False
nuscenes_mini,2e024439286d469f8f743fe9266c0e56,car,0.9609756469726562,9.97,A,0.1053,0.1481,-0.042800000000000005,False
nuscenes_mini,2e024439286d469f8f743fe9266c0e56,car,0.8083832263946533,51.32,C,0.0,0.0,0.0,False
nuscenes_mini,2e024439286d469f8f743fe9266c0e56,car,0.8947368264198303,33.18,C,0.0,0.0,0.0,False
nuscenes_mini,2e024439286d469f8f743fe9266c0e56,car,0.7730495929718018,35.55,C,0.0063,0.0,0.0063,False
nuscenes_mini,2e024439286d469f8f743fe9266c0e56,car,0.6289855241775513,42.33,C,0.0,0.0,0.0,False
nuscenes_mini,2e024439286d469f8f743fe9266c0e56,car,0.9179486632347108,27.2,B,0.0013,0.0027,-0.0014000000000000002,False
nuscenes_mini,2e024439286d469f8f743fe9266c0e56,car,0.7538461089134216,38.86,C,0.0,0.0,0.0,False
nuscenes_mini,2e024439286d469f8f743fe9266c0e56,car,0.8865247964859009,14.19,A,0.0719,0.0864,-0.014499999999999999,False
nuscenes_mini,2e024439286d469f8f743fe9266c0e56,car,0.604938268661499,40.5,C,0.0,0.0,0.0,False
nuscenes_mini,2e024439286d469f8f743fe9266c0e56,car,0.7299578189849854,35.19,C,0.0,0.0,0.0,False
nuscenes_mini,2e024439286d469f8f743fe9266c0e56,car,0.719298243522644,42.79,C,0.0,0.0,0.0,False
nuscenes_mini,2e024439286d469f8f743fe9266c0e56,car,0.8552036285400391,17.87,B,0.0989,0.039599999999999996,0.059300000000000005,True
nuscenes_mini,2e024439286d469f8f743fe9266c0e56,car,0.8865247964859009,13.81,A,0.0312,0.0864,-0.055200000000000006,False
nuscenes_mini,2e024439286d469f8f743fe9266c0e56,car,0.7852349281311035,27.34,B,0.0051,0.0027,0.0024000000000000002,False
nuscenes_mini,2e024439286d469f8f743fe9266c0e56,car,0.8128654956817627,27.45,B,0.0006,0.0027,-0.0021000000000000003,False
nuscenes_mini,2e024439286d469f8f743fe9266c0e56,car,0.7344398498535156,36.09,C,0.0,0.0,0.0,False
nuscenes_mini,2e024439286d469f8f743fe9266c0e56,car,0.7419355511665344,35.57,C,0.0,0.0,0.0,False
nuscenes_mini,2e024439286d469f8f743fe9266c0e56,car,0.8518518805503845,16.32,B,0.2581,0.039599999999999996,0.2185,True
nuscenes_mini,2e024439286d469f8f743fe9266c0e56,car,0.7770034670829773,28.21,B,0.0067,0.0027,0.004,False
nuscenes_mini,2e024439286d469f8f743fe9266c0e56,car,0.6683937907218933,30.99,C,0.0,0.0,0.0,False
nuscenes_mini,2e024439286d469f8f743fe9266c0e56,car,0.8947368264198303,15.17,B,0.1696,0.039599999999999996,0.13,True
nuscenes_mini,2e024439286d469f8f743fe9266c0e56,car,0.6878048777580261,29.06,B,0.0,0.0027,-0.0027,False
nuscenes_mini,ff007cb7b78443e6887401d694f0d369,bus,0.9064327478408812,14.79,A,0.2526,0.0864,0.1662,True
nuscenes_mini,ff007cb7b78443e6887401d694f0d369,construction_vehicle,0.6604774594306946,23.31,B,0.0303,0.0156,0.014700000000000001,False
nuscenes_mini,ff007cb7b78443e6887401d694f0d369,construction_vehicle,0.7037037014961243,18.88,B,0.0322,0.039599999999999996,-0.007399999999999997,False
nuscenes_mini,ff007cb7b78443e6887401d694f0d369,car,0.859649121761322,34.95,C,0.0081,0.0,0.0081,False
nuscenes_mini,ff007cb7b78443e6887401d694f0d369,construction_vehicle,0.8750000596046448,19.98,B,0.0688,0.039599999999999996,0.029200000000000004,False
nuscenes_mini,ff007cb7b78443e6887401d694f0d369,car,0.7620818018913269,44.37,C,0.0,0.0,0.0,False
nuscenes_mini,ff007cb7b78443e6887401d694f0d369,car,0.8476190567016602,15.6,B,0.0292,0.039599999999999996,-0.010399999999999996,False
nuscenes_mini,ff007cb7b78443e6887401d694f0d369,car,0.8358974456787109,17.65,B,0.1358,0.039599999999999996,0.09620000000000001,True
nuscenes_mini,ff007cb7b78443e6887401d694f0d369,car,0.8439024686813354,15.3,B,0.1804,0.039599999999999996,0.1408,True
nuscenes_mini,ff007cb7b78443e6887401d694f0d369,car,0.8400000333786011,16.57,B,0.0661,0.039599999999999996,0.02650000000000001,False
nuscenes_mini,ff007cb7b78443e6887401d694f0d369,car,0.6404494643211365,22.25,B,0.0253,0.0156,0.0097,False
nuscenes_mini,ff007cb7b78443e6887401d694f0d369,bus,0.8439024686813354,9.71,A,0.4966,0.1481,0.3485,True
nuscenes_mini,ff007cb7b78443e6887401d694f0d369,car,0.7730495929718018,43.61,C,0.0,0.0,0.0,False
nuscenes_mini,ff007cb7b78443e6887401d694f0d369,car,0.9609756469726562,13.62,A,0.0099,0.0864,-0.0765,False
nuscenes_mini,ff007cb7b78443e6887401d694f0d369,car,0.6717948913574219,33.43,C,0.0,0.0,0.0,False
nuscenes_mini,ff007cb7b78443e6887401d694f0d369,car,0.9024390578269958,26.24,B,0.0,0.0027,-0.0027,False
nuscenes_mini,ff007cb7b78443e6887401d694f0d369,car,0.6683937907218933,46.47,C,0.0,0.0,0.0,False
nuscenes_mini,ff007cb7b78443e6887401d694f0d369,car,0.7620818018913269,40.26,C,0.0,0.0,0.0,False
nuscenes_mini,ff007cb7b78443e6887401d694f0d369,car,0.9101123809814452,31.16,C,0.0023,0.0,0.0023,False
nuscenes_mini,ff007cb7b78443e6887401d694f0d369,car,0.7538461089134216,44.18,C,0.0,0.0,0.0,False
nuscenes_mini,ff007cb7b78443e6887401d694f0d369,car,0.6683937907218933,37.36,C,0.0,0.0,0.0,False
nuscenes_mini,ff007cb7b78443e6887401d694f0d369,car,0.827957034111023,18.25,B,0.0236,0.039599999999999996,-0.015999999999999997,False
nuscenes_mini,ff007cb7b78443e6887401d694f0d369,car,0.7387754917144775,36.53,C,0.0,0.0,0.0,False
nuscenes_mini,ff007cb7b78443e6887401d694f0d369,car,0.7968254089355469,24.69,B,0.0078,0.0156,-0.0078,False
nuscenes_mini,ff007cb7b78443e6887401d694f0d369,car,0.6444444060325623,48.02,C,0.0,0.0,0.0,False
nuscenes_mini,ff007cb7b78443e6887401d694f0d369,car,0.7655677795410156,33.95,C,0.0,0.0,0.0,False
nuscenes_mini,ff007cb7b78443e6887401d694f0d369,car,0.6995305418968201,30.58,C,0.0,0.0,0.0,False
nuscenes_mini,ff007cb7b78443e6887401d694f0d369,car,0.6717948913574219,51.11,C,0.0,0.0,0.0,False
nuscenes_mini,ff007cb7b78443e6887401d694f0d369,car,0.8202247023582458,19.97,B,0.0081,0.039599999999999996,-0.0315,False
nuscenes_mini,ff007cb7b78443e6887401d694f0d369,car,0.5897435545921326,46.03,C,0.0,0.0,0.0,False
nuscenes_mini,ff007cb7b78443e6887401d694f0d369,car,0.7928802371025085,26.92,B,0.0012,0.0027,-0.0015000000000000002,False
nuscenes_mini,ff007cb7b78443e6887401d694f0d369,car,0.6404494643211365,21.42,B,0.1398,0.0156,0.1242,True
nuscenes_mini,ff007cb7b78443e6887401d694f0d369,car,0.8552036285400391,15.23,B,0.2638,0.039599999999999996,0.22419999999999998,True
nuscenes_mini,ff007cb7b78443e6887401d694f0d369,car,0.8518518805503845,16.86,B,0.1844,0.039599999999999996,0.1448,True
nuscenes_mini,ff007cb7b78443e6887401d694f0d369,car,0.859649121761322,14.91,A,0.0408,0.0864,-0.0456,False
nuscenes_mini,ff007cb7b78443e6887401d694f0d369,car,0.8400000333786011,13.96,A,0.1338,0.0864,0.0474,False
nuscenes_mini,ff007cb7b78443e6887401d694f0d369,car,0.7387754917144775,40.37,C,0.0,0.0,0.0,False
nuscenes_mini,ff007cb7b78443e6887401d694f0d369,car,0.675126850605011,42.04,C,0.0,0.0,0.0,False
nuscenes_mini,ff007cb7b78443e6887401d694f0d369,car,0.8632478713989258,15.05,B,0.0231,0.039599999999999996,-0.016499999999999997,False
nuscenes_mini,b2e2ffeabf91451cb31a79649bfd95df,pedestrian,1.0,25.19,B,0.0,0.0027,-0.0027,False
nuscenes_mini,b2e2ffeabf91451cb31a79649bfd95df,car,0.5276752710342407,32.07,C,0.0009,0.0,0.0009,False
nuscenes_mini,b2e2ffeabf91451cb31a79649bfd95df,bus,0.9101123809814452,13.65,A,0.3169,0.0864,0.2305,True
nuscenes_mini,b2e2ffeabf91451cb31a79649bfd95df,construction_vehicle,0.6363636255264282,17.4,B,0.058,0.039599999999999996,0.018400000000000007,False
nuscenes_mini,b2e2ffeabf91451cb31a79649bfd95df,car,0.8476190567016602,47.89,C,0.0001,0.0,0.0001,False
nuscenes_mini,b2e2ffeabf91451cb31a79649bfd95df,car,0.8552036285400391,32.86,C,0.0488,0.0,0.0488,False
nuscenes_mini,b2e2ffeabf91451cb31a79649bfd95df,car,0.6952381134033203,25.93,B,0.0095,0.0027,0.0068,False
nuscenes_mini,b2e2ffeabf91451cb31a79649bfd95df,car,0.6097560524940491,49.05,C,0.0,0.0,0.0,False
nuscenes_mini,b2e2ffeabf91451cb31a79649bfd95df,construction_vehicle,0.7344398498535156,16.87,B,0.0964,0.039599999999999996,0.0568,True
nuscenes_mini,b2e2ffeabf91451cb31a79649bfd95df,bus,0.9336099624633788,7.37,A,0.6291,0.1481,0.481,True
nuscenes_mini,b2e2ffeabf91451cb31a79649bfd95df,car,0.7344398498535156,47.88,C,0.0,0.0,0.0,False
nuscenes_mini,b2e2ffeabf91451cb31a79649bfd95df,car,0.9452055096626282,17.43,B,0.0289,0.039599999999999996,-0.010699999999999998,False
nuscenes_mini,b2e2ffeabf91451cb31a79649bfd95df,car,0.7387754917144775,43.58,C,0.0,0.0,0.0,False
nuscenes_mini,b2e2ffeabf91451cb31a79649bfd95df,car,0.8987342119216919,34.08,C,0.0,0.0,0.0,False
nuscenes_mini,b2e2ffeabf91451cb31a79649bfd95df,car,0.8987342119216919,22.81,B,0.005,0.0156,-0.010599999999999998,False
nuscenes_mini,b2e2ffeabf91451cb31a79649bfd95df,car,0.7852349281311035,35.63,C,0.0,0.0,0.0,False
nuscenes_mini,b2e2ffeabf91451cb31a79649bfd95df,car,0.827957034111023,43.02,C,0.0,0.0,0.0,False
nuscenes_mini,b2e2ffeabf91451cb31a79649bfd95df,car,0.8947368264198303,34.46,C,0.0079,0.0,0.0079,False
nuscenes_mini,b2e2ffeabf91451cb31a79649bfd95df,car,0.8865247964859009,15.25,B,0.0533,0.039599999999999996,0.013700000000000004,False
nuscenes_mini,b2e2ffeabf91451cb31a79649bfd95df,car,0.8476190567016602,17.5,B,0.0485,0.039599999999999996,0.008900000000000005,False
nuscenes_mini,b2e2ffeabf91451cb31a79649bfd95df,car,0.8012422323226929,49.82,C,0.0,0.0,0.0,False
nuscenes_mini,b2e2ffeabf91451cb31a79649bfd95df,car,0.7928802371025085,44.1,C,0.0,0.0,0.0,False
nuscenes_mini,b2e2ffeabf91451cb31a79649bfd95df,car,0.8083832263946533,20.86,B,0.0038,0.0156,-0.0118,False
nuscenes_mini,b2e2ffeabf91451cb31a79649bfd95df,car,0.8324607610702515,43.87,C,0.0,0.0,0.0,False
nuscenes_mini,b2e2ffeabf91451cb31a79649bfd95df,car,0.8787879347801208,14.12,A,0.0225,0.0864,-0.06390000000000001,False
nuscenes_mini,b2e2ffeabf91451cb31a79649bfd95df,car,0.8202247023582458,26.49,B,0.0123,0.0027,0.009600000000000001,False
nuscenes_mini,b2e2ffeabf91451cb31a79649bfd95df,car,0.8476190567016602,18.99,B,0.008,0.039599999999999996,-0.031599999999999996,False
nuscenes_mini,b2e2ffeabf91451cb31a79649bfd95df,car,0.8750000596046448,15.24,B,0.1917,0.039599999999999996,0.1521,True
nuscenes_mini,b2e2ffeabf91451cb31a79649bfd95df,car,0.8632478713989258,16.03,B,0.1705,0.039599999999999996,0.13090000000000002,True
nuscenes_mini,b2e2ffeabf91451cb31a79649bfd95df,car,0.8750000596046448,14.77,A,0.0162,0.0864,-0.07020000000000001,False
nuscenes_mini,21342b260f964064855aa8ad1e741a22,car,0.7419355511665344,33.56,C,0.01,0.0,0.01,False
nuscenes_mini,21342b260f964064855aa8ad1e741a22,bus,0.9139785170555116,12.12,A,0.4521,0.0864,0.3657,True
nuscenes_mini,21342b260f964064855aa8ad1e741a22,construction_vehicle,0.7968254089355469,14.35,A,0.0616,0.0864,-0.024800000000000003,False
nuscenes_mini,21342b260f964064855aa8ad1e741a22,car,0.6097560524940491,50.19,C,0.0,0.0,0.0,False
nuscenes_mini,21342b260f964064855aa8ad1e741a22,truck,0.7620818018913269,13.94,A,0.0311,0.0864,-0.0553,False
nuscenes_mini,21342b260f964064855aa8ad1e741a22,truck,0.6132930517196655,34.45,C,0.0034,0.0,0.0034,False
nuscenes_mini,21342b260f964064855aa8ad1e741a22,construction_vehicle,0.7264957427978516,13.64,A,0.0982,0.0864,0.011799999999999991,False
nuscenes_mini,21342b260f964064855aa8ad1e741a22,bus,0.9024390578269958,6.78,A,0.6742,0.1481,0.5261,True
nuscenes_mini,21342b260f964064855aa8ad1e741a22,car,0.7887788414955139,26.66,B,0.0058,0.0027,0.0030999999999999995,False
nuscenes_mini,21342b260f964064855aa8ad1e741a22,car,0.92592591047287,21.25,B,0.0065,0.0156,-0.0091,False
nuscenes_mini,21342b260f964064855aa8ad1e741a22,car,0.5460992455482483,32.11,C,0.0,0.0,0.0,False
nuscenes_mini,21342b260f964064855aa8ad1e741a22,car,0.8947368264198303,33.23,C,0.0,0.0,0.0,False
nuscenes_mini,21342b260f964064855aa8ad1e741a22,car,0.7344398498535156,19.19,B,0.0057,0.039599999999999996,-0.0339,False
nuscenes_mini,21342b260f964064855aa8ad1e741a22,car,0.7500000596046448,23.58,B,0.0111,0.0156,-0.004499999999999999,False
nuscenes_mini,21342b260f964064855aa8ad1e741a22,car,0.8324607610702515,39.32,C,0.0005,0.0,0.0005,False
nuscenes_mini,21342b260f964064855aa8ad1e741a22,car,0.7064220309257507,45.55,C,0.0,0.0,0.0,False
nuscenes_mini,9a0a16d628ae41d1ab25c9cdfc66d6a1,bus,0.8709677457809448,10.49,A,0.5777,0.0864,0.49129999999999996,True
nuscenes_mini,9a0a16d628ae41d1ab25c9cdfc66d6a1,construction_vehicle,0.604938268661499,10.66,A,0.082,0.0864,-0.004400000000000001,False
nuscenes_mini,9a0a16d628ae41d1ab25c9cdfc66d6a1,pedestrian,1.0,13.69,A,0.0,0.0864,-0.0864,False
nuscenes_mini,9a0a16d628ae41d1ab25c9cdfc66d6a1,car,0.6521739363670349,42.67,C,0.0015,0.0,0.0015,False
nuscenes_mini,9a0a16d628ae41d1ab25c9cdfc66d6a1,car,0.7344398498535156,44.25,C,0.0,0.0,0.0,False
nuscenes_mini,9a0a16d628ae41d1ab25c9cdfc66d6a1,car,0.6604774594306946,43.74,C,0.0004,0.0,0.0004,False
nuscenes_mini,9a0a16d628ae41d1ab25c9cdfc66d6a1,car,0.8552036285400391,28.5,B,0.0241,0.0027,0.0214,False
nuscenes_mini,9a0a16d628ae41d1ab25c9cdfc66d6a1,construction_vehicle,0.6717948913574219,9.74,A,0.12,0.1481,-0.028100000000000014,False
nuscenes_mini,9a0a16d628ae41d1ab25c9cdfc66d6a1,construction_vehicle,0.8241757750511169,11.19,A,0.1098,0.0864,0.02339999999999999,False
nuscenes_mini,9a0a16d628ae41d1ab25c9cdfc66d6a1,pedestrian,1.0,5.85,A,0.963,0.1481,0.8149,True
nuscenes_mini,9a0a16d628ae41d1ab25c9cdfc66d6a1,car,0.8987342119216919,32.63,C,0.0,0.0,0.0,False
nuscenes_mini,9a0a16d628ae41d1ab25c9cdfc66d6a1,car,0.8128654956817627,42.53,C,0.0,0.0,0.0,False
nuscenes_mini,9a0a16d628ae41d1ab25c9cdfc66d6a1,car,0.9179486632347108,25.3,B,0.0078,0.0027,0.0050999999999999995,False
nuscenes_mini,9a0a16d628ae41d1ab25c9cdfc66d6a1,car,0.7538461089134216,43.79,C,0.0,0.0,0.0,False
nuscenes_mini,9a0a16d628ae41d1ab25c9cdfc66d6a1,construction_vehicle,0.7730495929718018,10.94,A,0.0919,0.0864,0.005499999999999991,False
nuscenes_mini,9a0a16d628ae41d1ab25c9cdfc66d6a1,bus,0.7064220309257507,4.93,A,0.4331,0.1769,0.2562,True
nuscenes_mini,521cde13efcc4f7cb5f93db99cce30f4,car,0.8439024686813354,41.36,C,0.0012,0.0,0.0012,False
nuscenes_mini,521cde13efcc4f7cb5f93db99cce30f4,car,0.8632478713989258,27.43,B,0.0098,0.0027,0.0070999999999999995,False
nuscenes_mini,521cde13efcc4f7cb5f93db99cce30f4,construction_vehicle,0.6952381134033203,7.74,A,0.138,0.1481,-0.010099999999999998,False
nuscenes_mini,521cde13efcc4f7cb5f93db99cce30f4,car,0.8987342119216919,29.33,B,0.0119,0.0027,0.0092,False
nuscenes_mini,521cde13efcc4f7cb5f93db99cce30f4,car,0.6717948913574219,49.83,C,0.0,0.0,0.0,False
nuscenes_mini,521cde13efcc4f7cb5f93db99cce30f4,car,0.8947368264198303,32.0,C,0.0,0.0,0.0,False
nuscenes_mini,521cde13efcc4f7cb5f93db99cce30f4,car,0.7852349281311035,47.11,C,0.0,0.0,0.0,False
nuscenes_mini,521cde13efcc4f7cb5f93db99cce30f4,construction_vehicle,0.7500000596046448,9.96,A,0.1306,0.1481,-0.017500000000000016,False
nuscenes_mini,521cde13efcc4f7cb5f93db99cce30f4,bus,0.8947368264198303,4.59,A,0.5763,0.1769,0.39940000000000003,True
nuscenes_mini,96d915e8b7e44bacba3c78e76a924e5c,truck,0.7104072570800781,24.29,B,0.0082,0.0156,-0.007399999999999999,False
nuscenes_mini,96d915e8b7e44bacba3c78e76a924e5c,car,0.7264957427978516,18.33,B,0.0303,0.039599999999999996,-0.009299999999999996,False
nuscenes_mini,96d915e8b7e44bacba3c78e76a924e5c,car,0.7887788414955139,15.43,B,0.2079,0.039599999999999996,0.1683,True
nuscenes_mini,96d915e8b7e44bacba3c78e76a924e5c,car,0.8750000596046448,33.03,C,0.002,0.0,0.002,False
nuscenes_mini,96d915e8b7e44bacba3c78e76a924e5c,car,0.8904109597206116,32.26,C,0.0,0.0,0.0,False
nuscenes_mini,96d915e8b7e44bacba3c78e76a924e5c,construction_vehicle,0.7770034670829773,5.63,A,0.1788,0.1481,0.030699999999999977,False
nuscenes_mini,96d915e8b7e44bacba3c78e76a924e5c,construction_vehicle,0.6878048777580261,10.49,A,0.0965,0.0864,0.010099999999999998,False
nuscenes_mini,96d915e8b7e44bacba3c78e76a924e5c,pedestrian,1.0,4.14,A,0.6667,0.1769,0.48979999999999996,True
nuscenes_mini,96d915e8b7e44bacba3c78e76a924e5c,bus,0.9139785170555116,5.02,A,0.4038,0.1481,0.2557,True
nuscenes_mini,e426ccb3e7874894b16e06774ae5ec42,truck,0.5345454812049866,52.26,C,0.0,0.0,0.0,False
nuscenes_mini,e426ccb3e7874894b16e06774ae5ec42,car,0.92592591047287,22.7,B,0.0853,0.0156,0.0697,True
nuscenes_mini,e426ccb3e7874894b16e06774ae5ec42,car,0.92592591047287,22.68,B,0.0536,0.0156,0.038000000000000006,False
nuscenes_mini,e426ccb3e7874894b16e06774ae5ec42,car,0.8987342119216919,39.95,C,0.0,0.0,0.0,False
nuscenes_mini,e426ccb3e7874894b16e06774ae5ec42,car,0.9101123809814452,24.37,B,0.0,0.0156,-0.0156,False
nuscenes_mini,e426ccb3e7874894b16e06774ae5ec42,truck,0.719298243522644,22.08,B,0.0004,0.0156,-0.0152,False
nuscenes_mini,e426ccb3e7874894b16e06774ae5ec42,car,0.941605806350708,16.33,B,0.0823,0.039599999999999996,0.0427,False
nuscenes_mini,e426ccb3e7874894b16e06774ae5ec42,car,0.9024390578269958,29.2,B,0.0423,0.0027,0.039599999999999996,False
nuscenes_mini,e426ccb3e7874894b16e06774ae5ec42,car,0.8476190567016602,41.82,C,0.0,0.0,0.0,False
nuscenes_mini,e426ccb3e7874894b16e06774ae5ec42,car,0.8904109597206116,33.07,C,0.0008,0.0,0.0008,False
nuscenes_mini,e426ccb3e7874894b16e06774ae5ec42,car,0.8787879347801208,37.29,C,0.0,0.0,0.0,False
nuscenes_mini,e426ccb3e7874894b16e06774ae5ec42,pedestrian,1.0,41.14,C,0.0,0.0,0.0,False
nuscenes_mini,e426ccb3e7874894b16e06774ae5ec42,car,0.5897435545921326,28.0,B,0.0,0.0027,-0.0027,False
nuscenes_mini,e426ccb3e7874894b16e06774ae5ec42,car,0.8632478713989258,23.8,B,0.0,0.0156,-0.0156,False
nuscenes_mini,e426ccb3e7874894b16e06774ae5ec42,car,0.7852349281311035,26.68,B,0.0,0.0027,-0.0027,False
nuscenes_mini,e426ccb3e7874894b16e06774ae5ec42,car,0.8987342119216919,40.25,C,0.0,0.0,0.0,False
nuscenes_mini,e426ccb3e7874894b16e06774ae5ec42,truck,0.7229437232017517,5.53,A,0.1715,0.1481,0.023400000000000004,False
nuscenes_mini,e426ccb3e7874894b16e06774ae5ec42,car,0.8358974456787109,12.91,A,0.2868,0.0864,0.2004,True
nuscenes_mini,e426ccb3e7874894b16e06774ae5ec42,car,0.8012422323226929,13.23,A,0.0067,0.0864,-0.07970000000000001,False
nuscenes_mini,e426ccb3e7874894b16e06774ae5ec42,car,0.8324607610702515,14.54,A,0.1582,0.0864,0.0718,True
nuscenes_mini,e426ccb3e7874894b16e06774ae5ec42,bus,0.9101123809814452,6.61,A,0.2295,0.1481,0.0814,True
nuscenes_mini,c5a8f6d7a0fe4858b318aeac2524098f,car,0.8672199249267578,43.43,C,0.0,0.0,0.0,False
nuscenes_mini,c5a8f6d7a0fe4858b318aeac2524098f,car,0.9139785170555116,22.06,B,0.0413,0.0156,0.025700000000000004,False
nuscenes_mini,c5a8f6d7a0fe4858b318aeac2524098f,car,0.9179486632347108,35.75,C,0.0026,0.0,0.0026,False
nuscenes_mini,c5a8f6d7a0fe4858b318aeac2524098f,car,0.8632478713989258,20.64,B,0.0211,0.0156,0.005500000000000001,False
nuscenes_mini,c5a8f6d7a0fe4858b318aeac2524098f,car,0.5631399154663086,51.76,C,0.0,0.0,0.0,False
nuscenes_mini,c5a8f6d7a0fe4858b318aeac2524098f,car,0.9298245906829834,15.58,B,0.0195,0.039599999999999996,-0.020099999999999996,False
nuscenes_mini,c5a8f6d7a0fe4858b318aeac2524098f,car,0.6908212304115295,44.77,C,0.0,0.0,0.0,False
nuscenes_mini,c5a8f6d7a0fe4858b318aeac2524098f,car,0.921951174736023,25.35,B,0.0227,0.0027,0.02,False
nuscenes_mini,c5a8f6d7a0fe4858b318aeac2524098f,car,0.8241757750511169,27.83,B,0.0097,0.0027,0.007,False
nuscenes_mini,c5a8f6d7a0fe4858b318aeac2524098f,truck,0.604938268661499,26.22,B,0.0377,0.0027,0.034999999999999996,False
nuscenes_mini,c5a8f6d7a0fe4858b318aeac2524098f,car,0.8128654956817627,41.57,C,0.0,0.0,0.0,False
nuscenes_mini,c5a8f6d7a0fe4858b318aeac2524098f,car,0.8632478713989258,33.95,C,0.0,0.0,0.0,False
nuscenes_mini,c5a8f6d7a0fe4858b318aeac2524098f,bus,0.9649122953414916,12.72,A,0.0745,0.0864,-0.011900000000000008,False
nuscenes_mini,c5a8f6d7a0fe4858b318aeac2524098f,truck,0.7344398498535156,8.97,A,0.0223,0.1481,-0.12580000000000002,False
nuscenes_mini,c5a8f6d7a0fe4858b318aeac2524098f,pedestrian,1.0,33.64,C,0.0,0.0,0.0,False
nuscenes_mini,c5a8f6d7a0fe4858b318aeac2524098f,pedestrian,1.0,13.24,A,0.0208,0.0864,-0.0656,False
nuscenes_mini,c5a8f6d7a0fe4858b318aeac2524098f,car,0.8827838897705078,21.99,B,0.0,0.0156,-0.0156,False
nuscenes_mini,c5a8f6d7a0fe4858b318aeac2524098f,car,0.9064327478408812,21.02,B,0.0,0.0156,-0.0156,False
nuscenes_mini,c5a8f6d7a0fe4858b318aeac2524098f,car,0.7730495929718018,28.55,B,0.0,0.0027,-0.0027,False
nuscenes_mini,c5a8f6d7a0fe4858b318aeac2524098f,car,0.9064327478408812,41.9,C,0.0,0.0,0.0,False
nuscenes_mini,c5a8f6d7a0fe4858b318aeac2524098f,car,0.8552036285400391,26.52,B,0.0,0.0027,-0.0027,False
nuscenes_mini,c5a8f6d7a0fe4858b318aeac2524098f,car,0.8865247964859009,23.38,B,0.0,0.0156,-0.0156,False
nuscenes_mini,c5a8f6d7a0fe4858b318aeac2524098f,construction_vehicle,0.6483516097068787,7.66,A,0.0732,0.1481,-0.07490000000000001,False
nuscenes_mini,c5a8f6d7a0fe4858b318aeac2524098f,car,0.6831682920455933,18.34,B,0.0532,0.039599999999999996,0.013600000000000001,False
nuscenes_mini,c5a8f6d7a0fe4858b318aeac2524098f,car,0.5540069937705994,34.12,C,0.0,0.0,0.0,False
nuscenes_mini,c5a8f6d7a0fe4858b318aeac2524098f,car,0.7887788414955139,15.34,B,0.1224,0.039599999999999996,0.0828,True
nuscenes_mini,c5a8f6d7a0fe4858b318aeac2524098f,car,0.8827838897705078,14.53,A,0.0415,0.0864,-0.0449,False
nuscenes_mini,c5a8f6d7a0fe4858b318aeac2524098f,car,0.7815700173377991,33.98,C,0.0002,0.0,0.0002,False
nuscenes_mini,c5a8f6d7a0fe4858b318aeac2524098f,car,0.7928802371025085,13.73,A,0.1657,0.0864,0.07929999999999998,True
nuscenes_mini,c5a8f6d7a0fe4858b318aeac2524098f,car,0.8632478713989258,14.26,A,0.1518,0.0864,0.06539999999999999,True
nuscenes_mini,c5a8f6d7a0fe4858b318aeac2524098f,car,0.6404494643211365,31.09,C,0.0,0.0,0.0,False
nuscenes_mini,c5a8f6d7a0fe4858b318aeac2524098f,car,0.6559139490127563,40.51,C,0.0,0.0,0.0,False
nuscenes_mini,ed1eee39e3dd4c30a3d932e3ceaa92c2,car,0.7387754917144775,47.36,C,0.0,0.0,0.0,False
nuscenes_mini,ed1eee39e3dd4c30a3d932e3ceaa92c2,car,0.8709677457809448,26.42,B,0.0043,0.0027,0.0015999999999999999,False
nuscenes_mini,ed1eee39e3dd4c30a3d932e3ceaa92c2,car,0.6483516097068787,39.34,C,0.0097,0.0,0.0097,False
nuscenes_mini,ed1eee39e3dd4c30a3d932e3ceaa92c2,truck,0.6213017702102661,18.52,B,0.0117,0.039599999999999996,-0.027899999999999994,False
nuscenes_mini,ed1eee39e3dd4c30a3d932e3ceaa92c2,car,0.7620818018913269,41.32,C,0.006,0.0,0.006,False
nuscenes_mini,ed1eee39e3dd4c30a3d932e3ceaa92c2,truck,0.5428571701049805,51.41,C,0.0,0.0,0.0,False
nuscenes_mini,ed1eee39e3dd4c30a3d932e3ceaa92c2,pedestrian,1.0,18.09,B,0.0208,0.039599999999999996,-0.018799999999999997,False
nuscenes_mini,ed1eee39e3dd4c30a3d932e3ceaa92c2,pedestrian,1.0,34.22,C,0.0,0.0,0.0,False
nuscenes_mini,ed1eee39e3dd4c30a3d932e3ceaa92c2,car,0.6332378387451172,21.51,B,0.0024,0.0156,-0.0132,False
nuscenes_mini,ed1eee39e3dd4c30a3d932e3ceaa92c2,car,0.6332378387451172,26.86,B,0.0171,0.0027,0.0144,False
nuscenes_mini,ed1eee39e3dd4c30a3d932e3ceaa92c2,car,0.859649121761322,29.18,B,0.0,0.0027,-0.0027,False
nuscenes_mini,ed1eee39e3dd4c30a3d932e3ceaa92c2,car,0.8083832263946533,45.71,C,0.0,0.0,0.0,False
nuscenes_mini,ed1eee39e3dd4c30a3d932e3ceaa92c2,bus,0.949367105960846,17.22,B,0.0159,0.039599999999999996,-0.023699999999999995,False
nuscenes_mini,ed1eee39e3dd4c30a3d932e3ceaa92c2,construction_vehicle,0.6640419960021973,13.13,A,0.095,0.0864,0.008599999999999997,False
nuscenes_mini,ed1eee39e3dd4c30a3d932e3ceaa92c2,pedestrian,1.0,43.42,C,0.0,0.0,0.0,False
nuscenes_mini,ed1eee39e3dd4c30a3d932e3ceaa92c2,car,0.7575758099555969,27.86,B,0.0,0.0027,-0.0027,False
nuscenes_mini,ed1eee39e3dd4c30a3d932e3ceaa92c2,car,0.7928802371025085,26.05,B,0.0,0.0027,-0.0027,False
nuscenes_mini,ed1eee39e3dd4c30a3d932e3ceaa92c2,car,0.7500000596046448,23.42,B,0.0,0.0156,-0.0156,False
nuscenes_mini,ed1eee39e3dd4c30a3d932e3ceaa92c2,car,0.8012422323226929,21.58,B,0.0,0.0156,-0.0156,False
nuscenes_mini,ed1eee39e3dd4c30a3d932e3ceaa92c2,car,0.7730495929718018,19.72,B,0.0,0.039599999999999996,-0.039599999999999996,False
nuscenes_mini,ed1eee39e3dd4c30a3d932e3ceaa92c2,truck,0.5775577425956726,18.89,B,0.005,0.039599999999999996,-0.0346,False
nuscenes_mini,ed1eee39e3dd4c30a3d932e3ceaa92c2,car,0.8865247964859009,15.02,B,0.1582,0.039599999999999996,0.11860000000000001,True
nuscenes_mini,ed1eee39e3dd4c30a3d932e3ceaa92c2,car,0.8324607610702515,15.46,B,0.1238,0.039599999999999996,0.0842,True
nuscenes_mini,ed1eee39e3dd4c30a3d932e3ceaa92c2,car,0.8324607610702515,14.09,A,0.1173,0.0864,0.030899999999999997,False
nuscenes_mini,ed1eee39e3dd4c30a3d932e3ceaa92c2,car,0.8787879347801208,24.65,B,0.0062,0.0156,-0.009399999999999999,False
nuscenes_mini,ed1eee39e3dd4c30a3d932e3ceaa92c2,car,0.7697842121124268,45.33,C,0.0,0.0,0.0,False
nuscenes_mini,ed1eee39e3dd4c30a3d932e3ceaa92c2,car,0.5151515007019043,30.13,C,0.0,0.0,0.0,False
nuscenes_mini,ed1eee39e3dd4c30a3d932e3ceaa92c2,car,0.8012422323226929,17.11,B,0.0311,0.039599999999999996,-0.008499999999999997,False
nuscenes_mini,728e3e32df3c413389cb7e233de96ac4,car,0.9101123809814452,23.08,B,0.0,0.0156,-0.0156,False
nuscenes_mini,728e3e32df3c413389cb7e233de96ac4,car,0.6483516097068787,37.29,C,0.0032,0.0,0.0032,False
nuscenes_mini,728e3e32df3c413389cb7e233de96ac4,car,0.7575758099555969,48.46,C,0.0,0.0,0.0,False
nuscenes_mini,728e3e32df3c413389cb7e233de96ac4,truck,0.5631399154663086,46.55,C,0.0011,0.0,0.0011,False
nuscenes_mini,728e3e32df3c413389cb7e233de96ac4,pedestrian,1.0,21.63,B,0.0139,0.0156,-0.0017000000000000001,False
nuscenes_mini,728e3e32df3c413389cb7e233de96ac4,car,0.6246334314346313,30.32,C,0.0099,0.0,0.0099,False
nuscenes_mini,728e3e32df3c413389cb7e233de96ac4,car,0.8552036285400391,35.86,C,0.0,0.0,0.0,False
nuscenes_mini,728e3e32df3c413389cb7e233de96ac4,car,0.8128654956817627,49.98,C,0.0,0.0,0.0,False
nuscenes_mini,728e3e32df3c413389cb7e233de96ac4,bus,0.9569892287254332,21.4,B,0.0076,0.0156,-0.008,False
nuscenes_mini,728e3e32df3c413389cb7e233de96ac4,construction_vehicle,0.7419355511665344,15.19,B,0.0951,0.039599999999999996,0.05550000000000001,True
nuscenes_mini,728e3e32df3c413389cb7e233de96ac4,construction_vehicle,0.5241636037826538,24.84,B,0.0348,0.0156,0.0192,False
nuscenes_mini,728e3e32df3c413389cb7e233de96ac4,pedestrian,1.0,40.58,C,0.0,0.0,0.0,False
nuscenes_mini,728e3e32df3c413389cb7e233de96ac4,car,0.8160918951034546,18.99,B,0.0656,0.039599999999999996,0.02600000000000001,False
nuscenes_mini,728e3e32df3c413389cb7e233de96ac4,car,0.6604774594306946,29.79,B,0.0,0.0027,-0.0027,False
nuscenes_mini,728e3e32df3c413389cb7e233de96ac4,car,0.8439024686813354,22.87,B,0.0,0.0156,-0.0156,False
nuscenes_mini,728e3e32df3c413389cb7e233de96ac4,car,0.719298243522644,19.71,B,0.0151,0.039599999999999996,-0.024499999999999994,False
nuscenes_mini,728e3e32df3c413389cb7e233de96ac4,car,0.8241757750511169,17.42,B,0.0676,0.039599999999999996,0.027999999999999997,False
nuscenes_mini,728e3e32df3c413389cb7e233de96ac4,car,0.604938268661499,40.28,C,0.0,0.0,0.0,False
nuscenes_mini,728e3e32df3c413389cb7e233de96ac4,car,0.7928802371025085,17.8,B,0.1399,0.039599999999999996,0.1003,True
nuscenes_mini,728e3e32df3c413389cb7e233de96ac4,car,0.7655677795410156,47.08,C,0.0,0.0,0.0,False
nuscenes_mini,728e3e32df3c413389cb7e233de96ac4,car,0.8787879347801208,16.42,B,0.0623,0.039599999999999996,0.022700000000000005,False
nuscenes_mini,728e3e32df3c413389cb7e233de96ac4,car,0.8012422323226929,23.5,B,0.0255,0.0156,0.009899999999999999,False
nuscenes_mini,728e3e32df3c413389cb7e233de96ac4,car,0.5816993117332458,48.63,C,0.0,0.0,0.0,False
nuscenes_mini,728e3e32df3c413389cb7e233de96ac4,car,0.8048780560493469,17.88,B,0.0643,0.039599999999999996,0.0247,False
nuscenes_mini,728e3e32df3c413389cb7e233de96ac4,car,0.7419355511665344,46.58,C,0.0,0.0,0.0,False
nuscenes_mini,728e3e32df3c413389cb7e233de96ac4,car,0.5540069937705994,28.05,B,0.0306,0.0027,0.027899999999999998,False
nuscenes_mini,728e3e32df3c413389cb7e233de96ac4,car,0.675126850605011,27.87,B,0.0,0.0027,-0.0027,False
nuscenes_mini,9c56003504024697a5c8d1cb9355a335,car,0.7299578189849854,45.28,C,0.0,0.0,0.0,False
nuscenes_mini,9c56003504024697a5c8d1cb9355a335,car,0.9298245906829834,16.45,B,0.0454,0.039599999999999996,0.0058000000000000065,False
nuscenes_mini,9c56003504024697a5c8d1cb9355a335,car,0.518796980381012,34.7,C,0.0,0.0,0.0,False
nuscenes_mini,9c56003504024697a5c8d1cb9355a335,car,0.7229437232017517,46.16,C,0.008,0.0,0.008,False
nuscenes_mini,9c56003504024697a5c8d1cb9355a335,truck,0.7264957427978516,51.09,C,0.0022,0.0,0.0022,False
nuscenes_mini,9c56003504024697a5c8d1cb9355a335,pedestrian,1.0,21.37,B,0.0,0.0156,-0.0156,False
nuscenes_mini,9c56003504024697a5c8d1cb9355a335,pedestrian,1.0,26.65,B,0.0,0.0027,-0.0027,False
nuscenes_mini,9c56003504024697a5c8d1cb9355a335,car,0.5345454812049866,32.94,C,0.0,0.0,0.0,False
nuscenes_mini,9c56003504024697a5c8d1cb9355a335,car,0.7264957427978516,23.06,B,0.0489,0.0156,0.033299999999999996,False
nuscenes_mini,9c56003504024697a5c8d1cb9355a335,car,0.8672199249267578,34.15,C,0.0,0.0,0.0,False
nuscenes_mini,9c56003504024697a5c8d1cb9355a335,car,0.6289855241775513,36.28,C,0.0014,0.0,0.0014,False
nuscenes_mini,9c56003504024697a5c8d1cb9355a335,bus,0.941605806350708,25.39,B,0.0068,0.0027,0.0040999999999999995,False
nuscenes_mini,9c56003504024697a5c8d1cb9355a335,construction_vehicle,0.7104072570800781,20.25,B,0.0422,0.0156,0.026600000000000002,False
nuscenes_mini,9c56003504024697a5c8d1cb9355a335,construction_vehicle,0.5151515007019043,28.64,B,0.0022,0.0027,-0.0005,False
nuscenes_mini,9c56003504024697a5c8d1cb9355a335,car,0.8160918951034546,19.4,B,0.0626,0.039599999999999996,0.023000000000000007,False
nuscenes_mini,9c56003504024697a5c8d1cb9355a335,car,0.518796980381012,20.86,B,0.0101,0.0156,-0.0055,False
nuscenes_mini,9c56003504024697a5c8d1cb9355a335,car,0.6521739363670349,31.59,C,0.0,0.0,0.0,False
nuscenes_mini,9c56003504024697a5c8d1cb9355a335,car,0.8552036285400391,24.3,B,0.0,0.0156,-0.0156,False
nuscenes_mini,9c56003504024697a5c8d1cb9355a335,car,0.7968254089355469,24.81,B,0.0097,0.0156,-0.005899999999999999,False
nuscenes_mini,9c56003504024697a5c8d1cb9355a335,car,0.7538461089134216,20.06,B,0.1106,0.0156,0.095,True
nuscenes_mini,9c56003504024697a5c8d1cb9355a335,car,0.8518518805503845,18.5,B,0.0728,0.039599999999999996,0.03320000000000001,False
nuscenes_mini,9c56003504024697a5c8d1cb9355a335,car,0.7770034670829773,49.25,C,0.0,0.0,0.0,False
nuscenes_mini,9c56003504024697a5c8d1cb9355a335,car,0.7815700173377991,40.1,C,0.0,0.0,0.0,False
nuscenes_mini,9c56003504024697a5c8d1cb9355a335,car,0.5276752710342407,29.29,B,0.0097,0.0027,0.007,False
nuscenes_mini,9c56003504024697a5c8d1cb9355a335,car,0.7770034670829773,49.49,C,0.0,0.0,0.0,False
nuscenes_mini,9c56003504024697a5c8d1cb9355a335,car,0.6246334314346313,41.39,C,0.0,0.0,0.0,False
nuscenes_mini,9c56003504024697a5c8d1cb9355a335,truck,0.6640419960021973,36.32,C,0.0,0.0,0.0,False
nuscenes_mini,9c56003504024697a5c8d1cb9355a335,truck,0.6640419960021973,56.12,C,0.0,0.0,0.0,False
nuscenes_mini,35833ae5808e4ef186d1fdebac3d9cf6,car,0.7770034670829773,42.87,C,0.0,0.0,0.0,False
nuscenes_mini,35833ae5808e4ef186d1fdebac3d9cf6,car,0.9336099624633788,9.43,A,0.0766,0.1481,-0.07150000000000001,False
nuscenes_mini,35833ae5808e4ef186d1fdebac3d9cf6,car,0.8947368264198303,9.23,A,0.0097,0.1481,-0.13840000000000002,False
nuscenes_mini,35833ae5808e4ef186d1fdebac3d9cf6,car,0.675126850605011,43.7,C,0.0157,0.0,0.0157,False
nuscenes_mini,35833ae5808e4ef186d1fdebac3d9cf6,trailer,0.6167664527893066,53.73,C,0.0199,0.0,0.0199,False
nuscenes_mini,35833ae5808e4ef186d1fdebac3d9cf6,pedestrian,1.0,25.06,B,0.0,0.0027,-0.0027,False
nuscenes_mini,35833ae5808e4ef186d1fdebac3d9cf6,pedestrian,1.0,30.54,C,0.0667,0.0,0.0667,True
nuscenes_mini,35833ae5808e4ef186d1fdebac3d9cf6,car,0.5897435545921326,46.79,C,0.0,0.0,0.0,False
nuscenes_mini,35833ae5808e4ef186d1fdebac3d9cf6,car,0.8128654956817627,23.19,B,0.0882,0.0156,0.0726,True
nuscenes_mini,35833ae5808e4ef186d1fdebac3d9cf6,car,0.7419355511665344,22.92,B,0.0266,0.0156,0.011,False
nuscenes_mini,35833ae5808e4ef186d1fdebac3d9cf6,car,0.8632478713989258,33.86,C,0.0,0.0,0.0,False
nuscenes_mini,35833ae5808e4ef186d1fdebac3d9cf6,bus,0.941605806350708,29.32,B,0.0008,0.0027,-0.0019000000000000002,False
nuscenes_mini,35833ae5808e4ef186d1fdebac3d9cf6,construction_vehicle,0.6363636255264282,25.74,B,0.0168,0.0027,0.014099999999999998,False
nuscenes_mini,35833ae5808e4ef186d1fdebac3d9cf6,car,0.8241757750511169,26.39,B,0.0045,0.0027,0.0017999999999999995,False
nuscenes_mini,35833ae5808e4ef186d1fdebac3d9cf6,car,0.7852349281311035,34.68,C,0.0,0.0,0.0,False
nuscenes_mini,35833ae5808e4ef186d1fdebac3d9cf6,car,0.7968254089355469,21.32,B,0.0185,0.0156,0.0029,False
nuscenes_mini,35833ae5808e4ef186d1fdebac3d9cf6,pedestrian,1.0,44.83,C,0.0,0.0,0.0,False
nuscenes_mini,35833ae5808e4ef186d1fdebac3d9cf6,car,0.5038759708404541,52.41,C,0.0,0.0,0.0,False
nuscenes_mini,35833ae5808e4ef186d1fdebac3d9cf6,car,0.7460317611694336,42.33,C,0.0,0.0,0.0,False
nuscenes_mini,35833ae5808e4ef186d1fdebac3d9cf6,car,0.5395683646202087,48.6,C,0.0,0.0,0.0,False
nuscenes_mini,35833ae5808e4ef186d1fdebac3d9cf6,car,0.7538461089134216,21.44,B,0.1293,0.0156,0.1137,True
nuscenes_mini,35833ae5808e4ef186d1fdebac3d9cf6,car,0.7730495929718018,51.43,C,0.0,0.0,0.0,False
nuscenes_mini,35833ae5808e4ef186d1fdebac3d9cf6,car,0.5428571701049805,28.93,B,0.009,0.0027,0.006299999999999999,False
nuscenes_mini,35833ae5808e4ef186d1fdebac3d9cf6,car,0.6097560524940491,51.31,C,0.0,0.0,0.0,False
nuscenes_mini,35833ae5808e4ef186d1fdebac3d9cf6,car,0.5345454812049866,52.34,C,0.0,0.0,0.0,False
nuscenes_mini,35833ae5808e4ef186d1fdebac3d9cf6,car,0.604938268661499,35.37,C,0.0201,0.0,0.0201,False
nuscenes_mini,35833ae5808e4ef186d1fdebac3d9cf6,truck,0.6444444060325623,40.69,C,0.0,0.0,0.0,False
nuscenes_mini,cd9964f8c3d34383b16e9c2997de1ed0,construction_vehicle,0.7538461089134216,13.72,A,0.1781,0.0864,0.0917,True
nuscenes_mini,cd9964f8c3d34383b16e9c2997de1ed0,car,0.92592591047287,18.07,B,0.0058,0.039599999999999996,-0.0338,False
nuscenes_mini,cd9964f8c3d34383b16e9c2997de1ed0,car,0.9532163739204408,11.25,A,0.0435,0.0864,-0.04290000000000001,False
nuscenes_mini,cd9964f8c3d34383b16e9c2997de1ed0,car,0.7142857313156128,20.62,B,0.0,0.0156,-0.0156,False
nuscenes_mini,cd9964f8c3d34383b16e9c2997de1ed0,truck,0.7229437232017517,27.72,B,0.0004,0.0027,-0.0023,False
nuscenes_mini,cd9964f8c3d34383b16e9c2997de1ed0,car,0.941605806350708,18.03,B,0.0126,0.039599999999999996,-0.026999999999999996,False
nuscenes_mini,cd9964f8c3d34383b16e9c2997de1ed0,car,0.8672199249267578,31.43,C,0.0,0.0,0.0,False
nuscenes_mini,cd9964f8c3d34383b16e9c2997de1ed0,car,0.9336099624633788,27.96,B,0.0124,0.0027,0.0097,False
nuscenes_mini,9ab95de13c2d432ebb678ebb5da1ac5e,construction_vehicle,0.8552036285400391,13.64,A,0.1895,0.0864,0.1031,True
nuscenes_mini,9ab95de13c2d432ebb678ebb5da1ac5e,construction_vehicle,0.5747508406639099,11.99,A,0.248,0.0864,0.1616,True
nuscenes_mini,9ab95de13c2d432ebb678ebb5da1ac5e,pedestrian,1.0,4.63,A,0.5,0.1769,0.3231,True
nuscenes_mini,9ab95de13c2d432ebb678ebb5da1ac5e,car,0.9609756469726562,20.65,B,0.0033,0.0156,-0.012299999999999998,False
nuscenes_mini,9ab95de13c2d432ebb678ebb5da1ac5e,car,0.9609756469726562,11.19,A,0.0436,0.0864,-0.042800000000000005,False
nuscenes_mini,9ab95de13c2d432ebb678ebb5da1ac5e,car,0.9452055096626282,29.74,B,0.0331,0.0027,0.030399999999999996,False
nuscenes_mini,9ab95de13c2d432ebb678ebb5da1ac5e,truck,0.8324607610702515,26.35,B,0.0004,0.0027,-0.0023,False
nuscenes_mini,9ab95de13c2d432ebb678ebb5da1ac5e,car,0.9179486632347108,13.61,A,0.0564,0.0864,-0.030000000000000006,False
nuscenes_mini,4a61e56dd1ee4c159cc595b52aa2a254,construction_vehicle,0.6908212304115295,9.77,A,0.4052,0.1481,0.2571,True
nuscenes_mini,4a61e56dd1ee4c159cc595b52aa2a254,construction_vehicle,0.8827838897705078,10.17,A,0.3905,0.0864,0.30410000000000004,True
nuscenes_mini,4a61e56dd1ee4c159cc595b52aa2a254,car,0.9532163739204408,11.34,A,0.0352,0.0864,-0.0512,False
nuscenes_mini,4a61e56dd1ee4c159cc595b52aa2a254,car,0.9298245906829834,31.63,C,0.0212,0.0,0.0212,False
nuscenes_mini,4a61e56dd1ee4c159cc595b52aa2a254,truck,0.7104072570800781,22.1,B,0.0066,0.0156,-0.009,False
nuscenes_mini,4a61e56dd1ee4c159cc595b52aa2a254,truck,0.604938268661499,24.41,B,0.0,0.0156,-0.0156,False
nuscenes_mini,8c0372d87281421aba897bec0084d0da,construction_vehicle,0.9139785170555116,8.03,A,0.6937,0.1481,0.5456,True
nuscenes_mini,8c0372d87281421aba897bec0084d0da,pedestrian,1.0,6.23,A,0.3214,0.1481,0.1733,True
nuscenes_mini,8c0372d87281421aba897bec0084d0da,pedestrian,1.0,13.34,A,0.0,0.0864,-0.0864,False
nuscenes_mini,8c0372d87281421aba897bec0084d0da,car,0.9569892287254332,10.95,A,0.0348,0.0864,-0.05160000000000001,False
nuscenes_mini,8c0372d87281421aba897bec0084d0da,car,0.9298245906829834,33.69,C,0.0,0.0,0.0,False
nuscenes_mini,8c0372d87281421aba897bec0084d0da,car,0.941605806350708,24.53,B,0.0038,0.0156,-0.0118,False
nuscenes_mini,8c0372d87281421aba897bec0084d0da,truck,0.6683937907218933,25.18,B,0.0,0.0027,-0.0027,False
nuscenes_mini,ebce5a3b3484446580028d6538e69a81,car,0.92592591047287,51.19,C,0.0,0.0,0.0,False
nuscenes_mini,ebce5a3b3484446580028d6538e69a81,bus,0.5151515007019043,38.05,C,0.0002,0.0,0.0002,False
nuscenes_mini,ebce5a3b3484446580028d6538e69a81,construction_vehicle,0.8787879347801208,6.87,A,0.8854,0.1481,0.7373,True
nuscenes_mini,ebce5a3b3484446580028d6538e69a81,pedestrian,1.0,6.75,A,0.1667,0.1481,0.018599999999999978,False
nuscenes_mini,ebce5a3b3484446580028d6538e69a81,car,0.9569892287254332,10.55,A,0.0404,0.0864,-0.046000000000000006,False
nuscenes_mini,ebce5a3b3484446580028d6538e69a81,car,0.9298245906829834,35.75,C,0.0084,0.0,0.0084,False
nuscenes_mini,ebce5a3b3484446580028d6538e69a81,car,0.949367105960846,26.56,B,0.0014,0.0027,-0.0013000000000000002,False
nuscenes_mini,ebce5a3b3484446580028d6538e69a81,truck,0.8865247964859009,25.28,B,0.0,0.0027,-0.0027,False
nuscenes_mini,12e1aa58e9d04068a33f37b896b901a3,car,0.9375000596046448,33.54,C,0.0011,0.0,0.0011,False
nuscenes_mini,12e1aa58e9d04068a33f37b896b901a3,bus,0.8476190567016602,35.94,C,0.0002,0.0,0.0002,False
nuscenes_mini,12e1aa58e9d04068a33f37b896b901a3,construction_vehicle,0.8904109597206116,6.06,A,0.9267,0.1481,0.7786,True
nuscenes_mini,12e1aa58e9d04068a33f37b896b901a3,car,0.9569892287254332,10.48,A,0.0243,0.0864,-0.0621,False
nuscenes_mini,12e1aa58e9d04068a33f37b896b901a3,car,0.921951174736023,37.85,C,0.0031,0.0,0.0031,False
nuscenes_mini,12e1aa58e9d04068a33f37b896b901a3,car,0.941605806350708,28.33,B,0.0009,0.0027,-0.0018000000000000002,False
nuscenes_mini,12e1aa58e9d04068a33f37b896b901a3,truck,0.8552036285400391,24.33,B,0.0,0.0156,-0.0156,False
nuscenes_mini,407969e29bf741f184bf8405af03588e,car,0.9532163739204408,28.55,B,0.0005,0.0027,-0.0022,False
nuscenes_mini,407969e29bf741f184bf8405af03588e,bus,0.8552036285400391,33.63,C,0.001,0.0,0.001,False
nuscenes_mini,407969e29bf741f184bf8405af03588e,construction_vehicle,0.8787879347801208,4.88,A,0.8447,0.1769,0.6678,True
nuscenes_mini,407969e29bf741f184bf8405af03588e,car,0.9609756469726562,10.0,A,0.056,0.0864,-0.030400000000000003,False
nuscenes_mini,407969e29bf741f184bf8405af03588e,car,0.9179486632347108,39.09,C,0.0071,0.0,0.0071,False
nuscenes_mini,407969e29bf741f184bf8405af03588e,car,0.9336099624633788,30.52,C,0.0029,0.0,0.0029,False
nuscenes_mini,407969e29bf741f184bf8405af03588e,bus,0.5311355590820312,22.04,B,0.0017,0.0156,-0.0139,False
nuscenes_mini,f4163d8adea94bcf892e005d5d2937a8,car,0.9532163739204408,28.29,B,0.0124,0.0027,0.0097,False
nuscenes_mini,f4163d8adea94bcf892e005d5d2937a8,bus,0.9375000596046448,31.36,C,0.0048,0.0,0.0048,False
nuscenes_mini,f4163d8adea94bcf892e005d5d2937a8,car,0.9179486632347108,41.32,C,0.0,0.0,0.0,False
nuscenes_mini,f4163d8adea94bcf892e005d5d2937a8,car,0.9569892287254332,9.76,A,0.0277,0.1481,-0.12040000000000001,False
nuscenes_mini,f4163d8adea94bcf892e005d5d2937a8,car,0.9298245906829834,33.15,C,0.0003,0.0,0.0003,False
nuscenes_mini,f4163d8adea94bcf892e005d5d2937a8,truck,0.8632478713989258,22.63,B,0.0,0.0156,-0.0156,False
nuscenes_mini,f4163d8adea94bcf892e005d5d2937a8,construction_vehicle,0.8865247964859009,3.86,A,0.7172,0.1769,0.5403,True
nuscenes_mini,e122a34ec57c4edf8311b40c3f85f863,car,0.9609756469726562,26.39,B,0.0378,0.0027,0.0351,False
nuscenes_mini,e122a34ec57c4edf8311b40c3f85f863,bus,0.9609756469726562,29.89,B,0.02,0.0027,0.0173,False
nuscenes_mini,e122a34ec57c4edf8311b40c3f85f863,car,0.9179486632347108,42.98,C,0.0013,0.0,0.0013,False
nuscenes_mini,e122a34ec57c4edf8311b40c3f85f863,car,0.9609756469726562,9.54,A,0.0379,0.1481,-0.1102,False
nuscenes_mini,e122a34ec57c4edf8311b40c3f85f863,car,0.9179486632347108,33.58,C,0.0007,0.0,0.0007,False
nuscenes_mini,e122a34ec57c4edf8311b40c3f85f863,bus,0.8439024686813354,21.26,B,0.0,0.0156,-0.0156,False
nuscenes_mini,e122a34ec57c4edf8311b40c3f85f863,construction_vehicle,0.9064327478408812,4.21,A,0.5951,0.1769,0.41819999999999996,True
nuscenes_mini,8366b5125ac945f3b93153cfa39f1677,car,0.941605806350708,25.06,B,0.0645,0.0027,0.0618,True
nuscenes_mini,8366b5125ac945f3b93153cfa39f1677,car,0.8947368264198303,43.88,C,0.0001,0.0,0.0001,False
nuscenes_mini,8366b5125ac945f3b93153cfa39f1677,bus,0.9609756469726562,29.22,B,0.0226,0.0027,0.019899999999999998,False
nuscenes_mini,8366b5125ac945f3b93153cfa39f1677,car,0.9064327478408812,44.15,C,0.0007,0.0,0.0007,False
nuscenes_mini,8366b5125ac945f3b93153cfa39f1677,car,0.8709677457809448,35.51,C,0.0,0.0,0.0,False
nuscenes_mini,8366b5125ac945f3b93153cfa39f1677,car,0.9609756469726562,9.13,A,0.027,0.1481,-0.12110000000000001,False
nuscenes_mini,8366b5125ac945f3b93153cfa39f1677,bus,0.8827838897705078,20.01,B,0.0003,0.0156,-0.0153,False
nuscenes_mini,8366b5125ac945f3b93153cfa39f1677,construction_vehicle,0.8865247964859009,4.44,A,0.4671,0.1769,0.2902,True
nuscenes_mini,6b7487db4612438db7d446e2832a9e2e,car,0.8439024686813354,34.99,C,0.0016,0.0,0.0016,False
nuscenes_mini,6b7487db4612438db7d446e2832a9e2e,car,0.9452055096626282,27.73,B,0.0204,0.0027,0.0177,False
nuscenes_mini,6b7487db4612438db7d446e2832a9e2e,bus,0.96875,28.2,B,0.0313,0.0027,0.0286,False
nuscenes_mini,6b7487db4612438db7d446e2832a9e2e,car,0.9139785170555116,45.92,C,0.0,0.0,0.0,False
nuscenes_mini,6b7487db4612438db7d446e2832a9e2e,car,0.9609756469726562,8.81,A,0.0167,0.1481,-0.13140000000000002,False
nuscenes_mini,6b7487db4612438db7d446e2832a9e2e,car,0.9179486632347108,37.18,C,0.0,0.0,0.0,False
nuscenes_mini,6b7487db4612438db7d446e2832a9e2e,construction_vehicle,0.6404494643211365,7.23,A,0.0769,0.1481,-0.07120000000000001,False
nuscenes_mini,6b7487db4612438db7d446e2832a9e2e,construction_vehicle,0.5311355590820312,19.92,B,0.0,0.039599999999999996,-0.039599999999999996,False
nuscenes_mini,0307afa1ec7e48ce90295acabf8cb6dd,car,0.9452055096626282,24.91,B,0.0105,0.0156,-0.005099999999999999,False
nuscenes_mini,0307afa1ec7e48ce90295acabf8cb6dd,bus,0.9609756469726562,28.47,B,0.0168,0.0027,0.014099999999999998,False
nuscenes_mini,0307afa1ec7e48ce90295acabf8cb6dd,car,0.8947368264198303,46.78,C,0.0,0.0,0.0,False
nuscenes_mini,0307afa1ec7e48ce90295acabf8cb6dd,car,0.8904109597206116,39.68,C,0.0,0.0,0.0,False
nuscenes_mini,0307afa1ec7e48ce90295acabf8cb6dd,car,0.9609756469726562,8.64,A,0.0413,0.1481,-0.1068,False
nuscenes_mini,0307afa1ec7e48ce90295acabf8cb6dd,construction_vehicle,0.8128654956817627,7.56,A,0.0789,0.1481,-0.06920000000000001,False
nuscenes_mini,0307afa1ec7e48ce90295acabf8cb6dd,construction_vehicle,0.5276752710342407,18.18,B,0.0,0.039599999999999996,-0.039599999999999996,False
nuscenes_mini,3d9b4a27209e4624b491f48144be21d6,car,0.949367105960846,22.22,B,0.0193,0.0156,0.003700000000000002,False
nuscenes_mini,3d9b4a27209e4624b491f48144be21d6,bus,0.9569892287254332,28.4,B,0.0164,0.0027,0.0137,False
nuscenes_mini,3d9b4a27209e4624b491f48144be21d6,car,0.9101123809814452,32.54,C,0.0217,0.0,0.0217,False
nuscenes_mini,3d9b4a27209e4624b491f48144be21d6,car,0.8904109597206116,38.46,C,0.0,0.0,0.0,False
nuscenes_mini,3d9b4a27209e4624b491f48144be21d6,car,0.9609756469726562,8.15,A,0.0477,0.1481,-0.10040000000000002,False
nuscenes_mini,3d9b4a27209e4624b491f48144be21d6,car,0.8947368264198303,47.22,C,0.0,0.0,0.0,False
nuscenes_mini,3d9b4a27209e4624b491f48144be21d6,truck,0.719298243522644,18.84,B,0.0,0.039599999999999996,-0.039599999999999996,False
nuscenes_mini,3d9b4a27209e4624b491f48144be21d6,construction_vehicle,0.8750000596046448,8.4,A,0.0753,0.1481,-0.0728,False
nuscenes_mini,73eb876167f4419a9a6ec1a601abdcaf,car,0.9452055096626282,24.29,B,0.0706,0.0156,0.05499999999999999,True
nuscenes_mini,73eb876167f4419a9a6ec1a601abdcaf,car,0.96875,19.81,B,0.0742,0.039599999999999996,0.034600000000000006,False
nuscenes_mini,73eb876167f4419a9a6ec1a601abdcaf,bus,0.9649122953414916,28.85,B,0.012,0.0027,0.0093,False
nuscenes_mini,73eb876167f4419a9a6ec1a601abdcaf,car,0.9609756469726562,24.22,B,0.1614,0.0156,0.14579999999999999,True
nuscenes_mini,73eb876167f4419a9a6ec1a601abdcaf,car,0.8787879347801208,37.91,C,0.0,0.0,0.0,False
nuscenes_mini,73eb876167f4419a9a6ec1a601abdcaf,car,0.9609756469726562,7.75,A,0.0923,0.1481,-0.055800000000000016,False
nuscenes_mini,73eb876167f4419a9a6ec1a601abdcaf,car,0.8947368264198303,49.05,C,0.0,0.0,0.0,False
nuscenes_mini,73eb876167f4419a9a6ec1a601abdcaf,bus,0.8083832263946533,18.49,B,0.0,0.039599999999999996,-0.039599999999999996,False
nuscenes_mini,73eb876167f4419a9a6ec1a601abdcaf,construction_vehicle,0.7500000596046448,9.16,A,0.0566,0.1481,-0.09150000000000001,False
nuscenes_mini,348c8122f47349429a6cd694dcac86e6,car,0.9649122953414916,23.13,B,0.1393,0.0156,0.1237,True
nuscenes_mini,348c8122f47349429a6cd694dcac86e6,car,0.9726027250289916,18.67,B,0.1926,0.039599999999999996,0.153,True
nuscenes_mini,348c8122f47349429a6cd694dcac86e6,bus,0.9532163739204408,30.14,C,0.0066,0.0,0.0066,False
nuscenes_mini,348c8122f47349429a6cd694dcac86e6,car,0.9649122953414916,23.07,B,0.1561,0.0156,0.14049999999999999,True
nuscenes_mini,348c8122f47349429a6cd694dcac86e6,car,0.9649122953414916,7.31,A,0.0984,0.1481,-0.04970000000000001,False
nuscenes_mini,348c8122f47349429a6cd694dcac86e6,car,0.6640419960021973,31.92,C,0.0115,0.0,0.0115,False
nuscenes_mini,348c8122f47349429a6cd694dcac86e6,construction_vehicle,0.8241757750511169,9.76,A,0.0653,0.1481,-0.08280000000000001,False
nuscenes_mini,348c8122f47349429a6cd694dcac86e6,construction_vehicle,0.6213017702102661,17.29,B,0.0077,0.039599999999999996,-0.0319,False
nuscenes_mini,7ae00681137b40f5bd7bef3823a82ee2,car,0.96875,18.06,B,0.1732,0.039599999999999996,0.1336,True
nuscenes_mini,7ae00681137b40f5bd7bef3823a82ee2,car,0.8476190567016602,51.61,C,0.0,0.0,0.0,False
nuscenes_mini,7ae00681137b40f5bd7bef3823a82ee2,bus,0.9569892287254332,31.59,C,0.0065,0.0,0.0065,False
nuscenes_mini,7ae00681137b40f5bd7bef3823a82ee2,car,0.9569892287254332,6.92,A,0.1172,0.1481,-0.03090000000000001,False
nuscenes_mini,7ae00681137b40f5bd7bef3823a82ee2,truck,0.9024390578269958,17.0,B,0.0096,0.039599999999999996,-0.03,False
nuscenes_mini,7ae00681137b40f5bd7bef3823a82ee2,construction_vehicle,0.7968254089355469,9.71,A,0.0822,0.1481,-0.06590000000000001,False
nuscenes_mini,8b6d496ed9d84469b75836ca1c56959f,car,0.9569892287254332,18.79,B,0.1218,0.039599999999999996,0.08220000000000001,True
nuscenes_mini,8b6d496ed9d84469b75836ca1c56959f,car,0.8827838897705078,50.5,C,0.0,0.0,0.0,False
nuscenes_mini,8b6d496ed9d84469b75836ca1c56959f,car,0.9649122953414916,21.41,B,0.1522,0.0156,0.1366,True
nuscenes_mini,8b6d496ed9d84469b75836ca1c56959f,bus,0.941605806350708,33.06,C,0.0031,0.0,0.0031,False
nuscenes_mini,8b6d496ed9d84469b75836ca1c56959f,car,0.9532163739204408,18.33,B,0.1854,0.039599999999999996,0.1458,True
nuscenes_mini,8b6d496ed9d84469b75836ca1c56959f,truck,0.6717948913574219,24.0,B,0.0821,0.0156,0.0665,True
nuscenes_mini,8b6d496ed9d84469b75836ca1c56959f,car,0.9609756469726562,6.55,A,0.1141,0.1481,-0.034000000000000016,False
nuscenes_mini,8b6d496ed9d84469b75836ca1c56959f,car,0.7460317611694336,33.83,C,0.0263,0.0,0.0263,False
nuscenes_mini,8b6d496ed9d84469b75836ca1c56959f,car,0.8552036285400391,49.12,C,0.0,0.0,0.0,False
nuscenes_mini,8b6d496ed9d84469b75836ca1c56959f,construction_vehicle,0.6995305418968201,11.02,A,0.0504,0.0864,-0.036000000000000004,False
nuscenes_mini,8b6d496ed9d84469b75836ca1c56959f,construction_vehicle,0.5395683646202087,16.51,B,0.009,0.039599999999999996,-0.030599999999999995,False
nuscenes_mini,a9def8f915cf4bfe9c74b864384ec6c7,car,0.8987342119216919,52.53,C,0.0,0.0,0.0,False
nuscenes_mini,a9def8f915cf4bfe9c74b864384ec6c7,car,0.9609756469726562,21.64,B,0.0536,0.0156,0.038000000000000006,False
nuscenes_mini,a9def8f915cf4bfe9c74b864384ec6c7,bus,0.9298245906829834,34.38,C,0.0017,0.0,0.0017,False
nuscenes_mini,a9def8f915cf4bfe9c74b864384ec6c7,car,0.8827838897705078,19.63,B,0.0968,0.039599999999999996,0.0572,True
nuscenes_mini,a9def8f915cf4bfe9c74b864384ec6c7,truck,0.8518518805503845,22.97,B,0.0456,0.0156,0.030000000000000002,False
nuscenes_mini,a9def8f915cf4bfe9c74b864384ec6c7,car,0.9649122953414916,5.97,A,0.1116,0.1481,-0.036500000000000005,False
nuscenes_mini,a9def8f915cf4bfe9c74b864384ec6c7,car,0.8632478713989258,34.18,C,0.0,0.0,0.0,False
nuscenes_mini,a9def8f915cf4bfe9c74b864384ec6c7,car,0.8865247964859009,51.05,C,0.0,0.0,0.0,False
nuscenes_mini,a9def8f915cf4bfe9c74b864384ec6c7,construction_vehicle,0.7104072570800781,10.52,A,0.0675,0.0864,-0.0189,False
nuscenes_mini,a9def8f915cf4bfe9c74b864384ec6c7,construction_vehicle,0.5241636037826538,15.54,B,0.0104,0.039599999999999996,-0.029199999999999997,False
nuscenes_mini,3d22d2c87c5b483a914c7e8125326013,car,0.9609756469726562,22.61,B,0.0044,0.0156,-0.011199999999999998,False
nuscenes_mini,3d22d2c87c5b483a914c7e8125326013,car,0.827957034111023,44.8,C,0.0,0.0,0.0,False
nuscenes_mini,3d22d2c87c5b483a914c7e8125326013,bus,0.921951174736023,34.52,C,0.0,0.0,0.0,False
nuscenes_mini,3d22d2c87c5b483a914c7e8125326013,truck,0.5936508178710938,22.33,B,0.0526,0.0156,0.037000000000000005,False
nuscenes_mini,3d22d2c87c5b483a914c7e8125326013,truck,0.6521739363670349,25.15,B,0.0,0.0027,-0.0027,False
nuscenes_mini,3d22d2c87c5b483a914c7e8125326013,pedestrian,1.0,26.23,B,0.2222,0.0027,0.2195,True
nuscenes_mini,3d22d2c87c5b483a914c7e8125326013,truck,0.949367105960846,22.06,B,0.0732,0.0156,0.0576,True
nuscenes_mini,3d22d2c87c5b483a914c7e8125326013,car,0.96875,5.46,A,0.1004,0.1481,-0.047700000000000006,False
nuscenes_mini,3d22d2c87c5b483a914c7e8125326013,construction_vehicle,0.5586206912994385,14.16,A,0.016,0.0864,-0.0704,False
nuscenes_mini,3d22d2c87c5b483a914c7e8125326013,construction_vehicle,0.7264957427978516,10.91,A,0.0661,0.0864,-0.0203,False
nuscenes_mini,286532245ff646a9915070c8b402e487,car,0.949367105960846,24.23,B,0.0204,0.0156,0.004800000000000002,False
nuscenes_mini,286532245ff646a9915070c8b402e487,car,0.8476190567016602,47.23,C,0.0,0.0,0.0,False
nuscenes_mini,286532245ff646a9915070c8b402e487,bus,0.921951174736023,40.13,C,0.0009,0.0,0.0009,False
nuscenes_mini,286532245ff646a9915070c8b402e487,truck,0.949367105960846,21.67,B,0.0673,0.0156,0.051699999999999996,True
nuscenes_mini,286532245ff646a9915070c8b402e487,truck,0.7620818018913269,22.46,B,0.008,0.0156,-0.007599999999999999,False
nuscenes_mini,286532245ff646a9915070c8b402e487,pedestrian,1.0,4.95,A,1.0,0.1769,0.8230999999999999,True
nuscenes_mini,286532245ff646a9915070c8b402e487,pedestrian,1.0,5.02,A,1.0,0.1481,0.8519,True
nuscenes_mini,286532245ff646a9915070c8b402e487,trailer,0.6831682920455933,21.72,B,0.0813,0.0156,0.0657,True
nuscenes_mini,286532245ff646a9915070c8b402e487,car,0.9726027250289916,8.32,A,0.0567,0.1481,-0.09140000000000001,False
nuscenes_mini,286532245ff646a9915070c8b402e487,construction_vehicle,0.7264957427978516,11.06,A,0.0562,0.0864,-0.030200000000000005,False
nuscenes_mini,286532245ff646a9915070c8b402e487,trailer,0.5241636037826538,12.19,A,0.0187,0.0864,-0.06770000000000001,False
nuscenes_mini,73e2b7fb98ef41aface277a968d65941,car,0.827957034111023,49.85,C,0.0,0.0,0.0,False
nuscenes_mini,73e2b7fb98ef41aface277a968d65941,bus,0.8947368264198303,41.47,C,0.0064,0.0,0.0064,False
nuscenes_mini,73e2b7fb98ef41aface277a968d65941,truck,0.9375000596046448,21.03,B,0.0856,0.0156,0.06999999999999999,True
nuscenes_mini,73e2b7fb98ef41aface277a968d65941,truck,0.5276752710342407,20.93,B,0.0117,0.0156,-0.003899999999999999,False
nuscenes_mini,73e2b7fb98ef41aface277a968d65941,truck,0.675126850605011,21.16,B,0.007,0.0156,-0.0086,False
nuscenes_mini,73e2b7fb98ef41aface277a968d65941,car,0.9609756469726562,7.79,A,0.0571,0.1481,-0.09100000000000001,False
nuscenes_mini,73e2b7fb98ef41aface277a968d65941,construction_vehicle,0.7229437232017517,10.92,A,0.0647,0.0864,-0.02170000000000001,False
nuscenes_mini,73e2b7fb98ef41aface277a968d65941,trailer,0.5661016702651978,10.83,A,0.0242,0.0864,-0.062200000000000005,False
nuscenes_mini,c537fef0b4b241df92f44daa976fe5b3,car,0.8987342119216919,27.96,B,0.004,0.0027,0.0013,False
nuscenes_mini,c537fef0b4b241df92f44daa976fe5b3,bus,0.827957034111023,44.65,C,0.006,0.0,0.006,False
nuscenes_mini,c537fef0b4b241df92f44daa976fe5b3,truck,0.9179486632347108,20.89,B,0.1125,0.0156,0.0969,True
nuscenes_mini,c537fef0b4b241df92f44daa976fe5b3,truck,0.6132930517196655,19.01,B,0.0051,0.039599999999999996,-0.034499999999999996,False
nuscenes_mini,c537fef0b4b241df92f44daa976fe5b3,car,0.9452055096626282,37.26,C,0.0039,0.0,0.0039,False
nuscenes_mini,c537fef0b4b241df92f44daa976fe5b3,pedestrian,1.0,29.54,B,0.0,0.0027,-0.0027,False
nuscenes_mini,c537fef0b4b241df92f44daa976fe5b3,pedestrian,1.0,5.1,A,1.0,0.1481,0.8519,True
nuscenes_mini,c537fef0b4b241df92f44daa976fe5b3,bicycle,0.8048780560493469,25.45,B,0.0,0.0027,-0.0027,False
nuscenes_mini,c537fef0b4b241df92f44daa976fe5b3,car,0.9569892287254332,7.67,A,0.0523,0.1481,-0.09580000000000001,False
nuscenes_mini,c537fef0b4b241df92f44daa976fe5b3,bus,0.5775577425956726,8.44,A,0.055,0.1481,-0.09310000000000002,False
nuscenes_mini,c537fef0b4b241df92f44daa976fe5b3,construction_vehicle,0.7460317611694336,10.7,A,0.0668,0.0864,-0.019600000000000006,False
nuscenes_mini,d68668cb98fe4be5a00f58b5ac8a0a7d,car,0.9336099624633788,40.95,C,0.0002,0.0,0.0002,False
nuscenes_mini,d68668cb98fe4be5a00f58b5ac8a0a7d,pedestrian,1.0,24.09,B,0.075,0.0156,0.059399999999999994,True
nuscenes_mini,d68668cb98fe4be5a00f58b5ac8a0a7d,pedestrian,1.0,28.31,B,0.0,0.0027,-0.0027,False
nuscenes_mini,d68668cb98fe4be5a00f58b5ac8a0a7d,pedestrian,1.0,24.85,B,0.6944,0.0156,0.6788000000000001,True
nuscenes_mini,d68668cb98fe4be5a00f58b5ac8a0a7d,car,0.9452055096626282,22.72,B,0.0845,0.0156,0.0689,True
nuscenes_mini,d68668cb98fe4be5a00f58b5ac8a0a7d,car,0.9569892287254332,7.73,A,0.0506,0.1481,-0.0975,False
nuscenes_mini,d68668cb98fe4be5a00f58b5ac8a0a7d,car,0.8827838897705078,41.01,C,0.0,0.0,0.0,False
nuscenes_mini,d68668cb98fe4be5a00f58b5ac8a0a7d,car,0.6167664527893066,3.04,A,0.1123,0.1769,-0.0646,False
nuscenes_mini,d68668cb98fe4be5a00f58b5ac8a0a7d,bus,0.7928802371025085,6.44,A,0.0519,0.1481,-0.09620000000000001,False
nuscenes_mini,d68668cb98fe4be5a00f58b5ac8a0a7d,construction_vehicle,0.7264957427978516,10.62,A,0.0663,0.0864,-0.020100000000000007,False
nuscenes_mini,00889f8a9549450aa2f32cf310a3e305,car,0.859649121761322,21.63,B,0.0556,0.0156,0.039999999999999994,False
nuscenes_mini,00889f8a9549450aa2f32cf310a3e305,truck,0.6246334314346313,16.61,B,0.143,0.039599999999999996,0.10339999999999999,True
nuscenes_mini,00889f8a9549450aa2f32cf310a3e305,truck,0.8787879347801208,23.01,B,0.0095,0.0156,-0.0060999999999999995,False
nuscenes_mini,00889f8a9549450aa2f32cf310a3e305,car,0.9375000596046448,26.3,B,0.0742,0.0027,0.07150000000000001,True
nuscenes_mini,00889f8a9549450aa2f32cf310a3e305,pedestrian,1.0,5.5,A,1.0,0.1481,0.8519,True
nuscenes_mini,00889f8a9549450aa2f32cf310a3e305,pedestrian,1.0,23.38,B,0.1429,0.0156,0.1273,True
nuscenes_mini,00889f8a9549450aa2f32cf310a3e305,car,0.9609756469726562,21.47,B,0.065,0.0156,0.0494,False
nuscenes_mini,00889f8a9549450aa2f32cf310a3e305,car,0.8987342119216919,40.2,C,0.0,0.0,0.0,False
nuscenes_mini,00889f8a9549450aa2f32cf310a3e305,car,0.9569892287254332,7.94,A,0.0474,0.1481,-0.10070000000000001,False
nuscenes_mini,00889f8a9549450aa2f32cf310a3e305,construction_vehicle,0.7104072570800781,11.35,A,0.0561,0.0864,-0.030300000000000007,False
nuscenes_mini,00889f8a9549450aa2f32cf310a3e305,trailer,0.5428571701049805,5.6,A,0.0143,0.1481,-0.1338,False
nuscenes_mini,00889f8a9549450aa2f32cf310a3e305,truck,0.7064220309257507,3.31,A,0.3288,0.1769,0.15189999999999998,True
nuscenes_mini,dd8d85a47000418e849e4cb2f2a3f45f,bus,0.8865247964859009,48.35,C,0.0,0.0,0.0,False
nuscenes_mini,dd8d85a47000418e849e4cb2f2a3f45f,truck,0.6213017702102661,17.41,B,0.0757,0.039599999999999996,0.03610000000000001,False
nuscenes_mini,dd8d85a47000418e849e4cb2f2a3f45f,truck,0.921951174736023,24.9,B,0.0025,0.0156,-0.013099999999999999,False
nuscenes_mini,dd8d85a47000418e849e4cb2f2a3f45f,car,0.941605806350708,23.63,B,0.0581,0.0156,0.042499999999999996,False
nuscenes_mini,dd8d85a47000418e849e4cb2f2a3f45f,truck,0.6908212304115295,25.79,B,0.0,0.0027,-0.0027,False
nuscenes_mini,dd8d85a47000418e849e4cb2f2a3f45f,pedestrian,1.0,5.38,A,1.0,0.1481,0.8519,True
nuscenes_mini,dd8d85a47000418e849e4cb2f2a3f45f,pedestrian,1.0,23.8,B,0.2083,0.0156,0.1927,True
nuscenes_mini,dd8d85a47000418e849e4cb2f2a3f45f,car,0.859649121761322,17.42,B,0.0957,0.039599999999999996,0.0561,True
nuscenes_mini,dd8d85a47000418e849e4cb2f2a3f45f,car,0.8632478713989258,51.02,C,0.0,0.0,0.0,False
nuscenes_mini,dd8d85a47000418e849e4cb2f2a3f45f,car,0.9649122953414916,8.33,A,0.0474,0.1481,-0.10070000000000001,False
nuscenes_mini,dd8d85a47000418e849e4cb2f2a3f45f,car,0.8987342119216919,43.29,C,0.0,0.0,0.0,False
nuscenes_mini,dd8d85a47000418e849e4cb2f2a3f45f,construction_vehicle,0.5038759708404541,5.03,A,0.0027,0.1481,-0.1454,False
nuscenes_mini,dd8d85a47000418e849e4cb2f2a3f45f,construction_vehicle,0.719298243522644,10.93,A,0.0613,0.0864,-0.025100000000000004,False
nuscenes_mini,dd8d85a47000418e849e4cb2f2a3f45f,pedestrian,1.0,3.87,A,0.0303,0.1769,-0.1466,False
nuscenes_mini,dd8d85a47000418e849e4cb2f2a3f45f,truck,0.5661016702651978,2.95,A,0.316,0.1769,0.1391,True
nuscenes_mini,c15f8261acfd4013a735798770fad71a,pedestrian,1.0,26.6,B,0.0,0.0027,-0.0027,False
nuscenes_mini,c15f8261acfd4013a735798770fad71a,car,0.9649122953414916,20.68,B,0.1156,0.0156,0.09999999999999999,True
nuscenes_mini,c15f8261acfd4013a735798770fad71a,car,0.8750000596046448,50.21,C,0.0,0.0,0.0,False
nuscenes_mini,c15f8261acfd4013a735798770fad71a,car,0.9569892287254332,21.14,B,0.0467,0.0156,0.0311,False
nuscenes_mini,c15f8261acfd4013a735798770fad71a,bicycle,0.8904109597206116,24.34,B,0.2593,0.0156,0.24369999999999997,True
nuscenes_mini,c15f8261acfd4013a735798770fad71a,truck,0.5311355590820312,18.57,B,0.0684,0.039599999999999996,0.028800000000000006,False
nuscenes_mini,c15f8261acfd4013a735798770fad71a,truck,0.675126850605011,26.52,B,0.0051,0.0027,0.0024000000000000002,False
nuscenes_mini,c15f8261acfd4013a735798770fad71a,pedestrian,1.0,4.2,A,0.0659,0.1769,-0.111,False
nuscenes_mini,c15f8261acfd4013a735798770fad71a,car,0.9375000596046448,21.36,B,0.0407,0.0156,0.0251,False
nuscenes_mini,c15f8261acfd4013a735798770fad71a,truck,0.8048780560493469,27.69,B,0.0,0.0027,-0.0027,False
nuscenes_mini,c15f8261acfd4013a735798770fad71a,construction_vehicle,0.5151515007019043,4.64,A,0.1468,0.1769,-0.030099999999999988,False
nuscenes_mini,c15f8261acfd4013a735798770fad71a,pedestrian,1.0,5.49,A,1.0,0.1481,0.8519,True
nuscenes_mini,c15f8261acfd4013a735798770fad71a,pedestrian,1.0,23.14,B,0.125,0.0156,0.1094,True
nuscenes_mini,c15f8261acfd4013a735798770fad71a,car,0.5747508406639099,18.41,B,0.0772,0.039599999999999996,0.03760000000000001,False
nuscenes_mini,c15f8261acfd4013a735798770fad71a,car,0.9649122953414916,8.38,A,0.047,0.1481,-0.10110000000000001,False
nuscenes_mini,c15f8261acfd4013a735798770fad71a,car,0.8987342119216919,40.14,C,0.0,0.0,0.0,False
nuscenes_mini,c15f8261acfd4013a735798770fad71a,construction_vehicle,0.5936508178710938,3.84,A,0.0201,0.1769,-0.1568,False
nuscenes_mini,c15f8261acfd4013a735798770fad71a,construction_vehicle,0.6444444060325623,10.63,A,0.0663,0.0864,-0.020100000000000007,False
nuscenes_mini,0373e9d8886648779c8a73304919ab5f,car,0.96875,19.08,B,0.0273,0.039599999999999996,-0.012299999999999995,False
nuscenes_mini,0373e9d8886648779c8a73304919ab5f,car,0.8787879347801208,39.68,C,0.0,0.0,0.0,False
nuscenes_mini,0373e9d8886648779c8a73304919ab5f,car,0.96875,21.2,B,0.0364,0.0156,0.020800000000000003,False
nuscenes_mini,0373e9d8886648779c8a73304919ab5f,bicycle,0.8904109597206116,25.88,B,0.0433,0.0027,0.0406,False
nuscenes_mini,0373e9d8886648779c8a73304919ab5f,truck,0.8750000596046448,28.55,B,0.0009,0.0027,-0.0018000000000000002,False
nuscenes_mini,0373e9d8886648779c8a73304919ab5f,trailer,0.6444444060325623,29.21,B,0.0018,0.0027,-0.0009000000000000002,False
nuscenes_mini,0373e9d8886648779c8a73304919ab5f,trailer,0.6483516097068787,3.85,A,0.2986,0.1769,0.12169999999999997,True
nuscenes_mini,0373e9d8886648779c8a73304919ab5f,pedestrian,1.0,22.67,B,0.4,0.0156,0.3844,True
nuscenes_mini,0373e9d8886648779c8a73304919ab5f,pedestrian,1.0,5.53,A,0.9886,0.1481,0.8405,True
nuscenes_mini,0373e9d8886648779c8a73304919ab5f,car,0.9139785170555116,22.13,B,0.123,0.0156,0.1074,True
nuscenes_mini,0373e9d8886648779c8a73304919ab5f,truck,0.8012422323226929,19.87,B,0.0631,0.039599999999999996,0.023500000000000007,False
nuscenes_mini,0373e9d8886648779c8a73304919ab5f,car,0.9649122953414916,8.19,A,0.049,0.1481,-0.09910000000000001,False
nuscenes_mini,0373e9d8886648779c8a73304919ab5f,car,0.8518518805503845,34.42,C,0.008,0.0,0.008,False
nuscenes_mini,0373e9d8886648779c8a73304919ab5f,car,0.8987342119216919,38.52,C,0.0,0.0,0.0,False
nuscenes_mini,0373e9d8886648779c8a73304919ab5f,construction_vehicle,0.719298243522644,10.84,A,0.0621,0.0864,-0.024300000000000002,False
nuscenes_mini,a5addc41b07842768a2183abdd01cff8,pedestrian,1.0,30.17,C,0.0,0.0,0.0,False
nuscenes_mini,a5addc41b07842768a2183abdd01cff8,car,0.9139785170555116,22.02,B,0.0096,0.0156,-0.006,False
nuscenes_mini,a5addc41b07842768a2183abdd01cff8,car,0.9609756469726562,21.3,B,0.1042,0.0156,0.0886,True
nuscenes_mini,a5addc41b07842768a2183abdd01cff8,car,0.7575758099555969,46.53,C,0.0,0.0,0.0,False
nuscenes_mini,a5addc41b07842768a2183abdd01cff8,car,0.9649122953414916,17.73,B,0.0723,0.039599999999999996,0.03270000000000001,False
nuscenes_mini,a5addc41b07842768a2183abdd01cff8,bicycle,0.9101123809814452,25.97,B,0.04,0.0027,0.0373,False
nuscenes_mini,a5addc41b07842768a2183abdd01cff8,truck,0.8241757750511169,4.73,A,0.1986,0.1769,0.021699999999999997,False
nuscenes_mini,a5addc41b07842768a2183abdd01cff8,pedestrian,1.0,22.14,B,0.6875,0.0156,0.6719,True
nuscenes_mini,a5addc41b07842768a2183abdd01cff8,pedestrian,1.0,21.45,B,0.037,0.0156,0.0214,False
nuscenes_mini,a5addc41b07842768a2183abdd01cff8,car,0.949367105960846,21.26,B,0.1198,0.0156,0.1042,True
nuscenes_mini,a5addc41b07842768a2183abdd01cff8,car,0.96875,8.31,A,0.047,0.1481,-0.10110000000000001,False
nuscenes_mini,a5addc41b07842768a2183abdd01cff8,car,0.8987342119216919,38.48,C,0.0,0.0,0.0,False
nuscenes_mini,a5addc41b07842768a2183abdd01cff8,construction_vehicle,0.6363636255264282,3.79,A,0.0482,0.1769,-0.1287,False
nuscenes_mini,a5addc41b07842768a2183abdd01cff8,construction_vehicle,0.6683937907218933,10.83,A,0.068,0.0864,-0.0184,False
nuscenes_mini,46292fc546f048f29520299220f22798,car,0.8476190567016602,44.09,C,0.0,0.0,0.0,False
nuscenes_mini,46292fc546f048f29520299220f22798,car,0.9532163739204408,20.46,B,0.1391,0.0156,0.1235,True
nuscenes_mini,46292fc546f048f29520299220f22798,car,0.92592591047287,23.84,B,0.0092,0.0156,-0.0063999999999999994,False
nuscenes_mini,46292fc546f048f29520299220f22798,car,0.96875,17.16,B,0.1686,0.039599999999999996,0.129,True
nuscenes_mini,46292fc546f048f29520299220f22798,bicycle,0.7852349281311035,37.28,C,0.0128,0.0,0.0128,False
nuscenes_mini,46292fc546f048f29520299220f22798,trailer,0.5747508406639099,4.95,A,0.1705,0.1769,-0.006399999999999989,False
nuscenes_mini,46292fc546f048f29520299220f22798,pedestrian,1.0,21.56,B,0.1667,0.0156,0.15109999999999998,True
nuscenes_mini,46292fc546f048f29520299220f22798,pedestrian,1.0,20.94,B,0.4321,0.0156,0.4165,True
nuscenes_mini,46292fc546f048f29520299220f22798,car,0.96875,8.23,A,0.043,0.1481,-0.10510000000000001,False
nuscenes_mini,46292fc546f048f29520299220f22798,car,0.9024390578269958,37.0,C,0.0,0.0,0.0,False
nuscenes_mini,46292fc546f048f29520299220f22798,construction_vehicle,0.6640419960021973,10.86,A,0.0595,0.0864,-0.026900000000000007,False
nuscenes_mini,9ecb1b79dbe140ca860efc4adebe854b,car,0.8947368264198303,47.38,C,0.0,0.0,0.0,False
nuscenes_mini,9ecb1b79dbe140ca860efc4adebe854b,car,0.9726027250289916,17.29,B,0.1754,0.039599999999999996,0.1358,True
nuscenes_mini,9ecb1b79dbe140ca860efc4adebe854b,car,0.9375000596046448,19.8,B,0.0084,0.039599999999999996,-0.0312,False
nuscenes_mini,9ecb1b79dbe140ca860efc4adebe854b,car,0.7620818018913269,33.06,C,0.0023,0.0,0.0023,False
nuscenes_mini,9ecb1b79dbe140ca860efc4adebe854b,car,0.96875,20.79,B,0.1422,0.0156,0.1266,True
nuscenes_mini,9ecb1b79dbe140ca860efc4adebe854b,bicycle,0.9101123809814452,23.96,B,0.0143,0.0156,-0.001299999999999999,False
nuscenes_mini,9ecb1b79dbe140ca860efc4adebe854b,car,0.9064327478408812,19.94,B,0.0019,0.039599999999999996,-0.0377,False
nuscenes_mini,9ecb1b79dbe140ca860efc4adebe854b,trailer,0.5661016702651978,4.76,A,0.1759,0.1769,-0.0010000000000000009,False
nuscenes_mini,9ecb1b79dbe140ca860efc4adebe854b,pedestrian,1.0,21.11,B,0.125,0.0156,0.1094,True
nuscenes_mini,9ecb1b79dbe140ca860efc4adebe854b,pedestrian,1.0,20.5,B,0.3523,0.0156,0.3367,True
nuscenes_mini,9ecb1b79dbe140ca860efc4adebe854b,car,0.8787879347801208,23.28,B,0.1226,0.0156,0.107,True
nuscenes_mini,9ecb1b79dbe140ca860efc4adebe854b,car,0.96875,8.13,A,0.0504,0.1481,-0.09770000000000001,False
nuscenes_mini,9ecb1b79dbe140ca860efc4adebe854b,car,0.8987342119216919,38.15,C,0.0,0.0,0.0,False
nuscenes_mini,9ecb1b79dbe140ca860efc4adebe854b,construction_vehicle,0.7500000596046448,11.02,A,0.0625,0.0864,-0.023900000000000005,False
nuscenes_mini,bad8a002637046178fe0f8216e5bc355,car,0.9649122953414916,18.11,B,0.0369,0.039599999999999996,-0.002699999999999994,False
nuscenes_mini,bad8a002637046178fe0f8216e5bc355,car,0.8750000596046448,39.6,C,0.0,0.0,0.0,False
nuscenes_mini,bad8a002637046178fe0f8216e5bc355,car,0.949367105960846,27.51,B,0.0019,0.0027,-0.0008000000000000001,False
nuscenes_mini,bad8a002637046178fe0f8216e5bc355,car,0.9452055096626282,21.38,B,0.0312,0.0156,0.0156,False
nuscenes_mini,bad8a002637046178fe0f8216e5bc355,car,0.7697842121124268,36.06,C,0.0,0.0,0.0,False
nuscenes_mini,bad8a002637046178fe0f8216e5bc355,trailer,0.7037037014961243,4.87,A,0.1643,0.1769,-0.0126,False
nuscenes_mini,bad8a002637046178fe0f8216e5bc355,pedestrian,1.0,20.48,B,0.125,0.0156,0.1094,True
nuscenes_mini,bad8a002637046178fe0f8216e5bc355,pedestrian,1.0,19.85,B,0.25,0.039599999999999996,0.2104,True
nuscenes_mini,bad8a002637046178fe0f8216e5bc355,car,0.9649122953414916,18.38,B,0.1485,0.039599999999999996,0.1089,True
nuscenes_mini,bad8a002637046178fe0f8216e5bc355,car,0.92592591047287,28.26,B,0.0583,0.0027,0.0556,True
nuscenes_mini,bad8a002637046178fe0f8216e5bc355,car,0.96875,7.8,A,0.0458,0.1481,-0.1023,False
nuscenes_mini,bad8a002637046178fe0f8216e5bc355,car,0.9064327478408812,37.17,C,0.0,0.0,0.0,False
nuscenes_mini,bad8a002637046178fe0f8216e5bc355,construction_vehicle,0.7500000596046448,10.81,A,0.0666,0.0864,-0.019799999999999998,False
nuscenes_mini,4d8ff5b287bb4e1ba6d0a0f79fc74457,car,0.96875,21.23,B,0.1048,0.0156,0.0892,True
nuscenes_mini,4d8ff5b287bb4e1ba6d0a0f79fc74457,car,0.9298245906829834,22.97,B,0.0319,0.0156,0.0163,False
nuscenes_mini,4d8ff5b287bb4e1ba6d0a0f79fc74457,car,0.96875,16.9,B,0.1181,0.039599999999999996,0.0785,True
nuscenes_mini,4d8ff5b287bb4e1ba6d0a0f79fc74457,trailer,0.7037037014961243,5.01,A,0.1436,0.1481,-0.004500000000000004,False
nuscenes_mini,4d8ff5b287bb4e1ba6d0a0f79fc74457,pedestrian,1.0,19.99,B,0.2653,0.039599999999999996,0.22569999999999998,True
nuscenes_mini,4d8ff5b287bb4e1ba6d0a0f79fc74457,pedestrian,1.0,6.35,A,0.9,0.1481,0.7519,True
nuscenes_mini,4d8ff5b287bb4e1ba6d0a0f79fc74457,car,0.8202247023582458,19.5,B,0.1228,0.039599999999999996,0.08320000000000001,True
nuscenes_mini,4d8ff5b287bb4e1ba6d0a0f79fc74457,car,0.949367105960846,21.37,B,0.1046,0.0156,0.089,True
nuscenes_mini,4d8ff5b287bb4e1ba6d0a0f79fc74457,car,0.96875,7.76,A,0.048,0.1481,-0.10010000000000001,False
nuscenes_mini,4d8ff5b287bb4e1ba6d0a0f79fc74457,car,0.8987342119216919,36.92,C,0.0,0.0,0.0,False
nuscenes_mini,4d8ff5b287bb4e1ba6d0a0f79fc74457,construction_vehicle,0.6683937907218933,10.91,A,0.0721,0.0864,-0.014300000000000007,False
nuscenes_mini,af8c2d8187aa463eab3cccbd6abc1573,car,0.9609756469726562,16.61,B,0.2006,0.039599999999999996,0.161,True
nuscenes_mini,af8c2d8187aa463eab3cccbd6abc1573,car,0.8947368264198303,44.83,C,0.0,0.0,0.0,False
nuscenes_mini,af8c2d8187aa463eab3cccbd6abc1573,car,0.9452055096626282,24.65,B,0.0195,0.0156,0.0039000000000000007,False
nuscenes_mini,af8c2d8187aa463eab3cccbd6abc1573,car,0.8987342119216919,26.96,B,0.0021,0.0027,-0.0006000000000000003,False
nuscenes_mini,af8c2d8187aa463eab3cccbd6abc1573,bicycle,0.6908212304115295,21.76,B,0.0,0.0156,-0.0156,False
nuscenes_mini,af8c2d8187aa463eab3cccbd6abc1573,car,0.8552036285400391,25.13,B,0.0096,0.0027,0.006899999999999999,False
nuscenes_mini,af8c2d8187aa463eab3cccbd6abc1573,trailer,0.7264957427978516,4.94,A,0.151,0.1769,-0.025900000000000006,False
nuscenes_mini,af8c2d8187aa463eab3cccbd6abc1573,pedestrian,1.0,6.5,A,0.8704,0.1481,0.7222999999999999,True
nuscenes_mini,af8c2d8187aa463eab3cccbd6abc1573,pedestrian,1.0,6.9,A,0.75,0.1481,0.6019,True
nuscenes_mini,af8c2d8187aa463eab3cccbd6abc1573,car,0.9649122953414916,8.16,A,0.0503,0.1481,-0.09780000000000001,False
nuscenes_mini,af8c2d8187aa463eab3cccbd6abc1573,car,0.8012422323226929,34.15,C,0.0193,0.0,0.0193,False
nuscenes_mini,af8c2d8187aa463eab3cccbd6abc1573,car,0.8947368264198303,36.23,C,0.0,0.0,0.0,False
nuscenes_mini,af8c2d8187aa463eab3cccbd6abc1573,construction_vehicle,0.7928802371025085,11.12,A,0.0586,0.0864,-0.027800000000000005,False
nuscenes_mini,73ccc9c10a3547849b8ff130d50bac98,pedestrian,1.0,34.19,C,0.0417,0.0,0.0417,False
nuscenes_mini,73ccc9c10a3547849b8ff130d50bac98,car,0.9649122953414916,17.19,B,0.1629,0.039599999999999996,0.12329999999999999,True
nuscenes_mini,73ccc9c10a3547849b8ff130d50bac98,car,0.9024390578269958,49.8,C,0.0,0.0,0.0,False
nuscenes_mini,73ccc9c10a3547849b8ff130d50bac98,car,0.949367105960846,26.64,B,0.0183,0.0027,0.0156,False
nuscenes_mini,73ccc9c10a3547849b8ff130d50bac98,car,0.96875,21.21,B,0.036,0.0156,0.020399999999999998,False
nuscenes_mini,73ccc9c10a3547849b8ff130d50bac98,bicycle,0.7387754917144775,30.77,C,0.0593,0.0,0.0593,True
nuscenes_mini,73ccc9c10a3547849b8ff130d50bac98,car,0.8865247964859009,26.8,B,0.023,0.0027,0.0203,False
nuscenes_mini,73ccc9c10a3547849b8ff130d50bac98,trailer,0.6952381134033203,4.91,A,0.1628,0.1769,-0.014100000000000001,False
nuscenes_mini,73ccc9c10a3547849b8ff130d50bac98,pedestrian,1.0,6.87,A,0.8125,0.1481,0.6644,True
nuscenes_mini,73ccc9c10a3547849b8ff130d50bac98,car,0.949367105960846,17.25,B,0.1645,0.039599999999999996,0.12490000000000001,True
nuscenes_mini,73ccc9c10a3547849b8ff130d50bac98,car,0.96875,7.59,A,0.0503,0.1481,-0.09780000000000001,False
nuscenes_mini,73ccc9c10a3547849b8ff130d50bac98,car,0.8518518805503845,34.64,C,0.0145,0.0,0.0145,False
nuscenes_mini,73ccc9c10a3547849b8ff130d50bac98,car,0.8987342119216919,35.98,C,0.0,0.0,0.0,False
nuscenes_mini,73ccc9c10a3547849b8ff130d50bac98,construction_vehicle,0.719298243522644,11.06,A,0.0626,0.0864,-0.0238,False
nuscenes_mini,e3bcde4a06124931a097ef2a211aaaef,car,0.9609756469726562,22.37,B,0.0165,0.0156,0.0009000000000000015,False
nuscenes_mini,e3bcde4a06124931a097ef2a211aaaef,bicycle,0.8241757750511169,32.65,C,0.0075,0.0,0.0075,False
nuscenes_mini,e3bcde4a06124931a097ef2a211aaaef,pedestrian,1.0,29.19,B,0.0,0.0027,-0.0027,False
nuscenes_mini,e3bcde4a06124931a097ef2a211aaaef,bicycle,0.8048780560493469,32.71,C,0.0,0.0,0.0,False
nuscenes_mini,e3bcde4a06124931a097ef2a211aaaef,trailer,0.5775577425956726,4.97,A,0.1456,0.1769,-0.031299999999999994,False
nuscenes_mini,e3bcde4a06124931a097ef2a211aaaef,car,0.949367105960846,18.72,B,0.1261,0.039599999999999996,0.0865,True
nuscenes_mini,e3bcde4a06124931a097ef2a211aaaef,car,0.96875,7.92,A,0.0466,0.1481,-0.1015,False
nuscenes_mini,e3bcde4a06124931a097ef2a211aaaef,car,0.8987342119216919,35.36,C,0.0,0.0,0.0,False
nuscenes_mini,e3bcde4a06124931a097ef2a211aaaef,construction_vehicle,0.7697842121124268,10.86,A,0.065,0.0864,-0.021400000000000002,False
nuscenes_mini,9e6ce5a26025462fbd9bdac2d18c07eb,car,0.8987342119216919,47.28,C,0.0,0.0,0.0,False
nuscenes_mini,9e6ce5a26025462fbd9bdac2d18c07eb,car,0.9532163739204408,24.0,B,0.03,0.0156,0.0144,False
nuscenes_mini,9e6ce5a26025462fbd9bdac2d18c07eb,bicycle,0.5897435545921326,34.31,C,0.0,0.0,0.0,False
nuscenes_mini,9e6ce5a26025462fbd9bdac2d18c07eb,car,0.8476190567016602,24.36,B,0.0,0.0156,-0.0156,False
nuscenes_mini,9e6ce5a26025462fbd9bdac2d18c07eb,bicycle,0.6289855241775513,33.64,C,0.0,0.0,0.0,False
nuscenes_mini,9e6ce5a26025462fbd9bdac2d18c07eb,trailer,0.6521739363670349,4.93,A,0.1556,0.1769,-0.021300000000000013,False
nuscenes_mini,9e6ce5a26025462fbd9bdac2d18c07eb,car,0.7852349281311035,23.72,B,0.0752,0.0156,0.0596,True
nuscenes_mini,9e6ce5a26025462fbd9bdac2d18c07eb,car,0.9024390578269958,23.49,B,0.0463,0.0156,0.0307,False
nuscenes_mini,9e6ce5a26025462fbd9bdac2d18c07eb,car,0.96875,8.0,A,0.049,0.1481,-0.09910000000000001,False
nuscenes_mini,9e6ce5a26025462fbd9bdac2d18c07eb,car,0.9024390578269958,36.54,C,0.0,0.0,0.0,False
nuscenes_mini,9e6ce5a26025462fbd9bdac2d18c07eb,construction_vehicle,0.7460317611694336,10.94,A,0.0573,0.0864,-0.029100000000000008,False
nuscenes_mini,1b90013f0287408f9371729424c93892,car,0.9298245906829834,22.4,B,0.0698,0.0156,0.0542,True
nuscenes_mini,1b90013f0287408f9371729424c93892,car,0.9064327478408812,51.16,C,0.0,0.0,0.0,False
nuscenes_mini,1b90013f0287408f9371729424c93892,car,0.9569892287254332,26.0,B,0.0223,0.0027,0.0196,False
nuscenes_mini,1b90013f0287408f9371729424c93892,car,0.9024390578269958,26.08,B,0.0273,0.0027,0.0246,False
nuscenes_mini,1b90013f0287408f9371729424c93892,trailer,0.6167664527893066,4.92,A,0.1688,0.1769,-0.008099999999999996,False
nuscenes_mini,1b90013f0287408f9371729424c93892,truck,0.5631399154663086,21.94,B,0.0676,0.0156,0.05199999999999999,True
nuscenes_mini,1b90013f0287408f9371729424c93892,car,0.9609756469726562,8.0,A,0.0507,0.1481,-0.09740000000000001,False
nuscenes_mini,1b90013f0287408f9371729424c93892,car,0.8632478713989258,44.76,C,0.0,0.0,0.0,False
nuscenes_mini,1b90013f0287408f9371729424c93892,car,0.8904109597206116,37.07,C,0.0,0.0,0.0,False
nuscenes_mini,1b90013f0287408f9371729424c93892,construction_vehicle,0.7142857313156128,11.07,A,0.054,0.0864,-0.032400000000000005,False
nuscenes_mini,ca0a3858c31e4281866e2b2a7f7c0db0,car,0.9569892287254332,21.66,B,0.0588,0.0156,0.0432,False
nuscenes_mini,ca0a3858c31e4281866e2b2a7f7c0db0,car,0.9336099624633788,22.24,B,0.0014,0.0156,-0.014199999999999999,False
nuscenes_mini,ca0a3858c31e4281866e2b2a7f7c0db0,car,0.8987342119216919,51.3,C,0.0,0.0,0.0,False
nuscenes_mini,ca0a3858c31e4281866e2b2a7f7c0db0,car,0.8241757750511169,21.71,B,0.0,0.0156,-0.0156,False
nuscenes_mini,ca0a3858c31e4281866e2b2a7f7c0db0,trailer,0.6831682920455933,4.95,A,0.1524,0.1769,-0.024499999999999994,False
nuscenes_mini,ca0a3858c31e4281866e2b2a7f7c0db0,truck,0.6640419960021973,21.8,B,0.0785,0.0156,0.0629,True
nuscenes_mini,ca0a3858c31e4281866e2b2a7f7c0db0,car,0.96875,7.82,A,0.0527,0.1481,-0.09540000000000001,False
nuscenes_mini,ca0a3858c31e4281866e2b2a7f7c0db0,car,0.8750000596046448,43.61,C,0.0,0.0,0.0,False
nuscenes_mini,ca0a3858c31e4281866e2b2a7f7c0db0,car,0.8947368264198303,36.19,C,0.0,0.0,0.0,False
nuscenes_mini,ca0a3858c31e4281866e2b2a7f7c0db0,construction_vehicle,0.7344398498535156,11.09,A,0.0587,0.0864,-0.027700000000000002,False
nuscenes_mini,2c3e2cfc699f4ca78cc77dc3161d1763,pedestrian,1.0,34.8,C,0.0208,0.0,0.0208,False
nuscenes_mini,2c3e2cfc699f4ca78cc77dc3161d1763,car,0.8947368264198303,48.42,C,0.0,0.0,0.0,False
nuscenes_mini,2c3e2cfc699f4ca78cc77dc3161d1763,car,0.9375000596046448,20.67,B,0.0299,0.0156,0.0143,False
nuscenes_mini,2c3e2cfc699f4ca78cc77dc3161d1763,truck,0.8128654956817627,21.05,B,0.0694,0.0156,0.0538,True
nuscenes_mini,2c3e2cfc699f4ca78cc77dc3161d1763,car,0.6012461185455322,20.96,B,0.0251,0.0156,0.009500000000000001,False
nuscenes_mini,2c3e2cfc699f4ca78cc77dc3161d1763,trailer,0.6332378387451172,4.86,A,0.1609,0.1769,-0.016000000000000014,False
nuscenes_mini,2c3e2cfc699f4ca78cc77dc3161d1763,pedestrian,1.0,8.62,A,0.716,0.1481,0.5679,True
nuscenes_mini,2c3e2cfc699f4ca78cc77dc3161d1763,car,0.96875,8.42,A,0.0448,0.1481,-0.1033,False
nuscenes_mini,2c3e2cfc699f4ca78cc77dc3161d1763,car,0.8632478713989258,33.83,C,0.0,0.0,0.0,False
nuscenes_mini,2c3e2cfc699f4ca78cc77dc3161d1763,car,0.9024390578269958,36.4,C,0.0,0.0,0.0,False
nuscenes_mini,2c3e2cfc699f4ca78cc77dc3161d1763,construction_vehicle,0.7575758099555969,11.03,A,0.0642,0.0864,-0.02220000000000001,False
nuscenes_mini,f3e7e088082d4aabb9a3bf504d4ac904,pedestrian,1.0,39.68,C,0.0,0.0,0.0,False
nuscenes_mini,f3e7e088082d4aabb9a3bf504d4ac904,pedestrian,1.0,34.18,C,0.0156,0.0,0.0156,False
nuscenes_mini,f3e7e088082d4aabb9a3bf504d4ac904,car,0.9179486632347108,18.72,B,0.0068,0.039599999999999996,-0.032799999999999996,False
nuscenes_mini,f3e7e088082d4aabb9a3bf504d4ac904,truck,0.5775577425956726,21.05,B,0.0956,0.0156,0.08,True
nuscenes_mini,f3e7e088082d4aabb9a3bf504d4ac904,trailer,0.7229437232017517,4.9,A,0.1682,0.1769,-0.008700000000000013,False
nuscenes_mini,f3e7e088082d4aabb9a3bf504d4ac904,pedestrian,1.0,15.55,B,0.213,0.039599999999999996,0.1734,True
nuscenes_mini,f3e7e088082d4aabb9a3bf504d4ac904,car,0.8400000333786011,23.69,B,0.1383,0.0156,0.1227,True
nuscenes_mini,f3e7e088082d4aabb9a3bf504d4ac904,car,0.96875,8.18,A,0.0427,0.1481,-0.10540000000000001,False
nuscenes_mini,f3e7e088082d4aabb9a3bf504d4ac904,car,0.8987342119216919,36.11,C,0.0,0.0,0.0,False
nuscenes_mini,f3e7e088082d4aabb9a3bf504d4ac904,construction_vehicle,0.7142857313156128,10.89,A,0.0645,0.0864,-0.021900000000000003,False
nuscenes_mini,8fe9664cec514a58b1184c4fcefda6b5,pedestrian,1.0,34.36,C,0.0,0.0,0.0,False
nuscenes_mini,8fe9664cec514a58b1184c4fcefda6b5,pedestrian,1.0,34.98,C,0.0,0.0,0.0,False
nuscenes_mini,8fe9664cec514a58b1184c4fcefda6b5,car,0.8787879347801208,45.1,C,0.0,0.0,0.0,False
nuscenes_mini,8fe9664cec514a58b1184c4fcefda6b5,car,0.92592591047287,17.48,B,0.1013,0.039599999999999996,0.061700000000000005,True
nuscenes_mini,8fe9664cec514a58b1184c4fcefda6b5,trailer,0.6908212304115295,4.97,A,0.1581,0.1769,-0.01880000000000001,False
nuscenes_mini,8fe9664cec514a58b1184c4fcefda6b5,car,0.9532163739204408,23.22,B,0.0924,0.0156,0.0768,True
nuscenes_mini,8fe9664cec514a58b1184c4fcefda6b5,car,0.96875,8.47,A,0.0424,0.1481,-0.10570000000000002,False
nuscenes_mini,8fe9664cec514a58b1184c4fcefda6b5,car,0.7697842121124268,33.86,C,0.0,0.0,0.0,False
nuscenes_mini,8fe9664cec514a58b1184c4fcefda6b5,car,0.9024390578269958,34.97,C,0.0,0.0,0.0,False
nuscenes_mini,8fe9664cec514a58b1184c4fcefda6b5,construction_vehicle,0.7538461089134216,11.01,A,0.0618,0.0864,-0.024600000000000004,False
nuscenes_mini,c1676a2feac74eee8aa38ca3901787d6,pedestrian,1.0,17.64,B,0.0417,0.039599999999999996,0.0021000000000000046,False
nuscenes_mini,c1676a2feac74eee8aa38ca3901787d6,pedestrian,1.0,11.38,A,0.0417,0.0864,-0.044700000000000004,False
nuscenes_mini,c1676a2feac74eee8aa38ca3901787d6,car,0.9064327478408812,35.43,C,0.0,0.0,0.0,False
nuscenes_mini,c1676a2feac74eee8aa38ca3901787d6,car,0.8672199249267578,49.34,C,0.0,0.0,0.0,False
nuscenes_mini,c1676a2feac74eee8aa38ca3901787d6,pedestrian,1.0,11.29,A,0.0521,0.0864,-0.034300000000000004,False
nuscenes_mini,c1676a2feac74eee8aa38ca3901787d6,car,0.9101123809814452,20.85,B,0.1664,0.0156,0.1508,True
nuscenes_mini,c1676a2feac74eee8aa38ca3901787d6,bus,0.941605806350708,22.25,B,0.1661,0.0156,0.1505,True
nuscenes_mini,c1676a2feac74eee8aa38ca3901787d6,car,0.8552036285400391,42.0,C,0.0,0.0,0.0,False
nuscenes_mini,c1676a2feac74eee8aa38ca3901787d6,car,0.8709677457809448,40.56,C,0.0,0.0,0.0,False
nuscenes_mini,c1676a2feac74eee8aa38ca3901787d6,pedestrian,1.0,5.64,A,0.2812,0.1481,0.1331,True
nuscenes_mini,c1676a2feac74eee8aa38ca3901787d6,pedestrian,1.0,8.31,A,0.25,0.1481,0.10189999999999999,True
nuscenes_mini,d6b0de49811b4d1b86a0933719c0c44a,car,0.8518518805503845,49.29,C,0.0,0.0,0.0,False
nuscenes_mini,d6b0de49811b4d1b86a0933719c0c44a,truck,0.8947368264198303,44.76,C,0.0,0.0,0.0,False
nuscenes_mini,d6b0de49811b4d1b86a0933719c0c44a,pedestrian,1.0,7.29,A,0.2604,0.1481,0.11230000000000001,True
nuscenes_mini,d6b0de49811b4d1b86a0933719c0c44a,pedestrian,1.0,7.16,A,0.2346,0.1481,0.0865,True
nuscenes_mini,d6b0de49811b4d1b86a0933719c0c44a,pedestrian,1.0,11.39,A,0.0469,0.0864,-0.03950000000000001,False
nuscenes_mini,d6b0de49811b4d1b86a0933719c0c44a,pedestrian,1.0,44.51,C,0.0,0.0,0.0,False
nuscenes_mini,d6b0de49811b4d1b86a0933719c0c44a,car,0.9452055096626282,12.66,A,0.57,0.0864,0.4835999999999999,True
nuscenes_mini,d6b0de49811b4d1b86a0933719c0c44a,car,0.9452055096626282,21.42,B,0.168,0.0156,0.1524,True
nuscenes_mini,d6b0de49811b4d1b86a0933719c0c44a,pedestrian,1.0,13.92,A,0.0,0.0864,-0.0864,False
nuscenes_mini,d6b0de49811b4d1b86a0933719c0c44a,pedestrian,1.0,8.31,A,0.1964,0.1481,0.04829999999999998,False
nuscenes_mini,d6b0de49811b4d1b86a0933719c0c44a,pedestrian,1.0,5.84,A,0.4,0.1481,0.2519,True
nuscenes_mini,d6b0de49811b4d1b86a0933719c0c44a,pedestrian,1.0,10.53,A,0.1667,0.0864,0.08029999999999998,True
nuscenes_mini,d6b0de49811b4d1b86a0933719c0c44a,car,0.8709677457809448,45.11,C,0.0,0.0,0.0,False
nuscenes_mini,d6b0de49811b4d1b86a0933719c0c44a,car,0.8750000596046448,42.23,C,0.0,0.0,0.0,False
nuscenes_mini,d6b0de49811b4d1b86a0933719c0c44a,bus,0.9649122953414916,17.13,B,0.2101,0.039599999999999996,0.1705,True
nuscenes_mini,6d5d0e60cbf4429d8b6cfa055924e5ca,car,0.8358974456787109,48.15,C,0.0,0.0,0.0,False
nuscenes_mini,6d5d0e60cbf4429d8b6cfa055924e5ca,truck,0.921951174736023,34.53,C,0.0102,0.0,0.0102,False
nuscenes_mini,6d5d0e60cbf4429d8b6cfa055924e5ca,pedestrian,1.0,7.17,A,0.2857,0.1481,0.1376,True
nuscenes_mini,6d5d0e60cbf4429d8b6cfa055924e5ca,pedestrian,1.0,35.53,C,0.0,0.0,0.0,False
nuscenes_mini,6d5d0e60cbf4429d8b6cfa055924e5ca,car,0.949367105960846,13.06,A,0.7074,0.0864,0.621,True
nuscenes_mini,6d5d0e60cbf4429d8b6cfa055924e5ca,car,0.5540069937705994,42.03,C,0.0014,0.0,0.0014,False
nuscenes_mini,6d5d0e60cbf4429d8b6cfa055924e5ca,pedestrian,1.0,13.07,A,0.025,0.0864,-0.0614,False
nuscenes_mini,6d5d0e60cbf4429d8b6cfa055924e5ca,pedestrian,1.0,19.17,B,0.0312,0.039599999999999996,-0.008399999999999998,False
nuscenes_mini,6d5d0e60cbf4429d8b6cfa055924e5ca,car,0.8709677457809448,44.36,C,0.0,0.0,0.0,False
nuscenes_mini,6d5d0e60cbf4429d8b6cfa055924e5ca,car,0.8709677457809448,40.81,C,0.0,0.0,0.0,False
nuscenes_mini,6d5d0e60cbf4429d8b6cfa055924e5ca,pedestrian,1.0,6.59,A,0.1696,0.1481,0.02149999999999999,False
nuscenes_mini,6d5d0e60cbf4429d8b6cfa055924e5ca,pedestrian,1.0,6.65,A,0.1806,0.1481,0.0325,False
nuscenes_mini,6d5d0e60cbf4429d8b6cfa055924e5ca,car,0.941605806350708,14.99,A,0.1025,0.0864,0.01609999999999999,False
nuscenes_mini,6d5d0e60cbf4429d8b6cfa055924e5ca,car,0.8827838897705078,19.16,B,0.0834,0.039599999999999996,0.043800000000000006,False
nuscenes_mini,6d5d0e60cbf4429d8b6cfa055924e5ca,bus,0.9609756469726562,18.58,B,0.0863,0.039599999999999996,0.046700000000000005,False
nuscenes_mini,a51146d2b181450292623ec03ade9f03,car,0.8439024686813354,49.42,C,0.0,0.0,0.0,False
nuscenes_mini,a51146d2b181450292623ec03ade9f03,truck,0.9452055096626282,23.77,B,0.1218,0.0156,0.1062,True
nuscenes_mini,a51146d2b181450292623ec03ade9f03,pedestrian,1.0,10.1,A,0.1728,0.0864,0.0864,True
nuscenes_mini,a51146d2b181450292623ec03ade9f03,pedestrian,1.0,9.46,A,0.25,0.1481,0.10189999999999999,True
nuscenes_mini,a51146d2b181450292623ec03ade9f03,car,0.9101123809814452,22.86,B,0.0489,0.0156,0.033299999999999996,False
nuscenes_mini,a51146d2b181450292623ec03ade9f03,car,0.8904109597206116,40.84,C,0.0,0.0,0.0,False
nuscenes_mini,a51146d2b181450292623ec03ade9f03,car,0.8709677457809448,43.71,C,0.0,0.0,0.0,False
nuscenes_mini,a51146d2b181450292623ec03ade9f03,pedestrian,1.0,6.19,A,0.2,0.1481,0.0519,True
nuscenes_mini,a51146d2b181450292623ec03ade9f03,car,0.9452055096626282,13.82,A,0.1894,0.0864,0.10300000000000001,True
nuscenes_mini,a51146d2b181450292623ec03ade9f03,car,0.9298245906829834,20.59,B,0.0595,0.0156,0.043899999999999995,False
nuscenes_mini,a51146d2b181450292623ec03ade9f03,bus,0.9609756469726562,23.76,B,0.0209,0.0156,0.005299999999999999,False
nuscenes_mini,092051710b7b4d9294e98dcb3f0f7be1,car,0.8552036285400391,41.17,C,0.0,0.0,0.0,False
nuscenes_mini,092051710b7b4d9294e98dcb3f0f7be1,trailer,0.6213017702102661,15.52,B,0.5317,0.039599999999999996,0.4921,True
nuscenes_mini,092051710b7b4d9294e98dcb3f0f7be1,pedestrian,1.0,23.86,B,0.0317,0.0156,0.0161,False
nuscenes_mini,092051710b7b4d9294e98dcb3f0f7be1,pedestrian,1.0,9.35,A,0.2188,0.1481,0.07069999999999999,True
nuscenes_mini,092051710b7b4d9294e98dcb3f0f7be1,pedestrian,1.0,29.0,B,0.0,0.0027,-0.0027,False
nuscenes_mini,092051710b7b4d9294e98dcb3f0f7be1,pedestrian,1.0,15.09,B,0.0278,0.039599999999999996,-0.011799999999999998,False
nuscenes_mini,092051710b7b4d9294e98dcb3f0f7be1,car,0.8324607610702515,33.34,C,0.001,0.0,0.001,False
nuscenes_mini,092051710b7b4d9294e98dcb3f0f7be1,car,0.9336099624633788,22.72,B,0.0237,0.0156,0.0081,False
nuscenes_mini,092051710b7b4d9294e98dcb3f0f7be1,car,0.8904109597206116,40.28,C,0.0,0.0,0.0,False
nuscenes_mini,092051710b7b4d9294e98dcb3f0f7be1,car,0.8827838897705078,41.53,C,0.0,0.0,0.0,False
nuscenes_mini,092051710b7b4d9294e98dcb3f0f7be1,bus,0.9336099624633788,29.43,B,0.003,0.0027,0.0002999999999999999,False
nuscenes_mini,092051710b7b4d9294e98dcb3f0f7be1,pedestrian,1.0,21.56,B,0.0357,0.0156,0.020100000000000003,False
nuscenes_mini,092051710b7b4d9294e98dcb3f0f7be1,car,0.8947368264198303,23.71,B,0.0215,0.0156,0.005899999999999999,False
nuscenes_mini,092051710b7b4d9294e98dcb3f0f7be1,car,0.6878048777580261,50.85,C,0.0,0.0,0.0,False
nuscenes_mini,feaef544d11646ed806b53d9e1f39cd9,car,0.8518518805503845,47.74,C,0.0,0.0,0.0,False
nuscenes_mini,feaef544d11646ed806b53d9e1f39cd9,pedestrian,1.0,42.24,C,0.0,0.0,0.0,False
nuscenes_mini,feaef544d11646ed806b53d9e1f39cd9,pedestrian,1.0,14.07,A,0.0833,0.0864,-0.0031000000000000055,False
nuscenes_mini,feaef544d11646ed806b53d9e1f39cd9,pedestrian,1.0,37.99,C,0.0,0.0,0.0,False
nuscenes_mini,feaef544d11646ed806b53d9e1f39cd9,pedestrian,1.0,13.48,A,0.1429,0.0864,0.056499999999999995,True
nuscenes_mini,feaef544d11646ed806b53d9e1f39cd9,car,0.8787879347801208,44.27,C,0.0,0.0,0.0,False
nuscenes_mini,feaef544d11646ed806b53d9e1f39cd9,car,0.8904109597206116,32.81,C,0.0074,0.0,0.0074,False
nuscenes_mini,feaef544d11646ed806b53d9e1f39cd9,car,0.8632478713989258,42.25,C,0.0,0.0,0.0,False
nuscenes_mini,feaef544d11646ed806b53d9e1f39cd9,bus,0.9375000596046448,37.66,C,0.0016,0.0,0.0016,False
nuscenes_mini,feaef544d11646ed806b53d9e1f39cd9,car,0.8750000596046448,27.07,B,0.0175,0.0027,0.0148,False
nuscenes_mini,feaef544d11646ed806b53d9e1f39cd9,truck,0.9532163739204408,15.18,B,0.2547,0.039599999999999996,0.21509999999999999,True
nuscenes_mini,dca2cc206bb34bc197ae8ebdaed22f35,pedestrian,1.0,39.66,C,0.0,0.0,0.0,False
nuscenes_mini,dca2cc206bb34bc197ae8ebdaed22f35,pedestrian,1.0,34.29,C,0.0,0.0,0.0,False
nuscenes_mini,dca2cc206bb34bc197ae8ebdaed22f35,car,0.8750000596046448,42.8,C,0.0,0.0,0.0,False
nuscenes_mini,dca2cc206bb34bc197ae8ebdaed22f35,pedestrian,1.0,34.77,C,0.0,0.0,0.0,False
nuscenes_mini,dca2cc206bb34bc197ae8ebdaed22f35,pedestrian,1.0,19.24,B,0.0139,0.039599999999999996,-0.025699999999999997,False
nuscenes_mini,dca2cc206bb34bc197ae8ebdaed22f35,pedestrian,1.0,24.8,B,0.0,0.0156,-0.0156,False
nuscenes_mini,dca2cc206bb34bc197ae8ebdaed22f35,car,0.8750000596046448,43.19,C,0.0,0.0,0.0,False
nuscenes_mini,dca2cc206bb34bc197ae8ebdaed22f35,car,0.827957034111023,44.92,C,0.0,0.0,0.0,False
nuscenes_mini,dca2cc206bb34bc197ae8ebdaed22f35,car,0.8709677457809448,40.29,C,0.0,0.0,0.0,False
nuscenes_mini,dca2cc206bb34bc197ae8ebdaed22f35,bus,0.827957034111023,45.54,C,0.0,0.0,0.0,False
nuscenes_mini,dca2cc206bb34bc197ae8ebdaed22f35,truck,0.949367105960846,22.85,B,0.0096,0.0156,-0.006,False
nuscenes_mini,fe42b85d7f7a4107b650ffa993a4fbff,car,0.8709677457809448,50.51,C,0.0,0.0,0.0,False
nuscenes_mini,fe42b85d7f7a4107b650ffa993a4fbff,car,0.8358974456787109,46.8,C,0.0,0.0,0.0,False
nuscenes_mini,fe42b85d7f7a4107b650ffa993a4fbff,car,0.8358974456787109,49.14,C,0.0,0.0,0.0,False
nuscenes_mini,fe42b85d7f7a4107b650ffa993a4fbff,pedestrian,1.0,30.82,C,0.0,0.0,0.0,False
nuscenes_mini,fe42b85d7f7a4107b650ffa993a4fbff,pedestrian,1.0,16.68,B,0.0,0.039599999999999996,-0.039599999999999996,False
nuscenes_mini,fe42b85d7f7a4107b650ffa993a4fbff,car,0.8865247964859009,42.51,C,0.0,0.0,0.0,False
nuscenes_mini,fe42b85d7f7a4107b650ffa993a4fbff,car,0.7770034670829773,37.42,C,0.0,0.0,0.0,False
nuscenes_mini,fe42b85d7f7a4107b650ffa993a4fbff,car,0.8947368264198303,37.33,C,0.0,0.0,0.0,False
nuscenes_mini,fe42b85d7f7a4107b650ffa993a4fbff,truck,0.5395683646202087,52.07,C,0.0,0.0,0.0,False
nuscenes_mini,fe42b85d7f7a4107b650ffa993a4fbff,truck,0.9139785170555116,33.0,C,0.0061,0.0,0.0061,False
nuscenes_mini,fe42b85d7f7a4107b650ffa993a4fbff,pedestrian,1.0,28.2,B,0.0312,0.0027,0.028499999999999998,False
nuscenes_mini,fe42b85d7f7a4107b650ffa993a4fbff,pedestrian,1.0,25.82,B,0.0,0.0027,-0.0027,False
nuscenes_mini,fe2a163b8948451b95fa48e21e1988ce,pedestrian,1.0,15.32,B,0.0179,0.039599999999999996,-0.021699999999999997,False
nuscenes_mini,fe2a163b8948451b95fa48e21e1988ce,car,0.8632478713989258,46.53,C,0.0,0.0,0.0,False
nuscenes_mini,fe2a163b8948451b95fa48e21e1988ce,car,0.8947368264198303,39.73,C,0.0023,0.0,0.0023,False
nuscenes_mini,fe2a163b8948451b95fa48e21e1988ce,car,0.8476190567016602,47.22,C,0.0,0.0,0.0,False
nuscenes_mini,fe2a163b8948451b95fa48e21e1988ce,car,0.8750000596046448,48.51,C,0.0,0.0,0.0,False
nuscenes_mini,fe2a163b8948451b95fa48e21e1988ce,pedestrian,1.0,43.89,C,0.0,0.0,0.0,False
nuscenes_mini,fe2a163b8948451b95fa48e21e1988ce,car,0.7852349281311035,28.19,B,0.0217,0.0027,0.019,False
nuscenes_mini,fe2a163b8948451b95fa48e21e1988ce,pedestrian,1.0,29.87,B,0.0,0.0027,-0.0027,False
nuscenes_mini,fe2a163b8948451b95fa48e21e1988ce,car,0.8947368264198303,39.95,C,0.0,0.0,0.0,False
nuscenes_mini,fe2a163b8948451b95fa48e21e1988ce,car,0.8048780560493469,41.85,C,0.0022,0.0,0.0022,False
nuscenes_mini,fe2a163b8948451b95fa48e21e1988ce,car,0.8865247964859009,36.26,C,0.0,0.0,0.0,False
nuscenes_mini,fe2a163b8948451b95fa48e21e1988ce,bus,0.8827838897705078,48.39,C,0.0,0.0,0.0,False
nuscenes_mini,fe2a163b8948451b95fa48e21e1988ce,pedestrian,1.0,32.17,C,0.0156,0.0,0.0156,False
nuscenes_mini,fe2a163b8948451b95fa48e21e1988ce,pedestrian,1.0,23.01,B,0.5873,0.0156,0.5717000000000001,True
nuscenes_mini,3a7aa284dd9d485d8effc20db8cda140,pedestrian,1.0,9.5,A,0.1111,0.1481,-0.037000000000000005,False
nuscenes_mini,3a7aa284dd9d485d8effc20db8cda140,car,0.8987342119216919,34.35,C,0.0066,0.0,0.0066,False
nuscenes_mini,3a7aa284dd9d485d8effc20db8cda140,car,0.9064327478408812,28.92,B,0.1465,0.0027,0.14379999999999998,True
nuscenes_mini,3a7aa284dd9d485d8effc20db8cda140,car,0.8552036285400391,49.21,C,0.0,0.0,0.0,False
nuscenes_mini,3a7aa284dd9d485d8effc20db8cda140,car,0.8750000596046448,41.11,C,0.0,0.0,0.0,False
nuscenes_mini,3a7aa284dd9d485d8effc20db8cda140,motorcycle,0.6717948913574219,25.36,B,0.0198,0.0027,0.0171,False
nuscenes_mini,3a7aa284dd9d485d8effc20db8cda140,car,0.921951174736023,28.86,B,0.1682,0.0027,0.16549999999999998,True
nuscenes_mini,3a7aa284dd9d485d8effc20db8cda140,car,0.9024390578269958,42.38,C,0.0,0.0,0.0,False
nuscenes_mini,3a7aa284dd9d485d8effc20db8cda140,car,0.6483516097068787,47.15,C,0.0,0.0,0.0,False
nuscenes_mini,3a7aa284dd9d485d8effc20db8cda140,car,0.8865247964859009,34.1,C,0.0,0.0,0.0,False
nuscenes_mini,3a7aa284dd9d485d8effc20db8cda140,pedestrian,1.0,24.93,B,0.0208,0.0156,0.0052,False
nuscenes_mini,f218a2b4fa6941f7ac3798adc72126e8,car,0.8827838897705078,35.18,C,0.0,0.0,0.0,False
nuscenes_mini,f218a2b4fa6941f7ac3798adc72126e8,car,0.8987342119216919,22.42,B,0.0278,0.0156,0.012199999999999999,False
nuscenes_mini,f218a2b4fa6941f7ac3798adc72126e8,car,0.8439024686813354,49.28,C,0.0,0.0,0.0,False
nuscenes_mini,f218a2b4fa6941f7ac3798adc72126e8,car,0.7770034670829773,45.53,C,0.0,0.0,0.0,False
nuscenes_mini,f218a2b4fa6941f7ac3798adc72126e8,motorcycle,0.6483516097068787,20.26,B,0.0098,0.0156,-0.0058,False
nuscenes_mini,f218a2b4fa6941f7ac3798adc72126e8,pedestrian,1.0,21.24,B,0.0667,0.0156,0.05109999999999999,True
nuscenes_mini,f218a2b4fa6941f7ac3798adc72126e8,pedestrian,1.0,4.5,A,0.225,0.1769,0.048100000000000004,False
nuscenes_mini,f218a2b4fa6941f7ac3798adc72126e8,car,0.949367105960846,20.97,B,0.1641,0.0156,0.1485,True
nuscenes_mini,f218a2b4fa6941f7ac3798adc72126e8,car,0.9569892287254332,19.42,B,0.2668,0.039599999999999996,0.22719999999999999,True
nuscenes_mini,f218a2b4fa6941f7ac3798adc72126e8,car,0.9024390578269958,31.1,C,0.0046,0.0,0.0046,False
nuscenes_mini,f218a2b4fa6941f7ac3798adc72126e8,car,0.8947368264198303,41.12,C,0.0,0.0,0.0,False
nuscenes_mini,f218a2b4fa6941f7ac3798adc72126e8,pedestrian,1.0,27.68,B,0.0417,0.0027,0.039,False
nuscenes_mini,17723c0411434e48875a93de4db0ecba,car,0.9139785170555116,29.6,B,0.0,0.0027,-0.0027,False
nuscenes_mini,17723c0411434e48875a93de4db0ecba,car,0.9101123809814452,29.71,B,0.0,0.0027,-0.0027,False
nuscenes_mini,17723c0411434e48875a93de4db0ecba,car,0.8632478713989258,49.28,C,0.0,0.0,0.0,False
nuscenes_mini,17723c0411434e48875a93de4db0ecba,motorcycle,0.7730495929718018,16.29,B,0.0067,0.039599999999999996,-0.0329,False
nuscenes_mini,17723c0411434e48875a93de4db0ecba,pedestrian,1.0,18.03,B,0.0417,0.039599999999999996,0.0021000000000000046,False
nuscenes_mini,17723c0411434e48875a93de4db0ecba,car,0.92592591047287,39.96,C,0.0,0.0,0.0,False
nuscenes_mini,17723c0411434e48875a93de4db0ecba,motorcycle,0.7264957427978516,16.91,B,0.0,0.039599999999999996,-0.039599999999999996,False
nuscenes_mini,17723c0411434e48875a93de4db0ecba,pedestrian,1.0,31.98,C,0.0455,0.0,0.0455,False
nuscenes_mini,17723c0411434e48875a93de4db0ecba,car,0.9569892287254332,13.28,A,0.419,0.0864,0.3326,True
nuscenes_mini,17723c0411434e48875a93de4db0ecba,car,0.9609756469726562,12.05,A,0.685,0.0864,0.5986,True
nuscenes_mini,17723c0411434e48875a93de4db0ecba,pedestrian,1.0,26.01,B,0.0,0.0027,-0.0027,False
nuscenes_mini,17723c0411434e48875a93de4db0ecba,car,0.8827838897705078,41.68,C,0.0,0.0,0.0,False
nuscenes_mini,17723c0411434e48875a93de4db0ecba,car,0.9064327478408812,27.26,B,0.0,0.0027,-0.0027,False
nuscenes_mini,17723c0411434e48875a93de4db0ecba,car,0.9139785170555116,40.42,C,0.0,0.0,0.0,False
nuscenes_mini,17723c0411434e48875a93de4db0ecba,pedestrian,1.0,30.9,C,0.0,0.0,0.0,False
nuscenes_mini,7fd597745c26471ab336b3dd41a5f6dc,pedestrian,1.0,39.23,C,0.0,0.0,0.0,False
nuscenes_mini,7fd597745c26471ab336b3dd41a5f6dc,pedestrian,1.0,39.19,C,0.0,0.0,0.0,False
nuscenes_mini,7fd597745c26471ab336b3dd41a5f6dc,car,0.9024390578269958,24.39,B,0.0891,0.0156,0.0735,True
nuscenes_mini,7fd597745c26471ab336b3dd41a5f6dc,pedestrian,1.0,13.71,A,0.1042,0.0864,0.017799999999999996,False
nuscenes_mini,7fd597745c26471ab336b3dd41a5f6dc,motorcycle,0.8947368264198303,12.23,A,0.0623,0.0864,-0.024100000000000003,False
nuscenes_mini,7fd597745c26471ab336b3dd41a5f6dc,pedestrian,1.0,23.51,B,0.3333,0.0156,0.3177,True
nuscenes_mini,7fd597745c26471ab336b3dd41a5f6dc,car,0.949367105960846,17.99,B,0.2304,0.039599999999999996,0.1908,True
nuscenes_mini,7fd597745c26471ab336b3dd41a5f6dc,pedestrian,1.0,9.27,A,0.15,0.1481,0.001899999999999985,False
nuscenes_mini,7fd597745c26471ab336b3dd41a5f6dc,car,0.9064327478408812,27.5,B,0.0049,0.0027,0.0021999999999999997,False
nuscenes_mini,7fd597745c26471ab336b3dd41a5f6dc,car,0.8865247964859009,40.08,C,0.0,0.0,0.0,False
nuscenes_mini,7fd597745c26471ab336b3dd41a5f6dc,pedestrian,1.0,16.28,B,0.0556,0.039599999999999996,0.016,False
nuscenes_mini,7fd597745c26471ab336b3dd41a5f6dc,car,0.9139785170555116,37.74,C,0.0,0.0,0.0,False
nuscenes_mini,7fd597745c26471ab336b3dd41a5f6dc,car,0.949367105960846,12.39,A,0.1646,0.0864,0.07819999999999999,True
nuscenes_mini,19f02e3faab4412988f28d419e1727fa,pedestrian,1.0,32.93,C,0.0,0.0,0.0,False
nuscenes_mini,19f02e3faab4412988f28d419e1727fa,car,0.9101123809814452,18.96,B,0.249,0.039599999999999996,0.2094,True
nuscenes_mini,19f02e3faab4412988f28d419e1727fa,car,0.8827838897705078,22.53,B,0.1266,0.0156,0.11099999999999999,True
nuscenes_mini,19f02e3faab4412988f28d419e1727fa,motorcycle,0.8709677457809448,8.47,A,0.1273,0.1481,-0.020800000000000013,False
nuscenes_mini,19f02e3faab4412988f28d419e1727fa,pedestrian,1.0,23.29,B,0.0625,0.0156,0.0469,False
nuscenes_mini,19f02e3faab4412988f28d419e1727fa,car,0.96875,11.42,A,0.4589,0.0864,0.37249999999999994,True
nuscenes_mini,19f02e3faab4412988f28d419e1727fa,car,0.9375000596046448,18.42,B,0.3408,0.039599999999999996,0.3012,True
nuscenes_mini,19f02e3faab4412988f28d419e1727fa,car,0.9452055096626282,21.55,B,0.1664,0.0156,0.1508,True
nuscenes_mini,19f02e3faab4412988f28d419e1727fa,car,0.8709677457809448,39.71,C,0.0,0.0,0.0,False
nuscenes_mini,19f02e3faab4412988f28d419e1727fa,car,0.8083832263946533,50.97,C,0.0,0.0,0.0,False
nuscenes_mini,19f02e3faab4412988f28d419e1727fa,car,0.8947368264198303,25.36,B,0.0212,0.0027,0.0185,False
nuscenes_mini,19f02e3faab4412988f28d419e1727fa,car,0.9298245906829834,22.64,B,0.0269,0.0156,0.011300000000000001,False
nuscenes_mini,19f02e3faab4412988f28d419e1727fa,car,0.8947368264198303,22.61,B,0.0211,0.0156,0.005500000000000001,False
nuscenes_mini,312cd4d3bef1476a9211d3dab50dd0b7,pedestrian,1.0,26.6,B,0.0278,0.0027,0.025099999999999997,False
nuscenes_mini,312cd4d3bef1476a9211d3dab50dd0b7,pedestrian,1.0,20.78,B,0.1852,0.0156,0.1696,True
nuscenes_mini,312cd4d3bef1476a9211d3dab50dd0b7,car,0.9452055096626282,12.42,A,0.4924,0.0864,0.406,True
nuscenes_mini,312cd4d3bef1476a9211d3dab50dd0b7,car,0.9375000596046448,13.16,A,0.5314,0.0864,0.44499999999999995,True
nuscenes_mini,312cd4d3bef1476a9211d3dab50dd0b7,car,0.8865247964859009,36.92,C,0.0,0.0,0.0,False
nuscenes_mini,312cd4d3bef1476a9211d3dab50dd0b7,car,0.9179486632347108,36.65,C,0.0,0.0,0.0,False
nuscenes_mini,312cd4d3bef1476a9211d3dab50dd0b7,car,0.9139785170555116,24.67,B,0.0115,0.0156,-0.0040999999999999995,False
nuscenes_mini,312cd4d3bef1476a9211d3dab50dd0b7,car,0.9101123809814452,30.13,C,0.0063,0.0,0.0063,False
nuscenes_mini,312cd4d3bef1476a9211d3dab50dd0b7,car,0.8709677457809448,44.81,C,0.0,0.0,0.0,False
nuscenes_mini,312cd4d3bef1476a9211d3dab50dd0b7,motorcycle,0.9179486632347108,7.66,A,0.2019,0.1481,0.05379999999999999,True
nuscenes_mini,312cd4d3bef1476a9211d3dab50dd0b7,car,0.9452055096626282,14.39,A,0.1607,0.0864,0.0743,True
nuscenes_mini,4aaaf68b9f9f45968a4e862eb03e17ea,car,0.9569892287254332,9.28,A,0.8025,0.1481,0.6544,True
nuscenes_mini,4aaaf68b9f9f45968a4e862eb03e17ea,car,0.8787879347801208,37.04,C,0.0,0.0,0.0,False
nuscenes_mini,4aaaf68b9f9f45968a4e862eb03e17ea,car,0.921951174736023,23.15,B,0.022,0.0156,0.0063999999999999994,False
nuscenes_mini,4aaaf68b9f9f45968a4e862eb03e17ea,car,0.8865247964859009,49.13,C,0.0,0.0,0.0,False
nuscenes_mini,4aaaf68b9f9f45968a4e862eb03e17ea,car,0.8400000333786011,43.45,C,0.0,0.0,0.0,False
nuscenes_mini,4aaaf68b9f9f45968a4e862eb03e17ea,car,0.859649121761322,40.98,C,0.0,0.0,0.0,False
nuscenes_mini,4aaaf68b9f9f45968a4e862eb03e17ea,car,0.9101123809814452,22.97,B,0.012,0.0156,-0.003599999999999999,False
nuscenes_mini,4aaaf68b9f9f45968a4e862eb03e17ea,motorcycle,0.8632478713989258,10.58,A,0.0594,0.0864,-0.027000000000000003,False
nuscenes_mini,4aaaf68b9f9f45968a4e862eb03e17ea,pedestrian,1.0,23.65,B,0.0,0.0156,-0.0156,False
nuscenes_mini,4aaaf68b9f9f45968a4e862eb03e17ea,car,0.949367105960846,13.18,A,0.2274,0.0864,0.141,True
nuscenes_mini,639a4120779f44bb9cf41be3e8612e36,pedestrian,1.0,14.34,A,0.0536,0.0864,-0.0328,False
nuscenes_mini,639a4120779f44bb9cf41be3e8612e36,pedestrian,1.0,13.95,A,0.0781,0.0864,-0.008300000000000002,False
nuscenes_mini,639a4120779f44bb9cf41be3e8612e36,pedestrian,1.0,14.34,A,0.0417,0.0864,-0.044700000000000004,False
nuscenes_mini,639a4120779f44bb9cf41be3e8612e36,pedestrian,1.0,13.91,A,0.0694,0.0864,-0.017,False
nuscenes_mini,639a4120779f44bb9cf41be3e8612e36,car,0.8865247964859009,26.8,B,0.0301,0.0027,0.027399999999999997,False
nuscenes_mini,639a4120779f44bb9cf41be3e8612e36,car,0.6363636255264282,39.66,C,0.0,0.0,0.0,False
nuscenes_mini,639a4120779f44bb9cf41be3e8612e36,car,0.7815700173377991,39.02,C,0.0,0.0,0.0,False
nuscenes_mini,639a4120779f44bb9cf41be3e8612e36,car,0.9532163739204408,23.28,B,0.0352,0.0156,0.019600000000000003,False
nuscenes_mini,639a4120779f44bb9cf41be3e8612e36,car,0.9024390578269958,22.51,B,0.0012,0.0156,-0.0144,False
nuscenes_mini,639a4120779f44bb9cf41be3e8612e36,motorcycle,0.8672199249267578,15.4,B,0.0419,0.039599999999999996,0.0023000000000000034,False
nuscenes_mini,639a4120779f44bb9cf41be3e8612e36,car,0.9452055096626282,7.88,A,0.1081,0.1481,-0.04000000000000001,False
nuscenes_mini,b2f333255d574bebb6f170beaab6a824,car,0.8827838897705078,52.49,C,0.0,0.0,0.0,False
nuscenes_mini,b2f333255d574bebb6f170beaab6a824,car,0.8632478713989258,48.34,C,0.0,0.0,0.0,False
nuscenes_mini,b2f333255d574bebb6f170beaab6a824,pedestrian,1.0,8.65,A,0.1806,0.1481,0.0325,False
nuscenes_mini,b2f333255d574bebb6f170beaab6a824,pedestrian,1.0,9.23,A,0.0625,0.1481,-0.08560000000000001,False
nuscenes_mini,b2f333255d574bebb6f170beaab6a824,car,0.8947368264198303,35.78,C,0.0,0.0,0.0,False
nuscenes_mini,b2f333255d574bebb6f170beaab6a824,car,0.859649121761322,36.67,C,0.0,0.0,0.0,False
nuscenes_mini,b2f333255d574bebb6f170beaab6a824,car,0.9179486632347108,21.37,B,0.0046,0.0156,-0.011,False
nuscenes_mini,b2f333255d574bebb6f170beaab6a824,car,0.8827838897705078,34.54,C,0.0093,0.0,0.0093,False
nuscenes_mini,b2f333255d574bebb6f170beaab6a824,motorcycle,0.7264957427978516,20.63,B,0.0501,0.0156,0.0345,False
nuscenes_mini,b2f333255d574bebb6f170beaab6a824,car,0.9452055096626282,10.09,A,0.1157,0.0864,0.029299999999999993,False
nuscenes_mini,0106a9b8e65f4ad1867b44591aeed8b0,car,0.8987342119216919,39.01,C,0.0,0.0,0.0,False
nuscenes_mini,0106a9b8e65f4ad1867b44591aeed8b0,car,0.8518518805503845,40.01,C,0.0,0.0,0.0,False
nuscenes_mini,0106a9b8e65f4ad1867b44591aeed8b0,car,0.859649121761322,46.96,C,0.0,0.0,0.0,False
nuscenes_mini,0106a9b8e65f4ad1867b44591aeed8b0,car,0.941605806350708,14.58,A,0.0562,0.0864,-0.030200000000000005,False
nuscenes_mini,0106a9b8e65f4ad1867b44591aeed8b0,car,0.8947368264198303,28.75,B,0.0124,0.0027,0.0097,False
nuscenes_mini,0106a9b8e65f4ad1867b44591aeed8b0,car,0.921951174736023,20.09,B,0.0165,0.0156,0.0009000000000000015,False
nuscenes_mini,0106a9b8e65f4ad1867b44591aeed8b0,motorcycle,0.6952381134033203,26.44,B,0.0176,0.0027,0.0149,False
nuscenes_mini,0106a9b8e65f4ad1867b44591aeed8b0,pedestrian,1.0,6.48,A,0.1875,0.1481,0.03939999999999999,False
nuscenes_mini,0106a9b8e65f4ad1867b44591aeed8b0,pedestrian,1.0,6.45,A,0.2159,0.1481,0.0678,True
nuscenes_mini,4786b3c0d0a24c8b86b0676d32dd5919,car,0.9139785170555116,26.62,B,0.0707,0.0027,0.068,True
nuscenes_mini,4786b3c0d0a24c8b86b0676d32dd5919,car,0.8202247023582458,41.83,C,0.0,0.0,0.0,False
nuscenes_mini,4786b3c0d0a24c8b86b0676d32dd5919,car,0.6831682920455933,45.38,C,0.0,0.0,0.0,False
nuscenes_mini,4786b3c0d0a24c8b86b0676d32dd5919,car,0.8827838897705078,33.91,C,0.0032,0.0,0.0032,False
nuscenes_mini,4786b3c0d0a24c8b86b0676d32dd5919,car,0.8750000596046448,30.28,C,0.008,0.0,0.008,False
nuscenes_mini,4786b3c0d0a24c8b86b0676d32dd5919,car,0.9532163739204408,19.5,B,0.043,0.039599999999999996,0.0034000000000000002,False
nuscenes_mini,4786b3c0d0a24c8b86b0676d32dd5919,car,0.8947368264198303,29.29,B,0.0176,0.0027,0.0149,False
nuscenes_mini,4786b3c0d0a24c8b86b0676d32dd5919,car,0.9179486632347108,18.56,B,0.0238,0.039599999999999996,-0.015799999999999995,False
nuscenes_mini,4786b3c0d0a24c8b86b0676d32dd5919,pedestrian,1.0,10.22,A,0.0,0.0864,-0.0864,False
nuscenes_mini,4ee219c4638949de9d994bc792fd0a69,car,0.9101123809814452,28.76,B,0.0333,0.0027,0.030600000000000002,False
nuscenes_mini,4ee219c4638949de9d994bc792fd0a69,car,0.8827838897705078,34.9,C,0.0,0.0,0.0,False
nuscenes_mini,4ee219c4638949de9d994bc792fd0a69,car,0.9452055096626282,15.97,B,0.4417,0.039599999999999996,0.4021,True
nuscenes_mini,4ee219c4638949de9d994bc792fd0a69,car,0.7538461089134216,47.83,C,0.0,0.0,0.0,False
nuscenes_mini,4ee219c4638949de9d994bc792fd0a69,car,0.9298245906829834,17.16,B,0.0142,0.039599999999999996,-0.025399999999999995,False
nuscenes_mini,4ee219c4638949de9d994bc792fd0a69,car,0.8750000596046448,30.07,C,0.005,0.0,0.005,False
nuscenes_mini,4ee219c4638949de9d994bc792fd0a69,car,0.8865247964859009,24.21,B,0.0415,0.0156,0.025900000000000003,False
nuscenes_mini,4ee219c4638949de9d994bc792fd0a69,car,0.9024390578269958,30.15,C,0.0122,0.0,0.0122,False
nuscenes_mini,ac9af15d1aba4f5786877dde9f0b1c93,car,0.9336099624633788,23.23,B,0.0546,0.0156,0.03900000000000001,False
nuscenes_mini,ac9af15d1aba4f5786877dde9f0b1c93,car,0.9064327478408812,31.6,C,0.0081,0.0,0.0081,False
nuscenes_mini,ac9af15d1aba4f5786877dde9f0b1c93,car,0.8324607610702515,45.15,C,0.0,0.0,0.0,False
nuscenes_mini,ac9af15d1aba4f5786877dde9f0b1c93,car,0.8400000333786011,34.73,C,0.0201,0.0,0.0201,False
nuscenes_mini,ac9af15d1aba4f5786877dde9f0b1c93,car,0.941605806350708,15.95,B,0.0249,0.039599999999999996,-0.014699999999999998,False
nuscenes_mini,ac9af15d1aba4f5786877dde9f0b1c93,car,0.8324607610702515,29.62,B,0.0023,0.0027,-0.0004000000000000002,False
nuscenes_mini,ac9af15d1aba4f5786877dde9f0b1c93,car,0.8827838897705078,32.42,C,0.0,0.0,0.0,False
nuscenes_mini,ac9af15d1aba4f5786877dde9f0b1c93,car,0.8987342119216919,20.21,B,0.0,0.0156,-0.0156,False
nuscenes_mini,ac9af15d1aba4f5786877dde9f0b1c93,car,0.9532163739204408,10.22,A,0.2877,0.0864,0.2013,True
nuscenes_mini,61d47d1198184bfdaa6777e9448d825d,car,0.9298245906829834,17.97,B,0.1857,0.039599999999999996,0.1461,True
nuscenes_mini,61d47d1198184bfdaa6777e9448d825d,car,0.8987342119216919,25.96,B,0.0661,0.0027,0.06340000000000001,True
nuscenes_mini,61d47d1198184bfdaa6777e9448d825d,car,0.7968254089355469,39.76,C,0.0,0.0,0.0,False
nuscenes_mini,61d47d1198184bfdaa6777e9448d825d,car,0.7104072570800781,41.6,C,0.0,0.0,0.0,False
nuscenes_mini,61d47d1198184bfdaa6777e9448d825d,car,0.7575758099555969,38.93,C,0.0198,0.0,0.0198,False
nuscenes_mini,61d47d1198184bfdaa6777e9448d825d,car,0.8709677457809448,44.86,C,0.0,0.0,0.0,False
nuscenes_mini,61d47d1198184bfdaa6777e9448d825d,pedestrian,1.0,28.02,B,0.0,0.0027,-0.0027,False
nuscenes_mini,61d47d1198184bfdaa6777e9448d825d,pedestrian,1.0,34.01,C,0.0,0.0,0.0,False
nuscenes_mini,61d47d1198184bfdaa6777e9448d825d,car,0.9336099624633788,14.66,A,0.0516,0.0864,-0.034800000000000005,False
nuscenes_mini,61d47d1198184bfdaa6777e9448d825d,car,0.8904109597206116,28.06,B,0.0,0.0027,-0.0027,False
nuscenes_mini,61d47d1198184bfdaa6777e9448d825d,car,0.8987342119216919,33.92,C,0.0,0.0,0.0,False
nuscenes_mini,61d47d1198184bfdaa6777e9448d825d,car,0.9452055096626282,14.16,A,0.1129,0.0864,0.026499999999999996,False
nuscenes_mini,f1fd429830e3437db4ba03ba851f0015,car,0.9375000596046448,21.58,B,0.0825,0.0156,0.0669,True
nuscenes_mini,f1fd429830e3437db4ba03ba851f0015,car,0.9375000596046448,13.45,A,0.5756,0.0864,0.48919999999999997,True
nuscenes_mini,f1fd429830e3437db4ba03ba851f0015,car,0.9609756469726562,12.81,A,0.6464,0.0864,0.5599999999999999,True
nuscenes_mini,f1fd429830e3437db4ba03ba851f0015,car,0.9139785170555116,34.59,C,0.0142,0.0,0.0142,False
nuscenes_mini,f1fd429830e3437db4ba03ba851f0015,car,0.941605806350708,13.29,A,0.0405,0.0864,-0.0459,False
nuscenes_mini,f1fd429830e3437db4ba03ba851f0015,car,0.8865247964859009,30.62,C,0.0015,0.0,0.0015,False
nuscenes_mini,f1fd429830e3437db4ba03ba851f0015,car,0.9452055096626282,22.46,B,0.0031,0.0156,-0.012499999999999999,False
nuscenes_mini,f1fd429830e3437db4ba03ba851f0015,car,0.6012461185455322,38.72,C,0.0,0.0,0.0,False
nuscenes_mini,f1fd429830e3437db4ba03ba851f0015,car,0.9064327478408812,31.65,C,0.0,0.0,0.0,False
nuscenes_mini,7df1288fed8a403b8e7a35112b392d7c,car,0.9064327478408812,17.84,B,0.0681,0.039599999999999996,0.028499999999999998,False
nuscenes_mini,7df1288fed8a403b8e7a35112b392d7c,car,0.9609756469726562,9.16,A,0.8808,0.1481,0.7327,True
nuscenes_mini,7df1288fed8a403b8e7a35112b392d7c,car,0.8632478713989258,29.59,B,0.0148,0.0027,0.0121,False
nuscenes_mini,7df1288fed8a403b8e7a35112b392d7c,car,0.9452055096626282,17.81,B,0.0849,0.039599999999999996,0.04530000000000001,False
nuscenes_mini,7df1288fed8a403b8e7a35112b392d7c,car,0.8987342119216919,41.55,C,0.031,0.0,0.031,False
nuscenes_mini,7df1288fed8a403b8e7a35112b392d7c,car,0.8672199249267578,49.12,C,0.0016,0.0,0.0016,False
nuscenes_mini,7df1288fed8a403b8e7a35112b392d7c,car,0.9139785170555116,27.83,B,0.0029,0.0027,0.00019999999999999966,False
nuscenes_mini,7df1288fed8a403b8e7a35112b392d7c,car,0.9532163739204408,11.89,A,0.0527,0.0864,-0.03370000000000001,False
nuscenes_mini,7df1288fed8a403b8e7a35112b392d7c,car,0.719298243522644,41.06,C,0.0,0.0,0.0,False
nuscenes_mini,7df1288fed8a403b8e7a35112b392d7c,car,0.6213017702102661,31.01,C,0.0,0.0,0.0,False
nuscenes_mini,7df1288fed8a403b8e7a35112b392d7c,car,0.9101123809814452,33.49,C,0.0,0.0,0.0,False
nuscenes_mini,264c5f3a04744d53a72fd07c1bb6a724,car,0.949367105960846,7.23,A,0.695,0.1481,0.5468999999999999,True
nuscenes_mini,264c5f3a04744d53a72fd07c1bb6a724,car,0.9375000596046448,15.03,B,0.6542,0.039599999999999996,0.6146,True
nuscenes_mini,264c5f3a04744d53a72fd07c1bb6a724,car,0.9375000596046448,30.96,C,0.0,0.0,0.0,False
nuscenes_mini,264c5f3a04744d53a72fd07c1bb6a724,bicycle,0.5775577425956726,31.24,C,0.0,0.0,0.0,False
nuscenes_mini,264c5f3a04744d53a72fd07c1bb6a724,car,0.8987342119216919,31.32,C,0.003,0.0,0.003,False
nuscenes_mini,264c5f3a04744d53a72fd07c1bb6a724,car,0.9532163739204408,10.46,A,0.0558,0.0864,-0.030600000000000002,False
nuscenes_mini,264c5f3a04744d53a72fd07c1bb6a724,car,0.9179486632347108,26.64,B,0.0056,0.0027,0.0029,False
nuscenes_mini,bc0040070bcc4233a057bb293f5f6444,pedestrian,1.0,40.15,C,0.0,0.0,0.0,False
nuscenes_mini,bc0040070bcc4233a057bb293f5f6444,car,0.949367105960846,13.64,A,0.7494,0.0864,0.6629999999999999,True
nuscenes_mini,bc0040070bcc4233a057bb293f5f6444,car,0.9375000596046448,32.05,C,0.1427,0.0,0.1427,True
nuscenes_mini,bc0040070bcc4233a057bb293f5f6444,car,0.9024390578269958,30.23,C,0.4049,0.0,0.4049,True
nuscenes_mini,bc0040070bcc4233a057bb293f5f6444,bicycle,0.7852349281311035,37.19,C,0.0,0.0,0.0,False
nuscenes_mini,bc0040070bcc4233a057bb293f5f6444,bicycle,0.5311355590820312,40.05,C,0.0,0.0,0.0,False
nuscenes_mini,bc0040070bcc4233a057bb293f5f6444,car,0.8904109597206116,34.17,C,0.0,0.0,0.0,False
nuscenes_mini,bc0040070bcc4233a057bb293f5f6444,car,0.9649122953414916,9.07,A,0.0865,0.1481,-0.061600000000000016,False
nuscenes_mini,bc0040070bcc4233a057bb293f5f6444,car,0.9179486632347108,23.89,B,0.0094,0.0156,-0.006199999999999999,False
nuscenes_mini,bc0040070bcc4233a057bb293f5f6444,car,0.8439024686813354,46.38,C,0.0,0.0,0.0,False
nuscenes_mini,bc0040070bcc4233a057bb293f5f6444,car,0.9139785170555116,20.35,B,0.4287,0.0156,0.4131,True
nuscenes_mini,bc0040070bcc4233a057bb293f5f6444,car,0.8128654956817627,36.82,C,0.0375,0.0,0.0375,False
nuscenes_mini,bc0040070bcc4233a057bb293f5f6444,car,0.96875,6.71,A,0.5767,0.1481,0.4286,True
nuscenes_mini,269ccf1fe399403c914e1f649d2a8ca2,pedestrian,1.0,35.03,C,0.0,0.0,0.0,False
nuscenes_mini,269ccf1fe399403c914e1f649d2a8ca2,pedestrian,1.0,35.06,C,0.0,0.0,0.0,False
nuscenes_mini,269ccf1fe399403c914e1f649d2a8ca2,car,0.9336099624633788,14.1,A,0.352,0.0864,0.26559999999999995,True
nuscenes_mini,269ccf1fe399403c914e1f649d2a8ca2,car,0.7655677795410156,46.98,C,0.0,0.0,0.0,False
nuscenes_mini,269ccf1fe399403c914e1f649d2a8ca2,bicycle,0.8476190567016602,22.42,B,0.19,0.0156,0.1744,True
nuscenes_mini,269ccf1fe399403c914e1f649d2a8ca2,car,0.8904109597206116,32.96,C,0.0,0.0,0.0,False
nuscenes_mini,269ccf1fe399403c914e1f649d2a8ca2,car,0.9336099624633788,22.38,B,0.0024,0.0156,-0.0132,False
nuscenes_mini,269ccf1fe399403c914e1f649d2a8ca2,car,0.9609756469726562,8.52,A,0.2667,0.1481,0.11859999999999998,True
nuscenes_mini,269ccf1fe399403c914e1f649d2a8ca2,car,0.8750000596046448,29.5,B,0.0335,0.0027,0.0308,False
nuscenes_mini,269ccf1fe399403c914e1f649d2a8ca2,car,0.949367105960846,17.85,B,0.3125,0.039599999999999996,0.27290000000000003,True
nuscenes_mini,59b32981037042eda1fed3c1026fbaba,pedestrian,1.0,44.52,C,0.0,0.0,0.0,False
nuscenes_mini,59b32981037042eda1fed3c1026fbaba,bicycle,0.9064327478408812,18.94,B,0.75,0.039599999999999996,0.7104,True
nuscenes_mini,59b32981037042eda1fed3c1026fbaba,car,0.9101123809814452,29.86,B,0.0036,0.0027,0.0008999999999999998,False
nuscenes_mini,59b32981037042eda1fed3c1026fbaba,car,0.949367105960846,6.66,A,0.1261,0.1481,-0.02200000000000002,False
nuscenes_mini,59b32981037042eda1fed3c1026fbaba,car,0.941605806350708,20.66,B,0.0119,0.0156,-0.0036999999999999984,False
nuscenes_mini,59b32981037042eda1fed3c1026fbaba,car,0.9649122953414916,16.63,B,0.1956,0.039599999999999996,0.156,True
nuscenes_mini,59b32981037042eda1fed3c1026fbaba,car,0.8947368264198303,48.38,C,0.0,0.0,0.0,False
nuscenes_mini,59b32981037042eda1fed3c1026fbaba,car,0.9336099624633788,38.56,C,0.0,0.0,0.0,False
nuscenes_mini,59b32981037042eda1fed3c1026fbaba,car,0.96875,18.18,B,0.0739,0.039599999999999996,0.0343,False
nuscenes_mini,59b32981037042eda1fed3c1026fbaba,car,0.9101123809814452,39.21,C,0.0,0.0,0.0,False
nuscenes_mini,1dba6570f0774b5cb87de6694bb338c0,car,0.941605806350708,20.08,B,0.0096,0.0156,-0.006,False
nuscenes_mini,1dba6570f0774b5cb87de6694bb338c0,car,0.859649121761322,31.6,C,0.0,0.0,0.0,False
nuscenes_mini,1dba6570f0774b5cb87de6694bb338c0,car,0.8400000333786011,34.02,C,0.0,0.0,0.0,False
nuscenes_mini,1dba6570f0774b5cb87de6694bb338c0,car,0.8947368264198303,47.42,C,0.0,0.0,0.0,False
nuscenes_mini,1dba6570f0774b5cb87de6694bb338c0,car,0.8787879347801208,37.85,C,0.0013,0.0,0.0013,False
nuscenes_mini,1dba6570f0774b5cb87de6694bb338c0,car,0.949367105960846,5.12,A,0.1411,0.1481,-0.007000000000000006,False
nuscenes_mini,1dba6570f0774b5cb87de6694bb338c0,car,0.8827838897705078,44.07,C,0.0,0.0,0.0,False
nuscenes_mini,1dba6570f0774b5cb87de6694bb338c0,car,0.941605806350708,21.2,B,0.1025,0.0156,0.08689999999999999,True
nuscenes_mini,1dba6570f0774b5cb87de6694bb338c0,bicycle,0.8400000333786011,22.32,B,0.2652,0.0156,0.2496,True
nuscenes_mini,3e7ed5cf0b4541e4a0e1b109dfea89cf,pedestrian,1.0,25.26,B,0.125,0.0027,0.1223,True
nuscenes_mini,3e7ed5cf0b4541e4a0e1b109dfea89cf,pedestrian,1.0,29.33,B,0.0,0.0027,-0.0027,False
nuscenes_mini,3e7ed5cf0b4541e4a0e1b109dfea89cf,car,0.8750000596046448,30.24,C,0.0014,0.0,0.0014,False
nuscenes_mini,3e7ed5cf0b4541e4a0e1b109dfea89cf,car,0.949367105960846,18.09,B,0.0073,0.039599999999999996,-0.032299999999999995,False
nuscenes_mini,3e7ed5cf0b4541e4a0e1b109dfea89cf,car,0.9298245906829834,28.5,B,0.0214,0.0027,0.018699999999999998,False
nuscenes_mini,3e7ed5cf0b4541e4a0e1b109dfea89cf,pedestrian,1.0,4.43,A,0.3111,0.1769,0.13419999999999999,True
nuscenes_mini,3e7ed5cf0b4541e4a0e1b109dfea89cf,car,0.941605806350708,3.92,A,0.5051,0.1769,0.3282,True
nuscenes_mini,3e7ed5cf0b4541e4a0e1b109dfea89cf,car,0.8518518805503845,46.98,C,0.0,0.0,0.0,False
nuscenes_mini,3e7ed5cf0b4541e4a0e1b109dfea89cf,car,0.8202247023582458,49.52,C,0.0,0.0,0.0,False
nuscenes_mini,3e7ed5cf0b4541e4a0e1b109dfea89cf,car,0.8476190567016602,34.67,C,0.0,0.0,0.0,False
nuscenes_mini,3e7ed5cf0b4541e4a0e1b109dfea89cf,bicycle,0.7852349281311035,23.19,B,0.0,0.0156,-0.0156,False
nuscenes_mini,be1494c7762c43ca88010f366997a586,pedestrian,1.0,17.99,B,0.7222,0.039599999999999996,0.6826,True
nuscenes_mini,be1494c7762c43ca88010f366997a586,truck,0.7460317611694336,19.21,B,0.2172,0.039599999999999996,0.1776,True
nuscenes_mini,be1494c7762c43ca88010f366997a586,car,0.92592591047287,36.67,C,0.0053,0.0,0.0053,False
nuscenes_mini,be1494c7762c43ca88010f366997a586,car,0.9024390578269958,30.95,C,0.0,0.0,0.0,False
nuscenes_mini,be1494c7762c43ca88010f366997a586,car,0.949367105960846,16.1,B,0.012,0.039599999999999996,-0.027599999999999996,False
nuscenes_mini,be1494c7762c43ca88010f366997a586,car,0.9532163739204408,3.6,A,0.5622,0.1769,0.38530000000000003,True
nuscenes_mini,b422bd971acf483592e367c2c5057a60,truck,0.8358974456787109,12.94,A,0.6809,0.0864,0.5944999999999999,True
nuscenes_mini,b422bd971acf483592e367c2c5057a60,car,0.9336099624633788,14.55,A,0.0199,0.0864,-0.0665,False
nuscenes_mini,b422bd971acf483592e367c2c5057a60,car,0.9064327478408812,31.01,C,0.0017,0.0,0.0017,False
nuscenes_mini,b422bd971acf483592e367c2c5057a60,car,0.5747508406639099,44.3,C,0.0,0.0,0.0,False
nuscenes_mini,b422bd971acf483592e367c2c5057a60,car,0.9569892287254332,3.43,A,0.5651,0.1769,0.38820000000000005,True
nuscenes_mini,fa51f1910942494cbe396640010fea64,car,0.949367105960846,13.9,A,0.0292,0.0864,-0.0572,False
nuscenes_mini,fa51f1910942494cbe396640010fea64,car,0.9024390578269958,29.28,B,0.0011,0.0027,-0.0016,False
nuscenes_mini,fa51f1910942494cbe396640010fea64,car,0.941605806350708,3.05,A,0.6906,0.1769,0.5137,True
nuscenes_mini,fa51f1910942494cbe396640010fea64,truck,0.6559139490127563,11.08,A,0.3579,0.0864,0.27149999999999996,True
nuscenes_mini,26e594c412e84bdda76e344933fe305a,car,0.96875,4.02,A,0.7789,0.1769,0.6020000000000001,True
nuscenes_mini,26e594c412e84bdda76e344933fe305a,car,0.949367105960846,12.53,A,0.0606,0.0864,-0.025800000000000003,False
nuscenes_mini,26e594c412e84bdda76e344933fe305a,car,0.9024390578269958,11.06,A,0.0,0.0864,-0.0864,False
nuscenes_mini,26e594c412e84bdda76e344933fe305a,truck,0.7419355511665344,14.92,A,0.0951,0.0864,0.0087,False
nuscenes_mini,78e778e7e6c84dc59c0436a4d6ff5032,bus,0.8358974456787109,52.96,C,0.0,0.0,0.0,False
nuscenes_mini,78e778e7e6c84dc59c0436a4d6ff5032,car,0.9649122953414916,4.49,A,0.848,0.1769,0.6711,True
nuscenes_mini,78e778e7e6c84dc59c0436a4d6ff5032,car,0.949367105960846,12.18,A,0.0513,0.0864,-0.035100000000000006,False
nuscenes_mini,78e778e7e6c84dc59c0436a4d6ff5032,car,0.9064327478408812,22.46,B,0.0496,0.0156,0.034,False
nuscenes_mini,9966278ad296494598a9e5fba07926e0,bus,0.6683937907218933,52.92,C,0.0,0.0,0.0,False
nuscenes_mini,9966278ad296494598a9e5fba07926e0,car,0.976608157157898,6.1,A,0.8705,0.1481,0.7224,True
nuscenes_mini,9966278ad296494598a9e5fba07926e0,car,0.9569892287254332,11.38,A,0.0651,0.0864,-0.0213,False
nuscenes_mini,9966278ad296494598a9e5fba07926e0,car,0.9064327478408812,28.14,B,0.0,0.0027,-0.0027,False
nuscenes_mini,225aa2795d63442ebc496cd0c49d3bdb,bus,0.7500000596046448,50.22,C,0.0,0.0,0.0,False
nuscenes_mini,225aa2795d63442ebc496cd0c49d3bdb,car,0.9649122953414916,7.1,A,0.88,0.1481,0.7319,True
nuscenes_mini,225aa2795d63442ebc496cd0c49d3bdb,car,0.9569892287254332,10.79,A,0.0758,0.0864,-0.010599999999999998,False
nuscenes_mini,225aa2795d63442ebc496cd0c49d3bdb,car,0.9101123809814452,29.71,B,0.0,0.0027,-0.0027,False
nuscenes_mini,de9432d4fc7a4e5a985e2bc628eb614c,car,0.941605806350708,7.98,A,0.6512,0.1481,0.5031,True
nuscenes_mini,de9432d4fc7a4e5a985e2bc628eb614c,bus,0.7730495929718018,43.13,C,0.0,0.0,0.0,False
nuscenes_mini,de9432d4fc7a4e5a985e2bc628eb614c,car,0.9609756469726562,8.27,A,0.6756,0.1481,0.5275,True
nuscenes_mini,de9432d4fc7a4e5a985e2bc628eb614c,car,0.9532163739204408,9.99,A,0.0144,0.1481,-0.1337,False
nuscenes_mini,de9432d4fc7a4e5a985e2bc628eb614c,car,0.9064327478408812,34.47,C,0.0,0.0,0.0,False
nuscenes_mini,63c24b51feb94f14bec29022dae4975d,car,0.949367105960846,8.61,A,0.6488,0.1481,0.5007,True
nuscenes_mini,63c24b51feb94f14bec29022dae4975d,bus,0.9298245906829834,32.66,C,0.0074,0.0,0.0074,False
nuscenes_mini,63c24b51feb94f14bec29022dae4975d,car,0.9569892287254332,7.4,A,0.7793,0.1481,0.6312,True
nuscenes_mini,63c24b51feb94f14bec29022dae4975d,car,0.9609756469726562,9.97,A,0.0654,0.1481,-0.08270000000000001,False
nuscenes_mini,63c24b51feb94f14bec29022dae4975d,car,0.9179486632347108,32.28,C,0.0,0.0,0.0,False
nuscenes_mini,5998b71b64c146769bde1d5430741381,car,0.8709677457809448,16.36,B,0.0007,0.039599999999999996,-0.0389,False
nuscenes_mini,5998b71b64c146769bde1d5430741381,car,0.5508772134780884,35.41,C,0.0,0.0,0.0,False
nuscenes_mini,5998b71b64c146769bde1d5430741381,car,0.675126850605011,41.8,C,0.0,0.0,0.0,False
nuscenes_mini,5998b71b64c146769bde1d5430741381,car,0.8750000596046448,16.75,B,0.0005,0.039599999999999996,-0.039099999999999996,False
nuscenes_mini,5998b71b64c146769bde1d5430741381,car,0.859649121761322,11.84,A,0.4783,0.0864,0.3919,True
nuscenes_mini,5998b71b64c146769bde1d5430741381,car,0.9375000596046448,15.84,B,0.2217,0.039599999999999996,0.1821,True
nuscenes_mini,5998b71b64c146769bde1d5430741381,car,0.941605806350708,9.9,A,0.0744,0.1481,-0.07370000000000002,False
nuscenes_mini,5998b71b64c146769bde1d5430741381,car,0.8324607610702515,13.74,A,0.102,0.0864,0.015599999999999989,False
nuscenes_mini,5998b71b64c146769bde1d5430741381,car,0.859649121761322,9.28,A,0.1894,0.1481,0.0413,False
nuscenes_mini,30aaef2c5ab44dc4afea271fe829b459,car,0.7928802371025085,38.73,C,0.0,0.0,0.0,False
nuscenes_mini,30aaef2c5ab44dc4afea271fe829b459,car,0.7229437232017517,49.19,C,0.0,0.0,0.0,False
nuscenes_mini,30aaef2c5ab44dc4afea271fe829b459,car,0.8160918951034546,39.67,C,0.0072,0.0,0.0072,False
nuscenes_mini,30aaef2c5ab44dc4afea271fe829b459,car,0.8672199249267578,17.24,B,0.003,0.039599999999999996,-0.036599999999999994,False
nuscenes_mini,30aaef2c5ab44dc4afea271fe829b459,car,0.8400000333786011,17.32,B,0.0137,0.039599999999999996,-0.025899999999999996,False
nuscenes_mini,30aaef2c5ab44dc4afea271fe829b459,car,0.92592591047287,13.3,A,0.4412,0.0864,0.3548,True
nuscenes_mini,30aaef2c5ab44dc4afea271fe829b459,car,0.8476190567016602,17.44,B,0.0546,0.039599999999999996,0.015000000000000006,False
nuscenes_mini,30aaef2c5ab44dc4afea271fe829b459,car,0.8518518805503845,13.11,A,0.0407,0.0864,-0.045700000000000005,False
nuscenes_mini,30aaef2c5ab44dc4afea271fe829b459,car,0.719298243522644,26.99,B,0.0,0.0027,-0.0027,False
nuscenes_mini,30aaef2c5ab44dc4afea271fe829b459,car,0.949367105960846,13.03,A,0.1152,0.0864,0.028799999999999992,False
nuscenes_mini,30aaef2c5ab44dc4afea271fe829b459,car,0.8518518805503845,33.73,C,0.0,0.0,0.0,False
nuscenes_mini,30aaef2c5ab44dc4afea271fe829b459,car,0.92592591047287,11.25,A,0.351,0.0864,0.26459999999999995,True
nuscenes_mini,e8b1863300964b2481fee312496d06d8,car,0.7575758099555969,43.85,C,0.0,0.0,0.0,False
nuscenes_mini,e8b1863300964b2481fee312496d06d8,car,0.7500000596046448,18.06,B,0.2211,0.039599999999999996,0.1815,True
nuscenes_mini,e8b1863300964b2481fee312496d06d8,car,0.8476190567016602,18.19,B,0.0026,0.039599999999999996,-0.037,False
nuscenes_mini,e8b1863300964b2481fee312496d06d8,car,0.827957034111023,29.92,B,0.0801,0.0027,0.07740000000000001,True
nuscenes_mini,e8b1863300964b2481fee312496d06d8,car,0.8439024686813354,31.11,C,0.0091,0.0,0.0091,False
nuscenes_mini,e8b1863300964b2481fee312496d06d8,car,0.7815700173377991,17.07,B,0.2193,0.039599999999999996,0.1797,True
nuscenes_mini,e8b1863300964b2481fee312496d06d8,car,0.92592591047287,16.35,B,0.0365,0.039599999999999996,-0.0030999999999999986,False
nuscenes_mini,e8b1863300964b2481fee312496d06d8,car,0.8439024686813354,20.2,B,0.095,0.0156,0.0794,True
nuscenes_mini,e8b1863300964b2481fee312496d06d8,car,0.8632478713989258,13.41,A,0.0411,0.0864,-0.04530000000000001,False
nuscenes_mini,e8b1863300964b2481fee312496d06d8,car,0.6363636255264282,29.5,B,0.0,0.0027,-0.0027,False
nuscenes_mini,e8b1863300964b2481fee312496d06d8,car,0.6952381134033203,18.17,B,0.0294,0.039599999999999996,-0.010199999999999997,False
nuscenes_mini,e8b1863300964b2481fee312496d06d8,car,0.9336099624633788,13.43,A,0.1933,0.0864,0.1069,True
nuscenes_mini,f0c059b6d7b8438ea9f08de0a3c1fc1a,car,0.9179486632347108,23.5,B,0.1584,0.0156,0.1428,True
nuscenes_mini,f0c059b6d7b8438ea9f08de0a3c1fc1a,car,0.8904109597206116,19.37,B,0.0117,0.039599999999999996,-0.027899999999999994,False
nuscenes_mini,f0c059b6d7b8438ea9f08de0a3c1fc1a,car,0.6878048777580261,54.19,C,0.0,0.0,0.0,False
nuscenes_mini,f0c059b6d7b8438ea9f08de0a3c1fc1a,car,0.7852349281311035,48.13,C,0.0,0.0,0.0,False
nuscenes_mini,f0c059b6d7b8438ea9f08de0a3c1fc1a,car,0.8904109597206116,12.99,A,0.5936,0.0864,0.5072,True
nuscenes_mini,f0c059b6d7b8438ea9f08de0a3c1fc1a,car,0.9064327478408812,21.96,B,0.1083,0.0156,0.09269999999999999,True
nuscenes_mini,f0c059b6d7b8438ea9f08de0a3c1fc1a,car,0.9101123809814452,21.23,B,0.2413,0.0156,0.22569999999999998,True
nuscenes_mini,f0c059b6d7b8438ea9f08de0a3c1fc1a,car,0.921951174736023,19.72,B,0.0199,0.039599999999999996,-0.019699999999999995,False
nuscenes_mini,f0c059b6d7b8438ea9f08de0a3c1fc1a,car,0.8160918951034546,22.75,B,0.0951,0.0156,0.0795,True
nuscenes_mini,f0c059b6d7b8438ea9f08de0a3c1fc1a,car,0.949367105960846,15.99,B,0.0325,0.039599999999999996,-0.007099999999999995,False
nuscenes_mini,f0c059b6d7b8438ea9f08de0a3c1fc1a,car,0.8709677457809448,17.73,B,0.0241,0.039599999999999996,-0.015499999999999996,False
nuscenes_mini,a63038dfb41843eb8a14485d90c2fa35,car,0.9024390578269958,20.32,B,0.007,0.0156,-0.0086,False
nuscenes_mini,a63038dfb41843eb8a14485d90c2fa35,car,0.8787879347801208,42.82,C,0.0,0.0,0.0,False
nuscenes_mini,a63038dfb41843eb8a14485d90c2fa35,car,0.859649121761322,51.73,C,0.0,0.0,0.0,False
nuscenes_mini,a63038dfb41843eb8a14485d90c2fa35,car,0.7387754917144775,51.07,C,0.0,0.0,0.0,False
nuscenes_mini,a63038dfb41843eb8a14485d90c2fa35,car,0.9179486632347108,16.64,B,0.3991,0.039599999999999996,0.35950000000000004,True
nuscenes_mini,a63038dfb41843eb8a14485d90c2fa35,car,0.6640419960021973,55.15,C,0.0,0.0,0.0,False
nuscenes_mini,a63038dfb41843eb8a14485d90c2fa35,car,0.9179486632347108,23.25,B,0.0336,0.0156,0.018,False
nuscenes_mini,a63038dfb41843eb8a14485d90c2fa35,car,0.7299578189849854,25.53,B,0.0,0.0027,-0.0027,False
nuscenes_mini,a63038dfb41843eb8a14485d90c2fa35,car,0.9452055096626282,20.37,B,0.0216,0.0156,0.006000000000000002,False
nuscenes_mini,a63038dfb41843eb8a14485d90c2fa35,car,0.8672199249267578,22.84,B,0.0263,0.0156,0.010700000000000001,False
nuscenes_mini,a63038dfb41843eb8a14485d90c2fa35,car,0.7620818018913269,36.8,C,0.0,0.0,0.0,False
nuscenes_mini,a63038dfb41843eb8a14485d90c2fa35,car,0.8400000333786011,18.37,B,0.0219,0.039599999999999996,-0.017699999999999997,False
nuscenes_mini,a63038dfb41843eb8a14485d90c2fa35,car,0.8987342119216919,12.6,A,0.3281,0.0864,0.2417,True
nuscenes_mini,7220a2aaebf347cda4efedc88dcae96e,car,0.7852349281311035,45.16,C,0.0,0.0,0.0,False
nuscenes_mini,7220a2aaebf347cda4efedc88dcae96e,car,0.8750000596046448,20.62,B,0.0336,0.0156,0.018,False
nuscenes_mini,7220a2aaebf347cda4efedc88dcae96e,car,0.8632478713989258,31.62,C,0.0299,0.0,0.0299,False
nuscenes_mini,7220a2aaebf347cda4efedc88dcae96e,car,0.8202247023582458,50.86,C,0.0,0.0,0.0,False
nuscenes_mini,7220a2aaebf347cda4efedc88dcae96e,car,0.941605806350708,12.36,A,0.5897,0.0864,0.5033,True
nuscenes_mini,7220a2aaebf347cda4efedc88dcae96e,car,0.8787879347801208,41.25,C,0.0214,0.0,0.0214,False
nuscenes_mini,7220a2aaebf347cda4efedc88dcae96e,car,0.8865247964859009,27.03,B,0.0098,0.0027,0.0070999999999999995,False
nuscenes_mini,7220a2aaebf347cda4efedc88dcae96e,car,0.9375000596046448,25.66,B,0.005,0.0027,0.0023,False
nuscenes_mini,7220a2aaebf347cda4efedc88dcae96e,car,0.7620818018913269,28.17,B,0.0,0.0027,-0.0027,False
nuscenes_mini,7220a2aaebf347cda4efedc88dcae96e,car,0.8400000333786011,23.74,B,0.0043,0.0156,-0.0113,False
nuscenes_mini,7220a2aaebf347cda4efedc88dcae96e,car,0.8827838897705078,46.0,C,0.0,0.0,0.0,False
nuscenes_mini,4cd162f9083b47d0acd83129a6539c01,car,0.8012422323226929,37.55,C,0.0022,0.0,0.0022,False
nuscenes_mini,4cd162f9083b47d0acd83129a6539c01,car,0.8632478713989258,22.55,B,0.0104,0.0156,-0.0052,False
nuscenes_mini,4cd162f9083b47d0acd83129a6539c01,car,0.7968254089355469,49.54,C,0.0,0.0,0.0,False
nuscenes_mini,4cd162f9083b47d0acd83129a6539c01,car,0.8750000596046448,23.39,B,0.1872,0.0156,0.1716,True
nuscenes_mini,4cd162f9083b47d0acd83129a6539c01,car,0.8518518805503845,31.43,C,0.0058,0.0,0.0058,False
nuscenes_mini,4cd162f9083b47d0acd83129a6539c01,car,0.6800000071525574,31.34,C,0.0,0.0,0.0,False
nuscenes_mini,4cd162f9083b47d0acd83129a6539c01,car,0.921951174736023,31.48,C,0.0,0.0,0.0,False
nuscenes_mini,4cd162f9083b47d0acd83129a6539c01,car,0.7620818018913269,31.12,C,0.0,0.0,0.0,False
nuscenes_mini,4cd162f9083b47d0acd83129a6539c01,car,0.9336099624633788,13.59,A,0.1323,0.0864,0.045899999999999996,False
nuscenes_mini,c0f7a7d51fbe46f9be8ca098da06b7fb,car,0.7815700173377991,40.58,C,0.0,0.0,0.0,False
nuscenes_mini,c0f7a7d51fbe46f9be8ca098da06b7fb,car,0.8904109597206116,28.88,B,0.0481,0.0027,0.045399999999999996,False
nuscenes_mini,c0f7a7d51fbe46f9be8ca098da06b7fb,car,0.8865247964859009,22.23,B,0.0215,0.0156,0.005899999999999999,False
nuscenes_mini,c0f7a7d51fbe46f9be8ca098da06b7fb,car,0.8787879347801208,28.35,B,0.0992,0.0027,0.0965,True
nuscenes_mini,c0f7a7d51fbe46f9be8ca098da06b7fb,car,0.8827838897705078,49.77,C,0.0001,0.0,0.0001,False
nuscenes_mini,c0f7a7d51fbe46f9be8ca098da06b7fb,car,0.92592591047287,16.37,B,0.2357,0.039599999999999996,0.1961,True
nuscenes_mini,c0f7a7d51fbe46f9be8ca098da06b7fb,car,0.8552036285400391,37.96,C,0.0,0.0,0.0,False
nuscenes_mini,c0f7a7d51fbe46f9be8ca098da06b7fb,car,0.8048780560493469,25.29,B,0.031,0.0027,0.0283,False
nuscenes_mini,c0f7a7d51fbe46f9be8ca098da06b7fb,car,0.9139785170555116,19.57,B,0.021,0.039599999999999996,-0.018599999999999995,False
nuscenes_mini,c0f7a7d51fbe46f9be8ca098da06b7fb,car,0.7575758099555969,44.5,C,0.0,0.0,0.0,False
nuscenes_mini,c0f7a7d51fbe46f9be8ca098da06b7fb,car,0.7620818018913269,42.46,C,0.0,0.0,0.0,False
nuscenes_mini,c0f7a7d51fbe46f9be8ca098da06b7fb,car,0.859649121761322,20.35,B,0.0899,0.0156,0.07429999999999999,True
nuscenes_mini,1ddf7a48af3d43be8763f154974f09ce,car,0.7770034670829773,49.82,C,0.0,0.0,0.0,False
nuscenes_mini,1ddf7a48af3d43be8763f154974f09ce,car,0.8400000333786011,29.84,B,0.0258,0.0027,0.0231,False
nuscenes_mini,1ddf7a48af3d43be8763f154974f09ce,car,0.8865247964859009,21.98,B,0.0228,0.0156,0.0072000000000000015,False
nuscenes_mini,1ddf7a48af3d43be8763f154974f09ce,car,0.8202247023582458,50.25,C,0.0,0.0,0.0,False
nuscenes_mini,1ddf7a48af3d43be8763f154974f09ce,car,0.9336099624633788,21.12,B,0.2181,0.0156,0.20249999999999999,True
nuscenes_mini,1ddf7a48af3d43be8763f154974f09ce,car,0.9024390578269958,43.57,C,0.0032,0.0,0.0032,False
nuscenes_mini,1ddf7a48af3d43be8763f154974f09ce,car,0.8865247964859009,18.86,B,0.3329,0.039599999999999996,0.2933,True
nuscenes_mini,1ddf7a48af3d43be8763f154974f09ce,car,0.8518518805503845,48.35,C,0.0,0.0,0.0,False
nuscenes_mini,1ddf7a48af3d43be8763f154974f09ce,car,0.8476190567016602,26.45,B,0.0,0.0027,-0.0027,False
nuscenes_mini,1ddf7a48af3d43be8763f154974f09ce,car,0.6132930517196655,50.19,C,0.0,0.0,0.0,False
nuscenes_mini,1ddf7a48af3d43be8763f154974f09ce,car,0.5704697966575623,37.08,C,0.0,0.0,0.0,False
nuscenes_mini,1ddf7a48af3d43be8763f154974f09ce,car,0.7500000596046448,12.01,A,0.3286,0.0864,0.2422,True
nuscenes_mini,3be9d2705879419f8f3afc08949dca57,car,0.8128654956817627,41.79,C,0.0,0.0,0.0,False
nuscenes_mini,3be9d2705879419f8f3afc08949dca57,car,0.8750000596046448,23.16,B,0.0126,0.0156,-0.002999999999999999,False
nuscenes_mini,3be9d2705879419f8f3afc08949dca57,car,0.8083832263946533,24.73,B,0.1105,0.0156,0.0949,True
nuscenes_mini,3be9d2705879419f8f3afc08949dca57,car,0.8048780560493469,48.26,C,0.0,0.0,0.0,False
nuscenes_mini,3be9d2705879419f8f3afc08949dca57,car,0.9179486632347108,23.5,B,0.1507,0.0156,0.1351,True
nuscenes_mini,3be9d2705879419f8f3afc08949dca57,car,0.921951174736023,15.24,B,0.3523,0.039599999999999996,0.3127,True
nuscenes_mini,3be9d2705879419f8f3afc08949dca57,car,0.8012422323226929,38.32,C,0.0064,0.0,0.0064,False
nuscenes_mini,3be9d2705879419f8f3afc08949dca57,car,0.7575758099555969,33.84,C,0.0,0.0,0.0,False
nuscenes_mini,3be9d2705879419f8f3afc08949dca57,car,0.6132930517196655,44.18,C,0.0,0.0,0.0,False
nuscenes_mini,3be9d2705879419f8f3afc08949dca57,car,0.6521739363670349,46.96,C,0.0,0.0,0.0,False
nuscenes_mini,3be9d2705879419f8f3afc08949dca57,car,0.8083832263946533,13.5,A,0.1875,0.0864,0.1011,True
nuscenes_mini,3be9d2705879419f8f3afc08949dca57,car,0.8400000333786011,15.56,B,0.1663,0.039599999999999996,0.1267,True
nuscenes_mini,ed2e7d24f2ad41abb3d37cd9a0ca8e89,car,0.5661016702651978,52.21,C,0.0,0.0,0.0,False
nuscenes_mini,ed2e7d24f2ad41abb3d37cd9a0ca8e89,car,0.8709677457809448,24.61,B,0.0,0.0156,-0.0156,False
nuscenes_mini,ed2e7d24f2ad41abb3d37cd9a0ca8e89,car,0.859649121761322,31.29,C,0.0248,0.0,0.0248,False
nuscenes_mini,ed2e7d24f2ad41abb3d37cd9a0ca8e89,car,0.8083832263946533,39.03,C,0.0251,0.0,0.0251,False
nuscenes_mini,ed2e7d24f2ad41abb3d37cd9a0ca8e89,car,0.7575758099555969,48.1,C,0.0,0.0,0.0,False
nuscenes_mini,ed2e7d24f2ad41abb3d37cd9a0ca8e89,car,0.8904109597206116,30.83,C,0.0396,0.0,0.0396,False
nuscenes_mini,ed2e7d24f2ad41abb3d37cd9a0ca8e89,car,0.8787879347801208,38.57,C,0.0328,0.0,0.0328,False
nuscenes_mini,ed2e7d24f2ad41abb3d37cd9a0ca8e89,car,0.8947368264198303,15.14,B,0.5121,0.039599999999999996,0.47250000000000003,True
nuscenes_mini,ed2e7d24f2ad41abb3d37cd9a0ca8e89,car,0.8241757750511169,21.63,B,0.0068,0.0156,-0.008799999999999999,False
nuscenes_mini,ed2e7d24f2ad41abb3d37cd9a0ca8e89,car,0.9179486632347108,12.5,A,0.1013,0.0864,0.014899999999999997,False
nuscenes_mini,ca6000b81f2b4b598502b1e93e334a1d,car,0.8865247964859009,25.37,B,0.0,0.0027,-0.0027,False
nuscenes_mini,ca6000b81f2b4b598502b1e93e334a1d,car,0.7104072570800781,47.49,C,0.0,0.0,0.0,False
nuscenes_mini,ca6000b81f2b4b598502b1e93e334a1d,car,0.719298243522644,39.96,C,0.0,0.0,0.0,False
nuscenes_mini,ca6000b81f2b4b598502b1e93e334a1d,car,0.7064220309257507,52.11,C,0.0,0.0,0.0,False
nuscenes_mini,ca6000b81f2b4b598502b1e93e334a1d,car,0.9179486632347108,23.18,B,0.3137,0.0156,0.2981,True
nuscenes_mini,ca6000b81f2b4b598502b1e93e334a1d,car,0.9024390578269958,22.3,B,0.1341,0.0156,0.1185,True
nuscenes_mini,ca6000b81f2b4b598502b1e93e334a1d,car,0.9024390578269958,27.64,B,0.147,0.0027,0.14429999999999998,True
nuscenes_mini,ca6000b81f2b4b598502b1e93e334a1d,car,0.5038759708404541,49.37,C,0.0,0.0,0.0,False
nuscenes_mini,ca6000b81f2b4b598502b1e93e334a1d,car,0.7299578189849854,30.22,C,0.0015,0.0,0.0015,False
nuscenes_mini,ca6000b81f2b4b598502b1e93e334a1d,car,0.8160918951034546,16.58,B,0.0383,0.039599999999999996,-0.0012999999999999956,False
nuscenes_mini,ca6000b81f2b4b598502b1e93e334a1d,car,0.7500000596046448,11.24,A,0.1578,0.0864,0.07139999999999999,True
nuscenes_mini,385d542a35384181bc1e69cfd2df0664,car,0.8400000333786011,21.49,B,0.0348,0.0156,0.0192,False
nuscenes_mini,385d542a35384181bc1e69cfd2df0664,car,0.7037037014961243,30.68,C,0.0133,0.0,0.0133,False
nuscenes_mini,385d542a35384181bc1e69cfd2df0664,car,0.7419355511665344,43.51,C,0.0,0.0,0.0,False
nuscenes_mini,385d542a35384181bc1e69cfd2df0664,car,0.92592591047287,19.81,B,0.5216,0.039599999999999996,0.482,True
nuscenes_mini,385d542a35384181bc1e69cfd2df0664,car,0.8904109597206116,35.26,C,0.059,0.0,0.059,True
nuscenes_mini,385d542a35384181bc1e69cfd2df0664,car,0.8439024686813354,45.56,C,0.0,0.0,0.0,False
nuscenes_mini,385d542a35384181bc1e69cfd2df0664,car,0.92592591047287,15.02,B,0.5365,0.039599999999999996,0.4969,True
nuscenes_mini,385d542a35384181bc1e69cfd2df0664,car,0.8400000333786011,50.11,C,0.0,0.0,0.0,False
nuscenes_mini,385d542a35384181bc1e69cfd2df0664,car,0.8827838897705078,24.78,B,0.0126,0.0156,-0.002999999999999999,False
nuscenes_mini,385d542a35384181bc1e69cfd2df0664,car,0.9101123809814452,14.45,A,0.0709,0.0864,-0.0155,False
nuscenes_mini,385d542a35384181bc1e69cfd2df0664,car,0.941605806350708,22.09,B,0.0948,0.0156,0.07919999999999999,True
nuscenes_mini,8c8755ebb0bf4c519416323acad6cea1,car,0.859649121761322,23.64,B,0.0018,0.0156,-0.0138,False
nuscenes_mini,8c8755ebb0bf4c519416323acad6cea1,car,0.7697842121124268,32.97,C,0.0142,0.0,0.0142,False
nuscenes_mini,8c8755ebb0bf4c519416323acad6cea1,car,0.7229437232017517,46.93,C,0.0,0.0,0.0,False
nuscenes_mini,8c8755ebb0bf4c519416323acad6cea1,car,0.8947368264198303,26.6,B,0.1398,0.0027,0.1371,True
nuscenes_mini,8c8755ebb0bf4c519416323acad6cea1,car,0.8787879347801208,22.16,B,0.1681,0.0156,0.1525,True
nuscenes_mini,8c8755ebb0bf4c519416323acad6cea1,car,0.8947368264198303,24.21,B,0.1394,0.0156,0.1238,True
nuscenes_mini,8c8755ebb0bf4c519416323acad6cea1,car,0.8241757750511169,33.77,C,0.0,0.0,0.0,False
nuscenes_mini,8c8755ebb0bf4c519416323acad6cea1,car,0.8083832263946533,48.95,C,0.0,0.0,0.0,False
nuscenes_mini,8c8755ebb0bf4c519416323acad6cea1,car,0.7387754917144775,23.34,B,0.0015,0.0156,-0.0141,False
nuscenes_mini,8c8755ebb0bf4c519416323acad6cea1,car,0.8987342119216919,26.26,B,0.022,0.0027,0.019299999999999998,False
nuscenes_mini,8c8755ebb0bf4c519416323acad6cea1,car,0.9139785170555116,12.27,A,0.3156,0.0864,0.2292,True
nuscenes_mini,8c8755ebb0bf4c519416323acad6cea1,car,0.9179486632347108,19.3,B,0.0997,0.039599999999999996,0.0601,True
nuscenes_mini,384e26fb47f94faea344766bb26f987a,car,0.859649121761322,25.48,B,0.0122,0.0027,0.009500000000000001,False
nuscenes_mini,384e26fb47f94faea344766bb26f987a,car,0.827957034111023,42.13,C,0.0,0.0,0.0,False
nuscenes_mini,384e26fb47f94faea344766bb26f987a,car,0.5857605338096619,50.43,C,0.0,0.0,0.0,False
nuscenes_mini,384e26fb47f94faea344766bb26f987a,car,0.8750000596046448,25.33,B,0.1446,0.0027,0.1419,True
nuscenes_mini,384e26fb47f94faea344766bb26f987a,car,0.7419355511665344,41.35,C,0.0,0.0,0.0,False
nuscenes_mini,384e26fb47f94faea344766bb26f987a,car,0.8672199249267578,15.16,B,0.5391,0.039599999999999996,0.49950000000000006,True
nuscenes_mini,384e26fb47f94faea344766bb26f987a,car,0.7344398498535156,44.56,C,0.0,0.0,0.0,False
nuscenes_mini,384e26fb47f94faea344766bb26f987a,car,0.5460992455482483,31.14,C,0.0044,0.0,0.0044,False
nuscenes_mini,384e26fb47f94faea344766bb26f987a,car,0.7264957427978516,34.95,C,0.0028,0.0,0.0028,False
nuscenes_mini,384e26fb47f94faea344766bb26f987a,car,0.8827838897705078,16.1,B,0.0606,0.039599999999999996,0.021000000000000005,False
nuscenes_mini,7f49d07afdf64212a4eea699cb5ab17c,car,0.7968254089355469,34.35,C,0.0,0.0,0.0,False
nuscenes_mini,7f49d07afdf64212a4eea699cb5ab17c,car,0.8672199249267578,25.92,B,0.0,0.0027,-0.0027,False
nuscenes_mini,7f49d07afdf64212a4eea699cb5ab17c,car,0.8709677457809448,23.46,B,0.4688,0.0156,0.4532,True
nuscenes_mini,7f49d07afdf64212a4eea699cb5ab17c,car,0.8439024686813354,30.52,C,0.1174,0.0,0.1174,True
nuscenes_mini,7f49d07afdf64212a4eea699cb5ab17c,car,0.941605806350708,17.22,B,0.4281,0.039599999999999996,0.38849999999999996,True
nuscenes_mini,7f49d07afdf64212a4eea699cb5ab17c,car,0.7460317611694336,41.15,C,0.0,0.0,0.0,False
nuscenes_mini,7f49d07afdf64212a4eea699cb5ab17c,car,0.8358974456787109,22.21,B,0.0007,0.0156,-0.0149,False
nuscenes_mini,7f49d07afdf64212a4eea699cb5ab17c,car,0.7928802371025085,12.37,A,0.3739,0.0864,0.2875,True
nuscenes_mini,7f49d07afdf64212a4eea699cb5ab17c,car,0.5857605338096619,21.16,B,0.0995,0.0156,0.0839,True
nuscenes_mini,7f49d07afdf64212a4eea699cb5ab17c,car,0.7538461089134216,23.12,B,0.0365,0.0156,0.0209,False
nuscenes_mini,2e96e4ef43624c3d9ae8fd5526444fa8,car,0.7655677795410156,37.5,C,0.0,0.0,0.0,False
nuscenes_mini,2e96e4ef43624c3d9ae8fd5526444fa8,car,0.8632478713989258,25.98,B,0.0,0.0027,-0.0027,False
nuscenes_mini,2e96e4ef43624c3d9ae8fd5526444fa8,car,0.8787879347801208,34.83,C,0.0,0.0,0.0,False
nuscenes_mini,2e96e4ef43624c3d9ae8fd5526444fa8,car,0.9139785170555116,19.75,B,0.2025,0.039599999999999996,0.16290000000000002,True
nuscenes_mini,2e96e4ef43624c3d9ae8fd5526444fa8,car,0.7299578189849854,33.74,C,0.0,0.0,0.0,False
nuscenes_mini,2e96e4ef43624c3d9ae8fd5526444fa8,car,0.8012422323226929,16.61,B,0.1675,0.039599999999999996,0.1279,True
nuscenes_mini,2e96e4ef43624c3d9ae8fd5526444fa8,car,0.9101123809814452,12.58,A,0.2524,0.0864,0.166,True
nuscenes_mini,2e96e4ef43624c3d9ae8fd5526444fa8,car,0.8632478713989258,22.49,B,0.0286,0.0156,0.013000000000000001,False
nuscenes_mini,7f87e737dad642d9aff78a7fe12ce194,car,0.8632478713989258,26.16,B,0.0,0.0027,-0.0027,False
nuscenes_mini,7f87e737dad642d9aff78a7fe12ce194,car,0.8324607610702515,36.82,C,0.0,0.0,0.0,False
nuscenes_mini,7f87e737dad642d9aff78a7fe12ce194,car,0.7344398498535156,45.85,C,0.0,0.0,0.0,False
nuscenes_mini,7f87e737dad642d9aff78a7fe12ce194,car,0.5508772134780884,5.43,A,0.1368,0.1481,-0.011300000000000004,False
nuscenes_mini,7f87e737dad642d9aff78a7fe12ce194,car,0.8632478713989258,25.94,B,0.1491,0.0027,0.1464,True
nuscenes_mini,7f87e737dad642d9aff78a7fe12ce194,car,0.7697842121124268,42.54,C,0.0,0.0,0.0,False
nuscenes_mini,7f87e737dad642d9aff78a7fe12ce194,car,0.949367105960846,15.03,B,0.0964,0.039599999999999996,0.0568,True
nuscenes_mini,7f87e737dad642d9aff78a7fe12ce194,car,0.9452055096626282,18.2,B,0.2239,0.039599999999999996,0.1843,True
nuscenes_mini,37bed8d646cd4f0f8eac519794dd8bd7,car,0.6444444060325623,49.47,C,0.0,0.0,0.0,False
nuscenes_mini,37bed8d646cd4f0f8eac519794dd8bd7,car,0.8709677457809448,26.47,B,0.0,0.0027,-0.0027,False
nuscenes_mini,37bed8d646cd4f0f8eac519794dd8bd7,car,0.8083832263946533,28.58,B,0.0654,0.0027,0.0627,True
nuscenes_mini,37bed8d646cd4f0f8eac519794dd8bd7,car,0.7730495929718018,17.22,B,0.3791,0.039599999999999996,0.3395,True
nuscenes_mini,37bed8d646cd4f0f8eac519794dd8bd7,car,0.7500000596046448,32.71,C,0.0,0.0,0.0,False
nuscenes_mini,37bed8d646cd4f0f8eac519794dd8bd7,car,0.8904109597206116,22.91,B,0.0186,0.0156,0.002999999999999999,False
nuscenes_mini,37bed8d646cd4f0f8eac519794dd8bd7,car,0.6521739363670349,51.24,C,0.0,0.0,0.0,False
nuscenes_mini,37bed8d646cd4f0f8eac519794dd8bd7,car,0.9298245906829834,24.89,B,0.0221,0.0156,0.006500000000000002,False
nuscenes_mini,6d1d793b68b24165be5755a54054c82a,car,0.8358974456787109,25.31,B,0.0093,0.0027,0.006599999999999999,False
nuscenes_mini,6d1d793b68b24165be5755a54054c82a,car,0.7142857313156128,39.07,C,0.0,0.0,0.0,False
nuscenes_mini,6d1d793b68b24165be5755a54054c82a,car,0.9139785170555116,19.82,B,0.2491,0.039599999999999996,0.2095,True
nuscenes_mini,6d1d793b68b24165be5755a54054c82a,car,0.8439024686813354,33.59,C,0.0017,0.0,0.0017,False
nuscenes_mini,6d1d793b68b24165be5755a54054c82a,car,0.8709677457809448,39.71,C,0.0,0.0,0.0,False
nuscenes_mini,6d1d793b68b24165be5755a54054c82a,car,0.7387754917144775,13.85,A,0.1983,0.0864,0.1119,True
nuscenes_mini,083240c8c70b44e4ac6fc7f267b1518f,car,0.859649121761322,26.84,B,0.0228,0.0027,0.0201,False
nuscenes_mini,083240c8c70b44e4ac6fc7f267b1518f,car,0.8709677457809448,29.74,B,0.0567,0.0027,0.054,True
nuscenes_mini,083240c8c70b44e4ac6fc7f267b1518f,car,0.7264957427978516,38.2,C,0.0,0.0,0.0,False
nuscenes_mini,083240c8c70b44e4ac6fc7f267b1518f,bus,0.7655677795410156,57.22,C,0.0,0.0,0.0,False
nuscenes_mini,083240c8c70b44e4ac6fc7f267b1518f,car,0.921951174736023,14.59,A,0.7454,0.0864,0.6589999999999999,True
nuscenes_mini,083240c8c70b44e4ac6fc7f267b1518f,car,0.8160918951034546,30.39,C,0.0435,0.0,0.0435,False
nuscenes_mini,083240c8c70b44e4ac6fc7f267b1518f,car,0.7887788414955139,41.99,C,0.0,0.0,0.0,False
nuscenes_mini,083240c8c70b44e4ac6fc7f267b1518f,car,0.8012422323226929,48.26,C,0.0,0.0,0.0,False
nuscenes_mini,083240c8c70b44e4ac6fc7f267b1518f,car,0.8750000596046448,15.32,B,0.0833,0.039599999999999996,0.0437,False
nuscenes_mini,db0173c29e1e43d1b5535f48e541efdf,car,0.7655677795410156,35.51,C,0.0,0.0,0.0,False
nuscenes_mini,db0173c29e1e43d1b5535f48e541efdf,car,0.8202247023582458,25.5,B,0.0,0.0027,-0.0027,False
nuscenes_mini,db0173c29e1e43d1b5535f48e541efdf,bus,0.5038759708404541,56.18,C,0.0,0.0,0.0,False
nuscenes_mini,db0173c29e1e43d1b5535f48e541efdf,car,0.8787879347801208,22.15,B,0.3006,0.0156,0.285,True
nuscenes_mini,db0173c29e1e43d1b5535f48e541efdf,bus,0.7500000596046448,49.74,C,0.0,0.0,0.0,False
nuscenes_mini,db0173c29e1e43d1b5535f48e541efdf,car,0.6878048777580261,50.35,C,0.0,0.0,0.0,False
nuscenes_mini,db0173c29e1e43d1b5535f48e541efdf,car,0.9064327478408812,15.74,B,0.1163,0.039599999999999996,0.0767,True
nuscenes_mini,d148d50ba9be44bcb2105d8da47425b4,car,0.827957034111023,50.73,C,0.0,0.0,0.0,False
nuscenes_mini,d148d50ba9be44bcb2105d8da47425b4,car,0.8632478713989258,27.03,B,0.0004,0.0027,-0.0023,False
nuscenes_mini,d148d50ba9be44bcb2105d8da47425b4,car,0.8787879347801208,15.05,B,0.713,0.039599999999999996,0.6734,True
nuscenes_mini,d148d50ba9be44bcb2105d8da47425b4,car,0.7730495929718018,16.53,B,0.6577,0.039599999999999996,0.6181,True
nuscenes_mini,d148d50ba9be44bcb2105d8da47425b4,car,0.7852349281311035,27.56,B,0.0807,0.0027,0.078,True
nuscenes_mini,d148d50ba9be44bcb2105d8da47425b4,car,0.8128654956817627,30.48,C,0.0278,0.0,0.0278,False
nuscenes_mini,d148d50ba9be44bcb2105d8da47425b4,bus,0.8202247023582458,48.65,C,0.0,0.0,0.0,False
nuscenes_mini,d148d50ba9be44bcb2105d8da47425b4,car,0.7730495929718018,40.61,C,0.0,0.0,0.0,False
nuscenes_mini,d148d50ba9be44bcb2105d8da47425b4,car,0.7730495929718018,23.21,B,0.0148,0.0156,-0.0007999999999999986,False
nuscenes_mini,f2d48fe35d5646659dc339e1d36886f9,car,0.8787879347801208,23.2,B,0.0136,0.0156,-0.002,False
nuscenes_mini,f2d48fe35d5646659dc339e1d36886f9,car,0.7887788414955139,42.35,C,0.0,0.0,0.0,False
nuscenes_mini,f2d48fe35d5646659dc339e1d36886f9,car,0.9024390578269958,19.08,B,0.3972,0.039599999999999996,0.35760000000000003,True
nuscenes_mini,f2d48fe35d5646659dc339e1d36886f9,car,0.8672199249267578,20.83,B,0.2886,0.0156,0.273,True
nuscenes_mini,f2d48fe35d5646659dc339e1d36886f9,bus,0.921951174736023,41.91,C,0.0019,0.0,0.0019,False
nuscenes_mini,f2d48fe35d5646659dc339e1d36886f9,car,0.8358974456787109,34.42,C,0.0013,0.0,0.0013,False
nuscenes_mini,f2d48fe35d5646659dc339e1d36886f9,car,0.8128654956817627,17.69,B,0.1282,0.039599999999999996,0.08860000000000001,True
nuscenes_mini,f2d48fe35d5646659dc339e1d36886f9,car,0.8552036285400391,14.03,A,0.2316,0.0864,0.1452,True
nuscenes_mini,a32166aff42946d39455fcbe502a321a,car,0.8827838897705078,26.83,B,0.0,0.0027,-0.0027,False
nuscenes_mini,a32166aff42946d39455fcbe502a321a,car,0.7229437232017517,34.92,C,0.0,0.0,0.0,False
nuscenes_mini,a32166aff42946d39455fcbe502a321a,car,0.6952381134033203,49.73,C,0.0,0.0,0.0,False
nuscenes_mini,a32166aff42946d39455fcbe502a321a,car,0.8987342119216919,13.45,A,0.7377,0.0864,0.6513,True
nuscenes_mini,a32166aff42946d39455fcbe502a321a,bus,0.8947368264198303,35.96,C,0.0205,0.0,0.0205,False
nuscenes_mini,a32166aff42946d39455fcbe502a321a,car,0.7299578189849854,48.28,C,0.0,0.0,0.0,False
nuscenes_mini,a32166aff42946d39455fcbe502a321a,car,0.8358974456787109,44.08,C,0.0,0.0,0.0,False
nuscenes_mini,a32166aff42946d39455fcbe502a321a,car,0.9024390578269958,23.57,B,0.0176,0.0156,0.0020000000000000018,False
nuscenes_mini,a32166aff42946d39455fcbe502a321a,car,0.8865247964859009,17.21,B,0.229,0.039599999999999996,0.1894,True
nuscenes_mini,a32166aff42946d39455fcbe502a321a,car,0.8787879347801208,20.83,B,0.0067,0.0156,-0.008899999999999998,False
nuscenes_mini,7ca3502caf394d6d9c0a80b822b3ff48,car,0.8987342119216919,37.17,C,0.0,0.0,0.0,False
nuscenes_mini,7ca3502caf394d6d9c0a80b822b3ff48,car,0.8827838897705078,23.63,B,0.0,0.0156,-0.0156,False
nuscenes_mini,7ca3502caf394d6d9c0a80b822b3ff48,car,0.859649121761322,23.38,B,0.2048,0.0156,0.1892,True
nuscenes_mini,7ca3502caf394d6d9c0a80b822b3ff48,bus,0.9179486632347108,30.36,C,0.0611,0.0,0.0611,True
nuscenes_mini,7ca3502caf394d6d9c0a80b822b3ff48,car,0.7815700173377991,30.65,C,0.002,0.0,0.002,False
nuscenes_mini,7ca3502caf394d6d9c0a80b822b3ff48,car,0.8160918951034546,34.92,C,0.0,0.0,0.0,False
nuscenes_mini,7ca3502caf394d6d9c0a80b822b3ff48,car,0.5631399154663086,49.88,C,0.0,0.0,0.0,False
nuscenes_mini,7ca3502caf394d6d9c0a80b822b3ff48,car,0.8865247964859009,22.58,B,0.0269,0.0156,0.011300000000000001,False
nuscenes_mini,7ca3502caf394d6d9c0a80b822b3ff48,car,0.604938268661499,16.85,B,0.1153,0.039599999999999996,0.0757,True
nuscenes_mini,7ca3502caf394d6d9c0a80b822b3ff48,car,0.9101123809814452,14.99,A,0.1036,0.0864,0.017199999999999993,False
nuscenes_mini,5b77f438091b4d00a74d333ef2fe9033,car,0.7460317611694336,47.78,C,0.0,0.0,0.0,False
nuscenes_mini,5b77f438091b4d00a74d333ef2fe9033,car,0.8750000596046448,24.02,B,0.0,0.0156,-0.0156,False
nuscenes_mini,5b77f438091b4d00a74d333ef2fe9033,car,0.8787879347801208,24.93,B,0.0738,0.0156,0.0582,True
nuscenes_mini,5b77f438091b4d00a74d333ef2fe9033,car,0.7887788414955139,16.0,B,0.5164,0.039599999999999996,0.4768,True
nuscenes_mini,5b77f438091b4d00a74d333ef2fe9033,car,0.9139785170555116,24.58,B,0.0732,0.0156,0.0576,True
nuscenes_mini,5b77f438091b4d00a74d333ef2fe9033,bus,0.9452055096626282,26.33,B,0.1538,0.0027,0.15109999999999998,True
nuscenes_mini,5b77f438091b4d00a74d333ef2fe9033,car,0.6800000071525574,35.64,C,0.0,0.0,0.0,False
nuscenes_mini,5b77f438091b4d00a74d333ef2fe9033,car,0.597484290599823,47.83,C,0.0,0.0,0.0,False
nuscenes_mini,5b77f438091b4d00a74d333ef2fe9033,car,0.7538461089134216,23.83,B,0.0134,0.0156,-0.002199999999999999,False
nuscenes_mini,5b77f438091b4d00a74d333ef2fe9033,motorcycle,0.6012461185455322,34.77,C,0.003,0.0,0.003,False
nuscenes_mini,29796060110c4163b07f06eff4af0753,car,0.8439024686813354,22.54,B,0.0,0.0156,-0.0156,False
nuscenes_mini,29796060110c4163b07f06eff4af0753,car,0.7697842121124268,31.08,C,0.0204,0.0,0.0204,False
nuscenes_mini,29796060110c4163b07f06eff4af0753,car,0.5816993117332458,52.29,C,0.0,0.0,0.0,False
nuscenes_mini,29796060110c4163b07f06eff4af0753,car,0.8787879347801208,23.52,B,0.1189,0.0156,0.1033,True
nuscenes_mini,29796060110c4163b07f06eff4af0753,car,0.9064327478408812,15.08,B,0.5156,0.039599999999999996,0.476,True
nuscenes_mini,29796060110c4163b07f06eff4af0753,bus,0.9375000596046448,24.39,B,0.1226,0.0156,0.107,True
nuscenes_mini,29796060110c4163b07f06eff4af0753,car,0.5508772134780884,47.07,C,0.0,0.0,0.0,False
nuscenes_mini,29796060110c4163b07f06eff4af0753,car,0.6995305418968201,34.5,C,0.0013,0.0,0.0013,False
nuscenes_mini,7bf1cef0e253474e847ee4c2eb955901,car,0.7538461089134216,40.18,C,0.0,0.0,0.0,False
nuscenes_mini,7bf1cef0e253474e847ee4c2eb955901,car,0.8518518805503845,24.32,B,0.0,0.0156,-0.0156,False
nuscenes_mini,7bf1cef0e253474e847ee4c2eb955901,car,0.675126850605011,46.83,C,0.0,0.0,0.0,False
nuscenes_mini,7bf1cef0e253474e847ee4c2eb955901,car,0.9139785170555116,16.19,B,0.5747,0.039599999999999996,0.5351,True
nuscenes_mini,7bf1cef0e253474e847ee4c2eb955901,car,0.8439024686813354,19.74,B,0.1712,0.039599999999999996,0.1316,True
nuscenes_mini,7bf1cef0e253474e847ee4c2eb955901,car,0.5857605338096619,52.53,C,0.0,0.0,0.0,False
nuscenes_mini,7bf1cef0e253474e847ee4c2eb955901,car,0.6167664527893066,43.77,C,0.0,0.0,0.0,False
nuscenes_mini,7bf1cef0e253474e847ee4c2eb955901,car,0.8400000333786011,48.13,C,0.0,0.0,0.0,False
nuscenes_mini,7bf1cef0e253474e847ee4c2eb955901,car,0.8632478713989258,11.88,A,0.4057,0.0864,0.31930000000000003,True
nuscenes_mini,7bf1cef0e253474e847ee4c2eb955901,bus,0.7655677795410156,23.14,B,0.1015,0.0156,0.0859,True
nuscenes_mini,e10f8dcb73e646af840d9955a70a63d5,car,0.7928802371025085,47.49,C,0.0,0.0,0.0,False
nuscenes_mini,e10f8dcb73e646af840d9955a70a63d5,car,0.8827838897705078,24.92,B,0.0087,0.0156,-0.0069,False
nuscenes_mini,e10f8dcb73e646af840d9955a70a63d5,car,0.7697842121124268,24.73,B,0.0334,0.0156,0.0178,False
nuscenes_mini,e10f8dcb73e646af840d9955a70a63d5,car,0.6132930517196655,51.47,C,0.0,0.0,0.0,False
nuscenes_mini,e10f8dcb73e646af840d9955a70a63d5,car,0.6289855241775513,46.32,C,0.0,0.0,0.0,False
nuscenes_mini,e10f8dcb73e646af840d9955a70a63d5,car,0.8048780560493469,12.49,A,0.4191,0.0864,0.3327,True
nuscenes_mini,e10f8dcb73e646af840d9955a70a63d5,car,0.7655677795410156,31.3,C,0.0504,0.0,0.0504,True
nuscenes_mini,e10f8dcb73e646af840d9955a70a63d5,car,0.8476190567016602,24.07,B,0.1185,0.0156,0.10289999999999999,True
nuscenes_mini,e10f8dcb73e646af840d9955a70a63d5,car,0.8160918951034546,18.21,B,0.012,0.039599999999999996,-0.027599999999999996,False
nuscenes_mini,e10f8dcb73e646af840d9955a70a63d5,car,0.8439024686813354,34.78,C,0.0,0.0,0.0,False
nuscenes_mini,e10f8dcb73e646af840d9955a70a63d5,car,0.8865247964859009,16.12,B,0.2114,0.039599999999999996,0.1718,True
nuscenes_mini,e10f8dcb73e646af840d9955a70a63d5,bus,0.8904109597206116,24.42,B,0.0512,0.0156,0.03560000000000001,False
nuscenes_mini,17a9388ec4b04e028b4d07af2cc3a45c,car,0.8787879347801208,24.09,B,0.0,0.0156,-0.0156,False
nuscenes_mini,17a9388ec4b04e028b4d07af2cc3a45c,car,0.827957034111023,30.25,C,0.0288,0.0,0.0288,False
nuscenes_mini,17a9388ec4b04e028b4d07af2cc3a45c,car,0.7968254089355469,43.51,C,0.0,0.0,0.0,False
nuscenes_mini,17a9388ec4b04e028b4d07af2cc3a45c,car,0.6640419960021973,46.67,C,0.0,0.0,0.0,False
nuscenes_mini,17a9388ec4b04e028b4d07af2cc3a45c,car,0.6213017702102661,41.84,C,0.0,0.0,0.0,False
nuscenes_mini,17a9388ec4b04e028b4d07af2cc3a45c,car,0.7500000596046448,13.9,A,0.2531,0.0864,0.1667,True
nuscenes_mini,17a9388ec4b04e028b4d07af2cc3a45c,car,0.8358974456787109,45.92,C,0.0,0.0,0.0,False
nuscenes_mini,17a9388ec4b04e028b4d07af2cc3a45c,car,0.8947368264198303,28.47,B,0.0072,0.0027,0.0045,False
nuscenes_mini,17a9388ec4b04e028b4d07af2cc3a45c,car,0.8202247023582458,13.56,A,0.1056,0.0864,0.019199999999999995,False
nuscenes_mini,17a9388ec4b04e028b4d07af2cc3a45c,bus,0.8048780560493469,27.33,B,0.0158,0.0027,0.0131,False
nuscenes_mini,1fc26189c2524ef396e5ce6cc210c1cd,car,0.8672199249267578,43.91,C,0.0,0.0,0.0,False
nuscenes_mini,1fc26189c2524ef396e5ce6cc210c1cd,car,0.8750000596046448,21.79,B,0.0109,0.0156,-0.004699999999999999,False
nuscenes_mini,1fc26189c2524ef396e5ce6cc210c1cd,car,0.7037037014961243,41.56,C,0.0012,0.0,0.0012,False
nuscenes_mini,1fc26189c2524ef396e5ce6cc210c1cd,car,0.8400000333786011,40.98,C,0.0,0.0,0.0,False
nuscenes_mini,1fc26189c2524ef396e5ce6cc210c1cd,car,0.8787879347801208,21.03,B,0.2422,0.0156,0.2266,True
nuscenes_mini,1fc26189c2524ef396e5ce6cc210c1cd,car,0.8358974456787109,36.31,C,0.0,0.0,0.0,False
nuscenes_mini,1fc26189c2524ef396e5ce6cc210c1cd,car,0.7064220309257507,37.45,C,0.0,0.0,0.0,False
nuscenes_mini,1fc26189c2524ef396e5ce6cc210c1cd,car,0.7730495929718018,40.45,C,0.0,0.0,0.0,False
nuscenes_mini,1fc26189c2524ef396e5ce6cc210c1cd,car,0.7460317611694336,22.28,B,0.0051,0.0156,-0.010499999999999999,False
nuscenes_mini,1fc26189c2524ef396e5ce6cc210c1cd,car,0.6559139490127563,18.91,B,0.0792,0.039599999999999996,0.03960000000000001,False
nuscenes_mini,1fc26189c2524ef396e5ce6cc210c1cd,car,0.6521739363670349,12.45,A,0.3599,0.0864,0.27349999999999997,True
nuscenes_mini,1fc26189c2524ef396e5ce6cc210c1cd,bus,0.9101123809814452,32.39,C,0.0017,0.0,0.0017,False
nuscenes_mini,92594549844e4f7da7a0e73e92945b2b,car,0.8904109597206116,22.84,B,0.019,0.0156,0.0034000000000000002,False
nuscenes_mini,92594549844e4f7da7a0e73e92945b2b,car,0.8439024686813354,29.22,B,0.0431,0.0027,0.0404,False
nuscenes_mini,92594549844e4f7da7a0e73e92945b2b,car,0.7064220309257507,48.53,C,0.0,0.0,0.0,False
nuscenes_mini,92594549844e4f7da7a0e73e92945b2b,car,0.719298243522644,43.07,C,0.0,0.0,0.0,False
nuscenes_mini,92594549844e4f7da7a0e73e92945b2b,car,0.8904109597206116,30.01,C,0.1408,0.0,0.1408,True
nuscenes_mini,92594549844e4f7da7a0e73e92945b2b,car,0.8202247023582458,12.62,A,0.189,0.0864,0.1026,True
nuscenes_mini,92594549844e4f7da7a0e73e92945b2b,car,0.8904109597206116,28.81,B,0.0501,0.0027,0.0474,False
nuscenes_mini,92594549844e4f7da7a0e73e92945b2b,car,0.7142857313156128,49.97,C,0.0,0.0,0.0,False
nuscenes_mini,92594549844e4f7da7a0e73e92945b2b,car,0.7887788414955139,39.3,C,0.0,0.0,0.0,False
nuscenes_mini,92594549844e4f7da7a0e73e92945b2b,bus,0.6012461185455322,35.42,C,0.0008,0.0,0.0008,False
nuscenes_mini,92594549844e4f7da7a0e73e92945b2b,car,0.6132930517196655,21.5,B,0.0935,0.0156,0.0779,True
nuscenes_mini,1923316323b44b86b3389178fb026db6,car,0.9101123809814452,21.97,B,0.0059,0.0156,-0.0097,False
nuscenes_mini,1923316323b44b86b3389178fb026db6,car,0.8904109597206116,34.93,C,0.0,0.0,0.0,False
nuscenes_mini,1923316323b44b86b3389178fb026db6,car,0.9064327478408812,21.23,B,0.03,0.0156,0.0144,False
nuscenes_mini,1923316323b44b86b3389178fb026db6,car,0.8632478713989258,28.32,B,0.0907,0.0027,0.08800000000000001,True
nuscenes_mini,1923316323b44b86b3389178fb026db6,car,0.9139785170555116,17.83,B,0.0928,0.039599999999999996,0.0532,True
nuscenes_mini,1923316323b44b86b3389178fb026db6,car,0.6831682920455933,29.87,B,0.0,0.0027,-0.0027,False
nuscenes_mini,1923316323b44b86b3389178fb026db6,car,0.6995305418968201,42.96,C,0.0,0.0,0.0,False
nuscenes_mini,1923316323b44b86b3389178fb026db6,car,0.7538461089134216,46.38,C,0.0,0.0,0.0,False
nuscenes_mini,1923316323b44b86b3389178fb026db6,bus,0.8439024686813354,42.48,C,0.0009,0.0,0.0009,False
nuscenes_mini,1923316323b44b86b3389178fb026db6,car,0.7730495929718018,14.14,A,0.1958,0.0864,0.1094,True
nuscenes_mini,1923316323b44b86b3389178fb026db6,car,0.8128654956817627,16.14,B,0.0453,0.039599999999999996,0.005700000000000004,False
nuscenes_mini,05e993bd780241aabaa30dd2a0473286,car,0.8827838897705078,24.89,B,0.0078,0.0156,-0.0078,False
nuscenes_mini,05e993bd780241aabaa30dd2a0473286,car,0.9064327478408812,22.16,B,0.1414,0.0156,0.1258,True
nuscenes_mini,05e993bd780241aabaa30dd2a0473286,car,0.7460317611694336,43.05,C,0.0,0.0,0.0,False
nuscenes_mini,05e993bd780241aabaa30dd2a0473286,car,0.5936508178710938,24.15,B,0.0202,0.0156,0.0046,False
nuscenes_mini,05e993bd780241aabaa30dd2a0473286,car,0.6640419960021973,25.05,B,0.0,0.0027,-0.0027,False
nuscenes_mini,05e993bd780241aabaa30dd2a0473286,truck,0.5747508406639099,50.21,C,0.0,0.0,0.0,False
nuscenes_mini,05e993bd780241aabaa30dd2a0473286,car,0.921951174736023,12.79,A,0.0856,0.0864,-0.000800000000000009,False
nuscenes_mini,05e993bd780241aabaa30dd2a0473286,car,0.9064327478408812,19.28,B,0.0636,0.039599999999999996,0.024000000000000007,False
nuscenes_mini,64134c75d5f547fdb4a6862b192f06cd,car,0.8947368264198303,24.41,B,0.011,0.0156,-0.0046,False
nuscenes_mini,64134c75d5f547fdb4a6862b192f06cd,car,0.7460317611694336,45.36,C,0.0,0.0,0.0,False
nuscenes_mini,64134c75d5f547fdb4a6862b192f06cd,car,0.8947368264198303,13.72,A,0.1314,0.0864,0.044999999999999984,False
nuscenes_mini,64134c75d5f547fdb4a6862b192f06cd,car,0.8439024686813354,39.56,C,0.0,0.0,0.0,False
nuscenes_mini,64134c75d5f547fdb4a6862b192f06cd,car,0.9139785170555116,19.41,B,0.015,0.039599999999999996,-0.024599999999999997,False
nuscenes_mini,64134c75d5f547fdb4a6862b192f06cd,car,0.8709677457809448,41.22,C,0.0,0.0,0.0,False
nuscenes_mini,64134c75d5f547fdb4a6862b192f06cd,bus,0.5508772134780884,38.65,C,0.0,0.0,0.0,False
nuscenes_mini,64134c75d5f547fdb4a6862b192f06cd,car,0.8672199249267578,26.28,B,0.0091,0.0027,0.0064,False
nuscenes_mini,64134c75d5f547fdb4a6862b192f06cd,car,0.7887788414955139,16.07,B,0.1109,0.039599999999999996,0.0713,True
nuscenes_mini,c69f16f8568a4479ab2f200c802309d9,car,0.8865247964859009,23.17,B,0.0154,0.0156,-0.0001999999999999988,False
nuscenes_mini,c69f16f8568a4479ab2f200c802309d9,car,0.8709677457809448,33.58,C,0.0164,0.0,0.0164,False
nuscenes_mini,c69f16f8568a4479ab2f200c802309d9,car,0.921951174736023,33.27,C,0.0237,0.0,0.0237,False
nuscenes_mini,c69f16f8568a4479ab2f200c802309d9,car,0.9024390578269958,17.74,B,0.148,0.039599999999999996,0.1084,True
nuscenes_mini,c69f16f8568a4479ab2f200c802309d9,car,0.827957034111023,29.58,B,0.0114,0.0027,0.0087,False
nuscenes_mini,c69f16f8568a4479ab2f200c802309d9,car,0.7344398498535156,48.23,C,0.0,0.0,0.0,False
nuscenes_mini,c69f16f8568a4479ab2f200c802309d9,car,0.8476190567016602,36.05,C,0.0,0.0,0.0,False
nuscenes_mini,c69f16f8568a4479ab2f200c802309d9,car,0.8904109597206116,15.23,B,0.1598,0.039599999999999996,0.1202,True
nuscenes_mini,c69f16f8568a4479ab2f200c802309d9,car,0.7815700173377991,41.37,C,0.0,0.0,0.0,False
nuscenes_mini,a401b5ee030547ab8678a563f13b4731,car,0.8827838897705078,25.66,B,0.022,0.0027,0.019299999999999998,False
nuscenes_mini,a401b5ee030547ab8678a563f13b4731,car,0.921951174736023,22.38,B,0.1405,0.0156,0.12490000000000001,True
nuscenes_mini,a401b5ee030547ab8678a563f13b4731,car,0.6878048777580261,18.39,B,0.1797,0.039599999999999996,0.1401,True
nuscenes_mini,a401b5ee030547ab8678a563f13b4731,car,0.719298243522644,39.82,C,0.0,0.0,0.0,False
nuscenes_mini,a401b5ee030547ab8678a563f13b4731,car,0.8787879347801208,24.03,B,0.0144,0.0156,-0.0011999999999999997,False
nuscenes_mini,a401b5ee030547ab8678a563f13b4731,car,0.518796980381012,38.78,C,0.0,0.0,0.0,False
nuscenes_mini,a401b5ee030547ab8678a563f13b4731,car,0.7344398498535156,46.62,C,0.0,0.0,0.0,False
nuscenes_mini,a401b5ee030547ab8678a563f13b4731,car,0.6831682920455933,13.64,A,0.1565,0.0864,0.0701,True
nuscenes_mini,cc0342fe162348dc9445493aab4b463e,car,0.8518518805503845,25.28,B,0.0101,0.0027,0.0073999999999999995,False
nuscenes_mini,cc0342fe162348dc9445493aab4b463e,car,0.7299578189849854,14.48,A,0.2272,0.0864,0.1408,True
nuscenes_mini,cc0342fe162348dc9445493aab4b463e,construction_vehicle,0.7142857313156128,17.89,B,0.2579,0.039599999999999996,0.21830000000000002,True
nuscenes_mini,cc0342fe162348dc9445493aab4b463e,car,0.7419355511665344,52.52,C,0.0,0.0,0.0,False
nuscenes_mini,cc0342fe162348dc9445493aab4b463e,car,0.8324607610702515,34.26,C,0.0,0.0,0.0,False
nuscenes_mini,cc0342fe162348dc9445493aab4b463e,car,0.6952381134033203,16.5,B,0.039,0.039599999999999996,-0.0005999999999999964,False
nuscenes_mini,6a9eb66eaac44de69c19d24b9d76e598,car,0.9024390578269958,22.53,B,0.0103,0.0156,-0.005299999999999999,False
nuscenes_mini,6a9eb66eaac44de69c19d24b9d76e598,car,0.7620818018913269,37.05,C,0.0,0.0,0.0,False
nuscenes_mini,6a9eb66eaac44de69c19d24b9d76e598,pedestrian,1.0,14.34,A,0.0833,0.0864,-0.0031000000000000055,False
nuscenes_mini,6a9eb66eaac44de69c19d24b9d76e598,construction_vehicle,0.8083832263946533,13.24,A,0.3358,0.0864,0.24939999999999998,True
nuscenes_mini,6a9eb66eaac44de69c19d24b9d76e598,car,0.6097560524940491,24.58,B,0.0025,0.0156,-0.013099999999999999,False
nuscenes_mini,6a9eb66eaac44de69c19d24b9d76e598,car,0.675126850605011,47.42,C,0.0,0.0,0.0,False
nuscenes_mini,6a9eb66eaac44de69c19d24b9d76e598,car,0.8947368264198303,15.72,B,0.2137,0.039599999999999996,0.1741,True
nuscenes_mini,6a9eb66eaac44de69c19d24b9d76e598,car,0.9024390578269958,17.91,B,0.0893,0.039599999999999996,0.04970000000000001,False
nuscenes_mini,ee9b3f38dadd40588f43ba590c4751b9,car,0.8709677457809448,22.11,B,0.0268,0.0156,0.011200000000000002,False
nuscenes_mini,ee9b3f38dadd40588f43ba590c4751b9,car,0.5395683646202087,41.04,C,0.0,0.0,0.0,False
nuscenes_mini,ee9b3f38dadd40588f43ba590c4751b9,car,0.7815700173377991,22.51,B,0.0374,0.0156,0.021800000000000003,False
nuscenes_mini,ee9b3f38dadd40588f43ba590c4751b9,car,0.8518518805503845,25.51,B,0.0146,0.0027,0.0119,False
nuscenes_mini,ee9b3f38dadd40588f43ba590c4751b9,car,0.5936508178710938,9.33,A,0.3422,0.1481,0.1941,True
nuscenes_mini,e6b0b282aa174a978272dc2d0a89d560,pedestrian,1.0,27.32,B,0.0,0.0027,-0.0027,False
nuscenes_mini,e6b0b282aa174a978272dc2d0a89d560,pedestrian,1.0,15.49,B,0.0375,0.039599999999999996,-0.0020999999999999977,False
nuscenes_mini,e6b0b282aa174a978272dc2d0a89d560,pedestrian,1.0,38.98,C,0.0,0.0,0.0,False
nuscenes_mini,e6b0b282aa174a978272dc2d0a89d560,pedestrian,1.0,39.17,C,0.0,0.0,0.0,False
nuscenes_mini,e6b0b282aa174a978272dc2d0a89d560,pedestrian,1.0,39.98,C,0.0,0.0,0.0,False
nuscenes_mini,e6b0b282aa174a978272dc2d0a89d560,car,0.6952381134033203,31.27,C,0.0,0.0,0.0,False
nuscenes_mini,e6b0b282aa174a978272dc2d0a89d560,car,0.9452055096626282,8.47,A,0.4169,0.1481,0.2688,True
nuscenes_mini,e6b0b282aa174a978272dc2d0a89d560,truck,0.9024390578269958,33.55,C,0.0166,0.0,0.0166,False
nuscenes_mini,e6b0b282aa174a978272dc2d0a89d560,truck,0.7620818018913269,26.94,B,0.0034,0.0027,0.0006999999999999997,False
nuscenes_mini,e6b0b282aa174a978272dc2d0a89d560,pedestrian,1.0,15.65,B,0.0625,0.039599999999999996,0.022900000000000004,False
nuscenes_mini,e6b0b282aa174a978272dc2d0a89d560,pedestrian,1.0,55.63,C,0.0,0.0,0.0,False
nuscenes_mini,e6b0b282aa174a978272dc2d0a89d560,bicycle,0.5038759708404541,12.19,A,0.0309,0.0864,-0.05550000000000001,False
nuscenes_mini,e6b0b282aa174a978272dc2d0a89d560,pedestrian,1.0,25.56,B,0.2344,0.0027,0.2317,True
nuscenes_mini,e6b0b282aa174a978272dc2d0a89d560,pedestrian,1.0,27.94,B,0.0,0.0027,-0.0027,False
nuscenes_mini,e6b0b282aa174a978272dc2d0a89d560,pedestrian,1.0,28.97,B,0.0,0.0027,-0.0027,False
nuscenes_mini,e6b0b282aa174a978272dc2d0a89d560,pedestrian,1.0,34.04,C,0.0,0.0,0.0,False
nuscenes_mini,e6b0b282aa174a978272dc2d0a89d560,pedestrian,1.0,10.48,A,0.8929,0.0864,0.8065,True
nuscenes_mini,e6b0b282aa174a978272dc2d0a89d560,pedestrian,1.0,50.34,C,0.0,0.0,0.0,False
nuscenes_mini,e6b0b282aa174a978272dc2d0a89d560,pedestrian,1.0,38.52,C,0.0417,0.0,0.0417,False
nuscenes_mini,e6b0b282aa174a978272dc2d0a89d560,pedestrian,1.0,10.17,A,0.8286,0.0864,0.7422,True
nuscenes_mini,e6b0b282aa174a978272dc2d0a89d560,pedestrian,1.0,22.35,B,0.4028,0.0156,0.3872,True
nuscenes_mini,e6b0b282aa174a978272dc2d0a89d560,pedestrian,1.0,25.73,B,0.0417,0.0027,0.039,False
nuscenes_mini,e6b0b282aa174a978272dc2d0a89d560,pedestrian,1.0,41.82,C,0.0,0.0,0.0,False
nuscenes_mini,e6b0b282aa174a978272dc2d0a89d560,pedestrian,1.0,42.14,C,0.0,0.0,0.0,False
nuscenes_mini,e6b0b282aa174a978272dc2d0a89d560,pedestrian,1.0,26.95,B,0.0,0.0027,-0.0027,False
nuscenes_mini,e6b0b282aa174a978272dc2d0a89d560,pedestrian,1.0,39.37,C,0.0357,0.0,0.0357,False
nuscenes_mini,e6b0b282aa174a978272dc2d0a89d560,pedestrian,1.0,22.73,B,0.25,0.0156,0.2344,True
nuscenes_mini,e6b0b282aa174a978272dc2d0a89d560,pedestrian,1.0,24.08,B,0.0139,0.0156,-0.0017000000000000001,False
nuscenes_mini,e6b0b282aa174a978272dc2d0a89d560,pedestrian,1.0,18.63,B,0.1607,0.039599999999999996,0.12110000000000001,True
nuscenes_mini,e6b0b282aa174a978272dc2d0a89d560,pedestrian,1.0,35.06,C,0.0,0.0,0.0,False
nuscenes_mini,e6b0b282aa174a978272dc2d0a89d560,pedestrian,1.0,19.65,B,0.3095,0.039599999999999996,0.26990000000000003,True
nuscenes_mini,e6b0b282aa174a978272dc2d0a89d560,pedestrian,1.0,10.19,A,0.1667,0.0864,0.08029999999999998,True
nuscenes_mini,e6b0b282aa174a978272dc2d0a89d560,car,0.8128654956817627,11.52,A,0.0386,0.0864,-0.0478,False
nuscenes_mini,e6b0b282aa174a978272dc2d0a89d560,pedestrian,1.0,32.74,C,0.0,0.0,0.0,False
nuscenes_mini,e6b0b282aa174a978272dc2d0a89d560,pedestrian,1.0,22.68,B,0.0,0.0156,-0.0156,False
nuscenes_mini,e6b0b282aa174a978272dc2d0a89d560,pedestrian,1.0,43.65,C,0.0,0.0,0.0,False
nuscenes_mini,e6b0b282aa174a978272dc2d0a89d560,pedestrian,1.0,37.08,C,0.0,0.0,0.0,False
nuscenes_mini,e6b0b282aa174a978272dc2d0a89d560,pedestrian,1.0,16.5,B,0.2,0.039599999999999996,0.16040000000000001,True
nuscenes_mini,e6b0b282aa174a978272dc2d0a89d560,bicycle,0.5586206912994385,14.59,A,0.0,0.0864,-0.0864,False
nuscenes_mini,f77ef1c17cbf432587d705c88ce76b3b,pedestrian,1.0,39.15,C,0.0,0.0,0.0,False
nuscenes_mini,f77ef1c17cbf432587d705c88ce76b3b,pedestrian,1.0,27.5,B,0.0139,0.0027,0.011199999999999998,False
nuscenes_mini,f77ef1c17cbf432587d705c88ce76b3b,pedestrian,1.0,38.25,C,0.0333,0.0,0.0333,False
nuscenes_mini,f77ef1c17cbf432587d705c88ce76b3b,pedestrian,1.0,38.87,C,0.0,0.0,0.0,False
nuscenes_mini,f77ef1c17cbf432587d705c88ce76b3b,pedestrian,1.0,15.81,B,0.0417,0.039599999999999996,0.0021000000000000046,False
nuscenes_mini,f77ef1c17cbf432587d705c88ce76b3b,pedestrian,1.0,11.49,A,0.0494,0.0864,-0.037000000000000005,False
nuscenes_mini,f77ef1c17cbf432587d705c88ce76b3b,pedestrian,1.0,39.13,C,0.0,0.0,0.0,False
nuscenes_mini,f77ef1c17cbf432587d705c88ce76b3b,pedestrian,1.0,39.44,C,0.0,0.0,0.0,False
nuscenes_mini,f77ef1c17cbf432587d705c88ce76b3b,car,0.9452055096626282,8.9,A,0.3565,0.1481,0.20839999999999997,True
nuscenes_mini,f77ef1c17cbf432587d705c88ce76b3b,bicycle,0.6246334314346313,36.21,C,0.0,0.0,0.0,False
nuscenes_mini,f77ef1c17cbf432587d705c88ce76b3b,truck,0.5428571701049805,26.71,B,0.0033,0.0027,0.0005999999999999998,False
nuscenes_mini,f77ef1c17cbf432587d705c88ce76b3b,truck,0.9064327478408812,32.61,C,0.0219,0.0,0.0219,False
nuscenes_mini,f77ef1c17cbf432587d705c88ce76b3b,pedestrian,1.0,11.51,A,0.0494,0.0864,-0.037000000000000005,False
nuscenes_mini,f77ef1c17cbf432587d705c88ce76b3b,car,0.8400000333786011,34.38,C,0.0,0.0,0.0,False
nuscenes_mini,f77ef1c17cbf432587d705c88ce76b3b,pedestrian,1.0,39.61,C,0.0222,0.0,0.0222,False
nuscenes_mini,f77ef1c17cbf432587d705c88ce76b3b,pedestrian,1.0,26.24,B,0.0,0.0027,-0.0027,False
nuscenes_mini,f77ef1c17cbf432587d705c88ce76b3b,pedestrian,1.0,39.42,C,0.0,0.0,0.0,False
nuscenes_mini,f77ef1c17cbf432587d705c88ce76b3b,pedestrian,1.0,38.17,C,0.0,0.0,0.0,False
nuscenes_mini,f77ef1c17cbf432587d705c88ce76b3b,pedestrian,1.0,27.49,B,0.0,0.0027,-0.0027,False
nuscenes_mini,f77ef1c17cbf432587d705c88ce76b3b,car,0.9375000596046448,4.36,A,0.9054,0.1769,0.7284999999999999,True
nuscenes_mini,f77ef1c17cbf432587d705c88ce76b3b,pedestrian,1.0,9.62,A,0.1719,0.1481,0.023799999999999988,False
nuscenes_mini,f77ef1c17cbf432587d705c88ce76b3b,car,0.8083832263946533,10.64,A,0.0319,0.0864,-0.05450000000000001,False
nuscenes_mini,f77ef1c17cbf432587d705c88ce76b3b,pedestrian,1.0,23.25,B,0.0,0.0156,-0.0156,False
nuscenes_mini,f77ef1c17cbf432587d705c88ce76b3b,pedestrian,1.0,36.6,C,0.0,0.0,0.0,False
nuscenes_mini,f77ef1c17cbf432587d705c88ce76b3b,pedestrian,1.0,43.03,C,0.0,0.0,0.0,False
nuscenes_mini,f77ef1c17cbf432587d705c88ce76b3b,pedestrian,1.0,32.44,C,0.0,0.0,0.0,False
nuscenes_mini,f77ef1c17cbf432587d705c88ce76b3b,pedestrian,1.0,16.55,B,0.3125,0.039599999999999996,0.27290000000000003,True
nuscenes_mini,f77ef1c17cbf432587d705c88ce76b3b,bicycle,0.6097560524940491,15.11,B,0.0,0.039599999999999996,-0.039599999999999996,False
nuscenes_mini,77fc24547ab34182a945eecb825b6576,pedestrian,1.0,38.94,C,0.0,0.0,0.0,False
nuscenes_mini,77fc24547ab34182a945eecb825b6576,pedestrian,1.0,27.89,B,0.0278,0.0027,0.025099999999999997,False
nuscenes_mini,77fc24547ab34182a945eecb825b6576,pedestrian,1.0,38.82,C,0.0,0.0,0.0,False
nuscenes_mini,77fc24547ab34182a945eecb825b6576,pedestrian,1.0,38.97,C,0.0,0.0,0.0,False
nuscenes_mini,77fc24547ab34182a945eecb825b6576,pedestrian,1.0,16.14,B,0.0139,0.039599999999999996,-0.025699999999999997,False
nuscenes_mini,77fc24547ab34182a945eecb825b6576,pedestrian,1.0,14.69,A,0.0179,0.0864,-0.0685,False
nuscenes_mini,77fc24547ab34182a945eecb825b6576,pedestrian,1.0,37.68,C,0.0179,0.0,0.0179,False
nuscenes_mini,77fc24547ab34182a945eecb825b6576,pedestrian,1.0,8.51,A,0.2344,0.1481,0.08629999999999999,True
nuscenes_mini,77fc24547ab34182a945eecb825b6576,pedestrian,1.0,43.69,C,0.0,0.0,0.0,False
nuscenes_mini,77fc24547ab34182a945eecb825b6576,pedestrian,1.0,39.07,C,0.0,0.0,0.0,False
nuscenes_mini,77fc24547ab34182a945eecb825b6576,pedestrian,1.0,36.36,C,0.0,0.0,0.0,False
nuscenes_mini,77fc24547ab34182a945eecb825b6576,car,0.9298245906829834,9.56,A,0.3264,0.1481,0.17830000000000001,True
nuscenes_mini,77fc24547ab34182a945eecb825b6576,truck,0.597484290599823,25.72,B,0.007,0.0027,0.0043,False
nuscenes_mini,77fc24547ab34182a945eecb825b6576,truck,0.9101123809814452,31.74,C,0.0015,0.0,0.0015,False
nuscenes_mini,77fc24547ab34182a945eecb825b6576,pedestrian,1.0,10.94,A,0.0864,0.0864,0.0,False
nuscenes_mini,77fc24547ab34182a945eecb825b6576,pedestrian,1.0,17.62,B,0.0,0.039599999999999996,-0.039599999999999996,False
nuscenes_mini,77fc24547ab34182a945eecb825b6576,pedestrian,1.0,15.01,B,0.0,0.039599999999999996,-0.039599999999999996,False
nuscenes_mini,77fc24547ab34182a945eecb825b6576,car,0.7344398498535156,34.58,C,0.0,0.0,0.0,False
nuscenes_mini,77fc24547ab34182a945eecb825b6576,pedestrian,1.0,17.93,B,0.3958,0.039599999999999996,0.35619999999999996,True
nuscenes_mini,77fc24547ab34182a945eecb825b6576,pedestrian,1.0,10.12,A,0.9583,0.0864,0.8719,True
nuscenes_mini,77fc24547ab34182a945eecb825b6576,pedestrian,1.0,38.97,C,0.0,0.0,0.0,False
nuscenes_mini,77fc24547ab34182a945eecb825b6576,pedestrian,1.0,19.5,B,0.0,0.039599999999999996,-0.039599999999999996,False
nuscenes_mini,77fc24547ab34182a945eecb825b6576,pedestrian,1.0,17.84,B,0.6111,0.039599999999999996,0.5715,True
nuscenes_mini,77fc24547ab34182a945eecb825b6576,pedestrian,1.0,37.61,C,0.0208,0.0,0.0208,False
nuscenes_mini,77fc24547ab34182a945eecb825b6576,pedestrian,1.0,10.07,A,0.8125,0.0864,0.7261,True
nuscenes_mini,77fc24547ab34182a945eecb825b6576,pedestrian,1.0,18.5,B,0.2708,0.039599999999999996,0.2312,True
nuscenes_mini,77fc24547ab34182a945eecb825b6576,car,0.9569892287254332,6.28,A,0.8759,0.1481,0.7278,True
nuscenes_mini,77fc24547ab34182a945eecb825b6576,car,0.5936508178710938,28.88,B,0.1152,0.0027,0.1125,True
nuscenes_mini,77fc24547ab34182a945eecb825b6576,pedestrian,1.0,9.1,A,0.1481,0.1481,0.0,False
nuscenes_mini,77fc24547ab34182a945eecb825b6576,car,0.8202247023582458,10.28,A,0.0332,0.0864,-0.053200000000000004,False
nuscenes_mini,77fc24547ab34182a945eecb825b6576,pedestrian,1.0,23.89,B,0.0,0.0156,-0.0156,False
nuscenes_mini,77fc24547ab34182a945eecb825b6576,pedestrian,1.0,36.03,C,0.0,0.0,0.0,False
nuscenes_mini,77fc24547ab34182a945eecb825b6576,pedestrian,1.0,42.29,C,0.0,0.0,0.0,False
nuscenes_mini,77fc24547ab34182a945eecb825b6576,pedestrian,1.0,16.58,B,0.3125,0.039599999999999996,0.27290000000000003,True
nuscenes_mini,77fc24547ab34182a945eecb825b6576,bicycle,0.6167664527893066,15.96,B,0.0,0.039599999999999996,-0.039599999999999996,False
nuscenes_mini,648fe1aeca944fb793b334cb6ee01854,pedestrian,1.0,38.38,C,0.0,0.0,0.0,False
nuscenes_mini,648fe1aeca944fb793b334cb6ee01854,pedestrian,1.0,38.32,C,0.0,0.0,0.0,False
nuscenes_mini,648fe1aeca944fb793b334cb6ee01854,pedestrian,1.0,36.9,C,0.0,0.0,0.0,False
nuscenes_mini,648fe1aeca944fb793b334cb6ee01854,pedestrian,1.0,36.72,C,0.0476,0.0,0.0476,False
nuscenes_mini,648fe1aeca944fb793b334cb6ee01854,pedestrian,1.0,16.04,B,0.0179,0.039599999999999996,-0.021699999999999997,False
nuscenes_mini,648fe1aeca944fb793b334cb6ee01854,pedestrian,1.0,38.5,C,0.0,0.0,0.0,False
nuscenes_mini,648fe1aeca944fb793b334cb6ee01854,pedestrian,1.0,10.44,A,0.1333,0.0864,0.0469,False
nuscenes_mini,648fe1aeca944fb793b334cb6ee01854,pedestrian,1.0,43.14,C,0.0,0.0,0.0,False
nuscenes_mini,648fe1aeca944fb793b334cb6ee01854,pedestrian,1.0,28.03,B,0.0694,0.0027,0.06670000000000001,True
nuscenes_mini,648fe1aeca944fb793b334cb6ee01854,pedestrian,1.0,25.45,B,0.0556,0.0027,0.052899999999999996,True
nuscenes_mini,648fe1aeca944fb793b334cb6ee01854,pedestrian,1.0,28.08,B,0.0,0.0027,-0.0027,False
nuscenes_mini,648fe1aeca944fb793b334cb6ee01854,pedestrian,1.0,40.71,C,0.0,0.0,0.0,False
nuscenes_mini,648fe1aeca944fb793b334cb6ee01854,car,0.5428571701049805,25.18,B,0.0073,0.0027,0.0046,False
nuscenes_mini,648fe1aeca944fb793b334cb6ee01854,car,0.8241757750511169,33.25,C,0.0,0.0,0.0,False
nuscenes_mini,648fe1aeca944fb793b334cb6ee01854,car,0.9532163739204408,9.79,A,0.3056,0.1481,0.15749999999999997,True
nuscenes_mini,648fe1aeca944fb793b334cb6ee01854,truck,0.9101123809814452,31.42,C,0.0013,0.0,0.0013,False
nuscenes_mini,648fe1aeca944fb793b334cb6ee01854,pedestrian,1.0,14.01,A,0.0156,0.0864,-0.0708,False
nuscenes_mini,648fe1aeca944fb793b334cb6ee01854,pedestrian,1.0,10.77,A,0.1458,0.0864,0.05940000000000001,True
nuscenes_mini,648fe1aeca944fb793b334cb6ee01854,car,0.6878048777580261,32.64,C,0.0,0.0,0.0,False
nuscenes_mini,648fe1aeca944fb793b334cb6ee01854,pedestrian,1.0,23.59,B,0.075,0.0156,0.059399999999999994,True
nuscenes_mini,648fe1aeca944fb793b334cb6ee01854,pedestrian,1.0,9.95,A,0.825,0.1481,0.6769,True
nuscenes_mini,648fe1aeca944fb793b334cb6ee01854,pedestrian,1.0,9.89,A,0.7292,0.1481,0.5811,True
nuscenes_mini,648fe1aeca944fb793b334cb6ee01854,pedestrian,1.0,48.59,C,0.0,0.0,0.0,False
nuscenes_mini,648fe1aeca944fb793b334cb6ee01854,pedestrian,1.0,44.96,C,0.0,0.0,0.0,False
nuscenes_mini,648fe1aeca944fb793b334cb6ee01854,pedestrian,1.0,20.12,B,0.0625,0.0156,0.0469,False
nuscenes_mini,648fe1aeca944fb793b334cb6ee01854,pedestrian,1.0,23.81,B,0.1964,0.0156,0.1808,True
nuscenes_mini,648fe1aeca944fb793b334cb6ee01854,pedestrian,1.0,36.83,C,0.0408,0.0,0.0408,False
nuscenes_mini,648fe1aeca944fb793b334cb6ee01854,pedestrian,1.0,26.89,B,0.037,0.0027,0.0343,False
nuscenes_mini,648fe1aeca944fb793b334cb6ee01854,pedestrian,1.0,49.9,C,0.0,0.0,0.0,False
nuscenes_mini,648fe1aeca944fb793b334cb6ee01854,pedestrian,1.0,38.17,C,0.0,0.0,0.0,False
nuscenes_mini,648fe1aeca944fb793b334cb6ee01854,pedestrian,1.0,20.92,B,0.2981,0.0156,0.2825,True
nuscenes_mini,648fe1aeca944fb793b334cb6ee01854,pedestrian,1.0,17.37,B,0.3646,0.039599999999999996,0.32499999999999996,True
nuscenes_mini,648fe1aeca944fb793b334cb6ee01854,car,0.949367105960846,8.09,A,0.6095,0.1481,0.46140000000000003,True
nuscenes_mini,648fe1aeca944fb793b334cb6ee01854,pedestrian,1.0,8.55,A,0.1406,0.1481,-0.007500000000000007,False
nuscenes_mini,648fe1aeca944fb793b334cb6ee01854,car,0.7299578189849854,9.9,A,0.034,0.1481,-0.11410000000000001,False
nuscenes_mini,648fe1aeca944fb793b334cb6ee01854,pedestrian,1.0,35.64,C,0.0,0.0,0.0,False
nuscenes_mini,648fe1aeca944fb793b334cb6ee01854,pedestrian,1.0,24.52,B,0.0,0.0156,-0.0156,False
nuscenes_mini,648fe1aeca944fb793b334cb6ee01854,pedestrian,1.0,16.63,B,0.4792,0.039599999999999996,0.4396,True
nuscenes_mini,648fe1aeca944fb793b334cb6ee01854,bicycle,0.7064220309257507,15.92,B,0.0,0.039599999999999996,-0.039599999999999996,False
nuscenes_mini,1e0d1b76ea134c7db0592c4510f5e737,pedestrian,1.0,27.96,B,0.0278,0.0027,0.025099999999999997,False
nuscenes_mini,1e0d1b76ea134c7db0592c4510f5e737,pedestrian,1.0,40.13,C,0.0,0.0,0.0,False
nuscenes_mini,1e0d1b76ea134c7db0592c4510f5e737,pedestrian,1.0,37.5,C,0.0,0.0,0.0,False
nuscenes_mini,1e0d1b76ea134c7db0592c4510f5e737,pedestrian,1.0,36.05,C,0.0,0.0,0.0,False
nuscenes_mini,1e0d1b76ea134c7db0592c4510f5e737,pedestrian,1.0,37.63,C,0.0,0.0,0.0,False
nuscenes_mini,1e0d1b76ea134c7db0592c4510f5e737,pedestrian,1.0,25.36,B,0.0667,0.0027,0.064,True
nuscenes_mini,1e0d1b76ea134c7db0592c4510f5e737,pedestrian,1.0,10.7,A,0.0875,0.0864,0.0010999999999999899,False
nuscenes_mini,1e0d1b76ea134c7db0592c4510f5e737,pedestrian,1.0,41.08,C,0.0,0.0,0.0,False
nuscenes_mini,1e0d1b76ea134c7db0592c4510f5e737,pedestrian,1.0,28.0,B,0.0227,0.0027,0.02,False
nuscenes_mini,1e0d1b76ea134c7db0592c4510f5e737,pedestrian,1.0,42.65,C,0.0,0.0,0.0,False
nuscenes_mini,1e0d1b76ea134c7db0592c4510f5e737,car,0.7419355511665344,32.54,C,0.0,0.0,0.0,False
nuscenes_mini,1e0d1b76ea134c7db0592c4510f5e737,car,0.9649122953414916,10.09,A,0.2568,0.0864,0.17039999999999997,True
nuscenes_mini,1e0d1b76ea134c7db0592c4510f5e737,truck,0.6012461185455322,24.93,B,0.0121,0.0156,-0.0034999999999999996,False
nuscenes_mini,1e0d1b76ea134c7db0592c4510f5e737,truck,0.92592591047287,31.17,C,0.0313,0.0,0.0313,False
nuscenes_mini,1e0d1b76ea134c7db0592c4510f5e737,pedestrian,1.0,13.25,A,0.0312,0.0864,-0.055200000000000006,False
nuscenes_mini,1e0d1b76ea134c7db0592c4510f5e737,pedestrian,1.0,7.83,A,0.25,0.1481,0.10189999999999999,True
nuscenes_mini,1e0d1b76ea134c7db0592c4510f5e737,car,0.8202247023582458,33.23,C,0.0,0.0,0.0,False
nuscenes_mini,1e0d1b76ea134c7db0592c4510f5e737,car,0.6640419960021973,26.63,B,0.0,0.0027,-0.0027,False
nuscenes_mini,1e0d1b76ea134c7db0592c4510f5e737,pedestrian,1.0,30.88,C,0.0312,0.0,0.0312,False
nuscenes_mini,1e0d1b76ea134c7db0592c4510f5e737,pedestrian,1.0,49.33,C,0.0,0.0,0.0,False
nuscenes_mini,1e0d1b76ea134c7db0592c4510f5e737,pedestrian,1.0,9.63,A,0.8542,0.1481,0.7061,True
nuscenes_mini,1e0d1b76ea134c7db0592c4510f5e737,pedestrian,1.0,35.92,C,0.025,0.0,0.025,False
nuscenes_mini,1e0d1b76ea134c7db0592c4510f5e737,pedestrian,1.0,9.66,A,0.5556,0.1481,0.4075,True
nuscenes_mini,1e0d1b76ea134c7db0592c4510f5e737,pedestrian,1.0,23.92,B,0.1071,0.0156,0.0915,True
nuscenes_mini,1e0d1b76ea134c7db0592c4510f5e737,pedestrian,1.0,27.02,B,0.0833,0.0027,0.0806,True
nuscenes_mini,1e0d1b76ea134c7db0592c4510f5e737,pedestrian,1.0,31.77,C,0.0,0.0,0.0,False
nuscenes_mini,1e0d1b76ea134c7db0592c4510f5e737,pedestrian,1.0,20.39,B,0.2222,0.0156,0.2066,True
nuscenes_mini,1e0d1b76ea134c7db0592c4510f5e737,pedestrian,1.0,47.74,C,0.0,0.0,0.0,False
nuscenes_mini,1e0d1b76ea134c7db0592c4510f5e737,pedestrian,1.0,26.95,B,0.0794,0.0027,0.0767,True
nuscenes_mini,1e0d1b76ea134c7db0592c4510f5e737,pedestrian,1.0,17.07,B,0.3095,0.039599999999999996,0.26990000000000003,True
nuscenes_mini,1e0d1b76ea134c7db0592c4510f5e737,pedestrian,1.0,23.82,B,0.1875,0.0156,0.1719,True
nuscenes_mini,1e0d1b76ea134c7db0592c4510f5e737,pedestrian,1.0,16.94,B,0.45,0.039599999999999996,0.4104,True
nuscenes_mini,1e0d1b76ea134c7db0592c4510f5e737,pedestrian,1.0,27.72,B,0.0159,0.0027,0.0132,False
nuscenes_mini,1e0d1b76ea134c7db0592c4510f5e737,car,0.9298245906829834,9.53,A,0.3668,0.1481,0.2187,True
nuscenes_mini,1e0d1b76ea134c7db0592c4510f5e737,car,0.5241636037826538,25.8,B,0.1675,0.0027,0.1648,True
nuscenes_mini,1e0d1b76ea134c7db0592c4510f5e737,pedestrian,1.0,8.28,A,0.2292,0.1481,0.08109999999999998,True
nuscenes_mini,1e0d1b76ea134c7db0592c4510f5e737,car,0.7655677795410156,9.83,A,0.0313,0.1481,-0.11680000000000001,False
nuscenes_mini,1e0d1b76ea134c7db0592c4510f5e737,pedestrian,1.0,25.34,B,0.0,0.0027,-0.0027,False
nuscenes_mini,1e0d1b76ea134c7db0592c4510f5e737,pedestrian,1.0,20.44,B,0.2812,0.0156,0.2656,True
nuscenes_mini,1e0d1b76ea134c7db0592c4510f5e737,pedestrian,1.0,35.13,C,0.0,0.0,0.0,False
nuscenes_mini,1e0d1b76ea134c7db0592c4510f5e737,pedestrian,1.0,41.36,C,0.0,0.0,0.0,False
nuscenes_mini,1e0d1b76ea134c7db0592c4510f5e737,pedestrian,1.0,36.2,C,0.0,0.0,0.0,False
nuscenes_mini,1e0d1b76ea134c7db0592c4510f5e737,pedestrian,1.0,16.79,B,0.25,0.039599999999999996,0.2104,True
nuscenes_mini,1e0d1b76ea134c7db0592c4510f5e737,bicycle,0.5151515007019043,15.82,B,0.0045,0.039599999999999996,-0.0351,False
nuscenes_mini,1e0d1b76ea134c7db0592c4510f5e737,bus,0.5586206912994385,45.47,C,0.015,0.0,0.015,False
nuscenes_mini,fb61d590dd1143ccb12ea56fbe9d9d07,pedestrian,1.0,27.68,B,0.0,0.0027,-0.0027,False
nuscenes_mini,fb61d590dd1143ccb12ea56fbe9d9d07,pedestrian,1.0,32.45,C,0.0816,0.0,0.0816,True
nuscenes_mini,fb61d590dd1143ccb12ea56fbe9d9d07,pedestrian,1.0,27.55,B,0.0556,0.0027,0.052899999999999996,True
nuscenes_mini,fb61d590dd1143ccb12ea56fbe9d9d07,pedestrian,1.0,40.37,C,0.0,0.0,0.0,False
nuscenes_mini,fb61d590dd1143ccb12ea56fbe9d9d07,pedestrian,1.0,34.78,C,0.0,0.0,0.0,False
nuscenes_mini,fb61d590dd1143ccb12ea56fbe9d9d07,pedestrian,1.0,37.48,C,0.0,0.0,0.0,False
nuscenes_mini,fb61d590dd1143ccb12ea56fbe9d9d07,pedestrian,1.0,25.02,B,0.0417,0.0027,0.039,False
nuscenes_mini,fb61d590dd1143ccb12ea56fbe9d9d07,car,0.7419355511665344,28.1,B,0.0207,0.0027,0.018,False
nuscenes_mini,fb61d590dd1143ccb12ea56fbe9d9d07,car,0.9298245906829834,10.19,A,0.147,0.0864,0.06059999999999999,True
nuscenes_mini,fb61d590dd1143ccb12ea56fbe9d9d07,truck,0.5276752710342407,24.63,B,0.0096,0.0156,-0.006,False
nuscenes_mini,fb61d590dd1143ccb12ea56fbe9d9d07,truck,0.9139785170555116,30.95,C,0.0009,0.0,0.0009,False
nuscenes_mini,fb61d590dd1143ccb12ea56fbe9d9d07,pedestrian,1.0,9.69,A,0.1806,0.1481,0.0325,False
nuscenes_mini,fb61d590dd1143ccb12ea56fbe9d9d07,car,0.8012422323226929,33.09,C,0.0,0.0,0.0,False
nuscenes_mini,fb61d590dd1143ccb12ea56fbe9d9d07,car,0.6097560524940491,23.98,B,0.036,0.0156,0.020399999999999998,False
nuscenes_mini,fb61d590dd1143ccb12ea56fbe9d9d07,car,0.6363636255264282,40.15,C,0.0,0.0,0.0,False
nuscenes_mini,fb61d590dd1143ccb12ea56fbe9d9d07,pedestrian,1.0,30.82,C,0.0312,0.0,0.0312,False
nuscenes_mini,fb61d590dd1143ccb12ea56fbe9d9d07,pedestrian,1.0,27.24,B,0.1111,0.0027,0.10840000000000001,True
nuscenes_mini,fb61d590dd1143ccb12ea56fbe9d9d07,pedestrian,1.0,9.66,A,0.7917,0.1481,0.6436,True
nuscenes_mini,fb61d590dd1143ccb12ea56fbe9d9d07,pedestrian,1.0,34.74,C,0.0,0.0,0.0,False
nuscenes_mini,fb61d590dd1143ccb12ea56fbe9d9d07,pedestrian,1.0,9.56,A,0.3393,0.1481,0.19119999999999998,True
nuscenes_mini,fb61d590dd1143ccb12ea56fbe9d9d07,pedestrian,1.0,23.85,B,0.2143,0.0156,0.1987,True
nuscenes_mini,fb61d590dd1143ccb12ea56fbe9d9d07,pedestrian,1.0,45.43,C,0.0,0.0,0.0,False
nuscenes_mini,fb61d590dd1143ccb12ea56fbe9d9d07,pedestrian,1.0,31.48,C,0.0,0.0,0.0,False
nuscenes_mini,fb61d590dd1143ccb12ea56fbe9d9d07,pedestrian,1.0,19.38,B,0.2857,0.039599999999999996,0.2461,True
nuscenes_mini,fb61d590dd1143ccb12ea56fbe9d9d07,pedestrian,1.0,23.93,B,0.0893,0.0156,0.0737,True
nuscenes_mini,fb61d590dd1143ccb12ea56fbe9d9d07,pedestrian,1.0,16.61,B,0.2333,0.039599999999999996,0.1937,True
nuscenes_mini,fb61d590dd1143ccb12ea56fbe9d9d07,pedestrian,1.0,27.1,B,0.1111,0.0027,0.10840000000000001,True
nuscenes_mini,fb61d590dd1143ccb12ea56fbe9d9d07,pedestrian,1.0,48.8,C,0.0,0.0,0.0,False
nuscenes_mini,fb61d590dd1143ccb12ea56fbe9d9d07,pedestrian,1.0,16.31,B,0.4792,0.039599999999999996,0.4396,True
nuscenes_mini,fb61d590dd1143ccb12ea56fbe9d9d07,car,0.5114504098892212,23.73,B,0.1321,0.0156,0.11649999999999999,True
nuscenes_mini,fb61d590dd1143ccb12ea56fbe9d9d07,car,0.9024390578269958,10.91,A,0.2809,0.0864,0.19449999999999998,True
nuscenes_mini,fb61d590dd1143ccb12ea56fbe9d9d07,pedestrian,1.0,8.39,A,0.1625,0.1481,0.014399999999999996,False
nuscenes_mini,fb61d590dd1143ccb12ea56fbe9d9d07,car,0.7928802371025085,10.09,A,0.0243,0.0864,-0.0621,False
nuscenes_mini,fb61d590dd1143ccb12ea56fbe9d9d07,pedestrian,1.0,17.01,B,0.1406,0.039599999999999996,0.101,True
nuscenes_mini,fb61d590dd1143ccb12ea56fbe9d9d07,pedestrian,1.0,34.81,C,0.0,0.0,0.0,False
nuscenes_mini,fb61d590dd1143ccb12ea56fbe9d9d07,pedestrian,1.0,9.54,A,0.3036,0.1481,0.15549999999999997,True
nuscenes_mini,fb61d590dd1143ccb12ea56fbe9d9d07,pedestrian,1.0,20.88,B,0.0,0.0156,-0.0156,False
nuscenes_mini,fb61d590dd1143ccb12ea56fbe9d9d07,pedestrian,1.0,35.83,C,0.0,0.0,0.0,False
nuscenes_mini,fb61d590dd1143ccb12ea56fbe9d9d07,pedestrian,1.0,26.15,B,0.0,0.0027,-0.0027,False
nuscenes_mini,fb61d590dd1143ccb12ea56fbe9d9d07,bicycle,0.6800000071525574,17.22,B,0.0,0.039599999999999996,-0.039599999999999996,False
nuscenes_mini,3b594831ff7f4e27a9889c7b7d0d8e92,pedestrian,1.0,36.36,C,0.0,0.0,0.0,False
nuscenes_mini,3b594831ff7f4e27a9889c7b7d0d8e92,pedestrian,1.0,27.22,B,0.0139,0.0027,0.011199999999999998,False
nuscenes_mini,3b594831ff7f4e27a9889c7b7d0d8e92,pedestrian,1.0,26.98,B,0.0556,0.0027,0.052899999999999996,True
nuscenes_mini,3b594831ff7f4e27a9889c7b7d0d8e92,pedestrian,1.0,36.55,C,0.0,0.0,0.0,False
nuscenes_mini,3b594831ff7f4e27a9889c7b7d0d8e92,pedestrian,1.0,33.45,C,0.0312,0.0,0.0312,False
nuscenes_mini,3b594831ff7f4e27a9889c7b7d0d8e92,pedestrian,1.0,24.42,B,0.0982,0.0156,0.08259999999999999,True
nuscenes_mini,3b594831ff7f4e27a9889c7b7d0d8e92,pedestrian,1.0,35.58,C,0.0,0.0,0.0,False
nuscenes_mini,3b594831ff7f4e27a9889c7b7d0d8e92,car,0.8128654956817627,26.35,B,0.0204,0.0027,0.0177,False
nuscenes_mini,3b594831ff7f4e27a9889c7b7d0d8e92,car,0.507692277431488,23.86,B,0.0097,0.0156,-0.005899999999999999,False
nuscenes_mini,3b594831ff7f4e27a9889c7b7d0d8e92,car,0.921951174736023,9.95,A,0.0571,0.1481,-0.09100000000000001,False
nuscenes_mini,3b594831ff7f4e27a9889c7b7d0d8e92,bicycle,0.5586206912994385,33.22,C,0.0152,0.0,0.0152,False
nuscenes_mini,3b594831ff7f4e27a9889c7b7d0d8e92,truck,0.8750000596046448,29.52,B,0.0011,0.0027,-0.0016,False
nuscenes_mini,3b594831ff7f4e27a9889c7b7d0d8e92,pedestrian,1.0,8.77,A,0.2222,0.1481,0.0741,True
nuscenes_mini,3b594831ff7f4e27a9889c7b7d0d8e92,pedestrian,1.0,11.94,A,0.05,0.0864,-0.0364,False
nuscenes_mini,3b594831ff7f4e27a9889c7b7d0d8e92,car,0.5857605338096619,32.95,C,0.0,0.0,0.0,False
nuscenes_mini,3b594831ff7f4e27a9889c7b7d0d8e92,pedestrian,1.0,27.12,B,0.1111,0.0027,0.10840000000000001,True
nuscenes_mini,3b594831ff7f4e27a9889c7b7d0d8e92,pedestrian,1.0,9.01,A,0.5714,0.1481,0.4233,True
nuscenes_mini,3b594831ff7f4e27a9889c7b7d0d8e92,pedestrian,1.0,35.46,C,0.0312,0.0,0.0312,False
nuscenes_mini,3b594831ff7f4e27a9889c7b7d0d8e92,pedestrian,1.0,9.38,A,0.1333,0.1481,-0.014800000000000008,False
nuscenes_mini,3b594831ff7f4e27a9889c7b7d0d8e92,pedestrian,1.0,23.6,B,0.2,0.0156,0.1844,True
nuscenes_mini,3b594831ff7f4e27a9889c7b7d0d8e92,pedestrian,1.0,33.44,C,0.0312,0.0,0.0312,False
nuscenes_mini,3b594831ff7f4e27a9889c7b7d0d8e92,pedestrian,1.0,27.44,B,0.0889,0.0027,0.08620000000000001,True
nuscenes_mini,3b594831ff7f4e27a9889c7b7d0d8e92,pedestrian,1.0,30.87,C,0.0938,0.0,0.0938,True
nuscenes_mini,3b594831ff7f4e27a9889c7b7d0d8e92,pedestrian,1.0,31.42,C,0.0,0.0,0.0,False
nuscenes_mini,3b594831ff7f4e27a9889c7b7d0d8e92,pedestrian,1.0,23.82,B,0.0278,0.0156,0.012199999999999999,False
nuscenes_mini,3b594831ff7f4e27a9889c7b7d0d8e92,pedestrian,1.0,48.39,C,0.0,0.0,0.0,False
nuscenes_mini,3b594831ff7f4e27a9889c7b7d0d8e92,pedestrian,1.0,26.94,B,0.0125,0.0027,0.0098,False
nuscenes_mini,3b594831ff7f4e27a9889c7b7d0d8e92,pedestrian,1.0,18.46,B,0.3968,0.039599999999999996,0.35719999999999996,True
nuscenes_mini,3b594831ff7f4e27a9889c7b7d0d8e92,car,0.7655677795410156,25.96,B,0.084,0.0027,0.08130000000000001,True
nuscenes_mini,3b594831ff7f4e27a9889c7b7d0d8e92,car,0.9179486632347108,11.88,A,0.2651,0.0864,0.1787,True
nuscenes_mini,3b594831ff7f4e27a9889c7b7d0d8e92,pedestrian,1.0,8.64,A,0.1667,0.1481,0.018599999999999978,False
nuscenes_mini,3b594831ff7f4e27a9889c7b7d0d8e92,car,0.7575758099555969,10.31,A,0.0457,0.0864,-0.04070000000000001,False
nuscenes_mini,3b594831ff7f4e27a9889c7b7d0d8e92,pedestrian,1.0,17.49,B,0.2083,0.039599999999999996,0.16870000000000002,True
nuscenes_mini,3b594831ff7f4e27a9889c7b7d0d8e92,pedestrian,1.0,21.43,B,0.0,0.0156,-0.0156,False
nuscenes_mini,3b594831ff7f4e27a9889c7b7d0d8e92,pedestrian,1.0,34.6,C,0.0,0.0,0.0,False
nuscenes_mini,3b594831ff7f4e27a9889c7b7d0d8e92,pedestrian,1.0,9.05,A,0.25,0.1481,0.10189999999999999,True
nuscenes_mini,3b594831ff7f4e27a9889c7b7d0d8e92,pedestrian,1.0,9.21,A,0.2344,0.1481,0.08629999999999999,True
nuscenes_mini,3b594831ff7f4e27a9889c7b7d0d8e92,pedestrian,1.0,9.49,A,0.2292,0.1481,0.08109999999999998,True
nuscenes_mini,3b594831ff7f4e27a9889c7b7d0d8e92,pedestrian,1.0,35.85,C,0.0,0.0,0.0,False
nuscenes_mini,3b594831ff7f4e27a9889c7b7d0d8e92,pedestrian,1.0,27.02,B,0.0,0.0027,-0.0027,False
nuscenes_mini,3b594831ff7f4e27a9889c7b7d0d8e92,bicycle,0.719298243522644,17.26,B,0.0,0.039599999999999996,-0.039599999999999996,False
nuscenes_mini,8178cfbc864e4cb0b6e35746b32bed9f,pedestrian,1.0,35.16,C,0.0,0.0,0.0,False
nuscenes_mini,8178cfbc864e4cb0b6e35746b32bed9f,pedestrian,1.0,23.69,B,0.0417,0.0156,0.0261,False
nuscenes_mini,8178cfbc864e4cb0b6e35746b32bed9f,pedestrian,1.0,35.25,C,0.0,0.0,0.0,False
nuscenes_mini,8178cfbc864e4cb0b6e35746b32bed9f,pedestrian,1.0,22.42,B,0.0417,0.0156,0.0261,False
nuscenes_mini,8178cfbc864e4cb0b6e35746b32bed9f,pedestrian,1.0,34.45,C,0.0,0.0,0.0,False
nuscenes_mini,8178cfbc864e4cb0b6e35746b32bed9f,pedestrian,1.0,26.44,B,0.0,0.0027,-0.0027,False
nuscenes_mini,8178cfbc864e4cb0b6e35746b32bed9f,pedestrian,1.0,26.17,B,0.0,0.0027,-0.0027,False
nuscenes_mini,8178cfbc864e4cb0b6e35746b32bed9f,pedestrian,1.0,22.55,B,0.0,0.0156,-0.0156,False
nuscenes_mini,8178cfbc864e4cb0b6e35746b32bed9f,pedestrian,1.0,31.81,C,0.0938,0.0,0.0938,True
nuscenes_mini,8178cfbc864e4cb0b6e35746b32bed9f,car,0.9064327478408812,9.56,A,0.0245,0.1481,-0.12360000000000002,False
nuscenes_mini,8178cfbc864e4cb0b6e35746b32bed9f,car,0.5586206912994385,22.46,B,0.0105,0.0156,-0.005099999999999999,False
nuscenes_mini,8178cfbc864e4cb0b6e35746b32bed9f,bicycle,0.7387754917144775,31.27,C,0.0217,0.0,0.0217,False
nuscenes_mini,8178cfbc864e4cb0b6e35746b32bed9f,truck,0.7460317611694336,28.83,B,0.016,0.0027,0.0133,False
nuscenes_mini,8178cfbc864e4cb0b6e35746b32bed9f,pedestrian,1.0,7.72,A,0.2222,0.1481,0.0741,True
nuscenes_mini,8178cfbc864e4cb0b6e35746b32bed9f,pedestrian,1.0,11.48,A,0.0714,0.0864,-0.015,False
nuscenes_mini,8178cfbc864e4cb0b6e35746b32bed9f,car,0.5038759708404541,22.91,B,0.0108,0.0156,-0.004799999999999999,False
nuscenes_mini,8178cfbc864e4cb0b6e35746b32bed9f,car,0.7620818018913269,29.96,B,0.0,0.0027,-0.0027,False
nuscenes_mini,8178cfbc864e4cb0b6e35746b32bed9f,truck,0.6800000071525574,28.63,B,0.027,0.0027,0.0243,False
nuscenes_mini,8178cfbc864e4cb0b6e35746b32bed9f,pedestrian,1.0,25.25,B,0.037,0.0027,0.0343,False
nuscenes_mini,8178cfbc864e4cb0b6e35746b32bed9f,pedestrian,1.0,34.22,C,0.0,0.0,0.0,False
nuscenes_mini,8178cfbc864e4cb0b6e35746b32bed9f,pedestrian,1.0,17.71,B,0.2321,0.039599999999999996,0.1925,True
nuscenes_mini,8178cfbc864e4cb0b6e35746b32bed9f,pedestrian,1.0,26.71,B,0.0741,0.0027,0.0714,True
nuscenes_mini,8178cfbc864e4cb0b6e35746b32bed9f,pedestrian,1.0,15.24,B,0.075,0.039599999999999996,0.0354,False
nuscenes_mini,8178cfbc864e4cb0b6e35746b32bed9f,pedestrian,1.0,31.39,C,0.0278,0.0,0.0278,False
nuscenes_mini,8178cfbc864e4cb0b6e35746b32bed9f,pedestrian,1.0,30.53,C,0.0,0.0,0.0,False
nuscenes_mini,8178cfbc864e4cb0b6e35746b32bed9f,pedestrian,1.0,26.5,B,0.0,0.0027,-0.0027,False
nuscenes_mini,8178cfbc864e4cb0b6e35746b32bed9f,pedestrian,1.0,8.93,A,0.2,0.1481,0.0519,True
nuscenes_mini,8178cfbc864e4cb0b6e35746b32bed9f,pedestrian,1.0,31.86,C,0.075,0.0,0.075,True
nuscenes_mini,8178cfbc864e4cb0b6e35746b32bed9f,pedestrian,1.0,42.17,C,0.0,0.0,0.0,False
nuscenes_mini,8178cfbc864e4cb0b6e35746b32bed9f,pedestrian,1.0,40.5,C,0.0,0.0,0.0,False
nuscenes_mini,8178cfbc864e4cb0b6e35746b32bed9f,pedestrian,1.0,27.07,B,0.025,0.0027,0.0223,False
nuscenes_mini,8178cfbc864e4cb0b6e35746b32bed9f,pedestrian,1.0,35.7,C,0.0,0.0,0.0,False
nuscenes_mini,8178cfbc864e4cb0b6e35746b32bed9f,pedestrian,1.0,23.27,B,0.0278,0.0156,0.012199999999999999,False
nuscenes_mini,8178cfbc864e4cb0b6e35746b32bed9f,pedestrian,1.0,23.36,B,0.0682,0.0156,0.052599999999999994,True
nuscenes_mini,8178cfbc864e4cb0b6e35746b32bed9f,car,0.7655677795410156,25.82,B,0.0921,0.0027,0.08940000000000001,True
nuscenes_mini,8178cfbc864e4cb0b6e35746b32bed9f,car,0.9179486632347108,12.87,A,0.4245,0.0864,0.33809999999999996,True
nuscenes_mini,8178cfbc864e4cb0b6e35746b32bed9f,pedestrian,1.0,9.19,A,0.1528,0.1481,0.004699999999999982,False
nuscenes_mini,8178cfbc864e4cb0b6e35746b32bed9f,car,0.8358974456787109,10.51,A,0.0349,0.0864,-0.051500000000000004,False
nuscenes_mini,8178cfbc864e4cb0b6e35746b32bed9f,pedestrian,1.0,17.87,B,0.2593,0.039599999999999996,0.21969999999999998,True
nuscenes_mini,8178cfbc864e4cb0b6e35746b32bed9f,pedestrian,1.0,21.25,B,0.0179,0.0156,0.0023,False
nuscenes_mini,8178cfbc864e4cb0b6e35746b32bed9f,pedestrian,1.0,9.14,A,0.075,0.1481,-0.07310000000000001,False
nuscenes_mini,8178cfbc864e4cb0b6e35746b32bed9f,pedestrian,1.0,34.45,C,0.0,0.0,0.0,False
nuscenes_mini,8178cfbc864e4cb0b6e35746b32bed9f,pedestrian,1.0,8.92,A,0.2083,0.1481,0.060200000000000004,True
nuscenes_mini,8178cfbc864e4cb0b6e35746b32bed9f,pedestrian,1.0,28.5,B,0.0,0.0027,-0.0027,False
nuscenes_mini,8178cfbc864e4cb0b6e35746b32bed9f,pedestrian,1.0,15.2,B,0.0179,0.039599999999999996,-0.021699999999999997,False
nuscenes_mini,8178cfbc864e4cb0b6e35746b32bed9f,pedestrian,1.0,28.12,B,0.0,0.0027,-0.0027,False
nuscenes_mini,8178cfbc864e4cb0b6e35746b32bed9f,pedestrian,1.0,35.77,C,0.0,0.0,0.0,False
nuscenes_mini,8178cfbc864e4cb0b6e35746b32bed9f,car,0.6483516097068787,23.63,B,0.0255,0.0156,0.009899999999999999,False
nuscenes_mini,8178cfbc864e4cb0b6e35746b32bed9f,bicycle,0.5857605338096619,16.54,B,0.0,0.039599999999999996,-0.039599999999999996,False
nuscenes_mini,07c29094cb6144aa889c16c52f762d79,pedestrian,1.0,32.88,C,0.0123,0.0,0.0123,False
nuscenes_mini,07c29094cb6144aa889c16c52f762d79,pedestrian,1.0,33.89,C,0.0,0.0,0.0,False
nuscenes_mini,07c29094cb6144aa889c16c52f762d79,pedestrian,1.0,31.21,C,0.0,0.0,0.0,False
nuscenes_mini,07c29094cb6144aa889c16c52f762d79,pedestrian,1.0,34.02,C,0.0,0.0,0.0,False
nuscenes_mini,07c29094cb6144aa889c16c52f762d79,pedestrian,1.0,33.32,C,0.0,0.0,0.0,False
nuscenes_mini,07c29094cb6144aa889c16c52f762d79,pedestrian,1.0,25.48,B,0.0625,0.0027,0.0598,True
nuscenes_mini,07c29094cb6144aa889c16c52f762d79,pedestrian,1.0,25.1,B,0.0625,0.0027,0.0598,True
nuscenes_mini,07c29094cb6144aa889c16c52f762d79,pedestrian,1.0,37.75,C,0.0,0.0,0.0,False
nuscenes_mini,07c29094cb6144aa889c16c52f762d79,pedestrian,1.0,13.72,A,0.0,0.0864,-0.0864,False
nuscenes_mini,07c29094cb6144aa889c16c52f762d79,pedestrian,1.0,21.71,B,0.037,0.0156,0.0214,False
nuscenes_mini,07c29094cb6144aa889c16c52f762d79,pedestrian,1.0,30.16,C,0.0,0.0,0.0,False
nuscenes_mini,07c29094cb6144aa889c16c52f762d79,pedestrian,1.0,21.82,B,0.0417,0.0156,0.0261,False
nuscenes_mini,07c29094cb6144aa889c16c52f762d79,car,0.92592591047287,9.47,A,0.0268,0.1481,-0.1213,False
nuscenes_mini,07c29094cb6144aa889c16c52f762d79,car,0.8324607610702515,21.15,B,0.021,0.0156,0.005400000000000002,False
nuscenes_mini,07c29094cb6144aa889c16c52f762d79,car,0.8552036285400391,30.3,C,0.0,0.0,0.0,False
nuscenes_mini,07c29094cb6144aa889c16c52f762d79,bicycle,0.6908212304115295,31.14,C,0.0,0.0,0.0,False
nuscenes_mini,07c29094cb6144aa889c16c52f762d79,truck,0.6289855241775513,28.77,B,0.0032,0.0027,0.0005,False
nuscenes_mini,07c29094cb6144aa889c16c52f762d79,pedestrian,1.0,6.7,A,0.3281,0.1481,0.18,True
nuscenes_mini,07c29094cb6144aa889c16c52f762d79,pedestrian,1.0,11.34,A,0.0208,0.0864,-0.0656,False
nuscenes_mini,07c29094cb6144aa889c16c52f762d79,car,0.8787879347801208,10.25,A,0.0015,0.0864,-0.0849,False
nuscenes_mini,07c29094cb6144aa889c16c52f762d79,car,0.7142857313156128,21.91,B,0.0096,0.0156,-0.006,False
nuscenes_mini,07c29094cb6144aa889c16c52f762d79,car,0.7575758099555969,35.35,C,0.0,0.0,0.0,False
nuscenes_mini,07c29094cb6144aa889c16c52f762d79,car,0.5508772134780884,46.51,C,0.0,0.0,0.0,False
nuscenes_mini,07c29094cb6144aa889c16c52f762d79,car,0.8672199249267578,31.76,C,0.0,0.0,0.0,False
nuscenes_mini,07c29094cb6144aa889c16c52f762d79,pedestrian,1.0,24.9,B,0.0556,0.0156,0.039999999999999994,False
nuscenes_mini,07c29094cb6144aa889c16c52f762d79,pedestrian,1.0,32.88,C,0.0208,0.0,0.0208,False
nuscenes_mini,07c29094cb6144aa889c16c52f762d79,pedestrian,1.0,30.17,C,0.0,0.0,0.0,False
nuscenes_mini,07c29094cb6144aa889c16c52f762d79,pedestrian,1.0,31.07,C,0.0,0.0,0.0,False
nuscenes_mini,07c29094cb6144aa889c16c52f762d79,pedestrian,1.0,16.92,B,0.0,0.039599999999999996,-0.039599999999999996,False
nuscenes_mini,07c29094cb6144aa889c16c52f762d79,pedestrian,1.0,30.18,C,0.0,0.0,0.0,False
nuscenes_mini,07c29094cb6144aa889c16c52f762d79,pedestrian,1.0,40.68,C,0.0,0.0,0.0,False
nuscenes_mini,07c29094cb6144aa889c16c52f762d79,pedestrian,1.0,30.77,C,0.0625,0.0,0.0625,True
nuscenes_mini,07c29094cb6144aa889c16c52f762d79,pedestrian,1.0,35.11,C,0.0,0.0,0.0,False
nuscenes_mini,07c29094cb6144aa889c16c52f762d79,pedestrian,1.0,25.79,B,0.0982,0.0027,0.0955,True
nuscenes_mini,07c29094cb6144aa889c16c52f762d79,pedestrian,1.0,35.35,C,0.0,0.0,0.0,False
nuscenes_mini,07c29094cb6144aa889c16c52f762d79,pedestrian,1.0,26.58,B,0.0,0.0027,-0.0027,False
nuscenes_mini,07c29094cb6144aa889c16c52f762d79,pedestrian,1.0,34.66,C,0.0,0.0,0.0,False
nuscenes_mini,07c29094cb6144aa889c16c52f762d79,pedestrian,1.0,26.45,B,0.0556,0.0027,0.052899999999999996,True
nuscenes_mini,07c29094cb6144aa889c16c52f762d79,pedestrian,1.0,42.85,C,0.0,0.0,0.0,False
nuscenes_mini,07c29094cb6144aa889c16c52f762d79,pedestrian,1.0,22.95,B,0.0312,0.0156,0.0156,False
nuscenes_mini,07c29094cb6144aa889c16c52f762d79,pedestrian,1.0,23.36,B,0.125,0.0156,0.1094,True
nuscenes_mini,07c29094cb6144aa889c16c52f762d79,car,0.8987342119216919,25.64,B,0.0189,0.0027,0.0162,False
nuscenes_mini,07c29094cb6144aa889c16c52f762d79,car,0.8865247964859009,13.46,A,0.2455,0.0864,0.1591,True
nuscenes_mini,07c29094cb6144aa889c16c52f762d79,car,0.8750000596046448,24.49,B,0.0109,0.0156,-0.004699999999999999,False
nuscenes_mini,07c29094cb6144aa889c16c52f762d79,car,0.7264957427978516,43.27,C,0.0,0.0,0.0,False
nuscenes_mini,07c29094cb6144aa889c16c52f762d79,pedestrian,1.0,9.72,A,0.075,0.1481,-0.07310000000000001,False
nuscenes_mini,07c29094cb6144aa889c16c52f762d79,car,0.8552036285400391,10.89,A,0.0268,0.0864,-0.0596,False
nuscenes_mini,07c29094cb6144aa889c16c52f762d79,pedestrian,1.0,34.31,C,0.0,0.0,0.0,False
nuscenes_mini,07c29094cb6144aa889c16c52f762d79,pedestrian,1.0,15.03,B,0.0227,0.039599999999999996,-0.016899999999999995,False
nuscenes_mini,07c29094cb6144aa889c16c52f762d79,pedestrian,1.0,18.52,B,0.1111,0.039599999999999996,0.07150000000000001,True
nuscenes_mini,07c29094cb6144aa889c16c52f762d79,pedestrian,1.0,16.94,B,0.0312,0.039599999999999996,-0.008399999999999998,False
nuscenes_mini,07c29094cb6144aa889c16c52f762d79,pedestrian,1.0,8.8,A,0.1964,0.1481,0.04829999999999998,False
nuscenes_mini,07c29094cb6144aa889c16c52f762d79,pedestrian,1.0,29.02,B,0.0,0.0027,-0.0027,False
nuscenes_mini,07c29094cb6144aa889c16c52f762d79,pedestrian,1.0,22.83,B,0.0,0.0156,-0.0156,False
nuscenes_mini,07c29094cb6144aa889c16c52f762d79,pedestrian,1.0,9.13,A,0.2857,0.1481,0.1376,True
nuscenes_mini,07c29094cb6144aa889c16c52f762d79,bicycle,0.7730495929718018,18.77,B,0.0,0.039599999999999996,-0.039599999999999996,False
nuscenes_mini,a43568a562a043f38af0ec0b71520af7,pedestrian,1.0,20.96,B,0.0404,0.0156,0.0248,False
nuscenes_mini,a43568a562a043f38af0ec0b71520af7,pedestrian,1.0,12.9,A,0.0469,0.0864,-0.03950000000000001,False
nuscenes_mini,a43568a562a043f38af0ec0b71520af7,pedestrian,1.0,36.59,C,0.0,0.0,0.0,False
nuscenes_mini,a43568a562a043f38af0ec0b71520af7,pedestrian,1.0,27.61,B,0.0,0.0027,-0.0027,False
nuscenes_mini,a43568a562a043f38af0ec0b71520af7,pedestrian,1.0,22.04,B,0.15,0.0156,0.1344,True
nuscenes_mini,a43568a562a043f38af0ec0b71520af7,pedestrian,1.0,32.71,C,0.0,0.0,0.0,False
nuscenes_mini,a43568a562a043f38af0ec0b71520af7,pedestrian,1.0,28.48,B,0.0156,0.0027,0.012899999999999998,False
nuscenes_mini,a43568a562a043f38af0ec0b71520af7,pedestrian,1.0,20.93,B,0.0,0.0156,-0.0156,False
nuscenes_mini,a43568a562a043f38af0ec0b71520af7,pedestrian,1.0,31.66,C,0.05,0.0,0.05,False
nuscenes_mini,a43568a562a043f38af0ec0b71520af7,pedestrian,1.0,21.26,B,0.0357,0.0156,0.020100000000000003,False
nuscenes_mini,a43568a562a043f38af0ec0b71520af7,pedestrian,1.0,32.09,C,0.0,0.0,0.0,False
nuscenes_mini,a43568a562a043f38af0ec0b71520af7,pedestrian,1.0,24.15,B,0.025,0.0156,0.009400000000000002,False
nuscenes_mini,a43568a562a043f38af0ec0b71520af7,pedestrian,1.0,32.55,C,0.0,0.0,0.0,False
nuscenes_mini,a43568a562a043f38af0ec0b71520af7,pedestrian,1.0,34.59,C,0.0,0.0,0.0,False
nuscenes_mini,a43568a562a043f38af0ec0b71520af7,car,0.8827838897705078,8.49,A,0.0756,0.1481,-0.07250000000000001,False
nuscenes_mini,a43568a562a043f38af0ec0b71520af7,car,0.7538461089134216,29.21,B,0.0,0.0027,-0.0027,False
nuscenes_mini,a43568a562a043f38af0ec0b71520af7,bicycle,0.8827838897705078,25.97,B,0.0,0.0027,-0.0027,False
nuscenes_mini,a43568a562a043f38af0ec0b71520af7,construction_vehicle,0.5747508406639099,25.7,B,0.0226,0.0027,0.019899999999999998,False
nuscenes_mini,a43568a562a043f38af0ec0b71520af7,pedestrian,1.0,11.42,A,0.0,0.0864,-0.0864,False
nuscenes_mini,a43568a562a043f38af0ec0b71520af7,pedestrian,1.0,5.85,A,0.2424,0.1481,0.0943,True
nuscenes_mini,a43568a562a043f38af0ec0b71520af7,car,0.7460317611694336,36.52,C,0.0026,0.0,0.0026,False
nuscenes_mini,a43568a562a043f38af0ec0b71520af7,car,0.8904109597206116,9.76,A,0.0286,0.1481,-0.11950000000000001,False
nuscenes_mini,a43568a562a043f38af0ec0b71520af7,car,0.8709677457809448,29.01,B,0.0,0.0027,-0.0027,False
nuscenes_mini,a43568a562a043f38af0ec0b71520af7,car,0.6878048777580261,26.62,B,0.0596,0.0027,0.0569,True
nuscenes_mini,a43568a562a043f38af0ec0b71520af7,car,0.5816993117332458,44.15,C,0.0057,0.0,0.0057,False
nuscenes_mini,a43568a562a043f38af0ec0b71520af7,pedestrian,1.0,45.94,C,0.0741,0.0,0.0741,True
nuscenes_mini,a43568a562a043f38af0ec0b71520af7,pedestrian,1.0,37.21,C,0.0,0.0,0.0,False
nuscenes_mini,a43568a562a043f38af0ec0b71520af7,pedestrian,1.0,27.74,B,0.0,0.0027,-0.0027,False
nuscenes_mini,a43568a562a043f38af0ec0b71520af7,pedestrian,1.0,28.52,B,0.025,0.0027,0.0223,False
nuscenes_mini,a43568a562a043f38af0ec0b71520af7,pedestrian,1.0,26.18,B,0.1071,0.0027,0.1044,True
nuscenes_mini,a43568a562a043f38af0ec0b71520af7,pedestrian,1.0,24.8,B,0.1458,0.0156,0.1302,True
nuscenes_mini,a43568a562a043f38af0ec0b71520af7,pedestrian,1.0,39.1,C,0.0,0.0,0.0,False
nuscenes_mini,a43568a562a043f38af0ec0b71520af7,pedestrian,1.0,37.86,C,0.0278,0.0,0.0278,False
nuscenes_mini,a43568a562a043f38af0ec0b71520af7,pedestrian,1.0,35.12,C,0.0101,0.0,0.0101,False
nuscenes_mini,a43568a562a043f38af0ec0b71520af7,pedestrian,1.0,24.93,B,0.1346,0.0156,0.119,True
nuscenes_mini,a43568a562a043f38af0ec0b71520af7,pedestrian,1.0,39.27,C,0.1071,0.0,0.1071,True
nuscenes_mini,a43568a562a043f38af0ec0b71520af7,pedestrian,1.0,34.58,C,0.0,0.0,0.0,False
nuscenes_mini,a43568a562a043f38af0ec0b71520af7,pedestrian,1.0,33.4,C,0.0,0.0,0.0,False
nuscenes_mini,a43568a562a043f38af0ec0b71520af7,pedestrian,1.0,29.85,B,0.0,0.0027,-0.0027,False
nuscenes_mini,a43568a562a043f38af0ec0b71520af7,pedestrian,1.0,22.99,B,0.1852,0.0156,0.1696,True
nuscenes_mini,a43568a562a043f38af0ec0b71520af7,pedestrian,1.0,38.77,C,0.0536,0.0,0.0536,True
nuscenes_mini,a43568a562a043f38af0ec0b71520af7,pedestrian,1.0,44.31,C,0.0625,0.0,0.0625,True
nuscenes_mini,a43568a562a043f38af0ec0b71520af7,pedestrian,1.0,22.61,B,0.0667,0.0156,0.05109999999999999,True
nuscenes_mini,a43568a562a043f38af0ec0b71520af7,car,0.921951174736023,13.99,A,0.4337,0.0864,0.34729999999999994,True
nuscenes_mini,a43568a562a043f38af0ec0b71520af7,pedestrian,1.0,10.38,A,0.0536,0.0864,-0.0328,False
nuscenes_mini,a43568a562a043f38af0ec0b71520af7,car,0.7419355511665344,11.11,A,0.0152,0.0864,-0.0712,False
nuscenes_mini,a43568a562a043f38af0ec0b71520af7,pedestrian,1.0,8.86,A,0.1786,0.1481,0.0305,False
nuscenes_mini,a43568a562a043f38af0ec0b71520af7,pedestrian,1.0,19.38,B,0.0694,0.039599999999999996,0.029800000000000007,False
nuscenes_mini,a43568a562a043f38af0ec0b71520af7,pedestrian,1.0,35.92,C,0.0,0.0,0.0,False
nuscenes_mini,a43568a562a043f38af0ec0b71520af7,pedestrian,1.0,16.37,B,0.1458,0.039599999999999996,0.10620000000000002,True
nuscenes_mini,a43568a562a043f38af0ec0b71520af7,pedestrian,1.0,14.9,A,0.1429,0.0864,0.056499999999999995,True
nuscenes_mini,a43568a562a043f38af0ec0b71520af7,pedestrian,1.0,9.22,A,0.2857,0.1481,0.1376,True
nuscenes_mini,a43568a562a043f38af0ec0b71520af7,pedestrian,1.0,29.82,B,0.0,0.0027,-0.0027,False
nuscenes_mini,a43568a562a043f38af0ec0b71520af7,pedestrian,1.0,25.58,B,0.0,0.0027,-0.0027,False
nuscenes_mini,a43568a562a043f38af0ec0b71520af7,car,0.7815700173377991,24.14,B,0.0357,0.0156,0.020100000000000003,False
nuscenes_mini,a43568a562a043f38af0ec0b71520af7,car,0.9064327478408812,25.44,B,0.0804,0.0027,0.0777,True
nuscenes_mini,a43568a562a043f38af0ec0b71520af7,car,0.7852349281311035,33.02,C,0.0,0.0,0.0,False
nuscenes_mini,a43568a562a043f38af0ec0b71520af7,bus,0.5151515007019043,34.18,C,0.0375,0.0,0.0375,False
nuscenes_mini,d1136fce62f14400a069613e274f46f7,pedestrian,1.0,31.34,C,0.0,0.0,0.0,False
nuscenes_mini,d1136fce62f14400a069613e274f46f7,pedestrian,1.0,21.23,B,0.0357,0.0156,0.020100000000000003,False
nuscenes_mini,d1136fce62f14400a069613e274f46f7,pedestrian,1.0,11.61,A,0.25,0.0864,0.1636,True
nuscenes_mini,d1136fce62f14400a069613e274f46f7,pedestrian,1.0,20.36,B,0.0,0.0156,-0.0156,False
nuscenes_mini,d1136fce62f14400a069613e274f46f7,pedestrian,1.0,31.23,C,0.0156,0.0,0.0156,False
nuscenes_mini,d1136fce62f14400a069613e274f46f7,pedestrian,1.0,30.72,C,0.0476,0.0,0.0476,False
nuscenes_mini,d1136fce62f14400a069613e274f46f7,pedestrian,1.0,31.31,C,0.0238,0.0,0.0238,False
nuscenes_mini,d1136fce62f14400a069613e274f46f7,pedestrian,1.0,30.19,C,0.0,0.0,0.0,False
nuscenes_mini,d1136fce62f14400a069613e274f46f7,pedestrian,1.0,23.13,B,0.1,0.0156,0.0844,True
nuscenes_mini,d1136fce62f14400a069613e274f46f7,pedestrian,1.0,11.94,A,0.25,0.0864,0.1636,True
nuscenes_mini,d1136fce62f14400a069613e274f46f7,car,0.921951174736023,9.15,A,0.0759,0.1481,-0.07220000000000001,False
nuscenes_mini,d1136fce62f14400a069613e274f46f7,car,0.8987342119216919,22.18,B,0.0,0.0156,-0.0156,False
nuscenes_mini,d1136fce62f14400a069613e274f46f7,car,0.8987342119216919,28.02,B,0.0444,0.0027,0.0417,False
nuscenes_mini,d1136fce62f14400a069613e274f46f7,bicycle,0.8128654956817627,28.18,B,0.0564,0.0027,0.0537,True
nuscenes_mini,d1136fce62f14400a069613e274f46f7,truck,0.9452055096626282,24.52,B,0.0134,0.0156,-0.002199999999999999,False
nuscenes_mini,d1136fce62f14400a069613e274f46f7,pedestrian,1.0,5.0,A,0.3333,0.1481,0.18519999999999998,True
nuscenes_mini,d1136fce62f14400a069613e274f46f7,pedestrian,1.0,11.67,A,0.0,0.0864,-0.0864,False
nuscenes_mini,d1136fce62f14400a069613e274f46f7,car,0.9298245906829834,9.9,A,0.0359,0.1481,-0.11220000000000001,False
nuscenes_mini,d1136fce62f14400a069613e274f46f7,car,0.7770034670829773,40.78,C,0.0,0.0,0.0,False
nuscenes_mini,d1136fce62f14400a069613e274f46f7,car,0.7229437232017517,43.88,C,0.0,0.0,0.0,False
nuscenes_mini,d1136fce62f14400a069613e274f46f7,car,0.5704697966575623,41.26,C,0.0,0.0,0.0,False
nuscenes_mini,d1136fce62f14400a069613e274f46f7,car,0.7575758099555969,34.82,C,0.0041,0.0,0.0041,False
nuscenes_mini,d1136fce62f14400a069613e274f46f7,pedestrian,1.0,30.56,C,0.125,0.0,0.125,True
nuscenes_mini,d1136fce62f14400a069613e274f46f7,pedestrian,1.0,48.8,C,0.0,0.0,0.0,False
nuscenes_mini,d1136fce62f14400a069613e274f46f7,pedestrian,1.0,37.14,C,0.0,0.0,0.0,False
nuscenes_mini,d1136fce62f14400a069613e274f46f7,pedestrian,1.0,22.39,B,0.0156,0.0156,0.0,False
nuscenes_mini,d1136fce62f14400a069613e274f46f7,pedestrian,1.0,26.83,B,0.125,0.0027,0.1223,True
nuscenes_mini,d1136fce62f14400a069613e274f46f7,pedestrian,1.0,27.46,B,0.125,0.0027,0.1223,True
nuscenes_mini,d1136fce62f14400a069613e274f46f7,pedestrian,1.0,21.31,B,0.125,0.0156,0.1094,True
nuscenes_mini,d1136fce62f14400a069613e274f46f7,pedestrian,1.0,32.25,C,0.0469,0.0,0.0469,False
nuscenes_mini,d1136fce62f14400a069613e274f46f7,pedestrian,1.0,23.87,B,0.125,0.0156,0.1094,True
nuscenes_mini,d1136fce62f14400a069613e274f46f7,pedestrian,1.0,25.84,B,0.0833,0.0027,0.0806,True
nuscenes_mini,d1136fce62f14400a069613e274f46f7,pedestrian,1.0,26.44,B,0.0625,0.0027,0.0598,True
nuscenes_mini,d1136fce62f14400a069613e274f46f7,pedestrian,1.0,36.48,C,0.0952,0.0,0.0952,True
nuscenes_mini,d1136fce62f14400a069613e274f46f7,pedestrian,1.0,37.95,C,0.0833,0.0,0.0833,True
nuscenes_mini,d1136fce62f14400a069613e274f46f7,pedestrian,1.0,38.75,C,0.0312,0.0,0.0312,False
nuscenes_mini,d1136fce62f14400a069613e274f46f7,pedestrian,1.0,30.12,C,0.075,0.0,0.075,True
nuscenes_mini,d1136fce62f14400a069613e274f46f7,pedestrian,1.0,30.83,C,0.125,0.0,0.125,True
nuscenes_mini,d1136fce62f14400a069613e274f46f7,pedestrian,1.0,24.62,B,0.0,0.0156,-0.0156,False
nuscenes_mini,d1136fce62f14400a069613e274f46f7,car,0.7299578189849854,40.95,C,0.0,0.0,0.0,False
nuscenes_mini,d1136fce62f14400a069613e274f46f7,car,0.8787879347801208,14.67,A,0.2052,0.0864,0.11879999999999999,True
nuscenes_mini,d1136fce62f14400a069613e274f46f7,pedestrian,1.0,10.89,A,0.0417,0.0864,-0.044700000000000004,False
nuscenes_mini,d1136fce62f14400a069613e274f46f7,car,0.7697842121124268,11.18,A,0.0321,0.0864,-0.05430000000000001,False
nuscenes_mini,d1136fce62f14400a069613e274f46f7,pedestrian,1.0,11.63,A,0.0208,0.0864,-0.0656,False
nuscenes_mini,d1136fce62f14400a069613e274f46f7,pedestrian,1.0,20.25,B,0.0625,0.0156,0.0469,False
nuscenes_mini,d1136fce62f14400a069613e274f46f7,pedestrian,1.0,14.77,A,0.0208,0.0864,-0.0656,False
nuscenes_mini,d1136fce62f14400a069613e274f46f7,pedestrian,1.0,35.3,C,0.0,0.0,0.0,False
nuscenes_mini,d1136fce62f14400a069613e274f46f7,pedestrian,1.0,9.61,A,0.4444,0.1481,0.2963,True
nuscenes_mini,d1136fce62f14400a069613e274f46f7,pedestrian,1.0,9.03,A,0.3556,0.1481,0.20750000000000002,True
nuscenes_mini,d1136fce62f14400a069613e274f46f7,pedestrian,1.0,36.07,C,0.0,0.0,0.0,False
nuscenes_mini,d1136fce62f14400a069613e274f46f7,car,0.8358974456787109,23.88,B,0.04,0.0156,0.0244,False
nuscenes_mini,d1136fce62f14400a069613e274f46f7,car,0.8439024686813354,26.01,B,0.05,0.0027,0.0473,False
nuscenes_mini,d1136fce62f14400a069613e274f46f7,bicycle,0.5428571701049805,21.99,B,0.0,0.0156,-0.0156,False
nuscenes_mini,d1136fce62f14400a069613e274f46f7,bus,0.6831682920455933,34.82,C,0.0,0.0,0.0,False
nuscenes_mini,f65ffdc408fb4a0c8ef0d1614b47dce8,pedestrian,1.0,19.57,B,0.125,0.039599999999999996,0.0854,True
nuscenes_mini,f65ffdc408fb4a0c8ef0d1614b47dce8,pedestrian,1.0,30.09,C,0.0833,0.0,0.0833,True
nuscenes_mini,f65ffdc408fb4a0c8ef0d1614b47dce8,pedestrian,1.0,19.39,B,0.1042,0.039599999999999996,0.0646,True
nuscenes_mini,f65ffdc408fb4a0c8ef0d1614b47dce8,pedestrian,1.0,29.37,B,0.025,0.0027,0.0223,False
nuscenes_mini,f65ffdc408fb4a0c8ef0d1614b47dce8,pedestrian,1.0,11.14,A,0.5,0.0864,0.41359999999999997,True
nuscenes_mini,f65ffdc408fb4a0c8ef0d1614b47dce8,pedestrian,1.0,30.13,C,0.1,0.0,0.1,True
nuscenes_mini,f65ffdc408fb4a0c8ef0d1614b47dce8,pedestrian,1.0,33.43,C,0.0,0.0,0.0,False
nuscenes_mini,f65ffdc408fb4a0c8ef0d1614b47dce8,pedestrian,1.0,30.0,B,0.0833,0.0,0.0833,True
nuscenes_mini,f65ffdc408fb4a0c8ef0d1614b47dce8,car,0.8947368264198303,21.01,B,0.0,0.0156,-0.0156,False
nuscenes_mini,f65ffdc408fb4a0c8ef0d1614b47dce8,car,0.8987342119216919,26.57,B,0.0723,0.0027,0.06960000000000001,True
nuscenes_mini,f65ffdc408fb4a0c8ef0d1614b47dce8,bicycle,0.6444444060325623,27.34,B,0.0,0.0027,-0.0027,False
nuscenes_mini,f65ffdc408fb4a0c8ef0d1614b47dce8,truck,0.5276752710342407,18.42,B,0.0457,0.039599999999999996,0.006100000000000001,False
nuscenes_mini,f65ffdc408fb4a0c8ef0d1614b47dce8,truck,0.9139785170555116,23.41,B,0.0087,0.0156,-0.0069,False
nuscenes_mini,f65ffdc408fb4a0c8ef0d1614b47dce8,pedestrian,1.0,4.34,A,0.45,0.1769,0.2731,True
nuscenes_mini,f65ffdc408fb4a0c8ef0d1614b47dce8,car,0.9139785170555116,10.79,A,0.0366,0.0864,-0.049800000000000004,False
nuscenes_mini,f65ffdc408fb4a0c8ef0d1614b47dce8,car,0.7104072570800781,18.3,B,0.0493,0.039599999999999996,0.0097,False
nuscenes_mini,f65ffdc408fb4a0c8ef0d1614b47dce8,car,0.5661016702651978,47.7,C,0.0,0.0,0.0,False
nuscenes_mini,f65ffdc408fb4a0c8ef0d1614b47dce8,car,0.604938268661499,40.64,C,0.0,0.0,0.0,False
nuscenes_mini,f65ffdc408fb4a0c8ef0d1614b47dce8,pedestrian,1.0,22.93,B,0.1818,0.0156,0.1662,True
nuscenes_mini,f65ffdc408fb4a0c8ef0d1614b47dce8,pedestrian,1.0,24.39,B,0.1146,0.0156,0.09899999999999999,True
nuscenes_mini,f65ffdc408fb4a0c8ef0d1614b47dce8,pedestrian,1.0,22.11,B,0.1111,0.0156,0.0955,True
nuscenes_mini,f65ffdc408fb4a0c8ef0d1614b47dce8,pedestrian,1.0,26.36,B,0.1042,0.0027,0.1015,True
nuscenes_mini,f65ffdc408fb4a0c8ef0d1614b47dce8,pedestrian,1.0,22.79,B,0.0,0.0156,-0.0156,False
nuscenes_mini,f65ffdc408fb4a0c8ef0d1614b47dce8,pedestrian,1.0,25.37,B,0.0625,0.0027,0.0598,True
nuscenes_mini,f65ffdc408fb4a0c8ef0d1614b47dce8,pedestrian,1.0,33.32,C,0.0625,0.0,0.0625,True
nuscenes_mini,f65ffdc408fb4a0c8ef0d1614b47dce8,pedestrian,1.0,33.12,C,0.0893,0.0,0.0893,True
nuscenes_mini,f65ffdc408fb4a0c8ef0d1614b47dce8,pedestrian,1.0,25.06,B,0.0,0.0027,-0.0027,False
nuscenes_mini,f65ffdc408fb4a0c8ef0d1614b47dce8,pedestrian,1.0,29.86,B,0.125,0.0027,0.1223,True
nuscenes_mini,f65ffdc408fb4a0c8ef0d1614b47dce8,pedestrian,1.0,30.77,C,0.1042,0.0,0.1042,True
nuscenes_mini,f65ffdc408fb4a0c8ef0d1614b47dce8,pedestrian,1.0,47.52,C,0.0,0.0,0.0,False
nuscenes_mini,f65ffdc408fb4a0c8ef0d1614b47dce8,pedestrian,1.0,27.11,B,0.0938,0.0027,0.0911,True
nuscenes_mini,f65ffdc408fb4a0c8ef0d1614b47dce8,pedestrian,1.0,24.2,B,0.0357,0.0156,0.020100000000000003,False
nuscenes_mini,f65ffdc408fb4a0c8ef0d1614b47dce8,pedestrian,1.0,20.55,B,0.2292,0.0156,0.21359999999999998,True
nuscenes_mini,f65ffdc408fb4a0c8ef0d1614b47dce8,car,0.8787879347801208,14.95,A,0.3653,0.0864,0.27890000000000004,True
nuscenes_mini,f65ffdc408fb4a0c8ef0d1614b47dce8,pedestrian,1.0,11.46,A,0.0714,0.0864,-0.015,False
nuscenes_mini,f65ffdc408fb4a0c8ef0d1614b47dce8,pedestrian,1.0,21.25,B,0.0556,0.0156,0.039999999999999994,False
nuscenes_mini,f65ffdc408fb4a0c8ef0d1614b47dce8,car,0.7538461089134216,10.99,A,0.0251,0.0864,-0.06130000000000001,False
nuscenes_mini,f65ffdc408fb4a0c8ef0d1614b47dce8,pedestrian,1.0,15.93,B,0.1071,0.039599999999999996,0.0675,True
nuscenes_mini,f65ffdc408fb4a0c8ef0d1614b47dce8,pedestrian,1.0,10.33,A,0.25,0.0864,0.1636,True
nuscenes_mini,f65ffdc408fb4a0c8ef0d1614b47dce8,pedestrian,1.0,25.43,B,0.0,0.0027,-0.0027,False
nuscenes_mini,f65ffdc408fb4a0c8ef0d1614b47dce8,pedestrian,1.0,24.34,B,0.0938,0.0156,0.07819999999999999,True
nuscenes_mini,f65ffdc408fb4a0c8ef0d1614b47dce8,pedestrian,1.0,9.59,A,0.1852,0.1481,0.037099999999999994,False
nuscenes_mini,f65ffdc408fb4a0c8ef0d1614b47dce8,car,0.8987342119216919,25.66,B,0.0578,0.0027,0.055099999999999996,True
nuscenes_mini,f65ffdc408fb4a0c8ef0d1614b47dce8,car,0.7730495929718018,32.61,C,0.0,0.0,0.0,False
nuscenes_mini,f65ffdc408fb4a0c8ef0d1614b47dce8,car,0.859649121761322,24.62,B,0.0359,0.0156,0.020300000000000002,False
nuscenes_mini,f65ffdc408fb4a0c8ef0d1614b47dce8,bus,0.8202247023582458,33.59,C,0.0003,0.0,0.0003,False
nuscenes_mini,0915646e387b484785ae2b847ffdee2f,pedestrian,1.0,10.22,A,0.5,0.0864,0.41359999999999997,True
nuscenes_mini,0915646e387b484785ae2b847ffdee2f,pedestrian,1.0,18.54,B,0.25,0.039599999999999996,0.2104,True
nuscenes_mini,0915646e387b484785ae2b847ffdee2f,pedestrian,1.0,18.79,B,0.1875,0.039599999999999996,0.1479,True
nuscenes_mini,0915646e387b484785ae2b847ffdee2f,pedestrian,1.0,24.4,B,0.0833,0.0156,0.0677,True
nuscenes_mini,0915646e387b484785ae2b847ffdee2f,pedestrian,1.0,34.52,C,0.0,0.0,0.0,False
nuscenes_mini,0915646e387b484785ae2b847ffdee2f,car,0.8400000333786011,25.37,B,0.1003,0.0027,0.0976,True
nuscenes_mini,0915646e387b484785ae2b847ffdee2f,car,0.5311355590820312,17.07,B,0.0478,0.039599999999999996,0.008200000000000006,False
nuscenes_mini,0915646e387b484785ae2b847ffdee2f,car,0.8241757750511169,25.71,B,0.0,0.0027,-0.0027,False
nuscenes_mini,0915646e387b484785ae2b847ffdee2f,car,0.8947368264198303,20.15,B,0.0348,0.0156,0.0192,False
nuscenes_mini,0915646e387b484785ae2b847ffdee2f,truck,0.8518518805503845,22.2,B,0.0352,0.0156,0.019600000000000003,False
nuscenes_mini,0915646e387b484785ae2b847ffdee2f,pedestrian,1.0,12.47,A,0.0,0.0864,-0.0864,False
nuscenes_mini,0915646e387b484785ae2b847ffdee2f,pedestrian,1.0,3.99,A,0.3111,0.1769,0.13419999999999999,True
nuscenes_mini,0915646e387b484785ae2b847ffdee2f,car,0.9375000596046448,12.08,A,0.0364,0.0864,-0.05,False
nuscenes_mini,0915646e387b484785ae2b847ffdee2f,car,0.8400000333786011,26.37,B,0.0,0.0027,-0.0027,False
nuscenes_mini,0915646e387b484785ae2b847ffdee2f,car,0.5038759708404541,36.79,C,0.0,0.0,0.0,False
nuscenes_mini,0915646e387b484785ae2b847ffdee2f,pedestrian,1.0,27.15,B,0.0893,0.0027,0.08660000000000001,True
nuscenes_mini,0915646e387b484785ae2b847ffdee2f,pedestrian,1.0,29.01,B,0.0357,0.0027,0.033,False
nuscenes_mini,0915646e387b484785ae2b847ffdee2f,pedestrian,1.0,29.97,B,0.1667,0.0027,0.16399999999999998,True
nuscenes_mini,0915646e387b484785ae2b847ffdee2f,pedestrian,1.0,26.62,B,0.125,0.0027,0.1223,True
nuscenes_mini,0915646e387b484785ae2b847ffdee2f,pedestrian,1.0,26.22,B,0.0,0.0027,-0.0027,False
nuscenes_mini,0915646e387b484785ae2b847ffdee2f,pedestrian,1.0,46.32,C,0.0,0.0,0.0,False
nuscenes_mini,0915646e387b484785ae2b847ffdee2f,pedestrian,1.0,20.04,B,0.1875,0.0156,0.1719,True
nuscenes_mini,0915646e387b484785ae2b847ffdee2f,pedestrian,1.0,33.81,C,0.0833,0.0,0.0833,True
nuscenes_mini,0915646e387b484785ae2b847ffdee2f,pedestrian,1.0,29.56,B,0.0938,0.0027,0.0911,True
nuscenes_mini,0915646e387b484785ae2b847ffdee2f,pedestrian,1.0,29.05,B,0.1875,0.0027,0.1848,True
nuscenes_mini,0915646e387b484785ae2b847ffdee2f,pedestrian,1.0,29.51,B,0.0833,0.0027,0.0806,True
nuscenes_mini,0915646e387b484785ae2b847ffdee2f,pedestrian,1.0,23.47,B,0.1071,0.0156,0.0915,True
nuscenes_mini,0915646e387b484785ae2b847ffdee2f,pedestrian,1.0,21.98,B,0.125,0.0156,0.1094,True
nuscenes_mini,0915646e387b484785ae2b847ffdee2f,pedestrian,1.0,27.36,B,0.1875,0.0027,0.1848,True
nuscenes_mini,0915646e387b484785ae2b847ffdee2f,pedestrian,1.0,24.37,B,0.0926,0.0156,0.077,True
nuscenes_mini,0915646e387b484785ae2b847ffdee2f,pedestrian,1.0,26.96,B,0.0,0.0027,-0.0027,False
nuscenes_mini,0915646e387b484785ae2b847ffdee2f,pedestrian,1.0,11.97,A,0.0357,0.0864,-0.0507,False
nuscenes_mini,0915646e387b484785ae2b847ffdee2f,pedestrian,1.0,10.37,A,0.1111,0.0864,0.0247,False
nuscenes_mini,0915646e387b484785ae2b847ffdee2f,pedestrian,1.0,11.19,A,0.375,0.0864,0.28859999999999997,True
nuscenes_mini,0915646e387b484785ae2b847ffdee2f,car,0.8518518805503845,10.47,A,0.0321,0.0864,-0.05430000000000001,False
nuscenes_mini,0915646e387b484785ae2b847ffdee2f,pedestrian,1.0,3.89,A,0.3958,0.1769,0.21889999999999998,True
nuscenes_mini,0915646e387b484785ae2b847ffdee2f,pedestrian,1.0,24.46,B,0.0,0.0156,-0.0156,False
nuscenes_mini,0915646e387b484785ae2b847ffdee2f,pedestrian,1.0,10.31,A,0.1875,0.0864,0.1011,True
nuscenes_mini,0915646e387b484785ae2b847ffdee2f,pedestrian,1.0,26.23,B,0.1429,0.0027,0.1402,True
nuscenes_mini,0915646e387b484785ae2b847ffdee2f,pedestrian,1.0,16.15,B,0.1429,0.039599999999999996,0.1033,True
nuscenes_mini,0915646e387b484785ae2b847ffdee2f,pedestrian,1.0,19.09,B,0.1071,0.039599999999999996,0.0675,True
nuscenes_mini,0915646e387b484785ae2b847ffdee2f,car,0.9024390578269958,15.51,B,0.1709,0.039599999999999996,0.1313,True
nuscenes_mini,0915646e387b484785ae2b847ffdee2f,car,0.7968254089355469,24.55,B,0.0289,0.0156,0.0133,False
nuscenes_mini,0915646e387b484785ae2b847ffdee2f,car,0.8632478713989258,24.94,B,0.0,0.0156,-0.0156,False
nuscenes_mini,0915646e387b484785ae2b847ffdee2f,bus,0.6012461185455322,34.25,C,0.0003,0.0,0.0003,False
nuscenes_mini,95c0a92d52584756832ec795d346e296,pedestrian,1.0,19.19,B,0.2917,0.039599999999999996,0.2521,True
nuscenes_mini,95c0a92d52584756832ec795d346e296,car,0.6332378387451172,36.23,C,0.0053,0.0,0.0053,False
nuscenes_mini,95c0a92d52584756832ec795d346e296,car,0.8632478713989258,24.21,B,0.1381,0.0156,0.1225,True
nuscenes_mini,95c0a92d52584756832ec795d346e296,car,0.9064327478408812,12.62,A,0.0175,0.0864,-0.0689,False
nuscenes_mini,95c0a92d52584756832ec795d346e296,car,0.8439024686813354,24.5,B,0.0,0.0156,-0.0156,False
nuscenes_mini,95c0a92d52584756832ec795d346e296,car,0.7142857313156128,30.68,C,0.0051,0.0,0.0051,False
nuscenes_mini,95c0a92d52584756832ec795d346e296,car,0.8904109597206116,18.69,B,0.1122,0.039599999999999996,0.0726,True
nuscenes_mini,95c0a92d52584756832ec795d346e296,car,0.6521739363670349,15.81,B,0.0367,0.039599999999999996,-0.002899999999999993,False
nuscenes_mini,95c0a92d52584756832ec795d346e296,truck,0.9298245906829834,21.02,B,0.0747,0.0156,0.0591,True
nuscenes_mini,95c0a92d52584756832ec795d346e296,pedestrian,1.0,12.56,A,0.0,0.0864,-0.0864,False
nuscenes_mini,95c0a92d52584756832ec795d346e296,car,0.921951174736023,13.35,A,0.0218,0.0864,-0.0646,False
nuscenes_mini,95c0a92d52584756832ec795d346e296,pedestrian,1.0,9.46,A,0.6786,0.1481,0.5305,True
nuscenes_mini,95c0a92d52584756832ec795d346e296,pedestrian,1.0,21.17,B,0.1562,0.0156,0.1406,True
nuscenes_mini,95c0a92d52584756832ec795d346e296,pedestrian,1.0,17.74,B,0.2292,0.039599999999999996,0.1896,True
nuscenes_mini,95c0a92d52584756832ec795d346e296,pedestrian,1.0,32.95,C,0.1429,0.0,0.1429,True
nuscenes_mini,95c0a92d52584756832ec795d346e296,pedestrian,1.0,23.08,B,0.3036,0.0156,0.288,True
nuscenes_mini,95c0a92d52584756832ec795d346e296,pedestrian,1.0,18.02,B,0.6042,0.039599999999999996,0.5646,True
nuscenes_mini,95c0a92d52584756832ec795d346e296,pedestrian,1.0,27.05,B,0.125,0.0027,0.1223,True
nuscenes_mini,95c0a92d52584756832ec795d346e296,pedestrian,1.0,34.74,C,0.1,0.0,0.1,True
nuscenes_mini,95c0a92d52584756832ec795d346e296,pedestrian,1.0,20.6,B,0.125,0.0156,0.1094,True
nuscenes_mini,95c0a92d52584756832ec795d346e296,pedestrian,1.0,19.71,B,0.2,0.039599999999999996,0.16040000000000001,True
nuscenes_mini,95c0a92d52584756832ec795d346e296,car,0.7344398498535156,23.68,B,0.1807,0.0156,0.1651,True
nuscenes_mini,95c0a92d52584756832ec795d346e296,pedestrian,1.0,12.48,A,0.0208,0.0864,-0.0656,False
nuscenes_mini,95c0a92d52584756832ec795d346e296,pedestrian,1.0,12.41,A,0.0278,0.0864,-0.058600000000000006,False
nuscenes_mini,95c0a92d52584756832ec795d346e296,pedestrian,1.0,11.43,A,0.0889,0.0864,0.0025000000000000022,False
nuscenes_mini,95c0a92d52584756832ec795d346e296,pedestrian,1.0,23.38,B,0.0,0.0156,-0.0156,False
nuscenes_mini,95c0a92d52584756832ec795d346e296,car,0.8128654956817627,10.36,A,0.036,0.0864,-0.05040000000000001,False
nuscenes_mini,95c0a92d52584756832ec795d346e296,pedestrian,1.0,3.57,A,0.4667,0.1769,0.2898,True
nuscenes_mini,95c0a92d52584756832ec795d346e296,pedestrian,1.0,50.09,C,0.0,0.0,0.0,False
nuscenes_mini,95c0a92d52584756832ec795d346e296,pedestrian,1.0,24.97,B,0.0,0.0156,-0.0156,False
nuscenes_mini,95c0a92d52584756832ec795d346e296,pedestrian,1.0,26.99,B,0.0,0.0027,-0.0027,False
nuscenes_mini,95c0a92d52584756832ec795d346e296,pedestrian,1.0,22.69,B,0.0,0.0156,-0.0156,False
nuscenes_mini,95c0a92d52584756832ec795d346e296,pedestrian,1.0,37.71,C,0.25,0.0,0.25,True
nuscenes_mini,95c0a92d52584756832ec795d346e296,pedestrian,1.0,26.67,B,0.0,0.0027,-0.0027,False
nuscenes_mini,95c0a92d52584756832ec795d346e296,pedestrian,1.0,37.85,C,0.4,0.0,0.4,True
nuscenes_mini,95c0a92d52584756832ec795d346e296,pedestrian,1.0,44.46,C,0.0,0.0,0.0,False
nuscenes_mini,95c0a92d52584756832ec795d346e296,pedestrian,1.0,29.75,B,0.0,0.0027,-0.0027,False
nuscenes_mini,95c0a92d52584756832ec795d346e296,car,0.8202247023582458,25.86,B,0.0004,0.0027,-0.0023,False
nuscenes_mini,95c0a92d52584756832ec795d346e296,car,0.8947368264198303,16.34,B,0.1185,0.039599999999999996,0.0789,True
nuscenes_mini,95c0a92d52584756832ec795d346e296,car,0.8083832263946533,26.35,B,0.0007,0.0027,-0.002,False
nuscenes_mini,95c0a92d52584756832ec795d346e296,car,0.5345454812049866,31.59,C,0.0,0.0,0.0,False
nuscenes_mini,9c7c7d5d109c40fcaecd3c422d37b4f6,car,0.7815700173377991,18.11,B,0.0354,0.039599999999999996,-0.004199999999999995,False
nuscenes_mini,9c7c7d5d109c40fcaecd3c422d37b4f6,car,0.8358974456787109,17.13,B,0.1338,0.039599999999999996,0.0942,True
nuscenes_mini,9c7c7d5d109c40fcaecd3c422d37b4f6,car,0.8324607610702515,23.04,B,0.0233,0.0156,0.007700000000000002,False
nuscenes_mini,9c7c7d5d109c40fcaecd3c422d37b4f6,car,0.8632478713989258,14.7,A,0.0174,0.0864,-0.069,False
nuscenes_mini,9c7c7d5d109c40fcaecd3c422d37b4f6,car,0.6167664527893066,14.21,A,0.3463,0.0864,0.2599,True
nuscenes_mini,9c7c7d5d109c40fcaecd3c422d37b4f6,truck,0.9139785170555116,19.65,B,0.0668,0.039599999999999996,0.027200000000000002,False
nuscenes_mini,9c7c7d5d109c40fcaecd3c422d37b4f6,car,0.7968254089355469,14.62,A,0.0084,0.0864,-0.078,False
nuscenes_mini,9c7c7d5d109c40fcaecd3c422d37b4f6,pedestrian,1.0,24.58,B,0.2,0.0156,0.1844,True
nuscenes_mini,9c7c7d5d109c40fcaecd3c422d37b4f6,pedestrian,1.0,19.57,B,0.15,0.039599999999999996,0.1104,True
nuscenes_mini,9c7c7d5d109c40fcaecd3c422d37b4f6,pedestrian,1.0,16.96,B,0.1224,0.039599999999999996,0.0828,True
nuscenes_mini,9c7c7d5d109c40fcaecd3c422d37b4f6,pedestrian,1.0,25.88,B,0.1224,0.0027,0.1197,True
nuscenes_mini,9c7c7d5d109c40fcaecd3c422d37b4f6,pedestrian,1.0,8.68,A,0.6094,0.1481,0.46130000000000004,True
nuscenes_mini,9c7c7d5d109c40fcaecd3c422d37b4f6,pedestrian,1.0,17.26,B,0.5938,0.039599999999999996,0.5542,True
nuscenes_mini,9c7c7d5d109c40fcaecd3c422d37b4f6,pedestrian,1.0,20.28,B,0.1714,0.0156,0.1558,True
nuscenes_mini,9c7c7d5d109c40fcaecd3c422d37b4f6,car,0.8947368264198303,22.58,B,0.297,0.0156,0.2814,True
nuscenes_mini,9c7c7d5d109c40fcaecd3c422d37b4f6,pedestrian,1.0,13.06,A,0.0312,0.0864,-0.055200000000000006,False
nuscenes_mini,9c7c7d5d109c40fcaecd3c422d37b4f6,pedestrian,1.0,24.97,B,0.0,0.0156,-0.0156,False
nuscenes_mini,9c7c7d5d109c40fcaecd3c422d37b4f6,pedestrian,1.0,13.91,A,0.0833,0.0864,-0.0031000000000000055,False
nuscenes_mini,9c7c7d5d109c40fcaecd3c422d37b4f6,car,0.7655677795410156,10.96,A,0.0285,0.0864,-0.05790000000000001,False
nuscenes_mini,9c7c7d5d109c40fcaecd3c422d37b4f6,car,0.8241757750511169,26.22,B,0.0,0.0027,-0.0027,False
nuscenes_mini,9c7c7d5d109c40fcaecd3c422d37b4f6,pedestrian,1.0,13.09,A,0.0179,0.0864,-0.0685,False
nuscenes_mini,9c7c7d5d109c40fcaecd3c422d37b4f6,pedestrian,1.0,3.49,A,0.4444,0.1769,0.2675,True
nuscenes_mini,9c7c7d5d109c40fcaecd3c422d37b4f6,pedestrian,1.0,36.64,C,0.0,0.0,0.0,False
nuscenes_mini,9c7c7d5d109c40fcaecd3c422d37b4f6,pedestrian,1.0,32.39,C,0.0625,0.0,0.0625,True
nuscenes_mini,9c7c7d5d109c40fcaecd3c422d37b4f6,pedestrian,1.0,22.53,B,0.0,0.0156,-0.0156,False
nuscenes_mini,9c7c7d5d109c40fcaecd3c422d37b4f6,pedestrian,1.0,19.66,B,0.1875,0.039599999999999996,0.1479,True
nuscenes_mini,9c7c7d5d109c40fcaecd3c422d37b4f6,pedestrian,1.0,20.56,B,0.1406,0.0156,0.125,True
nuscenes_mini,9c7c7d5d109c40fcaecd3c422d37b4f6,pedestrian,1.0,31.6,C,0.0,0.0,0.0,False
nuscenes_mini,9c7c7d5d109c40fcaecd3c422d37b4f6,pedestrian,1.0,23.92,B,0.0,0.0156,-0.0156,False
nuscenes_mini,9c7c7d5d109c40fcaecd3c422d37b4f6,pedestrian,1.0,37.37,C,0.0,0.0,0.0,False
nuscenes_mini,9c7c7d5d109c40fcaecd3c422d37b4f6,pedestrian,1.0,49.4,C,0.0,0.0,0.0,False
nuscenes_mini,9c7c7d5d109c40fcaecd3c422d37b4f6,pedestrian,1.0,31.25,C,0.0,0.0,0.0,False
nuscenes_mini,9c7c7d5d109c40fcaecd3c422d37b4f6,car,0.8202247023582458,27.18,B,0.0147,0.0027,0.012,False
nuscenes_mini,9c7c7d5d109c40fcaecd3c422d37b4f6,car,0.921951174736023,18.03,B,0.0737,0.039599999999999996,0.034100000000000005,False
nuscenes_mini,7d82aa0c679141d1a71733b85fdcd3ed,car,0.6800000071525574,12.37,A,0.1971,0.0864,0.11069999999999999,True
nuscenes_mini,7d82aa0c679141d1a71733b85fdcd3ed,car,0.9024390578269958,15.9,B,0.0222,0.039599999999999996,-0.017399999999999995,False
nuscenes_mini,7d82aa0c679141d1a71733b85fdcd3ed,car,0.7538461089134216,27.56,B,0.0423,0.0027,0.039599999999999996,False
nuscenes_mini,7d82aa0c679141d1a71733b85fdcd3ed,car,0.8865247964859009,21.08,B,0.1052,0.0156,0.0896,True
nuscenes_mini,7d82aa0c679141d1a71733b85fdcd3ed,pedestrian,1.0,16.33,B,0.375,0.039599999999999996,0.33540000000000003,True
nuscenes_mini,7d82aa0c679141d1a71733b85fdcd3ed,pedestrian,1.0,24.66,B,0.1429,0.0156,0.1273,True
nuscenes_mini,7d82aa0c679141d1a71733b85fdcd3ed,pedestrian,1.0,16.56,B,0.2812,0.039599999999999996,0.2416,True
nuscenes_mini,7d82aa0c679141d1a71733b85fdcd3ed,pedestrian,1.0,16.49,B,0.2812,0.039599999999999996,0.2416,True
nuscenes_mini,7d82aa0c679141d1a71733b85fdcd3ed,car,0.8827838897705078,15.1,B,0.0833,0.039599999999999996,0.0437,False
nuscenes_mini,7d82aa0c679141d1a71733b85fdcd3ed,car,0.9139785170555116,21.35,B,0.181,0.0156,0.1654,True
nuscenes_mini,7d82aa0c679141d1a71733b85fdcd3ed,truck,0.5311355590820312,23.73,B,0.1236,0.0156,0.108,True
nuscenes_mini,7d82aa0c679141d1a71733b85fdcd3ed,truck,0.9139785170555116,17.79,B,0.156,0.039599999999999996,0.1164,True
nuscenes_mini,7d82aa0c679141d1a71733b85fdcd3ed,pedestrian,1.0,15.83,B,0.075,0.039599999999999996,0.0354,False
nuscenes_mini,7d82aa0c679141d1a71733b85fdcd3ed,car,0.7500000596046448,10.81,A,0.0404,0.0864,-0.046000000000000006,False
nuscenes_mini,7d82aa0c679141d1a71733b85fdcd3ed,car,0.6831682920455933,28.71,B,0.0009,0.0027,-0.0018000000000000002,False
nuscenes_mini,7d82aa0c679141d1a71733b85fdcd3ed,car,0.7299578189849854,27.85,B,0.0,0.0027,-0.0027,False
nuscenes_mini,7d82aa0c679141d1a71733b85fdcd3ed,pedestrian,1.0,3.85,A,0.25,0.1769,0.0731,True
nuscenes_mini,7d82aa0c679141d1a71733b85fdcd3ed,pedestrian,1.0,13.68,A,0.0357,0.0864,-0.0507,False
nuscenes_mini,7d82aa0c679141d1a71733b85fdcd3ed,pedestrian,1.0,37.03,C,0.0,0.0,0.0,False
nuscenes_mini,7d82aa0c679141d1a71733b85fdcd3ed,pedestrian,1.0,32.01,C,0.0,0.0,0.0,False
nuscenes_mini,7d82aa0c679141d1a71733b85fdcd3ed,pedestrian,1.0,31.36,C,0.0,0.0,0.0,False
nuscenes_mini,7d82aa0c679141d1a71733b85fdcd3ed,pedestrian,1.0,20.52,B,0.0,0.0156,-0.0156,False
nuscenes_mini,7d82aa0c679141d1a71733b85fdcd3ed,pedestrian,1.0,20.51,B,0.1562,0.0156,0.1406,True
nuscenes_mini,7d82aa0c679141d1a71733b85fdcd3ed,pedestrian,1.0,32.07,C,0.0,0.0,0.0,False
nuscenes_mini,7d82aa0c679141d1a71733b85fdcd3ed,pedestrian,1.0,25.13,B,0.0,0.0027,-0.0027,False
nuscenes_mini,7d82aa0c679141d1a71733b85fdcd3ed,pedestrian,1.0,26.56,B,0.0833,0.0027,0.0806,True
nuscenes_mini,7d82aa0c679141d1a71733b85fdcd3ed,pedestrian,1.0,20.07,B,0.25,0.0156,0.2344,True
nuscenes_mini,7d82aa0c679141d1a71733b85fdcd3ed,pedestrian,1.0,32.88,C,0.0,0.0,0.0,False
nuscenes_mini,7d82aa0c679141d1a71733b85fdcd3ed,pedestrian,1.0,8.6,A,0.1,0.1481,-0.048100000000000004,False
nuscenes_mini,7d82aa0c679141d1a71733b85fdcd3ed,pedestrian,1.0,39.57,C,0.0,0.0,0.0,False
nuscenes_mini,7d82aa0c679141d1a71733b85fdcd3ed,pedestrian,1.0,26.89,B,0.0,0.0027,-0.0027,False
nuscenes_mini,7d82aa0c679141d1a71733b85fdcd3ed,car,0.8947368264198303,20.74,B,0.0157,0.0156,9.99999999999994e-05,False
nuscenes_mini,07175443e8444b8c8c4802fd004e33c1,car,0.7852349281311035,25.32,B,0.0716,0.0027,0.0689,True
nuscenes_mini,07175443e8444b8c8c4802fd004e33c1,car,0.9139785170555116,17.21,B,0.0612,0.039599999999999996,0.0216,False
nuscenes_mini,07175443e8444b8c8c4802fd004e33c1,car,0.8947368264198303,18.77,B,0.1282,0.039599999999999996,0.08860000000000001,True
nuscenes_mini,07175443e8444b8c8c4802fd004e33c1,car,0.5897435545921326,31.56,C,0.0063,0.0,0.0063,False
nuscenes_mini,07175443e8444b8c8c4802fd004e33c1,car,0.5704697966575623,34.22,C,0.0026,0.0,0.0026,False
nuscenes_mini,07175443e8444b8c8c4802fd004e33c1,pedestrian,1.0,16.15,B,0.2083,0.039599999999999996,0.16870000000000002,True
nuscenes_mini,07175443e8444b8c8c4802fd004e33c1,car,0.9139785170555116,20.61,B,0.2139,0.0156,0.1983,True
nuscenes_mini,07175443e8444b8c8c4802fd004e33c1,car,0.92592591047287,18.32,B,0.113,0.039599999999999996,0.0734,True
nuscenes_mini,07175443e8444b8c8c4802fd004e33c1,truck,0.5276752710342407,10.16,A,0.4467,0.0864,0.36029999999999995,True
nuscenes_mini,07175443e8444b8c8c4802fd004e33c1,truck,0.8750000596046448,15.81,B,0.2312,0.039599999999999996,0.1916,True
nuscenes_mini,07175443e8444b8c8c4802fd004e33c1,pedestrian,1.0,25.82,B,0.0,0.0027,-0.0027,False
nuscenes_mini,07175443e8444b8c8c4802fd004e33c1,pedestrian,1.0,30.86,C,0.0,0.0,0.0,False
nuscenes_mini,07175443e8444b8c8c4802fd004e33c1,pedestrian,1.0,29.34,B,0.0,0.0027,-0.0027,False
nuscenes_mini,07175443e8444b8c8c4802fd004e33c1,pedestrian,1.0,28.87,B,0.0,0.0027,-0.0027,False
nuscenes_mini,07175443e8444b8c8c4802fd004e33c1,pedestrian,1.0,27.46,B,0.125,0.0027,0.1223,True
nuscenes_mini,07175443e8444b8c8c4802fd004e33c1,pedestrian,1.0,34.89,C,0.1429,0.0,0.1429,True
nuscenes_mini,07175443e8444b8c8c4802fd004e33c1,pedestrian,1.0,18.18,B,0.0312,0.039599999999999996,-0.008399999999999998,False
nuscenes_mini,07175443e8444b8c8c4802fd004e33c1,pedestrian,1.0,24.79,B,0.0,0.0156,-0.0156,False
nuscenes_mini,07175443e8444b8c8c4802fd004e33c1,pedestrian,1.0,17.44,B,0.0208,0.039599999999999996,-0.018799999999999997,False
nuscenes_mini,07175443e8444b8c8c4802fd004e33c1,pedestrian,1.0,34.9,C,0.0,0.0,0.0,False
nuscenes_mini,07175443e8444b8c8c4802fd004e33c1,car,0.7620818018913269,30.69,C,0.0,0.0,0.0,False
nuscenes_mini,07175443e8444b8c8c4802fd004e33c1,car,0.6012461185455322,11.31,A,0.036,0.0864,-0.05040000000000001,False
nuscenes_mini,07175443e8444b8c8c4802fd004e33c1,car,0.8709677457809448,24.94,B,0.0021,0.0156,-0.0135,False
nuscenes_mini,07175443e8444b8c8c4802fd004e33c1,car,0.8160918951034546,32.09,C,0.0,0.0,0.0,False
nuscenes_mini,07175443e8444b8c8c4802fd004e33c1,pedestrian,1.0,4.93,A,0.1852,0.1769,0.008300000000000002,False
nuscenes_mini,07175443e8444b8c8c4802fd004e33c1,pedestrian,1.0,14.35,A,0.0278,0.0864,-0.058600000000000006,False
nuscenes_mini,07175443e8444b8c8c4802fd004e33c1,car,0.5661016702651978,43.58,C,0.0,0.0,0.0,False
nuscenes_mini,07175443e8444b8c8c4802fd004e33c1,car,0.6559139490127563,32.0,C,0.0,0.0,0.0,False
nuscenes_mini,07175443e8444b8c8c4802fd004e33c1,pedestrian,1.0,40.94,C,0.0,0.0,0.0,False
nuscenes_mini,07175443e8444b8c8c4802fd004e33c1,pedestrian,1.0,27.78,B,0.0,0.0027,-0.0027,False
nuscenes_mini,07175443e8444b8c8c4802fd004e33c1,pedestrian,1.0,21.09,B,0.0972,0.0156,0.08159999999999999,True
nuscenes_mini,07175443e8444b8c8c4802fd004e33c1,pedestrian,1.0,20.42,B,0.0833,0.0156,0.0677,True
nuscenes_mini,07175443e8444b8c8c4802fd004e33c1,pedestrian,1.0,34.89,C,0.0,0.0,0.0,False
nuscenes_mini,07175443e8444b8c8c4802fd004e33c1,pedestrian,1.0,32.71,C,0.0,0.0,0.0,False
nuscenes_mini,07175443e8444b8c8c4802fd004e33c1,pedestrian,1.0,16.1,B,0.3056,0.039599999999999996,0.266,True
nuscenes_mini,07175443e8444b8c8c4802fd004e33c1,pedestrian,1.0,34.94,C,0.0,0.0,0.0,False
nuscenes_mini,07175443e8444b8c8c4802fd004e33c1,pedestrian,1.0,31.0,C,0.0,0.0,0.0,False
nuscenes_mini,07175443e8444b8c8c4802fd004e33c1,pedestrian,1.0,9.5,A,0.1607,0.1481,0.0126,False
nuscenes_mini,07175443e8444b8c8c4802fd004e33c1,pedestrian,1.0,37.49,C,0.0,0.0,0.0,False
nuscenes_mini,07175443e8444b8c8c4802fd004e33c1,pedestrian,1.0,16.06,B,0.5,0.039599999999999996,0.46040000000000003,True
nuscenes_mini,07175443e8444b8c8c4802fd004e33c1,pedestrian,1.0,25.98,B,0.0,0.0027,-0.0027,False
nuscenes_mini,07175443e8444b8c8c4802fd004e33c1,pedestrian,1.0,33.25,C,0.0,0.0,0.0,False
nuscenes_mini,07175443e8444b8c8c4802fd004e33c1,pedestrian,1.0,25.8,B,0.0,0.0027,-0.0027,False
nuscenes_mini,07175443e8444b8c8c4802fd004e33c1,pedestrian,1.0,16.38,B,0.125,0.039599999999999996,0.0854,True
nuscenes_mini,07175443e8444b8c8c4802fd004e33c1,pedestrian,1.0,30.1,C,0.0,0.0,0.0,False
nuscenes_mini,07175443e8444b8c8c4802fd004e33c1,pedestrian,1.0,35.21,C,0.15,0.0,0.15,True
nuscenes_mini,07175443e8444b8c8c4802fd004e33c1,pedestrian,1.0,27.01,B,0.0,0.0027,-0.0027,False
nuscenes_mini,07175443e8444b8c8c4802fd004e33c1,pedestrian,1.0,40.02,C,0.0,0.0,0.0,False
nuscenes_mini,07175443e8444b8c8c4802fd004e33c1,pedestrian,1.0,29.17,B,0.0,0.0027,-0.0027,False
nuscenes_mini,07175443e8444b8c8c4802fd004e33c1,pedestrian,1.0,38.81,C,0.0,0.0,0.0,False
nuscenes_mini,07175443e8444b8c8c4802fd004e33c1,pedestrian,1.0,40.9,C,0.0,0.0,0.0,False
nuscenes_mini,07175443e8444b8c8c4802fd004e33c1,bicycle,0.7064220309257507,19.25,B,0.0541,0.039599999999999996,0.014500000000000006,False
nuscenes_mini,056becbc0d5a46da8d59eebddedb47bb,car,0.8750000596046448,23.29,B,0.0951,0.0156,0.0795,True
nuscenes_mini,056becbc0d5a46da8d59eebddedb47bb,car,0.9139785170555116,18.52,B,0.0616,0.039599999999999996,0.022000000000000006,False
nuscenes_mini,056becbc0d5a46da8d59eebddedb47bb,car,0.6908212304115295,17.75,B,0.0306,0.039599999999999996,-0.008999999999999998,False
nuscenes_mini,056becbc0d5a46da8d59eebddedb47bb,car,0.7928802371025085,29.65,B,0.014,0.0027,0.011300000000000001,False
nuscenes_mini,056becbc0d5a46da8d59eebddedb47bb,car,0.5540069937705994,32.86,C,0.0016,0.0,0.0016,False
nuscenes_mini,056becbc0d5a46da8d59eebddedb47bb,pedestrian,1.0,9.68,A,0.0455,0.1481,-0.10260000000000001,False
nuscenes_mini,056becbc0d5a46da8d59eebddedb47bb,pedestrian,1.0,23.39,B,0.0,0.0156,-0.0156,False
nuscenes_mini,056becbc0d5a46da8d59eebddedb47bb,pedestrian,1.0,7.29,A,0.7292,0.1481,0.5811,True
nuscenes_mini,056becbc0d5a46da8d59eebddedb47bb,car,0.8987342119216919,16.38,B,0.1967,0.039599999999999996,0.15710000000000002,True
nuscenes_mini,056becbc0d5a46da8d59eebddedb47bb,truck,0.8128654956817627,14.26,A,0.3049,0.0864,0.2185,True
nuscenes_mini,056becbc0d5a46da8d59eebddedb47bb,pedestrian,1.0,29.52,B,0.0185,0.0027,0.015799999999999998,False
nuscenes_mini,056becbc0d5a46da8d59eebddedb47bb,pedestrian,1.0,37.83,C,0.0,0.0,0.0,False
nuscenes_mini,056becbc0d5a46da8d59eebddedb47bb,pedestrian,1.0,33.56,C,0.0,0.0,0.0,False
nuscenes_mini,056becbc0d5a46da8d59eebddedb47bb,pedestrian,1.0,6.68,A,0.1111,0.1481,-0.037000000000000005,False
nuscenes_mini,056becbc0d5a46da8d59eebddedb47bb,pedestrian,1.0,20.65,B,0.0,0.0156,-0.0156,False
nuscenes_mini,056becbc0d5a46da8d59eebddedb47bb,pedestrian,1.0,37.93,C,0.0,0.0,0.0,False
nuscenes_mini,056becbc0d5a46da8d59eebddedb47bb,pedestrian,1.0,42.98,C,0.0,0.0,0.0,False
nuscenes_mini,056becbc0d5a46da8d59eebddedb47bb,pedestrian,1.0,35.55,C,0.0,0.0,0.0,False
nuscenes_mini,056becbc0d5a46da8d59eebddedb47bb,pedestrian,1.0,29.82,B,0.0,0.0027,-0.0027,False
nuscenes_mini,056becbc0d5a46da8d59eebddedb47bb,pedestrian,1.0,36.69,C,0.0,0.0,0.0,False
nuscenes_mini,056becbc0d5a46da8d59eebddedb47bb,pedestrian,1.0,33.25,C,0.1429,0.0,0.1429,True
nuscenes_mini,056becbc0d5a46da8d59eebddedb47bb,pedestrian,1.0,19.84,B,0.0635,0.039599999999999996,0.023900000000000005,False
nuscenes_mini,056becbc0d5a46da8d59eebddedb47bb,pedestrian,1.0,20.8,B,0.0,0.0156,-0.0156,False
nuscenes_mini,056becbc0d5a46da8d59eebddedb47bb,car,0.6604774594306946,12.07,A,0.0386,0.0864,-0.0478,False
nuscenes_mini,056becbc0d5a46da8d59eebddedb47bb,car,0.719298243522644,39.05,C,0.0,0.0,0.0,False
nuscenes_mini,056becbc0d5a46da8d59eebddedb47bb,car,0.8947368264198303,28.51,B,0.0,0.0027,-0.0027,False
nuscenes_mini,056becbc0d5a46da8d59eebddedb47bb,car,0.7928802371025085,33.84,C,0.0,0.0,0.0,False
nuscenes_mini,056becbc0d5a46da8d59eebddedb47bb,pedestrian,1.0,15.36,B,0.0357,0.039599999999999996,-0.0038999999999999937,False
nuscenes_mini,056becbc0d5a46da8d59eebddedb47bb,car,0.675126850605011,32.89,C,0.0,0.0,0.0,False
nuscenes_mini,056becbc0d5a46da8d59eebddedb47bb,pedestrian,1.0,26.78,B,0.0208,0.0027,0.018099999999999998,False
nuscenes_mini,056becbc0d5a46da8d59eebddedb47bb,pedestrian,1.0,22.28,B,0.0278,0.0156,0.012199999999999999,False
nuscenes_mini,056becbc0d5a46da8d59eebddedb47bb,pedestrian,1.0,32.16,C,0.0,0.0,0.0,False
nuscenes_mini,056becbc0d5a46da8d59eebddedb47bb,pedestrian,1.0,35.72,C,0.025,0.0,0.025,False
nuscenes_mini,056becbc0d5a46da8d59eebddedb47bb,pedestrian,1.0,30.93,C,0.0,0.0,0.0,False
nuscenes_mini,056becbc0d5a46da8d59eebddedb47bb,pedestrian,1.0,26.22,B,0.0,0.0027,-0.0027,False
nuscenes_mini,056becbc0d5a46da8d59eebddedb47bb,pedestrian,1.0,26.03,B,0.0,0.0027,-0.0027,False
nuscenes_mini,056becbc0d5a46da8d59eebddedb47bb,pedestrian,1.0,24.98,B,0.1786,0.0156,0.163,True
nuscenes_mini,056becbc0d5a46da8d59eebddedb47bb,pedestrian,1.0,16.87,B,0.025,0.039599999999999996,-0.014599999999999995,False
nuscenes_mini,056becbc0d5a46da8d59eebddedb47bb,pedestrian,1.0,36.3,C,0.0,0.0,0.0,False
nuscenes_mini,056becbc0d5a46da8d59eebddedb47bb,pedestrian,1.0,20.98,B,0.0156,0.0156,0.0,False
nuscenes_mini,056becbc0d5a46da8d59eebddedb47bb,pedestrian,1.0,34.72,C,0.0,0.0,0.0,False
nuscenes_mini,056becbc0d5a46da8d59eebddedb47bb,pedestrian,1.0,16.44,B,0.1389,0.039599999999999996,0.0993,True
nuscenes_mini,056becbc0d5a46da8d59eebddedb47bb,pedestrian,1.0,25.36,B,0.0,0.0027,-0.0027,False
nuscenes_mini,056becbc0d5a46da8d59eebddedb47bb,pedestrian,1.0,16.47,B,0.4792,0.039599999999999996,0.4396,True
nuscenes_mini,056becbc0d5a46da8d59eebddedb47bb,pedestrian,1.0,11.33,A,0.2396,0.0864,0.1532,True
nuscenes_mini,056becbc0d5a46da8d59eebddedb47bb,pedestrian,1.0,42.07,C,0.0,0.0,0.0,False
nuscenes_mini,056becbc0d5a46da8d59eebddedb47bb,pedestrian,1.0,25.71,B,0.0,0.0027,-0.0027,False
nuscenes_mini,056becbc0d5a46da8d59eebddedb47bb,pedestrian,1.0,28.91,B,0.0,0.0027,-0.0027,False
nuscenes_mini,056becbc0d5a46da8d59eebddedb47bb,pedestrian,1.0,25.41,B,0.0114,0.0027,0.0087,False
nuscenes_mini,056becbc0d5a46da8d59eebddedb47bb,pedestrian,1.0,43.22,C,0.0,0.0,0.0,False
nuscenes_mini,056becbc0d5a46da8d59eebddedb47bb,pedestrian,1.0,33.54,C,0.0,0.0,0.0,False
nuscenes_mini,056becbc0d5a46da8d59eebddedb47bb,car,0.8241757750511169,36.27,C,0.0,0.0,0.0,False
nuscenes_mini,056becbc0d5a46da8d59eebddedb47bb,car,0.9532163739204408,20.13,B,0.2362,0.0156,0.2206,True
nuscenes_mini,056becbc0d5a46da8d59eebddedb47bb,bicycle,0.7887788414955139,22.82,B,0.0736,0.0156,0.057999999999999996,True
nuscenes_mini,3b594af1b130490989536590345c9dc9,pedestrian,1.0,41.69,C,0.0,0.0,0.0,False
nuscenes_mini,3b594af1b130490989536590345c9dc9,car,0.8987342119216919,19.5,B,0.071,0.039599999999999996,0.0314,False
nuscenes_mini,3b594af1b130490989536590345c9dc9,car,0.859649121761322,19.84,B,0.1241,0.039599999999999996,0.0845,True
nuscenes_mini,3b594af1b130490989536590345c9dc9,car,0.7538461089134216,34.44,C,0.0006,0.0,0.0006,False
nuscenes_mini,3b594af1b130490989536590345c9dc9,car,0.5508772134780884,30.43,C,0.0323,0.0,0.0323,False
nuscenes_mini,3b594af1b130490989536590345c9dc9,pedestrian,1.0,8.57,A,0.0682,0.1481,-0.07990000000000001,False
nuscenes_mini,3b594af1b130490989536590345c9dc9,pedestrian,1.0,40.98,C,0.0,0.0,0.0,False
nuscenes_mini,3b594af1b130490989536590345c9dc9,car,0.7852349281311035,19.48,B,0.1223,0.039599999999999996,0.08270000000000001,True
nuscenes_mini,3b594af1b130490989536590345c9dc9,car,0.5428571701049805,7.17,A,0.6015,0.1481,0.4534,True
nuscenes_mini,3b594af1b130490989536590345c9dc9,car,0.5775577425956726,23.61,B,0.041,0.0156,0.025400000000000002,False
nuscenes_mini,3b594af1b130490989536590345c9dc9,car,0.8947368264198303,14.16,A,0.3057,0.0864,0.21930000000000002,True
nuscenes_mini,3b594af1b130490989536590345c9dc9,pedestrian,1.0,36.2,C,0.0,0.0,0.0,False
nuscenes_mini,3b594af1b130490989536590345c9dc9,pedestrian,1.0,34.43,C,0.0,0.0,0.0,False
nuscenes_mini,3b594af1b130490989536590345c9dc9,pedestrian,1.0,9.04,A,0.1111,0.1481,-0.037000000000000005,False
nuscenes_mini,3b594af1b130490989536590345c9dc9,pedestrian,1.0,32.49,C,0.0,0.0,0.0,False
nuscenes_mini,3b594af1b130490989536590345c9dc9,pedestrian,1.0,45.63,C,0.0,0.0,0.0,False
nuscenes_mini,3b594af1b130490989536590345c9dc9,pedestrian,1.0,31.85,C,0.075,0.0,0.075,True
nuscenes_mini,3b594af1b130490989536590345c9dc9,pedestrian,1.0,40.77,C,0.0,0.0,0.0,False
nuscenes_mini,3b594af1b130490989536590345c9dc9,pedestrian,1.0,34.44,C,0.0,0.0,0.0,False
nuscenes_mini,3b594af1b130490989536590345c9dc9,pedestrian,1.0,38.4,C,0.0,0.0,0.0,False
nuscenes_mini,3b594af1b130490989536590345c9dc9,pedestrian,1.0,32.58,C,0.0,0.0,0.0,False
nuscenes_mini,3b594af1b130490989536590345c9dc9,pedestrian,1.0,22.72,B,0.0,0.0156,-0.0156,False
nuscenes_mini,3b594af1b130490989536590345c9dc9,pedestrian,1.0,32.07,C,0.0,0.0,0.0,False
nuscenes_mini,3b594af1b130490989536590345c9dc9,pedestrian,1.0,40.79,C,0.0,0.0,0.0,False
nuscenes_mini,3b594af1b130490989536590345c9dc9,car,0.5775577425956726,13.37,A,0.0074,0.0864,-0.079,False
nuscenes_mini,3b594af1b130490989536590345c9dc9,car,0.8787879347801208,34.72,C,0.0,0.0,0.0,False
nuscenes_mini,3b594af1b130490989536590345c9dc9,car,0.8202247023582458,35.81,C,0.0,0.0,0.0,False
nuscenes_mini,3b594af1b130490989536590345c9dc9,car,0.7419355511665344,36.24,C,0.0,0.0,0.0,False
nuscenes_mini,3b594af1b130490989536590345c9dc9,pedestrian,1.0,34.57,C,0.0,0.0,0.0,False
nuscenes_mini,3b594af1b130490989536590345c9dc9,pedestrian,1.0,30.61,C,0.0,0.0,0.0,False
nuscenes_mini,3b594af1b130490989536590345c9dc9,pedestrian,1.0,23.69,B,0.0417,0.0156,0.0261,False
nuscenes_mini,3b594af1b130490989536590345c9dc9,pedestrian,1.0,31.57,C,0.0312,0.0,0.0312,False
nuscenes_mini,3b594af1b130490989536590345c9dc9,pedestrian,1.0,17.55,B,0.0952,0.039599999999999996,0.05560000000000001,True
nuscenes_mini,3b594af1b130490989536590345c9dc9,pedestrian,1.0,30.07,C,0.0,0.0,0.0,False
nuscenes_mini,3b594af1b130490989536590345c9dc9,pedestrian,1.0,27.11,B,0.0278,0.0027,0.025099999999999997,False
nuscenes_mini,3b594af1b130490989536590345c9dc9,pedestrian,1.0,28.7,B,0.0417,0.0027,0.039,False
nuscenes_mini,3b594af1b130490989536590345c9dc9,pedestrian,1.0,31.83,C,0.0,0.0,0.0,False
nuscenes_mini,3b594af1b130490989536590345c9dc9,pedestrian,1.0,26.91,B,0.0,0.0027,-0.0027,False
nuscenes_mini,3b594af1b130490989536590345c9dc9,pedestrian,1.0,17.35,B,0.0317,0.039599999999999996,-0.007899999999999997,False
nuscenes_mini,3b594af1b130490989536590345c9dc9,pedestrian,1.0,25.09,B,0.0,0.0027,-0.0027,False
nuscenes_mini,3b594af1b130490989536590345c9dc9,pedestrian,1.0,24.16,B,0.0,0.0156,-0.0156,False
nuscenes_mini,3b594af1b130490989536590345c9dc9,pedestrian,1.0,37.7,C,0.0,0.0,0.0,False
nuscenes_mini,3b594af1b130490989536590345c9dc9,pedestrian,1.0,45.29,C,0.0,0.0,0.0,False
nuscenes_mini,3b594af1b130490989536590345c9dc9,pedestrian,1.0,17.87,B,0.3889,0.039599999999999996,0.34930000000000005,True
nuscenes_mini,3b594af1b130490989536590345c9dc9,pedestrian,1.0,21.9,B,0.0,0.0156,-0.0156,False
nuscenes_mini,3b594af1b130490989536590345c9dc9,pedestrian,1.0,25.7,B,0.0,0.0027,-0.0027,False
nuscenes_mini,3b594af1b130490989536590345c9dc9,pedestrian,1.0,26.97,B,0.0,0.0027,-0.0027,False
nuscenes_mini,3b594af1b130490989536590345c9dc9,pedestrian,1.0,35.23,C,0.0,0.0,0.0,False
nuscenes_mini,3b594af1b130490989536590345c9dc9,car,0.921951174736023,19.78,B,0.0419,0.039599999999999996,0.0023000000000000034,False
nuscenes_mini,3b594af1b130490989536590345c9dc9,bicycle,0.6683937907218933,25.52,B,0.0584,0.0027,0.0557,True
nuscenes_mini,acf9fcbeb1e346b98640f694f15460e8,car,0.6483516097068787,27.47,B,0.0613,0.0027,0.0586,True
nuscenes_mini,acf9fcbeb1e346b98640f694f15460e8,car,0.9024390578269958,19.51,B,0.079,0.039599999999999996,0.039400000000000004,False
nuscenes_mini,acf9fcbeb1e346b98640f694f15460e8,car,0.8709677457809448,18.76,B,0.0931,0.039599999999999996,0.053500000000000006,True
nuscenes_mini,acf9fcbeb1e346b98640f694f15460e8,car,0.7104072570800781,19.41,B,0.2068,0.039599999999999996,0.16720000000000002,True
nuscenes_mini,acf9fcbeb1e346b98640f694f15460e8,pedestrian,1.0,7.69,A,0.0833,0.1481,-0.06480000000000001,False
nuscenes_mini,acf9fcbeb1e346b98640f694f15460e8,pedestrian,1.0,32.6,C,0.2292,0.0,0.2292,True
nuscenes_mini,acf9fcbeb1e346b98640f694f15460e8,pedestrian,1.0,17.1,B,0.8333,0.039599999999999996,0.7937000000000001,True
nuscenes_mini,acf9fcbeb1e346b98640f694f15460e8,car,0.6246334314346313,26.5,B,0.0688,0.0027,0.0661,True
nuscenes_mini,acf9fcbeb1e346b98640f694f15460e8,car,0.9101123809814452,17.27,B,0.145,0.039599999999999996,0.1054,True
nuscenes_mini,acf9fcbeb1e346b98640f694f15460e8,car,0.9452055096626282,12.05,A,0.5126,0.0864,0.4261999999999999,True
nuscenes_mini,acf9fcbeb1e346b98640f694f15460e8,truck,0.675126850605011,12.53,A,0.2361,0.0864,0.1497,True
nuscenes_mini,acf9fcbeb1e346b98640f694f15460e8,pedestrian,1.0,37.63,C,0.0,0.0,0.0,False
nuscenes_mini,acf9fcbeb1e346b98640f694f15460e8,pedestrian,1.0,43.92,C,0.0,0.0,0.0,False
nuscenes_mini,acf9fcbeb1e346b98640f694f15460e8,pedestrian,1.0,11.75,A,0.0816,0.0864,-0.004799999999999999,False
nuscenes_mini,acf9fcbeb1e346b98640f694f15460e8,pedestrian,1.0,36.97,C,0.0,0.0,0.0,False
nuscenes_mini,acf9fcbeb1e346b98640f694f15460e8,pedestrian,1.0,28.19,B,0.0,0.0027,-0.0027,False
nuscenes_mini,acf9fcbeb1e346b98640f694f15460e8,pedestrian,1.0,16.57,B,0.0357,0.039599999999999996,-0.0038999999999999937,False
nuscenes_mini,acf9fcbeb1e346b98640f694f15460e8,pedestrian,1.0,39.14,C,0.0,0.0,0.0,False
nuscenes_mini,acf9fcbeb1e346b98640f694f15460e8,pedestrian,1.0,34.83,C,0.0,0.0,0.0,False
nuscenes_mini,acf9fcbeb1e346b98640f694f15460e8,pedestrian,1.0,39.23,C,0.0,0.0,0.0,False
nuscenes_mini,acf9fcbeb1e346b98640f694f15460e8,pedestrian,1.0,30.46,C,0.125,0.0,0.125,True
nuscenes_mini,acf9fcbeb1e346b98640f694f15460e8,car,0.597484290599823,15.29,B,0.0257,0.039599999999999996,-0.013899999999999996,False
nuscenes_mini,acf9fcbeb1e346b98640f694f15460e8,car,0.827957034111023,39.5,C,0.0,0.0,0.0,False
nuscenes_mini,acf9fcbeb1e346b98640f694f15460e8,car,0.7730495929718018,43.42,C,0.0,0.0,0.0,False
nuscenes_mini,acf9fcbeb1e346b98640f694f15460e8,car,0.7229437232017517,45.24,C,0.0,0.0,0.0,False
nuscenes_mini,acf9fcbeb1e346b98640f694f15460e8,pedestrian,1.0,7.7,A,0.0682,0.1481,-0.07990000000000001,False
nuscenes_mini,acf9fcbeb1e346b98640f694f15460e8,pedestrian,1.0,29.58,B,0.0,0.0027,-0.0027,False
nuscenes_mini,acf9fcbeb1e346b98640f694f15460e8,pedestrian,1.0,25.46,B,0.05,0.0027,0.0473,False
nuscenes_mini,acf9fcbeb1e346b98640f694f15460e8,pedestrian,1.0,28.32,B,0.0208,0.0027,0.018099999999999998,False
nuscenes_mini,acf9fcbeb1e346b98640f694f15460e8,pedestrian,1.0,37.21,C,0.0,0.0,0.0,False
nuscenes_mini,acf9fcbeb1e346b98640f694f15460e8,pedestrian,1.0,30.59,C,0.1071,0.0,0.1071,True
nuscenes_mini,acf9fcbeb1e346b98640f694f15460e8,pedestrian,1.0,23.21,B,0.0,0.0156,-0.0156,False
nuscenes_mini,acf9fcbeb1e346b98640f694f15460e8,pedestrian,1.0,38.67,C,0.0,0.0,0.0,False
nuscenes_mini,acf9fcbeb1e346b98640f694f15460e8,car,0.6800000071525574,36.19,C,0.0,0.0,0.0,False
nuscenes_mini,acf9fcbeb1e346b98640f694f15460e8,bicycle,0.7500000596046448,25.92,B,0.0688,0.0027,0.0661,True
nuscenes_mini,0e837c21890a4515874247ceb3dbf5c3,car,0.8083832263946533,21.94,B,0.1188,0.0156,0.1032,True
nuscenes_mini,0e837c21890a4515874247ceb3dbf5c3,car,0.8865247964859009,20.32,B,0.0361,0.0156,0.0205,False
nuscenes_mini,0e837c21890a4515874247ceb3dbf5c3,pedestrian,1.0,16.46,B,0.4571,0.039599999999999996,0.4175,True
nuscenes_mini,0e837c21890a4515874247ceb3dbf5c3,car,0.9336099624633788,10.52,A,0.7483,0.0864,0.6618999999999999,True
nuscenes_mini,0e837c21890a4515874247ceb3dbf5c3,car,0.92592591047287,15.07,B,0.2054,0.039599999999999996,0.1658,True
nuscenes_mini,0e837c21890a4515874247ceb3dbf5c3,car,0.6831682920455933,20.75,B,0.0847,0.0156,0.0691,True
nuscenes_mini,0e837c21890a4515874247ceb3dbf5c3,car,0.5816993117332458,24.58,B,0.095,0.0156,0.0794,True
nuscenes_mini,0e837c21890a4515874247ceb3dbf5c3,car,0.8160918951034546,21.66,B,0.402,0.0156,0.3864,True
nuscenes_mini,0e837c21890a4515874247ceb3dbf5c3,pedestrian,1.0,19.57,B,0.0,0.039599999999999996,-0.039599999999999996,False
nuscenes_mini,0e837c21890a4515874247ceb3dbf5c3,pedestrian,1.0,46.73,C,0.0,0.0,0.0,False
nuscenes_mini,0e837c21890a4515874247ceb3dbf5c3,pedestrian,1.0,14.41,A,0.0714,0.0864,-0.015,False
nuscenes_mini,0e837c21890a4515874247ceb3dbf5c3,pedestrian,1.0,43.74,C,0.0,0.0,0.0,False
nuscenes_mini,0e837c21890a4515874247ceb3dbf5c3,pedestrian,1.0,44.26,C,0.0,0.0,0.0,False
nuscenes_mini,0e837c21890a4515874247ceb3dbf5c3,pedestrian,1.0,27.17,B,0.0,0.0027,-0.0027,False
nuscenes_mini,0e837c21890a4515874247ceb3dbf5c3,pedestrian,1.0,47.11,C,0.0,0.0,0.0,False
nuscenes_mini,0e837c21890a4515874247ceb3dbf5c3,pedestrian,1.0,32.67,C,0.0408,0.0,0.0408,False
nuscenes_mini,0e837c21890a4515874247ceb3dbf5c3,pedestrian,1.0,30.7,C,0.025,0.0,0.025,False
nuscenes_mini,0e837c21890a4515874247ceb3dbf5c3,car,0.7264957427978516,17.0,B,0.0118,0.039599999999999996,-0.0278,False
nuscenes_mini,0e837c21890a4515874247ceb3dbf5c3,car,0.8160918951034546,41.16,C,0.0,0.0,0.0,False
nuscenes_mini,0e837c21890a4515874247ceb3dbf5c3,car,0.7730495929718018,45.25,C,0.0,0.0,0.0,False
nuscenes_mini,0e837c21890a4515874247ceb3dbf5c3,car,0.6952381134033203,44.88,C,0.0,0.0,0.0,False
nuscenes_mini,0e837c21890a4515874247ceb3dbf5c3,car,0.9101123809814452,9.8,A,0.4475,0.1481,0.2994,True
nuscenes_mini,0e837c21890a4515874247ceb3dbf5c3,truck,0.8518518805503845,12.94,A,0.1866,0.0864,0.10019999999999998,True
nuscenes_mini,f5f955d2d7594fb4b18ef615b421c98e,pedestrian,1.0,30.85,C,0.0,0.0,0.0,False
nuscenes_mini,f5f955d2d7594fb4b18ef615b421c98e,car,0.5428571701049805,20.26,B,0.0,0.0156,-0.0156,False
nuscenes_mini,f5f955d2d7594fb4b18ef615b421c98e,car,0.9024390578269958,20.95,B,0.0652,0.0156,0.04959999999999999,False
nuscenes_mini,f5f955d2d7594fb4b18ef615b421c98e,car,0.8750000596046448,13.06,A,0.6042,0.0864,0.5177999999999999,True
nuscenes_mini,f5f955d2d7594fb4b18ef615b421c98e,car,0.5704697966575623,17.84,B,0.0098,0.039599999999999996,-0.029799999999999997,False
nuscenes_mini,f5f955d2d7594fb4b18ef615b421c98e,car,0.8476190567016602,18.82,B,0.103,0.039599999999999996,0.0634,True
nuscenes_mini,f5f955d2d7594fb4b18ef615b421c98e,car,0.5508772134780884,21.75,B,0.1605,0.0156,0.1449,True
nuscenes_mini,f5f955d2d7594fb4b18ef615b421c98e,car,0.9452055096626282,12.49,A,0.4736,0.0864,0.3872,True
nuscenes_mini,f5f955d2d7594fb4b18ef615b421c98e,pedestrian,1.0,41.11,C,0.0,0.0,0.0,False
nuscenes_mini,f5f955d2d7594fb4b18ef615b421c98e,pedestrian,1.0,49.44,C,0.0,0.0,0.0,False
nuscenes_mini,f5f955d2d7594fb4b18ef615b421c98e,pedestrian,1.0,17.82,B,0.0,0.039599999999999996,-0.039599999999999996,False
nuscenes_mini,f5f955d2d7594fb4b18ef615b421c98e,pedestrian,1.0,45.61,C,0.0,0.0,0.0,False
nuscenes_mini,f5f955d2d7594fb4b18ef615b421c98e,pedestrian,1.0,47.93,C,0.0,0.0,0.0,False
nuscenes_mini,f5f955d2d7594fb4b18ef615b421c98e,pedestrian,1.0,41.63,C,0.0,0.0,0.0,False
nuscenes_mini,f5f955d2d7594fb4b18ef615b421c98e,pedestrian,1.0,23.1,B,0.0238,0.0156,0.008200000000000002,False
nuscenes_mini,f5f955d2d7594fb4b18ef615b421c98e,car,0.7655677795410156,19.3,B,0.015,0.039599999999999996,-0.024599999999999997,False
nuscenes_mini,f5f955d2d7594fb4b18ef615b421c98e,car,0.719298243522644,44.95,C,0.0,0.0,0.0,False
nuscenes_mini,f5f955d2d7594fb4b18ef615b421c98e,bus,0.719298243522644,52.72,C,0.0,0.0,0.0,False
nuscenes_mini,f5f955d2d7594fb4b18ef615b421c98e,pedestrian,1.0,8.15,A,0.1143,0.1481,-0.03380000000000001,False
nuscenes_mini,f5f955d2d7594fb4b18ef615b421c98e,car,0.9336099624633788,11.25,A,0.2004,0.0864,0.11399999999999999,True
nuscenes_mini,f5f955d2d7594fb4b18ef615b421c98e,car,0.5428571701049805,9.53,A,0.0932,0.1481,-0.054900000000000004,False
nuscenes_mini,f5f955d2d7594fb4b18ef615b421c98e,car,0.9179486632347108,9.45,A,0.3023,0.1481,0.1542,True
nuscenes_mini,f5f955d2d7594fb4b18ef615b421c98e,truck,0.8827838897705078,14.23,A,0.2373,0.0864,0.1509,True
nuscenes_mini,6cb024831cce4b6e8acf85afb7cece6e,pedestrian,1.0,26.56,B,0.0,0.0027,-0.0027,False
nuscenes_mini,6cb024831cce4b6e8acf85afb7cece6e,car,0.8128654956817627,21.66,B,0.0519,0.0156,0.0363,False
nuscenes_mini,6cb024831cce4b6e8acf85afb7cece6e,car,0.9024390578269958,22.63,B,0.0213,0.0156,0.0057,False
nuscenes_mini,6cb024831cce4b6e8acf85afb7cece6e,car,0.9179486632347108,10.46,A,0.7107,0.0864,0.6243,True
nuscenes_mini,6cb024831cce4b6e8acf85afb7cece6e,car,0.7852349281311035,21.22,B,0.0685,0.0156,0.0529,True
nuscenes_mini,6cb024831cce4b6e8acf85afb7cece6e,car,0.7142857313156128,16.12,B,0.2554,0.039599999999999996,0.21580000000000002,True
nuscenes_mini,6cb024831cce4b6e8acf85afb7cece6e,car,0.5540069937705994,12.27,A,0.5495,0.0864,0.46309999999999996,True
nuscenes_mini,6cb024831cce4b6e8acf85afb7cece6e,pedestrian,1.0,21.13,B,0.0,0.0156,-0.0156,False
nuscenes_mini,6cb024831cce4b6e8acf85afb7cece6e,pedestrian,1.0,36.21,C,0.0,0.0,0.0,False
nuscenes_mini,6cb024831cce4b6e8acf85afb7cece6e,pedestrian,1.0,26.59,B,0.0,0.0027,-0.0027,False
nuscenes_mini,6cb024831cce4b6e8acf85afb7cece6e,car,0.5151515007019043,48.97,C,0.0,0.0,0.0,False
nuscenes_mini,6cb024831cce4b6e8acf85afb7cece6e,car,0.6683937907218933,21.74,B,0.0044,0.0156,-0.011199999999999998,False
nuscenes_mini,6cb024831cce4b6e8acf85afb7cece6e,pedestrian,1.0,27.12,B,0.0,0.0027,-0.0027,False
nuscenes_mini,6cb024831cce4b6e8acf85afb7cece6e,pedestrian,1.0,38.37,C,0.0,0.0,0.0,False
nuscenes_mini,6cb024831cce4b6e8acf85afb7cece6e,car,0.9064327478408812,13.75,A,0.0712,0.0864,-0.015200000000000005,False
nuscenes_mini,6cb024831cce4b6e8acf85afb7cece6e,car,0.9024390578269958,12.38,A,0.0683,0.0864,-0.018100000000000005,False
nuscenes_mini,6cb024831cce4b6e8acf85afb7cece6e,car,0.9452055096626282,10.05,A,0.4188,0.0864,0.33240000000000003,True
nuscenes_mini,6cb024831cce4b6e8acf85afb7cece6e,truck,0.8947368264198303,16.01,B,0.0687,0.039599999999999996,0.0291,False
nuscenes_mini,273c930b3f384bd58b2bbae02fe81d1e,pedestrian,1.0,21.68,B,0.0,0.0156,-0.0156,False
nuscenes_mini,273c930b3f384bd58b2bbae02fe81d1e,car,0.9024390578269958,23.6,B,0.0339,0.0156,0.0183,False
nuscenes_mini,273c930b3f384bd58b2bbae02fe81d1e,car,0.8827838897705078,14.01,A,0.6098,0.0864,0.5234,True
nuscenes_mini,273c930b3f384bd58b2bbae02fe81d1e,car,0.9179486632347108,17.31,B,0.1632,0.039599999999999996,0.12360000000000002,True
nuscenes_mini,273c930b3f384bd58b2bbae02fe81d1e,car,0.921951174736023,12.47,A,0.4102,0.0864,0.3238,True
nuscenes_mini,273c930b3f384bd58b2bbae02fe81d1e,car,0.6363636255264282,24.46,B,0.0,0.0156,-0.0156,False
nuscenes_mini,273c930b3f384bd58b2bbae02fe81d1e,truck,0.5038759708404541,16.1,B,0.0289,0.039599999999999996,-0.010699999999999998,False
nuscenes_mini,273c930b3f384bd58b2bbae02fe81d1e,car,0.9336099624633788,12.09,A,0.0705,0.0864,-0.01590000000000001,False
nuscenes_mini,273c930b3f384bd58b2bbae02fe81d1e,car,0.8904109597206116,9.55,A,0.364,0.1481,0.21589999999999998,True
nuscenes_mini,273c930b3f384bd58b2bbae02fe81d1e,car,0.8904109597206116,13.26,A,0.1292,0.0864,0.042800000000000005,False
nuscenes_mini,273c930b3f384bd58b2bbae02fe81d1e,truck,0.8202247023582458,18.12,B,0.0076,0.039599999999999996,-0.031999999999999994,False
nuscenes_mini,a84f43c4ef52461d940a6c7d0768b86f,pedestrian,1.0,17.17,B,0.0,0.039599999999999996,-0.039599999999999996,False
nuscenes_mini,a84f43c4ef52461d940a6c7d0768b86f,pedestrian,1.0,34.23,C,0.0,0.0,0.0,False
nuscenes_mini,a84f43c4ef52461d940a6c7d0768b86f,car,0.6604774594306946,46.54,C,0.0,0.0,0.0,False
nuscenes_mini,a84f43c4ef52461d940a6c7d0768b86f,car,0.9024390578269958,24.52,B,0.0234,0.0156,0.007800000000000001,False
nuscenes_mini,a84f43c4ef52461d940a6c7d0768b86f,car,0.9064327478408812,10.34,A,0.6819,0.0864,0.5954999999999999,True
nuscenes_mini,a84f43c4ef52461d940a6c7d0768b86f,car,0.9064327478408812,13.97,A,0.386,0.0864,0.2996,True
nuscenes_mini,a84f43c4ef52461d940a6c7d0768b86f,car,0.6444444060325623,20.22,B,0.0137,0.0156,-0.001899999999999999,False
nuscenes_mini,a84f43c4ef52461d940a6c7d0768b86f,car,0.9024390578269958,14.95,A,0.0759,0.0864,-0.01050000000000001,False
nuscenes_mini,a84f43c4ef52461d940a6c7d0768b86f,car,0.8518518805503845,21.26,B,0.0107,0.0156,-0.0049,False
nuscenes_mini,a84f43c4ef52461d940a6c7d0768b86f,car,0.8083832263946533,26.97,B,0.0,0.0027,-0.0027,False
nuscenes_mini,a84f43c4ef52461d940a6c7d0768b86f,truck,0.8709677457809448,21.98,B,0.0048,0.0156,-0.0108,False
nuscenes_mini,a84f43c4ef52461d940a6c7d0768b86f,car,0.941605806350708,13.37,A,0.0329,0.0864,-0.053500000000000006,False
nuscenes_mini,a84f43c4ef52461d940a6c7d0768b86f,car,0.9101123809814452,10.0,A,0.2977,0.0864,0.21130000000000002,True
nuscenes_mini,8d7dcd1533704f5882a5afcb65509ed5,pedestrian,1.0,12.43,A,0.0694,0.0864,-0.017,False
nuscenes_mini,8d7dcd1533704f5882a5afcb65509ed5,pedestrian,1.0,30.44,C,0.0,0.0,0.0,False
nuscenes_mini,8d7dcd1533704f5882a5afcb65509ed5,car,0.7815700173377991,46.17,C,0.0,0.0,0.0,False
nuscenes_mini,8d7dcd1533704f5882a5afcb65509ed5,car,0.7575758099555969,52.34,C,0.0,0.0,0.0,False
nuscenes_mini,8d7dcd1533704f5882a5afcb65509ed5,car,0.8987342119216919,24.48,B,0.0292,0.0156,0.013600000000000001,False
nuscenes_mini,8d7dcd1533704f5882a5afcb65509ed5,pedestrian,1.0,23.64,B,0.1429,0.0156,0.1273,True
nuscenes_mini,8d7dcd1533704f5882a5afcb65509ed5,pedestrian,1.0,21.4,B,0.2143,0.0156,0.1987,True
nuscenes_mini,8d7dcd1533704f5882a5afcb65509ed5,pedestrian,1.0,21.83,B,0.15,0.0156,0.1344,True
nuscenes_mini,8d7dcd1533704f5882a5afcb65509ed5,car,0.8947368264198303,11.1,A,0.6173,0.0864,0.5308999999999999,True
nuscenes_mini,8d7dcd1533704f5882a5afcb65509ed5,car,0.7968254089355469,17.55,B,0.4761,0.039599999999999996,0.4365,True
nuscenes_mini,8d7dcd1533704f5882a5afcb65509ed5,car,0.6167664527893066,18.09,B,0.0181,0.039599999999999996,-0.021499999999999995,False
nuscenes_mini,8d7dcd1533704f5882a5afcb65509ed5,car,0.719298243522644,25.16,B,0.0045,0.0027,0.0017999999999999995,False
nuscenes_mini,8d7dcd1533704f5882a5afcb65509ed5,car,0.7104072570800781,34.12,C,0.0,0.0,0.0,False
nuscenes_mini,8d7dcd1533704f5882a5afcb65509ed5,car,0.7928802371025085,28.98,B,0.0,0.0027,-0.0027,False
nuscenes_mini,8d7dcd1533704f5882a5afcb65509ed5,car,0.6604774594306946,49.37,C,0.0,0.0,0.0,False
nuscenes_mini,8d7dcd1533704f5882a5afcb65509ed5,truck,0.859649121761322,25.53,B,0.0274,0.0027,0.0247,False
nuscenes_mini,8d7dcd1533704f5882a5afcb65509ed5,truck,0.6800000071525574,24.61,B,0.0007,0.0156,-0.0149,False
nuscenes_mini,8d7dcd1533704f5882a5afcb65509ed5,car,0.921951174736023,12.32,A,0.2428,0.0864,0.15639999999999998,True
nuscenes_mini,8d7dcd1533704f5882a5afcb65509ed5,car,0.9139785170555116,9.39,A,0.1309,0.1481,-0.01720000000000002,False
nuscenes_mini,8d7dcd1533704f5882a5afcb65509ed5,car,0.9298245906829834,14.08,A,0.0862,0.0864,-0.00020000000000000573,False
nuscenes_mini,8d7dcd1533704f5882a5afcb65509ed5,bus,0.8750000596046448,12.09,A,0.2771,0.0864,0.1907,True
nuscenes_mini,f90292e4cdf647e1a8842baabdaafcec,pedestrian,1.0,19.37,B,0.1111,0.039599999999999996,0.07150000000000001,True
nuscenes_mini,f90292e4cdf647e1a8842baabdaafcec,pedestrian,1.0,26.51,B,0.0,0.0027,-0.0027,False
nuscenes_mini,f90292e4cdf647e1a8842baabdaafcec,pedestrian,1.0,20.35,B,0.0556,0.0156,0.039999999999999994,False
nuscenes_mini,f90292e4cdf647e1a8842baabdaafcec,car,0.6908212304115295,43.47,C,0.0,0.0,0.0,False
nuscenes_mini,f90292e4cdf647e1a8842baabdaafcec,car,0.8865247964859009,24.74,B,0.0267,0.0156,0.011100000000000002,False
nuscenes_mini,f90292e4cdf647e1a8842baabdaafcec,car,0.6952381134033203,42.05,C,0.0,0.0,0.0,False
nuscenes_mini,f90292e4cdf647e1a8842baabdaafcec,pedestrian,1.0,8.1,A,0.2083,0.1481,0.060200000000000004,True
nuscenes_mini,f90292e4cdf647e1a8842baabdaafcec,pedestrian,1.0,13.27,A,0.125,0.0864,0.038599999999999995,False
nuscenes_mini,f90292e4cdf647e1a8842baabdaafcec,car,0.7264957427978516,43.64,C,0.0,0.0,0.0,False
nuscenes_mini,f90292e4cdf647e1a8842baabdaafcec,car,0.7928802371025085,22.86,B,0.0119,0.0156,-0.0036999999999999984,False
nuscenes_mini,f90292e4cdf647e1a8842baabdaafcec,car,0.5775577425956726,27.4,B,0.0,0.0027,-0.0027,False
nuscenes_mini,f90292e4cdf647e1a8842baabdaafcec,car,0.827957034111023,15.51,B,0.0418,0.039599999999999996,0.0022000000000000006,False
nuscenes_mini,f90292e4cdf647e1a8842baabdaafcec,car,0.7852349281311035,31.58,C,0.0,0.0,0.0,False
nuscenes_mini,f90292e4cdf647e1a8842baabdaafcec,truck,0.8241757750511169,29.54,B,0.0,0.0027,-0.0027,False
nuscenes_mini,f90292e4cdf647e1a8842baabdaafcec,truck,0.604938268661499,28.8,B,0.0016,0.0027,-0.0011,False
nuscenes_mini,f90292e4cdf647e1a8842baabdaafcec,pedestrian,1.0,23.62,B,0.0,0.0156,-0.0156,False
nuscenes_mini,f90292e4cdf647e1a8842baabdaafcec,car,0.9024390578269958,9.34,A,0.4213,0.1481,0.2732,True
nuscenes_mini,f90292e4cdf647e1a8842baabdaafcec,car,0.8750000596046448,16.64,B,0.0428,0.039599999999999996,0.0032000000000000015,False
nuscenes_mini,f90292e4cdf647e1a8842baabdaafcec,car,0.9298245906829834,10.32,A,0.3973,0.0864,0.31089999999999995,True
nuscenes_mini,f90292e4cdf647e1a8842baabdaafcec,bus,0.859649121761322,12.33,A,0.2481,0.0864,0.16169999999999998,True
nuscenes_mini,98fa81992fb04e799c329eca220e7164,pedestrian,1.0,14.25,A,0.1071,0.0864,0.020699999999999996,False
nuscenes_mini,98fa81992fb04e799c329eca220e7164,pedestrian,1.0,15.38,B,0.0469,0.039599999999999996,0.007300000000000001,False
nuscenes_mini,98fa81992fb04e799c329eca220e7164,pedestrian,1.0,22.57,B,0.0,0.0156,-0.0156,False
nuscenes_mini,98fa81992fb04e799c329eca220e7164,car,0.8904109597206116,27.65,B,0.0079,0.0027,0.005200000000000001,False
nuscenes_mini,98fa81992fb04e799c329eca220e7164,car,0.8358974456787109,35.18,C,0.0,0.0,0.0,False
nuscenes_mini,98fa81992fb04e799c329eca220e7164,car,0.8400000333786011,35.66,C,0.0,0.0,0.0,False
nuscenes_mini,98fa81992fb04e799c329eca220e7164,bus,0.7460317611694336,54.67,C,0.0,0.0,0.0,False
nuscenes_mini,98fa81992fb04e799c329eca220e7164,car,0.6167664527893066,32.09,C,0.0,0.0,0.0,False
nuscenes_mini,98fa81992fb04e799c329eca220e7164,car,0.8632478713989258,19.04,B,0.0455,0.039599999999999996,0.0059000000000000025,False
nuscenes_mini,98fa81992fb04e799c329eca220e7164,car,0.8202247023582458,26.6,B,0.0189,0.0027,0.0162,False
nuscenes_mini,98fa81992fb04e799c329eca220e7164,car,0.7229437232017517,34.27,C,0.0,0.0,0.0,False
nuscenes_mini,98fa81992fb04e799c329eca220e7164,truck,0.7730495929718018,33.73,C,0.0,0.0,0.0,False
nuscenes_mini,98fa81992fb04e799c329eca220e7164,pedestrian,1.0,5.28,A,0.5,0.1481,0.3519,True
nuscenes_mini,98fa81992fb04e799c329eca220e7164,pedestrian,1.0,20.07,B,0.0,0.0156,-0.0156,False
nuscenes_mini,98fa81992fb04e799c329eca220e7164,pedestrian,1.0,19.99,B,0.0278,0.039599999999999996,-0.011799999999999998,False
nuscenes_mini,98fa81992fb04e799c329eca220e7164,pedestrian,1.0,32.68,C,0.0,0.0,0.0,False
nuscenes_mini,98fa81992fb04e799c329eca220e7164,car,0.92592591047287,12.98,A,0.0563,0.0864,-0.030100000000000002,False
nuscenes_mini,98fa81992fb04e799c329eca220e7164,car,0.9336099624633788,9.43,A,0.3394,0.1481,0.19129999999999997,True
nuscenes_mini,49dfd2f2fef447cc9b8dec3e17c1c919,pedestrian,1.0,9.22,A,0.1125,0.1481,-0.03560000000000001,False
nuscenes_mini,49dfd2f2fef447cc9b8dec3e17c1c919,pedestrian,1.0,18.43,B,0.0,0.039599999999999996,-0.039599999999999996,False
nuscenes_mini,49dfd2f2fef447cc9b8dec3e17c1c919,car,0.8241757750511169,25.43,B,0.069,0.0027,0.06630000000000001,True
nuscenes_mini,49dfd2f2fef447cc9b8dec3e17c1c919,car,0.8632478713989258,50.62,C,0.0,0.0,0.0,False
nuscenes_mini,49dfd2f2fef447cc9b8dec3e17c1c919,car,0.9179486632347108,28.68,B,0.0,0.0027,-0.0027,False
nuscenes_mini,49dfd2f2fef447cc9b8dec3e17c1c919,bus,0.7575758099555969,54.65,C,0.0,0.0,0.0,False
nuscenes_mini,49dfd2f2fef447cc9b8dec3e17c1c919,pedestrian,1.0,10.53,A,0.1375,0.0864,0.051100000000000007,True
nuscenes_mini,49dfd2f2fef447cc9b8dec3e17c1c919,pedestrian,1.0,10.63,A,0.1429,0.0864,0.056499999999999995,True
nuscenes_mini,49dfd2f2fef447cc9b8dec3e17c1c919,car,0.8865247964859009,50.29,C,0.0,0.0,0.0,False
nuscenes_mini,49dfd2f2fef447cc9b8dec3e17c1c919,car,0.7928802371025085,41.72,C,0.0,0.0,0.0,False
nuscenes_mini,49dfd2f2fef447cc9b8dec3e17c1c919,car,0.8160918951034546,30.44,C,0.0,0.0,0.0,False
nuscenes_mini,49dfd2f2fef447cc9b8dec3e17c1c919,pedestrian,1.0,6.25,A,0.1786,0.1481,0.0305,False
nuscenes_mini,49dfd2f2fef447cc9b8dec3e17c1c919,pedestrian,1.0,20.94,B,0.0714,0.0156,0.0558,True
nuscenes_mini,49dfd2f2fef447cc9b8dec3e17c1c919,pedestrian,1.0,20.36,B,0.0444,0.0156,0.028800000000000003,False
nuscenes_mini,49dfd2f2fef447cc9b8dec3e17c1c919,pedestrian,1.0,20.74,B,0.0417,0.0156,0.0261,False
nuscenes_mini,49dfd2f2fef447cc9b8dec3e17c1c919,car,0.5114504098892212,17.52,B,0.0493,0.039599999999999996,0.0097,False
nuscenes_mini,49dfd2f2fef447cc9b8dec3e17c1c919,car,0.8787879347801208,11.75,A,0.1497,0.0864,0.0633,True
nuscenes_mini,49dfd2f2fef447cc9b8dec3e17c1c919,car,0.8904109597206116,18.32,B,0.1875,0.039599999999999996,0.1479,True
nuscenes_mini,c18d3bcc9297454ba52112c079cb756e,pedestrian,1.0,14.38,A,0.0,0.0864,-0.0864,False
nuscenes_mini,c18d3bcc9297454ba52112c079cb756e,car,0.8947368264198303,18.38,B,0.1377,0.039599999999999996,0.09809999999999999,True
nuscenes_mini,c18d3bcc9297454ba52112c079cb756e,car,0.9101123809814452,29.22,B,0.0,0.0027,-0.0027,False
nuscenes_mini,c18d3bcc9297454ba52112c079cb756e,bus,0.8358974456787109,49.95,C,0.0,0.0,0.0,False
nuscenes_mini,c18d3bcc9297454ba52112c079cb756e,pedestrian,1.0,4.32,A,0.6964,0.1769,0.5195000000000001,True
nuscenes_mini,c18d3bcc9297454ba52112c079cb756e,pedestrian,1.0,6.77,A,0.3021,0.1481,0.15399999999999997,True
nuscenes_mini,c18d3bcc9297454ba52112c079cb756e,car,0.8400000333786011,17.61,B,0.2074,0.039599999999999996,0.1678,True
nuscenes_mini,c18d3bcc9297454ba52112c079cb756e,pedestrian,1.0,10.31,A,0.0476,0.0864,-0.0388,False
nuscenes_mini,c18d3bcc9297454ba52112c079cb756e,car,0.7852349281311035,15.33,B,0.037,0.039599999999999996,-0.002599999999999998,False
nuscenes_mini,c18d3bcc9297454ba52112c079cb756e,car,0.7928802371025085,20.83,B,0.0105,0.0156,-0.005099999999999999,False
nuscenes_mini,c18d3bcc9297454ba52112c079cb756e,car,0.6995305418968201,38.87,C,0.0,0.0,0.0,False
nuscenes_mini,c18d3bcc9297454ba52112c079cb756e,pedestrian,1.0,22.56,B,0.0625,0.0156,0.0469,False
nuscenes_mini,c18d3bcc9297454ba52112c079cb756e,pedestrian,1.0,23.15,B,0.325,0.0156,0.3094,True
nuscenes_mini,c18d3bcc9297454ba52112c079cb756e,pedestrian,1.0,22.63,B,0.0,0.0156,-0.0156,False
nuscenes_mini,c18d3bcc9297454ba52112c079cb756e,car,0.949367105960846,21.04,B,0.0024,0.0156,-0.0132,False
nuscenes_mini,9cc9718713c14974b5e3094e1c4eae1c,pedestrian,1.0,10.19,A,0.1875,0.0864,0.1011,True
nuscenes_mini,9cc9718713c14974b5e3094e1c4eae1c,car,0.8865247964859009,27.74,B,0.01,0.0027,0.0073,False
nuscenes_mini,9cc9718713c14974b5e3094e1c4eae1c,bus,0.8904109597206116,40.15,C,0.0,0.0,0.0,False
nuscenes_mini,9cc9718713c14974b5e3094e1c4eae1c,pedestrian,1.0,10.16,A,0.2188,0.0864,0.1324,True
nuscenes_mini,9cc9718713c14974b5e3094e1c4eae1c,car,0.8750000596046448,10.98,A,0.5226,0.0864,0.4361999999999999,True
nuscenes_mini,9cc9718713c14974b5e3094e1c4eae1c,car,0.5151515007019043,46.19,C,0.0,0.0,0.0,False
nuscenes_mini,9cc9718713c14974b5e3094e1c4eae1c,car,0.7037037014961243,31.64,C,0.0,0.0,0.0,False
nuscenes_mini,9cc9718713c14974b5e3094e1c4eae1c,car,0.5151515007019043,24.33,B,0.0101,0.0156,-0.0055,False
nuscenes_mini,9cc9718713c14974b5e3094e1c4eae1c,car,0.8552036285400391,19.43,B,0.0599,0.039599999999999996,0.020300000000000006,False
nuscenes_mini,9cc9718713c14974b5e3094e1c4eae1c,car,0.7887788414955139,24.38,B,0.0117,0.0156,-0.003899999999999999,False
nuscenes_mini,9cc9718713c14974b5e3094e1c4eae1c,car,0.7299578189849854,41.37,C,0.0,0.0,0.0,False
nuscenes_mini,9cc9718713c14974b5e3094e1c4eae1c,pedestrian,1.0,6.28,A,0.175,0.1481,0.02689999999999998,False
nuscenes_mini,9cc9718713c14974b5e3094e1c4eae1c,pedestrian,1.0,25.49,B,0.05,0.0027,0.0473,False
nuscenes_mini,9cc9718713c14974b5e3094e1c4eae1c,pedestrian,1.0,24.23,B,0.0667,0.0156,0.05109999999999999,True
nuscenes_mini,9cc9718713c14974b5e3094e1c4eae1c,pedestrian,1.0,25.16,B,0.0417,0.0027,0.039,False
nuscenes_mini,9cc9718713c14974b5e3094e1c4eae1c,car,0.8987342119216919,39.45,C,0.0,0.0,0.0,False
nuscenes_mini,a5c0ec90615e42818962e4e002de0cef,car,0.8787879347801208,28.95,B,0.0,0.0027,-0.0027,False
nuscenes_mini,a5c0ec90615e42818962e4e002de0cef,bus,0.8787879347801208,35.25,C,0.004,0.0,0.004,False
nuscenes_mini,a5c0ec90615e42818962e4e002de0cef,pedestrian,1.0,6.37,A,0.375,0.1481,0.2269,True
nuscenes_mini,a5c0ec90615e42818962e4e002de0cef,pedestrian,1.0,27.55,B,0.0,0.0027,-0.0027,False
nuscenes_mini,a5c0ec90615e42818962e4e002de0cef,car,0.8865247964859009,12.05,A,0.3358,0.0864,0.24939999999999998,True
nuscenes_mini,a5c0ec90615e42818962e4e002de0cef,car,0.9064327478408812,44.24,C,0.0,0.0,0.0,False
nuscenes_mini,a5c0ec90615e42818962e4e002de0cef,car,0.5241636037826538,28.53,B,0.0045,0.0027,0.0017999999999999995,False
nuscenes_mini,a5c0ec90615e42818962e4e002de0cef,car,0.6831682920455933,29.1,B,0.0,0.0027,-0.0027,False
nuscenes_mini,a5c0ec90615e42818962e4e002de0cef,car,0.8358974456787109,23.85,B,0.0051,0.0156,-0.010499999999999999,False
nuscenes_mini,a5c0ec90615e42818962e4e002de0cef,car,0.7387754917144775,43.12,C,0.0,0.0,0.0,False
nuscenes_mini,a5c0ec90615e42818962e4e002de0cef,pedestrian,1.0,43.77,C,0.0,0.0,0.0,False
nuscenes_mini,a5c0ec90615e42818962e4e002de0cef,pedestrian,1.0,29.0,B,0.0312,0.0027,0.028499999999999998,False
nuscenes_mini,a5c0ec90615e42818962e4e002de0cef,pedestrian,1.0,27.55,B,0.0,0.0027,-0.0027,False
nuscenes_mini,a5c0ec90615e42818962e4e002de0cef,car,0.8518518805503845,8.48,A,0.2379,0.1481,0.08979999999999999,True
nuscenes_mini,3f2ddc9476eb475b8c46f777f508cedb,car,0.8787879347801208,29.61,B,0.0,0.0027,-0.0027,False
nuscenes_mini,3f2ddc9476eb475b8c46f777f508cedb,bus,0.8904109597206116,26.89,B,0.0338,0.0027,0.031099999999999996,False
nuscenes_mini,3f2ddc9476eb475b8c46f777f508cedb,pedestrian,1.0,22.46,B,0.05,0.0156,0.0344,False
nuscenes_mini,3f2ddc9476eb475b8c46f777f508cedb,bus,0.8904109597206116,25.1,B,0.0462,0.0027,0.0435,False
nuscenes_mini,3f2ddc9476eb475b8c46f777f508cedb,pedestrian,1.0,32.72,C,0.0,0.0,0.0,False
nuscenes_mini,3f2ddc9476eb475b8c46f777f508cedb,pedestrian,1.0,15.31,B,0.0417,0.039599999999999996,0.0021000000000000046,False
nuscenes_mini,3f2ddc9476eb475b8c46f777f508cedb,pedestrian,1.0,34.38,C,0.0,0.0,0.0,False
nuscenes_mini,3f2ddc9476eb475b8c46f777f508cedb,pedestrian,1.0,13.5,A,0.0312,0.0864,-0.055200000000000006,False
nuscenes_mini,3f2ddc9476eb475b8c46f777f508cedb,car,0.6640419960021973,48.12,C,0.0,0.0,0.0,False
nuscenes_mini,3f2ddc9476eb475b8c46f777f508cedb,car,0.6559139490127563,41.94,C,0.0,0.0,0.0,False
nuscenes_mini,3f2ddc9476eb475b8c46f777f508cedb,car,0.7852349281311035,28.54,B,0.0015,0.0027,-0.0012000000000000001,False
nuscenes_mini,3f2ddc9476eb475b8c46f777f508cedb,car,0.507692277431488,33.93,C,0.0003,0.0,0.0003,False
nuscenes_mini,3f2ddc9476eb475b8c46f777f508cedb,car,0.7887788414955139,13.08,A,0.0949,0.0864,0.008499999999999994,False
nuscenes_mini,3f2ddc9476eb475b8c46f777f508cedb,car,0.8672199249267578,33.24,C,0.0045,0.0,0.0045,False
nuscenes_mini,3f2ddc9476eb475b8c46f777f508cedb,car,0.9336099624633788,13.48,A,0.1917,0.0864,0.1053,True
nuscenes_mini,27749aa3de2545219186c61d4d415e1c,car,0.8709677457809448,32.56,C,0.0,0.0,0.0,False
nuscenes_mini,27749aa3de2545219186c61d4d415e1c,bus,0.7852349281311035,23.43,B,0.062,0.0156,0.0464,False
nuscenes_mini,27749aa3de2545219186c61d4d415e1c,pedestrian,1.0,21.0,B,0.025,0.0156,0.009400000000000002,False
nuscenes_mini,27749aa3de2545219186c61d4d415e1c,bus,0.9298245906829834,19.95,B,0.1127,0.039599999999999996,0.0731,True
nuscenes_mini,27749aa3de2545219186c61d4d415e1c,pedestrian,1.0,19.13,B,0.0208,0.039599999999999996,-0.018799999999999997,False
nuscenes_mini,27749aa3de2545219186c61d4d415e1c,car,0.6444444060325623,33.67,C,0.0,0.0,0.0,False
nuscenes_mini,27749aa3de2545219186c61d4d415e1c,car,0.8439024686813354,18.54,B,0.0356,0.039599999999999996,-0.003999999999999997,False
nuscenes_mini,27749aa3de2545219186c61d4d415e1c,car,0.6097560524940491,38.82,C,0.0,0.0,0.0,False
nuscenes_mini,27749aa3de2545219186c61d4d415e1c,car,0.8787879347801208,20.2,B,0.0013,0.0156,-0.0143,False
nuscenes_mini,27749aa3de2545219186c61d4d415e1c,car,0.5540069937705994,42.94,C,0.0,0.0,0.0,False
nuscenes_mini,daae21dc94b74898a7362922e8792415,car,0.8865247964859009,32.26,C,0.0,0.0,0.0,False
nuscenes_mini,daae21dc94b74898a7362922e8792415,bus,0.92592591047287,13.85,A,0.2894,0.0864,0.20299999999999999,True
nuscenes_mini,daae21dc94b74898a7362922e8792415,pedestrian,1.0,11.79,A,0.0714,0.0864,-0.015,False
nuscenes_mini,daae21dc94b74898a7362922e8792415,pedestrian,1.0,25.52,B,0.05,0.0027,0.0473,False
nuscenes_mini,daae21dc94b74898a7362922e8792415,car,0.8750000596046448,23.58,B,0.0161,0.0156,0.0005000000000000004,False
nuscenes_mini,daae21dc94b74898a7362922e8792415,car,0.8518518805503845,25.06,B,0.018,0.0027,0.015299999999999998,False
nuscenes_mini,daae21dc94b74898a7362922e8792415,car,0.5395683646202087,44.04,C,0.0,0.0,0.0,False
nuscenes_mini,daae21dc94b74898a7362922e8792415,car,0.5428571701049805,42.92,C,0.0,0.0,0.0,False
nuscenes_mini,042f582eb2bb4231910918ba85f390d3,car,0.8552036285400391,32.9,C,0.0,0.0,0.0,False
nuscenes_mini,042f582eb2bb4231910918ba85f390d3,pedestrian,1.0,16.91,B,0.0857,0.039599999999999996,0.0461,False
nuscenes_mini,042f582eb2bb4231910918ba85f390d3,car,0.7460317611694336,33.02,C,0.0,0.0,0.0,False
nuscenes_mini,042f582eb2bb4231910918ba85f390d3,car,0.5241636037826538,44.69,C,0.0,0.0,0.0,False
nuscenes_mini,042f582eb2bb4231910918ba85f390d3,car,0.7344398498535156,27.27,B,0.0,0.0027,-0.0027,False
nuscenes_mini,042f582eb2bb4231910918ba85f390d3,bus,0.9298245906829834,11.32,A,0.2837,0.0864,0.1973,True
nuscenes_mini,fe40762a54e1414da73de751877ad576,car,0.7968254089355469,46.59,C,0.0,0.0,0.0,False
nuscenes_mini,fe40762a54e1414da73de751877ad576,car,0.8904109597206116,32.14,C,0.0,0.0,0.0,False
nuscenes_mini,fe40762a54e1414da73de751877ad576,car,0.6289855241775513,41.84,C,0.0,0.0,0.0,False
nuscenes_mini,fe40762a54e1414da73de751877ad576,car,0.7575758099555969,37.35,C,0.0,0.0,0.0,False
nuscenes_mini,fe40762a54e1414da73de751877ad576,bus,0.92592591047287,14.49,A,0.1355,0.0864,0.049100000000000005,False
nuscenes_mini,0ee7e7691e3e4bd88d43150073906a4f,car,0.8439024686813354,22.22,B,0.0903,0.0156,0.0747,True
nuscenes_mini,0ee7e7691e3e4bd88d43150073906a4f,car,0.9024390578269958,29.62,B,0.0,0.0027,-0.0027,False
nuscenes_mini,0ee7e7691e3e4bd88d43150073906a4f,car,0.6132930517196655,46.96,C,0.0,0.0,0.0,False
nuscenes_mini,0ee7e7691e3e4bd88d43150073906a4f,car,0.6012461185455322,48.37,C,0.0,0.0,0.0,False
nuscenes_mini,0ee7e7691e3e4bd88d43150073906a4f,bus,0.6995305418968201,24.57,B,0.0007,0.0156,-0.0149,False
nuscenes_mini,0ee7e7691e3e4bd88d43150073906a4f,bus,0.9139785170555116,19.16,B,0.0501,0.039599999999999996,0.010500000000000002,False
nuscenes_mini,0ee7e7691e3e4bd88d43150073906a4f,pedestrian,1.0,22.72,B,0.0893,0.0156,0.0737,True
nuscenes_mini,b085cc54b9c6437db176033620d00529,car,0.8750000596046448,20.08,B,0.1199,0.0156,0.1043,True
nuscenes_mini,b085cc54b9c6437db176033620d00529,car,0.9064327478408812,28.31,B,0.0,0.0027,-0.0027,False
nuscenes_mini,b085cc54b9c6437db176033620d00529,car,0.8439024686813354,18.38,B,0.1319,0.039599999999999996,0.0923,True
nuscenes_mini,b085cc54b9c6437db176033620d00529,bus,0.9101123809814452,26.0,B,0.0146,0.0027,0.0119,False
nuscenes_mini,4e1d1031fe9f45f981a2f598365fc645,pedestrian,1.0,20.88,B,0.0,0.0156,-0.0156,False
nuscenes_mini,4e1d1031fe9f45f981a2f598365fc645,pedestrian,1.0,20.94,B,0.0,0.0156,-0.0156,False
nuscenes_mini,4e1d1031fe9f45f981a2f598365fc645,car,0.8632478713989258,30.95,C,0.0,0.0,0.0,False
nuscenes_mini,4e1d1031fe9f45f981a2f598365fc645,car,0.8672199249267578,10.1,A,0.6345,0.0864,0.5480999999999999,True
nuscenes_mini,4e1d1031fe9f45f981a2f598365fc645,bus,0.8202247023582458,31.5,C,0.0065,0.0,0.0065,False
nuscenes_mini,a480496a5988410fbe3d8ed6c84da996,car,0.921951174736023,6.42,A,0.8319,0.1481,0.6838,True
nuscenes_mini,a480496a5988410fbe3d8ed6c84da996,car,0.7770034670829773,28.27,B,0.0512,0.0027,0.0485,False
nuscenes_mini,a480496a5988410fbe3d8ed6c84da996,car,0.9064327478408812,20.86,B,0.0316,0.0156,0.016000000000000004,False
nuscenes_mini,a480496a5988410fbe3d8ed6c84da996,car,0.8632478713989258,45.22,C,0.0,0.0,0.0,False
nuscenes_mini,a480496a5988410fbe3d8ed6c84da996,car,0.9139785170555116,20.46,B,0.0667,0.0156,0.05109999999999999,True
nuscenes_mini,a480496a5988410fbe3d8ed6c84da996,bus,0.9139785170555116,49.63,C,0.0,0.0,0.0,False
nuscenes_mini,a480496a5988410fbe3d8ed6c84da996,car,0.7770034670829773,44.5,C,0.0,0.0,0.0,False
nuscenes_mini,a480496a5988410fbe3d8ed6c84da996,bus,0.8324607610702515,45.23,C,0.0,0.0,0.0,False
nuscenes_mini,a480496a5988410fbe3d8ed6c84da996,pedestrian,1.0,26.17,B,0.1406,0.0027,0.1379,True
nuscenes_mini,a480496a5988410fbe3d8ed6c84da996,car,0.8476190567016602,23.17,B,0.1022,0.0156,0.0866,True
nuscenes_mini,a480496a5988410fbe3d8ed6c84da996,car,0.9139785170555116,15.51,B,0.2194,0.039599999999999996,0.17980000000000002,True
nuscenes_mini,a480496a5988410fbe3d8ed6c84da996,bus,0.9179486632347108,23.78,B,0.0522,0.0156,0.03660000000000001,False
nuscenes_mini,a480496a5988410fbe3d8ed6c84da996,pedestrian,1.0,8.56,A,0.125,0.1481,-0.02310000000000001,False
nuscenes_mini,a480496a5988410fbe3d8ed6c84da996,pedestrian,1.0,21.79,B,0.0,0.0156,-0.0156,False
nuscenes_mini,a480496a5988410fbe3d8ed6c84da996,pedestrian,1.0,7.12,A,0.1562,0.1481,0.008099999999999996,False
nuscenes_mini,a480496a5988410fbe3d8ed6c84da996,pedestrian,1.0,9.28,A,0.125,0.1481,-0.02310000000000001,False
nuscenes_mini,a480496a5988410fbe3d8ed6c84da996,pedestrian,1.0,11.46,A,0.0417,0.0864,-0.044700000000000004,False
nuscenes_mini,a480496a5988410fbe3d8ed6c84da996,pedestrian,1.0,24.35,B,0.0,0.0156,-0.0156,False
nuscenes_mini,a480496a5988410fbe3d8ed6c84da996,car,0.7730495929718018,35.17,C,0.0033,0.0,0.0033,False
nuscenes_mini,a480496a5988410fbe3d8ed6c84da996,car,0.8476190567016602,5.25,A,0.0895,0.1481,-0.05860000000000001,False
nuscenes_mini,a480496a5988410fbe3d8ed6c84da996,pedestrian,1.0,17.79,B,0.0833,0.039599999999999996,0.0437,False
nuscenes_mini,b993550e60054741983f8052ba97b0b0,car,0.8787879347801208,45.14,C,0.0,0.0,0.0,False
nuscenes_mini,b993550e60054741983f8052ba97b0b0,car,0.9101123809814452,18.38,B,0.1105,0.039599999999999996,0.0709,True
nuscenes_mini,b993550e60054741983f8052ba97b0b0,car,0.8672199249267578,17.2,B,0.0143,0.039599999999999996,-0.025299999999999996,False
nuscenes_mini,b993550e60054741983f8052ba97b0b0,bus,0.9139785170555116,47.82,C,0.0,0.0,0.0,False
nuscenes_mini,b993550e60054741983f8052ba97b0b0,car,0.8476190567016602,46.7,C,0.0,0.0,0.0,False
nuscenes_mini,b993550e60054741983f8052ba97b0b0,bus,0.8947368264198303,47.45,C,0.0,0.0,0.0,False
nuscenes_mini,b993550e60054741983f8052ba97b0b0,pedestrian,1.0,25.71,B,0.2583,0.0027,0.2556,True
nuscenes_mini,b993550e60054741983f8052ba97b0b0,pedestrian,1.0,23.81,B,0.0441,0.0156,0.0285,False
nuscenes_mini,b993550e60054741983f8052ba97b0b0,car,0.9375000596046448,16.2,B,0.2373,0.039599999999999996,0.19770000000000001,True
nuscenes_mini,b993550e60054741983f8052ba97b0b0,bus,0.921951174736023,26.26,B,0.0533,0.0027,0.0506,True
nuscenes_mini,b993550e60054741983f8052ba97b0b0,pedestrian,1.0,13.06,A,0.0833,0.0864,-0.0031000000000000055,False
nuscenes_mini,b993550e60054741983f8052ba97b0b0,pedestrian,1.0,7.14,A,0.1429,0.1481,-0.00520000000000001,False
nuscenes_mini,b993550e60054741983f8052ba97b0b0,pedestrian,1.0,24.31,B,0.0,0.0156,-0.0156,False
nuscenes_mini,b993550e60054741983f8052ba97b0b0,pedestrian,1.0,8.55,A,0.1458,0.1481,-0.0022999999999999965,False
nuscenes_mini,b993550e60054741983f8052ba97b0b0,pedestrian,1.0,9.42,A,0.1389,0.1481,-0.009200000000000014,False
nuscenes_mini,b993550e60054741983f8052ba97b0b0,pedestrian,1.0,11.54,A,0.0247,0.0864,-0.061700000000000005,False
nuscenes_mini,b993550e60054741983f8052ba97b0b0,pedestrian,1.0,4.4,A,0.0,0.1769,-0.1769,False
nuscenes_mini,b993550e60054741983f8052ba97b0b0,car,0.7968254089355469,5.7,A,0.096,0.1481,-0.05210000000000001,False
nuscenes_mini,b993550e60054741983f8052ba97b0b0,car,0.8987342119216919,3.72,A,0.6819,0.1769,0.5049999999999999,True
nuscenes_mini,61cfc5554a724824b0d34bddc147d890,pedestrian,1.0,19.56,B,0.1458,0.039599999999999996,0.10620000000000002,True
nuscenes_mini,61cfc5554a724824b0d34bddc147d890,car,0.9298245906829834,15.58,B,0.1955,0.039599999999999996,0.1559,True
nuscenes_mini,61cfc5554a724824b0d34bddc147d890,car,0.8518518805503845,43.45,C,0.0,0.0,0.0,False
nuscenes_mini,61cfc5554a724824b0d34bddc147d890,car,0.8750000596046448,12.47,A,0.0484,0.0864,-0.038000000000000006,False
nuscenes_mini,61cfc5554a724824b0d34bddc147d890,bus,0.9024390578269958,45.58,C,0.0,0.0,0.0,False
nuscenes_mini,61cfc5554a724824b0d34bddc147d890,car,0.7770034670829773,46.39,C,0.0,0.0,0.0,False
nuscenes_mini,61cfc5554a724824b0d34bddc147d890,bus,0.8400000333786011,46.42,C,0.0,0.0,0.0,False
nuscenes_mini,61cfc5554a724824b0d34bddc147d890,car,0.859649121761322,23.51,B,0.039,0.0156,0.0234,False
nuscenes_mini,61cfc5554a724824b0d34bddc147d890,car,0.941605806350708,17.28,B,0.3304,0.039599999999999996,0.29080000000000006,True
nuscenes_mini,61cfc5554a724824b0d34bddc147d890,bus,0.9179486632347108,23.66,B,0.048,0.0156,0.0324,False
nuscenes_mini,61cfc5554a724824b0d34bddc147d890,pedestrian,1.0,8.54,A,0.1458,0.1481,-0.0022999999999999965,False
nuscenes_mini,61cfc5554a724824b0d34bddc147d890,pedestrian,1.0,21.65,B,0.0,0.0156,-0.0156,False
nuscenes_mini,61cfc5554a724824b0d34bddc147d890,pedestrian,1.0,7.17,A,0.127,0.1481,-0.021100000000000008,False
nuscenes_mini,61cfc5554a724824b0d34bddc147d890,pedestrian,1.0,9.6,A,0.1111,0.1481,-0.037000000000000005,False
nuscenes_mini,61cfc5554a724824b0d34bddc147d890,pedestrian,1.0,11.41,A,0.0972,0.0864,0.01079999999999999,False
nuscenes_mini,61cfc5554a724824b0d34bddc147d890,pedestrian,1.0,25.04,B,0.0,0.0027,-0.0027,False
nuscenes_mini,61cfc5554a724824b0d34bddc147d890,car,0.8476190567016602,5.36,A,0.0778,0.1481,-0.07030000000000002,False
nuscenes_mini,61cfc5554a724824b0d34bddc147d890,pedestrian,1.0,17.73,B,0.1296,0.039599999999999996,0.09,True
nuscenes_mini,61cfc5554a724824b0d34bddc147d890,car,0.92592591047287,7.14,A,0.3885,0.1481,0.2404,True
nuscenes_mini,dc4c80e8a1534ff8a3eb80307341161c,car,0.8048780560493469,13.09,A,0.2745,0.0864,0.18810000000000002,True
nuscenes_mini,dc4c80e8a1534ff8a3eb80307341161c,car,0.7538461089134216,30.52,C,0.0,0.0,0.0,False
nuscenes_mini,dc4c80e8a1534ff8a3eb80307341161c,car,0.8518518805503845,43.36,C,0.0,0.0,0.0,False
nuscenes_mini,dc4c80e8a1534ff8a3eb80307341161c,car,0.9139785170555116,8.92,A,0.3744,0.1481,0.2263,True
nuscenes_mini,dc4c80e8a1534ff8a3eb80307341161c,bus,0.8947368264198303,47.17,C,0.0,0.0,0.0,False
nuscenes_mini,dc4c80e8a1534ff8a3eb80307341161c,car,0.7852349281311035,47.17,C,0.0,0.0,0.0,False
nuscenes_mini,dc4c80e8a1534ff8a3eb80307341161c,bus,0.827957034111023,47.86,C,0.0,0.0,0.0,False
nuscenes_mini,dc4c80e8a1534ff8a3eb80307341161c,car,0.8552036285400391,23.24,B,0.0973,0.0156,0.0817,True
nuscenes_mini,dc4c80e8a1534ff8a3eb80307341161c,car,0.9336099624633788,19.08,B,0.3103,0.039599999999999996,0.27070000000000005,True
nuscenes_mini,dc4c80e8a1534ff8a3eb80307341161c,bus,0.8947368264198303,23.77,B,0.0612,0.0156,0.0456,False
nuscenes_mini,dc4c80e8a1534ff8a3eb80307341161c,pedestrian,1.0,8.58,A,0.125,0.1481,-0.02310000000000001,False
nuscenes_mini,dc4c80e8a1534ff8a3eb80307341161c,pedestrian,1.0,12.8,A,0.0556,0.0864,-0.030800000000000008,False
nuscenes_mini,dc4c80e8a1534ff8a3eb80307341161c,pedestrian,1.0,7.18,A,0.2,0.1481,0.0519,True
nuscenes_mini,dc4c80e8a1534ff8a3eb80307341161c,pedestrian,1.0,9.6,A,0.1875,0.1481,0.03939999999999999,False
nuscenes_mini,dc4c80e8a1534ff8a3eb80307341161c,pedestrian,1.0,11.65,A,0.0,0.0864,-0.0864,False
nuscenes_mini,dc4c80e8a1534ff8a3eb80307341161c,pedestrian,1.0,24.63,B,0.0,0.0156,-0.0156,False
nuscenes_mini,dc4c80e8a1534ff8a3eb80307341161c,car,0.8827838897705078,10.27,A,0.0634,0.0864,-0.023000000000000007,False
nuscenes_mini,dc4c80e8a1534ff8a3eb80307341161c,car,0.9024390578269958,5.58,A,0.0617,0.1481,-0.0864,False
nuscenes_mini,dc4c80e8a1534ff8a3eb80307341161c,pedestrian,1.0,17.8,B,0.0417,0.039599999999999996,0.0021000000000000046,False
nuscenes_mini,dc4c80e8a1534ff8a3eb80307341161c,car,0.8672199249267578,10.22,A,0.0949,0.0864,0.008499999999999994,False
nuscenes_mini,c36e8482feb041de9f081e76396cf4fe,car,0.9139785170555116,5.88,A,0.9429,0.1481,0.7948,True
nuscenes_mini,c36e8482feb041de9f081e76396cf4fe,car,0.8709677457809448,44.75,C,0.0,0.0,0.0,False
nuscenes_mini,c36e8482feb041de9f081e76396cf4fe,car,0.8202247023582458,26.8,B,0.0,0.0027,-0.0027,False
nuscenes_mini,c36e8482feb041de9f081e76396cf4fe,car,0.7730495929718018,27.07,B,0.0011,0.0027,-0.0016,False
nuscenes_mini,c36e8482feb041de9f081e76396cf4fe,bus,0.8987342119216919,47.63,C,0.0,0.0,0.0,False
nuscenes_mini,c36e8482feb041de9f081e76396cf4fe,car,0.7655677795410156,45.87,C,0.0,0.0,0.0,False
nuscenes_mini,c36e8482feb041de9f081e76396cf4fe,bus,0.827957034111023,45.93,C,0.0,0.0,0.0,False
nuscenes_mini,c36e8482feb041de9f081e76396cf4fe,car,0.7655677795410156,4.51,A,0.9484,0.1769,0.7715000000000001,True
nuscenes_mini,c36e8482feb041de9f081e76396cf4fe,car,0.5395683646202087,53.93,C,0.0,0.0,0.0,False
nuscenes_mini,c36e8482feb041de9f081e76396cf4fe,car,0.8439024686813354,23.29,B,0.0234,0.0156,0.007800000000000001,False
nuscenes_mini,c36e8482feb041de9f081e76396cf4fe,car,0.7697842121124268,20.96,B,0.1448,0.0156,0.1292,True
nuscenes_mini,c36e8482feb041de9f081e76396cf4fe,bus,0.9139785170555116,26.26,B,0.0417,0.0027,0.039,False
nuscenes_mini,c36e8482feb041de9f081e76396cf4fe,pedestrian,1.0,38.34,C,0.0,0.0,0.0,False
nuscenes_mini,c36e8482feb041de9f081e76396cf4fe,pedestrian,1.0,4.85,A,0.1875,0.1769,0.010599999999999998,False
nuscenes_mini,c36e8482feb041de9f081e76396cf4fe,pedestrian,1.0,5.43,A,0.3889,0.1481,0.24080000000000001,True
nuscenes_mini,c36e8482feb041de9f081e76396cf4fe,car,0.8947368264198303,5.05,A,0.1014,0.1481,-0.046700000000000005,False
nuscenes_mini,c36e8482feb041de9f081e76396cf4fe,car,0.8241757750511169,16.42,B,0.0256,0.039599999999999996,-0.013999999999999995,False
nuscenes_mini,c36e8482feb041de9f081e76396cf4fe,car,0.9024390578269958,5.46,A,0.0826,0.1481,-0.0655,False
nuscenes_mini,c36e8482feb041de9f081e76396cf4fe,pedestrian,1.0,17.87,B,0.0312,0.039599999999999996,-0.008399999999999998,False
nuscenes_mini,c9e812f2705b4b198f4675dfaa33812d,pedestrian,1.0,35.74,C,0.0,0.0,0.0,False
nuscenes_mini,c9e812f2705b4b198f4675dfaa33812d,car,0.7229437232017517,44.1,C,0.0,0.0,0.0,False
nuscenes_mini,c9e812f2705b4b198f4675dfaa33812d,car,0.8518518805503845,44.82,C,0.0,0.0,0.0,False
nuscenes_mini,c9e812f2705b4b198f4675dfaa33812d,car,0.8672199249267578,22.72,B,0.0,0.0156,-0.0156,False
nuscenes_mini,c9e812f2705b4b198f4675dfaa33812d,bus,0.9024390578269958,47.63,C,0.0,0.0,0.0,False
nuscenes_mini,c9e812f2705b4b198f4675dfaa33812d,car,0.9139785170555116,8.02,A,0.0495,0.1481,-0.09860000000000001,False
nuscenes_mini,c9e812f2705b4b198f4675dfaa33812d,bus,0.8709677457809448,40.89,C,0.0,0.0,0.0,False
nuscenes_mini,c9e812f2705b4b198f4675dfaa33812d,pedestrian,1.0,19.65,B,0.2333,0.039599999999999996,0.1937,True
nuscenes_mini,c9e812f2705b4b198f4675dfaa33812d,pedestrian,1.0,45.26,C,0.0,0.0,0.0,False
nuscenes_mini,c9e812f2705b4b198f4675dfaa33812d,car,0.518796980381012,39.88,C,0.0218,0.0,0.0218,False
nuscenes_mini,c9e812f2705b4b198f4675dfaa33812d,car,0.9298245906829834,9.17,A,0.5911,0.1481,0.44299999999999995,True
nuscenes_mini,c9e812f2705b4b198f4675dfaa33812d,car,0.8672199249267578,23.45,B,0.1201,0.0156,0.1045,True
nuscenes_mini,c9e812f2705b4b198f4675dfaa33812d,bus,0.9139785170555116,23.76,B,0.0503,0.0156,0.034699999999999995,False
nuscenes_mini,c9e812f2705b4b198f4675dfaa33812d,pedestrian,1.0,12.52,A,0.0556,0.0864,-0.030800000000000008,False
nuscenes_mini,c9e812f2705b4b198f4675dfaa33812d,pedestrian,1.0,10.18,A,0.0,0.0864,-0.0864,False
nuscenes_mini,c9e812f2705b4b198f4675dfaa33812d,pedestrian,1.0,8.56,A,0.125,0.1481,-0.02310000000000001,False
nuscenes_mini,c9e812f2705b4b198f4675dfaa33812d,pedestrian,1.0,7.55,A,0.1429,0.1481,-0.00520000000000001,False
nuscenes_mini,c9e812f2705b4b198f4675dfaa33812d,pedestrian,1.0,9.9,A,0.1406,0.1481,-0.007500000000000007,False
nuscenes_mini,c9e812f2705b4b198f4675dfaa33812d,pedestrian,1.0,11.58,A,0.037,0.0864,-0.049400000000000006,False
nuscenes_mini,c9e812f2705b4b198f4675dfaa33812d,car,0.7344398498535156,19.58,B,0.0012,0.039599999999999996,-0.0384,False
nuscenes_mini,c9e812f2705b4b198f4675dfaa33812d,car,0.8518518805503845,5.27,A,0.0814,0.1481,-0.06670000000000001,False
nuscenes_mini,c9e812f2705b4b198f4675dfaa33812d,car,0.9064327478408812,4.29,A,0.6381,0.1769,0.4612,True
nuscenes_mini,eff61ec3657c4d1c9327e3fe6ca639d3,car,0.8012422323226929,48.8,C,0.0,0.0,0.0,False
nuscenes_mini,eff61ec3657c4d1c9327e3fe6ca639d3,car,0.8476190567016602,47.79,C,0.0,0.0,0.0,False
nuscenes_mini,eff61ec3657c4d1c9327e3fe6ca639d3,car,0.859649121761322,17.9,B,0.0288,0.039599999999999996,-0.010799999999999997,False
nuscenes_mini,eff61ec3657c4d1c9327e3fe6ca639d3,bus,0.8947368264198303,51.22,C,0.0,0.0,0.0,False
nuscenes_mini,eff61ec3657c4d1c9327e3fe6ca639d3,car,0.7968254089355469,44.44,C,0.0,0.0,0.0,False
nuscenes_mini,eff61ec3657c4d1c9327e3fe6ca639d3,car,0.9179486632347108,14.9,A,0.0178,0.0864,-0.06860000000000001,False
nuscenes_mini,eff61ec3657c4d1c9327e3fe6ca639d3,bus,0.8518518805503845,44.21,C,0.0,0.0,0.0,False
nuscenes_mini,eff61ec3657c4d1c9327e3fe6ca639d3,pedestrian,1.0,45.69,C,0.0,0.0,0.0,False
nuscenes_mini,eff61ec3657c4d1c9327e3fe6ca639d3,pedestrian,1.0,19.65,B,0.125,0.039599999999999996,0.0854,True
nuscenes_mini,eff61ec3657c4d1c9327e3fe6ca639d3,car,0.9298245906829834,8.02,A,0.6697,0.1481,0.5216,True
nuscenes_mini,eff61ec3657c4d1c9327e3fe6ca639d3,car,0.7815700173377991,22.19,B,0.098,0.0156,0.0824,True
nuscenes_mini,eff61ec3657c4d1c9327e3fe6ca639d3,pedestrian,1.0,15.13,B,0.0159,0.039599999999999996,-0.023699999999999995,False
nuscenes_mini,eff61ec3657c4d1c9327e3fe6ca639d3,pedestrian,1.0,12.39,A,0.0556,0.0864,-0.030800000000000008,False
nuscenes_mini,eff61ec3657c4d1c9327e3fe6ca639d3,pedestrian,1.0,8.54,A,0.125,0.1481,-0.02310000000000001,False
nuscenes_mini,eff61ec3657c4d1c9327e3fe6ca639d3,pedestrian,1.0,7.66,A,0.1477,0.1481,-0.00040000000000001146,False
nuscenes_mini,eff61ec3657c4d1c9327e3fe6ca639d3,pedestrian,1.0,27.93,B,0.0,0.0027,-0.0027,False
nuscenes_mini,eff61ec3657c4d1c9327e3fe6ca639d3,pedestrian,1.0,24.64,B,0.0,0.0156,-0.0156,False
nuscenes_mini,eff61ec3657c4d1c9327e3fe6ca639d3,pedestrian,1.0,9.93,A,0.0926,0.1481,-0.05550000000000001,False
nuscenes_mini,eff61ec3657c4d1c9327e3fe6ca639d3,pedestrian,1.0,11.46,A,0.0156,0.0864,-0.0708,False
nuscenes_mini,eff61ec3657c4d1c9327e3fe6ca639d3,car,0.8787879347801208,5.64,A,0.0641,0.1481,-0.084,False
nuscenes_mini,eff61ec3657c4d1c9327e3fe6ca639d3,pedestrian,1.0,17.84,B,0.1852,0.039599999999999996,0.1456,True
nuscenes_mini,eff61ec3657c4d1c9327e3fe6ca639d3,car,0.921951174736023,7.78,A,0.2737,0.1481,0.1256,True
nuscenes_mini,0a3abc33048d46f9bd78151d1df4b004,pedestrian,1.0,19.57,B,0.2222,0.039599999999999996,0.1826,True
nuscenes_mini,0a3abc33048d46f9bd78151d1df4b004,car,0.8324607610702515,37.32,C,0.0,0.0,0.0,False
nuscenes_mini,0a3abc33048d46f9bd78151d1df4b004,car,0.859649121761322,45.58,C,0.0,0.0,0.0,False
nuscenes_mini,0a3abc33048d46f9bd78151d1df4b004,car,0.9179486632347108,13.46,A,0.0394,0.0864,-0.04700000000000001,False
nuscenes_mini,0a3abc33048d46f9bd78151d1df4b004,bus,0.8987342119216919,47.67,C,0.0,0.0,0.0,False
nuscenes_mini,0a3abc33048d46f9bd78151d1df4b004,car,0.8947368264198303,21.69,B,0.0205,0.0156,0.004900000000000002,False
nuscenes_mini,0a3abc33048d46f9bd78151d1df4b004,car,0.7344398498535156,48.14,C,0.0,0.0,0.0,False
nuscenes_mini,0a3abc33048d46f9bd78151d1df4b004,bus,0.8632478713989258,48.53,C,0.0,0.0,0.0,False
nuscenes_mini,0a3abc33048d46f9bd78151d1df4b004,pedestrian,1.0,23.24,B,0.0988,0.0156,0.0832,True
nuscenes_mini,0a3abc33048d46f9bd78151d1df4b004,car,0.8904109597206116,28.68,B,0.096,0.0027,0.09330000000000001,True
nuscenes_mini,0a3abc33048d46f9bd78151d1df4b004,car,0.5151515007019043,30.33,C,0.0048,0.0,0.0048,False
nuscenes_mini,0a3abc33048d46f9bd78151d1df4b004,bus,0.9101123809814452,23.84,B,0.0513,0.0156,0.035699999999999996,False
nuscenes_mini,0a3abc33048d46f9bd78151d1df4b004,pedestrian,1.0,8.58,A,0.1406,0.1481,-0.007500000000000007,False
nuscenes_mini,0a3abc33048d46f9bd78151d1df4b004,pedestrian,1.0,15.65,B,0.0,0.039599999999999996,-0.039599999999999996,False
nuscenes_mini,0a3abc33048d46f9bd78151d1df4b004,pedestrian,1.0,21.9,B,0.0,0.0156,-0.0156,False
nuscenes_mini,0a3abc33048d46f9bd78151d1df4b004,pedestrian,1.0,7.71,A,0.1667,0.1481,0.018599999999999978,False
nuscenes_mini,0a3abc33048d46f9bd78151d1df4b004,pedestrian,1.0,9.98,A,0.0833,0.1481,-0.06480000000000001,False
nuscenes_mini,0a3abc33048d46f9bd78151d1df4b004,pedestrian,1.0,9.88,A,0.1556,0.1481,0.007499999999999979,False
nuscenes_mini,0a3abc33048d46f9bd78151d1df4b004,pedestrian,1.0,11.51,A,0.0312,0.0864,-0.055200000000000006,False
nuscenes_mini,0a3abc33048d46f9bd78151d1df4b004,car,0.6908212304115295,12.5,A,0.0784,0.0864,-0.008000000000000007,False
nuscenes_mini,0a3abc33048d46f9bd78151d1df4b004,car,0.9179486632347108,5.2,A,0.0868,0.1481,-0.06130000000000001,False
nuscenes_mini,0a3abc33048d46f9bd78151d1df4b004,car,0.9452055096626282,8.13,A,0.2689,0.1481,0.12079999999999996,True
nuscenes_mini,2c77ee386aa0444aaf27140fe6cc8364,pedestrian,1.0,19.64,B,0.2321,0.039599999999999996,0.1925,True
nuscenes_mini,2c77ee386aa0444aaf27140fe6cc8364,car,0.9375000596046448,8.77,A,0.4944,0.1481,0.3463,True
nuscenes_mini,2c77ee386aa0444aaf27140fe6cc8364,car,0.8160918951034546,32.64,C,0.0,0.0,0.0,False
nuscenes_mini,2c77ee386aa0444aaf27140fe6cc8364,bus,0.9024390578269958,52.85,C,0.0,0.0,0.0,False
nuscenes_mini,2c77ee386aa0444aaf27140fe6cc8364,car,0.8750000596046448,27.26,B,0.0,0.0027,-0.0027,False
nuscenes_mini,2c77ee386aa0444aaf27140fe6cc8364,car,0.7387754917144775,48.08,C,0.0,0.0,0.0,False
nuscenes_mini,2c77ee386aa0444aaf27140fe6cc8364,bus,0.8518518805503845,50.28,C,0.0,0.0,0.0,False
nuscenes_mini,2c77ee386aa0444aaf27140fe6cc8364,car,0.8439024686813354,23.06,B,0.095,0.0156,0.0794,True
nuscenes_mini,2c77ee386aa0444aaf27140fe6cc8364,car,0.8827838897705078,31.07,C,0.0648,0.0,0.0648,True
nuscenes_mini,2c77ee386aa0444aaf27140fe6cc8364,bus,0.9024390578269958,23.52,B,0.0552,0.0156,0.039599999999999996,False
nuscenes_mini,2c77ee386aa0444aaf27140fe6cc8364,pedestrian,1.0,11.2,A,0.0833,0.0864,-0.0031000000000000055,False
nuscenes_mini,2c77ee386aa0444aaf27140fe6cc8364,pedestrian,1.0,8.59,A,0.0938,0.1481,-0.054300000000000015,False
nuscenes_mini,2c77ee386aa0444aaf27140fe6cc8364,pedestrian,1.0,11.84,A,0.1667,0.0864,0.08029999999999998,True
nuscenes_mini,2c77ee386aa0444aaf27140fe6cc8364,pedestrian,1.0,7.83,A,0.1818,0.1481,0.03369999999999998,False
nuscenes_mini,2c77ee386aa0444aaf27140fe6cc8364,pedestrian,1.0,9.84,A,0.1852,0.1481,0.037099999999999994,False
nuscenes_mini,2c77ee386aa0444aaf27140fe6cc8364,pedestrian,1.0,10.0,A,0.125,0.0864,0.038599999999999995,False
nuscenes_mini,2c77ee386aa0444aaf27140fe6cc8364,pedestrian,1.0,11.58,A,0.0247,0.0864,-0.061700000000000005,False
nuscenes_mini,2c77ee386aa0444aaf27140fe6cc8364,car,0.8083832263946533,15.99,B,0.0033,0.039599999999999996,-0.0363,False
nuscenes_mini,2c77ee386aa0444aaf27140fe6cc8364,car,0.8827838897705078,5.35,A,0.0724,0.1481,-0.0757,False
nuscenes_mini,2c77ee386aa0444aaf27140fe6cc8364,pedestrian,1.0,17.88,B,0.0833,0.039599999999999996,0.0437,False
nuscenes_mini,2c77ee386aa0444aaf27140fe6cc8364,car,0.949367105960846,9.66,A,0.3359,0.1481,0.18779999999999997,True
nuscenes_mini,4e169e93acb346d59de1af7f2b4882e1,pedestrian,1.0,19.63,B,0.25,0.039599999999999996,0.2104,True
nuscenes_mini,4e169e93acb346d59de1af7f2b4882e1,car,0.8202247023582458,46.12,C,0.0,0.0,0.0,False
nuscenes_mini,4e169e93acb346d59de1af7f2b4882e1,car,0.827957034111023,31.19,C,0.0,0.0,0.0,False
nuscenes_mini,4e169e93acb346d59de1af7f2b4882e1,bus,0.8787879347801208,51.59,C,0.0,0.0,0.0,False
nuscenes_mini,4e169e93acb346d59de1af7f2b4882e1,car,0.8552036285400391,34.9,C,0.0,0.0,0.0,False
nuscenes_mini,4e169e93acb346d59de1af7f2b4882e1,car,0.8324607610702515,48.48,C,0.0,0.0,0.0,False
nuscenes_mini,4e169e93acb346d59de1af7f2b4882e1,bus,0.8787879347801208,53.43,C,0.0,0.0,0.0,False
nuscenes_mini,4e169e93acb346d59de1af7f2b4882e1,pedestrian,1.0,19.64,B,0.175,0.039599999999999996,0.1354,True
nuscenes_mini,4e169e93acb346d59de1af7f2b4882e1,car,0.8048780560493469,22.76,B,0.1188,0.0156,0.1032,True
nuscenes_mini,4e169e93acb346d59de1af7f2b4882e1,car,0.8128654956817627,4.92,A,0.8883,0.1769,0.7114,True
nuscenes_mini,4e169e93acb346d59de1af7f2b4882e1,car,0.8632478713989258,34.17,C,0.0369,0.0,0.0369,False
nuscenes_mini,4e169e93acb346d59de1af7f2b4882e1,bus,0.9024390578269958,23.63,B,0.0386,0.0156,0.023000000000000003,False
nuscenes_mini,4e169e93acb346d59de1af7f2b4882e1,pedestrian,1.0,8.6,A,0.0312,0.1481,-0.1169,False
nuscenes_mini,4e169e93acb346d59de1af7f2b4882e1,pedestrian,1.0,11.5,A,0.1979,0.0864,0.11149999999999999,True
nuscenes_mini,4e169e93acb346d59de1af7f2b4882e1,pedestrian,1.0,8.03,A,0.1719,0.1481,0.023799999999999988,False
nuscenes_mini,4e169e93acb346d59de1af7f2b4882e1,pedestrian,1.0,11.32,A,0.0357,0.0864,-0.0507,False
nuscenes_mini,4e169e93acb346d59de1af7f2b4882e1,pedestrian,1.0,9.83,A,0.1778,0.1481,0.029700000000000004,False
nuscenes_mini,4e169e93acb346d59de1af7f2b4882e1,pedestrian,1.0,10.01,A,0.0833,0.0864,-0.0031000000000000055,False
nuscenes_mini,4e169e93acb346d59de1af7f2b4882e1,pedestrian,1.0,11.58,A,0.037,0.0864,-0.049400000000000006,False
nuscenes_mini,4e169e93acb346d59de1af7f2b4882e1,car,0.6683937907218933,19.19,B,0.0,0.039599999999999996,-0.039599999999999996,False
nuscenes_mini,4e169e93acb346d59de1af7f2b4882e1,car,0.8750000596046448,5.42,A,0.0725,0.1481,-0.07560000000000001,False
nuscenes_mini,4e169e93acb346d59de1af7f2b4882e1,pedestrian,1.0,17.89,B,0.2188,0.039599999999999996,0.1792,True
nuscenes_mini,4e169e93acb346d59de1af7f2b4882e1,car,0.941605806350708,12.17,A,0.3251,0.0864,0.2387,True
nuscenes_mini,b902d29df24c4efda414a9a88ed57031,pedestrian,1.0,19.61,B,0.1667,0.039599999999999996,0.1271,True
nuscenes_mini,b902d29df24c4efda414a9a88ed57031,car,0.8552036285400391,45.9,C,0.0,0.0,0.0,False
nuscenes_mini,b902d29df24c4efda414a9a88ed57031,car,0.8787879347801208,28.74,B,0.0,0.0027,-0.0027,False
nuscenes_mini,b902d29df24c4efda414a9a88ed57031,bus,0.9024390578269958,51.18,C,0.0,0.0,0.0,False
nuscenes_mini,b902d29df24c4efda414a9a88ed57031,car,0.8400000333786011,47.96,C,0.0,0.0,0.0,False
nuscenes_mini,b902d29df24c4efda414a9a88ed57031,car,0.859649121761322,39.32,C,0.0,0.0,0.0,False
nuscenes_mini,b902d29df24c4efda414a9a88ed57031,bus,0.8865247964859009,49.84,C,0.0,0.0,0.0,False
nuscenes_mini,b902d29df24c4efda414a9a88ed57031,pedestrian,1.0,19.58,B,0.1964,0.039599999999999996,0.1568,True
nuscenes_mini,b902d29df24c4efda414a9a88ed57031,car,0.8827838897705078,37.16,C,0.0738,0.0,0.0738,True
nuscenes_mini,b902d29df24c4efda414a9a88ed57031,bus,0.92592591047287,23.84,B,0.0455,0.0156,0.0299,False
nuscenes_mini,b902d29df24c4efda414a9a88ed57031,pedestrian,1.0,8.62,A,0.1806,0.1481,0.0325,False
nuscenes_mini,b902d29df24c4efda414a9a88ed57031,pedestrian,1.0,38.86,C,0.0,0.0,0.0,False
nuscenes_mini,b902d29df24c4efda414a9a88ed57031,pedestrian,1.0,11.23,A,0.1953,0.0864,0.1089,True
nuscenes_mini,b902d29df24c4efda414a9a88ed57031,pedestrian,1.0,8.09,A,0.25,0.1481,0.10189999999999999,True
nuscenes_mini,b902d29df24c4efda414a9a88ed57031,pedestrian,1.0,11.87,A,0.0781,0.0864,-0.008300000000000002,False
nuscenes_mini,b902d29df24c4efda414a9a88ed57031,pedestrian,1.0,10.05,A,0.0972,0.0864,0.01079999999999999,False
nuscenes_mini,b902d29df24c4efda414a9a88ed57031,pedestrian,1.0,11.65,A,0.0123,0.0864,-0.0741,False
nuscenes_mini,b902d29df24c4efda414a9a88ed57031,car,0.8947368264198303,5.21,A,0.0854,0.1481,-0.0627,False
nuscenes_mini,b902d29df24c4efda414a9a88ed57031,pedestrian,1.0,17.81,B,0.1429,0.039599999999999996,0.1033,True
nuscenes_mini,b902d29df24c4efda414a9a88ed57031,car,0.9452055096626282,15.12,B,0.0738,0.039599999999999996,0.03420000000000001,False
nuscenes_mini,b902d29df24c4efda414a9a88ed57031,car,0.921951174736023,4.99,A,0.5606,0.1769,0.3837,True
nuscenes_mini,3ff58ee0fc4748d9895300f02114aa56,pedestrian,1.0,19.43,B,0.2727,0.039599999999999996,0.2331,True
nuscenes_mini,3ff58ee0fc4748d9895300f02114aa56,car,0.8552036285400391,39.65,C,0.0,0.0,0.0,False
nuscenes_mini,3ff58ee0fc4748d9895300f02114aa56,car,0.7770034670829773,43.98,C,0.0,0.0,0.0,False
nuscenes_mini,3ff58ee0fc4748d9895300f02114aa56,car,0.9064327478408812,22.13,B,0.0,0.0156,-0.0156,False
nuscenes_mini,3ff58ee0fc4748d9895300f02114aa56,bus,0.8672199249267578,47.0,C,0.0,0.0,0.0,False
nuscenes_mini,3ff58ee0fc4748d9895300f02114aa56,car,0.8128654956817627,49.45,C,0.0,0.0,0.0,False
nuscenes_mini,3ff58ee0fc4748d9895300f02114aa56,car,0.8632478713989258,48.13,C,0.0,0.0,0.0,False
nuscenes_mini,3ff58ee0fc4748d9895300f02114aa56,bus,0.8827838897705078,50.46,C,0.0,0.0,0.0,False
nuscenes_mini,3ff58ee0fc4748d9895300f02114aa56,pedestrian,1.0,19.52,B,0.1875,0.039599999999999996,0.1479,True
nuscenes_mini,3ff58ee0fc4748d9895300f02114aa56,pedestrian,1.0,37.17,C,0.0,0.0,0.0,False
nuscenes_mini,3ff58ee0fc4748d9895300f02114aa56,pedestrian,1.0,56.04,C,0.0,0.0,0.0,False
nuscenes_mini,3ff58ee0fc4748d9895300f02114aa56,car,0.8439024686813354,22.95,B,0.1139,0.0156,0.0983,True
nuscenes_mini,3ff58ee0fc4748d9895300f02114aa56,car,0.8865247964859009,40.02,C,0.0473,0.0,0.0473,False
nuscenes_mini,3ff58ee0fc4748d9895300f02114aa56,car,0.6717948913574219,30.06,C,0.0068,0.0,0.0068,False
nuscenes_mini,3ff58ee0fc4748d9895300f02114aa56,bus,0.9336099624633788,25.33,B,0.0461,0.0027,0.0434,False
nuscenes_mini,3ff58ee0fc4748d9895300f02114aa56,pedestrian,1.0,8.62,A,0.1875,0.1481,0.03939999999999999,False
nuscenes_mini,3ff58ee0fc4748d9895300f02114aa56,pedestrian,1.0,10.93,A,0.1417,0.0864,0.05529999999999999,True
nuscenes_mini,3ff58ee0fc4748d9895300f02114aa56,pedestrian,1.0,8.15,A,0.2344,0.1481,0.08629999999999999,True
nuscenes_mini,3ff58ee0fc4748d9895300f02114aa56,pedestrian,1.0,25.73,B,0.0,0.0027,-0.0027,False
nuscenes_mini,3ff58ee0fc4748d9895300f02114aa56,pedestrian,1.0,10.06,A,0.1111,0.0864,0.0247,False
nuscenes_mini,3ff58ee0fc4748d9895300f02114aa56,pedestrian,1.0,11.56,A,0.0625,0.0864,-0.023900000000000005,False
nuscenes_mini,3ff58ee0fc4748d9895300f02114aa56,car,0.9064327478408812,5.39,A,0.0702,0.1481,-0.07790000000000001,False
nuscenes_mini,3ff58ee0fc4748d9895300f02114aa56,pedestrian,1.0,17.73,B,0.275,0.039599999999999996,0.23540000000000003,True
nuscenes_mini,3ff58ee0fc4748d9895300f02114aa56,car,0.9064327478408812,8.94,A,0.3244,0.1481,0.1763,True
nuscenes_mini,7147d8d1b51b428fb408f34799325111,pedestrian,1.0,19.48,B,0.2143,0.039599999999999996,0.1747,True
nuscenes_mini,7147d8d1b51b428fb408f34799325111,car,0.8709677457809448,35.33,C,0.0,0.0,0.0,False
nuscenes_mini,7147d8d1b51b428fb408f34799325111,car,0.8012422323226929,43.1,C,0.0,0.0,0.0,False
nuscenes_mini,7147d8d1b51b428fb408f34799325111,car,0.9179486632347108,18.91,B,0.0476,0.039599999999999996,0.008000000000000007,False
nuscenes_mini,7147d8d1b51b428fb408f34799325111,bus,0.8865247964859009,49.38,C,0.0,0.0,0.0,False
nuscenes_mini,7147d8d1b51b428fb408f34799325111,car,0.8012422323226929,47.56,C,0.0,0.0,0.0,False
nuscenes_mini,7147d8d1b51b428fb408f34799325111,bus,0.8518518805503845,49.44,C,0.0,0.0,0.0,False
nuscenes_mini,7147d8d1b51b428fb408f34799325111,pedestrian,1.0,19.63,B,0.1905,0.039599999999999996,0.1509,True
nuscenes_mini,7147d8d1b51b428fb408f34799325111,car,0.827957034111023,22.78,B,0.0972,0.0156,0.08159999999999999,True
nuscenes_mini,7147d8d1b51b428fb408f34799325111,car,0.8865247964859009,43.28,C,0.0168,0.0,0.0168,False
nuscenes_mini,7147d8d1b51b428fb408f34799325111,motorcycle,0.5460992455482483,22.68,B,0.0387,0.0156,0.0231,False
nuscenes_mini,7147d8d1b51b428fb408f34799325111,bus,0.9179486632347108,25.5,B,0.0641,0.0027,0.0614,True
nuscenes_mini,7147d8d1b51b428fb408f34799325111,pedestrian,1.0,25.81,B,0.0,0.0027,-0.0027,False
nuscenes_mini,7147d8d1b51b428fb408f34799325111,pedestrian,1.0,8.66,A,0.1728,0.1481,0.0247,False
nuscenes_mini,7147d8d1b51b428fb408f34799325111,pedestrian,1.0,10.64,A,0.1827,0.0864,0.0963,True
nuscenes_mini,7147d8d1b51b428fb408f34799325111,pedestrian,1.0,8.31,A,0.1778,0.1481,0.029700000000000004,False
nuscenes_mini,7147d8d1b51b428fb408f34799325111,pedestrian,1.0,38.95,C,0.0,0.0,0.0,False
nuscenes_mini,7147d8d1b51b428fb408f34799325111,pedestrian,1.0,10.06,A,0.0926,0.0864,0.006199999999999997,False
nuscenes_mini,7147d8d1b51b428fb408f34799325111,pedestrian,1.0,11.66,A,0.0,0.0864,-0.0864,False
nuscenes_mini,7147d8d1b51b428fb408f34799325111,car,0.9139785170555116,5.93,A,0.0598,0.1481,-0.08830000000000002,False
nuscenes_mini,7147d8d1b51b428fb408f34799325111,pedestrian,1.0,17.84,B,0.3056,0.039599999999999996,0.266,True
nuscenes_mini,7147d8d1b51b428fb408f34799325111,car,0.8709677457809448,12.49,A,0.0991,0.0864,0.012699999999999989,False
nuscenes_mini,050b2d9c4bb647b7ab4ee94bdb538e1d,pedestrian,1.0,35.51,C,0.0,0.0,0.0,False
nuscenes_mini,050b2d9c4bb647b7ab4ee94bdb538e1d,car,0.949367105960846,14.48,A,0.2129,0.0864,0.1265,True
nuscenes_mini,050b2d9c4bb647b7ab4ee94bdb538e1d,car,0.7460317611694336,48.43,C,0.0,0.0,0.0,False
nuscenes_mini,050b2d9c4bb647b7ab4ee94bdb538e1d,car,0.8083832263946533,33.27,C,0.0,0.0,0.0,False
nuscenes_mini,050b2d9c4bb647b7ab4ee94bdb538e1d,bus,0.8709677457809448,56.15,C,0.0,0.0,0.0,False
nuscenes_mini,050b2d9c4bb647b7ab4ee94bdb538e1d,car,0.7655677795410156,47.01,C,0.0,0.0,0.0,False
nuscenes_mini,050b2d9c4bb647b7ab4ee94bdb538e1d,car,0.7142857313156128,49.15,C,0.0,0.0,0.0,False
nuscenes_mini,050b2d9c4bb647b7ab4ee94bdb538e1d,bus,0.827957034111023,50.13,C,0.0,0.0,0.0,False
nuscenes_mini,050b2d9c4bb647b7ab4ee94bdb538e1d,pedestrian,1.0,20.76,B,0.1528,0.0156,0.1372,True
nuscenes_mini,050b2d9c4bb647b7ab4ee94bdb538e1d,pedestrian,1.0,19.34,B,0.1299,0.039599999999999996,0.09029999999999999,True
nuscenes_mini,050b2d9c4bb647b7ab4ee94bdb538e1d,pedestrian,1.0,20.78,B,0.2812,0.0156,0.2656,True
nuscenes_mini,050b2d9c4bb647b7ab4ee94bdb538e1d,car,0.8324607610702515,22.6,B,0.112,0.0156,0.0964,True
nuscenes_mini,050b2d9c4bb647b7ab4ee94bdb538e1d,car,0.8709677457809448,44.56,C,0.0071,0.0,0.0071,False
nuscenes_mini,050b2d9c4bb647b7ab4ee94bdb538e1d,bus,0.9298245906829834,25.99,B,0.0599,0.0027,0.0572,True
nuscenes_mini,050b2d9c4bb647b7ab4ee94bdb538e1d,pedestrian,1.0,25.9,B,0.0,0.0027,-0.0027,False
nuscenes_mini,050b2d9c4bb647b7ab4ee94bdb538e1d,pedestrian,1.0,8.59,A,0.1481,0.1481,0.0,False
nuscenes_mini,050b2d9c4bb647b7ab4ee94bdb538e1d,pedestrian,1.0,4.45,A,0.2,0.1769,0.02310000000000001,False
nuscenes_mini,050b2d9c4bb647b7ab4ee94bdb538e1d,pedestrian,1.0,8.21,A,0.125,0.1481,-0.02310000000000001,False
nuscenes_mini,050b2d9c4bb647b7ab4ee94bdb538e1d,pedestrian,1.0,10.07,A,0.0889,0.0864,0.0025000000000000022,False
nuscenes_mini,050b2d9c4bb647b7ab4ee94bdb538e1d,pedestrian,1.0,11.61,A,0.0222,0.0864,-0.06420000000000001,False
nuscenes_mini,050b2d9c4bb647b7ab4ee94bdb538e1d,car,0.6995305418968201,17.89,B,0.0054,0.039599999999999996,-0.034199999999999994,False
nuscenes_mini,050b2d9c4bb647b7ab4ee94bdb538e1d,car,0.8632478713989258,5.32,A,0.0835,0.1481,-0.0646,False
nuscenes_mini,050b2d9c4bb647b7ab4ee94bdb538e1d,pedestrian,1.0,17.76,B,0.3125,0.039599999999999996,0.27290000000000003,True
nuscenes_mini,2690c36281244c06b709e9f4eeb1317a,pedestrian,1.0,24.52,B,0.1,0.0156,0.0844,True
nuscenes_mini,2690c36281244c06b709e9f4eeb1317a,car,0.921951174736023,10.56,A,0.4424,0.0864,0.356,True
nuscenes_mini,2690c36281244c06b709e9f4eeb1317a,car,0.8241757750511169,33.62,C,0.0,0.0,0.0,False
nuscenes_mini,2690c36281244c06b709e9f4eeb1317a,bus,0.8987342119216919,48.21,C,0.0,0.0,0.0,False
nuscenes_mini,2690c36281244c06b709e9f4eeb1317a,car,0.7730495929718018,48.19,C,0.0,0.0,0.0,False
nuscenes_mini,2690c36281244c06b709e9f4eeb1317a,bus,0.8672199249267578,49.7,C,0.0,0.0,0.0,False
nuscenes_mini,2690c36281244c06b709e9f4eeb1317a,pedestrian,1.0,60.21,C,0.0,0.0,0.0,False
nuscenes_mini,2690c36281244c06b709e9f4eeb1317a,pedestrian,1.0,20.68,B,0.0938,0.0156,0.07819999999999999,True
nuscenes_mini,2690c36281244c06b709e9f4eeb1317a,pedestrian,1.0,19.3,B,0.0476,0.039599999999999996,0.008000000000000007,False
nuscenes_mini,2690c36281244c06b709e9f4eeb1317a,car,0.8012422323226929,22.37,B,0.0905,0.0156,0.0749,True
nuscenes_mini,2690c36281244c06b709e9f4eeb1317a,car,0.9064327478408812,10.41,A,0.4529,0.0864,0.36650000000000005,True
nuscenes_mini,2690c36281244c06b709e9f4eeb1317a,car,0.8827838897705078,47.15,C,0.0166,0.0,0.0166,False
nuscenes_mini,2690c36281244c06b709e9f4eeb1317a,bus,0.9298245906829834,23.34,B,0.0449,0.0156,0.029300000000000003,False
nuscenes_mini,2690c36281244c06b709e9f4eeb1317a,pedestrian,1.0,8.64,A,0.1429,0.1481,-0.00520000000000001,False
nuscenes_mini,2690c36281244c06b709e9f4eeb1317a,pedestrian,1.0,9.85,A,0.1111,0.1481,-0.037000000000000005,False
nuscenes_mini,2690c36281244c06b709e9f4eeb1317a,pedestrian,1.0,8.13,A,0.2188,0.1481,0.07069999999999999,True
nuscenes_mini,2690c36281244c06b709e9f4eeb1317a,pedestrian,1.0,10.09,A,0.125,0.0864,0.038599999999999995,False
nuscenes_mini,2690c36281244c06b709e9f4eeb1317a,pedestrian,1.0,11.43,A,0.0208,0.0864,-0.0656,False
nuscenes_mini,2690c36281244c06b709e9f4eeb1317a,car,0.5897435545921326,22.3,B,0.0493,0.0156,0.033699999999999994,False
nuscenes_mini,2690c36281244c06b709e9f4eeb1317a,car,0.8947368264198303,5.32,A,0.0718,0.1481,-0.0763,False
nuscenes_mini,2690c36281244c06b709e9f4eeb1317a,pedestrian,1.0,17.82,B,0.25,0.039599999999999996,0.2104,True
nuscenes_mini,99f903d3f74a4f76a05a4f1e10e49329,pedestrian,1.0,32.72,C,0.0625,0.0,0.0625,True
nuscenes_mini,99f903d3f74a4f76a05a4f1e10e49329,car,0.7730495929718018,46.37,C,0.0,0.0,0.0,False
nuscenes_mini,99f903d3f74a4f76a05a4f1e10e49329,car,0.8400000333786011,29.52,B,0.0,0.0027,-0.0027,False
nuscenes_mini,99f903d3f74a4f76a05a4f1e10e49329,bus,0.8827838897705078,54.21,C,0.0,0.0,0.0,False
nuscenes_mini,99f903d3f74a4f76a05a4f1e10e49329,car,0.7460317611694336,47.01,C,0.0,0.0,0.0,False
nuscenes_mini,99f903d3f74a4f76a05a4f1e10e49329,bus,0.8358974456787109,49.1,C,0.0,0.0,0.0,False
nuscenes_mini,99f903d3f74a4f76a05a4f1e10e49329,pedestrian,1.0,20.52,B,0.1875,0.0156,0.1719,True
nuscenes_mini,99f903d3f74a4f76a05a4f1e10e49329,pedestrian,1.0,19.24,B,0.1111,0.039599999999999996,0.07150000000000001,True
nuscenes_mini,99f903d3f74a4f76a05a4f1e10e49329,pedestrian,1.0,49.54,C,0.0,0.0,0.0,False
nuscenes_mini,99f903d3f74a4f76a05a4f1e10e49329,pedestrian,1.0,55.54,C,0.0,0.0,0.0,False
nuscenes_mini,99f903d3f74a4f76a05a4f1e10e49329,car,0.8400000333786011,23.36,B,0.0911,0.0156,0.0755,True
nuscenes_mini,99f903d3f74a4f76a05a4f1e10e49329,car,0.8632478713989258,48.39,C,0.0486,0.0,0.0486,False
nuscenes_mini,99f903d3f74a4f76a05a4f1e10e49329,car,0.92592591047287,7.58,A,0.8063,0.1481,0.6582,True
nuscenes_mini,99f903d3f74a4f76a05a4f1e10e49329,bus,0.92592591047287,23.26,B,0.0441,0.0156,0.0285,False
nuscenes_mini,99f903d3f74a4f76a05a4f1e10e49329,pedestrian,1.0,8.64,A,0.125,0.1481,-0.02310000000000001,False
nuscenes_mini,99f903d3f74a4f76a05a4f1e10e49329,pedestrian,1.0,9.93,A,0.1296,0.1481,-0.018500000000000016,False
nuscenes_mini,99f903d3f74a4f76a05a4f1e10e49329,pedestrian,1.0,38.9,C,0.0,0.0,0.0,False
nuscenes_mini,99f903d3f74a4f76a05a4f1e10e49329,pedestrian,1.0,8.13,A,0.1875,0.1481,0.03939999999999999,False
nuscenes_mini,99f903d3f74a4f76a05a4f1e10e49329,pedestrian,1.0,10.15,A,0.1042,0.0864,0.017799999999999996,False
nuscenes_mini,99f903d3f74a4f76a05a4f1e10e49329,pedestrian,1.0,11.3,A,0.0625,0.0864,-0.023900000000000005,False
nuscenes_mini,99f903d3f74a4f76a05a4f1e10e49329,car,0.7697842121124268,33.65,C,0.0028,0.0,0.0028,False
nuscenes_mini,99f903d3f74a4f76a05a4f1e10e49329,car,0.9298245906829834,5.78,A,0.0579,0.1481,-0.0902,False
nuscenes_mini,99f903d3f74a4f76a05a4f1e10e49329,pedestrian,1.0,17.76,B,0.375,0.039599999999999996,0.33540000000000003,True
nuscenes_mini,25a4a6aa9096458285cba35c950f2717,pedestrian,1.0,33.86,C,0.0,0.0,0.0,False
nuscenes_mini,25a4a6aa9096458285cba35c950f2717,car,0.8202247023582458,44.29,C,0.0,0.0,0.0,False
nuscenes_mini,25a4a6aa9096458285cba35c950f2717,car,0.8476190567016602,48.28,C,0.0,0.0,0.0,False
nuscenes_mini,25a4a6aa9096458285cba35c950f2717,bus,0.8787879347801208,55.74,C,0.0,0.0,0.0,False
nuscenes_mini,25a4a6aa9096458285cba35c950f2717,bus,0.8358974456787109,50.11,C,0.0,0.0,0.0,False
nuscenes_mini,25a4a6aa9096458285cba35c950f2717,pedestrian,1.0,19.8,B,0.4,0.039599999999999996,0.36040000000000005,True
nuscenes_mini,25a4a6aa9096458285cba35c950f2717,car,0.7887788414955139,22.9,B,0.0873,0.0156,0.0717,True
nuscenes_mini,25a4a6aa9096458285cba35c950f2717,car,0.8476190567016602,50.4,C,0.0,0.0,0.0,False
nuscenes_mini,25a4a6aa9096458285cba35c950f2717,bus,0.9179486632347108,23.57,B,0.0483,0.0156,0.03270000000000001,False
nuscenes_mini,25a4a6aa9096458285cba35c950f2717,pedestrian,1.0,8.68,A,0.1,0.1481,-0.048100000000000004,False
nuscenes_mini,25a4a6aa9096458285cba35c950f2717,pedestrian,1.0,10.32,A,0.0893,0.0864,0.0029,False
nuscenes_mini,25a4a6aa9096458285cba35c950f2717,pedestrian,1.0,8.23,A,0.1786,0.1481,0.0305,False
nuscenes_mini,25a4a6aa9096458285cba35c950f2717,pedestrian,1.0,10.17,A,0.075,0.0864,-0.011400000000000007,False
nuscenes_mini,25a4a6aa9096458285cba35c950f2717,pedestrian,1.0,11.21,A,0.0312,0.0864,-0.055200000000000006,False
nuscenes_mini,25a4a6aa9096458285cba35c950f2717,car,0.6640419960021973,38.55,C,0.0,0.0,0.0,False
nuscenes_mini,25a4a6aa9096458285cba35c950f2717,car,0.9336099624633788,5.3,A,0.0951,0.1481,-0.053000000000000005,False
nuscenes_mini,25a4a6aa9096458285cba35c950f2717,car,0.9336099624633788,7.51,A,0.3278,0.1481,0.17969999999999997,True
nuscenes_mini,c631b61375a642b6b110f5bd5543ef7a,pedestrian,1.0,20.4,B,0.0556,0.0156,0.039999999999999994,False
nuscenes_mini,c631b61375a642b6b110f5bd5543ef7a,car,0.8083832263946533,46.6,C,0.0,0.0,0.0,False
nuscenes_mini,c631b61375a642b6b110f5bd5543ef7a,car,0.8632478713989258,21.75,B,0.0226,0.0156,0.006999999999999999,False
nuscenes_mini,c631b61375a642b6b110f5bd5543ef7a,bus,0.9024390578269958,55.79,C,0.0,0.0,0.0,False
nuscenes_mini,c631b61375a642b6b110f5bd5543ef7a,car,0.8358974456787109,45.52,C,0.0,0.0,0.0,False
nuscenes_mini,c631b61375a642b6b110f5bd5543ef7a,bus,0.859649121761322,49.08,C,0.0,0.0,0.0,False
nuscenes_mini,c631b61375a642b6b110f5bd5543ef7a,pedestrian,1.0,20.77,B,0.7,0.0156,0.6844,True
nuscenes_mini,c631b61375a642b6b110f5bd5543ef7a,car,0.8324607610702515,22.89,B,0.1236,0.0156,0.108,True
nuscenes_mini,c631b61375a642b6b110f5bd5543ef7a,car,0.8632478713989258,52.85,C,0.016,0.0,0.016,False
nuscenes_mini,c631b61375a642b6b110f5bd5543ef7a,bus,0.9179486632347108,25.64,B,0.0497,0.0027,0.047,False
nuscenes_mini,c631b61375a642b6b110f5bd5543ef7a,pedestrian,1.0,8.76,A,0.125,0.1481,-0.02310000000000001,False
nuscenes_mini,c631b61375a642b6b110f5bd5543ef7a,pedestrian,1.0,10.13,A,0.1607,0.0864,0.0743,True
nuscenes_mini,c631b61375a642b6b110f5bd5543ef7a,pedestrian,1.0,8.28,A,0.175,0.1481,0.02689999999999998,False
nuscenes_mini,c631b61375a642b6b110f5bd5543ef7a,pedestrian,1.0,10.26,A,0.0952,0.0864,0.008800000000000002,False
nuscenes_mini,c631b61375a642b6b110f5bd5543ef7a,pedestrian,1.0,11.29,A,0.0536,0.0864,-0.0328,False
nuscenes_mini,c631b61375a642b6b110f5bd5543ef7a,car,0.6559139490127563,59.4,C,0.0,0.0,0.0,False
nuscenes_mini,c631b61375a642b6b110f5bd5543ef7a,car,0.9064327478408812,5.3,A,0.1192,0.1481,-0.02890000000000001,False
nuscenes_mini,c631b61375a642b6b110f5bd5543ef7a,pedestrian,1.0,17.76,B,0.3016,0.039599999999999996,0.262,True
nuscenes_mini,c631b61375a642b6b110f5bd5543ef7a,car,0.9139785170555116,10.33,A,0.4328,0.0864,0.34640000000000004,True
nuscenes_mini,614c6962e44240b1b0ebb3eb351fe0eb,pedestrian,1.0,20.49,B,0.0889,0.0156,0.0733,True
nuscenes_mini,614c6962e44240b1b0ebb3eb351fe0eb,car,0.9101123809814452,18.48,B,0.0588,0.039599999999999996,0.019200000000000002,False
nuscenes_mini,614c6962e44240b1b0ebb3eb351fe0eb,bus,0.8552036285400391,55.0,C,0.0,0.0,0.0,False
nuscenes_mini,614c6962e44240b1b0ebb3eb351fe0eb,car,0.8400000333786011,50.3,C,0.0,0.0,0.0,False
nuscenes_mini,614c6962e44240b1b0ebb3eb351fe0eb,bus,0.7928802371025085,55.81,C,0.0,0.0,0.0,False
nuscenes_mini,614c6962e44240b1b0ebb3eb351fe0eb,pedestrian,1.0,22.04,B,0.119,0.0156,0.10339999999999999,True
nuscenes_mini,614c6962e44240b1b0ebb3eb351fe0eb,car,0.827957034111023,22.8,B,0.1255,0.0156,0.1099,True
nuscenes_mini,614c6962e44240b1b0ebb3eb351fe0eb,bus,0.9179486632347108,26.07,B,0.047,0.0027,0.0443,False
nuscenes_mini,614c6962e44240b1b0ebb3eb351fe0eb,pedestrian,1.0,8.75,A,0.1556,0.1481,0.007499999999999979,False
nuscenes_mini,614c6962e44240b1b0ebb3eb351fe0eb,pedestrian,1.0,26.27,B,0.0,0.0027,-0.0027,False
nuscenes_mini,614c6962e44240b1b0ebb3eb351fe0eb,pedestrian,1.0,8.39,A,0.2222,0.1481,0.0741,True
nuscenes_mini,614c6962e44240b1b0ebb3eb351fe0eb,pedestrian,1.0,10.3,A,0.0741,0.0864,-0.012300000000000005,False
nuscenes_mini,614c6962e44240b1b0ebb3eb351fe0eb,pedestrian,1.0,11.34,A,0.075,0.0864,-0.011400000000000007,False
nuscenes_mini,614c6962e44240b1b0ebb3eb351fe0eb,car,0.9101123809814452,5.4,A,0.0963,0.1481,-0.05180000000000001,False
nuscenes_mini,614c6962e44240b1b0ebb3eb351fe0eb,pedestrian,1.0,17.77,B,0.3333,0.039599999999999996,0.29369999999999996,True
nuscenes_mini,614c6962e44240b1b0ebb3eb351fe0eb,car,0.9375000596046448,14.6,A,0.1081,0.0864,0.021699999999999997,False
nuscenes_mini,ace4b20b94cf47d0b68addac79fe68de,pedestrian,1.0,20.49,B,0.0741,0.0156,0.058499999999999996,True
nuscenes_mini,ace4b20b94cf47d0b68addac79fe68de,car,0.9532163739204408,16.64,B,0.1236,0.039599999999999996,0.084,True
nuscenes_mini,ace4b20b94cf47d0b68addac79fe68de,bus,0.8048780560493469,54.9,C,0.0,0.0,0.0,False
nuscenes_mini,ace4b20b94cf47d0b68addac79fe68de,car,0.8552036285400391,49.26,C,0.0,0.0,0.0,False
nuscenes_mini,ace4b20b94cf47d0b68addac79fe68de,bus,0.8827838897705078,54.55,C,0.0,0.0,0.0,False
nuscenes_mini,ace4b20b94cf47d0b68addac79fe68de,pedestrian,1.0,23.68,B,0.0714,0.0156,0.0558,True
nuscenes_mini,ace4b20b94cf47d0b68addac79fe68de,car,0.8358974456787109,22.68,B,0.118,0.0156,0.10239999999999999,True
nuscenes_mini,ace4b20b94cf47d0b68addac79fe68de,car,0.7968254089355469,56.36,C,0.0,0.0,0.0,False
nuscenes_mini,ace4b20b94cf47d0b68addac79fe68de,bus,0.9139785170555116,25.59,B,0.0519,0.0027,0.0492,False
nuscenes_mini,ace4b20b94cf47d0b68addac79fe68de,pedestrian,1.0,8.81,A,0.175,0.1481,0.02689999999999998,False
nuscenes_mini,ace4b20b94cf47d0b68addac79fe68de,pedestrian,1.0,8.37,A,0.2321,0.1481,0.08399999999999999,True
nuscenes_mini,ace4b20b94cf47d0b68addac79fe68de,pedestrian,1.0,26.0,B,0.0536,0.0027,0.0509,True
nuscenes_mini,ace4b20b94cf47d0b68addac79fe68de,pedestrian,1.0,10.32,A,0.0833,0.0864,-0.0031000000000000055,False
nuscenes_mini,ace4b20b94cf47d0b68addac79fe68de,pedestrian,1.0,11.34,A,0.1296,0.0864,0.04319999999999999,False
nuscenes_mini,ace4b20b94cf47d0b68addac79fe68de,car,0.9179486632347108,5.33,A,0.0873,0.1481,-0.06080000000000001,False
nuscenes_mini,ace4b20b94cf47d0b68addac79fe68de,pedestrian,1.0,17.75,B,0.3333,0.039599999999999996,0.29369999999999996,True
nuscenes_mini,ace4b20b94cf47d0b68addac79fe68de,pedestrian,1.0,23.98,B,0.0,0.0156,-0.0156,False
nuscenes_mini,ace4b20b94cf47d0b68addac79fe68de,car,0.8358974456787109,18.93,B,0.0398,0.039599999999999996,0.00020000000000000573,False
nuscenes_mini,134ae8a8f5c340f9894a414fc0966af4,car,0.9569892287254332,15.66,B,0.1538,0.039599999999999996,0.1142,True
nuscenes_mini,134ae8a8f5c340f9894a414fc0966af4,bus,0.827957034111023,60.59,C,0.0,0.0,0.0,False
nuscenes_mini,134ae8a8f5c340f9894a414fc0966af4,car,0.8787879347801208,50.77,C,0.0,0.0,0.0,False
nuscenes_mini,134ae8a8f5c340f9894a414fc0966af4,bus,0.8476190567016602,53.88,C,0.0,0.0,0.0,False
nuscenes_mini,134ae8a8f5c340f9894a414fc0966af4,car,0.8324607610702515,22.63,B,0.1273,0.0156,0.1117,True
nuscenes_mini,134ae8a8f5c340f9894a414fc0966af4,bus,0.921951174736023,23.69,B,0.0385,0.0156,0.0229,False
nuscenes_mini,134ae8a8f5c340f9894a414fc0966af4,pedestrian,1.0,8.83,A,0.1607,0.1481,0.0126,False
nuscenes_mini,134ae8a8f5c340f9894a414fc0966af4,pedestrian,1.0,8.42,A,0.1875,0.1481,0.03939999999999999,False
nuscenes_mini,134ae8a8f5c340f9894a414fc0966af4,pedestrian,1.0,4.06,A,0.45,0.1769,0.2731,True
nuscenes_mini,134ae8a8f5c340f9894a414fc0966af4,pedestrian,1.0,10.3,A,0.0741,0.0864,-0.012300000000000005,False
nuscenes_mini,134ae8a8f5c340f9894a414fc0966af4,pedestrian,1.0,11.41,A,0.075,0.0864,-0.011400000000000007,False
nuscenes_mini,134ae8a8f5c340f9894a414fc0966af4,car,0.7928802371025085,44.7,C,0.0001,0.0,0.0001,False
nuscenes_mini,134ae8a8f5c340f9894a414fc0966af4,car,0.9139785170555116,5.17,A,0.1341,0.1481,-0.014000000000000012,False
nuscenes_mini,134ae8a8f5c340f9894a414fc0966af4,pedestrian,1.0,17.76,B,0.4,0.039599999999999996,0.36040000000000005,True
nuscenes_mini,41550a1f0b0548e5823b14d95e807c7d,pedestrian,1.0,20.47,B,0.0521,0.0156,0.036500000000000005,False
nuscenes_mini,41550a1f0b0548e5823b14d95e807c7d,car,0.9336099624633788,15.47,B,0.1276,0.039599999999999996,0.088,True
nuscenes_mini,41550a1f0b0548e5823b14d95e807c7d,bus,0.9024390578269958,54.61,C,0.0,0.0,0.0,False
nuscenes_mini,41550a1f0b0548e5823b14d95e807c7d,car,0.8048780560493469,48.97,C,0.0,0.0,0.0,False
nuscenes_mini,41550a1f0b0548e5823b14d95e807c7d,bus,0.8827838897705078,50.81,C,0.0,0.0,0.0,False
nuscenes_mini,41550a1f0b0548e5823b14d95e807c7d,car,0.8048780560493469,22.37,B,0.13,0.0156,0.1144,True
nuscenes_mini,41550a1f0b0548e5823b14d95e807c7d,car,0.921951174736023,15.47,B,0.1613,0.039599999999999996,0.1217,True
nuscenes_mini,41550a1f0b0548e5823b14d95e807c7d,bus,0.9298245906829834,23.74,B,0.0452,0.0156,0.029599999999999998,False
nuscenes_mini,41550a1f0b0548e5823b14d95e807c7d,pedestrian,1.0,26.14,B,0.0179,0.0027,0.015199999999999998,False
nuscenes_mini,41550a1f0b0548e5823b14d95e807c7d,pedestrian,1.0,8.92,A,0.175,0.1481,0.02689999999999998,False
nuscenes_mini,41550a1f0b0548e5823b14d95e807c7d,pedestrian,1.0,8.53,A,0.0808,0.1481,-0.06730000000000001,False
nuscenes_mini,41550a1f0b0548e5823b14d95e807c7d,pedestrian,1.0,8.44,A,0.1964,0.1481,0.04829999999999998,False
nuscenes_mini,41550a1f0b0548e5823b14d95e807c7d,pedestrian,1.0,10.38,A,0.0952,0.0864,0.008800000000000002,False
nuscenes_mini,41550a1f0b0548e5823b14d95e807c7d,pedestrian,1.0,11.49,A,0.0208,0.0864,-0.0656,False
nuscenes_mini,41550a1f0b0548e5823b14d95e807c7d,car,0.6332378387451172,26.95,B,0.0115,0.0027,0.008799999999999999,False
nuscenes_mini,41550a1f0b0548e5823b14d95e807c7d,car,0.827957034111023,5.26,A,0.1455,0.1481,-0.002600000000000019,False
nuscenes_mini,41550a1f0b0548e5823b14d95e807c7d,pedestrian,1.0,17.74,B,0.125,0.039599999999999996,0.0854,True
nuscenes_mini,36aa1c0eeb50457b97911c3bd742a730,pedestrian,1.0,23.41,B,0.0865,0.0156,0.07089999999999999,True
nuscenes_mini,36aa1c0eeb50457b97911c3bd742a730,car,0.6097560524940491,56.71,C,0.0,0.0,0.0,False
nuscenes_mini,36aa1c0eeb50457b97911c3bd742a730,car,0.8048780560493469,45.21,C,0.0,0.0,0.0,False
nuscenes_mini,36aa1c0eeb50457b97911c3bd742a730,pedestrian,1.0,17.58,B,0.025,0.039599999999999996,-0.014599999999999995,False
nuscenes_mini,36aa1c0eeb50457b97911c3bd742a730,car,0.8987342119216919,22.82,B,0.0499,0.0156,0.0343,False
nuscenes_mini,36aa1c0eeb50457b97911c3bd742a730,car,0.9569892287254332,16.31,B,0.2792,0.039599999999999996,0.2396,True
nuscenes_mini,36aa1c0eeb50457b97911c3bd742a730,bus,0.9336099624633788,26.13,B,0.0351,0.0027,0.0324,False
nuscenes_mini,36aa1c0eeb50457b97911c3bd742a730,pedestrian,1.0,9.18,A,0.1042,0.1481,-0.04390000000000001,False
nuscenes_mini,36aa1c0eeb50457b97911c3bd742a730,pedestrian,1.0,10.8,A,0.2143,0.0864,0.12789999999999999,True
nuscenes_mini,36aa1c0eeb50457b97911c3bd742a730,pedestrian,1.0,27.16,B,0.0,0.0027,-0.0027,False
nuscenes_mini,36aa1c0eeb50457b97911c3bd742a730,pedestrian,1.0,10.68,A,0.0444,0.0864,-0.042,False
nuscenes_mini,36aa1c0eeb50457b97911c3bd742a730,pedestrian,1.0,8.55,A,0.0513,0.1481,-0.09680000000000001,False
nuscenes_mini,36aa1c0eeb50457b97911c3bd742a730,pedestrian,1.0,8.76,A,0.25,0.1481,0.10189999999999999,True
nuscenes_mini,36aa1c0eeb50457b97911c3bd742a730,pedestrian,1.0,11.83,A,0.0208,0.0864,-0.0656,False
nuscenes_mini,36aa1c0eeb50457b97911c3bd742a730,car,0.9064327478408812,5.38,A,0.1151,0.1481,-0.033000000000000015,False
nuscenes_mini,36aa1c0eeb50457b97911c3bd742a730,car,0.5345454812049866,33.32,C,0.0,0.0,0.0,False
nuscenes_mini,36aa1c0eeb50457b97911c3bd742a730,pedestrian,1.0,17.68,B,0.0159,0.039599999999999996,-0.023699999999999995,False
nuscenes_mini,26f99f91a8e14038bd52aee4d00df394,car,0.7968254089355469,46.33,C,0.0,0.0,0.0,False
nuscenes_mini,26f99f91a8e14038bd52aee4d00df394,bus,0.8476190567016602,47.35,C,0.0,0.0,0.0,False
nuscenes_mini,26f99f91a8e14038bd52aee4d00df394,pedestrian,1.0,32.07,C,0.1429,0.0,0.1429,True
nuscenes_mini,26f99f91a8e14038bd52aee4d00df394,pedestrian,1.0,24.39,B,0.0,0.0156,-0.0156,False
nuscenes_mini,26f99f91a8e14038bd52aee4d00df394,car,0.8987342119216919,22.39,B,0.0471,0.0156,0.0315,False
nuscenes_mini,26f99f91a8e14038bd52aee4d00df394,car,0.941605806350708,18.22,B,0.2371,0.039599999999999996,0.1975,True
nuscenes_mini,26f99f91a8e14038bd52aee4d00df394,bus,0.941605806350708,23.43,B,0.0483,0.0156,0.03270000000000001,False
nuscenes_mini,26f99f91a8e14038bd52aee4d00df394,pedestrian,1.0,9.3,A,0.1667,0.1481,0.018599999999999978,False
nuscenes_mini,26f99f91a8e14038bd52aee4d00df394,pedestrian,1.0,26.8,B,0.0,0.0027,-0.0027,False
nuscenes_mini,26f99f91a8e14038bd52aee4d00df394,pedestrian,1.0,10.88,A,0.1296,0.0864,0.04319999999999999,False
nuscenes_mini,26f99f91a8e14038bd52aee4d00df394,pedestrian,1.0,8.71,A,0.1429,0.1481,-0.00520000000000001,False
nuscenes_mini,26f99f91a8e14038bd52aee4d00df394,pedestrian,1.0,10.85,A,0.1607,0.0864,0.0743,True
nuscenes_mini,26f99f91a8e14038bd52aee4d00df394,pedestrian,1.0,11.92,A,0.0417,0.0864,-0.044700000000000004,False
nuscenes_mini,26f99f91a8e14038bd52aee4d00df394,pedestrian,1.0,8.94,A,0.2188,0.1481,0.07069999999999999,True
nuscenes_mini,26f99f91a8e14038bd52aee4d00df394,car,0.9139785170555116,5.5,A,0.0995,0.1481,-0.048600000000000004,False
nuscenes_mini,26f99f91a8e14038bd52aee4d00df394,pedestrian,1.0,17.68,B,0.0417,0.039599999999999996,0.0021000000000000046,False
nuscenes_mini,8e5512a630dc44c08d3e3f692b34f808,pedestrian,1.0,19.83,B,0.0333,0.039599999999999996,-0.006299999999999993,False
nuscenes_mini,8e5512a630dc44c08d3e3f692b34f808,bus,0.8241757750511169,52.71,C,0.0,0.0,0.0,False
nuscenes_mini,8e5512a630dc44c08d3e3f692b34f808,pedestrian,1.0,23.26,B,0.0,0.0156,-0.0156,False
nuscenes_mini,8e5512a630dc44c08d3e3f692b34f808,car,0.8632478713989258,21.7,B,0.0981,0.0156,0.0825,True
nuscenes_mini,8e5512a630dc44c08d3e3f692b34f808,car,0.8987342119216919,21.05,B,0.2986,0.0156,0.283,True
nuscenes_mini,8e5512a630dc44c08d3e3f692b34f808,car,0.6332378387451172,60.65,C,0.0,0.0,0.0,False
nuscenes_mini,8e5512a630dc44c08d3e3f692b34f808,bus,0.9139785170555116,23.45,B,0.046,0.0156,0.0304,False
nuscenes_mini,8e5512a630dc44c08d3e3f692b34f808,pedestrian,1.0,9.37,A,0.1746,0.1481,0.026499999999999996,False
nuscenes_mini,8e5512a630dc44c08d3e3f692b34f808,pedestrian,1.0,10.99,A,0.1296,0.0864,0.04319999999999999,False
nuscenes_mini,8e5512a630dc44c08d3e3f692b34f808,pedestrian,1.0,26.21,B,0.0,0.0027,-0.0027,False
nuscenes_mini,8e5512a630dc44c08d3e3f692b34f808,pedestrian,1.0,8.78,A,0.1358,0.1481,-0.012300000000000005,False
nuscenes_mini,8e5512a630dc44c08d3e3f692b34f808,pedestrian,1.0,11.96,A,0.0417,0.0864,-0.044700000000000004,False
nuscenes_mini,8e5512a630dc44c08d3e3f692b34f808,pedestrian,1.0,8.98,A,0.1481,0.1481,0.0,False
nuscenes_mini,8e5512a630dc44c08d3e3f692b34f808,car,0.9298245906829834,5.6,A,0.0822,0.1481,-0.06590000000000001,False
nuscenes_mini,8e5512a630dc44c08d3e3f692b34f808,pedestrian,1.0,17.66,B,0.0208,0.039599999999999996,-0.018799999999999997,False
nuscenes_mini,b4c279e61abf49bd871ff2ec4b13e115,pedestrian,1.0,19.77,B,0.0125,0.039599999999999996,-0.027099999999999996,False
nuscenes_mini,b4c279e61abf49bd871ff2ec4b13e115,motorcycle,0.7142857313156128,23.66,B,0.0,0.0156,-0.0156,False
nuscenes_mini,b4c279e61abf49bd871ff2ec4b13e115,bus,0.8241757750511169,53.15,C,0.0,0.0,0.0,False
nuscenes_mini,b4c279e61abf49bd871ff2ec4b13e115,pedestrian,1.0,24.35,B,0.0,0.0156,-0.0156,False
nuscenes_mini,b4c279e61abf49bd871ff2ec4b13e115,car,0.8750000596046448,21.96,B,0.0709,0.0156,0.0553,True
nuscenes_mini,b4c279e61abf49bd871ff2ec4b13e115,car,0.9139785170555116,24.39,B,0.2124,0.0156,0.1968,True
nuscenes_mini,b4c279e61abf49bd871ff2ec4b13e115,bus,0.9179486632347108,23.29,B,0.0514,0.0156,0.0358,False
nuscenes_mini,b4c279e61abf49bd871ff2ec4b13e115,pedestrian,1.0,11.57,A,0.125,0.0864,0.038599999999999995,False
nuscenes_mini,b4c279e61abf49bd871ff2ec4b13e115,pedestrian,1.0,9.37,A,0.1875,0.1481,0.03939999999999999,False
nuscenes_mini,b4c279e61abf49bd871ff2ec4b13e115,pedestrian,1.0,10.96,A,0.1667,0.0864,0.08029999999999998,True
nuscenes_mini,b4c279e61abf49bd871ff2ec4b13e115,pedestrian,1.0,8.79,A,0.0889,0.1481,-0.0592,False
nuscenes_mini,b4c279e61abf49bd871ff2ec4b13e115,pedestrian,1.0,8.98,A,0.2679,0.1481,0.11980000000000002,True
nuscenes_mini,b4c279e61abf49bd871ff2ec4b13e115,pedestrian,1.0,22.88,B,0.0208,0.0156,0.0052,False
nuscenes_mini,b4c279e61abf49bd871ff2ec4b13e115,car,0.8865247964859009,5.58,A,0.0914,0.1481,-0.056700000000000014,False
nuscenes_mini,b4c279e61abf49bd871ff2ec4b13e115,car,0.507692277431488,49.17,C,0.0,0.0,0.0,False
nuscenes_mini,b4c279e61abf49bd871ff2ec4b13e115,pedestrian,1.0,17.64,B,0.0208,0.039599999999999996,-0.018799999999999997,False
nuscenes_mini,9c93690fc9e24ebc90906ed922159d75,pedestrian,1.0,19.72,B,0.0,0.039599999999999996,-0.039599999999999996,False
nuscenes_mini,9c93690fc9e24ebc90906ed922159d75,pedestrian,1.0,36.23,C,0.0,0.0,0.0,False
nuscenes_mini,9c93690fc9e24ebc90906ed922159d75,motorcycle,0.6908212304115295,18.97,B,0.072,0.039599999999999996,0.0324,False
nuscenes_mini,9c93690fc9e24ebc90906ed922159d75,car,0.7968254089355469,52.19,C,0.0,0.0,0.0,False
nuscenes_mini,9c93690fc9e24ebc90906ed922159d75,bus,0.8400000333786011,51.71,C,0.0,0.0,0.0,False
nuscenes_mini,9c93690fc9e24ebc90906ed922159d75,pedestrian,1.0,41.23,C,0.0,0.0,0.0,False
nuscenes_mini,9c93690fc9e24ebc90906ed922159d75,pedestrian,1.0,24.38,B,0.0,0.0156,-0.0156,False
nuscenes_mini,9c93690fc9e24ebc90906ed922159d75,car,0.8476190567016602,21.71,B,0.1049,0.0156,0.08929999999999999,True
nuscenes_mini,9c93690fc9e24ebc90906ed922159d75,car,0.9101123809814452,28.21,B,0.1041,0.0027,0.1014,True
nuscenes_mini,9c93690fc9e24ebc90906ed922159d75,bus,0.9101123809814452,23.43,B,0.0493,0.0156,0.033699999999999994,False
nuscenes_mini,9c93690fc9e24ebc90906ed922159d75,pedestrian,1.0,9.37,A,0.2222,0.1481,0.0741,True
nuscenes_mini,9c93690fc9e24ebc90906ed922159d75,pedestrian,1.0,10.93,A,0.1296,0.0864,0.04319999999999999,False
nuscenes_mini,9c93690fc9e24ebc90906ed922159d75,pedestrian,1.0,8.77,A,0.1481,0.1481,0.0,False
nuscenes_mini,9c93690fc9e24ebc90906ed922159d75,pedestrian,1.0,22.72,B,0.0,0.0156,-0.0156,False
nuscenes_mini,9c93690fc9e24ebc90906ed922159d75,pedestrian,1.0,11.5,A,0.1333,0.0864,0.0469,False
nuscenes_mini,9c93690fc9e24ebc90906ed922159d75,pedestrian,1.0,8.98,A,0.1875,0.1481,0.03939999999999999,False
nuscenes_mini,9c93690fc9e24ebc90906ed922159d75,pedestrian,1.0,32.79,C,0.0,0.0,0.0,False
nuscenes_mini,9c93690fc9e24ebc90906ed922159d75,car,0.8709677457809448,5.08,A,0.1165,0.1481,-0.0316,False
nuscenes_mini,9c93690fc9e24ebc90906ed922159d75,pedestrian,1.0,23.52,B,0.0,0.0156,-0.0156,False
nuscenes_mini,f2a6d0e38153467ba0d02706024e258d,pedestrian,1.0,19.63,B,0.0,0.039599999999999996,-0.039599999999999996,False
nuscenes_mini,f2a6d0e38153467ba0d02706024e258d,pedestrian,1.0,20.12,B,0.0,0.0156,-0.0156,False
nuscenes_mini,f2a6d0e38153467ba0d02706024e258d,motorcycle,0.8400000333786011,14.01,A,0.0833,0.0864,-0.0031000000000000055,False
nuscenes_mini,f2a6d0e38153467ba0d02706024e258d,pedestrian,1.0,12.75,A,0.0625,0.0864,-0.023900000000000005,False
nuscenes_mini,f2a6d0e38153467ba0d02706024e258d,bus,0.7730495929718018,58.32,C,0.0,0.0,0.0,False
nuscenes_mini,f2a6d0e38153467ba0d02706024e258d,pedestrian,1.0,44.51,C,0.0204,0.0,0.0204,False
nuscenes_mini,f2a6d0e38153467ba0d02706024e258d,pedestrian,1.0,24.37,B,0.0,0.0156,-0.0156,False
nuscenes_mini,f2a6d0e38153467ba0d02706024e258d,car,0.8632478713989258,21.75,B,0.0933,0.0156,0.07769999999999999,True
nuscenes_mini,f2a6d0e38153467ba0d02706024e258d,car,0.9101123809814452,31.7,C,0.048,0.0,0.048,False
nuscenes_mini,f2a6d0e38153467ba0d02706024e258d,bus,0.8987342119216919,23.14,B,0.0516,0.0156,0.036000000000000004,False
nuscenes_mini,f2a6d0e38153467ba0d02706024e258d,pedestrian,1.0,9.34,A,0.1852,0.1481,0.037099999999999994,False
nuscenes_mini,f2a6d0e38153467ba0d02706024e258d,pedestrian,1.0,10.95,A,0.1111,0.0864,0.0247,False
nuscenes_mini,f2a6d0e38153467ba0d02706024e258d,pedestrian,1.0,8.72,A,0.1111,0.1481,-0.037000000000000005,False
nuscenes_mini,f2a6d0e38153467ba0d02706024e258d,pedestrian,1.0,11.93,A,0.0,0.0864,-0.0864,False
nuscenes_mini,f2a6d0e38153467ba0d02706024e258d,pedestrian,1.0,9.0,A,0.125,0.1481,-0.02310000000000001,False
nuscenes_mini,f2a6d0e38153467ba0d02706024e258d,pedestrian,1.0,32.77,C,0.0,0.0,0.0,False
nuscenes_mini,f2a6d0e38153467ba0d02706024e258d,car,0.8552036285400391,5.16,A,0.1013,0.1481,-0.04680000000000001,False
nuscenes_mini,f2a6d0e38153467ba0d02706024e258d,pedestrian,1.0,17.68,B,0.0,0.039599999999999996,-0.039599999999999996,False
nuscenes_mini,93f4f8ac1145418cadcf14dfd2a9cf78,car,0.7064220309257507,46.0,C,0.0,0.0,0.0,False
nuscenes_mini,93f4f8ac1145418cadcf14dfd2a9cf78,car,0.5460992455482483,47.84,C,0.0,0.0,0.0,False
nuscenes_mini,93f4f8ac1145418cadcf14dfd2a9cf78,bus,0.7142857313156128,58.4,C,0.0,0.0,0.0,False
nuscenes_mini,93f4f8ac1145418cadcf14dfd2a9cf78,pedestrian,1.0,40.27,C,0.125,0.0,0.125,True
nuscenes_mini,93f4f8ac1145418cadcf14dfd2a9cf78,pedestrian,1.0,24.39,B,0.0,0.0156,-0.0156,False
nuscenes_mini,93f4f8ac1145418cadcf14dfd2a9cf78,car,0.8476190567016602,21.7,B,0.0995,0.0156,0.0839,True
nuscenes_mini,93f4f8ac1145418cadcf14dfd2a9cf78,car,0.8865247964859009,36.02,C,0.0464,0.0,0.0464,False
nuscenes_mini,93f4f8ac1145418cadcf14dfd2a9cf78,bus,0.9139785170555116,23.36,B,0.0463,0.0156,0.0307,False
nuscenes_mini,93f4f8ac1145418cadcf14dfd2a9cf78,pedestrian,1.0,9.36,A,0.2037,0.1481,0.05559999999999998,True
nuscenes_mini,93f4f8ac1145418cadcf14dfd2a9cf78,pedestrian,1.0,10.95,A,0.1111,0.0864,0.0247,False
nuscenes_mini,93f4f8ac1145418cadcf14dfd2a9cf78,pedestrian,1.0,8.76,A,0.1458,0.1481,-0.0022999999999999965,False
nuscenes_mini,93f4f8ac1145418cadcf14dfd2a9cf78,pedestrian,1.0,12.01,A,0.0,0.0864,-0.0864,False
nuscenes_mini,93f4f8ac1145418cadcf14dfd2a9cf78,pedestrian,1.0,8.98,A,0.1562,0.1481,0.008099999999999996,False
nuscenes_mini,93f4f8ac1145418cadcf14dfd2a9cf78,pedestrian,1.0,32.73,C,0.0,0.0,0.0,False
nuscenes_mini,93f4f8ac1145418cadcf14dfd2a9cf78,pedestrian,1.0,22.59,B,0.0312,0.0156,0.0156,False
nuscenes_mini,93f4f8ac1145418cadcf14dfd2a9cf78,car,0.8904109597206116,5.57,A,0.0676,0.1481,-0.08050000000000002,False
nuscenes_mini,93f4f8ac1145418cadcf14dfd2a9cf78,pedestrian,1.0,24.62,B,0.0,0.0156,-0.0156,False
nuscenes_mini,d61ef2ae3bd54793b8beec55061940f0,car,0.7655677795410156,42.39,C,0.0,0.0,0.0,False
nuscenes_mini,d61ef2ae3bd54793b8beec55061940f0,bus,0.6246334314346313,46.77,C,0.0,0.0,0.0,False
nuscenes_mini,d61ef2ae3bd54793b8beec55061940f0,pedestrian,1.0,49.5,C,0.025,0.0,0.025,False
nuscenes_mini,d61ef2ae3bd54793b8beec55061940f0,pedestrian,1.0,24.38,B,0.0,0.0156,-0.0156,False
nuscenes_mini,d61ef2ae3bd54793b8beec55061940f0,car,0.8358974456787109,21.69,B,0.085,0.0156,0.0694,True
nuscenes_mini,d61ef2ae3bd54793b8beec55061940f0,car,0.8827838897705078,38.35,C,0.0733,0.0,0.0733,True
nuscenes_mini,d61ef2ae3bd54793b8beec55061940f0,motorcycle,0.5747508406639099,4.8,A,0.9917,0.1769,0.8148,True
nuscenes_mini,d61ef2ae3bd54793b8beec55061940f0,bus,0.9139785170555116,25.68,B,0.0393,0.0027,0.0366,False
nuscenes_mini,d61ef2ae3bd54793b8beec55061940f0,pedestrian,1.0,9.37,A,0.2,0.1481,0.0519,True
nuscenes_mini,d61ef2ae3bd54793b8beec55061940f0,pedestrian,1.0,22.65,B,0.0513,0.0156,0.035699999999999996,False
nuscenes_mini,d61ef2ae3bd54793b8beec55061940f0,pedestrian,1.0,10.95,A,0.1556,0.0864,0.06919999999999998,True
nuscenes_mini,d61ef2ae3bd54793b8beec55061940f0,pedestrian,1.0,8.77,A,0.1458,0.1481,-0.0022999999999999965,False
nuscenes_mini,d61ef2ae3bd54793b8beec55061940f0,pedestrian,1.0,12.01,A,0.0,0.0864,-0.0864,False
nuscenes_mini,d61ef2ae3bd54793b8beec55061940f0,pedestrian,1.0,9.0,A,0.225,0.1481,0.0769,True
nuscenes_mini,d61ef2ae3bd54793b8beec55061940f0,car,0.8202247023582458,5.56,A,0.0796,0.1481,-0.0685,False
nuscenes_mini,d61ef2ae3bd54793b8beec55061940f0,pedestrian,1.0,10.43,A,0.0286,0.0864,-0.057800000000000004,False
nuscenes_mini,d61ef2ae3bd54793b8beec55061940f0,pedestrian,1.0,24.58,B,0.0,0.0156,-0.0156,False
nuscenes_mini,fc8ed14d78fa4879898315f5dee21d38,pedestrian,1.0,28.14,B,0.0,0.0027,-0.0027,False
nuscenes_mini,fc8ed14d78fa4879898315f5dee21d38,car,0.7730495929718018,31.8,C,0.0,0.0,0.0,False
nuscenes_mini,fc8ed14d78fa4879898315f5dee21d38,car,0.7770034670829773,32.57,C,0.0,0.0,0.0,False
nuscenes_mini,fc8ed14d78fa4879898315f5dee21d38,pedestrian,1.0,24.36,B,0.0,0.0156,-0.0156,False
nuscenes_mini,fc8ed14d78fa4879898315f5dee21d38,pedestrian,1.0,41.68,C,0.0179,0.0,0.0179,False
nuscenes_mini,fc8ed14d78fa4879898315f5dee21d38,pedestrian,1.0,51.76,C,0.0,0.0,0.0,False
nuscenes_mini,fc8ed14d78fa4879898315f5dee21d38,car,0.8439024686813354,21.59,B,0.0769,0.0156,0.06129999999999999,True
nuscenes_mini,fc8ed14d78fa4879898315f5dee21d38,car,0.8750000596046448,45.74,C,0.0897,0.0,0.0897,True
nuscenes_mini,fc8ed14d78fa4879898315f5dee21d38,bus,0.9179486632347108,25.69,B,0.0454,0.0027,0.0427,False
nuscenes_mini,fc8ed14d78fa4879898315f5dee21d38,pedestrian,1.0,9.37,A,0.2,0.1481,0.0519,True
nuscenes_mini,fc8ed14d78fa4879898315f5dee21d38,pedestrian,1.0,22.51,B,0.0125,0.0156,-0.0030999999999999986,False
nuscenes_mini,fc8ed14d78fa4879898315f5dee21d38,pedestrian,1.0,12.11,A,0.0278,0.0864,-0.058600000000000006,False
nuscenes_mini,fc8ed14d78fa4879898315f5dee21d38,pedestrian,1.0,10.94,A,0.1111,0.0864,0.0247,False
nuscenes_mini,fc8ed14d78fa4879898315f5dee21d38,pedestrian,1.0,8.78,A,0.1,0.1481,-0.048100000000000004,False
nuscenes_mini,fc8ed14d78fa4879898315f5dee21d38,pedestrian,1.0,8.99,A,0.1875,0.1481,0.03939999999999999,False
nuscenes_mini,fc8ed14d78fa4879898315f5dee21d38,car,0.8128654956817627,5.24,A,0.1066,0.1481,-0.04150000000000001,False
nuscenes_mini,fc8ed14d78fa4879898315f5dee21d38,pedestrian,1.0,17.63,B,0.0208,0.039599999999999996,-0.018799999999999997,False
nuscenes_mini,fc8ed14d78fa4879898315f5dee21d38,motorcycle,0.5897435545921326,5.85,A,0.625,0.1481,0.4769,True
nuscenes_mini,dc53cf076d114df7bb59c2a0b3bc3154,car,0.7697842121124268,32.23,C,0.0,0.0,0.0,False
nuscenes_mini,dc53cf076d114df7bb59c2a0b3bc3154,car,0.719298243522644,33.49,C,0.0,0.0,0.0,False
nuscenes_mini,dc53cf076d114df7bb59c2a0b3bc3154,pedestrian,1.0,46.01,C,0.0,0.0,0.0,False
nuscenes_mini,dc53cf076d114df7bb59c2a0b3bc3154,pedestrian,1.0,17.62,B,0.0278,0.039599999999999996,-0.011799999999999998,False
nuscenes_mini,dc53cf076d114df7bb59c2a0b3bc3154,car,0.8439024686813354,21.62,B,0.1013,0.0156,0.0857,True
nuscenes_mini,dc53cf076d114df7bb59c2a0b3bc3154,car,0.8518518805503845,51.27,C,0.0682,0.0,0.0682,True
nuscenes_mini,dc53cf076d114df7bb59c2a0b3bc3154,bus,0.9139785170555116,25.54,B,0.0432,0.0027,0.0405,False
nuscenes_mini,dc53cf076d114df7bb59c2a0b3bc3154,pedestrian,1.0,14.4,A,0.0,0.0864,-0.0864,False
nuscenes_mini,dc53cf076d114df7bb59c2a0b3bc3154,pedestrian,1.0,9.49,A,0.2444,0.1481,0.0963,True
nuscenes_mini,dc53cf076d114df7bb59c2a0b3bc3154,pedestrian,1.0,9.38,A,0.2,0.1481,0.0519,True
nuscenes_mini,dc53cf076d114df7bb59c2a0b3bc3154,pedestrian,1.0,21.21,B,0.0,0.0156,-0.0156,False
nuscenes_mini,dc53cf076d114df7bb59c2a0b3bc3154,pedestrian,1.0,10.98,A,0.1111,0.0864,0.0247,False
nuscenes_mini,dc53cf076d114df7bb59c2a0b3bc3154,pedestrian,1.0,8.77,A,0.0926,0.1481,-0.05550000000000001,False
nuscenes_mini,dc53cf076d114df7bb59c2a0b3bc3154,pedestrian,1.0,9.02,A,0.1852,0.1481,0.037099999999999994,False
nuscenes_mini,dc53cf076d114df7bb59c2a0b3bc3154,car,0.8358974456787109,5.64,A,0.0703,0.1481,-0.07780000000000001,False
nuscenes_mini,dc53cf076d114df7bb59c2a0b3bc3154,pedestrian,1.0,9.79,A,0.0714,0.1481,-0.0767,False
nuscenes_mini,dc53cf076d114df7bb59c2a0b3bc3154,pedestrian,1.0,17.66,B,0.0208,0.039599999999999996,-0.018799999999999997,False
nuscenes_mini,dc53cf076d114df7bb59c2a0b3bc3154,pedestrian,1.0,20.52,B,0.0417,0.0156,0.0261,False
nuscenes_mini,dc53cf076d114df7bb59c2a0b3bc3154,motorcycle,0.7387754917144775,10.21,A,0.199,0.0864,0.1126,True
nuscenes_mini,9bd27a83e6ee47f9aa372bbe8a8573c8,pedestrian,1.0,28.11,B,0.0,0.0027,-0.0027,False
nuscenes_mini,9bd27a83e6ee47f9aa372bbe8a8573c8,car,0.8358974456787109,28.16,B,0.0,0.0027,-0.0027,False
nuscenes_mini,9bd27a83e6ee47f9aa372bbe8a8573c8,car,0.5345454812049866,51.27,C,0.0,0.0,0.0,False
nuscenes_mini,9bd27a83e6ee47f9aa372bbe8a8573c8,car,0.8439024686813354,28.6,B,0.0,0.0027,-0.0027,False
nuscenes_mini,9bd27a83e6ee47f9aa372bbe8a8573c8,pedestrian,1.0,24.37,B,0.0,0.0156,-0.0156,False
nuscenes_mini,9bd27a83e6ee47f9aa372bbe8a8573c8,car,0.8202247023582458,21.59,B,0.0818,0.0156,0.0662,True
nuscenes_mini,9bd27a83e6ee47f9aa372bbe8a8573c8,bus,0.9179486632347108,25.78,B,0.0448,0.0027,0.0421,False
nuscenes_mini,9bd27a83e6ee47f9aa372bbe8a8573c8,pedestrian,1.0,9.36,A,0.2037,0.1481,0.05559999999999998,True
nuscenes_mini,9bd27a83e6ee47f9aa372bbe8a8573c8,pedestrian,1.0,10.92,A,0.1333,0.0864,0.0469,False
nuscenes_mini,9bd27a83e6ee47f9aa372bbe8a8573c8,pedestrian,1.0,8.76,A,0.0926,0.1481,-0.05550000000000001,False
nuscenes_mini,9bd27a83e6ee47f9aa372bbe8a8573c8,pedestrian,1.0,12.11,A,0.025,0.0864,-0.0614,False
nuscenes_mini,9bd27a83e6ee47f9aa372bbe8a8573c8,pedestrian,1.0,9.03,A,0.1429,0.1481,-0.00520000000000001,False
nuscenes_mini,9bd27a83e6ee47f9aa372bbe8a8573c8,pedestrian,1.0,13.33,A,0.0893,0.0864,0.0029,False
nuscenes_mini,9bd27a83e6ee47f9aa372bbe8a8573c8,car,0.8518518805503845,5.6,A,0.0777,0.1481,-0.0704,False
nuscenes_mini,9bd27a83e6ee47f9aa372bbe8a8573c8,pedestrian,1.0,12.14,A,0.022,0.0864,-0.06440000000000001,False
nuscenes_mini,9bd27a83e6ee47f9aa372bbe8a8573c8,pedestrian,1.0,24.59,B,0.0,0.0156,-0.0156,False
nuscenes_mini,9bd27a83e6ee47f9aa372bbe8a8573c8,pedestrian,1.0,20.52,B,0.0333,0.0156,0.017700000000000004,False
nuscenes_mini,9bd27a83e6ee47f9aa372bbe8a8573c8,motorcycle,0.675126850605011,44.09,C,0.0,0.0,0.0,False
nuscenes_mini,236f1ecb6ee7459d918cd011831674d6,pedestrian,1.0,28.03,B,0.0,0.0027,-0.0027,False
nuscenes_mini,236f1ecb6ee7459d918cd011831674d6,car,0.8865247964859009,24.01,B,0.0,0.0156,-0.0156,False
nuscenes_mini,236f1ecb6ee7459d918cd011831674d6,car,0.7064220309257507,45.46,C,0.0,0.0,0.0,False
nuscenes_mini,236f1ecb6ee7459d918cd011831674d6,car,0.8202247023582458,24.49,B,0.0,0.0156,-0.0156,False
nuscenes_mini,236f1ecb6ee7459d918cd011831674d6,pedestrian,1.0,23.29,B,0.0,0.0156,-0.0156,False
nuscenes_mini,236f1ecb6ee7459d918cd011831674d6,pedestrian,1.0,41.53,C,0.0,0.0,0.0,False
nuscenes_mini,236f1ecb6ee7459d918cd011831674d6,car,0.8476190567016602,21.54,B,0.0771,0.0156,0.0615,True
nuscenes_mini,236f1ecb6ee7459d918cd011831674d6,bus,0.92592591047287,25.69,B,0.0412,0.0027,0.0385,False
nuscenes_mini,236f1ecb6ee7459d918cd011831674d6,pedestrian,1.0,19.85,B,0.0312,0.039599999999999996,-0.008399999999999998,False
nuscenes_mini,236f1ecb6ee7459d918cd011831674d6,pedestrian,1.0,12.11,A,0.0,0.0864,-0.0864,False
nuscenes_mini,236f1ecb6ee7459d918cd011831674d6,pedestrian,1.0,10.98,A,0.1333,0.0864,0.0469,False
nuscenes_mini,236f1ecb6ee7459d918cd011831674d6,pedestrian,1.0,8.7,A,0.1333,0.1481,-0.014800000000000008,False
nuscenes_mini,236f1ecb6ee7459d918cd011831674d6,pedestrian,1.0,9.01,A,0.2321,0.1481,0.08399999999999999,True
nuscenes_mini,236f1ecb6ee7459d918cd011831674d6,pedestrian,1.0,9.35,A,0.1556,0.1481,0.007499999999999979,False
nuscenes_mini,236f1ecb6ee7459d918cd011831674d6,pedestrian,1.0,10.93,A,0.2031,0.0864,0.1167,True
nuscenes_mini,236f1ecb6ee7459d918cd011831674d6,pedestrian,1.0,10.73,A,0.1667,0.0864,0.08029999999999998,True
nuscenes_mini,236f1ecb6ee7459d918cd011831674d6,car,0.8865247964859009,5.52,A,0.0719,0.1481,-0.0762,False
nuscenes_mini,236f1ecb6ee7459d918cd011831674d6,pedestrian,1.0,24.6,B,0.0,0.0156,-0.0156,False
nuscenes_mini,8336b62c3f6f4bb988c3865cc5df4446,car,0.9064327478408812,19.23,B,0.0109,0.039599999999999996,-0.028699999999999996,False
nuscenes_mini,8336b62c3f6f4bb988c3865cc5df4446,car,0.7770034670829773,40.55,C,0.0,0.0,0.0,False
nuscenes_mini,8336b62c3f6f4bb988c3865cc5df4446,car,0.7620818018913269,39.97,C,0.0,0.0,0.0,False
nuscenes_mini,8336b62c3f6f4bb988c3865cc5df4446,pedestrian,1.0,23.32,B,0.0,0.0156,-0.0156,False
nuscenes_mini,8336b62c3f6f4bb988c3865cc5df4446,car,0.8241757750511169,21.77,B,0.0768,0.0156,0.06119999999999999,True
nuscenes_mini,8336b62c3f6f4bb988c3865cc5df4446,bus,0.9139785170555116,25.59,B,0.0439,0.0027,0.0412,False
nuscenes_mini,8336b62c3f6f4bb988c3865cc5df4446,pedestrian,1.0,12.01,A,0.025,0.0864,-0.0614,False
nuscenes_mini,8336b62c3f6f4bb988c3865cc5df4446,pedestrian,1.0,19.24,B,0.0357,0.039599999999999996,-0.0038999999999999937,False
nuscenes_mini,8336b62c3f6f4bb988c3865cc5df4446,pedestrian,1.0,10.97,A,0.0667,0.0864,-0.01970000000000001,False
nuscenes_mini,8336b62c3f6f4bb988c3865cc5df4446,pedestrian,1.0,8.75,A,0.1111,0.1481,-0.037000000000000005,False
nuscenes_mini,8336b62c3f6f4bb988c3865cc5df4446,pedestrian,1.0,26.86,B,0.0,0.0027,-0.0027,False
nuscenes_mini,8336b62c3f6f4bb988c3865cc5df4446,pedestrian,1.0,8.94,A,0.1625,0.1481,0.014399999999999996,False
nuscenes_mini,8336b62c3f6f4bb988c3865cc5df4446,pedestrian,1.0,9.45,A,0.1111,0.1481,-0.037000000000000005,False
nuscenes_mini,8336b62c3f6f4bb988c3865cc5df4446,pedestrian,1.0,11.01,A,0.2,0.0864,0.1136,True
nuscenes_mini,8336b62c3f6f4bb988c3865cc5df4446,car,0.859649121761322,5.34,A,0.0758,0.1481,-0.0723,False
nuscenes_mini,8336b62c3f6f4bb988c3865cc5df4446,pedestrian,1.0,17.65,B,0.0208,0.039599999999999996,-0.018799999999999997,False
nuscenes_mini,8cc06390249d4895b5b9b860f0952f24,car,0.9101123809814452,14.14,A,0.0148,0.0864,-0.0716,False
nuscenes_mini,8cc06390249d4895b5b9b860f0952f24,car,0.8083832263946533,27.71,B,0.0,0.0027,-0.0027,False
nuscenes_mini,8cc06390249d4895b5b9b860f0952f24,pedestrian,1.0,24.3,B,0.0,0.0156,-0.0156,False
nuscenes_mini,8cc06390249d4895b5b9b860f0952f24,car,0.7928802371025085,21.65,B,0.0874,0.0156,0.0718,True
nuscenes_mini,8cc06390249d4895b5b9b860f0952f24,bus,0.92592591047287,23.26,B,0.0494,0.0156,0.0338,False
nuscenes_mini,8cc06390249d4895b5b9b860f0952f24,pedestrian,1.0,11.91,A,0.0317,0.0864,-0.054700000000000006,False
nuscenes_mini,8cc06390249d4895b5b9b860f0952f24,pedestrian,1.0,8.9,A,0.1625,0.1481,0.014399999999999996,False
nuscenes_mini,8cc06390249d4895b5b9b860f0952f24,pedestrian,1.0,10.96,A,0.0889,0.0864,0.0025000000000000022,False
nuscenes_mini,8cc06390249d4895b5b9b860f0952f24,pedestrian,1.0,8.75,A,0.1333,0.1481,-0.014800000000000008,False
nuscenes_mini,8cc06390249d4895b5b9b860f0952f24,pedestrian,1.0,26.49,B,0.0,0.0027,-0.0027,False
nuscenes_mini,8cc06390249d4895b5b9b860f0952f24,pedestrian,1.0,9.3,A,0.2,0.1481,0.0519,True
nuscenes_mini,8cc06390249d4895b5b9b860f0952f24,pedestrian,1.0,10.93,A,0.1852,0.0864,0.0988,True
nuscenes_mini,8cc06390249d4895b5b9b860f0952f24,car,0.8987342119216919,5.31,A,0.0898,0.1481,-0.058300000000000005,False
nuscenes_mini,8cc06390249d4895b5b9b860f0952f24,pedestrian,1.0,23.44,B,0.0,0.0156,-0.0156,False
nuscenes_mini,d7cb9aa06de1442d8e2a22d562045cb4,car,0.9101123809814452,31.0,C,0.0,0.0,0.0,False
nuscenes_mini,d7cb9aa06de1442d8e2a22d562045cb4,car,0.921951174736023,9.33,A,0.1915,0.1481,0.043399999999999994,False
nuscenes_mini,d7cb9aa06de1442d8e2a22d562045cb4,car,0.8518518805503845,31.2,C,0.0,0.0,0.0,False
nuscenes_mini,d7cb9aa06de1442d8e2a22d562045cb4,pedestrian,1.0,17.62,B,0.0417,0.039599999999999996,0.0021000000000000046,False
nuscenes_mini,d7cb9aa06de1442d8e2a22d562045cb4,car,0.7887788414955139,21.56,B,0.0629,0.0156,0.047299999999999995,False
nuscenes_mini,d7cb9aa06de1442d8e2a22d562045cb4,bus,0.9179486632347108,25.42,B,0.058,0.0027,0.0553,True
nuscenes_mini,d7cb9aa06de1442d8e2a22d562045cb4,pedestrian,1.0,10.98,A,0.1,0.0864,0.013600000000000001,False
nuscenes_mini,d7cb9aa06de1442d8e2a22d562045cb4,pedestrian,1.0,18.03,B,0.0417,0.039599999999999996,0.0021000000000000046,False
nuscenes_mini,d7cb9aa06de1442d8e2a22d562045cb4,pedestrian,1.0,11.59,A,0.1429,0.0864,0.056499999999999995,True
nuscenes_mini,d7cb9aa06de1442d8e2a22d562045cb4,pedestrian,1.0,8.78,A,0.1458,0.1481,-0.0022999999999999965,False
nuscenes_mini,d7cb9aa06de1442d8e2a22d562045cb4,pedestrian,1.0,26.69,B,0.0,0.0027,-0.0027,False
nuscenes_mini,d7cb9aa06de1442d8e2a22d562045cb4,pedestrian,1.0,8.96,A,0.1806,0.1481,0.0325,False
nuscenes_mini,d7cb9aa06de1442d8e2a22d562045cb4,pedestrian,1.0,9.38,A,0.1556,0.1481,0.007499999999999979,False
nuscenes_mini,d7cb9aa06de1442d8e2a22d562045cb4,pedestrian,1.0,10.81,A,0.1111,0.0864,0.0247,False
nuscenes_mini,d7cb9aa06de1442d8e2a22d562045cb4,car,0.8787879347801208,5.35,A,0.0882,0.1481,-0.05990000000000001,False
nuscenes_mini,d7cb9aa06de1442d8e2a22d562045cb4,pedestrian,1.0,26.62,B,0.0,0.0027,-0.0027,False
nuscenes_mini,d7cb9aa06de1442d8e2a22d562045cb4,pedestrian,1.0,17.64,B,0.0208,0.039599999999999996,-0.018799999999999997,False
nuscenes_mini,4d4e4c0fd8ec49bdb12788e0a9ecbce3,car,0.9298245906829834,25.6,B,0.0,0.0027,-0.0027,False
nuscenes_mini,4d4e4c0fd8ec49bdb12788e0a9ecbce3,car,0.7852349281311035,24.56,B,0.0,0.0156,-0.0156,False
nuscenes_mini,4d4e4c0fd8ec49bdb12788e0a9ecbce3,pedestrian,1.0,17.67,B,0.0185,0.039599999999999996,-0.021099999999999997,False
nuscenes_mini,4d4e4c0fd8ec49bdb12788e0a9ecbce3,car,0.8048780560493469,21.56,B,0.09,0.0156,0.0744,True
nuscenes_mini,4d4e4c0fd8ec49bdb12788e0a9ecbce3,bus,0.9064327478408812,25.74,B,0.0558,0.0027,0.0531,True
nuscenes_mini,4d4e4c0fd8ec49bdb12788e0a9ecbce3,pedestrian,1.0,17.37,B,0.0536,0.039599999999999996,0.014000000000000005,False
nuscenes_mini,4d4e4c0fd8ec49bdb12788e0a9ecbce3,pedestrian,1.0,10.94,A,0.1111,0.0864,0.0247,False
nuscenes_mini,4d4e4c0fd8ec49bdb12788e0a9ecbce3,pedestrian,1.0,8.76,A,0.0889,0.1481,-0.0592,False
nuscenes_mini,4d4e4c0fd8ec49bdb12788e0a9ecbce3,pedestrian,1.0,12.03,A,0.0,0.0864,-0.0864,False
nuscenes_mini,4d4e4c0fd8ec49bdb12788e0a9ecbce3,pedestrian,1.0,9.02,A,0.1875,0.1481,0.03939999999999999,False
nuscenes_mini,4d4e4c0fd8ec49bdb12788e0a9ecbce3,pedestrian,1.0,9.36,A,0.125,0.1481,-0.02310000000000001,False
nuscenes_mini,4d4e4c0fd8ec49bdb12788e0a9ecbce3,pedestrian,1.0,10.74,A,0.125,0.0864,0.038599999999999995,False
nuscenes_mini,4d4e4c0fd8ec49bdb12788e0a9ecbce3,car,0.8787879347801208,5.26,A,0.0916,0.1481,-0.05650000000000001,False
nuscenes_mini,4d4e4c0fd8ec49bdb12788e0a9ecbce3,pedestrian,1.0,24.62,B,0.0,0.0156,-0.0156,False
nuscenes_mini,0d6668bcb0644bbaaee81c17cc308845,pedestrian,1.0,20.29,B,0.0,0.0156,-0.0156,False
nuscenes_mini,0d6668bcb0644bbaaee81c17cc308845,car,0.9336099624633788,20.44,B,0.044,0.0156,0.028399999999999998,False
nuscenes_mini,0d6668bcb0644bbaaee81c17cc308845,car,0.6717948913574219,37.35,C,0.0,0.0,0.0,False
nuscenes_mini,0d6668bcb0644bbaaee81c17cc308845,pedestrian,1.0,17.62,B,0.0312,0.039599999999999996,-0.008399999999999998,False
nuscenes_mini,0d6668bcb0644bbaaee81c17cc308845,car,0.8012422323226929,21.57,B,0.0664,0.0156,0.0508,True
nuscenes_mini,0d6668bcb0644bbaaee81c17cc308845,bus,0.92592591047287,25.48,B,0.0513,0.0027,0.0486,False
nuscenes_mini,0d6668bcb0644bbaaee81c17cc308845,pedestrian,1.0,9.37,A,0.2,0.1481,0.0519,True
nuscenes_mini,0d6668bcb0644bbaaee81c17cc308845,pedestrian,1.0,16.74,B,0.0312,0.039599999999999996,-0.008399999999999998,False
nuscenes_mini,0d6668bcb0644bbaaee81c17cc308845,pedestrian,1.0,10.96,A,0.1042,0.0864,0.017799999999999996,False
nuscenes_mini,0d6668bcb0644bbaaee81c17cc308845,pedestrian,1.0,8.78,A,0.1094,0.1481,-0.03870000000000001,False
nuscenes_mini,0d6668bcb0644bbaaee81c17cc308845,pedestrian,1.0,12.1,A,0.0,0.0864,-0.0864,False
nuscenes_mini,0d6668bcb0644bbaaee81c17cc308845,pedestrian,1.0,9.04,A,0.1786,0.1481,0.0305,False
nuscenes_mini,0d6668bcb0644bbaaee81c17cc308845,pedestrian,1.0,10.59,A,0.125,0.0864,0.038599999999999995,False
nuscenes_mini,0d6668bcb0644bbaaee81c17cc308845,car,0.9064327478408812,5.29,A,0.0969,0.1481,-0.05120000000000001,False
nuscenes_mini,0d6668bcb0644bbaaee81c17cc308845,pedestrian,1.0,3.69,A,0.85,0.1769,0.6731,True
nuscenes_mini,0d6668bcb0644bbaaee81c17cc308845,car,0.9179486632347108,4.99,A,0.5354,0.1769,0.3585,True
nuscenes_mini,abf3d91d3c28407e80e3334fe89c03cb,car,0.9179486632347108,15.89,B,0.0103,0.039599999999999996,-0.029299999999999996,False
nuscenes_mini,abf3d91d3c28407e80e3334fe89c03cb,car,0.8476190567016602,34.39,C,0.0,0.0,0.0,False
nuscenes_mini,abf3d91d3c28407e80e3334fe89c03cb,car,0.8128654956817627,33.09,C,0.0,0.0,0.0,False
nuscenes_mini,abf3d91d3c28407e80e3334fe89c03cb,pedestrian,1.0,24.27,B,0.0,0.0156,-0.0156,False
nuscenes_mini,abf3d91d3c28407e80e3334fe89c03cb,car,0.8128654956817627,21.48,B,0.0848,0.0156,0.0692,True
nuscenes_mini,abf3d91d3c28407e80e3334fe89c03cb,bus,0.941605806350708,25.49,B,0.0445,0.0027,0.0418,False
nuscenes_mini,abf3d91d3c28407e80e3334fe89c03cb,pedestrian,1.0,9.47,A,0.2444,0.1481,0.0963,True
nuscenes_mini,abf3d91d3c28407e80e3334fe89c03cb,pedestrian,1.0,9.44,A,0.1296,0.1481,-0.018500000000000016,False
nuscenes_mini,abf3d91d3c28407e80e3334fe89c03cb,pedestrian,1.0,8.77,A,0.1786,0.1481,0.0305,False
nuscenes_mini,abf3d91d3c28407e80e3334fe89c03cb,pedestrian,1.0,10.87,A,0.1333,0.0864,0.0469,False
nuscenes_mini,abf3d91d3c28407e80e3334fe89c03cb,pedestrian,1.0,8.97,A,0.1875,0.1481,0.03939999999999999,False
nuscenes_mini,abf3d91d3c28407e80e3334fe89c03cb,car,0.8632478713989258,5.56,A,0.0674,0.1481,-0.08070000000000001,False
nuscenes_mini,abf3d91d3c28407e80e3334fe89c03cb,pedestrian,1.0,17.72,B,0.0,0.039599999999999996,-0.039599999999999996,False
nuscenes_mini,abf3d91d3c28407e80e3334fe89c03cb,car,0.9375000596046448,8.95,A,0.3603,0.1481,0.2122,True
